{"_timestamp":1.7436958220051806e+09,"train_samples_per_second":15.399,"eval/loss":0.019726218655705452,"train/epoch":99.9872340425532,"eval/samples_per_second":32.729,"_wandb":{"runtime":48678},"train/learning_rate":3.842943919353914e-06,"total_flos":2.995993880669651e+18,"train_steps_per_second":0.119,"_runtime":48678.96353764,"eval/steps_per_second":1.026,"train/global_step":5800,"eval/runtime":42.8977,"train_loss":0.05259251890511348,"train/loss":0.0158,"_step":23,"train/grad_norm":1554.1478271484375,"train_runtime":48632.0894}