{
    "epoch": 99.9872340425532,
    "total_flos": 3.509243304902394e+18,
    "train_loss": 0.03189287654284773,
    "train_runtime": 53855.0853,
    "train_samples_per_second": 13.906,
    "train_steps_per_second": 0.108
}