{
    "pretrained": {
        "average_perplexity": 6.050259931711475,
        "std_dev": 0.032734555569036226
    },
    "finetuned": {
        "average_perplexity": 1.0216523294913267,
        "std_dev": 0.0017032074258759866
    },
    "delta": -5.0286076022201485,
    "relative_change": -83.1139101291087
}