{
    "pretrained": 701.4474752753615,
    "finetuned": 9.416493258983396,
    "delta": -692.0309820163781,
    "relative_change": -98.6575625986412
}