{"train/global_step":10,"_wandb":{"runtime":13},"train_samples_per_second":85.866,"train/epoch":10,"_timestamp":1.7410340742526896e+09,"train_runtime":11.0637,"train_loss":2.2840776443481445,"_runtime":12.876428648,"_step":0,"train_steps_per_second":0.904,"total_flos":4.38726934548e+13}