seq_id	cluster_id	split
WP_101624527	WP_101624527	val
WP_116318379	WP_116318379	test
WP_317922145	WP_116318379	test
WP_343214340	WP_343214340	val
WP_477866772	WP_477866772	train
WP_277187013	WP_277187013	test
WP_113438899	WP_113438899	val
WP_113443164	WP_113438899	val
WP_286658988	WP_286658988	val
WP_369794712	WP_369794712	test
WP_114009317	WP_114009317	train
WP_138147407	WP_114009317	train
WP_442219001	WP_442219001	test
WP_072339317	WP_072339317	val
WP_483528346	WP_483528346	test
WP_142252504	WP_142252504	train
WP_100178276	WP_142252504	train
WP_061501925	WP_061501925	val
WP_121095877	WP_121095877	val
WP_200686919	WP_200686919	test
WP_106159076	WP_106159076	val
WP_437421977	WP_437421977	val
WP_243606943	WP_437421977	val
WP_128253387	WP_128253387	train
WP_335661780	WP_335661780	test
WP_292950806	WP_335661780	test
WP_136805975	WP_136805975	train
WP_292932693	WP_292932693	test
WP_167686975	WP_167686975	train
WP_415465776	WP_415465776	train
WP_237954464	WP_415465776	train
WP_415505710	WP_415465776	train
WP_271115817	WP_271115817	test
WP_286295978	WP_286295978	train
WP_263007928	WP_286295978	train
WP_115734013	WP_286295978	train
WP_114686817	WP_114686817	train
WP_207141660	WP_207141660	test
WP_053146169	WP_053146169	val
WP_123636067	WP_123636067	test
WP_203143741	WP_123636067	test
WP_106205673	WP_106205673	train
WP_048435804	WP_048435804	train
WP_223799410	WP_223799410	train
WP_139077744	WP_139077744	train
WP_292547112	WP_292547112	train
WP_473625692	WP_292547112	train
WP_287316929	WP_292547112	train
WP_091591915	WP_292547112	train
WP_473644210	WP_292547112	train
WP_287139956	WP_292547112	train
WP_287254546	WP_292547112	train
WP_287213894	WP_292547112	train
WP_254017680	WP_292547112	train
WP_473494597	WP_292547112	train
WP_254024730	WP_292547112	train
WP_287175728	WP_292547112	train
WP_287072000	WP_292547112	train
WP_077375745	WP_292547112	train
WP_473747823	WP_292547112	train
WP_473482022	WP_292547112	train
WP_128174802	WP_292547112	train
WP_287175163	WP_292547112	train
WP_236370824	WP_292547112	train
WP_287055244	WP_292547112	train
WP_287120265	WP_292547112	train
WP_287235914	WP_292547112	train
WP_473548255	WP_292547112	train
WP_473610172	WP_292547112	train
WP_123146041	WP_292547112	train
WP_103950162	WP_103950162	train
WP_285146279	WP_103950162	train
WP_282494054	WP_103950162	train
WP_285157746	WP_103950162	train
WP_285155047	WP_103950162	train
WP_285151062	WP_103950162	train
WP_202674920	WP_103950162	train
WP_103947843	WP_103950162	train
WP_123709482	WP_123709482	train
WP_367980002	WP_123709482	train
WP_045853750	WP_123709482	train
WP_404680973	WP_123709482	train
WP_133600256	WP_123709482	train
WP_241722555	WP_123709482	train
WP_159871591	WP_123709482	train
WP_375215620	WP_123709482	train
WP_095102407	WP_123709482	train
WP_148251290	WP_123709482	train
WP_421672999	WP_123709482	train
WP_234579270	WP_123709482	train
WP_367975787	WP_123709482	train
WP_167690991	WP_123709482	train
WP_132729129	WP_123709482	train
WP_426813698	WP_123709482	train
WP_041143327	WP_123709482	train
WP_331839302	WP_123709482	train
WP_128876851	WP_123709482	train
WP_421637094	WP_421637094	train
WP_086533052	WP_421637094	train
WP_014167963	WP_421637094	train
WP_196356173	WP_421637094	train
WP_410392949	WP_421637094	train
WP_079231551	WP_421637094	train
WP_063214941	WP_421637094	train
WP_333098540	WP_421637094	train
WP_410377718	WP_421637094	train
WP_431075770	WP_421637094	train
WP_447857667	WP_421637094	train
WP_148576835	WP_421637094	train
WP_032680045	WP_421637094	train
WP_333193416	WP_421637094	train
WP_252070167	WP_421637094	train
WP_106503587	WP_421637094	train
WP_251884866	WP_421637094	train
WP_020882749	WP_421637094	train
WP_342864717	WP_421637094	train
WP_207968563	WP_421637094	train
WP_068795365	WP_421637094	train
WP_429862664	WP_421637094	train
WP_410395501	WP_421637094	train
WP_150343632	WP_421637094	train
WP_309951812	WP_421637094	train
WP_279257925	WP_421637094	train
WP_410378614	WP_421637094	train
WP_422714494	WP_421637094	train
WP_480042216	WP_480042216	train
WP_032425341	WP_480042216	train
WP_080784236	WP_480042216	train
WP_325081868	WP_480042216	train
WP_285214189	WP_480042216	train
WP_004151527	WP_480042216	train
WP_270104413	WP_480042216	train
WP_229297738	WP_480042216	train
WP_410139161	WP_480042216	train
WP_348852930	WP_480042216	train
WP_065762249	WP_480042216	train
WP_111531297	WP_480042216	train
WP_126000444	WP_480042216	train
WP_047078166	WP_480042216	train
WP_133318534	WP_480042216	train
WP_151584141	WP_480042216	train
WP_310972107	WP_480042216	train
WP_200111533	WP_480042216	train
WP_430998956	WP_480042216	train
WP_064177434	WP_480042216	train
WP_480127315	WP_480042216	train
WP_087874841	WP_480042216	train
WP_072421447	WP_480042216	train
WP_126028560	WP_480042216	train
WP_216502452	WP_480042216	train
WP_065801096	WP_480042216	train
WP_221018616	WP_480042216	train
WP_481270079	WP_480042216	train
WP_274921315	WP_480042216	train
WP_229982421	WP_480042216	train
WP_049059247	WP_480042216	train
WP_259925713	WP_480042216	train
WP_221396299	WP_480042216	train
WP_286129932	WP_480042216	train
WP_233943716	WP_480042216	train
WP_117080775	WP_480042216	train
WP_447542529	WP_480042216	train
WP_252919238	WP_480042216	train
WP_248756188	WP_480042216	train
WP_350427614	WP_480042216	train
WP_040173414	WP_480042216	train
WP_285203620	WP_480042216	train
WP_047080118	WP_480042216	train
WP_279914757	WP_480042216	train
WP_048269619	WP_480042216	train
WP_171789290	WP_480042216	train
WP_032439070	WP_480042216	train
WP_082229132	WP_480042216	train
WP_141490070	WP_480042216	train
WP_480089746	WP_480042216	train
WP_416266093	WP_480042216	train
WP_480102527	WP_480042216	train
WP_064152021	WP_480042216	train
WP_115197231	WP_480042216	train
WP_121567907	WP_480042216	train
WP_151498571	WP_480042216	train
WP_087828001	WP_480042216	train
WP_047054195	WP_480042216	train
WP_335886133	WP_480042216	train
WP_343461473	WP_480042216	train
WP_325917317	WP_480042216	train
WP_480137470	WP_480042216	train
WP_032715356	WP_480042216	train
WP_308061540	WP_480042216	train
WP_256799919	WP_480042216	train
WP_218789931	WP_480042216	train
WP_108432876	WP_480042216	train
WP_214163750	WP_480042216	train
WP_369072065	WP_480042216	train
WP_117009338	WP_480042216	train
WP_045389032	WP_480042216	train
WP_064147242	WP_480042216	train
WP_148405325	WP_480042216	train
WP_369781247	WP_480042216	train
WP_096813146	WP_480042216	train
WP_427371509	WP_480042216	train
WP_267678960	WP_480042216	train
WP_049053713	WP_480042216	train
WP_147047446	WP_480042216	train
WP_163312521	WP_480042216	train
WP_254242499	WP_480042216	train
WP_029884215	WP_480042216	train
WP_223065554	WP_480042216	train
WP_248221316	WP_480042216	train
WP_102085838	WP_480042216	train
WP_126033524	WP_480042216	train
WP_159185988	WP_480042216	train
WP_484494733	WP_480042216	train
WP_285284284	WP_480042216	train
WP_062920363	WP_480042216	train
WP_004181595	WP_480042216	train
WP_429914484	WP_480042216	train
WP_320944616	WP_480042216	train
WP_117101553	WP_480042216	train
WP_334262271	WP_480042216	train
WP_480088404	WP_480042216	train
WP_448064209	WP_480042216	train
WP_171483847	WP_480042216	train
WP_438344203	WP_480042216	train
WP_038992262	WP_480042216	train
WP_130951007	WP_480042216	train
WP_316424949	WP_480042216	train
WP_045378096	WP_480042216	train
WP_047037686	WP_480042216	train
WP_277457884	WP_480042216	train
WP_142485707	WP_480042216	train
WP_213709787	WP_480042216	train
WP_481269082	WP_480042216	train
WP_374014433	WP_480042216	train
WP_234246258	WP_480042216	train
WP_049056643	WP_480042216	train
WP_023279349	WP_480042216	train
WP_462612954	WP_480042216	train
WP_117250051	WP_480042216	train
WP_480036112	WP_480042216	train
WP_015369041	WP_480042216	train
WP_270959101	WP_480042216	train
WP_342148630	WP_480042216	train
WP_213794856	WP_480042216	train
WP_048993966	WP_480042216	train
WP_021465594	WP_480042216	train
WP_069339418	WP_480042216	train
WP_416266310	WP_480042216	train
WP_180350444	WP_480042216	train
WP_260836976	WP_480042216	train
WP_213317675	WP_480042216	train
WP_417645935	WP_480042216	train
WP_094487830	WP_480042216	train
WP_101982774	WP_480042216	train
WP_087847658	WP_480042216	train
WP_064188369	WP_480042216	train
WP_032417695	WP_480042216	train
WP_087858877	WP_480042216	train
WP_320480563	WP_480042216	train
WP_156727192	WP_480042216	train
WP_004173849	WP_480042216	train
WP_126478459	WP_480042216	train
WP_192452278	WP_480042216	train
WP_117681823	WP_480042216	train
WP_110197472	WP_480042216	train
WP_480078244	WP_480042216	train
WP_045367071	WP_480042216	train
WP_267984927	WP_480042216	train
WP_447144731	WP_480042216	train
WP_004145082	WP_480042216	train
WP_004187992	WP_480042216	train
WP_227366742	WP_480042216	train
WP_261901938	WP_480042216	train
WP_375030296	WP_480042216	train
WP_101979856	WP_480042216	train
WP_032418241	WP_480042216	train
WP_274763894	WP_480042216	train
WP_032434461	WP_480042216	train
WP_420532230	WP_480042216	train
WP_437789069	WP_480042216	train
WP_271032429	WP_480042216	train
WP_440309340	WP_480042216	train
WP_085551802	WP_480042216	train
WP_065804549	WP_480042216	train
WP_309319793	WP_480042216	train
WP_180864146	WP_480042216	train
WP_408942121	WP_480042216	train
WP_472670470	WP_480042216	train
WP_427181966	WP_480042216	train
WP_336404563	WP_480042216	train
WP_114263846	WP_480042216	train
WP_404551726	WP_480042216	train
WP_320896316	WP_480042216	train
WP_032454429	WP_480042216	train
WP_117256726	WP_480042216	train
WP_430918427	WP_480042216	train
WP_116973155	WP_480042216	train
WP_213708304	WP_480042216	train
WP_159300512	WP_480042216	train
WP_217046156	WP_480042216	train
WP_075394478	WP_480042216	train
WP_016530020	WP_480042216	train
WP_334080235	WP_480042216	train
WP_117132081	WP_480042216	train
WP_047058293	WP_480042216	train
WP_130972916	WP_480042216	train
WP_480122333	WP_480042216	train
WP_241462886	WP_480042216	train
WP_142927075	WP_480042216	train
WP_064165280	WP_480042216	train
WP_040188844	WP_480042216	train
WP_460211065	WP_480042216	train
WP_026612190	WP_480042216	train
WP_316553909	WP_480042216	train
WP_171883185	WP_480042216	train
WP_047046148	WP_480042216	train
WP_326398449	WP_480042216	train
WP_049046811	WP_480042216	train
WP_099718724	WP_480042216	train
WP_040164570	WP_480042216	train
WP_048266079	WP_480042216	train
WP_048269835	WP_480042216	train
WP_129304579	WP_480042216	train
WP_109232155	WP_480042216	train
WP_341819151	WP_480042216	train
WP_480046896	WP_480042216	train
WP_129769467	WP_480042216	train
WP_284130225	WP_480042216	train
WP_015703895	WP_480042216	train
WP_130953066	WP_480042216	train
WP_243811733	WP_480042216	train
WP_117084207	WP_480042216	train
WP_193491095	WP_480042216	train
WP_102099119	WP_480042216	train
WP_117129486	WP_480042216	train
WP_042937009	WP_480042216	train
WP_473806213	WP_480042216	train
WP_152841947	WP_480042216	train
WP_263035489	WP_480042216	train
WP_239593435	WP_480042216	train
WP_117113554	WP_480042216	train
WP_423132454	WP_480042216	train
WP_454104415	WP_480042216	train
WP_044525097	WP_480042216	train
WP_423979114	WP_480042216	train
WP_094353833	WP_480042216	train
WP_017899661	WP_480042216	train
WP_080815742	WP_480042216	train
WP_427385972	WP_480042216	train
WP_117136914	WP_480042216	train
WP_045395958	WP_480042216	train
WP_047740210	WP_480042216	train
WP_289435639	WP_480042216	train
WP_267694838	WP_480042216	train
WP_349460159	WP_480042216	train
WP_274916738	WP_480042216	train
WP_117111913	WP_480042216	train
WP_406914214	WP_480042216	train
WP_071557199	WP_480042216	train
WP_254242724	WP_480042216	train
WP_114265474	WP_480042216	train
WP_217962294	WP_480042216	train
WP_315711970	WP_480042216	train
WP_420533738	WP_480042216	train
WP_480106746	WP_480042216	train
WP_110232542	WP_480042216	train
WP_436922251	WP_480042216	train
WP_447338351	WP_480042216	train
WP_192950059	WP_480042216	train
WP_223325995	WP_480042216	train
WP_440722489	WP_480042216	train
WP_480132721	WP_480042216	train
WP_395554329	WP_480042216	train
WP_255073692	WP_480042216	train
WP_031590448	WP_480042216	train
WP_416719819	WP_416719819	train
WP_223561939	WP_416719819	train
WP_103793430	WP_416719819	train
WP_343648827	WP_416719819	train
WP_156237401	WP_416719819	train
WP_218308924	WP_416719819	train
WP_267217680	WP_416719819	train
WP_166709588	WP_416719819	train
WP_242174265	WP_416719819	train
WP_152082806	WP_416719819	train
WP_471778857	WP_416719819	train
WP_196367193	WP_416719819	train
WP_371190138	WP_416719819	train
WP_032635239	WP_416719819	train
WP_077226437	WP_416719819	train
WP_151412287	WP_416719819	train
WP_348579732	WP_416719819	train
WP_458593010	WP_416719819	train
WP_193541052	WP_416719819	train
WP_447854856	WP_416719819	train
WP_166180999	WP_416719819	train
WP_095441467	WP_416719819	train
WP_202774581	WP_416719819	train
WP_302224884	WP_416719819	train
WP_440668797	WP_416719819	train
WP_202771816	WP_416719819	train
WP_119916720	WP_416719819	train
WP_039032242	WP_416719819	train
WP_335245538	WP_416719819	train
WP_347485902	WP_416719819	train
WP_256460345	WP_416719819	train
WP_063957987	WP_416719819	train
WP_248188466	WP_416719819	train
WP_214594878	WP_416719819	train
WP_225287383	WP_416719819	train
WP_473212007	WP_416719819	train
WP_395313475	WP_416719819	train
WP_458680227	WP_416719819	train
WP_014881910	WP_416719819	train
WP_114385471	WP_416719819	train
WP_445234731	WP_416719819	train
WP_479981406	WP_416719819	train
WP_290094217	WP_416719819	train
WP_042714333	WP_416719819	train
WP_454532671	WP_416719819	train
WP_253179367	WP_416719819	train
WP_248097313	WP_416719819	train
WP_041911729	WP_416719819	train
WP_193066923	WP_416719819	train
WP_063431020	WP_416719819	train
WP_193355447	WP_416719819	train
WP_063862043	WP_416719819	train
WP_237425268	WP_416719819	train
WP_336221893	WP_416719819	train
WP_369604696	WP_416719819	train
WP_248162892	WP_416719819	train
WP_473330061	WP_416719819	train
WP_125387082	WP_416719819	train
WP_484082102	WP_416719819	train
WP_133550768	WP_416719819	train
WP_116343649	WP_416719819	train
WP_417932506	WP_416719819	train
WP_256026703	WP_416719819	train
WP_063145115	WP_416719819	train
WP_370732780	WP_416719819	train
WP_326431666	WP_416719819	train
WP_262662162	WP_416719819	train
WP_025756975	WP_416719819	train
WP_421511279	WP_416719819	train
WP_278436279	WP_416719819	train
WP_333111988	WP_416719819	train
WP_125915008	WP_416719819	train
WP_301512477	WP_416719819	train
WP_194401470	WP_416719819	train
WP_126797244	WP_416719819	train
WP_214606099	WP_416719819	train
WP_028014939	WP_416719819	train
WP_224066113	WP_416719819	train
WP_047347429	WP_416719819	train
WP_094166632	WP_416719819	train
WP_273960906	WP_416719819	train
WP_248228970	WP_416719819	train
WP_218727932	WP_416719819	train
WP_109845944	WP_416719819	train
WP_312079136	WP_416719819	train
WP_420255637	WP_416719819	train
WP_296221976	WP_416719819	train
WP_252002700	WP_416719819	train
WP_447741828	WP_416719819	train
WP_336666767	WP_416719819	train
WP_484826175	WP_416719819	train
WP_045260844	WP_416719819	train
WP_371899810	WP_416719819	train
WP_238459293	WP_416719819	train
WP_048957702	WP_416719819	train
WP_217479325	WP_416719819	train
WP_333065943	WP_416719819	train
WP_237845211	WP_416719819	train
WP_267215348	WP_416719819	train
WP_061096712	WP_416719819	train
WP_212474363	WP_416719819	train
WP_159340381	WP_416719819	train
WP_312345438	WP_416719819	train
WP_205916102	WP_416719819	train
WP_032648565	WP_416719819	train
WP_443350565	WP_416719819	train
WP_266179429	WP_416719819	train
WP_233003456	WP_416719819	train
WP_248093493	WP_416719819	train
WP_047957399	WP_416719819	train
WP_347114778	WP_416719819	train
WP_420277602	WP_416719819	train
WP_047646756	WP_416719819	train
WP_447205573	WP_416719819	train
WP_119936458	WP_416719819	train
WP_059311586	WP_416719819	train
WP_225759910	WP_416719819	train
WP_479434800	WP_416719819	train
WP_117386659	WP_416719819	train
WP_221553104	WP_416719819	train
WP_333017641	WP_416719819	train
WP_312999348	WP_416719819	train
WP_155030479	WP_416719819	train
WP_337281127	WP_416719819	train
WP_259566762	WP_416719819	train
WP_280713630	WP_416719819	train
WP_059347378	WP_416719819	train
WP_407598654	WP_416719819	train
WP_236307423	WP_416719819	train
WP_407820895	WP_416719819	train
WP_219358006	WP_416719819	train
WP_458045131	WP_416719819	train
WP_337017996	WP_416719819	train
WP_420985506	WP_416719819	train
WP_080329757	WP_416719819	train
WP_429055167	WP_416719819	train
WP_370884587	WP_416719819	train
WP_431625233	WP_416719819	train
WP_483544290	WP_416719819	train
WP_215723137	WP_416719819	train
WP_276851288	WP_416719819	train
WP_479979583	WP_416719819	train
WP_427353588	WP_416719819	train
WP_029741439	WP_416719819	train
WP_249488245	WP_416719819	train
WP_192978544	WP_416719819	train
WP_338235049	WP_416719819	train
WP_047173138	WP_416719819	train
WP_165466470	WP_416719819	train
WP_303569502	WP_416719819	train
WP_456158172	WP_416719819	train
WP_023331669	WP_416719819	train
WP_176609131	WP_416719819	train
WP_267590470	WP_416719819	train
WP_447615161	WP_416719819	train
WP_260660038	WP_416719819	train
WP_063437524	WP_416719819	train
WP_139563889	WP_416719819	train
WP_391488743	WP_416719819	train
WP_134866982	WP_416719819	train
WP_448669849	WP_416719819	train
WP_320710356	WP_416719819	train
WP_023309811	WP_416719819	train
WP_333852546	WP_416719819	train
WP_248235136	WP_416719819	train
WP_165718494	WP_416719819	train
WP_265195251	WP_416719819	train
WP_458728286	WP_416719819	train
WP_325760662	WP_416719819	train
WP_121932548	WP_416719819	train
WP_446490221	WP_416719819	train
WP_045354644	WP_416719819	train
WP_063440107	WP_416719819	train
WP_325848799	WP_416719819	train
WP_047743279	WP_416719819	train
WP_325814536	WP_416719819	train
WP_059445893	WP_416719819	train
WP_241178354	WP_416719819	train
WP_252047468	WP_416719819	train
WP_133293461	WP_416719819	train
WP_323619865	WP_416719819	train
WP_064673026	WP_416719819	train
WP_143344450	WP_416719819	train
WP_471726547	WP_416719819	train
WP_136195851	WP_416719819	train
WP_126303959	WP_416719819	train
WP_193805387	WP_416719819	train
WP_108417244	WP_416719819	train
WP_213751755	WP_416719819	train
WP_248184954	WP_416719819	train
WP_045400451	WP_416719819	train
WP_475683977	WP_416719819	train
WP_126545772	WP_416719819	train
WP_331413958	WP_416719819	train
WP_001198745	WP_001198745	train
WP_001198743	WP_001198745	train
WP_114707894	WP_001198745	train
WP_374753760	WP_001198745	train
WP_001198746	WP_001198745	train
WP_001198739	WP_001198745	train
WP_136057875	WP_001198745	train
WP_127173257	WP_001198745	train
WP_079801670	WP_001198745	train
WP_409161912	WP_001198745	train
WP_088729847	WP_001198745	train
WP_076737536	WP_001198745	train
WP_119905893	WP_001198745	train
WP_001198748	WP_001198745	train
WP_001198740	WP_001198745	train
WP_080190878	WP_001198745	train
WP_024792540	WP_001198745	train
WP_138020441	WP_001198745	train
WP_198081456	WP_001198745	train
WP_001589922	WP_001198745	train
WP_476657570	WP_001198745	train
WP_031605941	WP_001198745	train
WP_080069337	WP_001198745	train
WP_272710841	WP_001198745	train
WP_079962223	WP_001198745	train
WP_080197851	WP_001198745	train
WP_154807232	WP_001198745	train
WP_097173219	WP_001198745	train
WP_208285388	WP_001198745	train
WP_438321141	WP_001198745	train
WP_080079434	WP_001198745	train
WP_001661475	WP_001198745	train
WP_080071140	WP_001198745	train
WP_023218436	WP_001198745	train
WP_052906914	WP_001198745	train
WP_001636174	WP_001198745	train
WP_437159717	WP_001198745	train
WP_486407758	WP_001198745	train
WP_058111273	WP_001198745	train
WP_001675587	WP_001198745	train
WP_156010370	WP_001198745	train
WP_001198747	WP_001198745	train
WP_001198741	WP_001198745	train
WP_001198749	WP_001198745	train
WP_303079032	WP_001198745	train
WP_023234307	WP_001198745	train
WP_281766863	WP_001198745	train
WP_001198744	WP_001198745	train
WP_058113723	WP_001198745	train
WP_136158719	WP_001198745	train
WP_053529106	WP_001198745	train
WP_097366897	WP_001198745	train
WP_088758373	WP_001198745	train
WP_082328088	WP_001198745	train
WP_367834817	WP_001198745	train
WP_023227882	WP_001198745	train
WP_023219917	WP_001198745	train
WP_252299099	WP_001198745	train
WP_437154692	WP_001198745	train
WP_079971095	WP_001198745	train
WP_070803065	WP_001198745	train
WP_373444486	WP_001198745	train
WP_462985582	WP_001198745	train
WP_410987677	WP_001198745	train
WP_023209027	WP_001198745	train
WP_080225102	WP_001198745	train
WP_076937710	WP_001198745	train
WP_475297191	WP_001198745	train
WP_109273497	WP_001198745	train
WP_079787748	WP_001198745	train
WP_080246803	WP_001198745	train
WP_409528708	WP_001198745	train
WP_137075818	WP_001198745	train
WP_046094735	WP_001198745	train
WP_079791041	WP_001198745	train
WP_426464605	WP_001198745	train
WP_079809332	WP_001198745	train
WP_116525663	WP_001198745	train
WP_080231556	WP_001198745	train
WP_261781005	WP_001198745	train
WP_200050247	WP_001198745	train
WP_167650159	WP_001198745	train
WP_114043338	WP_001198745	train
WP_262946939	WP_001198745	train
WP_183046465	WP_001198745	train
WP_097359704	WP_001198745	train
WP_047606954	WP_001198745	train
WP_020838436	WP_001198745	train
WP_079969334	WP_001198745	train
WP_001198742	WP_001198745	train
WP_079902288	WP_001198745	train
WP_165882297	WP_001198745	train
WP_079975285	WP_001198745	train
WP_109219317	WP_001198745	train
WP_272707745	WP_001198745	train
WP_007729367	WP_007729367	train
WP_105651539	WP_007729367	train
WP_053531654	WP_007729367	train
WP_171997630	WP_007729367	train
WP_038875724	WP_007729367	train
WP_105663818	WP_007729367	train
WP_161573712	WP_007729367	train
WP_105739786	WP_007729367	train
WP_038866308	WP_007729367	train
WP_316351922	WP_007729367	train
WP_105655756	WP_007729367	train
WP_161581077	WP_007729367	train
WP_105660645	WP_007729367	train
WP_105631786	WP_007729367	train
WP_105638382	WP_007729367	train
WP_007754218	WP_007729367	train
WP_282986284	WP_007729367	train
WP_075192934	WP_007729367	train
WP_282977816	WP_007729367	train
WP_105667031	WP_007729367	train
WP_105680415	WP_007729367	train
WP_395585043	WP_007729367	train
WP_146379339	WP_146379339	train
WP_161583072	WP_146379339	train
WP_087600878	WP_146379339	train
WP_054624930	WP_146379339	train
WP_105624549	WP_146379339	train
WP_105540368	WP_146379339	train
WP_282831907	WP_146379339	train
WP_004385992	WP_146379339	train
WP_007765847	WP_146379339	train
WP_109996454	WP_146379339	train
WP_007779712	WP_146379339	train
WP_104671802	WP_146379339	train
WP_097584135	WP_146379339	train
WP_007891104	WP_146379339	train
WP_283008958	WP_146379339	train
WP_325764167	WP_146379339	train
WP_007872305	WP_146379339	train
WP_105580308	WP_146379339	train
WP_032988540	WP_146379339	train
WP_105575432	WP_146379339	train
WP_105601931	WP_146379339	train
WP_104659071	WP_146379339	train
WP_104673268	WP_146379339	train
WP_454038768	WP_146379339	train
WP_209641286	WP_146379339	train
WP_105608717	WP_146379339	train
WP_312604217	WP_146379339	train
WP_105574060	WP_146379339	train
WP_075199347	WP_146379339	train
WP_032970359	WP_146379339	train
WP_322546666	WP_146379339	train
WP_085661924	WP_146379339	train
WP_080321926	WP_146379339	train
WP_175568221	WP_146379339	train
WP_426384494	WP_146379339	train
WP_012814735	WP_146379339	train
WP_432736502	WP_146379339	train
WP_312614825	WP_146379339	train
WP_105581493	WP_146379339	train
WP_194564957	WP_146379339	train
WP_105746442	WP_146379339	train
WP_105537605	WP_146379339	train
WP_014729923	WP_146379339	train
WP_105606315	WP_146379339	train
WP_166491386	WP_146379339	train
WP_115080054	WP_146379339	train
WP_312577547	WP_146379339	train
WP_104676196	WP_146379339	train
WP_097640766	WP_146379339	train
WP_097564198	WP_146379339	train
WP_283985296	WP_146379339	train
WP_012126177	WP_146379339	train
WP_007703768	WP_146379339	train
WP_097650232	WP_146379339	train
WP_165156477	WP_146379339	train
WP_161575047	WP_146379339	train
WP_105884692	WP_146379339	train
WP_069683170	WP_146379339	train
WP_105561543	WP_146379339	train
WP_105944628	WP_146379339	train
WP_072125848	WP_072125848	train
WP_129675493	WP_072125848	train
WP_368842738	WP_072125848	train
WP_251355031	WP_072125848	train
WP_061154174	WP_072125848	train
WP_232684649	WP_072125848	train
WP_049163304	WP_072125848	train
WP_087731088	WP_072125848	train
WP_411312196	WP_072125848	train
WP_448703223	WP_072125848	train
WP_232687778	WP_072125848	train
WP_150342033	WP_072125848	train
WP_395280026	WP_072125848	train
WP_110184953	WP_072125848	train
WP_407257066	WP_072125848	train
WP_313681792	WP_072125848	train
WP_434152862	WP_072125848	train
WP_373856670	WP_072125848	train
WP_316951879	WP_072125848	train
WP_088717055	WP_072125848	train
WP_070612253	WP_072125848	train
WP_259614970	WP_072125848	train
WP_117144814	WP_072125848	train
WP_373629803	WP_072125848	train
WP_077139302	WP_072125848	train
WP_110199354	WP_072125848	train
WP_236948810	WP_072125848	train
WP_179153769	WP_072125848	train
WP_136086597	WP_072125848	train
WP_012541313	WP_072125848	train
WP_335261729	WP_072125848	train
WP_100681136	WP_072125848	train
WP_281080760	WP_072125848	train
WP_139560689	WP_072125848	train
WP_136030292	WP_072125848	train
WP_080930231	WP_072125848	train
WP_110216418	WP_072125848	train
WP_095032995	WP_072125848	train
WP_112883822	WP_072125848	train
WP_334070959	WP_072125848	train
WP_012967806	WP_072125848	train
WP_016161351	WP_072125848	train
WP_008804353	WP_072125848	train
WP_281075875	WP_072125848	train
WP_186980424	WP_072125848	train
WP_447337648	WP_072125848	train
WP_110192873	WP_072125848	train
WP_374171052	WP_072125848	train
WP_023340379	WP_072125848	train
WP_203034014	WP_072125848	train
WP_368286790	WP_072125848	train
WP_110220819	WP_072125848	train
WP_110223725	WP_072125848	train
WP_117126325	WP_072125848	train
WP_021553364	WP_021553364	train
WP_348800681	WP_021553364	train
WP_337282230	WP_021553364	train
WP_259075113	WP_021553364	train
WP_462183047	WP_021553364	train
WP_237184362	WP_021553364	train
WP_048786299	WP_048786299	train
WP_033790176	WP_048786299	train
WP_033747015	WP_048786299	train
WP_333620678	WP_048786299	train
WP_313588990	WP_048786299	train
WP_434125027	WP_048786299	train
WP_313119455	WP_048786299	train
WP_216492791	WP_048786299	train
WP_286873210	WP_048786299	train
WP_199016688	WP_199016688	test
WP_039308092	WP_039308092	train
WP_205537725	WP_039308092	train
WP_095993313	WP_039308092	train
WP_174877003	WP_039308092	train
WP_174871435	WP_039308092	train
WP_040035632	WP_039308092	train
WP_039508229	WP_039308092	train
WP_400437057	WP_039308092	train
WP_205539698	WP_039308092	train
WP_400362182	WP_039308092	train
WP_101781918	WP_039308092	train
WP_261847412	WP_039308092	train
WP_336674781	WP_039308092	train
WP_039485186	WP_039308092	train
WP_180742988	WP_039308092	train
WP_109225843	WP_039308092	train
WP_433993148	WP_039308092	train
WP_205531378	WP_039308092	train
WP_012821883	WP_039308092	train
WP_192990763	WP_039308092	train
WP_400338331	WP_039308092	train
WP_226307784	WP_039308092	train
WP_095701017	WP_039308092	train
WP_420064390	WP_039308092	train
WP_116164505	WP_039308092	train
WP_249684038	WP_039308092	train
WP_127031872	WP_039308092	train
WP_336856768	WP_039308092	train
WP_024108529	WP_039308092	train
WP_174869023	WP_039308092	train
WP_010281152	WP_039308092	train
WP_193400319	WP_039308092	train
WP_240584187	WP_039308092	train
WP_233972207	WP_039308092	train
WP_182813783	WP_039308092	train
WP_483280215	WP_039308092	train
WP_111778603	WP_039308092	train
WP_252617947	WP_039308092	train
WP_268580755	WP_039308092	train
WP_205593746	WP_039308092	train
WP_242753066	WP_039308092	train
WP_433971018	WP_039308092	train
WP_445498955	WP_039308092	train
WP_103862383	WP_039308092	train
WP_205556825	WP_039308092	train
WP_400310793	WP_039308092	train
WP_113627127	WP_039308092	train
WP_400350680	WP_039308092	train
WP_400359030	WP_039308092	train
WP_039281452	WP_039308092	train
WP_277516214	WP_039308092	train
WP_336870183	WP_039308092	train
WP_011095876	WP_039308092	train
WP_174866781	WP_039308092	train
WP_349883975	WP_039308092	train
WP_102117947	WP_039308092	train
WP_233967665	WP_039308092	train
WP_024105210	WP_039308092	train
WP_119889369	WP_039308092	train
WP_248465207	WP_039308092	train
WP_109412150	WP_039308092	train
WP_205592105	WP_039308092	train
WP_233990902	WP_039308092	train
WP_400355036	WP_039308092	train
WP_005976721	WP_039308092	train
WP_400276891	WP_039308092	train
WP_205549251	WP_039308092	train
WP_193401847	WP_039308092	train
WP_039294435	WP_039308092	train
WP_039326030	WP_039308092	train
WP_119261762	WP_119261762	train
WP_223510180	WP_119261762	train
WP_129990870	WP_119261762	train
WP_217216670	WP_119261762	train
WP_112198478	WP_119261762	train
WP_217137954	WP_119261762	train
WP_454843524	WP_119261762	train
WP_013575996	WP_119261762	train
WP_217157422	WP_119261762	train
WP_037034565	WP_119261762	train
WP_166860474	WP_119261762	train
WP_121019197	WP_119261762	train
WP_129951010	WP_119261762	train
WP_462062172	WP_462062172	train
WP_483816500	WP_462062172	train
WP_049852395	WP_462062172	train
WP_277977815	WP_462062172	train
WP_343553093	WP_462062172	train
WP_222235013	WP_462062172	train
WP_313375937	WP_462062172	train
WP_265301416	WP_462062172	train
WP_137384827	WP_462062172	train
WP_436362382	WP_462062172	train
WP_045833469	WP_462062172	train
WP_258144238	WP_462062172	train
WP_256697907	WP_462062172	train
WP_160833307	WP_462062172	train
WP_038643945	WP_462062172	train
WP_100701596	WP_462062172	train
WP_034829997	WP_462062172	train
WP_130832973	WP_462062172	train
WP_455845085	WP_462062172	train
WP_479490349	WP_462062172	train
WP_200573993	WP_462062172	train
WP_312664369	WP_462062172	train
WP_476150643	WP_462062172	train
WP_061719996	WP_462062172	train
WP_336768786	WP_462062172	train
WP_084932870	WP_462062172	train
WP_436380596	WP_462062172	train
WP_167141022	WP_462062172	train
WP_224933659	WP_462062172	train
WP_008105289	WP_462062172	train
WP_455851800	WP_462062172	train
WP_336778543	WP_462062172	train
WP_007893533	WP_462062172	train
WP_211728894	WP_462062172	train
WP_154156948	WP_462062172	train
WP_097095481	WP_462062172	train
WP_345827624	WP_462062172	train
WP_218521937	WP_218521937	train
WP_410149728	WP_218521937	train
WP_195814961	WP_218521937	train
WP_104923861	WP_218521937	train
WP_094111682	WP_094111682	train
WP_412159216	WP_094111682	train
WP_484557113	WP_094111682	train
WP_065647876	WP_094111682	train
WP_039381515	WP_094111682	train
WP_108570074	WP_094111682	train
WP_150017812	WP_094111682	train
WP_283341345	WP_094111682	train
WP_071668247	WP_094111682	train
WP_059010260	WP_059010260	train
WP_136546220	WP_059010260	train
WP_215786887	WP_059010260	train
WP_058770732	WP_059010260	train
WP_166712409	WP_059010260	train
WP_411672705	WP_059010260	train
WP_264441837	WP_059010260	train
WP_215480716	WP_059010260	train
WP_325971064	WP_059010260	train
WP_127833467	WP_059010260	train
WP_211727255	WP_059010260	train
WP_021506907	WP_059010260	train
WP_264250073	WP_059010260	train
WP_125310364	WP_059010260	train
WP_330520599	WP_330520599	train
WP_319605030	WP_330520599	train
WP_058973177	WP_058973177	train
WP_283228699	WP_058973177	train
WP_039332028	WP_058973177	train
WP_193406683	WP_193406683	test
WP_289775875	WP_193406683	test
WP_255068174	WP_255068174	train
WP_159200704	WP_255068174	train
WP_260224745	WP_255068174	train
WP_108978672	WP_255068174	train
WP_221396059	WP_255068174	train
WP_259906721	WP_255068174	train
WP_243205661	WP_255068174	train
WP_023313922	WP_255068174	train
WP_080851623	WP_255068174	train
WP_480083091	WP_255068174	train
WP_040215650	WP_255068174	train
WP_117407439	WP_255068174	train
WP_407259422	WP_255068174	train
WP_448063670	WP_255068174	train
WP_129772995	WP_255068174	train
WP_368291723	WP_255068174	train
WP_204745772	WP_255068174	train
WP_142675171	WP_255068174	train
WP_408883753	WP_255068174	train
WP_211575882	WP_255068174	train
WP_327031407	WP_255068174	train
WP_085803306	WP_255068174	train
WP_430887285	WP_255068174	train
WP_032413357	WP_255068174	train
WP_181241713	WP_255068174	train
WP_048337350	WP_255068174	train
WP_065901449	WP_255068174	train
WP_340047946	WP_255068174	train
WP_032446473	WP_255068174	train
WP_087794315	WP_255068174	train
WP_161206101	WP_255068174	train
WP_135664980	WP_255068174	train
WP_064161034	WP_255068174	train
WP_275345847	WP_255068174	train
WP_195770297	WP_255068174	train
WP_284126885	WP_255068174	train
WP_062921005	WP_255068174	train
WP_259493808	WP_255068174	train
WP_227665187	WP_255068174	train
WP_486515336	WP_255068174	train
WP_348853756	WP_255068174	train
WP_331393821	WP_255068174	train
WP_151548272	WP_255068174	train
WP_165470584	WP_255068174	train
WP_208384589	WP_255068174	train
WP_087798433	WP_255068174	train
WP_159175461	WP_255068174	train
WP_238637809	WP_255068174	train
WP_109963643	WP_255068174	train
WP_416263255	WP_255068174	train
WP_248959427	WP_255068174	train
WP_419109458	WP_255068174	train
WP_116953832	WP_255068174	train
WP_116773537	WP_255068174	train
WP_094819002	WP_255068174	train
WP_205318641	WP_255068174	train
WP_142984459	WP_255068174	train
WP_096904322	WP_255068174	train
WP_004894485	WP_255068174	train
WP_116984849	WP_255068174	train
WP_486514699	WP_255068174	train
WP_069376356	WP_255068174	train
WP_101967971	WP_255068174	train
WP_048990683	WP_255068174	train
WP_464415740	WP_255068174	train
WP_346815587	WP_255068174	train
WP_408942168	WP_255068174	train
WP_047694205	WP_255068174	train
WP_114130015	WP_255068174	train
WP_179382807	WP_255068174	train
WP_021441147	WP_255068174	train
WP_201510863	WP_255068174	train
WP_455349202	WP_255068174	train
WP_154707052	WP_255068174	train
WP_274788065	WP_255068174	train
WP_124036861	WP_255068174	train
WP_265437307	WP_255068174	train
WP_060612629	WP_255068174	train
WP_054622573	WP_255068174	train
WP_049185862	WP_255068174	train
WP_087728406	WP_255068174	train
WP_371025253	WP_255068174	train
WP_096924859	WP_255068174	train
WP_114415770	WP_255068174	train
WP_087804287	WP_255068174	train
WP_254735547	WP_255068174	train
WP_117076860	WP_255068174	train
WP_243440240	WP_255068174	train
WP_085281491	WP_255068174	train
WP_029884716	WP_255068174	train
WP_265926588	WP_255068174	train
WP_023317509	WP_255068174	train
WP_228367949	WP_255068174	train
WP_427156280	WP_255068174	train
WP_447314888	WP_255068174	train
WP_058343193	WP_255068174	train
WP_099451320	WP_255068174	train
WP_002887558	WP_255068174	train
WP_048271289	WP_255068174	train
WP_425759333	WP_255068174	train
WP_301736732	WP_255068174	train
WP_148394289	WP_255068174	train
WP_480061222	WP_255068174	train
WP_407346254	WP_255068174	train
WP_100097759	WP_255068174	train
WP_192452117	WP_255068174	train
WP_277157637	WP_255068174	train
WP_283026387	WP_255068174	train
WP_064184554	WP_255068174	train
WP_218790933	WP_255068174	train
WP_210780186	WP_255068174	train
WP_436893941	WP_255068174	train
WP_284116816	WP_255068174	train
WP_136409389	WP_255068174	train
WP_110230538	WP_255068174	train
WP_087786313	WP_255068174	train
WP_230795592	WP_255068174	train
WP_223412265	WP_255068174	train
WP_065519116	WP_255068174	train
WP_480090159	WP_255068174	train
WP_419389768	WP_255068174	train
WP_258825655	WP_255068174	train
WP_117269661	WP_255068174	train
WP_480088416	WP_255068174	train
WP_479458542	WP_255068174	train
WP_004192142	WP_255068174	train
WP_234245660	WP_255068174	train
WP_202685967	WP_255068174	train
WP_367089022	WP_255068174	train
WP_283188015	WP_255068174	train
WP_487137210	WP_255068174	train
WP_446920697	WP_255068174	train
WP_447315017	WP_255068174	train
WP_274894488	WP_255068174	train
WP_115657724	WP_255068174	train
WP_119719858	WP_255068174	train
WP_103219457	WP_255068174	train
WP_318626256	WP_255068174	train
WP_117027279	WP_255068174	train
WP_101998154	WP_255068174	train
WP_275341398	WP_255068174	train
WP_064146088	WP_255068174	train
WP_095885041	WP_255068174	train
WP_040223805	WP_255068174	train
WP_480042590	WP_255068174	train
WP_263305154	WP_255068174	train
WP_481640850	WP_255068174	train
WP_048334644	WP_255068174	train
WP_480086448	WP_255068174	train
WP_100105173	WP_255068174	train
WP_240022365	WP_255068174	train
WP_316422137	WP_255068174	train
WP_004177527	WP_255068174	train
WP_480037916	WP_255068174	train
WP_480112804	WP_255068174	train
WP_080883804	WP_255068174	train
WP_115664814	WP_255068174	train
WP_447539408	WP_255068174	train
WP_058228855	WP_255068174	train
WP_032434270	WP_255068174	train
WP_101972252	WP_255068174	train
WP_064161822	WP_255068174	train
WP_085409646	WP_255068174	train
WP_394869577	WP_255068174	train
WP_223366689	WP_255068174	train
WP_023342549	WP_255068174	train
WP_319960031	WP_255068174	train
WP_180848252	WP_255068174	train
WP_479466147	WP_255068174	train
WP_322195611	WP_255068174	train
WP_394873255	WP_255068174	train
WP_109231535	WP_255068174	train
WP_104511128	WP_255068174	train
WP_114502852	WP_255068174	train
WP_100098238	WP_255068174	train
WP_117038376	WP_255068174	train
WP_064147467	WP_255068174	train
WP_100644949	WP_255068174	train
WP_040252837	WP_255068174	train
WP_117113310	WP_255068174	train
WP_114669924	WP_255068174	train
WP_373860123	WP_255068174	train
WP_480084311	WP_255068174	train
WP_285287271	WP_255068174	train
WP_136666070	WP_255068174	train
WP_285287835	WP_255068174	train
WP_375592460	WP_255068174	train
WP_117062158	WP_255068174	train
WP_166538767	WP_255068174	train
WP_064278814	WP_255068174	train
WP_135713321	WP_255068174	train
WP_016946272	WP_255068174	train
WP_076027621	WP_255068174	train
WP_480108674	WP_255068174	train
WP_033831858	WP_255068174	train
WP_416732064	WP_255068174	train
WP_243209492	WP_255068174	train
WP_274162134	WP_255068174	train
WP_125336858	WP_255068174	train
WP_130958536	WP_255068174	train
WP_415700991	WP_255068174	train
WP_117039161	WP_255068174	train
WP_004214406	WP_255068174	train
WP_330191819	WP_255068174	train
WP_480140388	WP_255068174	train
WP_462662795	WP_255068174	train
WP_268100638	WP_255068174	train
WP_131367977	WP_255068174	train
WP_409545521	WP_409545521	train
WP_265669509	WP_409545521	train
WP_049086528	WP_409545521	train
WP_369894336	WP_409545521	train
WP_370427475	WP_409545521	train
WP_024360417	WP_409545521	train
WP_226331783	WP_409545521	train
WP_116944278	WP_409545521	train
WP_098140326	WP_409545521	train
WP_101868332	WP_409545521	train
WP_004128629	WP_409545521	train
WP_224234686	WP_409545521	train
WP_154902809	WP_409545521	train
WP_154944863	WP_409545521	train
WP_098363605	WP_409545521	train
WP_154975709	WP_409545521	train
WP_209573588	WP_409545521	train
WP_224238048	WP_409545521	train
WP_049130532	WP_409545521	train
WP_142471687	WP_409545521	train
WP_139529242	WP_409545521	train
WP_480065559	WP_409545521	train
WP_049088593	WP_409545521	train
WP_325899053	WP_409545521	train
WP_131930718	WP_409545521	train
WP_274587198	WP_409545521	train
WP_112070486	WP_409545521	train
WP_049114507	WP_409545521	train
WP_336185602	WP_409545521	train
WP_063391893	WP_063391893	train
WP_316854432	WP_063391893	train
WP_164491176	WP_063391893	train
WP_096744355	WP_063391893	train
WP_316892471	WP_063391893	train
WP_316864439	WP_063391893	train
WP_197386862	WP_197386862	train
WP_019718251	WP_197386862	train
WP_418071687	WP_197386862	train
WP_021154747	WP_197386862	train
WP_459133394	WP_197386862	train
WP_155738592	WP_197386862	train
WP_302872919	WP_197386862	train
WP_107523974	WP_197386862	train
WP_247309030	WP_197386862	train
WP_332365637	WP_197386862	train
WP_138928671	WP_197386862	train
WP_118872018	WP_197386862	train
WP_011002659	WP_197386862	train
WP_426121042	WP_197386862	train
WP_459138329	WP_197386862	train
WP_459151248	WP_197386862	train
WP_459204784	WP_197386862	train
WP_020832677	WP_197386862	train
WP_459142588	WP_197386862	train
WP_197365305	WP_197386862	train
WP_459141459	WP_197386862	train
WP_247535241	WP_197386862	train
WP_272693026	WP_272693026	train
WP_115168032	WP_272693026	train
WP_004907798	WP_272693026	train
WP_272524318	WP_272693026	train
WP_210837588	WP_272693026	train
WP_267690426	WP_272693026	train
WP_198641693	WP_272693026	train
WP_272567393	WP_272693026	train
WP_210850682	WP_272693026	train
WP_110731629	WP_272693026	train
WP_109912749	WP_272693026	train
WP_136134274	WP_272693026	train
WP_004259334	WP_272693026	train
WP_110591136	WP_272693026	train
WP_272662458	WP_272693026	train
WP_159567273	WP_159567273	train
WP_036116410	WP_036116410	train
WP_308846306	WP_036116410	train
WP_090354822	WP_036116410	train
WP_079520671	WP_036116410	train
WP_043691905	WP_036116410	train
WP_447822601	WP_447822601	train
WP_032697051	WP_447822601	train
WP_132729176	WP_447822601	train
WP_032698496	WP_447822601	train
WP_032690191	WP_447822601	train
WP_241950228	WP_447822601	train
WP_057681475	WP_057681475	train
WP_229018669	WP_057681475	train
WP_416204120	WP_057681475	train
WP_218542221	WP_057681475	train
WP_031422324	WP_057681475	train
WP_142994304	WP_057681475	train
WP_218211023	WP_057681475	train
WP_218492980	WP_057681475	train
WP_164917508	WP_057681475	train
WP_164917522	WP_057681475	train
WP_420780691	WP_057681475	train
WP_014089996	WP_057681475	train
WP_218559833	WP_057681475	train
WP_303465157	WP_057681475	train
WP_065627494	WP_057681475	train
WP_184420767	WP_057681475	train
WP_142797660	WP_057681475	train
WP_164917542	WP_057681475	train
WP_008574445	WP_057681475	train
WP_176979897	WP_176979897	train
WP_413478761	WP_176979897	train
WP_207978052	WP_176979897	train
WP_413514884	WP_176979897	train
WP_219015306	WP_176979897	train
WP_099065054	WP_176979897	train
WP_455872211	WP_176979897	train
WP_261424952	WP_176979897	train
WP_262261585	WP_176979897	train
WP_261463182	WP_176979897	train
WP_261257008	WP_176979897	train
WP_262209059	WP_176979897	train
WP_330496330	WP_330496330	train
WP_322486055	WP_330496330	train
WP_277906748	WP_330496330	train
WP_184802746	WP_330496330	train
WP_145617511	WP_330496330	train
WP_004272360	WP_330496330	train
WP_145613001	WP_330496330	train
WP_145731822	WP_330496330	train
WP_088875130	WP_330496330	train
WP_322951277	WP_330496330	train
WP_322913330	WP_330496330	train
WP_044562313	WP_330496330	train
WP_145748192	WP_330496330	train
WP_013534719	WP_013534719	train
WP_386816304	WP_386816304	train
WP_441818444	WP_386816304	train
WP_057945188	WP_386816304	train
WP_215057653	WP_386816304	train
WP_235112300	WP_386816304	train
WP_180680412	WP_180680412	train
WP_217705576	WP_217705576	val
WP_483638703	WP_483638703	train
WP_076716888	WP_076716888	train
WP_332785548	WP_076716888	train
WP_428968491	WP_076716888	train
WP_076711188	WP_076716888	train
WP_347091138	WP_076716888	train
WP_427730611	WP_076716888	train
WP_394664088	WP_076716888	train
WP_267435596	WP_076716888	train
WP_007405927	WP_076716888	train
WP_307100060	WP_076716888	train
WP_322963279	WP_076716888	train
WP_320452011	WP_076716888	train
WP_479630200	WP_076716888	train
WP_061779727	WP_076716888	train
WP_294202486	WP_076716888	train
WP_184106132	WP_076716888	train
WP_294278626	WP_076716888	train
WP_294238437	WP_076716888	train
WP_482248252	WP_076716888	train
WP_230481550	WP_076716888	train
WP_058717272	WP_076716888	train
WP_312489399	WP_076716888	train
WP_452664409	WP_076716888	train
WP_261270826	WP_076716888	train
WP_433910160	WP_076716888	train
WP_343525684	WP_076716888	train
WP_219020370	WP_076716888	train
WP_294243744	WP_076716888	train
WP_042483617	WP_076716888	train
WP_306999518	WP_076716888	train
WP_058732578	WP_076716888	train
WP_294271335	WP_076716888	train
WP_056434076	WP_076716888	train
WP_415411906	WP_076716888	train
WP_309696662	WP_076716888	train
WP_341505161	WP_076716888	train
WP_314373308	WP_076716888	train
WP_375244801	WP_076716888	train
WP_058746626	WP_076716888	train
WP_409665225	WP_076716888	train
WP_175313002	WP_076716888	train
WP_171723777	WP_171723777	train
WP_425079627	WP_171723777	train
WP_171230434	WP_171723777	train
WP_170345345	WP_171723777	train
WP_209833907	WP_171723777	train
WP_480446360	WP_171723777	train
WP_152460259	WP_171723777	train
WP_171205116	WP_171723777	train
WP_480491202	WP_171723777	train
WP_480620179	WP_171723777	train
WP_171638761	WP_171723777	train
WP_257600987	WP_171723777	train
WP_171615192	WP_171723777	train
WP_171232230	WP_171723777	train
WP_171636115	WP_171723777	train
WP_224857057	WP_171723777	train
WP_171119264	WP_171723777	train
WP_171726422	WP_171723777	train
WP_480835338	WP_171723777	train
WP_171169579	WP_171723777	train
WP_480684917	WP_171723777	train
WP_480489129	WP_171723777	train
WP_435139109	WP_435139109	test
WP_347184441	WP_347184441	train
WP_480591408	WP_480591408	train
WP_480681590	WP_480591408	train
WP_480641631	WP_480591408	train
WP_108375384	WP_108375384	val
WP_480822918	WP_480822918	test
WP_480531337	WP_480822918	test
WP_259918426	WP_259918426	val
WP_223118481	WP_223118481	train
WP_480706233	WP_223118481	train
WP_170422856	WP_223118481	train
WP_170641341	WP_170641341	train
WP_480724702	WP_170641341	train
WP_475219742	WP_170641341	train
WP_170679971	WP_170641341	train
WP_480524782	WP_170641341	train
WP_480565715	WP_170641341	train
WP_209250745	WP_170641341	train
WP_480761385	WP_170641341	train
WP_170555107	WP_170641341	train
WP_170659269	WP_170641341	train
WP_425085378	WP_170641341	train
WP_170377442	WP_170641341	train
WP_480541616	WP_170641341	train
WP_406679525	WP_406679525	train
WP_219743399	WP_219743399	test
WP_090141949	WP_090141949	val
WP_183317074	WP_183317074	train
WP_019403437	WP_183317074	train
WP_055457489	WP_183317074	train
WP_071924035	WP_183317074	train
WP_276199106	WP_183317074	train
WP_063189880	WP_183317074	train
WP_367309528	WP_367309528	test
WP_235530870	WP_235530870	train
WP_231919033	WP_235530870	train
WP_372038124	WP_235530870	train
WP_244899794	WP_235530870	train
WP_225442224	WP_235530870	train
WP_240433856	WP_235530870	train
WP_282167603	WP_235530870	train
WP_431097655	WP_431097655	test
WP_275392658	WP_275392658	test
WP_464803693	WP_464803693	test
WP_183334164	WP_183334164	val
WP_060077139	WP_060077139	train
WP_060131758	WP_060077139	train
WP_059932177	WP_060077139	train
WP_060278265	WP_060077139	train
WP_059953062	WP_060077139	train
WP_059961071	WP_060077139	train
WP_060141360	WP_060077139	train
WP_059908411	WP_060077139	train
WP_059879633	WP_060077139	train
WP_060025396	WP_060077139	train
WP_060230708	WP_060077139	train
WP_059714930	WP_060077139	train
WP_060138008	WP_060077139	train
WP_059887466	WP_060077139	train
WP_373374277	WP_060077139	train
WP_059846875	WP_060077139	train
WP_042583082	WP_060077139	train
WP_059777083	WP_060077139	train
WP_069269870	WP_060077139	train
WP_060093761	WP_060077139	train
WP_071760397	WP_060077139	train
WP_060167781	WP_060077139	train
WP_060255434	WP_060077139	train
WP_059724190	WP_060077139	train
WP_059920208	WP_060077139	train
WP_060140978	WP_060077139	train
WP_059766307	WP_060077139	train
WP_322066017	WP_060077139	train
WP_059985910	WP_060077139	train
WP_059839224	WP_060077139	train
WP_060201917	WP_060077139	train
WP_060374654	WP_060077139	train
WP_060252377	WP_060077139	train
WP_059947457	WP_060077139	train
WP_059617135	WP_060077139	train
WP_071753910	WP_060077139	train
WP_060123012	WP_060077139	train
WP_059796515	WP_060077139	train
WP_060100298	WP_060077139	train
WP_059729288	WP_060077139	train
WP_321872952	WP_060077139	train
WP_059881844	WP_060077139	train
WP_060198395	WP_060077139	train
WP_060086920	WP_060077139	train
WP_076475295	WP_060077139	train
WP_059990401	WP_060077139	train
WP_059555778	WP_060077139	train
WP_059490599	WP_060077139	train
WP_060236197	WP_060077139	train
WP_060039095	WP_060077139	train
WP_059849455	WP_060077139	train
WP_059716751	WP_060077139	train
WP_095400273	WP_060077139	train
WP_059742909	WP_060077139	train
WP_060301912	WP_060077139	train
WP_071776165	WP_060077139	train
WP_059483462	WP_060077139	train
WP_060281489	WP_060077139	train
WP_059865003	WP_060077139	train
WP_059956356	WP_060077139	train
WP_059632580	WP_060077139	train
WP_060315139	WP_060077139	train
WP_059856523	WP_060077139	train
WP_059801374	WP_060077139	train
WP_059610990	WP_060077139	train
WP_010091302	WP_060077139	train
WP_059976796	WP_060077139	train
WP_071756575	WP_060077139	train
WP_060215466	WP_060077139	train
WP_060053011	WP_060077139	train
WP_060034039	WP_060077139	train
WP_045566694	WP_060077139	train
WP_059672922	WP_060077139	train
WP_060155301	WP_060077139	train
WP_059995673	WP_060077139	train
WP_059922414	WP_060077139	train
WP_060169080	WP_060077139	train
WP_059629930	WP_060077139	train
WP_060211796	WP_060077139	train
WP_322262094	WP_060077139	train
WP_060007208	WP_060077139	train
WP_059895298	WP_060077139	train
WP_059859541	WP_060077139	train
WP_059760530	WP_060077139	train
WP_060132233	WP_060077139	train
WP_059645964	WP_060077139	train
WP_174965122	WP_060077139	train
WP_059949409	WP_060077139	train
WP_059785411	WP_060077139	train
WP_060325179	WP_060077139	train
WP_060236294	WP_060077139	train
WP_060370291	WP_060077139	train
WP_059654608	WP_060077139	train
WP_221670175	WP_221670175	test
WP_265019178	WP_265019178	train
WP_347856008	WP_347856008	train
WP_474137342	WP_347856008	train
WP_347855063	WP_347856008	train
WP_438967737	WP_347856008	train
WP_347830933	WP_347856008	train
WP_474147131	WP_347856008	train
WP_044048603	WP_347856008	train
WP_271519938	WP_347856008	train
WP_347864784	WP_347856008	train
WP_347860006	WP_347856008	train
WP_375247144	WP_347856008	train
WP_474132267	WP_347856008	train
WP_474154240	WP_347856008	train
WP_248154131	WP_248154131	train
WP_305618229	WP_305618229	train
WP_146287659	WP_146287659	val
WP_071691261	WP_071691261	test
WP_230628600	WP_230628600	train
WP_439123423	WP_439123423	val
WP_309749761	WP_309749761	train
WP_206467036	WP_309749761	train
WP_244815198	WP_309749761	train
WP_175945087	WP_309749761	train
WP_250499974	WP_309749761	train
WP_159836982	WP_309749761	train
WP_250473054	WP_309749761	train
WP_250534664	WP_309749761	train
WP_244847241	WP_309749761	train
WP_248320512	WP_309749761	train
WP_195180916	WP_195180916	train
WP_121867531	WP_195180916	train
WP_417366794	WP_195180916	train
WP_257745586	WP_195180916	train
WP_060702883	WP_195180916	train
WP_146276721	WP_195180916	train
WP_294074488	WP_294074488	test
WP_475077093	WP_475077093	train
WP_394179472	WP_475077093	train
WP_113874673	WP_475077093	train
WP_353668221	WP_475077093	train
WP_170016046	WP_170016046	train
WP_105539378	WP_105539378	train
WP_165155861	WP_105539378	train
WP_373327461	WP_105539378	train
WP_283987593	WP_105539378	train
WP_105582554	WP_105539378	train
WP_041923178	WP_105539378	train
WP_146376749	WP_105539378	train
WP_161577572	WP_105539378	train
WP_075197770	WP_105539378	train
WP_373329373	WP_105539378	train
WP_141455254	WP_141455254	test
WP_417826812	WP_417826812	train
WP_341651468	WP_417826812	train
WP_417846953	WP_417826812	train
WP_288350725	WP_417826812	train
WP_228196687	WP_417826812	train
WP_250284185	WP_417826812	train
WP_101247771	WP_417826812	train
WP_289078817	WP_417826812	train
WP_287466634	WP_417826812	train
WP_412558472	WP_417826812	train
WP_068518704	WP_417826812	train
WP_206928377	WP_417826812	train
WP_286887716	WP_417826812	train
WP_313456473	WP_313456473	train
WP_125358074	WP_313456473	train
WP_481458939	WP_313456473	train
WP_145681792	WP_145681792	train
WP_246654074	WP_145681792	train
WP_137142234	WP_145681792	train
WP_349598861	WP_145681792	train
WP_200485210	WP_145681792	train
WP_199230266	WP_145681792	train
WP_183180149	WP_145681792	train
WP_188261648	WP_145681792	train
WP_353860955	WP_145681792	train
WP_456524752	WP_145681792	train
WP_407824137	WP_145681792	train
WP_149649115	WP_145681792	train
WP_476958309	WP_145681792	train
WP_376998927	WP_145681792	train
WP_237907297	WP_145681792	train
WP_035679533	WP_145681792	train
WP_040136536	WP_145681792	train
WP_145673595	WP_145681792	train
WP_454016580	WP_145681792	train
WP_094304478	WP_145681792	train
WP_149163705	WP_145681792	train
WP_200476397	WP_145681792	train
WP_114856704	WP_145681792	train
WP_449228386	WP_145681792	train
WP_137106158	WP_145681792	train
WP_119507931	WP_145681792	train
WP_056676947	WP_056676947	train
WP_107045804	WP_056676947	train
WP_159511861	WP_056676947	train
WP_334003913	WP_056676947	train
WP_192097055	WP_056676947	train
WP_353451490	WP_056676947	train
WP_192191006	WP_056676947	train
WP_183936560	WP_056676947	train
WP_333952535	WP_056676947	train
WP_192138837	WP_056676947	train
WP_166747327	WP_056676947	train
WP_333980464	WP_056676947	train
WP_209566594	WP_056676947	train
WP_353446711	WP_056676947	train
WP_031441686	WP_056676947	train
WP_107933880	WP_056676947	train
WP_192070984	WP_056676947	train
WP_056408511	WP_056676947	train
WP_057848422	WP_057848422	train
WP_347847392	WP_347847392	train
WP_067221316	WP_067221316	train
WP_228186808	WP_067221316	train
WP_067339236	WP_067221316	train
WP_185924550	WP_067221316	train
WP_158195366	WP_067221316	train
WP_097175472	WP_067221316	train
WP_249694586	WP_067221316	train
WP_134499756	WP_134499756	val
WP_347823897	WP_347823897	train
WP_347825230	WP_347823897	train
WP_347821088	WP_347823897	train
WP_347835745	WP_347823897	train
WP_424096068	WP_347823897	train
WP_155464777	WP_155464777	train
WP_161015221	WP_155464777	train
WP_161007609	WP_155464777	train
WP_154362000	WP_155464777	train
WP_176645294	WP_155464777	train
WP_343728934	WP_155464777	train
WP_154356166	WP_155464777	train
WP_212358463	WP_212358463	test
WP_258121125	WP_258121125	train
WP_012385791	WP_012385791	train
WP_425523178	WP_425523178	train
WP_338437492	WP_338437492	train
WP_274176811	WP_274176811	train
WP_171744058	WP_171744058	test
WP_055014422	WP_055014422	train
WP_149602726	WP_055014422	train
WP_104644219	WP_055014422	train
WP_337848983	WP_055014422	train
WP_341601121	WP_055014422	train
WP_303430526	WP_055014422	train
WP_055255554	WP_055014422	train
WP_283639222	WP_283639222	train
WP_484170872	WP_283639222	train
WP_074836649	WP_283639222	train
WP_274589617	WP_283639222	train
WP_164676835	WP_164676835	train
WP_105952220	WP_164676835	train
WP_217058098	WP_164676835	train
WP_012214145	WP_164676835	train
WP_060182185	WP_164676835	train
WP_105839352	WP_164676835	train
WP_445544509	WP_164676835	train
WP_107997821	WP_164676835	train
WP_006412701	WP_164676835	train
WP_217084467	WP_164676835	train
WP_217044263	WP_164676835	train
WP_217111603	WP_164676835	train
WP_105801104	WP_164676835	train
WP_155822494	WP_164676835	train
WP_105824952	WP_164676835	train
WP_105811473	WP_164676835	train
WP_217264590	WP_164676835	train
WP_310676065	WP_164676835	train
WP_105782624	WP_164676835	train
WP_069219981	WP_164676835	train
WP_261540772	WP_164676835	train
WP_105771488	WP_164676835	train
WP_330728080	WP_164676835	train
WP_105790467	WP_164676835	train
WP_105757885	WP_164676835	train
WP_060144321	WP_164676835	train
WP_105763900	WP_164676835	train
WP_105823057	WP_164676835	train
WP_059936956	WP_164676835	train
WP_217257824	WP_164676835	train
WP_065494258	WP_164676835	train
WP_261546344	WP_164676835	train
WP_261527410	WP_164676835	train
WP_217120928	WP_164676835	train
WP_217113588	WP_164676835	train
WP_217096541	WP_164676835	train
WP_217123953	WP_164676835	train
WP_176158413	WP_164676835	train
WP_105792005	WP_164676835	train
WP_217024831	WP_164676835	train
WP_059842430	WP_164676835	train
WP_035949285	WP_164676835	train
WP_048805281	WP_164676835	train
WP_105761366	WP_164676835	train
WP_217115826	WP_164676835	train
WP_105769380	WP_164676835	train
WP_271527756	WP_271527756	train
WP_440637385	WP_271527756	train
WP_271587747	WP_271527756	train
WP_370119607	WP_271527756	train
WP_448034437	WP_271527756	train
WP_158669045	WP_271527756	train
WP_370138239	WP_271527756	train
WP_028178456	WP_271527756	train
WP_131869309	WP_271527756	train
WP_459604542	WP_271527756	train
WP_454650891	WP_271527756	train
WP_247800598	WP_271527756	train
WP_212378889	WP_271527756	train
WP_124160521	WP_271527756	train
WP_100233699	WP_271527756	train
WP_319335758	WP_271527756	train
WP_456744616	WP_271527756	train
WP_407116959	WP_271527756	train
WP_122401109	WP_271527756	train
WP_129142427	WP_271527756	train
WP_448041189	WP_271527756	train
WP_197967164	WP_271527756	train
WP_015500602	WP_015500602	test
WP_078739957	WP_078739957	train
WP_424486655	WP_078739957	train
WP_017253985	WP_078739957	train
WP_215266485	WP_215266485	train
WP_441439662	WP_441439662	val
WP_092065453	WP_092065453	val
WP_183365565	WP_183365565	val
WP_235871379	WP_235871379	train
WP_473290245	WP_473290245	train
WP_200879382	WP_200879382	train
WP_190844616	WP_200879382	train
WP_196264972	WP_200879382	train
WP_201864529	WP_200879382	train
WP_127656712	WP_127656712	val
WP_111559205	WP_111559205	train
WP_108503014	WP_111559205	train
WP_378948643	WP_111559205	train
WP_463583008	WP_463583008	train
WP_074885025	WP_463583008	train
WP_237254126	WP_463583008	train
WP_282372817	WP_463583008	train
WP_369307036	WP_463583008	train
WP_065986271	WP_463583008	train
WP_369320158	WP_463583008	train
WP_463580183	WP_463583008	train
WP_133771690	WP_463583008	train
WP_122538364	WP_463583008	train
WP_423573068	WP_463583008	train
WP_272628807	WP_463583008	train
WP_485617919	WP_463583008	train
WP_037009355	WP_463583008	train
WP_192174870	WP_463583008	train
WP_191943678	WP_463583008	train
WP_243785006	WP_243785006	train
WP_116223187	WP_243785006	train
WP_036758694	WP_243785006	train
WP_114535353	WP_243785006	train
WP_214273436	WP_243785006	train
WP_353472851	WP_353472851	test
WP_252439177	WP_252439177	train
WP_200082070	WP_252439177	train
WP_184700804	WP_184700804	val
WP_317385908	WP_317385908	train
WP_106164478	WP_317385908	train
WP_411052603	WP_317385908	train
WP_417818078	WP_317385908	train
WP_417837780	WP_317385908	train
WP_421687058	WP_317385908	train
WP_164623585	WP_164623585	test
WP_322239015	WP_322239015	val
WP_122321984	WP_122321984	train
WP_198725814	WP_122321984	train
WP_200995090	WP_122321984	train
WP_117186841	WP_122321984	train
WP_369003829	WP_122321984	train
WP_343295703	WP_122321984	train
WP_263937724	WP_122321984	train
WP_221575985	WP_122321984	train
WP_095066923	WP_122321984	train
WP_201002586	WP_122321984	train
WP_186914565	WP_186914565	train
WP_007802803	WP_007802803	train
WP_474178990	WP_007802803	train
WP_335947239	WP_007802803	train
WP_224886010	WP_007802803	train
WP_474730007	WP_007802803	train
WP_481690972	WP_007802803	train
WP_370050146	WP_007802803	train
WP_207075088	WP_007802803	train
WP_101145023	WP_101145023	train
WP_414126955	WP_101145023	train
WP_339935724	WP_101145023	train
WP_264478627	WP_101145023	train
WP_486014868	WP_101145023	train
WP_008956976	WP_101145023	train
WP_485873656	WP_101145023	train
WP_335597835	WP_101145023	train
WP_027957641	WP_101145023	train
WP_283247386	WP_101145023	train
WP_035557075	WP_101145023	train
WP_336274419	WP_101145023	train
WP_088699815	WP_101145023	train
WP_176304750	WP_101145023	train
WP_280103797	WP_101145023	train
WP_180094067	WP_101145023	train
WP_268747808	WP_101145023	train
WP_194255006	WP_194255006	train
WP_471751551	WP_194255006	train
WP_207729016	WP_194255006	train
WP_211571747	WP_194255006	train
WP_211576465	WP_194255006	train
WP_211586480	WP_194255006	train
WP_415572842	WP_194255006	train
WP_264712871	WP_264712871	val
WP_292668739	WP_292668739	test
WP_338505336	WP_338505336	test
WP_369371079	WP_369371079	test
WP_181509896	WP_181509896	train
WP_079938833	WP_181509896	train
WP_275397835	WP_181509896	train
WP_236874105	WP_181509896	train
WP_151217135	WP_181509896	train
WP_103769357	WP_181509896	train
WP_133087181	WP_181509896	train
WP_370619283	WP_181509896	train
WP_478336943	WP_478336943	train
WP_462831763	WP_478336943	train
WP_449548737	WP_478336943	train
WP_216980714	WP_478336943	train
WP_446028703	WP_478336943	train
WP_202668235	WP_478336943	train
WP_011915276	WP_478336943	train
WP_252686622	WP_478336943	train
WP_131487825	WP_478336943	train
WP_446030329	WP_478336943	train
WP_059180660	WP_478336943	train
WP_286632035	WP_286632035	train
WP_371895447	WP_286632035	train
WP_373671988	WP_286632035	train
WP_448885646	WP_286632035	train
WP_152400803	WP_286632035	train
WP_103795865	WP_103795865	test
WP_338458163	WP_103795865	test
WP_438901742	WP_438901742	train
WP_303314463	WP_438901742	train
WP_033568305	WP_438901742	train
WP_413736343	WP_413736343	test
WP_461769051	WP_461769051	train
WP_105229209	WP_461769051	train
WP_325963268	WP_461769051	train
WP_160029314	WP_461769051	train
WP_034918133	WP_034918133	val
WP_182594452	WP_182594452	train
WP_260779697	WP_182594452	train
WP_325650101	WP_182594452	train
WP_316853032	WP_182594452	train
WP_004632878	WP_182594452	train
WP_092972436	WP_182594452	train
WP_440473545	WP_182594452	train
WP_413707768	WP_182594452	train
WP_178960676	WP_182594452	train
WP_316667183	WP_182594452	train
WP_413412765	WP_182594452	train
WP_024979091	WP_182594452	train
WP_009241514	WP_182594452	train
WP_154209036	WP_182594452	train
WP_012762896	WP_182594452	train
WP_124383947	WP_182594452	train
WP_012436403	WP_182594452	train
WP_481290222	WP_481290222	train
WP_167028552	WP_481290222	train
WP_481301672	WP_481290222	train
WP_413624501	WP_481290222	train
WP_167125119	WP_481290222	train
WP_427457136	WP_481290222	train
WP_448100060	WP_481290222	train
WP_095103979	WP_095103979	train
WP_241722327	WP_095103979	train
WP_331834508	WP_095103979	train
WP_426813174	WP_095103979	train
WP_241784367	WP_095103979	train
WP_286577847	WP_286577847	train
WP_099558383	WP_099558383	train
WP_145633019	WP_145633019	train
WP_008563387	WP_145633019	train
WP_061846728	WP_145633019	train
WP_075330154	WP_075330154	train
WP_347089195	WP_075330154	train
WP_459494025	WP_075330154	train
WP_144043209	WP_075330154	train
WP_241350378	WP_075330154	train
WP_411636763	WP_075330154	train
WP_454552285	WP_075330154	train
WP_119180806	WP_075330154	train
WP_029398062	WP_075330154	train
WP_277501031	WP_075330154	train
WP_426159128	WP_075330154	train
WP_248623104	WP_248623104	train
WP_112001376	WP_248623104	train
WP_130028773	WP_248623104	train
WP_104867979	WP_248623104	train
WP_115626122	WP_248623104	train
WP_049008767	WP_248623104	train
WP_445335651	WP_248623104	train
WP_417633360	WP_248623104	train
WP_286451048	WP_248623104	train
WP_478315379	WP_478315379	train
WP_304254450	WP_478315379	train
WP_434661024	WP_478315379	train
WP_182235409	WP_478315379	train
WP_110276003	WP_478315379	train
WP_475699186	WP_478315379	train
WP_181484331	WP_478315379	train
WP_085005145	WP_085005145	train
WP_250353791	WP_085005145	train
WP_134348253	WP_134348253	train
WP_334404522	WP_134348253	train
WP_181621617	WP_181621617	test
WP_284973577	WP_284973577	train
WP_043866222	WP_284973577	train
WP_002435524	WP_284973577	train
WP_313758324	WP_284973577	train
WP_251848826	WP_284973577	train
WP_313009908	WP_284973577	train
WP_395907216	WP_284973577	train
WP_337892983	WP_337892983	train
WP_097162459	WP_097162459	train
WP_435619072	WP_097162459	train
WP_312628018	WP_097162459	train
WP_039288901	WP_039288901	train
WP_166878757	WP_039288901	train
WP_312741844	WP_039288901	train
WP_311888153	WP_039288901	train
WP_039298745	WP_039288901	train
WP_045784357	WP_039288901	train
WP_375530140	WP_039288901	train
WP_061273382	WP_039288901	train
WP_038477603	WP_039288901	train
WP_336983205	WP_039288901	train
WP_176981271	WP_039288901	train
WP_166867773	WP_039288901	train
WP_085540260	WP_039288901	train
WP_323477234	WP_323477234	train
WP_219015045	WP_219015045	train
WP_414073151	WP_219015045	train
WP_099064441	WP_219015045	train
WP_261260006	WP_219015045	train
WP_261285674	WP_219015045	train
WP_318430444	WP_219015045	train
WP_207978724	WP_219015045	train
WP_085115175	WP_219015045	train
WP_273868465	WP_273868465	train
WP_004957005	WP_273868465	train
WP_449145484	WP_273868465	train
WP_259003464	WP_273868465	train
WP_119640106	WP_119640106	train
WP_158905755	WP_158905755	test
WP_022950906	WP_022950906	test
WP_209724549	WP_209724549	train
WP_330923701	WP_209724549	train
WP_090322988	WP_209724549	train
WP_363502890	WP_209724549	train
WP_458100150	WP_458100150	val
WP_439562516	WP_458100150	val
WP_395025125	WP_395025125	val
WP_266067471	WP_266067471	train
WP_266066604	WP_266067471	train
WP_067154034	WP_266067471	train
WP_266002131	WP_266067471	train
WP_265965153	WP_266067471	train
WP_074903304	WP_266067471	train
WP_309195861	WP_309195861	train
WP_332753057	WP_332753057	train
WP_319531604	WP_319531604	val
WP_231752187	WP_231752187	train
WP_131651400	WP_231752187	train
WP_336509792	WP_231752187	train
WP_127316965	WP_127316965	val
WP_093459240	WP_093459240	train
WP_377834333	WP_377834333	test
WP_241622032	WP_241622032	test
WP_321340609	WP_321340609	val
WP_324110664	WP_324110664	val
WP_342616140	WP_342616140	val
WP_013340514	WP_013340514	train
WP_172308735	WP_013340514	train
WP_201076682	WP_013340514	train
WP_025602239	WP_013340514	train
WP_027213190	WP_013340514	train
WP_120296129	WP_013340514	train
WP_172160136	WP_013340514	train
WP_339402975	WP_339402975	train
WP_370393559	WP_339402975	train
WP_209357706	WP_339402975	train
WP_187761903	WP_187761903	val
WP_175228786	WP_175228786	val
WP_283983541	WP_283983541	train
WP_040604508	WP_283983541	train
WP_100930904	WP_283983541	train
WP_370311628	WP_283983541	train
WP_149337940	WP_149337940	test
WP_426538425	WP_426538425	val
WP_022704251	WP_022704251	val
WP_215228697	WP_215228697	train
WP_068239478	WP_068239478	train
WP_224899128	WP_224899128	test
WP_414673814	WP_414673814	train
WP_095788593	WP_095788593	train
WP_142877237	WP_095788593	train
WP_095773359	WP_095788593	train
WP_295228416	WP_295228416	test
WP_295185664	WP_295228416	test
WP_277805935	WP_277805935	val
WP_309744216	WP_309744216	train
WP_010186673	WP_010186673	train
WP_202261904	WP_202261904	train
WP_265019799	WP_265019799	train
WP_322338590	WP_322338590	train
WP_040665160	WP_322338590	train
WP_464579741	WP_322338590	train
WP_090327640	WP_322338590	train
WP_223006121	WP_322338590	train
WP_065815686	WP_322338590	train
WP_428444297	WP_428444297	train
WP_051672418	WP_051672418	val
WP_299941884	WP_299941884	train
WP_480609410	WP_480609410	test
WP_254292020	WP_254292020	val
WP_477720773	WP_477720773	test
WP_477727879	WP_477720773	test
WP_109813378	WP_109813378	val
WP_159008773	WP_159008773	train
WP_232401895	WP_232401895	test
WP_416320461	WP_416320461	train
WP_176994603	WP_176994603	train
WP_264493989	WP_264493989	test
WP_093967319	WP_093967319	test
WP_309445426	WP_309445426	train
WP_102303087	WP_309445426	train
WP_239946714	WP_309445426	train
WP_006326282	WP_006326282	test
WP_057957886	WP_057957886	train
WP_170057455	WP_057957886	train
WP_092232355	WP_057957886	train
WP_186765022	WP_057957886	train
WP_172313861	WP_057957886	train
WP_133100605	WP_057957886	train
WP_133715186	WP_057957886	train
WP_169870871	WP_057957886	train
WP_458723346	WP_057957886	train
WP_169877714	WP_057957886	train
WP_432754823	WP_057957886	train
WP_070996581	WP_057957886	train
WP_438664834	WP_057957886	train
WP_215518346	WP_057957886	train
WP_169390069	WP_057957886	train
WP_463990419	WP_057957886	train
WP_169908316	WP_057957886	train
WP_463950517	WP_057957886	train
WP_314383380	WP_057957886	train
WP_463982464	WP_057957886	train
WP_169954088	WP_057957886	train
WP_463975622	WP_057957886	train
WP_169851335	WP_057957886	train
WP_032857123	WP_057957886	train
WP_169960457	WP_057957886	train
WP_161525443	WP_161525443	train
WP_137647584	WP_161525443	train
WP_059276163	WP_161525443	train
WP_151401574	WP_161525443	train
WP_124782739	WP_161525443	train
WP_059229049	WP_161525443	train
WP_011463258	WP_011463258	test
WP_268800702	WP_268800702	val
WP_349802385	WP_268800702	val
WP_483848194	WP_268800702	val
WP_168067106	WP_168067106	train
WP_417524703	WP_417524703	train
WP_289894560	WP_289894560	test
WP_379032274	WP_289894560	test
WP_063317612	WP_063317612	train
WP_063290751	WP_063317612	train
WP_054784685	WP_063317612	train
WP_063286918	WP_063317612	train
WP_057464779	WP_063317612	train
WP_063295322	WP_063317612	train
WP_063304226	WP_063317612	train
WP_431010641	WP_063317612	train
WP_063301360	WP_063317612	train
WP_352934321	WP_063317612	train
WP_075699434	WP_063317612	train
WP_109314226	WP_063317612	train
WP_093518624	WP_063317612	train
WP_014284092	WP_063317612	train
WP_108820218	WP_063317612	train
WP_008552713	WP_063317612	train
WP_414133243	WP_063317612	train
WP_038661562	WP_038661562	train
WP_137897399	WP_038661562	train
WP_322848663	WP_038661562	train
WP_238288284	WP_238288284	train
WP_250513946	WP_238288284	train
WP_465468526	WP_238288284	train
WP_238212792	WP_238288284	train
WP_061135391	WP_238288284	train
WP_309881395	WP_238288284	train
WP_171713813	WP_171713813	val
WP_320288652	WP_320288652	val
WP_313550605	WP_313550605	train
WP_188866303	WP_313550605	train
WP_434154133	WP_313550605	train
WP_122041275	WP_313550605	train
WP_312799295	WP_313550605	train
WP_010796251	WP_313550605	train
WP_312271737	WP_313550605	train
WP_074820823	WP_313550605	train
WP_125889595	WP_313550605	train
WP_447109389	WP_313550605	train
WP_407362557	WP_313550605	train
WP_434135213	WP_313550605	train
WP_312602256	WP_313550605	train
WP_168878482	WP_168878482	test
WP_416935728	WP_416935728	train
WP_464975558	WP_464975558	test
WP_481415730	WP_481415730	test
WP_299593638	WP_299593638	train
WP_144147661	WP_144147661	val
WP_212397896	WP_212397896	train
WP_073051923	WP_073051923	train
WP_220748473	WP_220748473	val
WP_029080888	WP_029080888	train
WP_166295235	WP_029080888	train
WP_166205285	WP_029080888	train
WP_338826779	WP_029080888	train
WP_108887356	WP_108887356	train
WP_275289224	WP_275289224	train
WP_056460804	WP_056460804	test
WP_430364034	WP_430364034	train
WP_317228532	WP_317228532	train
WP_372576087	WP_372576087	test
WP_422021678	WP_422021678	train
WP_409693616	WP_422021678	train
WP_306147453	WP_422021678	train
WP_449120435	WP_422021678	train
WP_209174487	WP_422021678	train
WP_008196703	WP_422021678	train
WP_447235631	WP_422021678	train
WP_473026170	WP_422021678	train
WP_209179534	WP_422021678	train
WP_420340069	WP_422021678	train
WP_428523288	WP_422021678	train
WP_395172825	WP_422021678	train
WP_055670578	WP_422021678	train
WP_248008503	WP_248008503	train
WP_133003311	WP_133003311	train
WP_286711926	WP_286711926	train
WP_222612428	WP_222612428	train
WP_409596013	WP_409596013	train
WP_136856576	WP_409596013	train
WP_112887823	WP_112887823	test
WP_099648406	WP_112887823	test
WP_028719189	WP_112887823	test
WP_132248279	WP_132248279	test
WP_152747521	WP_152747521	train
WP_219337533	WP_152747521	train
WP_159953470	WP_152747521	train
WP_446433151	WP_152747521	train
WP_407021352	WP_152747521	train
WP_058414571	WP_152747521	train
WP_177016795	WP_152747521	train
WP_024072583	WP_152747521	train
WP_017137928	WP_152747521	train
WP_242200530	WP_152747521	train
WP_145158462	WP_152747521	train
WP_406997768	WP_152747521	train
WP_194439674	WP_152747521	train
WP_276195597	WP_152747521	train
WP_475271971	WP_152747521	train
WP_307421052	WP_152747521	train
WP_448653562	WP_152747521	train
WP_150054302	WP_152747521	train
WP_424088570	WP_152747521	train
WP_138813177	WP_152747521	train
WP_427129295	WP_152747521	train
WP_242153685	WP_152747521	train
WP_197626267	WP_152747521	train
WP_177025170	WP_152747521	train
WP_200430988	WP_152747521	train
WP_438867825	WP_152747521	train
WP_058420552	WP_152747521	train
WP_065931998	WP_152747521	train
WP_048721632	WP_152747521	train
WP_472526085	WP_152747521	train
WP_056860975	WP_152747521	train
WP_421556316	WP_152747521	train
WP_414187076	WP_152747521	train
WP_285684849	WP_152747521	train
WP_106575997	WP_152747521	train
WP_099488136	WP_152747521	train
WP_094949712	WP_152747521	train
WP_375597433	WP_375597433	test
WP_114087021	WP_114087021	val
WP_435509108	WP_435509108	val
WP_198824458	WP_198824458	train
WP_272994678	WP_198824458	train
WP_007984518	WP_198824458	train
WP_458252643	WP_198824458	train
WP_008305846	WP_198824458	train
WP_216051438	WP_198824458	train
WP_161044928	WP_161044928	train
WP_161054296	WP_161044928	train
WP_161051287	WP_161044928	train
WP_169111176	WP_161044928	train
WP_160661191	WP_160661191	test
WP_436269906	WP_436269906	test
WP_309764060	WP_309764060	train
WP_250452270	WP_309764060	train
WP_087128616	WP_309764060	train
WP_370887923	WP_309764060	train
WP_035966778	WP_309764060	train
WP_408118499	WP_309764060	train
WP_284054089	WP_284054089	test
WP_280820759	WP_280820759	test
WP_247988234	WP_247988234	val
WP_074129126	WP_074129126	test
WP_146985807	WP_074129126	test
WP_324795986	WP_324795986	train
WP_323764912	WP_323764912	train
WP_446266870	WP_446266870	train
WP_264276051	WP_264276051	train
WP_259994146	WP_259994146	train
WP_056423407	WP_056423407	test
WP_434569337	WP_434569337	train
WP_053150235	WP_434569337	train
WP_434603282	WP_434569337	train
WP_181287967	WP_434569337	train
WP_264429504	WP_434569337	train
WP_434625135	WP_434569337	train
WP_434653189	WP_434569337	train
WP_102588273	WP_102588273	test
WP_201402424	WP_201402424	test
WP_140673744	WP_140673744	train
WP_140514189	WP_140673744	train
WP_140563758	WP_140673744	train
WP_140816570	WP_140673744	train
WP_140662520	WP_140673744	train
WP_140524327	WP_140673744	train
WP_140582718	WP_140673744	train
WP_140625266	WP_140673744	train
WP_224618403	WP_140673744	train
WP_140672334	WP_140673744	train
WP_140491649	WP_140673744	train
WP_016734659	WP_016734659	train
WP_004680415	WP_016734659	train
WP_012482847	WP_016734659	train
WP_085741882	WP_016734659	train
WP_221163461	WP_016734659	train
WP_184455165	WP_016734659	train
WP_039618131	WP_016734659	train
WP_064805920	WP_016734659	train
WP_064686123	WP_016734659	train
WP_221101888	WP_016734659	train
WP_168297640	WP_016734659	train
WP_302752095	WP_016734659	train
WP_221136444	WP_016734659	train
WP_038687145	WP_016734659	train
WP_096762636	WP_016734659	train
WP_064693990	WP_016734659	train
WP_210629012	WP_016734659	train
WP_097580102	WP_016734659	train
WP_009993173	WP_016734659	train
WP_275617903	WP_016734659	train
WP_207583118	WP_016734659	train
WP_007632989	WP_016734659	train
WP_183918674	WP_016734659	train
WP_323997280	WP_016734659	train
WP_097605514	WP_016734659	train
WP_064833962	WP_016734659	train
WP_126911539	WP_016734659	train
WP_085736389	WP_016734659	train
WP_088678535	WP_016734659	train
WP_097614533	WP_016734659	train
WP_097620948	WP_016734659	train
WP_155650952	WP_155650952	train
WP_155670205	WP_155650952	train
WP_065604464	WP_155650952	train
WP_065640977	WP_155650952	train
WP_012535069	WP_155650952	train
WP_005421707	WP_155650952	train
WP_155694342	WP_155650952	train
WP_065624548	WP_155650952	train
WP_063656788	WP_155650952	train
WP_017019959	WP_155650952	train
WP_190395514	WP_155650952	train
WP_068831842	WP_068831842	train
WP_404582525	WP_404582525	train
WP_408078935	WP_408078935	test
WP_254057311	WP_254057311	train
WP_254051543	WP_254057311	train
WP_237772019	WP_254057311	train
WP_108746230	WP_254057311	train
WP_312736227	WP_254057311	train
WP_299962467	WP_299962467	train
WP_373661917	WP_373661917	val
WP_267139044	WP_267139044	val
WP_214990662	WP_214990662	train
WP_465905978	WP_214990662	train
WP_409694996	WP_409694996	test
WP_349011862	WP_349011862	val
WP_310093750	WP_310093750	val
WP_062740238	WP_062740238	val
WP_481533457	WP_481533457	train
WP_296251732	WP_481533457	train
WP_481565255	WP_481533457	train
WP_481545278	WP_481533457	train
WP_482986514	WP_481533457	train
WP_303747618	WP_481533457	train
WP_481553723	WP_481533457	train
WP_481516670	WP_481533457	train
WP_282267422	WP_481533457	train
WP_481535955	WP_481533457	train
WP_340649098	WP_340649098	train
WP_286577145	WP_340649098	train
WP_440977101	WP_340649098	train
WP_337054519	WP_340649098	train
WP_130534396	WP_340649098	train
WP_379653547	WP_340649098	train
WP_130520178	WP_340649098	train
WP_130529308	WP_340649098	train
WP_130523566	WP_340649098	train
WP_130561001	WP_340649098	train
WP_130304146	WP_130304146	train
WP_462064557	WP_130304146	train
WP_025374708	WP_130304146	train
WP_485850831	WP_130304146	train
WP_193089985	WP_130304146	train
WP_456182235	WP_130304146	train
WP_014752552	WP_130304146	train
WP_149103424	WP_149103424	train
WP_434947620	WP_434947620	val
WP_434932667	WP_434947620	val
WP_204355699	WP_204355699	val
WP_228190145	WP_228190145	test
WP_117873225	WP_117873225	train
WP_299638027	WP_117873225	train
WP_299898101	WP_117873225	train
WP_072900559	WP_072900559	train
WP_191073850	WP_191073850	train
WP_086052177	WP_086052177	val
WP_192422606	WP_192422606	train
WP_230125106	WP_192422606	train
WP_111461288	WP_192422606	train
WP_350010304	WP_192422606	train
WP_186149918	WP_186149918	train
WP_186132651	WP_186149918	train
WP_186147778	WP_186149918	train
WP_167234017	WP_186149918	train
WP_172878545	WP_186149918	train
WP_420957084	WP_186149918	train
WP_025096815	WP_186149918	train
WP_186188461	WP_186149918	train
WP_047835667	WP_186149918	train
WP_013696604	WP_186149918	train
WP_124093698	WP_186149918	train
WP_464179445	WP_186149918	train
WP_098154564	WP_186149918	train
WP_186163806	WP_186149918	train
WP_096749761	WP_186149918	train
WP_200117693	WP_186149918	train
WP_250803661	WP_186149918	train
WP_333981861	WP_186149918	train
WP_036038870	WP_186149918	train
WP_036048306	WP_186149918	train
WP_186080171	WP_186149918	train
WP_186024077	WP_186149918	train
WP_186169632	WP_186149918	train
WP_186126886	WP_186149918	train
WP_186259722	WP_186149918	train
WP_186058712	WP_186149918	train
WP_186092518	WP_186149918	train
WP_407853044	WP_186149918	train
WP_313958782	WP_186149918	train
WP_186167537	WP_186149918	train
WP_011456946	WP_011456946	test
WP_352990805	WP_352990805	val
WP_297694559	WP_297694559	test
WP_176864728	WP_176864728	val
WP_417579590	WP_417579590	test
WP_306132606	WP_306132606	train
WP_240091999	WP_306132606	train
WP_043842526	WP_306132606	train
WP_102107328	WP_102107328	val
WP_396434954	WP_396434954	train
WP_394601488	WP_394601488	train
WP_152478216	WP_394601488	train
WP_016855742	WP_394601488	train
WP_247853850	WP_394601488	train
WP_146907840	WP_394601488	train
WP_289669995	WP_289669995	train
WP_436814681	WP_289669995	train
WP_437350786	WP_289669995	train
WP_376878156	WP_376878156	test
WP_209507615	WP_209507615	train
WP_209597322	WP_209507615	train
WP_480870450	WP_209507615	train
WP_480507009	WP_209507615	train
WP_480773643	WP_209507615	train
WP_308336783	WP_308336783	train
WP_064233301	WP_308336783	train
WP_215094457	WP_308336783	train
WP_109705505	WP_109705505	train
WP_199564579	WP_199564579	val
WP_444640571	WP_444640571	train
WP_444628313	WP_444640571	train
WP_441679276	WP_444640571	train
WP_192527689	WP_444640571	train
WP_172118278	WP_444640571	train
WP_444680334	WP_444640571	train
WP_087106152	WP_444640571	train
WP_193055086	WP_444640571	train
WP_444631311	WP_444640571	train
WP_484267850	WP_484267850	train
WP_353535697	WP_353535697	test
WP_149893834	WP_149893834	test
WP_289081968	WP_289081968	train
WP_353628273	WP_289081968	train
WP_286759377	WP_289081968	train
WP_304950018	WP_289081968	train
WP_289091876	WP_289081968	train
WP_348001286	WP_289081968	train
WP_473812279	WP_289081968	train
WP_237278665	WP_289081968	train
WP_132996968	WP_289081968	train
WP_180828933	WP_289081968	train
WP_278424715	WP_289081968	train
WP_289083991	WP_289081968	train
WP_037963348	WP_289081968	train
WP_286699911	WP_289081968	train
WP_260005065	WP_289081968	train
WP_476469125	WP_289081968	train
WP_418094580	WP_289081968	train
WP_473815695	WP_289081968	train
WP_474768000	WP_289081968	train
WP_064217344	WP_289081968	train
WP_289085957	WP_289081968	train
WP_009826395	WP_289081968	train
WP_306285646	WP_289081968	train
WP_483752842	WP_289081968	train
WP_278375574	WP_289081968	train
WP_074635401	WP_289081968	train
WP_386170293	WP_289081968	train
WP_485765148	WP_289081968	train
WP_340238241	WP_289081968	train
WP_037943680	WP_289081968	train
WP_005852124	WP_289081968	train
WP_340241501	WP_289081968	train
WP_243251488	WP_289081968	train
WP_374354468	WP_374354468	test
WP_305635334	WP_305635334	test
WP_136684075	WP_136684075	val
WP_472440207	WP_472440207	train
WP_472441326	WP_472440207	train
WP_465232764	WP_472440207	train
WP_317961786	WP_472440207	train
WP_465234881	WP_472440207	train
WP_008560283	WP_472440207	train
WP_465234454	WP_472440207	train
WP_050673871	WP_472440207	train
WP_462650435	WP_472440207	train
WP_281707810	WP_472440207	train
WP_333847087	WP_472440207	train
WP_333693269	WP_472440207	train
WP_209035642	WP_472440207	train
WP_465235438	WP_472440207	train
WP_278828860	WP_472440207	train
WP_046211276	WP_472440207	train
WP_271881706	WP_472440207	train
WP_370001921	WP_472440207	train
WP_187730876	WP_187730876	train
WP_202060117	WP_202060117	test
WP_279705715	WP_279705715	train
WP_353702308	WP_279705715	train
WP_050419660	WP_279705715	train
WP_048693952	WP_048693952	test
WP_417804273	WP_417804273	val
WP_167448159	WP_417804273	val
WP_120504593	WP_120504593	train
WP_025049713	WP_120504593	train
WP_203198339	WP_120504593	train
WP_259953452	WP_120504593	train
WP_203210127	WP_120504593	train
WP_259938565	WP_120504593	train
WP_037905936	WP_120504593	train
WP_203239798	WP_120504593	train
WP_424987487	WP_424987487	train
WP_331038642	WP_331038642	test
WP_244056527	WP_244056527	train
WP_116460579	WP_244056527	train
WP_458595125	WP_244056527	train
WP_486382459	WP_244056527	train
WP_294282989	WP_244056527	train
WP_295562874	WP_244056527	train
WP_294213183	WP_244056527	train
WP_277286791	WP_244056527	train
WP_294314537	WP_244056527	train
WP_063686304	WP_244056527	train
WP_426261362	WP_244056527	train
WP_147035760	WP_244056527	train
WP_331361471	WP_244056527	train
WP_017979958	WP_244056527	train
WP_368345587	WP_368345587	test
WP_102223470	WP_102223470	test
WP_442640905	WP_442640905	val
WP_331044562	WP_331044562	train
WP_349588657	WP_349588657	train
WP_200592132	WP_200592132	train
WP_101547448	WP_101547448	test
WP_101553762	WP_101547448	test
WP_019954680	WP_019954680	test
WP_322891639	WP_019954680	test
WP_103911403	WP_103911403	test
WP_167950846	WP_167950846	train
WP_114320089	WP_167950846	train
WP_198398191	WP_167950846	train
WP_193078928	WP_167950846	train
WP_214340311	WP_214340311	train
WP_206592481	WP_214340311	train
WP_102797399	WP_214340311	train
WP_188692573	WP_214340311	train
WP_118069822	WP_118069822	train
WP_096870740	WP_118069822	train
WP_096868378	WP_118069822	train
WP_040181511	WP_118069822	train
WP_040172417	WP_118069822	train
WP_102897499	WP_118069822	train
WP_405107254	WP_118069822	train
WP_096788741	WP_118069822	train
WP_333573246	WP_333573246	train
WP_093297024	WP_333573246	train
WP_121073367	WP_333573246	train
WP_294256453	WP_333573246	train
WP_440844473	WP_333573246	train
WP_168846403	WP_333573246	train
WP_084583811	WP_333573246	train
WP_125976622	WP_333573246	train
WP_064310349	WP_333573246	train
WP_354307615	WP_333573246	train
WP_066727367	WP_333573246	train
WP_313538941	WP_333573246	train
WP_174212172	WP_174212172	val
WP_035259064	WP_035259064	train
WP_028711674	WP_028711674	val
WP_306093027	WP_306093027	train
WP_432380395	WP_432380395	train
WP_218304893	WP_432380395	train
WP_090181547	WP_432380395	train
WP_336235233	WP_336235233	train
WP_116791634	WP_336235233	train
WP_169536455	WP_336235233	train
WP_100504894	WP_336235233	train
WP_222227750	WP_222227750	train
WP_224918953	WP_222227750	train
WP_222249221	WP_222227750	train
WP_077402155	WP_222227750	train
WP_010133193	WP_222227750	train
WP_085042311	WP_085042311	val
WP_133708580	WP_133708580	train
WP_028750560	WP_133708580	train
WP_285872155	WP_133708580	train
WP_457898485	WP_133708580	train
WP_183691637	WP_133708580	train
WP_283049364	WP_133708580	train
WP_331380502	WP_133708580	train
WP_371110676	WP_133708580	train
WP_283057268	WP_133708580	train
WP_414132013	WP_133708580	train
WP_107107246	WP_133708580	train
WP_120703330	WP_133708580	train
WP_120497580	WP_120497580	test
WP_439571884	WP_439571884	val
WP_439571854	WP_439571884	val
WP_431848892	WP_431848892	val
WP_144112136	WP_144112136	train
WP_449322489	WP_449322489	test
WP_325426211	WP_325426211	val
WP_093554047	WP_093554047	train
WP_046795263	WP_046795263	val
WP_112944531	WP_112944531	train
WP_283195265	WP_112944531	train
WP_183901914	WP_112944531	train
WP_111561825	WP_112944531	train
WP_477927136	WP_112944531	train
WP_047508095	WP_112944531	train
WP_018898605	WP_112944531	train
WP_113238586	WP_112944531	train
WP_415921162	WP_415921162	test
WP_093340056	WP_093340056	train
WP_296797524	WP_093340056	train
WP_431509727	WP_093340056	train
WP_296781326	WP_093340056	train
WP_484233961	WP_484233961	test
WP_409778865	WP_409778865	test
WP_056690592	WP_056690592	train
WP_225670822	WP_225670822	val
WP_216019074	WP_216019074	val
WP_209182947	WP_209182947	train
WP_209187338	WP_209182947	train
WP_209206720	WP_209182947	train
WP_111217617	WP_209182947	train
WP_142824126	WP_209182947	train
WP_426423532	WP_426423532	train
WP_091924347	WP_091924347	train
WP_020091431	WP_091924347	train
WP_056521995	WP_091924347	train
WP_331299613	WP_091924347	train
WP_091978361	WP_091924347	train
WP_331327073	WP_091924347	train
WP_447680301	WP_091924347	train
WP_482958600	WP_091924347	train
WP_108459434	WP_108459434	test
WP_190290198	WP_190290198	train
WP_077291836	WP_077291836	test
WP_168692180	WP_077291836	test
WP_062779046	WP_062779046	train
WP_484591517	WP_062779046	train
WP_128143504	WP_062779046	train
WP_464776739	WP_062779046	train
WP_191977304	WP_062779046	train
WP_015673011	WP_062779046	train
WP_061322765	WP_062779046	train
WP_235081490	WP_062779046	train
WP_275273680	WP_062779046	train
WP_269875462	WP_062779046	train
WP_054307564	WP_062779046	train
WP_105231812	WP_062779046	train
WP_326002099	WP_062779046	train
WP_272614811	WP_062779046	train
WP_436044813	WP_436044813	train
WP_213605003	WP_436044813	train
WP_192273686	WP_436044813	train
WP_062351361	WP_436044813	train
WP_285157693	WP_285157693	train
WP_285149671	WP_285157693	train
WP_287879644	WP_287879644	val
WP_321161941	WP_321161941	train
WP_322784533	WP_321161941	train
WP_322784283	WP_321161941	train
WP_321161736	WP_321161941	train
WP_322784133	WP_321161941	train
WP_299540970	WP_299540970	train
WP_419320322	WP_419320322	test
WP_325267699	WP_325267699	test
WP_009604216	WP_009604216	train
WP_053836570	WP_009604216	train
WP_053838027	WP_009604216	train
WP_237651864	WP_009604216	train
WP_185813044	WP_009604216	train
WP_003475080	WP_009604216	train
WP_184414858	WP_009604216	train
WP_142741971	WP_009604216	train
WP_369975420	WP_009604216	train
WP_104558321	WP_009604216	train
WP_064539269	WP_009604216	train
WP_191826957	WP_009604216	train
WP_179564229	WP_009604216	train
WP_058360153	WP_009604216	train
WP_039005174	WP_009604216	train
WP_237649062	WP_009604216	train
WP_003471634	WP_009604216	train
WP_306046792	WP_306046792	val
WP_131178254	WP_131178254	test
WP_131193326	WP_131178254	test
WP_089169654	WP_089169654	train
WP_152388026	WP_089169654	train
WP_131341832	WP_089169654	train
WP_479832400	WP_089169654	train
WP_039807016	WP_089169654	train
WP_131300608	WP_089169654	train
WP_131254614	WP_089169654	train
WP_246796691	WP_246796691	train
WP_198250346	WP_246796691	train
WP_055138011	WP_246796691	train
WP_042623822	WP_246796691	train
WP_480914310	WP_480914310	train
WP_480483658	WP_480914310	train
WP_480487396	WP_480914310	train
WP_480519820	WP_480914310	train
WP_480833224	WP_480914310	train
WP_480910989	WP_480914310	train
WP_480920692	WP_480914310	train
WP_480588607	WP_480914310	train
WP_325282058	WP_325282058	train
WP_161811725	WP_161811725	test
WP_161829797	WP_161811725	test
WP_106264601	WP_106264601	train
WP_445620470	WP_445620470	train
WP_299257869	WP_445620470	train
WP_438765680	WP_445620470	train
WP_086900551	WP_445620470	train
WP_108841056	WP_445620470	train
WP_086621030	WP_445620470	train
WP_090135889	WP_445620470	train
WP_115854271	WP_445620470	train
WP_024098121	WP_024098121	train
WP_096707174	WP_024098121	train
WP_480547995	WP_480547995	train
WP_480864508	WP_480547995	train
WP_480544030	WP_480547995	train
WP_480827115	WP_480547995	train
WP_170384580	WP_170384580	train
WP_170574210	WP_170384580	train
WP_480679659	WP_170384580	train
WP_165047362	WP_165047362	val
WP_456268575	WP_456268575	val
WP_331796599	WP_331796599	val
WP_305985823	WP_305985823	test
WP_099275702	WP_099275702	train
WP_348411944	WP_099275702	train
WP_303492098	WP_099275702	train
WP_303551113	WP_099275702	train
WP_305508495	WP_099275702	train
WP_303488619	WP_099275702	train
WP_215970463	WP_099275702	train
WP_058311244	WP_099275702	train
WP_282159344	WP_099275702	train
WP_106610507	WP_099275702	train
WP_133497213	WP_133497213	test
WP_066101606	WP_066101606	train
WP_475174657	WP_066101606	train
WP_259948201	WP_259948201	train
WP_260011892	WP_259948201	train
WP_170341245	WP_170341245	train
WP_170452785	WP_170341245	train
WP_170435577	WP_170341245	train
WP_170596317	WP_170341245	train
WP_170407426	WP_170341245	train
WP_170541767	WP_170341245	train
WP_170391635	WP_170341245	train
WP_170439518	WP_170341245	train
WP_170448273	WP_170341245	train
WP_170365987	WP_170341245	train
WP_170372744	WP_170341245	train
WP_170367394	WP_170341245	train
WP_480727835	WP_170341245	train
WP_170421475	WP_170341245	train
WP_475145972	WP_170341245	train
WP_222458411	WP_170341245	train
WP_480634149	WP_170341245	train
WP_170582645	WP_170341245	train
WP_170461548	WP_170341245	train
WP_005977128	WP_170341245	train
WP_170525815	WP_170341245	train
WP_170509786	WP_170341245	train
WP_170599751	WP_170341245	train
WP_149775309	WP_170341245	train
WP_170589163	WP_170341245	train
WP_170441047	WP_170341245	train
WP_260066689	WP_170341245	train
WP_007256353	WP_007256353	val
WP_239434058	WP_239434058	train
WP_132881918	WP_239434058	train
WP_125960128	WP_239434058	train
WP_129340771	WP_239434058	train
WP_416607758	WP_239434058	train
WP_370286314	WP_370286314	train
WP_370283212	WP_370286314	train
WP_028285845	WP_370286314	train
WP_446251443	WP_370286314	train
WP_440200034	WP_440200034	train
WP_464759535	WP_464759535	val
WP_473693707	WP_473693707	val
WP_325364434	WP_325364434	test
WP_432625824	WP_432625824	train
WP_432614641	WP_432625824	train
WP_432635377	WP_432625824	train
WP_289034663	WP_289034663	train
WP_348471693	WP_289034663	train
WP_192109493	WP_289034663	train
WP_213216235	WP_289034663	train
WP_153772107	WP_289034663	train
WP_425039240	WP_425039240	val
WP_217677051	WP_217677051	test
WP_095011917	WP_095011917	val
WP_145145112	WP_145145112	val
WP_028536445	WP_028536445	val
WP_477826856	WP_477826856	train
WP_477936489	WP_477826856	train
WP_073462337	WP_477826856	train
WP_477843322	WP_477826856	train
WP_465110924	WP_477826856	train
WP_477866511	WP_477826856	train
WP_435946454	WP_435946454	train
WP_280155086	WP_280155086	train
WP_112286685	WP_112286685	train
WP_426784808	WP_112286685	train
WP_120163573	WP_112286685	train
WP_430320673	WP_112286685	train
WP_217173730	WP_112286685	train
WP_120509446	WP_112286685	train
WP_465867826	WP_112286685	train
WP_463735990	WP_112286685	train
WP_011811474	WP_011811474	train
WP_265298040	WP_011811474	train
WP_265288558	WP_011811474	train
WP_093303566	WP_093303566	test
WP_313642995	WP_313642995	train
WP_312917068	WP_313642995	train
WP_313399923	WP_313642995	train
WP_293706005	WP_313642995	train
WP_481547579	WP_481547579	val
WP_299345913	WP_299345913	test
WP_146388279	WP_146388279	val
WP_202839418	WP_202839418	train
WP_210535280	WP_210535280	val
WP_170415975	WP_170415975	test
WP_127071941	WP_127071941	val
WP_374472554	WP_374472554	val
WP_480664477	WP_480664477	val
WP_239338628	WP_480664477	val
WP_480424186	WP_480424186	test
WP_170807600	WP_170807600	train
WP_480492031	WP_170807600	train
WP_170681339	WP_170807600	train
WP_170611223	WP_170807600	train
WP_480714142	WP_170807600	train
WP_480907863	WP_170807600	train
WP_480523440	WP_170807600	train
WP_196259077	WP_196259077	test
WP_480485011	WP_480485011	train
WP_480472636	WP_480485011	train
WP_480658774	WP_480485011	train
WP_354073781	WP_354073781	test
WP_436153699	WP_436153699	train
WP_477678018	WP_436153699	train
WP_477655213	WP_436153699	train
WP_477682963	WP_436153699	train
WP_477714896	WP_477714896	train
WP_477738527	WP_477714896	train
WP_007868454	WP_477714896	train
WP_477661842	WP_477714896	train
WP_074577476	WP_477714896	train
WP_413326044	WP_477714896	train
WP_407034647	WP_407034647	val
WP_428458870	WP_428458870	train
WP_471631815	WP_428458870	train
WP_198559066	WP_428458870	train
WP_428808857	WP_428458870	train
WP_252039912	WP_428458870	train
WP_152452913	WP_152452913	train
WP_091134581	WP_091134581	train
WP_436012768	WP_436012768	train
WP_319518104	WP_319518104	val
WP_480429301	WP_480429301	test
WP_207868171	WP_207868171	test
WP_037306666	WP_037306666	train
WP_483373874	WP_483373874	train
WP_474148668	WP_483373874	train
WP_474141733	WP_483373874	train
WP_391483137	WP_483373874	train
WP_474146044	WP_483373874	train
WP_341246041	WP_483373874	train
WP_048598908	WP_483373874	train
WP_044249158	WP_044249158	train
WP_108220638	WP_044249158	train
WP_101341681	WP_044249158	train
WP_145106712	WP_044249158	train
WP_140927943	WP_140927943	train
WP_184201622	WP_184201622	train
WP_188946308	WP_184201622	train
WP_477069628	WP_477069628	train
WP_045996709	WP_045996709	train
WP_445212699	WP_445212699	train
WP_386816711	WP_386816711	train
WP_215057462	WP_386816711	train
WP_441821240	WP_386816711	train
WP_057944488	WP_386816711	train
WP_143582772	WP_143582772	val
WP_211938349	WP_211938349	val
WP_367989060	WP_367989060	train
WP_427014322	WP_367989060	train
WP_427011243	WP_367989060	train
WP_478153200	WP_478153200	train
WP_184090462	WP_184090462	val
WP_416869420	WP_416869420	val
WP_004961110	WP_004961110	train
WP_486077648	WP_004961110	train
WP_273872187	WP_004961110	train
WP_259005112	WP_004961110	train
WP_203414642	WP_203414642	train
WP_257838707	WP_257838707	train
WP_332046937	WP_332046937	train
WP_008913090	WP_008913090	test
WP_480787941	WP_480787941	train
WP_480741955	WP_480787941	train
WP_155148458	WP_480787941	train
WP_170333484	WP_480787941	train
WP_277793783	WP_277793783	train
WP_334349395	WP_277793783	train
WP_101718056	WP_277793783	train
WP_110117984	WP_277793783	train
WP_198575898	WP_277793783	train
WP_109101499	WP_277793783	train
WP_116488139	WP_277793783	train
WP_116565145	WP_277793783	train
WP_477048670	WP_277793783	train
WP_101712677	WP_277793783	train
WP_446485549	WP_446485549	test
WP_327453320	WP_327453320	val
WP_038543844	WP_038543844	train
WP_046625687	WP_038543844	train
WP_046633264	WP_038543844	train
WP_310218201	WP_038543844	train
WP_046625840	WP_038543844	train
WP_046639095	WP_038543844	train
WP_105415379	WP_038543844	train
WP_105424173	WP_038543844	train
WP_105430052	WP_038543844	train
WP_247032855	WP_038543844	train
WP_477482854	WP_038543844	train
WP_037083476	WP_038543844	train
WP_105400632	WP_038543844	train
WP_255394048	WP_038543844	train
WP_255740093	WP_038543844	train
WP_046668610	WP_038543844	train
WP_436110120	WP_038543844	train
WP_105438423	WP_038543844	train
WP_106356379	WP_106356379	train
WP_141184519	WP_141184519	val
WP_171173271	WP_171173271	test
WP_087121481	WP_087121481	train
WP_475198707	WP_475198707	train
WP_171671156	WP_475198707	train
WP_171094772	WP_475198707	train
WP_171185482	WP_475198707	train
WP_090524238	WP_090524238	test
WP_183213354	WP_183213354	test
WP_008027272	WP_008027272	test
WP_171132835	WP_171132835	train
WP_171102994	WP_171132835	train
WP_171208142	WP_171132835	train
WP_299777193	WP_299777193	train
WP_299829533	WP_299777193	train
WP_300014111	WP_299777193	train
WP_342843852	WP_342843852	train
WP_439105412	WP_342843852	train
WP_062220007	WP_342843852	train
WP_477411353	WP_477411353	train
WP_477305051	WP_477411353	train
WP_477342607	WP_477411353	train
WP_258889477	WP_258889477	val
WP_480691322	WP_480691322	train
WP_027493301	WP_027493301	val
WP_301812476	WP_301812476	train
WP_286522951	WP_301812476	train
WP_286536507	WP_301812476	train
WP_478140747	WP_301812476	train
WP_286503854	WP_301812476	train
WP_163839092	WP_163839092	val
WP_058755796	WP_058755796	train
WP_093322629	WP_093322629	test
WP_008230773	WP_008230773	val
WP_304620035	WP_304620035	train
WP_347414560	WP_304620035	train
WP_072298043	WP_304620035	train
WP_170359295	WP_170359295	train
WP_480696748	WP_170359295	train
WP_480638078	WP_170359295	train
WP_170457607	WP_170359295	train
WP_237064103	WP_237064103	val
WP_009756271	WP_009756271	val
WP_121985889	WP_121985889	train
WP_253124783	WP_121985889	train
WP_144897082	WP_121985889	train
WP_074063065	WP_074063065	train
WP_311924695	WP_311924695	train
WP_372572129	WP_372572129	train
WP_170753437	WP_372572129	train
WP_282153112	WP_372572129	train
WP_109312806	WP_372572129	train
WP_058275458	WP_372572129	train
WP_480678068	WP_372572129	train
WP_268940265	WP_268940265	test
WP_444779252	WP_444779252	val
WP_372425000	WP_444779252	val
WP_110570138	WP_110570138	test
WP_155095546	WP_155095546	train
WP_409679054	WP_409679054	val
WP_181296351	WP_181296351	train
WP_017999140	WP_017999140	train
WP_062561546	WP_017999140	train
WP_323716332	WP_017999140	train
WP_263565500	WP_017999140	train
WP_074968319	WP_017999140	train
WP_336605248	WP_336605248	train
WP_255979821	WP_336605248	train
WP_318573591	WP_318573591	test
WP_092007226	WP_092007226	val
WP_324943742	WP_324943742	train
WP_424822270	WP_424822270	train
WP_072839229	WP_072839229	train
WP_441853278	WP_072839229	train
WP_100635789	WP_072839229	train
WP_326408711	WP_326408711	test
WP_114123435	WP_114123435	val
WP_037259781	WP_037259781	train
WP_453970556	WP_453970556	train
WP_046135997	WP_046135997	val
WP_415636255	WP_415636255	train
WP_138683062	WP_415636255	train
WP_197175042	WP_415636255	train
WP_342875179	WP_415636255	train
WP_149592195	WP_415636255	train
WP_165724984	WP_415636255	train
WP_149605833	WP_415636255	train
WP_299820795	WP_299820795	train
WP_077562535	WP_077562535	val
WP_088920660	WP_088920660	val
WP_088919369	WP_088919369	val
WP_100117921	WP_100117921	val
WP_458879915	WP_458879915	test
WP_472656829	WP_472656829	train
WP_435491191	WP_435491191	test
WP_164659562	WP_164659562	test
WP_366657597	WP_366657597	train
WP_473596850	WP_473596850	val
WP_331188250	WP_331188250	train
WP_223966369	WP_223966369	val
WP_375774880	WP_223966369	val
WP_436022882	WP_436022882	train
WP_189422449	WP_189422449	test
WP_407187491	WP_407187491	val
WP_413877461	WP_413877461	train
WP_413865859	WP_413877461	train
WP_413822364	WP_413877461	train
WP_413885533	WP_413877461	train
WP_413858390	WP_413877461	train
WP_375450950	WP_375450950	val
WP_471707719	WP_471707719	test
WP_214390574	WP_214390574	val
WP_132955296	WP_132955296	test
WP_074258035	WP_074258035	val
WP_160989379	WP_160989379	val
WP_051081139	WP_051081139	val
WP_201837564	WP_201837564	test
WP_267388631	WP_267388631	test
WP_306256916	WP_306256916	val
WP_089658736	WP_089658736	test
WP_037448438	WP_037448438	train
WP_077355904	WP_077355904	val
WP_008204168	WP_008204168	val
WP_346299735	WP_346299735	val
WP_056065266	WP_056065266	test
WP_054150051	WP_054150051	train
WP_076397019	WP_054150051	train
WP_377277659	WP_054150051	train
WP_203018700	WP_054150051	train
WP_427276550	WP_054150051	train
WP_069042758	WP_054150051	train
WP_153763290	WP_054150051	train
WP_233832135	WP_233832135	train
WP_440843261	WP_233832135	train
WP_250587619	WP_250587619	train
WP_132142363	WP_132142363	val
WP_345786297	WP_345786297	test
WP_465274700	WP_465274700	test
WP_281851604	WP_465274700	test
WP_336141541	WP_336141541	test
WP_261170515	WP_261170515	val
WP_219003614	WP_219003614	test
WP_106608831	WP_106608831	test
WP_271889504	WP_271889504	val
WP_464456810	WP_464456810	val
WP_298382733	WP_298382733	test
WP_263398117	WP_263398117	train
WP_455434226	WP_263398117	train
WP_309915407	WP_263398117	train
WP_481901483	WP_481901483	train
WP_212629249	WP_481901483	train
WP_161865665	WP_481901483	train
WP_480857823	WP_480857823	val
WP_090159015	WP_090159015	train
WP_056036681	WP_090159015	train
WP_226748338	WP_090159015	train
WP_197918173	WP_197918173	val
WP_108505809	WP_108505809	val
WP_053169840	WP_053169840	test
WP_099536669	WP_099536669	train
WP_099443108	WP_099536669	train
WP_299003889	WP_099536669	train
WP_304272549	WP_099536669	train
WP_066730496	WP_099536669	train
WP_013080649	WP_099536669	train
WP_211785457	WP_211785457	train
WP_052362672	WP_211785457	train
WP_235225208	WP_235225208	test
WP_189516197	WP_189516197	test
WP_102609534	WP_102609534	val
WP_261836054	WP_261836054	test
WP_172299430	WP_172299430	val
WP_420672908	WP_420672908	test
WP_168611691	WP_168611691	train
WP_065326713	WP_168611691	train
WP_475341482	WP_168611691	train
WP_475331117	WP_168611691	train
WP_005611170	WP_168611691	train
WP_413219178	WP_168611691	train
WP_065331189	WP_168611691	train
WP_065323815	WP_168611691	train
WP_344705978	WP_344705978	val
WP_096053681	WP_096053681	train
WP_476064502	WP_096053681	train
WP_310217081	WP_096053681	train
WP_057466614	WP_057466614	train
WP_477861004	WP_057466614	train
WP_477966409	WP_057466614	train
WP_071693552	WP_071693552	train
WP_461427627	WP_461427627	train
WP_325370514	WP_325370514	val
WP_484163333	WP_484163333	train
WP_414013615	WP_484163333	train
WP_322993930	WP_484163333	train
WP_082431591	WP_484163333	train
WP_377281213	WP_377281213	train
WP_421852806	WP_421852806	val
WP_168557783	WP_168557783	train
WP_169476531	WP_168557783	train
WP_179506537	WP_168557783	train
WP_420139838	WP_420139838	train
WP_109332574	WP_109332574	val
WP_249707012	WP_249707012	test
WP_113377860	WP_113377860	test
WP_250538529	WP_250538529	train
WP_250866016	WP_250538529	train
WP_250490326	WP_250538529	train
WP_061121407	WP_250538529	train
WP_106856821	WP_250538529	train
WP_138573998	WP_138573998	val
WP_339718640	WP_339718640	train
WP_244959598	WP_339718640	train
WP_031214429	WP_339718640	train
WP_255895426	WP_339718640	train
WP_392383766	WP_339718640	train
WP_148832505	WP_339718640	train
WP_348577558	WP_339718640	train
WP_239495467	WP_339718640	train
WP_292067455	WP_292067455	train
WP_074885524	WP_074885524	test
WP_249868460	WP_249868460	train
WP_295523447	WP_295523447	test
WP_087050045	WP_087050045	train
WP_422635391	WP_422635391	train
WP_249505051	WP_249505051	val
WP_475766392	WP_475766392	val
WP_111413954	WP_111413954	test
WP_172363316	WP_172363316	train
WP_111404735	WP_111404735	train
WP_188906284	WP_188906284	train
WP_441983144	WP_441983144	val
WP_085620323	WP_085620323	train
WP_417815866	WP_085620323	train
WP_417811234	WP_085620323	train
WP_417814112	WP_085620323	train
WP_342078433	WP_342078433	val
WP_033069018	WP_033069018	val
WP_196104460	WP_196104460	test
WP_192371167	WP_192371167	val
WP_209841239	WP_209841239	test
WP_390211304	WP_390211304	train
WP_402864407	WP_402864407	test
WP_135963097	WP_135963097	val
WP_115671388	WP_115671388	train
WP_154721487	WP_115671388	train
WP_454288875	WP_115671388	train
WP_194794995	WP_194794995	train
WP_175895440	WP_194794995	train
WP_059478650	WP_194794995	train
WP_059516710	WP_194794995	train
WP_060244884	WP_194794995	train
WP_059604026	WP_194794995	train
WP_015458661	WP_015458661	val
WP_477172042	WP_477172042	train
WP_477149389	WP_477172042	train
WP_477158020	WP_477172042	train
WP_395540591	WP_395540591	train
WP_440877345	WP_440877345	val
WP_133282475	WP_133282475	train
WP_347516385	WP_347516385	test
WP_325616286	WP_325616286	val
WP_082754775	WP_082754775	train
WP_397448425	WP_397448425	val
WP_136992924	WP_136992924	train
WP_348497064	WP_348497064	test
WP_347535672	WP_347535672	val
WP_152826246	WP_152826246	test
WP_064450011	WP_064450011	train
WP_073638263	WP_064450011	train
WP_407017438	WP_064450011	train
WP_305439453	WP_064450011	train
WP_069551780	WP_064450011	train
WP_058314768	WP_058314768	val
WP_296919317	WP_296919317	train
WP_092523506	WP_092523506	train
WP_112053630	WP_092523506	train
WP_175069062	WP_092523506	train
WP_149909654	WP_149909654	train
WP_111783297	WP_149909654	train
WP_035252989	WP_149909654	train
WP_111796236	WP_149909654	train
WP_421416224	WP_149909654	train
WP_111789479	WP_149909654	train
WP_065661584	WP_149909654	train
WP_097103182	WP_149909654	train
WP_065702813	WP_149909654	train
WP_174373010	WP_149909654	train
WP_113472878	WP_149909654	train
WP_065688289	WP_149909654	train
WP_149898679	WP_149909654	train
WP_394207437	WP_394207437	train
WP_305414034	WP_305414034	val
WP_088648320	WP_088648320	val
WP_483481547	WP_483481547	val
WP_062605250	WP_483481547	val
WP_395058594	WP_395058594	train
WP_039683267	WP_039683267	val
WP_353414073	WP_353414073	train
WP_069319447	WP_069319447	train
WP_260480931	WP_069319447	train
WP_210811873	WP_210811873	train
WP_262299160	WP_210811873	train
WP_262268660	WP_210811873	train
WP_173947259	WP_210811873	train
WP_293576565	WP_293576565	train
WP_418131197	WP_418131197	test
WP_209473608	WP_209473608	train
WP_419974763	WP_209473608	train
WP_219790364	WP_209473608	train
WP_336082424	WP_336082424	val
WP_056617599	WP_056617599	train
WP_259358714	WP_259358714	test
WP_420097384	WP_259358714	test
WP_252118717	WP_252118717	test
WP_108875067	WP_108875067	train
WP_350183526	WP_108875067	train
WP_422384133	WP_108875067	train
WP_029064683	WP_108875067	train
WP_281931140	WP_108875067	train
WP_197000799	WP_108875067	train
WP_055113657	WP_108875067	train
WP_297387937	WP_297387937	train
WP_240885261	WP_240885261	val
WP_066546035	WP_240885261	val
WP_348106511	WP_348106511	val
WP_213877449	WP_213877449	val
WP_179947567	WP_179947567	val
WP_088724577	WP_088724577	train
WP_109171706	WP_088724577	train
WP_281142908	WP_088724577	train
WP_075776394	WP_088724577	train
WP_088722042	WP_088724577	train
WP_088735170	WP_088724577	train
WP_088719213	WP_088724577	train
WP_074990260	WP_074990260	train
WP_147427409	WP_074990260	train
WP_024842739	WP_074990260	train
WP_259782365	WP_259782365	train
WP_404336852	WP_404336852	val
WP_152586159	WP_152586159	train
WP_126484307	WP_126484307	val
WP_189682515	WP_189682515	train
WP_113954377	WP_113954377	test
WP_340356517	WP_340356517	train
WP_093161376	WP_340356517	train
WP_088957744	WP_340356517	train
WP_179673687	WP_179673687	test
WP_275823786	WP_275823786	test
WP_183113971	WP_183113971	test
WP_369648455	WP_369648455	train
WP_202092231	WP_202092231	train
WP_145399097	WP_145399097	train
WP_282523282	WP_282523282	val
WP_065733288	WP_065733288	val
WP_337266605	WP_337266605	test
WP_236114709	WP_236114709	train
WP_249696719	WP_249696719	train
WP_094918638	WP_094918638	val
WP_059386258	WP_094918638	val
WP_138095076	WP_138095076	val
WP_462584515	WP_138095076	val
WP_311781352	WP_311781352	train
WP_120452764	WP_311781352	train
WP_269950248	WP_311781352	train
WP_126688916	WP_311781352	train
WP_312838824	WP_311781352	train
WP_436582895	WP_436582895	train
WP_174849356	WP_436582895	train
WP_339099499	WP_436582895	train
WP_408557216	WP_436582895	train
WP_458851391	WP_436582895	train
WP_050880401	WP_436582895	train
WP_447481069	WP_436582895	train
WP_447481914	WP_436582895	train
WP_019079664	WP_436582895	train
WP_019083267	WP_436582895	train
WP_172730731	WP_172730731	train
WP_048283619	WP_172730731	train
WP_048285743	WP_172730731	train
WP_437246130	WP_172730731	train
WP_048279761	WP_172730731	train
WP_045289124	WP_172730731	train
WP_084878176	WP_084878176	train
WP_208717003	WP_084878176	train
WP_313686821	WP_084878176	train
WP_332667284	WP_084878176	train
WP_392560603	WP_392560603	val
WP_099706602	WP_099706602	val
WP_087784219	WP_087784219	train
WP_050311158	WP_087784219	train
WP_372560203	WP_087784219	train
WP_032906734	WP_087784219	train
WP_481090494	WP_087784219	train
WP_271296621	WP_087784219	train
WP_338628523	WP_087784219	train
WP_050087293	WP_087784219	train
WP_444545908	WP_444545908	val
WP_120496027	WP_120496027	val
WP_100282193	WP_100282193	test
WP_102625939	WP_102625939	train
WP_426433881	WP_426433881	train
WP_380013674	WP_380013674	train
WP_108397426	WP_108397426	val
WP_114238764	WP_114238764	val
WP_029603514	WP_029603514	train
WP_070405545	WP_029603514	train
WP_367160762	WP_029603514	train
WP_070403380	WP_029603514	train
WP_347189664	WP_347189664	test
WP_085307978	WP_347189664	test
WP_485967681	WP_485967681	train
WP_306703062	WP_306703062	test
WP_203443731	WP_203443731	test
WP_473098339	WP_203443731	test
WP_316858638	WP_316858638	val
WP_067343681	WP_067343681	train
WP_199474778	WP_067343681	train
WP_067014689	WP_067343681	train
WP_475443705	WP_067343681	train
WP_475428448	WP_067343681	train
WP_269585710	WP_269585710	train
WP_084202911	WP_084202911	train
WP_024019735	WP_024019735	val
WP_420393067	WP_420393067	test
WP_432255588	WP_432255588	train
WP_446207707	WP_432255588	train
WP_085897165	WP_432255588	train
WP_446205217	WP_432255588	train
WP_446199545	WP_432255588	train
WP_347860080	WP_347860080	test
WP_182085066	WP_182085066	test
WP_322014240	WP_322014240	test
WP_086640993	WP_086640993	val
WP_283647273	WP_283647273	test
WP_315928834	WP_315928834	test
WP_317247000	WP_317247000	val
WP_264393608	WP_264393608	val
WP_480636110	WP_480636110	train
WP_480648846	WP_480636110	train
WP_170378473	WP_480636110	train
WP_480903642	WP_480636110	train
WP_170351630	WP_480636110	train
WP_170357700	WP_480636110	train
WP_480664118	WP_480636110	train
WP_085823825	WP_480636110	train
WP_480823987	WP_480636110	train
WP_170395862	WP_480636110	train
WP_170765393	WP_480636110	train
WP_058276298	WP_480636110	train
WP_480652294	WP_480636110	train
WP_050606108	WP_480636110	train
WP_480690275	WP_480636110	train
WP_226688651	WP_480636110	train
WP_286718069	WP_286718069	test
WP_199039610	WP_199039610	test
WP_353982569	WP_353982569	val
WP_210529466	WP_210529466	test
WP_059535246	WP_059535246	train
WP_269505700	WP_059535246	train
WP_059689095	WP_059535246	train
WP_322039678	WP_059535246	train
WP_321849184	WP_059535246	train
WP_059700717	WP_059535246	train
WP_059820728	WP_059535246	train
WP_175786855	WP_059535246	train
WP_059916355	WP_059535246	train
WP_059794062	WP_059535246	train
WP_321811374	WP_059535246	train
WP_257768648	WP_059535246	train
WP_321805136	WP_059535246	train
WP_250936670	WP_250936670	test
WP_188689616	WP_188689616	test
WP_187044419	WP_187044419	test
WP_160030579	WP_187044419	test
WP_337732554	WP_337732554	train
WP_446539400	WP_337732554	train
WP_277727621	WP_337732554	train
WP_142126100	WP_337732554	train
WP_192202974	WP_337732554	train
WP_062093434	WP_062093434	test
WP_108859646	WP_108859646	train
WP_058276639	WP_108859646	train
WP_109311087	WP_108859646	train
WP_472724970	WP_108859646	train
WP_282151991	WP_108859646	train
WP_282119356	WP_108859646	train
WP_058271999	WP_108859646	train
WP_006275488	WP_006275488	train
WP_443750271	WP_443750271	test
WP_460754010	WP_460754010	test
WP_023455605	WP_023455605	test
WP_294113002	WP_294113002	train
WP_412550984	WP_294113002	train
WP_454714167	WP_454714167	val
WP_454758690	WP_454714167	val
WP_170418705	WP_170418705	test
WP_371744235	WP_371744235	train
WP_090624704	WP_090624704	val
WP_397401503	WP_397401503	val
WP_397420747	WP_397401503	val
WP_206239513	WP_206239513	test
WP_343612352	WP_206239513	test
WP_263580839	WP_263580839	train
WP_126420619	WP_126420619	train
WP_290798577	WP_126420619	train
WP_298327689	WP_126420619	train
WP_410271042	WP_126420619	train
WP_338735550	WP_126420619	train
WP_013478585	WP_126420619	train
WP_272740394	WP_126420619	train
WP_463033808	WP_126420619	train
WP_055980226	WP_055980226	test
WP_184332262	WP_184332262	val
WP_263845487	WP_263845487	train
WP_284484229	WP_284484229	test
WP_085850744	WP_085850744	test
WP_285871856	WP_285871856	val
WP_107150593	WP_107150593	train
WP_368672241	WP_107150593	train
WP_026229523	WP_107150593	train
WP_446281368	WP_446281368	train
WP_007799156	WP_007799156	val
WP_286732322	WP_286732322	train
WP_459473316	WP_286732322	train
WP_288434543	WP_286732322	train
WP_133860033	WP_286732322	train
WP_308708780	WP_286732322	train
WP_285385736	WP_286732322	train
WP_064309177	WP_286732322	train
WP_288448593	WP_286732322	train
WP_160924264	WP_286732322	train
WP_478375537	WP_286732322	train
WP_042134670	WP_286732322	train
WP_059313163	WP_286732322	train
WP_316856882	WP_286732322	train
WP_278893997	WP_286732322	train
WP_414204584	WP_286732322	train
WP_027597384	WP_286732322	train
WP_310045444	WP_286732322	train
WP_187980603	WP_286732322	train
WP_295465938	WP_286732322	train
WP_442441676	WP_286732322	train
WP_273805631	WP_286732322	train
WP_017642357	WP_286732322	train
WP_323148634	WP_286732322	train
WP_132832594	WP_286732322	train
WP_145153848	WP_286732322	train
WP_288471682	WP_286732322	train
WP_257704809	WP_286732322	train
WP_310121200	WP_286732322	train
WP_007159922	WP_286732322	train
WP_184289029	WP_286732322	train
WP_282284912	WP_286732322	train
WP_145011300	WP_286732322	train
WP_377708850	WP_286732322	train
WP_173149849	WP_286732322	train
WP_140219341	WP_286732322	train
WP_150340437	WP_286732322	train
WP_309737181	WP_286732322	train
WP_313336622	WP_286732322	train
WP_169855065	WP_286732322	train
WP_288479416	WP_286732322	train
WP_295516889	WP_286732322	train
WP_241808733	WP_286732322	train
WP_158889895	WP_286732322	train
WP_208693495	WP_286732322	train
WP_309757718	WP_286732322	train
WP_284670535	WP_286732322	train
WP_312727496	WP_286732322	train
WP_278442965	WP_286732322	train
WP_058766584	WP_286732322	train
WP_273862445	WP_286732322	train
WP_427652166	WP_286732322	train
WP_312374296	WP_286732322	train
WP_183632454	WP_286732322	train
WP_058791746	WP_286732322	train
WP_280308097	WP_286732322	train
WP_231357218	WP_286732322	train
WP_271653612	WP_286732322	train
WP_027600631	WP_286732322	train
WP_074584207	WP_286732322	train
WP_059228265	WP_286732322	train
WP_338545647	WP_286732322	train
WP_470400356	WP_286732322	train
WP_404548953	WP_404548953	train
WP_273957816	WP_273957816	train
WP_299611535	WP_299611535	train
WP_299141324	WP_299611535	train
WP_299297626	WP_299611535	train
WP_299655030	WP_299611535	train
WP_222520089	WP_299611535	train
WP_299369348	WP_299611535	train
WP_270077941	WP_270077941	val
WP_274144223	WP_274144223	test
WP_428247979	WP_428247979	val
WP_116083339	WP_116083339	train
WP_254578643	WP_254578643	val
WP_066804455	WP_066804455	train
WP_478029680	WP_066804455	train
WP_296611695	WP_066804455	train
WP_094076737	WP_094076737	val
WP_375397620	WP_375397620	val
WP_258295379	WP_258295379	train
WP_472737175	WP_472737175	val
WP_374582170	WP_374582170	test
WP_166850096	WP_166850096	train
WP_108254457	WP_108254457	test
WP_055360286	WP_108254457	test
WP_434637870	WP_434637870	train
WP_354626046	WP_434637870	train
WP_015585465	WP_434637870	train
WP_165551360	WP_434637870	train
WP_128318889	WP_434637870	train
WP_004869159	WP_434637870	train
WP_180862422	WP_434637870	train
WP_214241161	WP_434637870	train
WP_211843092	WP_434637870	train
WP_097358130	WP_434637870	train
WP_462478680	WP_434637870	train
WP_196316277	WP_196316277	train
WP_097479781	WP_196316277	train
WP_143407156	WP_196316277	train
WP_131505438	WP_196316277	train
WP_142435661	WP_196316277	train
WP_342080435	WP_196316277	train
WP_486928945	WP_196316277	train
WP_146849339	WP_196316277	train
WP_342084009	WP_196316277	train
WP_265928126	WP_196316277	train
WP_407254135	WP_196316277	train
WP_447218072	WP_196316277	train
WP_130569829	WP_196316277	train
WP_247095537	WP_196316277	train
WP_254670223	WP_196316277	train
WP_089563587	WP_196316277	train
WP_220173250	WP_196316277	train
WP_442897608	WP_196316277	train
WP_122358622	WP_196316277	train
WP_200534667	WP_196316277	train
WP_048970180	WP_196316277	train
WP_160190893	WP_196316277	train
WP_077396171	WP_196316277	train
WP_413179262	WP_196316277	train
WP_208523970	WP_196316277	train
WP_144039050	WP_196316277	train
WP_061353207	WP_196316277	train
WP_260835302	WP_196316277	train
WP_104769057	WP_196316277	train
WP_234278407	WP_196316277	train
WP_266188813	WP_196316277	train
WP_208789759	WP_196316277	train
WP_016233659	WP_196316277	train
WP_001667957	WP_196316277	train
WP_032207453	WP_196316277	train
WP_001198700	WP_196316277	train
WP_414656245	WP_196316277	train
WP_096976800	WP_196316277	train
WP_097370290	WP_196316277	train
WP_096984290	WP_196316277	train
WP_332389579	WP_196316277	train
WP_447568001	WP_196316277	train
WP_115211880	WP_196316277	train
WP_100287054	WP_196316277	train
WP_175085762	WP_196316277	train
WP_078342906	WP_196316277	train
WP_024226309	WP_196316277	train
WP_396001440	WP_196316277	train
WP_078188816	WP_196316277	train
WP_374068463	WP_196316277	train
WP_326388181	WP_196316277	train
WP_269232955	WP_196316277	train
WP_410230959	WP_196316277	train
WP_233321679	WP_196316277	train
WP_059339221	WP_196316277	train
WP_279955538	WP_196316277	train
WP_250145085	WP_196316277	train
WP_152923137	WP_196316277	train
WP_396123976	WP_196316277	train
WP_112042644	WP_196316277	train
WP_112900881	WP_196316277	train
WP_096844902	WP_196316277	train
WP_192851336	WP_196316277	train
WP_269425370	WP_196316277	train
WP_265745524	WP_196316277	train
WP_242817244	WP_196316277	train
WP_407230272	WP_196316277	train
WP_151101482	WP_196316277	train
WP_001198707	WP_196316277	train
WP_039020318	WP_196316277	train
WP_032210836	WP_196316277	train
WP_345916960	WP_196316277	train
WP_192854923	WP_196316277	train
WP_250377324	WP_196316277	train
WP_353939797	WP_196316277	train
WP_044326178	WP_196316277	train
WP_416039071	WP_196316277	train
WP_137554402	WP_196316277	train
WP_096246520	WP_196316277	train
WP_205850264	WP_196316277	train
WP_001555755	WP_196316277	train
WP_049293217	WP_196316277	train
WP_464288246	WP_196316277	train
WP_322470983	WP_196316277	train
WP_001198735	WP_196316277	train
WP_160452045	WP_196316277	train
WP_149856002	WP_196316277	train
WP_112915371	WP_196316277	train
WP_029398057	WP_196316277	train
WP_139288570	WP_196316277	train
WP_309141620	WP_196316277	train
WP_267208880	WP_196316277	train
WP_032231563	WP_196316277	train
WP_001198725	WP_196316277	train
WP_255784329	WP_196316277	train
WP_032271954	WP_196316277	train
WP_113449155	WP_196316277	train
WP_073980395	WP_196316277	train
WP_077531886	WP_196316277	train
WP_075328628	WP_196316277	train
WP_001630572	WP_196316277	train
WP_264797834	WP_196316277	train
WP_073268131	WP_196316277	train
WP_266212729	WP_196316277	train
WP_171852529	WP_196316277	train
WP_262146143	WP_196316277	train
WP_130565244	WP_196316277	train
WP_228253221	WP_196316277	train
WP_413181654	WP_196316277	train
WP_072671768	WP_196316277	train
WP_001198717	WP_196316277	train
WP_155849648	WP_196316277	train
WP_276337367	WP_196316277	train
WP_198793757	WP_196316277	train
WP_001600736	WP_196316277	train
WP_115455857	WP_196316277	train
WP_137520282	WP_196316277	train
WP_061092916	WP_196316277	train
WP_097336510	WP_196316277	train
WP_218815601	WP_196316277	train
WP_042003576	WP_196316277	train
WP_210178185	WP_196316277	train
WP_112039487	WP_196316277	train
WP_203163150	WP_196316277	train
WP_063611033	WP_196316277	train
WP_072652755	WP_196316277	train
WP_460210089	WP_196316277	train
WP_029397626	WP_196316277	train
WP_285081497	WP_196316277	train
WP_106494901	WP_196316277	train
WP_259429193	WP_196316277	train
WP_044805047	WP_196316277	train
WP_047090091	WP_196316277	train
WP_409023669	WP_196316277	train
WP_094249166	WP_196316277	train
WP_089046583	WP_196316277	train
WP_136753137	WP_196316277	train
WP_227478547	WP_196316277	train
WP_021561409	WP_196316277	train
WP_167823846	WP_196316277	train
WP_250696917	WP_196316277	train
WP_139562149	WP_196316277	train
WP_348834559	WP_196316277	train
WP_202789939	WP_196316277	train
WP_136800676	WP_196316277	train
WP_072842092	WP_196316277	train
WP_032274542	WP_196316277	train
WP_047086863	WP_196316277	train
WP_158121598	WP_196316277	train
WP_069357381	WP_196316277	train
WP_001714546	WP_196316277	train
WP_107135479	WP_196316277	train
WP_001198714	WP_196316277	train
WP_089574505	WP_196316277	train
WP_260836087	WP_196316277	train
WP_021576587	WP_196316277	train
WP_049039125	WP_196316277	train
WP_284318113	WP_196316277	train
WP_104074214	WP_196316277	train
WP_159186287	WP_196316277	train
WP_224171310	WP_196316277	train
WP_241361258	WP_196316277	train
WP_148672212	WP_196316277	train
WP_001544199	WP_196316277	train
WP_337243229	WP_196316277	train
WP_325855101	WP_196316277	train
WP_094337697	WP_196316277	train
WP_137559944	WP_196316277	train
WP_115202493	WP_196316277	train
WP_060774028	WP_196316277	train
WP_160189653	WP_196316277	train
WP_426259201	WP_196316277	train
WP_480942199	WP_196316277	train
WP_048968365	WP_196316277	train
WP_256270413	WP_196316277	train
WP_072666620	WP_196316277	train
WP_196109768	WP_196316277	train
WP_046076993	WP_196316277	train
WP_481246324	WP_196316277	train
WP_139500532	WP_196316277	train
WP_089075430	WP_196316277	train
WP_103488290	WP_196316277	train
WP_239616931	WP_196316277	train
WP_088544199	WP_196316277	train
WP_001428495	WP_196316277	train
WP_052892335	WP_196316277	train
WP_367613361	WP_196316277	train
WP_266180113	WP_196316277	train
WP_001592958	WP_196316277	train
WP_128882207	WP_196316277	train
WP_001198726	WP_196316277	train
WP_096132385	WP_196316277	train
WP_097749526	WP_196316277	train
WP_046082732	WP_196316277	train
WP_367777021	WP_196316277	train
WP_169710989	WP_196316277	train
WP_160185464	WP_196316277	train
WP_309141621	WP_196316277	train
WP_225378989	WP_196316277	train
WP_001636836	WP_196316277	train
WP_428253137	WP_196316277	train
WP_247148835	WP_196316277	train
WP_282620567	WP_196316277	train
WP_073507505	WP_196316277	train
WP_166494122	WP_196316277	train
WP_044782071	WP_196316277	train
WP_265739528	WP_196316277	train
WP_004005032	WP_196316277	train
WP_001198704	WP_196316277	train
WP_447566303	WP_196316277	train
WP_062876179	WP_196316277	train
WP_022646305	WP_196316277	train
WP_105272238	WP_196316277	train
WP_447232558	WP_196316277	train
WP_001549859	WP_196316277	train
WP_335287239	WP_196316277	train
WP_032253228	WP_196316277	train
WP_121335505	WP_196316277	train
WP_062893824	WP_196316277	train
WP_187798089	WP_196316277	train
WP_180510443	WP_196316277	train
WP_152954420	WP_196316277	train
WP_001198731	WP_196316277	train
WP_053263721	WP_196316277	train
WP_097169387	WP_196316277	train
WP_016262708	WP_196316277	train
WP_094132882	WP_196316277	train
WP_286356055	WP_196316277	train
WP_059251678	WP_196316277	train
WP_251988383	WP_196316277	train
WP_247154018	WP_196316277	train
WP_462059232	WP_196316277	train
WP_224171313	WP_196316277	train
WP_271096179	WP_196316277	train
WP_329780822	WP_196316277	train
WP_407981227	WP_196316277	train
WP_438430835	WP_196316277	train
WP_032182980	WP_196316277	train
WP_308331261	WP_196316277	train
WP_001198738	WP_196316277	train
WP_237859531	WP_196316277	train
WP_089674508	WP_196316277	train
WP_302410294	WP_196316277	train
WP_001198732	WP_196316277	train
WP_001525922	WP_196316277	train
WP_032172565	WP_196316277	train
WP_001604228	WP_196316277	train
WP_137461724	WP_196316277	train
WP_032304102	WP_196316277	train
WP_161537203	WP_196316277	train
WP_059337280	WP_196316277	train
WP_444880912	WP_196316277	train
WP_273680089	WP_196316277	train
WP_001198699	WP_196316277	train
WP_032219355	WP_196316277	train
WP_047149230	WP_196316277	train
WP_088540387	WP_196316277	train
WP_032360509	WP_196316277	train
WP_097403448	WP_196316277	train
WP_238799198	WP_196316277	train
WP_001198706	WP_196316277	train
WP_433357413	WP_196316277	train
WP_027662666	WP_196316277	train
WP_241328746	WP_196316277	train
WP_169062362	WP_196316277	train
WP_089589142	WP_196316277	train
WP_116837653	WP_196316277	train
WP_250380048	WP_196316277	train
WP_436342253	WP_196316277	train
WP_445074103	WP_196316277	train
WP_066019199	WP_196316277	train
WP_112029991	WP_196316277	train
WP_160420707	WP_196316277	train
WP_202791003	WP_196316277	train
WP_194500984	WP_196316277	train
WP_219788359	WP_196316277	train
WP_097445125	WP_196316277	train
WP_137549444	WP_196316277	train
WP_243054190	WP_196316277	train
WP_038988867	WP_196316277	train
WP_219892075	WP_196316277	train
WP_215463117	WP_196316277	train
WP_426933451	WP_196316277	train
WP_342080428	WP_196316277	train
WP_316444198	WP_196316277	train
WP_424704747	WP_196316277	train
WP_097747738	WP_196316277	train
WP_152639215	WP_196316277	train
WP_172614195	WP_196316277	train
WP_105075447	WP_196316277	train
WP_241468724	WP_196316277	train
WP_137582680	WP_196316277	train
WP_258130673	WP_196316277	train
WP_174592778	WP_196316277	train
WP_251286942	WP_196316277	train
WP_172703646	WP_196316277	train
WP_001198728	WP_196316277	train
WP_075331536	WP_196316277	train
WP_085007880	WP_196316277	train
WP_196084447	WP_196316277	train
WP_447221997	WP_196316277	train
WP_181673843	WP_196316277	train
WP_338384269	WP_196316277	train
WP_301221004	WP_196316277	train
WP_203139518	WP_196316277	train
WP_437582088	WP_196316277	train
WP_341447312	WP_196316277	train
WP_137433054	WP_196316277	train
WP_137546766	WP_196316277	train
WP_096150296	WP_196316277	train
WP_096885011	WP_196316277	train
WP_454077667	WP_196316277	train
WP_249924975	WP_196316277	train
WP_247142157	WP_196316277	train
WP_119186559	WP_196316277	train
WP_316444200	WP_196316277	train
WP_097337559	WP_196316277	train
WP_032321972	WP_196316277	train
WP_032333849	WP_196316277	train
WP_074576859	WP_196316277	train
WP_235639346	WP_196316277	train
WP_118231057	WP_196316277	train
WP_449265388	WP_196316277	train
WP_032343015	WP_196316277	train
WP_218734701	WP_196316277	train
WP_165474221	WP_196316277	train
WP_108942523	WP_196316277	train
WP_252474137	WP_196316277	train
WP_001198729	WP_196316277	train
WP_105263486	WP_196316277	train
WP_001521703	WP_196316277	train
WP_137475102	WP_196316277	train
WP_335043296	WP_196316277	train
WP_186225309	WP_196316277	train
WP_413146389	WP_196316277	train
WP_218791906	WP_196316277	train
WP_228253584	WP_196316277	train
WP_164838788	WP_196316277	train
WP_322268217	WP_196316277	train
WP_096184386	WP_196316277	train
WP_024238716	WP_196316277	train
WP_446907622	WP_196316277	train
WP_311001024	WP_196316277	train
WP_196047214	WP_196316277	train
WP_447536591	WP_196316277	train
WP_001198698	WP_196316277	train
WP_438309462	WP_196316277	train
WP_073461809	WP_196316277	train
WP_400165091	WP_196316277	train
WP_187240113	WP_196316277	train
WP_001572086	WP_196316277	train
WP_201356635	WP_196316277	train
WP_229479366	WP_196316277	train
WP_274796012	WP_196316277	train
WP_309189229	WP_196316277	train
WP_107180746	WP_196316277	train
WP_053266219	WP_196316277	train
WP_074523859	WP_196316277	train
WP_097493792	WP_196316277	train
WP_161394479	WP_196316277	train
WP_062882425	WP_196316277	train
WP_021522293	WP_196316277	train
WP_087893146	WP_196316277	train
WP_114401158	WP_196316277	train
WP_001198727	WP_196316277	train
WP_115441542	WP_196316277	train
WP_059236300	WP_196316277	train
WP_222656157	WP_196316277	train
WP_219371176	WP_196316277	train
WP_427040003	WP_196316277	train
WP_001198734	WP_196316277	train
WP_131505420	WP_196316277	train
WP_257119686	WP_196316277	train
WP_133296747	WP_196316277	train
WP_448151628	WP_196316277	train
WP_236931734	WP_196316277	train
WP_267657682	WP_196316277	train
WP_061353627	WP_196316277	train
WP_113411918	WP_196316277	train
WP_447225412	WP_196316277	train
WP_179763642	WP_196316277	train
WP_001198705	WP_196316277	train
WP_220409933	WP_196316277	train
WP_062875353	WP_196316277	train
WP_072648232	WP_196316277	train
WP_171885883	WP_196316277	train
WP_194967388	WP_196316277	train
WP_113472231	WP_196316277	train
WP_151425288	WP_196316277	train
WP_407222721	WP_196316277	train
WP_104919993	WP_196316277	train
WP_134388656	WP_196316277	train
WP_001198716	WP_196316277	train
WP_108118514	WP_196316277	train
WP_001198730	WP_196316277	train
WP_001198697	WP_196316277	train
WP_097430764	WP_196316277	train
WP_095885735	WP_196316277	train
WP_182486192	WP_196316277	train
WP_097314868	WP_196316277	train
WP_097697375	WP_196316277	train
WP_112979262	WP_196316277	train
WP_473114436	WP_196316277	train
WP_318220039	WP_196316277	train
WP_105075199	WP_196316277	train
WP_473099045	WP_196316277	train
WP_148672211	WP_196316277	train
WP_140017603	WP_196316277	train
WP_097491584	WP_196316277	train
WP_135996582	WP_196316277	train
WP_410403517	WP_196316277	train
WP_438896941	WP_196316277	train
WP_001514671	WP_196316277	train
WP_170876971	WP_196316277	train
WP_021541737	WP_196316277	train
WP_227898491	WP_196316277	train
WP_240766451	WP_196316277	train
WP_001198710	WP_196316277	train
WP_410404630	WP_196316277	train
WP_433439155	WP_196316277	train
WP_366991939	WP_196316277	train
WP_204628936	WP_196316277	train
WP_247154017	WP_196316277	train
WP_227901383	WP_196316277	train
WP_126123259	WP_196316277	train
WP_270658737	WP_196316277	train
WP_138642721	WP_196316277	train
WP_137524403	WP_196316277	train
WP_021540488	WP_196316277	train
WP_095157869	WP_196316277	train
WP_063086485	WP_196316277	train
WP_024241724	WP_196316277	train
WP_089709114	WP_196316277	train
WP_309794532	WP_196316277	train
WP_367008301	WP_196316277	train
WP_252149041	WP_196316277	train
WP_001198702	WP_196316277	train
WP_130522036	WP_196316277	train
WP_221685834	WP_196316277	train
WP_052908619	WP_196316277	train
WP_411636859	WP_196316277	train
WP_438415544	WP_196316277	train
WP_420051534	WP_196316277	train
WP_231372598	WP_196316277	train
WP_137531040	WP_196316277	train
WP_001198718	WP_196316277	train
WP_149843180	WP_196316277	train
WP_001198701	WP_196316277	train
WP_414227381	WP_196316277	train
WP_180566044	WP_196316277	train
WP_095574373	WP_196316277	train
WP_181200480	WP_196316277	train
WP_113896265	WP_196316277	train
WP_052923915	WP_196316277	train
WP_215736070	WP_196316277	train
WP_238044758	WP_196316277	train
WP_063119283	WP_196316277	train
WP_089586758	WP_196316277	train
WP_097467007	WP_196316277	train
WP_135403370	WP_196316277	train
WP_243575797	WP_196316277	train
WP_237855683	WP_196316277	train
WP_137562299	WP_196316277	train
WP_338301708	WP_196316277	train
WP_103054070	WP_196316277	train
WP_021564746	WP_196316277	train
WP_114282731	WP_196316277	train
WP_167818185	WP_196316277	train
WP_178964543	WP_196316277	train
WP_024230095	WP_196316277	train
WP_251301040	WP_196316277	train
WP_137472329	WP_196316277	train
WP_228253583	WP_196316277	train
WP_447515767	WP_196316277	train
WP_060615476	WP_196316277	train
WP_126720641	WP_196316277	train
WP_239964995	WP_196316277	train
WP_001198721	WP_196316277	train
WP_001198713	WP_196316277	train
WP_097768386	WP_196316277	train
WP_096855534	WP_196316277	train
WP_001198724	WP_196316277	train
WP_289690681	WP_196316277	train
WP_447304695	WP_196316277	train
WP_149843010	WP_196316277	train
WP_426826475	WP_196316277	train
WP_112022748	WP_196316277	train
WP_244572136	WP_196316277	train
WP_460210090	WP_196316277	train
WP_413180330	WP_196316277	train
WP_162720458	WP_196316277	train
WP_001198733	WP_196316277	train
WP_443433132	WP_196316277	train
WP_032161284	WP_196316277	train
WP_208489706	WP_196316277	train
WP_215742477	WP_196316277	train
WP_445235446	WP_196316277	train
WP_097430555	WP_196316277	train
WP_048983594	WP_196316277	train
WP_001198708	WP_196316277	train
WP_313750098	WP_196316277	train
WP_096883702	WP_196316277	train
WP_137574085	WP_196316277	train
WP_112037608	WP_196316277	train
WP_348820952	WP_196316277	train
WP_435792555	WP_196316277	train
WP_396070059	WP_196316277	train
WP_268556399	WP_196316277	train
WP_104772959	WP_196316277	train
WP_196613923	WP_196316277	train
WP_455996910	WP_196316277	train
WP_128875423	WP_196316277	train
WP_148460654	WP_196316277	train
WP_407254118	WP_196316277	train
WP_461207981	WP_196316277	train
WP_001198715	WP_196316277	train
WP_187210963	WP_196316277	train
WP_160186951	WP_196316277	train
WP_001198711	WP_196316277	train
WP_248889502	WP_196316277	train
WP_114484558	WP_196316277	train
WP_236931735	WP_196316277	train
WP_276382848	WP_196316277	train
WP_159141031	WP_196316277	train
WP_302323573	WP_196316277	train
WP_087522361	WP_196316277	train
WP_053903702	WP_196316277	train
WP_097428386	WP_196316277	train
WP_096261554	WP_196316277	train
WP_053891861	WP_196316277	train
WP_042342644	WP_196316277	train
WP_163369942	WP_196316277	train
WP_480942409	WP_196316277	train
WP_447230476	WP_196316277	train
WP_001198712	WP_196316277	train
WP_194967407	WP_196316277	train
WP_097744706	WP_196316277	train
WP_289680685	WP_196316277	train
WP_001198723	WP_196316277	train
WP_137591941	WP_196316277	train
WP_001482955	WP_196316277	train
WP_407217848	WP_196316277	train
WP_072751361	WP_196316277	train
WP_001198719	WP_196316277	train
WP_123135035	WP_196316277	train
WP_053880202	WP_196316277	train
WP_156648574	WP_196316277	train
WP_206286997	WP_196316277	train
WP_366996202	WP_196316277	train
WP_315747304	WP_196316277	train
WP_218078569	WP_196316277	train
WP_222689436	WP_196316277	train
WP_244571030	WP_196316277	train
WP_137487156	WP_196316277	train
WP_406874476	WP_196316277	train
WP_032180078	WP_196316277	train
WP_228253712	WP_196316277	train
WP_366956631	WP_196316277	train
WP_271096251	WP_196316277	train
WP_134358263	WP_196316277	train
WP_229020890	WP_196316277	train
WP_001551913	WP_196316277	train
WP_247161749	WP_196316277	train
WP_142435690	WP_196316277	train
WP_274791547	WP_196316277	train
WP_263087873	WP_196316277	train
WP_001198703	WP_196316277	train
WP_182226447	WP_196316277	train
WP_252399182	WP_196316277	train
WP_161400970	WP_196316277	train
WP_161395495	WP_196316277	train
WP_286039683	WP_196316277	train
WP_001724090	WP_196316277	train
WP_089622337	WP_196316277	train
WP_263087874	WP_196316277	train
WP_001198720	WP_196316277	train
WP_149452031	WP_196316277	train
WP_139349143	WP_196316277	train
WP_340616259	WP_340616259	train
WP_165060670	WP_165060670	train
WP_120507893	WP_165060670	train
WP_217149997	WP_165060670	train
WP_275859355	WP_165060670	train
WP_217153267	WP_165060670	train
WP_152323737	WP_165060670	train
WP_261867534	WP_261867534	train
WP_029095162	WP_261867534	train
WP_207171884	WP_207171884	train
WP_196559571	WP_207171884	train
WP_196557845	WP_207171884	train
WP_373171508	WP_207171884	train
WP_196546865	WP_207171884	train
WP_233682876	WP_207171884	train
WP_201162578	WP_207171884	train
WP_211800481	WP_207171884	train
WP_048262633	WP_207171884	train
WP_128349698	WP_207171884	train
WP_414737371	WP_207171884	train
WP_160742976	WP_207171884	train
WP_433668657	WP_207171884	train
WP_224258312	WP_207171884	train
WP_154062691	WP_207171884	train
WP_024273689	WP_207171884	train
WP_463326393	WP_207171884	train
WP_370430153	WP_207171884	train
WP_257198427	WP_207171884	train
WP_209420194	WP_207171884	train
WP_461236430	WP_207171884	train
WP_221687600	WP_207171884	train
WP_368083875	WP_207171884	train
WP_108704235	WP_207171884	train
WP_234283992	WP_207171884	train
WP_103814863	WP_207171884	train
WP_200785489	WP_207171884	train
WP_224314131	WP_207171884	train
WP_325953095	WP_207171884	train
WP_139531335	WP_207171884	train
WP_461239070	WP_207171884	train
WP_142448262	WP_207171884	train
WP_163530494	WP_207171884	train
WP_181250486	WP_207171884	train
WP_016809287	WP_207171884	train
WP_476628897	WP_207171884	train
WP_316429839	WP_207171884	train
WP_004108528	WP_207171884	train
WP_023329205	WP_207171884	train
WP_368760020	WP_207171884	train
WP_262190885	WP_207171884	train
WP_221691624	WP_207171884	train
WP_163461988	WP_207171884	train
WP_046877835	WP_207171884	train
WP_200535269	WP_207171884	train
WP_049591300	WP_207171884	train
WP_210669446	WP_207171884	train
WP_265811566	WP_207171884	train
WP_219655821	WP_207171884	train
WP_201208458	WP_207171884	train
WP_025106890	WP_207171884	train
WP_220981900	WP_207171884	train
WP_004110347	WP_207171884	train
WP_192467476	WP_207171884	train
WP_200913860	WP_207171884	train
WP_143440140	WP_207171884	train
WP_064370950	WP_207171884	train
WP_004098327	WP_207171884	train
WP_196548958	WP_207171884	train
WP_219541897	WP_207171884	train
WP_032747798	WP_207171884	train
WP_440565254	WP_440565254	val
WP_409793897	WP_409793897	test
WP_116090530	WP_116090530	test
WP_382168183	WP_382168183	test
WP_423338039	WP_423338039	val
WP_421694622	WP_421694622	test
WP_213890264	WP_213890264	train
WP_223031657	WP_223031657	test
WP_458919110	WP_458919110	test
WP_379958332	WP_379958332	val
WP_161863662	WP_161863662	val
WP_420678970	WP_420678970	train
WP_095998316	WP_095998316	val
WP_188796213	WP_188796213	val
WP_015496566	WP_015496566	train
WP_420413533	WP_420413533	train
WP_141184993	WP_420413533	train
WP_460906264	WP_460906264	test
WP_103224889	WP_103224889	test
WP_229182232	WP_229182232	train
WP_229196585	WP_229182232	train
WP_463688365	WP_229182232	train
WP_163150410	WP_229182232	train
WP_114348068	WP_114348068	test
WP_420342135	WP_420342135	val
WP_443212899	WP_443212899	test
WP_423291445	WP_423291445	val
WP_180957428	WP_180957428	test
WP_410019937	WP_410019937	test
WP_084378403	WP_410019937	test
WP_473461893	WP_473461893	val
WP_135204066	WP_135204066	test
WP_253340317	WP_253340317	test
WP_263824102	WP_263824102	train
WP_137156621	WP_263824102	train
WP_182827223	WP_263824102	train
WP_280774727	WP_263824102	train
WP_367714738	WP_367714738	train
WP_085909947	WP_085909947	val
WP_085905046	WP_085909947	val
WP_258588266	WP_258588266	train
WP_478354170	WP_258588266	train
WP_095792420	WP_258588266	train
WP_441937249	WP_258588266	train
WP_477234772	WP_258588266	train
WP_140890942	WP_258588266	train
WP_183464555	WP_258588266	train
WP_013891983	WP_258588266	train
WP_038651034	WP_258588266	train
WP_172221535	WP_258588266	train
WP_214470381	WP_258588266	train
WP_477224919	WP_258588266	train
WP_027052823	WP_258588266	train
WP_352712216	WP_258588266	train
WP_224686381	WP_258588266	train
WP_483120731	WP_258588266	train
WP_172347661	WP_258588266	train
WP_454585053	WP_258588266	train
WP_477442315	WP_258588266	train
WP_140812235	WP_258588266	train
WP_007423376	WP_007423376	train
WP_013640901	WP_007423376	train
WP_288051909	WP_007423376	train
WP_219798904	WP_219798904	train
WP_459718265	WP_219798904	train
WP_310100738	WP_310100738	train
WP_062148412	WP_062148412	val
WP_078569653	WP_078569653	train
WP_078599632	WP_078569653	train
WP_472157775	WP_078569653	train
WP_274962138	WP_078569653	train
WP_078545774	WP_078569653	train
WP_083078788	WP_078569653	train
WP_152843246	WP_078569653	train
WP_078539938	WP_078569653	train
WP_078519894	WP_078569653	train
WP_098410114	WP_078569653	train
WP_078604102	WP_078569653	train
WP_301255603	WP_301255603	val
WP_071673347	WP_071673347	val
WP_287337397	WP_287337397	train
WP_455848784	WP_287337397	train
WP_065006418	WP_287337397	train
WP_135933970	WP_287337397	train
WP_292517487	WP_287337397	train
WP_128343681	WP_287337397	train
WP_029347857	WP_287337397	train
WP_127209520	WP_287337397	train
WP_287086831	WP_287337397	train
WP_456009926	WP_287337397	train
WP_287099098	WP_287337397	train
WP_455838843	WP_287337397	train
WP_062959601	WP_062959601	train
WP_114110786	WP_062959601	train
WP_209222840	WP_062959601	train
WP_097052495	WP_062959601	train
WP_297009075	WP_062959601	train
WP_297206897	WP_062959601	train
WP_317339266	WP_062959601	train
WP_062951922	WP_062959601	train
WP_299772152	WP_299772152	train
WP_299209120	WP_299772152	train
WP_299603573	WP_299772152	train
WP_472727556	WP_299772152	train
WP_299748194	WP_299772152	train
WP_299703365	WP_299772152	train
WP_299554114	WP_299772152	train
WP_473311016	WP_473311016	train
WP_348458280	WP_473311016	train
WP_348453308	WP_473311016	train
WP_348462144	WP_473311016	train
WP_348374449	WP_473311016	train
WP_348289996	WP_473311016	train
WP_348484201	WP_473311016	train
WP_108829557	WP_473311016	train
WP_111642181	WP_111642181	train
WP_368865075	WP_368865075	train
WP_461287842	WP_368865075	train
WP_128988180	WP_368865075	train
WP_065175641	WP_368865075	train
WP_312551028	WP_368865075	train
WP_193395804	WP_368865075	train
WP_322522708	WP_368865075	train
WP_481559128	WP_368865075	train
WP_476341453	WP_368865075	train
WP_346480261	WP_368865075	train
WP_279941475	WP_368865075	train
WP_459062023	WP_368865075	train
WP_340044907	WP_368865075	train
WP_053515826	WP_368865075	train
WP_460255729	WP_368865075	train
WP_065182277	WP_368865075	train
WP_475234781	WP_475234781	train
WP_422514577	WP_422514577	test
WP_050402493	WP_050402493	train
WP_173642893	WP_050402493	train
WP_176531113	WP_050402493	train
WP_342711345	WP_050402493	train
WP_456762868	WP_050402493	train
WP_194454243	WP_050402493	train
WP_456655616	WP_050402493	train
WP_420964120	WP_050402493	train
WP_375782850	WP_050402493	train
WP_097676372	WP_050402493	train
WP_298372691	WP_050402493	train
WP_212314684	WP_050402493	train
WP_207829665	WP_050402493	train
WP_456705667	WP_050402493	train
WP_275012621	WP_275012621	test
WP_209607208	WP_275012621	test
WP_189506979	WP_189506979	train
WP_150945678	WP_150945678	test
WP_014879345	WP_014879345	train
WP_102915418	WP_014879345	train
WP_027247817	WP_014879345	train
WP_260075144	WP_014879345	train
WP_260114323	WP_014879345	train
WP_260094099	WP_014879345	train
WP_102869584	WP_014879345	train
WP_260101569	WP_014879345	train
WP_260087367	WP_014879345	train
WP_102858036	WP_014879345	train
WP_014873824	WP_014879345	train
WP_061049012	WP_014879345	train
WP_211001833	WP_014879345	train
WP_102874692	WP_014879345	train
WP_260086275	WP_014879345	train
WP_260084472	WP_014879345	train
WP_472686032	WP_014879345	train
WP_102883118	WP_014879345	train
WP_260113070	WP_014879345	train
WP_102848721	WP_014879345	train
WP_260080593	WP_014879345	train
WP_260099833	WP_014879345	train
WP_282051937	WP_014879345	train
WP_102854177	WP_014879345	train
WP_260105633	WP_014879345	train
WP_102876264	WP_014879345	train
WP_076619298	WP_014879345	train
WP_317960450	WP_014879345	train
WP_157614896	WP_157614896	train
WP_281148004	WP_157614896	train
WP_258501540	WP_157614896	train
WP_337296760	WP_157614896	train
WP_309955280	WP_157614896	train
WP_307699859	WP_157614896	train
WP_337311536	WP_157614896	train
WP_337318484	WP_157614896	train
WP_192105359	WP_192105359	test
WP_204115566	WP_204115566	val
WP_174993286	WP_174993286	train
WP_175971379	WP_174993286	train
WP_059500946	WP_174993286	train
WP_333991248	WP_174993286	train
WP_201316693	WP_174993286	train
WP_212176491	WP_174993286	train
WP_175831577	WP_174993286	train
WP_321859235	WP_174993286	train
WP_423391529	WP_174993286	train
WP_226227361	WP_174993286	train
WP_322088339	WP_174993286	train
WP_175820592	WP_174993286	train
WP_041492734	WP_174993286	train
WP_212050318	WP_174993286	train
WP_287854935	WP_174993286	train
WP_226121045	WP_174993286	train
WP_282506651	WP_174993286	train
WP_174934172	WP_174993286	train
WP_059832318	WP_174993286	train
WP_027810343	WP_174993286	train
WP_413122283	WP_174993286	train
WP_027783505	WP_174993286	train
WP_275923943	WP_174993286	train
WP_011544543	WP_174993286	train
WP_122946596	WP_174993286	train
WP_069706792	WP_174993286	train
WP_175788500	WP_174993286	train
WP_222906975	WP_174993286	train
WP_124621747	WP_174993286	train
WP_175927603	WP_174993286	train
WP_205818951	WP_174993286	train
WP_226251555	WP_174993286	train
WP_200096908	WP_174993286	train
WP_089466642	WP_174993286	train
WP_175955626	WP_174993286	train
WP_124476074	WP_174993286	train
WP_174429948	WP_174993286	train
WP_053525680	WP_174993286	train
WP_226265283	WP_174993286	train
WP_175871574	WP_174993286	train
WP_059558047	WP_174993286	train
WP_126359676	WP_174993286	train
WP_301761570	WP_174993286	train
WP_174954207	WP_174993286	train
WP_301940670	WP_174993286	train
WP_069232166	WP_174993286	train
WP_124455349	WP_174993286	train
WP_309290009	WP_174993286	train
WP_175040285	WP_174993286	train
WP_174386117	WP_174993286	train
WP_059236225	WP_174993286	train
WP_176041850	WP_174993286	train
WP_206134638	WP_174993286	train
WP_175876545	WP_174993286	train
WP_039353183	WP_174993286	train
WP_175846480	WP_174993286	train
WP_059779136	WP_174993286	train
WP_074801321	WP_174993286	train
WP_226133867	WP_174993286	train
WP_049030986	WP_174993286	train
WP_175046310	WP_174993286	train
WP_343727927	WP_174993286	train
WP_012327880	WP_174993286	train
WP_124464328	WP_174993286	train
WP_212079228	WP_174993286	train
WP_212042946	WP_174993286	train
WP_175781256	WP_174993286	train
WP_342703563	WP_174993286	train
WP_473328827	WP_174993286	train
WP_176050899	WP_174993286	train
WP_301737984	WP_174993286	train
WP_477985055	WP_477985055	train
WP_060233858	WP_060233858	train
WP_060375615	WP_060233858	train
WP_301826660	WP_060233858	train
WP_175856079	WP_060233858	train
WP_059675914	WP_060233858	train
WP_322073840	WP_060233858	train
WP_059697863	WP_060233858	train
WP_226152274	WP_060233858	train
WP_175925826	WP_060233858	train
WP_175756349	WP_060233858	train
WP_334034125	WP_060233858	train
WP_226154525	WP_060233858	train
WP_060318845	WP_060233858	train
WP_175995856	WP_060233858	train
WP_027788417	WP_060233858	train
WP_371142056	WP_060233858	train
WP_124840209	WP_060233858	train
WP_060194631	WP_060233858	train
WP_021161877	WP_060233858	train
WP_059586640	WP_060233858	train
WP_060085801	WP_060233858	train
WP_124465550	WP_060233858	train
WP_124919599	WP_060233858	train
WP_334010035	WP_060233858	train
WP_048026108	WP_060233858	train
WP_322079191	WP_060233858	train
WP_431018991	WP_060233858	train
WP_222155660	WP_060233858	train
WP_200060034	WP_060233858	train
WP_059687182	WP_060233858	train
WP_059493411	WP_060233858	train
WP_091921107	WP_060233858	train
WP_175865262	WP_060233858	train
WP_413143613	WP_060233858	train
WP_111941419	WP_060233858	train
WP_334066517	WP_060233858	train
WP_321882521	WP_060233858	train
WP_059552715	WP_060233858	train
WP_060065837	WP_060233858	train
WP_124535393	WP_060233858	train
WP_122167450	WP_060233858	train
WP_431289922	WP_060233858	train
WP_119338921	WP_060233858	train
WP_060372815	WP_060233858	train
WP_059706659	WP_060233858	train
WP_175831798	WP_060233858	train
WP_412022504	WP_060233858	train
WP_059857664	WP_060233858	train
WP_333997800	WP_060233858	train
WP_420483096	WP_060233858	train
WP_060219444	WP_060233858	train
WP_124671985	WP_060233858	train
WP_407146362	WP_407146362	test
WP_217851764	WP_217851764	train
WP_460142204	WP_217851764	train
WP_065616840	WP_217851764	train
WP_042610722	WP_217851764	train
WP_064361477	WP_217851764	train
WP_073472308	WP_217851764	train
WP_186529498	WP_217851764	train
WP_463538569	WP_217851764	train
WP_129997367	WP_217851764	train
WP_056788288	WP_217851764	train
WP_460161167	WP_217851764	train
WP_447760987	WP_217851764	train
WP_016770961	WP_217851764	train
WP_485624843	WP_217851764	train
WP_150637667	WP_217851764	train
WP_471878218	WP_217851764	train
WP_227972819	WP_217851764	train
WP_460058762	WP_217851764	train
WP_463547066	WP_217851764	train
WP_125926391	WP_217851764	train
WP_122746690	WP_217851764	train
WP_325721402	WP_217851764	train
WP_253504300	WP_217851764	train
WP_415761829	WP_217851764	train
WP_353187737	WP_217851764	train
WP_071173195	WP_217851764	train
WP_375122516	WP_217851764	train
WP_476460496	WP_217851764	train
WP_133339511	WP_217851764	train
WP_457262375	WP_217851764	train
WP_279375255	WP_279375255	train
WP_229575288	WP_229575288	train
WP_245137260	WP_229575288	train
WP_147887087	WP_229575288	train
WP_136559955	WP_229575288	train
WP_291375382	WP_291375382	train
WP_072787794	WP_072787794	train
WP_161078765	WP_072787794	train
WP_213978967	WP_213978967	test
WP_457487007	WP_457487007	train
WP_422923558	WP_457487007	train
WP_198367257	WP_457487007	train
WP_479612294	WP_479612294	train
WP_294771770	WP_294771770	train
WP_140547020	WP_140547020	train
WP_224633873	WP_140547020	train
WP_140845300	WP_140547020	train
WP_224709296	WP_140547020	train
WP_140700760	WP_140547020	train
WP_224606627	WP_140547020	train
WP_224609089	WP_140547020	train
WP_224712167	WP_140547020	train
WP_224638260	WP_140547020	train
WP_224548885	WP_140547020	train
WP_407164593	WP_407164593	train
WP_429451575	WP_429451575	train
WP_429575736	WP_429451575	train
WP_149673404	WP_429451575	train
WP_367838208	WP_429451575	train
WP_091799049	WP_429451575	train
WP_331603359	WP_429451575	train
WP_408360355	WP_429451575	train
WP_230562310	WP_429451575	train
WP_012434366	WP_429451575	train
WP_018421835	WP_429451575	train
WP_429360587	WP_429451575	train
WP_429548166	WP_429451575	train
WP_184058499	WP_429451575	train
WP_368596368	WP_429451575	train
WP_184066819	WP_429451575	train
WP_368592437	WP_429451575	train
WP_408229529	WP_429451575	train
WP_035484277	WP_429451575	train
WP_121315721	WP_429451575	train
WP_175158092	WP_429451575	train
WP_187609989	WP_429451575	train
WP_341314268	WP_429451575	train
WP_176380922	WP_429451575	train
WP_027198870	WP_429451575	train
WP_128595844	WP_429451575	train
WP_085487839	WP_429451575	train
WP_013090557	WP_429451575	train
WP_115099092	WP_429451575	train
WP_184050973	WP_429451575	train
WP_187617699	WP_429451575	train
WP_458178090	WP_458178090	val
WP_487120298	WP_487120298	train
WP_429255493	WP_429255493	test
WP_069612417	WP_069612417	train
WP_113353852	WP_069612417	train
WP_112335418	WP_069612417	train
WP_204849972	WP_069612417	train
WP_095434078	WP_069612417	train
WP_106996752	WP_069612417	train
WP_374820191	WP_069612417	train
WP_149637090	WP_069612417	train
WP_092709510	WP_069612417	train
WP_168813379	WP_069612417	train
WP_400667602	WP_069612417	train
WP_449083652	WP_069612417	train
WP_459458113	WP_069612417	train
WP_349957579	WP_069612417	train
WP_112722692	WP_069612417	train
WP_112341107	WP_069612417	train
WP_112611409	WP_069612417	train
WP_047627850	WP_069612417	train
WP_481414016	WP_069612417	train
WP_267552954	WP_069612417	train
WP_183871675	WP_069612417	train
WP_183763243	WP_069612417	train
WP_168840882	WP_069612417	train
WP_457877712	WP_069612417	train
WP_402793251	WP_069612417	train
WP_004109813	WP_069612417	train
WP_120663115	WP_069612417	train
WP_285174407	WP_069612417	train
WP_092846944	WP_069612417	train
WP_075855624	WP_069612417	train
WP_113420900	WP_069612417	train
WP_323631949	WP_323631949	train
WP_302106164	WP_323631949	train
WP_226108585	WP_323631949	train
WP_321928357	WP_323631949	train
WP_062911024	WP_323631949	train
WP_175882275	WP_323631949	train
WP_089490655	WP_323631949	train
WP_060965558	WP_323631949	train
WP_226290361	WP_323631949	train
WP_006496740	WP_323631949	train
WP_124556651	WP_323631949	train
WP_205672472	WP_323631949	train
WP_027806080	WP_323631949	train
WP_059580963	WP_323631949	train
WP_124861651	WP_323631949	train
WP_059638065	WP_323631949	train
WP_084750944	WP_323631949	train
WP_060011153	WP_323631949	train
WP_202754854	WP_323631949	train
WP_226233278	WP_323631949	train
WP_140455421	WP_140455421	train
WP_106354153	WP_106354153	train
WP_183796307	WP_106354153	train
WP_030100941	WP_106354153	train
WP_028196441	WP_106354153	train
WP_207001323	WP_207001323	test
WP_212283405	WP_212283405	train
WP_141938309	WP_212283405	train
WP_246932694	WP_212283405	train
WP_128919994	WP_212283405	train
WP_091958095	WP_212283405	train
WP_104464091	WP_212283405	train
WP_365945410	WP_365945410	train
WP_444615525	WP_365945410	train
WP_443453573	WP_365945410	train
WP_105662122	WP_365945410	train
WP_065747750	WP_065747750	train
WP_057841334	WP_065747750	train
WP_334379876	WP_065747750	train
WP_334365490	WP_065747750	train
WP_183023225	WP_183023225	val
WP_354490066	WP_354490066	test
WP_363755550	WP_363755550	test
WP_271266166	WP_271266166	val
WP_437608858	WP_271266166	val
WP_474203628	WP_474203628	train
WP_454542023	WP_474203628	train
WP_101736720	WP_474203628	train
WP_475002369	WP_474203628	train
WP_058609907	WP_474203628	train
WP_202561418	WP_474203628	train
WP_419395829	WP_474203628	train
WP_137273010	WP_474203628	train
WP_400405644	WP_474203628	train
WP_339027285	WP_474203628	train
WP_400445751	WP_474203628	train
WP_337279006	WP_474203628	train
WP_137849951	WP_474203628	train
WP_325947483	WP_474203628	train
WP_474241877	WP_474203628	train
WP_448891558	WP_474203628	train
WP_212478213	WP_474203628	train
WP_286775684	WP_474203628	train
WP_458675771	WP_474203628	train
WP_006177596	WP_474203628	train
WP_236348060	WP_474203628	train
WP_446187793	WP_474203628	train
WP_088208936	WP_474203628	train
WP_422731683	WP_474203628	train
WP_313828061	WP_474203628	train
WP_207292685	WP_474203628	train
WP_102891913	WP_474203628	train
WP_282484746	WP_474203628	train
WP_046886350	WP_474203628	train
WP_304702548	WP_304702548	test
WP_006687729	WP_304702548	test
WP_174509638	WP_174509638	train
WP_434582400	WP_174509638	train
WP_434665346	WP_174509638	train
WP_123756998	WP_174509638	train
WP_031522243	WP_031522243	train
WP_426446681	WP_031522243	train
WP_449330535	WP_031522243	train
WP_024548493	WP_031522243	train
WP_313796688	WP_031522243	train
WP_042998728	WP_042998728	train
WP_253319750	WP_042998728	train
WP_044328789	WP_042998728	train
WP_090050745	WP_042998728	train
WP_206163745	WP_042998728	train
WP_187251680	WP_042998728	train
WP_252439609	WP_042998728	train
WP_058587343	WP_042998728	train
WP_046492396	WP_042998728	train
WP_354650077	WP_042998728	train
WP_326975695	WP_042998728	train
WP_042323513	WP_042998728	train
WP_248381553	WP_042998728	train
WP_102603086	WP_042998728	train
WP_181627991	WP_042998728	train
WP_350368621	WP_042998728	train
WP_378076337	WP_042998728	train
WP_414241966	WP_042998728	train
WP_200041247	WP_042998728	train
WP_061075828	WP_042998728	train
WP_109739727	WP_042998728	train
WP_196014096	WP_042998728	train
WP_195295955	WP_042998728	train
WP_216526536	WP_042998728	train
WP_413932714	WP_042998728	train
WP_125369106	WP_042998728	train
WP_407194706	WP_042998728	train
WP_200035090	WP_042998728	train
WP_195506407	WP_042998728	train
WP_110295990	WP_110295990	train
WP_103281073	WP_110295990	train
WP_271849164	WP_110295990	train
WP_165159480	WP_110295990	train
WP_229220854	WP_110295990	train
WP_047372475	WP_110295990	train
WP_039080036	WP_110295990	train
WP_317077699	WP_110295990	train
WP_090088078	WP_110295990	train
WP_354692500	WP_110295990	train
WP_224376268	WP_224376268	train
WP_410292984	WP_224376268	train
WP_032751804	WP_224376268	train
WP_014839850	WP_224376268	train
WP_103815122	WP_224376268	train
WP_265796413	WP_224376268	train
WP_274340358	WP_224376268	train
WP_154948586	WP_224376268	train
WP_142445051	WP_224376268	train
WP_009651797	WP_224376268	train
WP_392527031	WP_224376268	train
WP_208923992	WP_224376268	train
WP_070083019	WP_224376268	train
WP_311103752	WP_224376268	train
WP_172868810	WP_224376268	train
WP_348852186	WP_224376268	train
WP_098363573	WP_224376268	train
WP_116280600	WP_224376268	train
WP_004855690	WP_224376268	train
WP_160743160	WP_224376268	train
WP_114435922	WP_224376268	train
WP_160183306	WP_224376268	train
WP_286454078	WP_224376268	train
WP_367963811	WP_224376268	train
WP_219541772	WP_224376268	train
WP_004871815	WP_224376268	train
WP_224251768	WP_224376268	train
WP_087828623	WP_224376268	train
WP_213223658	WP_224376268	train
WP_014227330	WP_224376268	train
WP_098067442	WP_224376268	train
WP_224236379	WP_224376268	train
WP_131930607	WP_224376268	train
WP_049106303	WP_224376268	train
WP_200519511	WP_224376268	train
WP_049090274	WP_224376268	train
WP_454779033	WP_224376268	train
WP_004126928	WP_224376268	train
WP_289149090	WP_224376268	train
WP_154919511	WP_224376268	train
WP_181511622	WP_224376268	train
WP_109240713	WP_224376268	train
WP_316536174	WP_224376268	train
WP_049113423	WP_224376268	train
WP_140182987	WP_140182987	train
WP_369119484	WP_140182987	train
WP_070925417	WP_140182987	train
WP_349489706	WP_140182987	train
WP_421667827	WP_140182987	train
WP_272581280	WP_140182987	train
WP_096971492	WP_096971492	train
WP_276160524	WP_096971492	train
WP_001198679	WP_096971492	train
WP_103676263	WP_096971492	train
WP_194207670	WP_096971492	train
WP_288875909	WP_288875909	train
WP_480155539	WP_288875909	train
WP_054803537	WP_288875909	train
WP_454123813	WP_288875909	train
WP_279793911	WP_288875909	train
WP_319551263	WP_288875909	train
WP_312605408	WP_288875909	train
WP_124966929	WP_288875909	train
WP_459511195	WP_288875909	train
WP_128481841	WP_288875909	train
WP_094422665	WP_288875909	train
WP_367164507	WP_288875909	train
WP_480160737	WP_288875909	train
WP_420777900	WP_288875909	train
WP_460659254	WP_288875909	train
WP_438918436	WP_288875909	train
WP_277169713	WP_288875909	train
WP_432699450	WP_432699450	val
WP_445463997	WP_445463997	train
WP_367298232	WP_445463997	train
WP_278807738	WP_445463997	train
WP_025797328	WP_445463997	train
WP_103008757	WP_445463997	train
WP_441681594	WP_445463997	train
WP_130993997	WP_445463997	train
WP_130956198	WP_445463997	train
WP_325930595	WP_445463997	train
WP_072308155	WP_445463997	train
WP_474512247	WP_445463997	train
WP_046457323	WP_445463997	train
WP_043489983	WP_445463997	train
WP_149227583	WP_445463997	train
WP_063586118	WP_445463997	train
WP_130933619	WP_445463997	train
WP_046449042	WP_445463997	train
WP_111328864	WP_445463997	train
WP_046360656	WP_445463997	train
WP_313883478	WP_445463997	train
WP_130986898	WP_445463997	train
WP_130986190	WP_445463997	train
WP_282808023	WP_445463997	train
WP_128599621	WP_128599621	val
WP_371240286	WP_371240286	train
WP_162368607	WP_162368607	train
WP_145891577	WP_145891577	val
WP_367969415	WP_367969415	train
WP_421673051	WP_367969415	train
WP_128879126	WP_367969415	train
WP_041143922	WP_367969415	train
WP_076946461	WP_367969415	train
WP_404653774	WP_367969415	train
WP_141335400	WP_367969415	train
WP_133600743	WP_367969415	train
WP_259224120	WP_367969415	train
WP_045860120	WP_367969415	train
WP_132513416	WP_367969415	train
WP_422790138	WP_367969415	train
WP_123710200	WP_367969415	train
WP_178995844	WP_367969415	train
WP_283826859	WP_367969415	train
WP_404685639	WP_367969415	train
WP_331839527	WP_367969415	train
WP_143967750	WP_367969415	train
WP_458969115	WP_458969115	train
WP_094119849	WP_458969115	train
WP_476129478	WP_458969115	train
WP_233985744	WP_458969115	train
WP_145577643	WP_145577643	train
WP_050109265	WP_145577643	train
WP_145529998	WP_145577643	train
WP_134957479	WP_145577643	train
WP_349958876	WP_145577643	train
WP_050151857	WP_145577643	train
WP_048253228	WP_048253228	train
WP_043086167	WP_048253228	train
WP_048282724	WP_048253228	train
WP_048284838	WP_048253228	train
WP_045291048	WP_048253228	train
WP_048279554	WP_048253228	train
WP_048274916	WP_048253228	train
WP_219244758	WP_219244758	train
WP_272681485	WP_219244758	train
WP_273826814	WP_219244758	train
WP_273803508	WP_219244758	train
WP_371007240	WP_219244758	train
WP_225820481	WP_219244758	train
WP_353242700	WP_219244758	train
WP_036139274	WP_036139274	train
WP_369931117	WP_036139274	train
WP_285402775	WP_036139274	train
WP_341551598	WP_341551598	train
WP_174331474	WP_341551598	train
WP_038635651	WP_341551598	train
WP_042311490	WP_341551598	train
WP_204526346	WP_341551598	train
WP_262784871	WP_341551598	train
WP_204527782	WP_341551598	train
WP_150344438	WP_341551598	train
WP_137346628	WP_341551598	train
WP_204578724	WP_341551598	train
WP_199967136	WP_341551598	train
WP_185656179	WP_341551598	train
WP_220393499	WP_341551598	train
WP_316129112	WP_341551598	train
WP_200008896	WP_341551598	train
WP_199972334	WP_199972334	train
WP_049011425	WP_199972334	train
WP_012000764	WP_199972334	train
WP_410735338	WP_199972334	train
WP_071259142	WP_199972334	train
WP_313888885	WP_199972334	train
WP_313858558	WP_199972334	train
WP_142503217	WP_199972334	train
WP_130028766	WP_199972334	train
WP_275376093	WP_199972334	train
WP_228317539	WP_228317539	train
WP_349657491	WP_228317539	train
WP_228419431	WP_228317539	train
WP_011036921	WP_228317539	train
WP_230428873	WP_228317539	train
WP_169705815	WP_228317539	train
WP_228962077	WP_228317539	train
WP_104588340	WP_228317539	train
WP_075285759	WP_228317539	train
WP_017155131	WP_228317539	train
WP_322635687	WP_228317539	train
WP_323560094	WP_228317539	train
WP_245091180	WP_245091180	train
WP_019398766	WP_019398766	train
WP_147208448	WP_019398766	train
WP_028915426	WP_019398766	train
WP_263390913	WP_263390913	train
WP_342073267	WP_263390913	train
WP_017916961	WP_263390913	train
WP_267120491	WP_263390913	train
WP_295968779	WP_263390913	train
WP_307550775	WP_263390913	train
WP_295942448	WP_263390913	train
WP_184451937	WP_263390913	train
WP_160969610	WP_263390913	train
WP_355499556	WP_263390913	train
WP_017913162	WP_263390913	train
WP_481098299	WP_263390913	train
WP_160958478	WP_263390913	train
WP_041500105	WP_263390913	train
WP_048489030	WP_263390913	train
WP_017909521	WP_263390913	train
WP_267113743	WP_263390913	train
WP_160946587	WP_263390913	train
WP_481095962	WP_263390913	train
WP_184448056	WP_263390913	train
WP_184647212	WP_263390913	train
WP_242161335	WP_263390913	train
WP_267099457	WP_263390913	train
WP_257816870	WP_257816870	val
WP_480631192	WP_480631192	test
WP_171212370	WP_171212370	train
WP_171125103	WP_171212370	train
WP_171123305	WP_171212370	train
WP_180888371	WP_171212370	train
WP_298577287	WP_298577287	val
WP_170479869	WP_170479869	val
WP_298850198	WP_298850198	test
WP_343237827	WP_343237827	train
WP_188326464	WP_343237827	train
WP_192081434	WP_343237827	train
WP_349984595	WP_343237827	train
WP_374606634	WP_374606634	val
WP_092760378	WP_092760378	train
WP_339640191	WP_092760378	train
WP_482887092	WP_092760378	train
WP_424337842	WP_092760378	train
WP_474522442	WP_092760378	train
WP_480558727	WP_480558727	val
WP_170446626	WP_480558727	val
WP_416512951	WP_416512951	test
WP_044426216	WP_044426216	val
WP_108815435	WP_108815435	train
WP_096279395	WP_096279395	train
WP_441683791	WP_096279395	train
WP_444625685	WP_096279395	train
WP_444672522	WP_096279395	train
WP_237673751	WP_096279395	train
WP_483393927	WP_096279395	train
WP_416931141	WP_416931141	val
WP_127560968	WP_416931141	val
WP_380594281	WP_380594281	train
WP_394590739	WP_394590739	train
WP_482662676	WP_482662676	train
WP_480873890	WP_480873890	train
WP_170522801	WP_480873890	train
WP_480891401	WP_480873890	train
WP_480584651	WP_480873890	train
WP_170736094	WP_480873890	train
WP_126486299	WP_126486299	test
WP_114185115	WP_114185115	val
WP_264167834	WP_264167834	train
WP_386078377	WP_264167834	train
WP_268746284	WP_264167834	train
WP_427388039	WP_264167834	train
WP_261377985	WP_264167834	train
WP_308323583	WP_264167834	train
WP_007113045	WP_264167834	train
WP_303481909	WP_303481909	train
WP_417245771	WP_303481909	train
WP_303494246	WP_303481909	train
WP_417254380	WP_303481909	train
WP_417256413	WP_303481909	train
WP_332936756	WP_303481909	train
WP_216045108	WP_303481909	train
WP_417271818	WP_303481909	train
WP_417240412	WP_303481909	train
WP_417274433	WP_303481909	train
WP_066602004	WP_303481909	train
WP_352652504	WP_352652504	train
WP_023732774	WP_352652504	train
WP_023755350	WP_352652504	train
WP_023744884	WP_352652504	train
WP_352913811	WP_352652504	train
WP_023824015	WP_352652504	train
WP_023681313	WP_352652504	train
WP_023696054	WP_352652504	train
WP_023739804	WP_352652504	train
WP_023692987	WP_352652504	train
WP_352759585	WP_352652504	train
WP_023714458	WP_352652504	train
WP_352764741	WP_352652504	train
WP_023673188	WP_352652504	train
WP_352443611	WP_352652504	train
WP_352769227	WP_352652504	train
WP_023710385	WP_352652504	train
WP_352758479	WP_352652504	train
WP_352462831	WP_352652504	train
WP_023701958	WP_352652504	train
WP_352804774	WP_352652504	train
WP_023741331	WP_352652504	train
WP_352535242	WP_352652504	train
WP_352498482	WP_352652504	train
WP_023819268	WP_352652504	train
WP_023832241	WP_352652504	train
WP_023703815	WP_352652504	train
WP_023825817	WP_352652504	train
WP_352862040	WP_352652504	train
WP_353028819	WP_352652504	train
WP_352519075	WP_352652504	train
WP_352625160	WP_352652504	train
WP_023687493	WP_352652504	train
WP_352789061	WP_352652504	train
WP_352739766	WP_352652504	train
WP_435673011	WP_435673011	test
WP_480601361	WP_480601361	train
WP_375572493	WP_375572493	val
WP_298689290	WP_298689290	test
WP_296353702	WP_296353702	train
WP_265985664	WP_265985664	val
WP_193091060	WP_193091060	test
WP_123642527	WP_123642527	test
WP_135809628	WP_135809628	train
WP_119808194	WP_119808194	test
WP_421412635	WP_421412635	train
WP_007091364	WP_007091364	train
WP_354376568	WP_007091364	train
WP_341364520	WP_007091364	train
WP_037989736	WP_007091364	train
WP_114093919	WP_007091364	train
WP_483261786	WP_007091364	train
WP_428924913	WP_428924913	val
WP_249834309	WP_249834309	train
WP_457321290	WP_249834309	train
WP_282244395	WP_249834309	train
WP_093536567	WP_249834309	train
WP_095364123	WP_249834309	train
WP_399633840	WP_249834309	train
WP_478064795	WP_249834309	train
WP_336443008	WP_249834309	train
WP_441244291	WP_441244291	train
WP_439087069	WP_441244291	train
WP_149529564	WP_441244291	train
WP_231078605	WP_441244291	train
WP_439078862	WP_441244291	train
WP_441231115	WP_441244291	train
WP_439095518	WP_441244291	train
WP_175369383	WP_441244291	train
WP_184512550	WP_441244291	train
WP_092140841	WP_441244291	train
WP_315839977	WP_441244291	train
WP_120287715	WP_441244291	train
WP_116812106	WP_116812106	val
WP_067515691	WP_067515691	test
WP_009364043	WP_009364043	train
WP_006074069	WP_009364043	train
WP_138144797	WP_009364043	train
WP_076773739	WP_009364043	train
WP_069714695	WP_009364043	train
WP_259599617	WP_009364043	train
WP_017750344	WP_009364043	train
WP_008936624	WP_009364043	train
WP_006175220	WP_009364043	train
WP_008511147	WP_009364043	train
WP_059244585	WP_009364043	train
WP_180881930	WP_009364043	train
WP_004690366	WP_009364043	train
WP_346203667	WP_009364043	train
WP_002968569	WP_009364043	train
WP_006643388	WP_009364043	train
WP_306315148	WP_009364043	train
WP_070998036	WP_009364043	train
WP_006164393	WP_009364043	train
WP_006016479	WP_009364043	train
WP_002965709	WP_009364043	train
WP_483451654	WP_483451654	train
WP_474889446	WP_483451654	train
WP_483199221	WP_483451654	train
WP_483207097	WP_483451654	train
WP_446170754	WP_483451654	train
WP_172319983	WP_483451654	train
WP_482868362	WP_483451654	train
WP_446120959	WP_483451654	train
WP_395449372	WP_395449372	train
WP_344847184	WP_344847184	train
WP_324995516	WP_324995516	test
WP_076204934	WP_076204934	test
WP_284331458	WP_284331458	val
WP_092404823	WP_092404823	test
WP_438705280	WP_438705280	test
WP_156565644	WP_156565644	val
WP_044182977	WP_156565644	val
WP_029590057	WP_029590057	train
WP_481637779	WP_029590057	train
WP_024556816	WP_029590057	train
WP_325940242	WP_029590057	train
WP_024553178	WP_029590057	train
WP_024560864	WP_029590057	train
WP_211991603	WP_211991603	test
WP_249245079	WP_249245079	train
WP_136164629	WP_249245079	train
WP_249231614	WP_249245079	train
WP_009110808	WP_249245079	train
WP_261139340	WP_261139340	train
WP_174354809	WP_261139340	train
WP_261409506	WP_261139340	train
WP_261277904	WP_261139340	train
WP_017891152	WP_261139340	train
WP_261111597	WP_261139340	train
WP_411228108	WP_261139340	train
WP_261132742	WP_261139340	train
WP_261432843	WP_261139340	train
WP_218217365	WP_261139340	train
WP_261165881	WP_261139340	train
WP_261092883	WP_261139340	train
WP_261123681	WP_261139340	train
WP_012004517	WP_261139340	train
WP_153858604	WP_261139340	train
WP_261421589	WP_261139340	train
WP_261421930	WP_261139340	train
WP_261152968	WP_261139340	train
WP_338495028	WP_338495028	train
WP_253539197	WP_338495028	train
WP_336226228	WP_338495028	train
WP_099753825	WP_338495028	train
WP_288497677	WP_338495028	train
WP_048918009	WP_338495028	train
WP_133623598	WP_338495028	train
WP_336203612	WP_338495028	train
WP_456864301	WP_456864301	train
WP_486031822	WP_456864301	train
WP_278876872	WP_456864301	train
WP_396131749	WP_456864301	train
WP_154145785	WP_456864301	train
WP_034794297	WP_456864301	train
WP_185688950	WP_456864301	train
WP_353503763	WP_456864301	train
WP_485979542	WP_456864301	train
WP_485902943	WP_456864301	train
WP_462978840	WP_462978840	test
WP_045786014	WP_045786014	train
WP_440076247	WP_045786014	train
WP_232041000	WP_045786014	train
WP_316872786	WP_045786014	train
WP_102066812	WP_045786014	train
WP_316890061	WP_045786014	train
WP_354534288	WP_045786014	train
WP_102080111	WP_045786014	train
WP_147215939	WP_045786014	train
WP_260802162	WP_045786014	train
WP_343549328	WP_045786014	train
WP_142462184	WP_142462184	train
WP_139539312	WP_142462184	train
WP_110272727	WP_142462184	train
WP_112215108	WP_142462184	train
WP_182236085	WP_142462184	train
WP_342703243	WP_142462184	train
WP_142981392	WP_142462184	train
WP_142512611	WP_142462184	train
WP_181483737	WP_142462184	train
WP_304255719	WP_142462184	train
WP_159871349	WP_142462184	train
WP_434660248	WP_142462184	train
WP_142465335	WP_142462184	train
WP_475698898	WP_142462184	train
WP_331329803	WP_142462184	train
WP_159668975	WP_159668975	test
WP_439463688	WP_439463688	test
WP_417837323	WP_417837323	val
WP_311785825	WP_311785825	val
WP_473485666	WP_473485666	test
WP_076654270	WP_076654270	val
WP_262789303	WP_262789303	train
WP_086528232	WP_262789303	train
WP_058682147	WP_262789303	train
WP_095440333	WP_262789303	train
WP_373340538	WP_262789303	train
WP_248068296	WP_262789303	train
WP_310816385	WP_262789303	train
WP_045293091	WP_262789303	train
WP_062935149	WP_262789303	train
WP_128310306	WP_262789303	train
WP_343482492	WP_262789303	train
WP_347481930	WP_262789303	train
WP_335281650	WP_262789303	train
WP_139936888	WP_262789303	train
WP_203461711	WP_262789303	train
WP_038418239	WP_262789303	train
WP_029883592	WP_262789303	train
WP_346397278	WP_262789303	train
WP_102751825	WP_262789303	train
WP_063411760	WP_262789303	train
WP_047023286	WP_262789303	train
WP_013094785	WP_262789303	train
WP_368770643	WP_262789303	train
WP_308926384	WP_262789303	train
WP_020685439	WP_262789303	train
WP_014830035	WP_262789303	train
WP_062856150	WP_262789303	train
WP_226835396	WP_262789303	train
WP_335276694	WP_262789303	train
WP_353798184	WP_262789303	train
WP_251109089	WP_262789303	train
WP_248766705	WP_262789303	train
WP_130626905	WP_262789303	train
WP_118283574	WP_262789303	train
WP_048972011	WP_262789303	train
WP_094915768	WP_262789303	train
WP_395999930	WP_262789303	train
WP_348567480	WP_262789303	train
WP_479430921	WP_262789303	train
WP_312228230	WP_312228230	train
WP_314419611	WP_312228230	train
WP_103820566	WP_312228230	train
WP_313106796	WP_312228230	train
WP_238082277	WP_312228230	train
WP_312412853	WP_312228230	train
WP_042393457	WP_312228230	train
WP_222889198	WP_312228230	train
WP_268106268	WP_312228230	train
WP_144818281	WP_312228230	train
WP_312777748	WP_312228230	train
WP_313130220	WP_312228230	train
WP_257758845	WP_312228230	train
WP_336855988	WP_312228230	train
WP_312274477	WP_312228230	train
WP_312211652	WP_312228230	train
WP_312926080	WP_312228230	train
WP_154056849	WP_312228230	train
WP_312670381	WP_312228230	train
WP_104955617	WP_104955617	train
WP_275555269	WP_104955617	train
WP_404656501	WP_404656501	test
WP_438681397	WP_404656501	test
WP_312985026	WP_312985026	train
WP_474799419	WP_312985026	train
WP_183170697	WP_312985026	train
WP_312974221	WP_312985026	train
WP_167612962	WP_167612962	val
WP_435928460	WP_167612962	val
WP_212411272	WP_212411272	val
WP_056241357	WP_212411272	val
WP_345997204	WP_345997204	train
WP_406705653	WP_345997204	train
WP_308825283	WP_345997204	train
WP_074012303	WP_345997204	train
WP_025420352	WP_345997204	train
WP_436373311	WP_436373311	test
WP_243079789	WP_243079789	train
WP_332624922	WP_243079789	train
WP_215848070	WP_243079789	train
WP_409075056	WP_243079789	train
WP_166916853	WP_166916853	val
WP_425492463	WP_425492463	train
WP_440327992	WP_425492463	train
WP_465778434	WP_425492463	train
WP_434666259	WP_434666259	train
WP_123757631	WP_434666259	train
WP_434586460	WP_434666259	train
WP_289252797	WP_289252797	test
WP_407524991	WP_407524991	val
WP_164070215	WP_164070215	train
WP_221994472	WP_164070215	train
WP_027685810	WP_164070215	train
WP_003556881	WP_164070215	train
WP_037095060	WP_164070215	train
WP_163875159	WP_164070215	train
WP_037143666	WP_164070215	train
WP_442169708	WP_164070215	train
WP_222306217	WP_164070215	train
WP_446967409	WP_164070215	train
WP_130681364	WP_164070215	train
WP_222006170	WP_164070215	train
WP_442153738	WP_164070215	train
WP_273880762	WP_164070215	train
WP_088938802	WP_164070215	train
WP_130666608	WP_164070215	train
WP_272783185	WP_164070215	train
WP_442126251	WP_164070215	train
WP_221966722	WP_164070215	train
WP_077976606	WP_164070215	train
WP_273883752	WP_164070215	train
WP_131601172	WP_164070215	train
WP_283199687	WP_164070215	train
WP_063476425	WP_164070215	train
WP_131645396	WP_164070215	train
WP_116272468	WP_164070215	train
WP_130681048	WP_164070215	train
WP_064821410	WP_164070215	train
WP_168349089	WP_164070215	train
WP_130708662	WP_164070215	train
WP_222027898	WP_164070215	train
WP_442091487	WP_164070215	train
WP_436279021	WP_164070215	train
WP_033181724	WP_164070215	train
WP_047613830	WP_164070215	train
WP_264257925	WP_164070215	train
WP_097624019	WP_164070215	train
WP_168338018	WP_164070215	train
WP_171599090	WP_164070215	train
WP_130667397	WP_164070215	train
WP_442060046	WP_164070215	train
WP_183852548	WP_164070215	train
WP_130723165	WP_164070215	train
WP_168345886	WP_164070215	train
WP_130775132	WP_164070215	train
WP_130699585	WP_164070215	train
WP_209887253	WP_164070215	train
WP_017959171	WP_164070215	train
WP_062943430	WP_164070215	train
WP_414815556	WP_164070215	train
WP_442194522	WP_164070215	train
WP_129418091	WP_164070215	train
WP_168323725	WP_164070215	train
WP_130701135	WP_164070215	train
WP_012756230	WP_164070215	train
WP_164055377	WP_164070215	train
WP_025393364	WP_164070215	train
WP_222374798	WP_164070215	train
WP_183908587	WP_164070215	train
WP_183777256	WP_164070215	train
WP_164009944	WP_164070215	train
WP_116404987	WP_164070215	train
WP_439008776	WP_164070215	train
WP_442164653	WP_164070215	train
WP_170256189	WP_164070215	train
WP_138328889	WP_164070215	train
WP_183606642	WP_164070215	train
WP_028757735	WP_164070215	train
WP_221117558	WP_164070215	train
WP_222330364	WP_164070215	train
WP_182210436	WP_164070215	train
WP_221963898	WP_164070215	train
WP_105005094	WP_164070215	train
WP_065282332	WP_164070215	train
WP_130677147	WP_164070215	train
WP_003588262	WP_164070215	train
WP_141512126	WP_141512126	test
WP_339138416	WP_339138416	test
WP_317462148	WP_317462148	train
WP_084808840	WP_084808840	train
WP_473372200	WP_084808840	train
WP_074121502	WP_084808840	train
WP_409190447	WP_084808840	train
WP_128931608	WP_084808840	train
WP_439360048	WP_084808840	train
WP_212307444	WP_084808840	train
WP_166818314	WP_084808840	train
WP_254140362	WP_084808840	train
WP_211404619	WP_084808840	train
WP_373050900	WP_373050900	val
WP_064324220	WP_064324220	train
WP_449557478	WP_064324220	train
WP_442359976	WP_064324220	train
WP_475292370	WP_475292370	train
WP_028017784	WP_028017784	train
WP_256068241	WP_028017784	train
WP_128348471	WP_028017784	train
WP_013364069	WP_028017784	train
WP_129997027	WP_028017784	train
WP_129324378	WP_028017784	train
WP_049007076	WP_028017784	train
WP_338885482	WP_338885482	train
WP_273559038	WP_338885482	train
WP_338802951	WP_338885482	train
WP_189759485	WP_338885482	train
WP_340614351	WP_338885482	train
WP_309367512	WP_309367512	val
WP_169405302	WP_309367512	val
WP_367595060	WP_367595060	test
WP_261120300	WP_261120300	train
WP_061797831	WP_261120300	train
WP_154900098	WP_261120300	train
WP_262119832	WP_261120300	train
WP_052901061	WP_052901061	val
WP_434648132	WP_434648132	train
WP_316095406	WP_434648132	train
WP_165458635	WP_434648132	train
WP_071359142	WP_434648132	train
WP_048024227	WP_434648132	train
WP_213894248	WP_434648132	train
WP_237187596	WP_434648132	train
WP_015585199	WP_434648132	train
WP_434717769	WP_434648132	train
WP_100663318	WP_434648132	train
WP_316935401	WP_434648132	train
WP_320420082	WP_434648132	train
WP_099842733	WP_434648132	train
WP_416239594	WP_434648132	train
WP_004857598	WP_434648132	train
WP_051642646	WP_051642646	train
WP_213733557	WP_051642646	train
WP_181230555	WP_051642646	train
WP_414446324	WP_051642646	train
WP_407161924	WP_051642646	train
WP_199994869	WP_051642646	train
WP_052128071	WP_051642646	train
WP_338843223	WP_051642646	train
WP_056817182	WP_056817182	val
WP_168559795	WP_056817182	val
WP_086500265	WP_086500265	train
WP_437246115	WP_086500265	train
WP_048283605	WP_086500265	train
WP_045290151	WP_086500265	train
WP_426287944	WP_426287944	train
WP_371022553	WP_426287944	train
WP_345783959	WP_426287944	train
WP_429200223	WP_426287944	train
WP_481282751	WP_426287944	train
WP_448099483	WP_426287944	train
WP_369308873	WP_369308873	test
WP_242903503	WP_242903503	train
WP_332043074	WP_332043074	test
WP_325685746	WP_325685746	train
WP_300515077	WP_300515077	train
WP_108484487	WP_108484487	val
WP_480512130	WP_480512130	train
WP_435257360	WP_435257360	test
WP_454832891	WP_454832891	train
WP_299955175	WP_299955175	val
WP_195818997	WP_299955175	val
WP_367934279	WP_367934279	test
WP_480901831	WP_480901831	train
WP_170511967	WP_480901831	train
WP_170625530	WP_480901831	train
WP_480568625	WP_480901831	train
WP_170394427	WP_480901831	train
WP_170407760	WP_480901831	train
WP_480867988	WP_480901831	train
WP_480762776	WP_480901831	train
WP_480895666	WP_480901831	train
WP_170735907	WP_480901831	train
WP_479482464	WP_479482464	train
WP_254248255	WP_479482464	train
WP_090190833	WP_479482464	train
WP_341223107	WP_479482464	train
WP_146343760	WP_146343760	test
WP_411644690	WP_411644690	val
WP_299948940	WP_299948940	train
WP_299665015	WP_299948940	train
WP_299987404	WP_299948940	train
WP_142663194	WP_142663194	test
WP_322296853	WP_322296853	train
WP_427963474	WP_427963474	val
WP_136394092	WP_136394092	test
WP_174197397	WP_174197397	train
WP_192078722	WP_174197397	train
WP_062458450	WP_174197397	train
WP_062576722	WP_174197397	train
WP_471893805	WP_174197397	train
WP_430253027	WP_174197397	train
WP_184655332	WP_174197397	train
WP_092664457	WP_174197397	train
WP_127050200	WP_127050200	test
WP_055081832	WP_055081832	val
WP_417686758	WP_417686758	train
WP_297585131	WP_297585131	val
WP_316980352	WP_316980352	train
WP_213353185	WP_213353185	train
WP_253025030	WP_253025030	train
WP_085919874	WP_253025030	train
WP_066317262	WP_253025030	train
WP_092829252	WP_253025030	train
WP_309767754	WP_253025030	train
WP_199285143	WP_253025030	train
WP_332612753	WP_253025030	train
WP_129628545	WP_129628545	test
WP_404299552	WP_404299552	train
WP_189634148	WP_189634148	val
WP_440548179	WP_440548179	test
WP_264225407	WP_264225407	test
WP_127039953	WP_127039953	train
WP_127062782	WP_127039953	train
WP_126950044	WP_127039953	train
WP_108601128	WP_108601128	train
WP_058290474	WP_058290474	train
WP_413573587	WP_413573587	train
WP_433848654	WP_413573587	train
WP_313826973	WP_413573587	train
WP_407975755	WP_413573587	train
WP_076997367	WP_076997367	val
WP_454748117	WP_454748117	train
WP_377049795	WP_377049795	val
WP_442040532	WP_442040532	val
WP_159864355	WP_159864355	test
WP_134724256	WP_134724256	val
WP_338188197	WP_338188197	train
WP_064781691	WP_338188197	train
WP_475353386	WP_338188197	train
WP_297120448	WP_338188197	train
WP_287446804	WP_338188197	train
WP_197147113	WP_338188197	train
WP_008890443	WP_338188197	train
WP_213474351	WP_338188197	train
WP_336233046	WP_338188197	train
WP_296989015	WP_338188197	train
WP_286791052	WP_338188197	train
WP_063088440	WP_338188197	train
WP_338179276	WP_338188197	train
WP_103778996	WP_103778996	train
WP_430652637	WP_430652637	train
WP_230353189	WP_430652637	train
WP_435898673	WP_435898673	train
WP_120817318	WP_435898673	train
WP_312285092	WP_435898673	train
WP_435977052	WP_435898673	train
WP_038253527	WP_435898673	train
WP_006817844	WP_435898673	train
WP_481089325	WP_481089325	train
WP_047769995	WP_481089325	train
WP_348986696	WP_481089325	train
WP_285810844	WP_481089325	train
WP_161658777	WP_161658777	train
WP_313081052	WP_161658777	train
WP_368777136	WP_161658777	train
WP_323872016	WP_323872016	train
WP_323857840	WP_323872016	train
WP_045970478	WP_323872016	train
WP_273582925	WP_323872016	train
WP_140920451	WP_140920451	train
WP_228399223	WP_140920451	train
WP_130589970	WP_140920451	train
WP_230609921	WP_140920451	train
WP_218467573	WP_140920451	train
WP_108901002	WP_140920451	train
WP_200545480	WP_200545480	train
WP_105590908	WP_200545480	train
WP_200559951	WP_200545480	train
WP_020824639	WP_020824639	train
WP_442232734	WP_020824639	train
WP_392457648	WP_020824639	train
WP_203033212	WP_203033212	train
WP_454809106	WP_203033212	train
WP_136031554	WP_203033212	train
WP_025714506	WP_203033212	train
WP_251354541	WP_203033212	train
WP_117125726	WP_203033212	train
WP_024966298	WP_024966298	val
WP_316778073	WP_316778073	test
WP_250945436	WP_250945436	test
WP_163902342	WP_250945436	test
WP_062203252	WP_062203252	train
WP_397408820	WP_397408820	test
WP_265965135	WP_265965135	val
WP_380938207	WP_380938207	train
WP_456146765	WP_456146765	train
WP_149463778	WP_456146765	train
WP_253897153	WP_456146765	train
WP_325933852	WP_325933852	train
WP_285131342	WP_325933852	train
WP_312189386	WP_325933852	train
WP_320530803	WP_325933852	train
WP_285112501	WP_325933852	train
WP_485887672	WP_325933852	train
WP_142487666	WP_325933852	train
WP_114316316	WP_325933852	train
WP_103177636	WP_325933852	train
WP_269775960	WP_325933852	train
WP_250586756	WP_325933852	train
WP_196210111	WP_196210111	val
WP_103060277	WP_103060277	test
WP_132456953	WP_132456953	test
WP_327614818	WP_327614818	test
WP_327618981	WP_327614818	test
WP_346600363	WP_346600363	train
WP_471720775	WP_346600363	train
WP_479995956	WP_346600363	train
WP_013204558	WP_346600363	train
WP_482435253	WP_346600363	train
WP_206404584	WP_346600363	train
WP_455916705	WP_346600363	train
WP_150435942	WP_150435942	val
WP_085846588	WP_085846588	train
WP_135712157	WP_085846588	train
WP_135722479	WP_085846588	train
WP_285914538	WP_085846588	train
WP_464414557	WP_085846588	train
WP_087849136	WP_085846588	train
WP_195805757	WP_085846588	train
WP_171882204	WP_085846588	train
WP_430690661	WP_085846588	train
WP_417649984	WP_085846588	train
WP_101990282	WP_085846588	train
WP_032455509	WP_085846588	train
WP_165458089	WP_085846588	train
WP_368764344	WP_085846588	train
WP_082226086	WP_085846588	train
WP_094334276	WP_085846588	train
WP_274921412	WP_085846588	train
WP_101976491	WP_085846588	train
WP_369301339	WP_085846588	train
WP_182948287	WP_085846588	train
WP_064155478	WP_085846588	train
WP_180402388	WP_085846588	train
WP_004886428	WP_085846588	train
WP_262963134	WP_085846588	train
WP_371334108	WP_085846588	train
WP_206339497	WP_085846588	train
WP_064158440	WP_085846588	train
WP_072422425	WP_085846588	train
WP_448703362	WP_085846588	train
WP_112201892	WP_085846588	train
WP_261901795	WP_085846588	train
WP_101978428	WP_085846588	train
WP_123822761	WP_085846588	train
WP_332096512	WP_085846588	train
WP_048294131	WP_085846588	train
WP_455546450	WP_455546450	test
WP_090175275	WP_090175275	train
WP_029213747	WP_090175275	train
WP_310048624	WP_090175275	train
WP_090056046	WP_090175275	train
WP_291777060	WP_291777060	train
WP_087858813	WP_087858813	test
WP_477849124	WP_477849124	val
WP_137346550	WP_137346550	train
WP_257662162	WP_137346550	train
WP_407209596	WP_137346550	train
WP_101742118	WP_137346550	train
WP_267448617	WP_137346550	train
WP_219352009	WP_137346550	train
WP_199954678	WP_137346550	train
WP_410740199	WP_137346550	train
WP_116360317	WP_137346550	train
WP_061066884	WP_137346550	train
WP_005121507	WP_137346550	train
WP_019183289	WP_019183289	train
WP_346470347	WP_019183289	train
WP_319623865	WP_019183289	train
WP_481485691	WP_019183289	train
WP_259260316	WP_019183289	train
WP_353084342	WP_019183289	train
WP_265310069	WP_019183289	train
WP_455898947	WP_019183289	train
WP_481468086	WP_019183289	train
WP_123728936	WP_019183289	train
WP_102788306	WP_019183289	train
WP_133504886	WP_133504886	train
WP_369938921	WP_369938921	val
WP_334162993	WP_334162993	test
WP_074738665	WP_074738665	train
WP_043920529	WP_043920529	test
WP_237096073	WP_237096073	test
WP_309643469	WP_309643469	val
WP_116136741	WP_116136741	train
WP_170464794	WP_170464794	train
WP_475206501	WP_170464794	train
WP_170423586	WP_170464794	train
WP_422824584	WP_422824584	test
WP_094577837	WP_094577837	test
WP_085822156	WP_085822156	val
WP_377193984	WP_085822156	val
WP_073011485	WP_073011485	test
WP_192145423	WP_073011485	test
WP_353312913	WP_353312913	val
WP_422063512	WP_353312913	val
WP_240719307	WP_240719307	test
WP_296819917	WP_296819917	train
WP_174135802	WP_174135802	train
WP_186253090	WP_186253090	test
WP_090199637	WP_090199637	test
WP_482922971	WP_482922971	test
WP_292912813	WP_292912813	val
WP_311430405	WP_311430405	train
WP_195688086	WP_311430405	train
WP_299234907	WP_311430405	train
WP_132043020	WP_311430405	train
WP_165016534	WP_165016534	test
WP_291240589	WP_291240589	train
WP_370251646	WP_370251646	train
WP_370270355	WP_370251646	train
WP_420396801	WP_370251646	train
WP_105518833	WP_105518833	train
WP_007876256	WP_105518833	train
WP_094505342	WP_105518833	train
WP_215775622	WP_105518833	train
WP_095447193	WP_105518833	train
WP_113496294	WP_105518833	train
WP_318578430	WP_105518833	train
WP_285534413	WP_105518833	train
WP_112805523	WP_105518833	train
WP_128093434	WP_105518833	train
WP_064320941	WP_105518833	train
WP_100558666	WP_105518833	train
WP_435654939	WP_105518833	train
WP_113485634	WP_105518833	train
WP_112812730	WP_105518833	train
WP_312468422	WP_105518833	train
WP_207488434	WP_105518833	train
WP_079212190	WP_105518833	train
WP_200637808	WP_105518833	train
WP_424576425	WP_105518833	train
WP_024899317	WP_105518833	train
WP_332778264	WP_332778264	test
WP_107847146	WP_107847146	train
WP_023762645	WP_023762645	train
WP_352970544	WP_023762645	train
WP_292641221	WP_023762645	train
WP_109667521	WP_023762645	train
WP_292185721	WP_023762645	train
WP_352836204	WP_023762645	train
WP_352941918	WP_023762645	train
WP_352659869	WP_023762645	train
WP_056592590	WP_023762645	train
WP_352730219	WP_023762645	train
WP_378985780	WP_023762645	train
WP_127263008	WP_023762645	train
WP_352635416	WP_023762645	train
WP_352608658	WP_023762645	train
WP_126067080	WP_023762645	train
WP_352870285	WP_023762645	train
WP_136619572	WP_023762645	train
WP_227447558	WP_227447558	val
WP_409697431	WP_409697431	val
WP_432678390	WP_432678390	train
WP_158971592	WP_158971592	val
WP_093009936	WP_093009936	val
WP_152462510	WP_093009936	val
WP_458572417	WP_458572417	train
WP_209986771	WP_458572417	train
WP_338492831	WP_458572417	train
WP_065869758	WP_458572417	train
WP_057006214	WP_458572417	train
WP_003233647	WP_458572417	train
WP_338514031	WP_458572417	train
WP_177015180	WP_458572417	train
WP_071486690	WP_458572417	train
WP_480589443	WP_480589443	val
WP_480573981	WP_480589443	val
WP_441330061	WP_441330061	val
WP_441966265	WP_441966265	test
WP_434636730	WP_434636730	test
WP_343203644	WP_343203644	val
WP_313343945	WP_313343945	train
WP_189624443	WP_189624443	train
WP_108476283	WP_189624443	train
WP_237053168	WP_237053168	test
WP_130549757	WP_130549757	val
WP_138652501	WP_130549757	val
WP_192275806	WP_192275806	test
WP_374501021	WP_374501021	train
WP_407073755	WP_374501021	train
WP_336188542	WP_374501021	train
WP_253457131	WP_374501021	train
WP_245125842	WP_374501021	train
WP_111458237	WP_111458237	train
WP_481494158	WP_481494158	val
WP_170544084	WP_170544084	train
WP_260026925	WP_170544084	train
WP_480907095	WP_170544084	train
WP_480715786	WP_170544084	train
WP_170774325	WP_170544084	train
WP_377210873	WP_377210873	train
WP_072776774	WP_072776774	test
WP_070979828	WP_070979828	val
WP_150522528	WP_150522528	val
WP_089995022	WP_089995022	val
WP_067097420	WP_067097420	val
WP_112390558	WP_112390558	train
WP_112518439	WP_112390558	train
WP_112538108	WP_112390558	train
WP_477948789	WP_112390558	train
WP_011569010	WP_011569010	val
WP_201752101	WP_201752101	val
WP_090203322	WP_090203322	val
WP_447045617	WP_447045617	train
WP_113269510	WP_447045617	train
WP_127143788	WP_127143788	train
WP_093361948	WP_093361948	train
WP_335425379	WP_335425379	test
WP_172364044	WP_172364044	test
WP_464787096	WP_464787096	train
WP_460986277	WP_464787096	train
WP_196224220	WP_464787096	train
WP_464777876	WP_464787096	train
WP_464771116	WP_464787096	train
WP_449473612	WP_464787096	train
WP_464790701	WP_464787096	train
WP_210009058	WP_210009058	train
WP_436253326	WP_210009058	train
WP_345925342	WP_210009058	train
WP_329663428	WP_329663428	val
WP_305281204	WP_305281204	train
WP_305237653	WP_305281204	train
WP_304766410	WP_305281204	train
WP_311759921	WP_311759921	train
WP_395134278	WP_311759921	train
WP_423320795	WP_311759921	train
WP_453959472	WP_453959472	train
WP_239352852	WP_239352852	val
WP_370334657	WP_370334657	train
WP_404421389	WP_404421389	val
WP_015498385	WP_015498385	train
WP_329784477	WP_329784477	train
WP_416459408	WP_416459408	val
WP_332291633	WP_332291633	val
WP_463595868	WP_463595868	test
WP_037467021	WP_037467021	val
WP_417809138	WP_417809138	test
WP_309902878	WP_309902878	train
WP_309918478	WP_309902878	train
WP_309931030	WP_309902878	train
WP_309809831	WP_309902878	train
WP_309833355	WP_309902878	train
WP_205156838	WP_205156838	train
WP_191770968	WP_191770968	train
WP_101098242	WP_191770968	train
WP_481447773	WP_191770968	train
WP_481469761	WP_191770968	train
WP_182655871	WP_191770968	train
WP_319274786	WP_191770968	train
WP_481500164	WP_191770968	train
WP_481483807	WP_191770968	train
WP_481482815	WP_191770968	train
WP_304879524	WP_304879524	train
WP_435190203	WP_435190203	val
WP_208975722	WP_208975722	train
WP_208999577	WP_208975722	train
WP_430512541	WP_208975722	train
WP_334251625	WP_208975722	train
WP_081626031	WP_208975722	train
WP_104403334	WP_104403334	test
WP_423912502	WP_423912502	test
WP_421854809	WP_421854809	val
WP_140537500	WP_140537500	test
WP_223421742	WP_223421742	val
WP_290740514	WP_290740514	test
WP_154682598	WP_154682598	train
WP_318365703	WP_318365703	train
WP_318387871	WP_318365703	train
WP_318393361	WP_318365703	train
WP_090462813	WP_318365703	train
WP_312072653	WP_312072653	train
WP_165461333	WP_312072653	train
WP_271121475	WP_271121475	train
WP_455548869	WP_271121475	train
WP_455426348	WP_271121475	train
WP_410373179	WP_410373179	train
WP_034499775	WP_410373179	train
WP_259268113	WP_410373179	train
WP_115626826	WP_410373179	train
WP_471678545	WP_410373179	train
WP_172892855	WP_410373179	train
WP_222158100	WP_222158100	val
WP_078002542	WP_078002542	test
WP_004094011	WP_004094011	train
WP_423731986	WP_004094011	train
WP_458928078	WP_004094011	train
WP_224452103	WP_004094011	train
WP_070715349	WP_004094011	train
WP_336192313	WP_004094011	train
WP_130959072	WP_004094011	train
WP_404658526	WP_404658526	train
WP_330985755	WP_404658526	train
WP_372784756	WP_372784756	val
WP_099539241	WP_099539241	test
WP_290748392	WP_290748392	train
WP_183525576	WP_183525576	val
WP_317263420	WP_317263420	test
WP_417249633	WP_417249633	val
WP_271433297	WP_271433297	test
WP_334488406	WP_334488406	train
WP_447056139	WP_447056139	val
WP_301641255	WP_301641255	train
WP_301793148	WP_301793148	train
WP_066578137	WP_301793148	train
WP_025990001	WP_301793148	train
WP_374333909	WP_374333909	val
WP_137895870	WP_137895870	val
WP_057509056	WP_057509056	train
WP_345784477	WP_057509056	train
WP_425602082	WP_057509056	train
WP_210324819	WP_210324819	test
WP_210161001	WP_210161001	train
WP_262030932	WP_210161001	train
WP_181052401	WP_210161001	train
WP_044185746	WP_044185746	test
WP_156566498	WP_044185746	test
WP_312021346	WP_312021346	train
WP_148470139	WP_148470139	val
WP_157027026	WP_157027026	test
WP_374809582	WP_374809582	val
WP_251259881	WP_251259881	val
WP_441695808	WP_441695808	train
WP_088153156	WP_441695808	train
WP_225766504	WP_441695808	train
WP_438607812	WP_441695808	train
WP_343716698	WP_441695808	train
WP_380306417	WP_441695808	train
WP_441320007	WP_441695808	train
WP_138886276	WP_441695808	train
WP_429229142	WP_441695808	train
WP_034846160	WP_441695808	train
WP_342239276	WP_441695808	train
WP_209252678	WP_209252678	train
WP_108783145	WP_108783145	test
WP_476837079	WP_476837079	train
WP_188516048	WP_476837079	train
WP_137475090	WP_137475090	val
WP_085326362	WP_137475090	val
WP_442771600	WP_442771600	val
WP_127363084	WP_127363084	train
WP_125240575	WP_127363084	train
WP_127392656	WP_127392656	train
WP_135859351	WP_127392656	train
WP_127285092	WP_127392656	train
WP_127309288	WP_127392656	train
WP_446310467	WP_446310467	test
WP_424177031	WP_424177031	train
WP_007204063	WP_424177031	train
WP_439508328	WP_424177031	train
WP_324862298	WP_324862298	test
WP_348756828	WP_348756828	train
WP_148147051	WP_148147051	val
WP_183826123	WP_148147051	val
WP_372580699	WP_372580699	test
WP_111550494	WP_111550494	train
WP_456625872	WP_456625872	train
WP_247518176	WP_456625872	train
WP_212420062	WP_456625872	train
WP_472733274	WP_472733274	train
WP_374633330	WP_374633330	val
WP_060147690	WP_060147690	train
WP_059564552	WP_060147690	train
WP_017333520	WP_060147690	train
WP_458443036	WP_060147690	train
WP_060027052	WP_060147690	train
WP_422830491	WP_422830491	val
WP_155190263	WP_155190263	val
WP_110948391	WP_110948391	train
WP_431745693	WP_110948391	train
WP_296256924	WP_110948391	train
WP_133748657	WP_110948391	train
WP_475086402	WP_475086402	val
WP_245265211	WP_245265211	test
WP_008873060	WP_008873060	val
WP_013211478	WP_013211478	train
WP_197329211	WP_013211478	train
WP_096761459	WP_013211478	train
WP_099091586	WP_013211478	train
WP_103677078	WP_103677078	val
WP_181681746	WP_181681746	test
WP_322837196	WP_322837196	val
WP_337344266	WP_337344266	test
WP_480611571	WP_480611571	test
WP_480879787	WP_480879787	train
WP_480847071	WP_480879787	train
WP_480737692	WP_480737692	train
WP_300070071	WP_480737692	train
WP_298935071	WP_480737692	train
WP_299890216	WP_480737692	train
WP_299080261	WP_480737692	train
WP_146363885	WP_146363885	val
WP_070880275	WP_070880275	test
WP_188793452	WP_188793452	val
WP_170754121	WP_170754121	train
WP_353392026	WP_170754121	train
WP_480482620	WP_170754121	train
WP_209196255	WP_170754121	train
WP_170355118	WP_170754121	train
WP_265119579	WP_265119579	train
WP_410273947	WP_410273947	train
WP_140986745	WP_140986745	train
WP_231802712	WP_231802712	val
WP_166845622	WP_166845622	train
WP_480711706	WP_480711706	val
WP_419905017	WP_419905017	test
WP_025732362	WP_025732362	train
WP_475164757	WP_475164757	test
WP_480646602	WP_475164757	test
WP_107662691	WP_107662691	train
WP_444667616	WP_107662691	train
WP_136791389	WP_107662691	train
WP_018998391	WP_018998391	val
WP_138324031	WP_138324031	test
WP_112874690	WP_112874690	val
WP_478042298	WP_478042298	val
WP_068114063	WP_068114063	val
WP_160010070	WP_160010070	train
WP_227322270	WP_227322270	test
WP_271645819	WP_271645819	train
WP_169623932	WP_169623932	train
WP_448690398	WP_448690398	test
WP_424539012	WP_448690398	test
WP_374342843	WP_374342843	train
WP_185665615	WP_185665615	train
WP_122464532	WP_122464532	val
WP_374274879	WP_122464532	val
WP_444648910	WP_444648910	val
WP_427028130	WP_444648910	val
WP_055662275	WP_055662275	val
WP_482193260	WP_482193260	test
WP_464044842	WP_464044842	val
WP_169493108	WP_169493108	train
WP_205794363	WP_205794363	train
WP_124599961	WP_205794363	train
WP_404282099	WP_404282099	train
WP_006205378	WP_404282099	train
WP_213985794	WP_213985794	val
WP_087208558	WP_087208558	train
WP_424974402	WP_424974402	val
WP_320460604	WP_320460604	val
WP_264497937	WP_264497937	val
WP_049617092	WP_049617092	train
WP_050539468	WP_049617092	train
WP_054882475	WP_049617092	train
WP_032817396	WP_049617092	train
WP_318788982	WP_318788982	train
WP_306209299	WP_318788982	train
WP_342911209	WP_318788982	train
WP_397216763	WP_397216763	val
WP_347253897	WP_347253897	test
WP_261831814	WP_347253897	test
WP_027273682	WP_347253897	test
WP_480149276	WP_480149276	test
WP_012908703	WP_012908703	test
WP_250339530	WP_250339530	train
WP_072322399	WP_250339530	train
WP_024868161	WP_024868161	test
WP_051414060	WP_024868161	test
WP_039526556	WP_039526556	val
WP_480673784	WP_480673784	val
WP_377683077	WP_377683077	train
WP_242109623	WP_242109623	test
WP_066011563	WP_066011563	train
WP_111529561	WP_111529561	train
WP_480511234	WP_480511234	train
WP_269127822	WP_269127822	val
WP_191601997	WP_269127822	val
WP_473448712	WP_269127822	val
WP_461159034	WP_461159034	train
WP_201514691	WP_461159034	train
WP_247230660	WP_461159034	train
WP_097092071	WP_461159034	train
WP_417458590	WP_417458590	train
WP_087531602	WP_087531602	test
WP_138553927	WP_087531602	test
WP_127763600	WP_127763600	train
WP_090597517	WP_090597517	train
WP_188915594	WP_188915594	test
WP_370713167	WP_370713167	val
WP_449510453	WP_449510453	val
WP_197239327	WP_197239327	train
WP_024594152	WP_197239327	train
WP_165739258	WP_197239327	train
WP_291837637	WP_291837637	val
WP_341725633	WP_341725633	train
WP_311065648	WP_311065648	train
WP_193462203	WP_311065648	train
WP_436123316	WP_436123316	train
WP_192318179	WP_436123316	train
WP_310320645	WP_436123316	train
WP_111607567	WP_111607567	train
WP_241557025	WP_111607567	train
WP_417529351	WP_111607567	train
WP_341979848	WP_341979848	test
WP_430397771	WP_341979848	test
WP_027132802	WP_027132802	val
WP_114226870	WP_114226870	val
WP_472629667	WP_472629667	test
WP_230447892	WP_230447892	val
WP_100173960	WP_100173960	train
WP_089676405	WP_089676405	train
WP_428250863	WP_089676405	train
WP_023006232	WP_089676405	train
WP_447674330	WP_447674330	train
WP_147855157	WP_447674330	train
WP_447671961	WP_447674330	train
WP_099591760	WP_099591760	val
WP_421953197	WP_421953197	train
WP_447556012	WP_447556012	train
WP_410350553	WP_410350553	val
WP_071240468	WP_071240468	train
WP_085644718	WP_071240468	train
WP_114956161	WP_114956161	val
WP_386835134	WP_386835134	val
WP_126719549	WP_126719549	train
WP_163851866	WP_163851866	test
WP_101570994	WP_101570994	train
WP_076628024	WP_076628024	val
WP_477245408	WP_477245408	train
WP_171919010	WP_171919010	train
WP_440103864	WP_171919010	train
WP_255165102	WP_171919010	train
WP_444661655	WP_171919010	train
WP_071795779	WP_071795779	test
WP_409525819	WP_409525819	test
WP_166582846	WP_166582846	train
WP_284343177	WP_284343177	test
WP_444762468	WP_444762468	val
WP_291932695	WP_291932695	train
WP_484165613	WP_291932695	train
WP_108331174	WP_291932695	train
WP_089955280	WP_291932695	train
WP_291917962	WP_291932695	train
WP_295502717	WP_291932695	train
WP_108363379	WP_291932695	train
WP_463141845	WP_291932695	train
WP_353244881	WP_291932695	train
WP_353238912	WP_291932695	train
WP_108377287	WP_291932695	train
WP_238898289	WP_238898289	val
WP_124024391	WP_124024391	val
WP_066547205	WP_066547205	val
WP_268011136	WP_268011136	train
WP_409221924	WP_268011136	train
WP_021038198	WP_268011136	train
WP_087450893	WP_268011136	train
WP_400217112	WP_268011136	train
WP_115444838	WP_268011136	train
WP_264783506	WP_268011136	train
WP_096987060	WP_268011136	train
WP_411597782	WP_268011136	train
WP_160524305	WP_268011136	train
WP_105278842	WP_268011136	train
WP_105465132	WP_268011136	train
WP_001116470	WP_268011136	train
WP_157276175	WP_268011136	train
WP_074535982	WP_268011136	train
WP_222688449	WP_268011136	train
WP_001116476	WP_268011136	train
WP_001116479	WP_268011136	train
WP_191644119	WP_268011136	train
WP_130261216	WP_268011136	train
WP_273679362	WP_268011136	train
WP_001116477	WP_268011136	train
WP_436328989	WP_268011136	train
WP_181667990	WP_268011136	train
WP_407119637	WP_268011136	train
WP_021555827	WP_268011136	train
WP_117611510	WP_268011136	train
WP_205849644	WP_268011136	train
WP_264870005	WP_268011136	train
WP_135490603	WP_268011136	train
WP_130237998	WP_268011136	train
WP_112029567	WP_268011136	train
WP_039004742	WP_268011136	train
WP_181665815	WP_268011136	train
WP_042091962	WP_268011136	train
WP_135385297	WP_268011136	train
WP_094083945	WP_268011136	train
WP_436491729	WP_268011136	train
WP_276270291	WP_268011136	train
WP_024009419	WP_268011136	train
WP_024224752	WP_268011136	train
WP_332125197	WP_268011136	train
WP_001116478	WP_268011136	train
WP_069044769	WP_268011136	train
WP_407241304	WP_268011136	train
WP_367064904	WP_268011136	train
WP_001116112	WP_268011136	train
WP_205939614	WP_268011136	train
WP_115739253	WP_268011136	train
WP_180344708	WP_268011136	train
WP_001116469	WP_268011136	train
WP_242427897	WP_268011136	train
WP_065106498	WP_268011136	train
WP_105454536	WP_268011136	train
WP_248900308	WP_268011136	train
WP_267225910	WP_268011136	train
WP_422857121	WP_268011136	train
WP_322022048	WP_268011136	train
WP_180492097	WP_268011136	train
WP_083586312	WP_268011136	train
WP_021539616	WP_268011136	train
WP_235639683	WP_268011136	train
WP_105484688	WP_268011136	train
WP_097697475	WP_268011136	train
WP_473775762	WP_268011136	train
WP_289420278	WP_268011136	train
WP_115763596	WP_268011136	train
WP_094323894	WP_268011136	train
WP_032153071	WP_268011136	train
WP_248414138	WP_268011136	train
WP_087903850	WP_268011136	train
WP_059338176	WP_268011136	train
WP_016242828	WP_268011136	train
WP_199397345	WP_268011136	train
WP_473718904	WP_268011136	train
WP_135488504	WP_268011136	train
WP_261634001	WP_268011136	train
WP_001116475	WP_268011136	train
WP_181588097	WP_268011136	train
WP_097764343	WP_268011136	train
WP_032295176	WP_268011136	train
WP_064530574	WP_268011136	train
WP_412167917	WP_268011136	train
WP_053898833	WP_268011136	train
WP_149508495	WP_268011136	train
WP_265748862	WP_268011136	train
WP_430985955	WP_268011136	train
WP_216348488	WP_268011136	train
WP_481247084	WP_268011136	train
WP_001116468	WP_268011136	train
WP_137444679	WP_268011136	train
WP_161983311	WP_268011136	train
WP_270616057	WP_268011136	train
WP_021536001	WP_268011136	train
WP_269233324	WP_268011136	train
WP_097501804	WP_268011136	train
WP_135493189	WP_268011136	train
WP_075862094	WP_268011136	train
WP_213840648	WP_268011136	train
WP_101356985	WP_268011136	train
WP_097513058	WP_268011136	train
WP_089575048	WP_268011136	train
WP_134894973	WP_268011136	train
WP_206783719	WP_268011136	train
WP_130223355	WP_268011136	train
WP_137527103	WP_268011136	train
WP_135562127	WP_268011136	train
WP_306717214	WP_268011136	train
WP_230494009	WP_268011136	train
WP_226201657	WP_268011136	train
WP_135410620	WP_268011136	train
WP_233851343	WP_233851343	train
WP_129957798	WP_233851343	train
WP_335752624	WP_335752624	train
WP_424934421	WP_424934421	val
WP_164352881	WP_164352881	test
WP_116990564	WP_116990564	train
WP_217945754	WP_116990564	train
WP_445232819	WP_116990564	train
WP_274425014	WP_274425014	val
WP_436048515	WP_436048515	train
WP_244530033	WP_244530033	val
WP_244530403	WP_244530033	val
WP_169490960	WP_169490960	train
WP_325043434	WP_169490960	train
WP_093635398	WP_169490960	train
WP_327627530	WP_169490960	train
WP_408339434	WP_169490960	train
WP_408452916	WP_169490960	train
WP_408218573	WP_169490960	train
WP_408301972	WP_169490960	train
WP_102631773	WP_169490960	train
WP_132373025	WP_169490960	train
WP_310813887	WP_169490960	train
WP_074765808	WP_169490960	train
WP_095418212	WP_169490960	train
WP_408256459	WP_169490960	train
WP_007180363	WP_169490960	train
WP_454826404	WP_169490960	train
WP_027800105	WP_169490960	train
WP_370707640	WP_169490960	train
WP_074282179	WP_169490960	train
WP_006051871	WP_169490960	train
WP_011489867	WP_169490960	train
WP_168795235	WP_169490960	train
WP_427482798	WP_169490960	train
WP_201643964	WP_169490960	train
WP_408253948	WP_169490960	train
WP_153134445	WP_169490960	train
WP_134457793	WP_169490960	train
WP_408332076	WP_169490960	train
WP_445568012	WP_169490960	train
WP_408465684	WP_169490960	train
WP_171926720	WP_169490960	train
WP_106285212	WP_169490960	train
WP_211613007	WP_169490960	train
WP_408437554	WP_169490960	train
WP_015003769	WP_169490960	train
WP_408424249	WP_169490960	train
WP_154558115	WP_169490960	train
WP_266258689	WP_169490960	train
WP_120349473	WP_169490960	train
WP_115781051	WP_169490960	train
WP_323044897	WP_169490960	train
WP_013589639	WP_169490960	train
WP_114197582	WP_169490960	train
WP_317020060	WP_169490960	train
WP_408257941	WP_169490960	train
WP_027779671	WP_169490960	train
WP_408263894	WP_169490960	train
WP_179708288	WP_169490960	train
WP_105509468	WP_169490960	train
WP_179744142	WP_169490960	train
WP_176058839	WP_169490960	train
WP_035548679	WP_169490960	train
WP_454886742	WP_454886742	test
WP_315133241	WP_315133241	test
WP_428641975	WP_428641975	test
WP_370673741	WP_370673741	train
WP_386774856	WP_386774856	test
WP_107975071	WP_107975071	train
WP_237293862	WP_237293862	val
WP_318327751	WP_318327751	val
WP_266280131	WP_266280131	test
WP_258997637	WP_258997637	val
WP_022633087	WP_022633087	val
WP_316392617	WP_022633087	val
WP_029095332	WP_029095332	train
WP_128175213	WP_128175213	train
WP_258987480	WP_258987480	train
WP_258965333	WP_258987480	train
WP_374013493	WP_374013493	train
WP_022972914	WP_022972914	train
WP_442856975	WP_442856975	val
WP_480533481	WP_480533481	train
WP_480630744	WP_480533481	train
WP_293485610	WP_293485610	val
WP_484672307	WP_293485610	val
WP_445471898	WP_445471898	test
WP_110812911	WP_110812911	train
WP_261192594	WP_261192594	test
WP_183968556	WP_183968556	test
WP_349539014	WP_183968556	test
WP_050603893	WP_050603893	test
WP_118851566	WP_118851566	train
WP_248681434	WP_118851566	train
WP_250463371	WP_250463371	test
WP_441672097	WP_441672097	train
WP_058247782	WP_058247782	test
WP_068308981	WP_068308981	val
WP_325319165	WP_325319165	test
WP_426017239	WP_426017239	train
WP_425983371	WP_426017239	train
WP_416925050	WP_416925050	test
WP_459444146	WP_459444146	train
WP_066819499	WP_066819499	train
WP_298601917	WP_298601917	train
WP_019430645	WP_298601917	train
WP_312259698	WP_298601917	train
WP_464446783	WP_298601917	train
WP_394181944	WP_394181944	val
WP_369436981	WP_369436981	test
WP_267527178	WP_267527178	train
WP_272745863	WP_267527178	train
WP_170369420	WP_170369420	train
WP_093963154	WP_170369420	train
WP_170341839	WP_170369420	train
WP_369219591	WP_369219591	train
WP_324055387	WP_324055387	test
WP_292288139	WP_324055387	test
WP_395672720	WP_395672720	train
WP_377743131	WP_377743131	train
WP_374423744	WP_377743131	train
WP_020952334	WP_020952334	test
WP_330562403	WP_330562403	train
WP_055656373	WP_330562403	train
WP_228866415	WP_330562403	train
WP_152509626	WP_330562403	train
WP_023003015	WP_330562403	train
WP_168685232	WP_330562403	train
WP_228871445	WP_330562403	train
WP_297835336	WP_330562403	train
WP_075284225	WP_330562403	train
WP_062487186	WP_330562403	train
WP_152505582	WP_330562403	train
WP_206906633	WP_330562403	train
WP_475163683	WP_330562403	train
WP_460071724	WP_330562403	train
WP_417709848	WP_330562403	train
WP_370199319	WP_330562403	train
WP_296603322	WP_330562403	train
WP_075928550	WP_075928550	val
WP_075960224	WP_075928550	val
WP_410357185	WP_410357185	test
WP_168772972	WP_168772972	val
WP_404657638	WP_404657638	train
WP_110791264	WP_110791264	train
WP_120278433	WP_110791264	train
WP_332780865	WP_332780865	val
WP_352941772	WP_352941772	train
WP_353035595	WP_352941772	train
WP_007281193	WP_007281193	test
WP_159717077	WP_159717077	val
WP_073328722	WP_073328722	val
WP_230795261	WP_230795261	test
WP_089846663	WP_230795261	test
WP_204114456	WP_204114456	test
WP_077511343	WP_077511343	val
WP_299043005	WP_299043005	val
WP_456055382	WP_456055382	val
WP_197964240	WP_197964240	test
WP_207308451	WP_197964240	test
WP_340117203	WP_340117203	train
WP_247160169	WP_247160169	val
WP_285048923	WP_285048923	train
WP_011749024	WP_285048923	train
WP_230999585	WP_285048923	train
WP_287886385	WP_285048923	train
WP_341366621	WP_341366621	test
WP_093177933	WP_093177933	train
WP_166368576	WP_166368576	train
WP_376816185	WP_376816185	train
WP_263545710	WP_263545710	test
WP_151955441	WP_151955441	test
WP_219219760	WP_219219760	val
WP_159803946	WP_159803946	val
WP_119537999	WP_119537999	test
WP_228729865	WP_228729865	test
WP_342858420	WP_342858420	test
WP_277825768	WP_277825768	test
WP_107652592	WP_107652592	train
WP_461458475	WP_461458475	val
WP_109354932	WP_461458475	val
WP_254123140	WP_254123140	val
WP_291305202	WP_291305202	test
WP_108000799	WP_108000799	val
WP_195783516	WP_195783516	val
WP_143843469	WP_143843469	train
WP_151643928	WP_143843469	train
WP_218337681	WP_218337681	train
WP_088221253	WP_218337681	train
WP_314116310	WP_218337681	train
WP_417643398	WP_218337681	train
WP_099118876	WP_099118876	test
WP_049848749	WP_049848749	train
WP_049857860	WP_049848749	train
WP_054178094	WP_049848749	train
WP_283282000	WP_049848749	train
WP_038161255	WP_049848749	train
WP_419096685	WP_049848749	train
WP_183272054	WP_183272054	test
WP_309877055	WP_183272054	test
WP_117064888	WP_117064888	train
WP_213989485	WP_213989485	test
WP_074822333	WP_074822333	train
WP_047781119	WP_074822333	train
WP_126467630	WP_074822333	train
WP_167614506	WP_167614506	test
WP_271123737	WP_271123737	val
WP_271125913	WP_271123737	val
WP_049609623	WP_049609623	val
WP_111738781	WP_111738781	test
WP_031375174	WP_031375174	train
WP_316554474	WP_031375174	train
WP_448309090	WP_031375174	train
WP_279810133	WP_031375174	train
WP_069728635	WP_031375174	train
WP_369428082	WP_369428082	val
WP_319628456	WP_319628456	train
WP_319785284	WP_319628456	train
WP_394445318	WP_319628456	train
WP_140718581	WP_140718581	train
WP_425501810	WP_425501810	val
WP_330835017	WP_330835017	val
WP_310977715	WP_310977715	train
WP_483589147	WP_310977715	train
WP_051547041	WP_310977715	train
WP_191820708	WP_310977715	train
WP_096418383	WP_310977715	train
WP_057923556	WP_310977715	train
WP_082124708	WP_310977715	train
WP_424130723	WP_424130723	train
WP_219829296	WP_219829296	train
WP_271948753	WP_271948753	train
WP_281972965	WP_271948753	train
WP_142636156	WP_271948753	train
WP_275545669	WP_275545669	val
WP_257893354	WP_257893354	test
WP_425051848	WP_425051848	train
WP_108286446	WP_108286446	train
WP_480799154	WP_480799154	test
WP_411286376	WP_411286376	train
WP_160179307	WP_160179307	val
WP_333713052	WP_333713052	val
WP_072792435	WP_072792435	train
WP_319529593	WP_319529593	test
WP_170723300	WP_170723300	train
WP_480809289	WP_170723300	train
WP_129648781	WP_129648781	train
WP_161814891	WP_129648781	train
WP_475223165	WP_475223165	train
WP_056544306	WP_056544306	test
WP_386071826	WP_386071826	val
WP_089235214	WP_386071826	val
WP_405361001	WP_405361001	val
WP_425098159	WP_425098159	train
WP_020043150	WP_020043150	test
WP_114824829	WP_114824829	train
WP_458325697	WP_458325697	train
WP_202662701	WP_202662701	test
WP_308916504	WP_308916504	train
WP_486475023	WP_486475023	train
WP_194136756	WP_194136756	train
WP_235919052	WP_235919052	val
WP_193081063	WP_193081063	train
WP_203286034	WP_203286034	train
WP_322334134	WP_322334134	val
WP_311958161	WP_311958161	val
WP_107966327	WP_107966327	test
WP_295813507	WP_295813507	test
WP_204216830	WP_204216830	train
WP_420326971	WP_420326971	train
WP_305970170	WP_420326971	train
WP_219237421	WP_219237421	test
WP_296275121	WP_296275121	train
WP_428392798	WP_428392798	test
WP_127187700	WP_127187700	train
WP_309482991	WP_309482991	train
WP_104358687	WP_104358687	val
WP_438994445	WP_438994445	train
WP_380813513	WP_380813513	val
WP_416882162	WP_416882162	train
WP_085638918	WP_416882162	train
WP_292264434	WP_416882162	train
WP_300585609	WP_416882162	train
WP_292309928	WP_416882162	train
WP_484033884	WP_484033884	test
WP_338723620	WP_338723620	test
WP_486023290	WP_486023290	test
WP_274219562	WP_486023290	test
WP_413339360	WP_413339360	test
WP_413070169	WP_413070169	test
WP_181276259	WP_181276259	val
WP_208085336	WP_181276259	val
WP_131576234	WP_131576234	val
WP_061163808	WP_061163808	train
WP_014192280	WP_061163808	train
WP_053568778	WP_061163808	train
WP_045451056	WP_061163808	train
WP_061177757	WP_061163808	train
WP_250482246	WP_061163808	train
WP_250478811	WP_061163808	train
WP_321801488	WP_061163808	train
WP_250532230	WP_061163808	train
WP_250502625	WP_061163808	train
WP_213226454	WP_061163808	train
WP_162066327	WP_061163808	train
WP_056016821	WP_056016821	test
WP_333994862	WP_056016821	test
WP_377338028	WP_377338028	train
WP_183792501	WP_183792501	val
WP_472742558	WP_472742558	val
WP_299882252	WP_299882252	val
WP_189438584	WP_189438584	val
WP_343841554	WP_343841554	train
WP_153477542	WP_153477542	val
WP_280807645	WP_280807645	test
WP_154379480	WP_154379480	val
WP_122317807	WP_122317807	test
WP_444791451	WP_444791451	train
WP_172339942	WP_172339942	val
WP_183628399	WP_172339942	val
WP_293854579	WP_293854579	train
WP_045679112	WP_045679112	train
WP_315619916	WP_315619916	test
WP_421901013	WP_421901013	val
WP_146585688	WP_146585688	train
WP_026381804	WP_026381804	test
WP_444841816	WP_444841816	train
WP_151634842	WP_151634842	train
WP_008602219	WP_008602219	test
WP_445509969	WP_445509969	train
WP_046195124	WP_046195124	test
WP_058910697	WP_058910697	val
WP_200111214	WP_200111214	train
WP_297197855	WP_297197855	val
WP_342907066	WP_342907066	train
WP_273218081	WP_273218081	train
WP_064553284	WP_273218081	train
WP_034456800	WP_273218081	train
WP_373977763	WP_273218081	train
WP_314144258	WP_273218081	train
WP_053939469	WP_053939469	test
WP_372525882	WP_372525882	train
WP_057644510	WP_057644510	test
WP_447729998	WP_447729998	test
WP_162201809	WP_447729998	test
WP_133318013	WP_133318013	val
WP_348401190	WP_348401190	train
WP_476979741	WP_476979741	test
WP_101459413	WP_101459413	train
WP_170763584	WP_170763584	test
WP_158971396	WP_158971396	train
WP_159966659	WP_159966659	test
WP_480551392	WP_480551392	train
WP_480876700	WP_480551392	train
WP_170785923	WP_480551392	train
WP_170773502	WP_480551392	train
WP_480503783	WP_480551392	train
WP_486533768	WP_480551392	train
WP_184008352	WP_184008352	train
WP_315724384	WP_315724384	val
WP_084304656	WP_084304656	train
WP_106735061	WP_106735061	val
WP_099524701	WP_106735061	val
WP_415206414	WP_415206414	train
WP_106515927	WP_106515927	val
WP_212676169	WP_212676169	test
WP_298836936	WP_298836936	train
WP_155063063	WP_155063063	val
WP_155039047	WP_155039047	test
WP_192337405	WP_155039047	test
WP_007427098	WP_007427098	train
WP_307748077	WP_307748077	train
WP_099242696	WP_099242696	val
WP_209256869	WP_099242696	val
WP_404404650	WP_404404650	test
WP_293902635	WP_293902635	val
WP_126138411	WP_126138411	val
WP_047003347	WP_047003347	train
WP_371423472	WP_371423472	val
WP_085630595	WP_085630595	train
WP_480854319	WP_480854319	test
WP_480518911	WP_480854319	test
WP_139083514	WP_139083514	test
WP_407592392	WP_407592392	train
WP_312987841	WP_312987841	train
WP_230780884	WP_312987841	train
WP_460548867	WP_312987841	train
WP_312835297	WP_312987841	train
WP_394681392	WP_312987841	train
WP_259170350	WP_312987841	train
WP_312450546	WP_312987841	train
WP_313336379	WP_312987841	train
WP_312528259	WP_312987841	train
WP_182344847	WP_312987841	train
WP_133855108	WP_312987841	train
WP_182326639	WP_312987841	train
WP_339516366	WP_312987841	train
WP_116926691	WP_312987841	train
WP_239809637	WP_312987841	train
WP_021024853	WP_312987841	train
WP_133858947	WP_312987841	train
WP_473589441	WP_473589441	test
WP_151971237	WP_151971237	test
WP_477466023	WP_477466023	train
WP_398470736	WP_398470736	val
WP_349808272	WP_349808272	train
WP_433644001	WP_433644001	train
WP_416560673	WP_416560673	test
WP_125953727	WP_125953727	train
WP_136957937	WP_125953727	train
WP_292963273	WP_125953727	train
WP_371431830	WP_125953727	train
WP_124808339	WP_125953727	train
WP_136463420	WP_136463420	train
WP_415006865	WP_415006865	train
WP_204238917	WP_204238917	test
WP_121629530	WP_121629530	val
WP_212535196	WP_212535196	val
WP_348470824	WP_348470824	test
WP_007605573	WP_007605573	train
WP_237369705	WP_007605573	train
WP_159952773	WP_007605573	train
WP_230170012	WP_007605573	train
WP_485932011	WP_485932011	val
WP_374314038	WP_374314038	val
WP_223620738	WP_223620738	train
WP_031371943	WP_223620738	train
WP_066559496	WP_066559496	test
WP_327752003	WP_066559496	test
WP_174285961	WP_174285961	val
WP_379064812	WP_379064812	train
WP_379115239	WP_379064812	train
WP_183450408	WP_183450408	train
WP_343882668	WP_343882668	train
WP_224107095	WP_224107095	test
WP_106376147	WP_224107095	test
WP_458311061	WP_458311061	test
WP_029050899	WP_029050899	test
WP_287201780	WP_287201780	val
WP_214992590	WP_214992590	test
WP_075657113	WP_075657113	train
WP_213598998	WP_075657113	train
WP_151160171	WP_075657113	train
WP_122093518	WP_075657113	train
WP_289632976	WP_075657113	train
WP_103729985	WP_103729985	val
WP_435666163	WP_435666163	test
WP_227344244	WP_227344244	test
WP_053998441	WP_053998441	test
WP_348187317	WP_348187317	val
WP_099741989	WP_099741989	test
WP_121453188	WP_099741989	test
WP_021079282	WP_021079282	test
WP_405709631	WP_405709631	train
WP_027834665	WP_027834665	train
WP_117395244	WP_027834665	train
WP_463072431	WP_463072431	val
WP_187055258	WP_187055258	val
WP_140859650	WP_140859650	train
WP_125406897	WP_125406897	train
WP_225026252	WP_225026252	val
WP_201927135	WP_201927135	train
WP_255331179	WP_255331179	val
WP_479457292	WP_479457292	train
WP_112215628	WP_479457292	train
WP_287858727	WP_479457292	train
WP_142513488	WP_479457292	train
WP_342702727	WP_479457292	train
WP_139538473	WP_479457292	train
WP_435946751	WP_435946751	train
WP_120063849	WP_120063849	val
WP_184098570	WP_184098570	val
WP_414163043	WP_414163043	train
WP_321218701	WP_321218701	val
WP_386758283	WP_386758283	test
WP_141624582	WP_141624582	test
WP_372014864	WP_372014864	val
WP_342657347	WP_342657347	train
WP_112382865	WP_342657347	train
WP_149683229	WP_342657347	train
WP_267350318	WP_342657347	train
WP_058244767	WP_058244767	test
WP_321829328	WP_058244767	test
WP_140196472	WP_140196472	train
WP_481642671	WP_481642671	val
WP_296416890	WP_296416890	train
WP_375279934	WP_296416890	train
WP_221192094	WP_221192094	train
WP_438631993	WP_221192094	train
WP_308368370	WP_221192094	train
WP_415126124	WP_415126124	train
WP_284163837	WP_284163837	val
WP_089924865	WP_089924865	val
WP_160765009	WP_160765009	train
WP_227383996	WP_227383996	test
WP_299842236	WP_299842236	test
WP_299647703	WP_299842236	test
WP_166999759	WP_166999759	train
WP_480889819	WP_480889819	test
WP_372041685	WP_372041685	val
WP_309995838	WP_309995838	train
WP_112312998	WP_112312998	train
WP_051531133	WP_051531133	test
WP_029030994	WP_029030994	train
WP_412091432	WP_412091432	train
WP_124257628	WP_412091432	train
WP_124255190	WP_412091432	train
WP_342299556	WP_412091432	train
WP_443100763	WP_412091432	train
WP_119004368	WP_412091432	train
WP_002723954	WP_412091432	train
WP_011339194	WP_412091432	train
WP_012641052	WP_412091432	train
WP_143124863	WP_143124863	train
WP_394999886	WP_394999886	train
WP_293940797	WP_394999886	train
WP_347716739	WP_394999886	train
WP_482191320	WP_482191320	train
WP_295501170	WP_482191320	train
WP_295553897	WP_482191320	train
WP_439524786	WP_439524786	val
WP_297586703	WP_297586703	val
WP_354650634	WP_354650634	train
WP_408101379	WP_408101379	train
WP_340552889	WP_408101379	train
WP_084900562	WP_084900562	train
WP_431821397	WP_084900562	train
WP_189491210	WP_189491210	val
WP_480658830	WP_480658830	train
WP_170349910	WP_480658830	train
WP_170505948	WP_480658830	train
WP_170412377	WP_480658830	train
WP_170394964	WP_480658830	train
WP_170377065	WP_480658830	train
WP_170361737	WP_480658830	train
WP_480705995	WP_480658830	train
WP_170516342	WP_480658830	train
WP_226689457	WP_480658830	train
WP_170551930	WP_480658830	train
WP_480647275	WP_480658830	train
WP_344709670	WP_344709670	train
WP_134678667	WP_134678667	val
WP_332791265	WP_332791265	val
WP_473126032	WP_473126032	train
WP_370437533	WP_473126032	train
WP_414470858	WP_473126032	train
WP_422516364	WP_422516364	val
WP_119398761	WP_119398761	test
WP_197566141	WP_197566141	test
WP_154741488	WP_154741488	val
WP_224311083	WP_224311083	train
WP_293880974	WP_293880974	val
WP_194096317	WP_194096317	val
WP_167636176	WP_194096317	val
WP_404292775	WP_404292775	test
WP_162003278	WP_404292775	test
WP_195703852	WP_195703852	test
WP_305173725	WP_305173725	test
WP_300730009	WP_300730009	test
WP_281683935	WP_281683935	train
WP_093149650	WP_281683935	train
WP_028793455	WP_281683935	train
WP_292636080	WP_292636080	train
WP_127411174	WP_292636080	train
WP_127319011	WP_292636080	train
WP_127261454	WP_292636080	train
WP_027161176	WP_292636080	train
WP_127387652	WP_292636080	train
WP_352752023	WP_292636080	train
WP_063173488	WP_292636080	train
WP_127808434	WP_292636080	train
WP_127296981	WP_292636080	train
WP_127366209	WP_292636080	train
WP_063169670	WP_292636080	train
WP_352442623	WP_292636080	train
WP_128305153	WP_292636080	train
WP_476096135	WP_292636080	train
WP_224697396	WP_292636080	train
WP_024502162	WP_292636080	train
WP_352720954	WP_292636080	train
WP_337123221	WP_292636080	train
WP_023814194	WP_292636080	train
WP_027040209	WP_292636080	train
WP_292337300	WP_292636080	train
WP_292702957	WP_292636080	train
WP_352553289	WP_292636080	train
WP_279481651	WP_279481651	test
WP_271091506	WP_271091506	val
WP_110572209	WP_110572209	test
WP_137169658	WP_110572209	test
WP_179094408	WP_179094408	train
WP_162483829	WP_179094408	train
WP_004538763	WP_179094408	train
WP_199543830	WP_199543830	train
WP_017777071	WP_199543830	train
WP_413212529	WP_199543830	train
WP_114813223	WP_199543830	train
WP_042302515	WP_199543830	train
WP_297108635	WP_297108635	train
WP_093990856	WP_093990856	val
WP_214491886	WP_214491886	test
WP_024516131	WP_024516131	val
WP_132858528	WP_132858528	test
WP_233840855	WP_233840855	test
WP_346891886	WP_346891886	val
WP_035014434	WP_035014434	test
WP_298319265	WP_298319265	test
WP_090546357	WP_090546357	train
WP_134042163	WP_090546357	train
WP_134166796	WP_090546357	train
WP_273468836	WP_273468836	train
WP_270731423	WP_270731423	test
WP_073100986	WP_073100986	test
WP_486234700	WP_486234700	val
WP_192735175	WP_192735175	test
WP_277276544	WP_277276544	train
WP_395008467	WP_395008467	test
WP_195161896	WP_195161896	test
WP_348782683	WP_348782683	val
WP_008834352	WP_008834352	train
WP_142852243	WP_142852243	train
WP_413415924	WP_413415924	test
WP_307120095	WP_413415924	test
WP_410087618	WP_410087618	train
WP_464999774	WP_464999774	val
WP_459763890	WP_459763890	train
WP_099141864	WP_099141864	train
WP_239954960	WP_239954960	train
WP_081141337	WP_239954960	train
WP_158782432	WP_158782432	train
WP_115458119	WP_115458119	val
WP_101828546	WP_101828546	train
WP_072933761	WP_101828546	train
WP_101854287	WP_101828546	train
WP_287987804	WP_287987804	train
WP_127998935	WP_287987804	train
WP_184096345	WP_184096345	train
WP_287995911	WP_287995911	train
WP_162407261	WP_287995911	train
WP_228425718	WP_228425718	train
WP_274509731	WP_228425718	train
WP_274340102	WP_228425718	train
WP_225041428	WP_228425718	train
WP_115540162	WP_228425718	train
WP_302005362	WP_228425718	train
WP_349754139	WP_228425718	train
WP_349765394	WP_228425718	train
WP_116890774	WP_228425718	train
WP_273672826	WP_228425718	train
WP_285447322	WP_228425718	train
WP_014507509	WP_228425718	train
WP_323524053	WP_228425718	train
WP_009834244	WP_009834244	train
WP_442102584	WP_442102584	train
WP_004622378	WP_004622378	train
WP_168077266	WP_004622378	train
WP_331069390	WP_331069390	val
WP_473435211	WP_473435211	test
WP_354326713	WP_354326713	train
WP_043751479	WP_043751479	train
WP_482089803	WP_043751479	train
WP_023448110	WP_023448110	train
WP_442678681	WP_442678681	val
WP_324939713	WP_324939713	train
WP_353011221	WP_353011221	val
WP_139976957	WP_139976957	val
WP_273792436	WP_139976957	val
WP_200970875	WP_200970875	val
WP_202689110	WP_202689110	train
WP_349577894	WP_349577894	val
WP_292069063	WP_292069063	val
WP_371156487	WP_371156487	train
WP_019427713	WP_019427713	train
WP_348780496	WP_348780496	train
WP_085869687	WP_085869687	val
WP_208552278	WP_208552278	train
WP_211928317	WP_208552278	train
WP_412563814	WP_412563814	test
WP_367313542	WP_367313542	test
WP_482847085	WP_482847085	train
WP_091428759	WP_482847085	train
WP_158969943	WP_158969943	train
WP_183167465	WP_183167465	train
WP_430879492	WP_430879492	train
WP_085865281	WP_085865281	val
WP_161768276	WP_161768276	train
WP_247036929	WP_247036929	train
WP_422316750	WP_422316750	test
WP_424125487	WP_422316750	test
WP_464808217	WP_464808217	val
WP_171180801	WP_171180801	val
WP_425661831	WP_425661831	train
WP_219505865	WP_425661831	train
WP_478113461	WP_478113461	train
WP_478199380	WP_478113461	train
WP_478174367	WP_478113461	train
WP_409746049	WP_409746049	train
WP_169252559	WP_169252559	train
WP_230748554	WP_169252559	train
WP_039206744	WP_169252559	train
WP_446657302	WP_169252559	train
WP_172174636	WP_169252559	train
WP_432788992	WP_169252559	train
WP_474605591	WP_474605591	val
WP_119593723	WP_119593723	train
WP_077219396	WP_077219396	train
WP_205674728	WP_077219396	train
WP_124700535	WP_077219396	train
WP_412526759	WP_077219396	train
WP_174916836	WP_077219396	train
WP_109838228	WP_109838228	train
WP_167724369	WP_167724369	test
WP_064790561	WP_167724369	test
WP_046346897	WP_046346897	train
WP_397391739	WP_397391739	val
WP_250465664	WP_250465664	val
WP_244826252	WP_250465664	val
WP_394356880	WP_394356880	val
WP_266030854	WP_266030854	train
WP_266016888	WP_266030854	train
WP_151568604	WP_266030854	train
WP_025090582	WP_266030854	train
WP_151685737	WP_266030854	train
WP_021587055	WP_266030854	train
WP_278502281	WP_266030854	train
WP_151659781	WP_266030854	train
WP_006472963	WP_266030854	train
WP_253176929	WP_266030854	train
WP_443101052	WP_266030854	train
WP_371168101	WP_371168101	test
WP_377768993	WP_377768993	train
WP_331987595	WP_331987595	test
WP_375290313	WP_375290313	test
WP_368464996	WP_368464996	test
WP_267849341	WP_267849341	test
WP_445678727	WP_445678727	val
WP_328768383	WP_328768383	test
WP_476586600	WP_328768383	test
WP_101304378	WP_101304378	train
WP_102785790	WP_101304378	train
WP_475547962	WP_101304378	train
WP_417822704	WP_101304378	train
WP_430470657	WP_101304378	train
WP_412776745	WP_101304378	train
WP_022730159	WP_101304378	train
WP_483441505	WP_101304378	train
WP_373502045	WP_373502045	train
WP_448248472	WP_448248472	val
WP_327795647	WP_327795647	val
WP_296186897	WP_296186897	val
WP_067294137	WP_067294137	test
WP_291743511	WP_291743511	test
WP_324999248	WP_324999248	val
WP_241447343	WP_241447343	train
WP_020679473	WP_020679473	test
WP_010391952	WP_010391952	val
WP_152367295	WP_010391952	val
WP_331043305	WP_331043305	val
WP_127226871	WP_127226871	test
WP_447256112	WP_127226871	test
WP_258160271	WP_258160271	test
WP_249749828	WP_249749828	train
WP_413727480	WP_413727480	train
WP_410012945	WP_413727480	train
WP_413731624	WP_413727480	train
WP_159237558	WP_159237558	train
WP_056664528	WP_056664528	val
WP_465108121	WP_056664528	val
WP_241954419	WP_241954419	val
WP_162410742	WP_241954419	val
WP_395643344	WP_395643344	train
WP_037081988	WP_037081988	train
WP_280578796	WP_280578796	test
WP_463159352	WP_463159352	test
WP_029913597	WP_029913597	train
WP_479898232	WP_029913597	train
WP_337685148	WP_029913597	train
WP_141459937	WP_141459937	train
WP_138234061	WP_138234061	test
WP_480696830	WP_480696830	test
WP_480829615	WP_480696830	test
WP_299425301	WP_299425301	train
WP_295179612	WP_299425301	train
WP_283426672	WP_299425301	train
WP_412552139	WP_299425301	train
WP_422054468	WP_299425301	train
WP_294227762	WP_299425301	train
WP_425260874	WP_425260874	test
WP_206235779	WP_206235779	val
WP_444737315	WP_444737315	train
WP_179378813	WP_179378813	test
WP_133341289	WP_133341289	test
WP_377265230	WP_377265230	test
WP_196878843	WP_196878843	train
WP_184600674	WP_184600674	train
WP_458069954	WP_184600674	train
WP_184670514	WP_184600674	train
WP_179477770	WP_184600674	train
WP_477098626	WP_477098626	train
WP_281360085	WP_477098626	train
WP_310034120	WP_477098626	train
WP_243692181	WP_477098626	train
WP_310085227	WP_477098626	train
WP_056762693	WP_477098626	train
WP_436028435	WP_477098626	train
WP_477032015	WP_477098626	train
WP_422179162	WP_477098626	train
WP_009464789	WP_009464789	test
WP_241630075	WP_241630075	test
WP_410349565	WP_410349565	val
WP_411884350	WP_411884350	test
WP_411878812	WP_411884350	test
WP_348761009	WP_348761009	test
WP_421747016	WP_421747016	val
WP_474145795	WP_474145795	train
WP_072631590	WP_474145795	train
WP_320552851	WP_320552851	train
WP_132712817	WP_320552851	train
WP_034082466	WP_320552851	train
WP_124082927	WP_320552851	train
WP_430288420	WP_320552851	train
WP_058135471	WP_320552851	train
WP_043099865	WP_320552851	train
WP_271843591	WP_271843591	train
WP_298293487	WP_298293487	train
WP_299192672	WP_298293487	train
WP_298361724	WP_298293487	train
WP_284371279	WP_284371279	val
WP_394647497	WP_394647497	val
WP_294197247	WP_394647497	val
WP_102427074	WP_102427074	val
WP_449110365	WP_449110365	test
WP_343312569	WP_343312569	val
WP_455694701	WP_455694701	train
WP_249846632	WP_249846632	val
WP_235560356	WP_235560356	train
WP_067551582	WP_067551582	val
WP_438987550	WP_067551582	val
WP_445504163	WP_445504163	test
WP_348151599	WP_348151599	train
WP_475524086	WP_348151599	train
WP_348490711	WP_348151599	train
WP_342892873	WP_348151599	train
WP_282076894	WP_282076894	train
WP_474491511	WP_282076894	train
WP_282093847	WP_282076894	train
WP_090214752	WP_282076894	train
WP_375138992	WP_375138992	train
WP_415403773	WP_415403773	test
WP_431863101	WP_431863101	test
WP_212655988	WP_212655988	val
WP_322810546	WP_322810546	train
WP_319412625	WP_319412625	test
WP_210483234	WP_210483234	val
WP_474986198	WP_474986198	train
WP_440542641	WP_440542641	train
WP_305615774	WP_305615774	train
WP_380879322	WP_380879322	test
WP_398475918	WP_398475918	val
WP_340272397	WP_340272397	test
WP_093384933	WP_093384933	test
WP_279764594	WP_093384933	test
WP_146875849	WP_146875849	test
WP_213546634	WP_213546634	val
WP_339449721	WP_339449721	train
WP_478076469	WP_339449721	train
WP_350463489	WP_339449721	train
WP_159496170	WP_339449721	train
WP_293982186	WP_339449721	train
WP_088434064	WP_339449721	train
WP_448142780	WP_339449721	train
WP_354284086	WP_339449721	train
WP_423715265	WP_339449721	train
WP_313159573	WP_339449721	train
WP_258818126	WP_258818126	test
WP_286773244	WP_286773244	test
WP_265311839	WP_286773244	test
WP_265267457	WP_286773244	test
WP_057158680	WP_057158680	test
WP_393940614	WP_393940614	val
WP_421091125	WP_421091125	test
WP_395663032	WP_395663032	val
WP_445533210	WP_445533210	test
WP_025032115	WP_025032115	train
WP_408633614	WP_408633614	test
WP_088347383	WP_088347383	test
WP_420668396	WP_420668396	train
WP_032932442	WP_420668396	train
WP_372802651	WP_372802651	train
WP_089345073	WP_372802651	train
WP_126096914	WP_126096914	train
WP_320275659	WP_126096914	train
WP_292344444	WP_126096914	train
WP_292342248	WP_126096914	train
WP_292374943	WP_126096914	train
WP_079730893	WP_079730893	train
WP_054946360	WP_079730893	train
WP_333914274	WP_333914274	train
WP_159759048	WP_333914274	train
WP_028967750	WP_333914274	train
WP_184505676	WP_333914274	train
WP_404722058	WP_333914274	train
WP_142664772	WP_142664772	val
WP_046809633	WP_046809633	train
WP_019827957	WP_046809633	train
WP_048358784	WP_046809633	train
WP_133012076	WP_133012076	train
WP_232743327	WP_232743327	train
WP_101921602	WP_101921602	train
WP_377189490	WP_377189490	train
WP_299667733	WP_377189490	train
WP_108861945	WP_377189490	train
WP_312055515	WP_312055515	train
WP_069729604	WP_312055515	train
WP_159223922	WP_312055515	train
WP_413724343	WP_413724343	val
WP_132921760	WP_413724343	val
WP_232905426	WP_232905426	test
WP_232863982	WP_232905426	test
WP_264497248	WP_264497248	val
WP_455426029	WP_455426029	train
WP_276164136	WP_276164136	val
WP_428313399	WP_428313399	test
WP_337883566	WP_337883566	train
WP_192310709	WP_192310709	test
WP_277765463	WP_277765463	train
WP_215494535	WP_215494535	train
WP_430760532	WP_430760532	val
WP_035036477	WP_035036477	train
WP_056722675	WP_035036477	train
WP_475213117	WP_475213117	val
WP_204247665	WP_204247665	val
WP_421781740	WP_204247665	val
WP_480477098	WP_480477098	train
WP_265538678	WP_265538678	test
WP_086608284	WP_086608284	train
WP_300556464	WP_300556464	train
WP_170430322	WP_170430322	val
WP_170401785	WP_170430322	val
WP_233092530	WP_233092530	train
WP_191818856	WP_191818856	val
WP_299840931	WP_299840931	train
WP_101752861	WP_299840931	train
WP_299909823	WP_299840931	train
WP_295311736	WP_295311736	val
WP_380253207	WP_380253207	test
WP_204115896	WP_204115896	train
WP_171727727	WP_171727727	train
WP_171176982	WP_171727727	train
WP_422378124	WP_422378124	val
WP_094072341	WP_422378124	val
WP_416355266	WP_416355266	train
WP_090964049	WP_416355266	train
WP_294644217	WP_416355266	train
WP_055883741	WP_416355266	train
WP_129643065	WP_129643065	test
WP_334060986	WP_334060986	val
WP_099277894	WP_334060986	val
WP_395631040	WP_395631040	val
WP_045600120	WP_045600120	train
WP_009888986	WP_045600120	train
WP_009903931	WP_045600120	train
WP_019255441	WP_045600120	train
WP_097805091	WP_097805091	val
WP_204678666	WP_204678666	train
WP_411890092	WP_411890092	train
WP_393926674	WP_411890092	train
WP_253334090	WP_253334090	test
WP_123780652	WP_123780652	train
WP_075650788	WP_123780652	train
WP_414443879	WP_414443879	train
WP_484360944	WP_484360944	train
WP_166092841	WP_166092841	val
WP_315835952	WP_315835952	test
WP_415715466	WP_415715466	test
WP_296593059	WP_415715466	test
WP_486291626	WP_486291626	val
WP_393980134	WP_393980134	test
WP_282603091	WP_282603091	train
WP_022706239	WP_282603091	train
WP_407194957	WP_407194957	train
WP_373672175	WP_407194957	train
WP_200034761	WP_407194957	train
WP_125368753	WP_407194957	train
WP_286631526	WP_407194957	train
WP_371896451	WP_407194957	train
WP_215564727	WP_215564727	test
WP_414240698	WP_414240698	train
WP_339511340	WP_339511340	train
WP_310009644	WP_339511340	train
WP_421565851	WP_339511340	train
WP_068375733	WP_068375733	test
WP_192162628	WP_192162628	val
WP_112759461	WP_112759461	train
WP_377313275	WP_112759461	train
WP_132652470	WP_112759461	train
WP_183749116	WP_112759461	train
WP_183822914	WP_112759461	train
WP_220333137	WP_112759461	train
WP_113211450	WP_112759461	train
WP_439014196	WP_112759461	train
WP_184395246	WP_112759461	train
WP_113510367	WP_112759461	train
WP_113308185	WP_112759461	train
WP_183802173	WP_112759461	train
WP_183729034	WP_112759461	train
WP_477923122	WP_112759461	train
WP_216757173	WP_112759461	train
WP_112541405	WP_112759461	train
WP_192728011	WP_112759461	train
WP_007814256	WP_112759461	train
WP_291871764	WP_291871764	test
WP_166167900	WP_166167900	val
WP_344695208	WP_344695208	val
WP_085889768	WP_085889768	test
WP_133011206	WP_133011206	test
WP_133010918	WP_133011206	test
WP_377702665	WP_377702665	train
WP_304177443	WP_304177443	train
WP_242564898	WP_304177443	train
WP_304168102	WP_304177443	train
WP_348054727	WP_348054727	test
WP_426134078	WP_348054727	test
WP_380871473	WP_380871473	test
WP_240599989	WP_240599989	train
WP_077515859	WP_077515859	val
WP_252947067	WP_252947067	train
WP_422077568	WP_252947067	train
WP_432691606	WP_432691606	train
WP_029940082	WP_029940082	val
WP_425195582	WP_425195582	val
WP_186386565	WP_186386565	val
WP_428544007	WP_428544007	train
WP_305640801	WP_305640801	val
WP_140746864	WP_140746864	train
WP_141840017	WP_140746864	train
WP_140691994	WP_140746864	train
WP_140612598	WP_140746864	train
WP_140777546	WP_140746864	train
WP_140766336	WP_140746864	train
WP_292207733	WP_140746864	train
WP_135883831	WP_140746864	train
WP_269904417	WP_140746864	train
WP_292859903	WP_140746864	train
WP_481851083	WP_481851083	train
WP_473420350	WP_473420350	test
WP_426267979	WP_426267979	train
WP_380787885	WP_380787885	val
WP_447141696	WP_447141696	val
WP_438671098	WP_438671098	test
WP_144378712	WP_144378712	train
WP_129412201	WP_144378712	train
WP_472678026	WP_472678026	train
WP_306048349	WP_306048349	val
WP_306024910	WP_306048349	val
WP_236898274	WP_236898274	train
WP_446177935	WP_446177935	val
WP_299634691	WP_299634691	train
WP_332803667	WP_332803667	val
WP_354004004	WP_354004004	train
WP_480465592	WP_480465592	test
WP_228935835	WP_228935835	train
WP_325735232	WP_325735232	val
WP_019361419	WP_019361419	test
WP_140475534	WP_140475534	test
WP_331120934	WP_331120934	train
WP_095835226	WP_095835226	train
WP_390289502	WP_095835226	train
WP_048636891	WP_095835226	train
WP_390215692	WP_095835226	train
WP_238713923	WP_238713923	train
WP_336221548	WP_238713923	train
WP_249032823	WP_238713923	train
WP_374317482	WP_374317482	test
WP_353689285	WP_374317482	test
WP_482990222	WP_482990222	train
WP_431596735	WP_482990222	train
WP_056115138	WP_056115138	train
WP_424830096	WP_424830096	train
WP_093289767	WP_093289767	test
WP_332718331	WP_332718331	test
WP_106745109	WP_106745109	test
WP_102643922	WP_102643922	train
WP_325458193	WP_325458193	test
WP_330888070	WP_330888070	train
WP_390912744	WP_390912744	train
WP_413507209	WP_413507209	train
WP_039000688	WP_039000688	train
WP_335585254	WP_039000688	train
WP_369755072	WP_039000688	train
WP_018083515	WP_018083515	train
WP_349319794	WP_018083515	train
WP_264588327	WP_264588327	train
WP_264585996	WP_264588327	train
WP_264574987	WP_264588327	train
WP_181561365	WP_264588327	train
WP_264612594	WP_264588327	train
WP_264580045	WP_264588327	train
WP_264572215	WP_264588327	train
WP_264577520	WP_264588327	train
WP_264595411	WP_264588327	train
WP_420584012	WP_420584012	test
WP_299789861	WP_299789861	test
WP_073262902	WP_073262902	train
WP_162489282	WP_162489282	test
WP_205769626	WP_162489282	test
WP_224816123	WP_224816123	train
WP_324749490	WP_324749490	test
WP_322832687	WP_324749490	test
WP_126673804	WP_126673804	train
WP_380716805	WP_380716805	test
WP_454571680	WP_454571680	test
WP_130404151	WP_130404151	test
WP_055901466	WP_055901466	train
WP_294263202	WP_294263202	test
WP_096341512	WP_096341512	test
WP_396439143	WP_396439143	train
WP_317373977	WP_317373977	train
WP_147083875	WP_147083875	test
WP_341677129	WP_341677129	test
WP_182620632	WP_182620632	val
WP_377220231	WP_182620632	val
WP_144208151	WP_144208151	test
WP_253382688	WP_253382688	test
WP_284401989	WP_284401989	val
WP_227253736	WP_227253736	train
WP_090081514	WP_090081514	test
WP_096297890	WP_096297890	val
WP_074396032	WP_096297890	val
WP_404958083	WP_404958083	test
WP_192557061	WP_192557061	train
WP_333834863	WP_333834863	val
WP_294292352	WP_294292352	train
WP_294301570	WP_294292352	train
WP_294339997	WP_294292352	train
WP_394654134	WP_294292352	train
WP_422170645	WP_422170645	train
WP_108427738	WP_422170645	train
WP_291923922	WP_422170645	train
WP_464454080	WP_422170645	train
WP_478191985	WP_478191985	train
WP_286664005	WP_478191985	train
WP_286617913	WP_478191985	train
WP_286566878	WP_478191985	train
WP_286604269	WP_478191985	train
WP_435514992	WP_478191985	train
WP_151720560	WP_151720560	test
WP_021101504	WP_021101504	train
WP_140752450	WP_140752450	val
WP_112862282	WP_112862282	val
WP_162652022	WP_162652022	val
WP_275603180	WP_275603180	val
WP_224587289	WP_224587289	test
WP_078922022	WP_078922022	test
WP_422329322	WP_078922022	test
WP_167673488	WP_167673488	val
WP_109387249	WP_109387249	val
WP_306608008	WP_306608008	val
WP_160752544	WP_160752544	train
WP_280996337	WP_280996337	test
WP_133698027	WP_133698027	train
WP_379141943	WP_379141943	val
WP_306042731	WP_306042731	train
WP_090113891	WP_090113891	val
WP_461727550	WP_461727550	train
WP_105543350	WP_461727550	train
WP_473364841	WP_473364841	train
WP_247440674	WP_473364841	train
WP_247817119	WP_473364841	train
WP_097657682	WP_473364841	train
WP_247489357	WP_473364841	train
WP_085384403	WP_473364841	train
WP_211396537	WP_473364841	train
WP_247455907	WP_473364841	train
WP_027565262	WP_473364841	train
WP_247428612	WP_473364841	train
WP_085360497	WP_473364841	train
WP_204512306	WP_473364841	train
WP_473346966	WP_473364841	train
WP_247464581	WP_473364841	train
WP_007614589	WP_473364841	train
WP_354111671	WP_473364841	train
WP_375858965	WP_473364841	train
WP_375862886	WP_473364841	train
WP_212080500	WP_473364841	train
WP_456767859	WP_473364841	train
WP_279691645	WP_473364841	train
WP_279661301	WP_473364841	train
WP_247495932	WP_473364841	train
WP_354202721	WP_473364841	train
WP_219683017	WP_473364841	train
WP_354169394	WP_473364841	train
WP_473288100	WP_473364841	train
WP_106945902	WP_473364841	train
WP_275173605	WP_473364841	train
WP_473262714	WP_473364841	train
WP_148755787	WP_473364841	train
WP_007596567	WP_473364841	train
WP_128968213	WP_128968213	train
WP_453980426	WP_128968213	train
WP_462838532	WP_128968213	train
WP_092301922	WP_128968213	train
WP_057744588	WP_128968213	train
WP_271598388	WP_128968213	train
WP_271619742	WP_128968213	train
WP_142833388	WP_142833388	val
WP_367848870	WP_367848870	test
WP_295952222	WP_367848870	test
WP_168135189	WP_168135189	train
WP_309717908	WP_309717908	val
WP_261293625	WP_261293625	test
WP_137392803	WP_137392803	train
WP_288427730	WP_137392803	train
WP_027673912	WP_137392803	train
WP_129267866	WP_129267866	val
WP_299394140	WP_299394140	test
WP_114291672	WP_114291672	train
WP_018153073	WP_018153073	val
WP_343626376	WP_343626376	train
WP_424067139	WP_424067139	val
WP_264599658	WP_264599658	val
WP_416043585	WP_416043585	val
WP_348828725	WP_416043585	val
WP_123349610	WP_123349610	train
WP_392561986	WP_392561986	test
WP_139878994	WP_139878994	test
WP_139985058	WP_139985058	train
WP_183421740	WP_183421740	val
WP_477293951	WP_477293951	train
WP_325470331	WP_477293951	train
WP_456969400	WP_477293951	train
WP_063571171	WP_477293951	train
WP_464747188	WP_464747188	val
WP_162338136	WP_464747188	val
WP_149195276	WP_149195276	train
WP_407353134	WP_149195276	train
WP_370565765	WP_149195276	train
WP_261109974	WP_261109974	test
WP_025121693	WP_025121693	val
WP_438689342	WP_025121693	val
WP_420479264	WP_420479264	test
WP_420470698	WP_420479264	test
WP_421701875	WP_421701875	train
WP_037340846	WP_037340846	val
WP_353225372	WP_037340846	val
WP_353215363	WP_037340846	val
WP_272746761	WP_272746761	val
WP_023461345	WP_272746761	val
WP_170330535	WP_170330535	train
WP_480769333	WP_170330535	train
WP_192539099	WP_192539099	val
WP_018917424	WP_192539099	val
WP_265682983	WP_265682983	train
WP_152500036	WP_265682983	train
WP_472716117	WP_265682983	train
WP_298986047	WP_265682983	train
WP_298822371	WP_265682983	train
WP_298966273	WP_265682983	train
WP_055680963	WP_055680963	train
WP_281826058	WP_055680963	train
WP_248118200	WP_248118200	train
WP_380911419	WP_380911419	val
WP_119761990	WP_119761990	train
WP_141626140	WP_141626140	test
WP_470399384	WP_470399384	test
WP_419269700	WP_470399384	test
WP_306196111	WP_306196111	val
WP_372571915	WP_306196111	val
WP_482660528	WP_482660528	train
WP_486933898	WP_486933898	val
WP_350296817	WP_350296817	train
WP_297723785	WP_350296817	train
WP_296371470	WP_296371470	train
WP_444455354	WP_444455354	test
WP_373411892	WP_373411892	train
WP_312598112	WP_312598112	test
WP_171557173	WP_171557173	test
WP_290153522	WP_171557173	test
WP_368477524	WP_368477524	train
WP_212702328	WP_212702328	train
WP_458526007	WP_458526007	val
WP_476782848	WP_476782848	val
WP_432623456	WP_432623456	val
WP_217776226	WP_217776226	test
WP_129387188	WP_129387188	test
WP_099581302	WP_099581302	test
WP_462530265	WP_462530265	test
WP_149754816	WP_149754816	test
WP_334446025	WP_334446025	test
WP_161763240	WP_161763240	val
WP_434615281	WP_161763240	val
WP_371008714	WP_371008714	train
WP_099512572	WP_099512572	test
WP_446437847	WP_446437847	test
WP_226195328	WP_226195328	train
WP_029039985	WP_029039985	val
WP_104952653	WP_104952653	test
WP_234254936	WP_234254936	test
WP_086509086	WP_234254936	test
WP_010625880	WP_234254936	test
WP_043528020	WP_043528020	val
WP_294011742	WP_294011742	val
WP_114769957	WP_114769957	test
WP_166425871	WP_166425871	train
WP_373988664	WP_373988664	val
WP_158872966	WP_158872966	val
WP_061170768	WP_061170768	train
WP_330892289	WP_330892289	train
WP_247509069	WP_247509069	val
WP_213251611	WP_247509069	val
WP_188707976	WP_188707976	test
WP_436356901	WP_436356901	test
WP_296175188	WP_436356901	test
WP_290230919	WP_290230919	test
WP_442201394	WP_442201394	val
WP_422921267	WP_422921267	val
WP_108420364	WP_108420364	train
WP_066451430	WP_066451430	val
WP_223138013	WP_066451430	val
WP_134385938	WP_134385938	train
WP_410189192	WP_410189192	train
WP_298436217	WP_410189192	train
WP_127689535	WP_127689535	val
WP_341204522	WP_341204522	val
WP_126847334	WP_341204522	val
WP_426258696	WP_341204522	val
WP_379121802	WP_379121802	test
WP_054310059	WP_379121802	test
WP_410469619	WP_410469619	val
WP_246125104	WP_246125104	train
WP_347166411	WP_347166411	test
WP_418592733	WP_347166411	test
WP_419816194	WP_419816194	train
WP_278026926	WP_278026926	val
WP_129678943	WP_129678943	test
WP_420857427	WP_129678943	test
WP_286372703	WP_286372703	train
WP_442284873	WP_286372703	train
WP_189347485	WP_189347485	train
WP_171520839	WP_171520839	train
WP_185809034	WP_185809034	train
WP_233803415	WP_233803415	train
WP_464669672	WP_233803415	train
WP_062124730	WP_233803415	train
WP_167301953	WP_167301953	val
WP_275518364	WP_275518364	train
WP_346837653	WP_346837653	test
WP_193161963	WP_346837653	test
WP_464284854	WP_464284854	train
WP_369841099	WP_369841099	test
WP_106338676	WP_106338676	val
WP_309349412	WP_309349412	test
WP_484595835	WP_484595835	test
WP_179507875	WP_179507875	test
WP_374663594	WP_374663594	train
WP_285101122	WP_285101122	val
WP_357481367	WP_285101122	val
WP_316291015	WP_316291015	train
WP_162744295	WP_162744295	train
WP_457093263	WP_457093263	test
WP_275498410	WP_275498410	train
WP_130159572	WP_275498410	train
WP_069203378	WP_275498410	train
WP_093225250	WP_275498410	train
WP_454014393	WP_454014393	val
WP_430879720	WP_430879720	val
WP_101264594	WP_101264594	train
WP_057839432	WP_057839432	train
WP_047354915	WP_047354915	train
WP_311381230	WP_047354915	train
WP_431649392	WP_047354915	train
WP_221256701	WP_047354915	train
WP_328761783	WP_047354915	train
WP_447630090	WP_047354915	train
WP_006808776	WP_047354915	train
WP_121478450	WP_047354915	train
WP_199126537	WP_047354915	train
WP_462824946	WP_047354915	train
WP_193042227	WP_047354915	train
WP_045329558	WP_047354915	train
WP_375602209	WP_047354915	train
WP_023315081	WP_047354915	train
WP_180240630	WP_047354915	train
WP_148387543	WP_047354915	train
WP_211989539	WP_047354915	train
WP_479422686	WP_047354915	train
WP_274413683	WP_047354915	train
WP_023323912	WP_047354915	train
WP_063216193	WP_047354915	train
WP_350361288	WP_047354915	train
WP_420291159	WP_047354915	train
WP_032646677	WP_047354915	train
WP_045346073	WP_047354915	train
WP_045343932	WP_047354915	train
WP_241776380	WP_047354915	train
WP_063137903	WP_047354915	train
WP_439203664	WP_047354915	train
WP_287654017	WP_047354915	train
WP_038414979	WP_047354915	train
WP_017694025	WP_047354915	train
WP_265187485	WP_047354915	train
WP_022646535	WP_047354915	train
WP_048243368	WP_047354915	train
WP_353416744	WP_047354915	train
WP_032626699	WP_047354915	train
WP_369701751	WP_047354915	train
WP_228338237	WP_047354915	train
WP_171936154	WP_047354915	train
WP_414966127	WP_047354915	train
WP_421637845	WP_047354915	train
WP_063944509	WP_047354915	train
WP_420052523	WP_047354915	train
WP_047729024	WP_047354915	train
WP_193361120	WP_047354915	train
WP_205925096	WP_047354915	train
WP_003861105	WP_047354915	train
WP_220424421	WP_047354915	train
WP_063148205	WP_047354915	train
WP_063946454	WP_047354915	train
WP_165745245	WP_047354915	train
WP_165715872	WP_047354915	train
WP_331387344	WP_047354915	train
WP_126297380	WP_047354915	train
WP_230239534	WP_047354915	train
WP_193136526	WP_047354915	train
WP_045336042	WP_047354915	train
WP_317455231	WP_047354915	train
WP_194302564	WP_047354915	train
WP_063945726	WP_047354915	train
WP_131637298	WP_047354915	train
WP_107534319	WP_047354915	train
WP_301266883	WP_047354915	train
WP_171854005	WP_047354915	train
WP_063849883	WP_047354915	train
WP_063136762	WP_047354915	train
WP_048209829	WP_047354915	train
WP_136129198	WP_047354915	train
WP_058700871	WP_047354915	train
WP_316378679	WP_047354915	train
WP_163361191	WP_047354915	train
WP_454533939	WP_047354915	train
WP_260673238	WP_047354915	train
WP_058686455	WP_047354915	train
WP_310809319	WP_047354915	train
WP_047055135	WP_047354915	train
WP_367155418	WP_047354915	train
WP_420258593	WP_047354915	train
WP_063841676	WP_047354915	train
WP_023295663	WP_047354915	train
WP_479416695	WP_047354915	train
WP_198739883	WP_047354915	train
WP_454528138	WP_047354915	train
WP_047050631	WP_047354915	train
WP_047726306	WP_047354915	train
WP_023298956	WP_047354915	train
WP_023305135	WP_047354915	train
WP_284098145	WP_047354915	train
WP_046621894	WP_047354915	train
WP_325761593	WP_047354915	train
WP_063452053	WP_047354915	train
WP_126293337	WP_047354915	train
WP_325802882	WP_047354915	train
WP_058687101	WP_047354915	train
WP_414189930	WP_047354915	train
WP_047733189	WP_047354915	train
WP_063150660	WP_047354915	train
WP_063933588	WP_047354915	train
WP_476585996	WP_047354915	train
WP_229227933	WP_047354915	train
WP_129258376	WP_047354915	train
WP_193527466	WP_047354915	train
WP_058658989	WP_047354915	train
WP_111533294	WP_047354915	train
WP_126314379	WP_047354915	train
WP_333113422	WP_047354915	train
WP_045333540	WP_047354915	train
WP_427033736	WP_047354915	train
WP_301985958	WP_047354915	train
WP_017383696	WP_047354915	train
WP_045897293	WP_047354915	train
WP_062933068	WP_047354915	train
WP_063133230	WP_047354915	train
WP_063135340	WP_047354915	train
WP_213843122	WP_047354915	train
WP_193009721	WP_047354915	train
WP_213812636	WP_047354915	train
WP_059370134	WP_047354915	train
WP_315748729	WP_047354915	train
WP_204643629	WP_047354915	train
WP_063148993	WP_047354915	train
WP_063152590	WP_047354915	train
WP_040117008	WP_047354915	train
WP_063931857	WP_047354915	train
WP_333118979	WP_047354915	train
WP_279749032	WP_047354915	train
WP_331398341	WP_047354915	train
WP_205922043	WP_047354915	train
WP_254308195	WP_047354915	train
WP_074023943	WP_074023943	test
WP_002443742	WP_002443742	test
WP_008815731	WP_008815731	train
WP_130995645	WP_008815731	train
WP_215758239	WP_008815731	train
WP_130975476	WP_008815731	train
WP_130954627	WP_008815731	train
WP_426817243	WP_426817243	test
WP_313854705	WP_426817243	test
WP_024004129	WP_024004129	train
WP_477341512	WP_477341512	train
WP_046968191	WP_477341512	train
WP_107914674	WP_477341512	train
WP_028445299	WP_028445299	test
WP_438462386	WP_438462386	test
WP_480576775	WP_480576775	test
WP_187552117	WP_187552117	test
WP_309162762	WP_309162762	train
WP_309209499	WP_309162762	train
WP_341862777	WP_341862777	val
WP_483609480	WP_483609480	test
WP_252631395	WP_252631395	test
WP_122955732	WP_122955732	train
WP_329655658	WP_329655658	test
WP_108353368	WP_108353368	test
WP_092643145	WP_092643145	test
WP_440522185	WP_440522185	train
WP_106488659	WP_106488659	test
WP_162380880	WP_162380880	train
WP_299816152	WP_299816152	val
WP_292022211	WP_292022211	val
WP_369062318	WP_369062318	test
WP_416545566	WP_416545566	train
WP_428375716	WP_428375716	val
WP_482200257	WP_482200257	val
WP_241942272	WP_241942272	train
WP_311693845	WP_311693845	train
WP_110282231	WP_110282231	val
WP_159975835	WP_159975835	val
WP_205114572	WP_205114572	train
WP_441806908	WP_205114572	train
WP_111639852	WP_205114572	train
WP_474159388	WP_205114572	train
WP_417528419	WP_205114572	train
WP_474161610	WP_205114572	train
WP_114412130	WP_205114572	train
WP_423327913	WP_423327913	test
WP_050453990	WP_050453990	test
WP_481420034	WP_481420034	train
WP_168832129	WP_481420034	train
WP_481422942	WP_481420034	train
WP_441997504	WP_441997504	train
WP_349542951	WP_349542951	val
WP_096722584	WP_349542951	val
WP_409052727	WP_409052727	test
WP_187051184	WP_409052727	test
WP_323498060	WP_409052727	test
WP_210519255	WP_210519255	test
WP_237151779	WP_237151779	val
WP_476191992	WP_237151779	val
WP_006724253	WP_006724253	val
WP_424967813	WP_424967813	train
WP_139483766	WP_139483766	train
WP_139862602	WP_139483766	train
WP_194469022	WP_139483766	train
WP_229176814	WP_139483766	train
WP_227268624	WP_227268624	val
WP_431581838	WP_431581838	val
WP_271421984	WP_271421984	test
WP_172221327	WP_172221327	train
WP_089882337	WP_089882337	train
WP_108522772	WP_108522772	test
WP_138466158	WP_138466158	train
WP_431827875	WP_431827875	test
WP_249672440	WP_249672440	val
WP_149804366	WP_149804366	train
WP_264607306	WP_264607306	train
WP_010546201	WP_264607306	train
WP_294334848	WP_264607306	train
WP_418114771	WP_418114771	train
WP_268673332	WP_418114771	train
WP_005599850	WP_418114771	train
WP_376968351	WP_376968351	val
WP_055881541	WP_055881541	train
WP_291307986	WP_055881541	train
WP_069911700	WP_055881541	train
WP_326869517	WP_055881541	train
WP_089268825	WP_089268825	val
WP_404618950	WP_404618950	val
WP_093102211	WP_093102211	train
WP_436290712	WP_093102211	train
WP_126836627	WP_093102211	train
WP_148582841	WP_148582841	val
WP_134192323	WP_134192323	test
WP_475345433	WP_475345433	test
WP_475350840	WP_475345433	test
WP_340663290	WP_340663290	val
WP_016415875	WP_016415875	train
WP_128898963	WP_128898963	val
WP_127362177	WP_127362177	test
WP_062228633	WP_062228633	test
WP_313348489	WP_313348489	train
WP_205294134	WP_313348489	train
WP_473005913	WP_473005913	val
WP_476299250	WP_473005913	val
WP_063497362	WP_063497362	test
WP_463454494	WP_463454494	test
WP_231441494	WP_231441494	train
WP_124301271	WP_124301271	train
WP_257374584	WP_124301271	train
WP_123363706	WP_124301271	train
WP_397443887	WP_124301271	train
WP_414895614	WP_124301271	train
WP_202699918	WP_124301271	train
WP_274306014	WP_124301271	train
WP_123573915	WP_124301271	train
WP_124308000	WP_124301271	train
WP_216310623	WP_124301271	train
WP_124298845	WP_124301271	train
WP_124337893	WP_124301271	train
WP_081362270	WP_124301271	train
WP_274301237	WP_124301271	train
WP_102678397	WP_124301271	train
WP_096373453	WP_124301271	train
WP_009047856	WP_124301271	train
WP_038580836	WP_124301271	train
WP_198919957	WP_124301271	train
WP_124310691	WP_124301271	train
WP_023968445	WP_124301271	train
WP_124334282	WP_124301271	train
WP_414863704	WP_124301271	train
WP_277590661	WP_124301271	train
WP_253363237	WP_124301271	train
WP_162094684	WP_124301271	train
WP_062823166	WP_124301271	train
WP_053260221	WP_124301271	train
WP_009042871	WP_124301271	train
WP_097134359	WP_124301271	train
WP_124336252	WP_124301271	train
WP_457275930	WP_124301271	train
WP_180924752	WP_124301271	train
WP_097302617	WP_124301271	train
WP_085530245	WP_124301271	train
WP_273828074	WP_124301271	train
WP_053268545	WP_124301271	train
WP_126104162	WP_126104162	test
WP_012908003	WP_012908003	test
WP_312069742	WP_312069742	train
WP_420171557	WP_312069742	train
WP_312155923	WP_312069742	train
WP_100778273	WP_312069742	train
WP_194513086	WP_312069742	train
WP_429919947	WP_312069742	train
WP_129035788	WP_312069742	train
WP_064364927	WP_064364927	train
WP_196089702	WP_064364927	train
WP_105889396	WP_064364927	train
WP_478308990	WP_064364927	train
WP_195605801	WP_064364927	train
WP_017145197	WP_064364927	train
WP_368765460	WP_064364927	train
WP_319794445	WP_064364927	train
WP_335270585	WP_064364927	train
WP_004107180	WP_064364927	train
WP_070556516	WP_064364927	train
WP_133497736	WP_064364927	train
WP_195440806	WP_064364927	train
WP_224239248	WP_064364927	train
WP_049839405	WP_049839405	val
WP_352411156	WP_352411156	test
WP_409309472	WP_409309472	test
WP_173632138	WP_173632138	val
WP_431224390	WP_431224390	val
WP_121266891	WP_121266891	train
WP_120132265	WP_120132265	test
WP_217150320	WP_120132265	test
WP_058914006	WP_058914006	test
WP_158780439	WP_158780439	test
WP_053937132	WP_053937132	val
WP_338414050	WP_338414050	train
WP_162434633	WP_162434633	train
WP_460710043	WP_460710043	test
WP_423349821	WP_423349821	train
WP_426014109	WP_426014109	test
WP_426032065	WP_426014109	test
WP_100694138	WP_100694138	train
WP_095640589	WP_095640589	val
WP_085877667	WP_085877667	train
WP_199024159	WP_199024159	train
WP_368184723	WP_368184723	train
WP_009178515	WP_009178515	val
WP_342768365	WP_342768365	val
WP_224890160	WP_224890160	train
WP_068333584	WP_224890160	train
WP_475187577	WP_224890160	train
WP_181758999	WP_181758999	val
WP_099827853	WP_099827853	test
WP_422437138	WP_422437138	val
WP_416369994	WP_416369994	train
WP_011537105	WP_416369994	train
WP_105370173	WP_105370173	test
WP_132408935	WP_105370173	test
WP_472659386	WP_472659386	train
WP_198915578	WP_198915578	val
WP_375258433	WP_375258433	val
WP_446129229	WP_375258433	val
WP_265116846	WP_265116846	test
WP_350057369	WP_350057369	test
WP_292621472	WP_292621472	train
WP_480573652	WP_480573652	test
WP_480783744	WP_480573652	test
WP_230437466	WP_230437466	train
WP_007768956	WP_007768956	train
WP_462380444	WP_462380444	train
WP_484734022	WP_484734022	test
WP_346783031	WP_346783031	train
WP_459355364	WP_459355364	test
WP_308155140	WP_308155140	val
WP_339948011	WP_339948011	val
WP_443644379	WP_443644379	val
WP_158770480	WP_158770480	val
WP_320240727	WP_320240727	test
WP_460081170	WP_460081170	test
WP_433460240	WP_433460240	val
WP_276189064	WP_276189064	val
WP_482562308	WP_482562308	train
WP_191323302	WP_191323302	train
WP_056047868	WP_056047868	test
WP_223391666	WP_056047868	test
WP_274001094	WP_274001094	val
WP_374373989	WP_374373989	train
WP_206951124	WP_206951124	val
WP_457094758	WP_457094758	val
WP_336512076	WP_336512076	train
WP_410219317	WP_410219317	test
WP_207001885	WP_207001885	val
WP_135375435	WP_135375435	test
WP_186400277	WP_186400277	train
WP_099034822	WP_099034822	test
WP_482197589	WP_482197589	test
WP_091845547	WP_091845547	train
WP_073129603	WP_091845547	train
WP_474635831	WP_091845547	train
WP_299153050	WP_299153050	val
WP_299283442	WP_299153050	val
WP_117296049	WP_117296049	val
WP_299616539	WP_299616539	val
WP_253608524	WP_253608524	train
WP_141340609	WP_253608524	train
WP_253592009	WP_253608524	train
WP_212057709	WP_253608524	train
WP_069276757	WP_253608524	train
WP_209945121	WP_253608524	train
WP_461846090	WP_253608524	train
WP_173678640	WP_173678640	train
WP_059569172	WP_173678640	train
WP_059516108	WP_173678640	train
WP_069235123	WP_173678640	train
WP_322893940	WP_322893940	train
WP_247227869	WP_247227869	val
WP_353993323	WP_353993323	val
WP_061122502	WP_061122502	val
WP_051686967	WP_051686967	train
WP_475093203	WP_051686967	train
WP_231756950	WP_051686967	train
WP_293294377	WP_293294377	train
WP_154691438	WP_154691438	train
WP_416947821	WP_416947821	train
WP_108791415	WP_108791415	val
WP_461405101	WP_108791415	val
WP_047995439	WP_047995439	val
WP_456738818	WP_456738818	val
WP_091295288	WP_091295288	test
WP_227306653	WP_227306653	train
WP_274351686	WP_274351686	val
WP_438952924	WP_438952924	train
WP_086470814	WP_086470814	test
WP_249830773	WP_249830773	test
WP_061934487	WP_061934487	val
WP_094509359	WP_094509359	test
WP_017929637	WP_017929637	val
WP_446201374	WP_017929637	val
WP_343865878	WP_343865878	train
WP_477254000	WP_477254000	test
WP_127862176	WP_127862176	val
WP_443585246	WP_443585246	train
WP_072762390	WP_072762390	val
WP_377329945	WP_072762390	val
WP_209000053	WP_209000053	train
WP_043189172	WP_043189172	test
WP_342322937	WP_342322937	test
WP_462980703	WP_342322937	test
WP_463738799	WP_463738799	val
WP_134707460	WP_134707460	train
WP_285145030	WP_134707460	train
WP_215837947	WP_215837947	test
WP_078537960	WP_078537960	train
WP_184629577	WP_078537960	train
WP_126947532	WP_078537960	train
WP_229009511	WP_078537960	train
WP_435014712	WP_078537960	train
WP_128416132	WP_078537960	train
WP_115048709	WP_078537960	train
WP_249045817	WP_078537960	train
WP_355608695	WP_078537960	train
WP_252163266	WP_078537960	train
WP_002813769	WP_078537960	train
WP_104611327	WP_078537960	train
WP_349811741	WP_078537960	train
WP_131079030	WP_078537960	train
WP_104551032	WP_078537960	train
WP_212581071	WP_078537960	train
WP_047125507	WP_078537960	train
WP_184380186	WP_078537960	train
WP_166766958	WP_078537960	train
WP_184363466	WP_078537960	train
WP_104596835	WP_078537960	train
WP_024939783	WP_078537960	train
WP_017118071	WP_078537960	train
WP_104580144	WP_078537960	train
WP_333937729	WP_078537960	train
WP_115511935	WP_078537960	train
WP_228960105	WP_078537960	train
WP_101364729	WP_078537960	train
WP_043889173	WP_078537960	train
WP_047130313	WP_078537960	train
WP_179455185	WP_078537960	train
WP_323538311	WP_078537960	train
WP_479676061	WP_078537960	train
WP_039423087	WP_078537960	train
WP_228324846	WP_078537960	train
WP_168957846	WP_078537960	train
WP_349780016	WP_078537960	train
WP_116906956	WP_078537960	train
WP_115038736	WP_078537960	train
WP_103073540	WP_078537960	train
WP_166761881	WP_078537960	train
WP_016903233	WP_078537960	train
WP_104562466	WP_078537960	train
WP_208590686	WP_078537960	train
WP_260812290	WP_078537960	train
WP_104606740	WP_078537960	train
WP_053045507	WP_078537960	train
WP_269125811	WP_078537960	train
WP_055844207	WP_078537960	train
WP_005994561	WP_078537960	train
WP_039570129	WP_078537960	train
WP_039404275	WP_078537960	train
WP_006452718	WP_078537960	train
WP_102584450	WP_078537960	train
WP_150145845	WP_078537960	train
WP_115676785	WP_078537960	train
WP_064628794	WP_078537960	train
WP_057679917	WP_078537960	train
WP_259153920	WP_078537960	train
WP_481106055	WP_078537960	train
WP_260814256	WP_078537960	train
WP_010379684	WP_078537960	train
WP_011259487	WP_078537960	train
WP_154831890	WP_078537960	train
WP_047694147	WP_078537960	train
WP_039516010	WP_078537960	train
WP_104532279	WP_078537960	train
WP_131084769	WP_078537960	train
WP_210761820	WP_078537960	train
WP_184355290	WP_078537960	train
WP_010365768	WP_078537960	train
WP_115553589	WP_078537960	train
WP_024745460	WP_078537960	train
WP_104582917	WP_078537960	train
WP_435013097	WP_078537960	train
WP_440582329	WP_078537960	train
WP_033485303	WP_078537960	train
WP_099206801	WP_078537960	train
WP_131075047	WP_078537960	train
WP_059029020	WP_078537960	train
WP_003481924	WP_078537960	train
WP_005919525	WP_078537960	train
WP_194272824	WP_078537960	train
WP_039582246	WP_078537960	train
WP_007966741	WP_078537960	train
WP_016849886	WP_078537960	train
WP_042822151	WP_078537960	train
WP_065466434	WP_078537960	train
WP_104601613	WP_078537960	train
WP_159406937	WP_078537960	train
WP_064508320	WP_078537960	train
WP_029219611	WP_078537960	train
WP_022559529	WP_078537960	train
WP_014503117	WP_078537960	train
WP_104540456	WP_078537960	train
WP_372390613	WP_078537960	train
WP_057659798	WP_078537960	train
WP_481518711	WP_481518711	train
WP_481476541	WP_481518711	train
WP_109399829	WP_109399829	val
WP_231959893	WP_231959893	train
WP_203167915	WP_203167915	train
WP_293858842	WP_293858842	test
WP_114844783	WP_114844783	val
WP_379984775	WP_379984775	test
WP_090449760	WP_379984775	test
WP_189410842	WP_189410842	test
WP_480873981	WP_480873981	test
WP_010441527	WP_480873981	test
WP_004579067	WP_004579067	val
WP_374297797	WP_374297797	train
WP_312528527	WP_312528527	test
WP_219821629	WP_219821629	test
WP_212130269	WP_212130269	test
WP_209323181	WP_212130269	test
WP_425997517	WP_425997517	test
WP_182337450	WP_182337450	train
WP_117192360	WP_117192360	train
WP_463305266	WP_463305266	test
WP_224825997	WP_224825997	val
WP_420004559	WP_420004559	val
WP_282302249	WP_282302249	train
WP_281856694	WP_281856694	train
WP_134014659	WP_281856694	train
WP_073141853	WP_281856694	train
WP_249012934	WP_249012934	test
WP_167641808	WP_167641808	test
WP_088214702	WP_088214702	test
WP_290689124	WP_088214702	test
WP_062785451	WP_062785451	val
WP_028657614	WP_062785451	val
WP_296843285	WP_296843285	test
WP_169640921	WP_169640921	train
WP_439528366	WP_439528366	train
WP_208983717	WP_439528366	train
WP_268137081	WP_439528366	train
WP_214568729	WP_214568729	test
WP_160885101	WP_160885101	val
WP_417271670	WP_417271670	train
WP_417260710	WP_417271670	train
WP_375421025	WP_375421025	test
WP_395006646	WP_395006646	val
WP_333867400	WP_395006646	val
WP_093973764	WP_093973764	test
WP_296423128	WP_296423128	val
WP_475866944	WP_475866944	val
WP_408591608	WP_408591608	val
WP_205480784	WP_205480784	test
WP_109994172	WP_109994172	train
WP_440851173	WP_109994172	train
WP_037282431	WP_037282431	val
WP_299870818	WP_299870818	train
WP_207906948	WP_299870818	train
WP_325807890	WP_299870818	train
WP_419566139	WP_419566139	train
WP_084437754	WP_084437754	val
WP_125156877	WP_125156877	val
WP_395445477	WP_125156877	val
WP_319292513	WP_319292513	test
WP_416572659	WP_416572659	test
WP_348071580	WP_348071580	val
WP_099550182	WP_099550182	train
WP_093418796	WP_093418796	val
WP_322286250	WP_322286250	test
WP_322169183	WP_322286250	test
WP_253383823	WP_253383823	train
WP_022681769	WP_022681769	train
WP_321342992	WP_321342992	test
WP_099815933	WP_099815933	test
WP_054885587	WP_099815933	test
WP_263780361	WP_263780361	val
WP_152483141	WP_152483141	val
WP_436158557	WP_436158557	test
WP_130186837	WP_130186837	val
WP_028482431	WP_028482431	train
WP_102868476	WP_028482431	train
WP_478035732	WP_478035732	test
WP_323772426	WP_323772426	train
WP_182667773	WP_182667773	test
WP_196504629	WP_196504629	train
WP_247080009	WP_247080009	test
WP_023458910	WP_023458910	train
WP_316220653	WP_023458910	train
WP_063334016	WP_063334016	val
WP_339967586	WP_339967586	val
WP_097153608	WP_097153608	val
WP_324885699	WP_324885699	test
WP_458384279	WP_458384279	test
WP_320304668	WP_320304668	test
WP_320218085	WP_320304668	test
WP_334391325	WP_334391325	val
WP_354552842	WP_354552842	test
WP_449183414	WP_449183414	train
WP_206999304	WP_449183414	train
WP_137333862	WP_449183414	train
WP_024924321	WP_024924321	val
WP_136893085	WP_136893085	val
WP_136736980	WP_136736980	test
WP_476380542	WP_476380542	val
WP_102021165	WP_476380542	val
WP_181822289	WP_181822289	train
WP_352435855	WP_181822289	train
WP_286600493	WP_181822289	train
WP_199957831	WP_181822289	train
WP_042287232	WP_181822289	train
WP_060569966	WP_181822289	train
WP_342006380	WP_181822289	train
WP_420249921	WP_181822289	train
WP_323532478	WP_181822289	train
WP_205613141	WP_181822289	train
WP_329701428	WP_329701428	test
WP_438691670	WP_438691670	test
WP_411755499	WP_438691670	test
WP_113865657	WP_113865657	val
WP_264090080	WP_113865657	val
WP_154678958	WP_154678958	test
WP_331542738	WP_331542738	train
WP_166701229	WP_331542738	train
WP_435945334	WP_435945334	test
WP_435951808	WP_435951808	val
WP_457021842	WP_457021842	train
WP_457018876	WP_457021842	train
WP_280943024	WP_280943024	train
WP_018972131	WP_018972131	val
WP_137912428	WP_137912428	test
WP_280321417	WP_280321417	test
WP_097122835	WP_097122835	test
WP_282128357	WP_282128357	val
WP_013961502	WP_282128357	val
WP_274154112	WP_274154112	train
WP_201101219	WP_201101219	val
WP_219353397	WP_201101219	val
WP_308841660	WP_308841660	test
WP_277429185	WP_277429185	train
WP_479645296	WP_277429185	train
WP_472877646	WP_472877646	val
WP_271054451	WP_271054451	train
WP_184329109	WP_184329109	test
WP_203241468	WP_203241468	train
WP_386627105	WP_203241468	train
WP_064224081	WP_203241468	train
WP_025044403	WP_203241468	train
WP_281992308	WP_203241468	train
WP_053323534	WP_053323534	train
WP_110096090	WP_053323534	train
WP_039736200	WP_053323534	train
WP_112329534	WP_112329534	train
WP_069330801	WP_112329534	train
WP_323333765	WP_112329534	train
WP_426488255	WP_112329534	train
WP_100369101	WP_100369101	test
WP_209070588	WP_209070588	train
WP_209064361	WP_209070588	train
WP_209087594	WP_209070588	train
WP_271309580	WP_209070588	train
WP_209098839	WP_209070588	train
WP_422048785	WP_209070588	train
WP_464443165	WP_464443165	train
WP_417473755	WP_464443165	train
WP_369925739	WP_464443165	train
WP_142833595	WP_142833595	val
WP_155045167	WP_155045167	test
WP_215506678	WP_215506678	test
WP_306585696	WP_215506678	test
WP_183388509	WP_183388509	test
WP_380073625	WP_380073625	val
WP_189674807	WP_189674807	train
WP_426263605	WP_189674807	train
WP_133188449	WP_189674807	train
WP_112313147	WP_112313147	val
WP_284321668	WP_284321668	test
WP_417845072	WP_417845072	train
WP_085589116	WP_417845072	train
WP_349599004	WP_417845072	train
WP_299922856	WP_299922856	test
WP_299937069	WP_299922856	test
WP_336218431	WP_336218431	test
WP_423605298	WP_423605298	train
WP_279966929	WP_279966929	train
WP_445193734	WP_445193734	test
WP_261516916	WP_261516916	train
WP_322786832	WP_322786832	train
WP_062281982	WP_062281982	test
WP_140829766	WP_062281982	test
WP_140837854	WP_140837854	test
WP_304797175	WP_304797175	train
WP_299477550	WP_299477550	train
WP_056400570	WP_056400570	val
WP_018995568	WP_018995568	val
WP_087587044	WP_087587044	test
WP_323121503	WP_323121503	test
WP_275791031	WP_275791031	train
WP_411508473	WP_411508473	test
WP_263772977	WP_263772977	test
WP_331028740	WP_331028740	val
WP_430881672	WP_430881672	test
WP_342868373	WP_342868373	test
WP_281463980	WP_281463980	test
WP_219511942	WP_219511942	train
WP_300532852	WP_219511942	train
WP_172428680	WP_219511942	train
WP_074623385	WP_219511942	train
WP_043147018	WP_219511942	train
WP_167647967	WP_219511942	train
WP_088671608	WP_219511942	train
WP_300438181	WP_219511942	train
WP_297832208	WP_297832208	train
WP_299830554	WP_297832208	train
WP_322202951	WP_297832208	train
WP_374874225	WP_374874225	val
WP_177157075	WP_177157075	val
WP_176854365	WP_177157075	val
WP_269917728	WP_269917728	val
WP_409759227	WP_409759227	train
WP_317151237	WP_317151237	val
WP_089216475	WP_317151237	val
WP_230532781	WP_230532781	val
WP_165784429	WP_165784429	train
WP_090047367	WP_090047367	val
WP_438329557	WP_438329557	test
WP_054159183	WP_438329557	test
WP_463297001	WP_463297001	val
WP_339778488	WP_463297001	val
WP_334356714	WP_334356714	train
WP_147655950	WP_147655950	train
WP_065689651	WP_065689651	val
WP_324376095	WP_324376095	train
WP_345168333	WP_345168333	test
WP_368464502	WP_368464502	train
WP_109766798	WP_109766798	train
WP_306049611	WP_109766798	train
WP_306026214	WP_109766798	train
WP_439156246	WP_439156246	val
WP_152460906	WP_152460906	train
WP_152460904	WP_152460906	train
WP_109759559	WP_109759559	train
WP_093997316	WP_093997316	train
WP_133571694	WP_133571694	val
WP_424982619	WP_133571694	val
WP_477897786	WP_477897786	train
WP_056636671	WP_056636671	test
WP_415816633	WP_415816633	test
WP_109573735	WP_109573735	val
WP_121582751	WP_121582751	train
WP_438749894	WP_438749894	train
WP_269390083	WP_269390083	val
WP_429303066	WP_429303066	val
WP_173996138	WP_173996138	test
WP_129765139	WP_129765139	train
WP_332593885	WP_332593885	train
WP_135323799	WP_332593885	train
WP_410750228	WP_332593885	train
WP_148420362	WP_148420362	train
WP_435928115	WP_435928115	train
WP_368311109	WP_368311109	val
WP_247372751	WP_368311109	val
WP_331646308	WP_331646308	val
WP_046015544	WP_046015544	train
WP_063339185	WP_046015544	train
WP_052633146	WP_052633146	test
WP_480481316	WP_480481316	val
WP_480656274	WP_480656274	val
WP_128421678	WP_128421678	val
WP_377366291	WP_377366291	val
WP_092127139	WP_092127139	val
WP_281044338	WP_281044338	val
WP_160364060	WP_281044338	val
WP_413718469	WP_413718469	train
WP_104070420	WP_104070420	train
WP_189050455	WP_189050455	test
WP_460805585	WP_460805585	test
WP_446823373	WP_446823373	train
WP_261929356	WP_446823373	train
WP_446827998	WP_446823373	train
WP_421738987	WP_421738987	train
WP_386041349	WP_386041349	test
WP_065334649	WP_065334649	test
WP_067288913	WP_067288913	test
WP_067376578	WP_067288913	test
WP_440186337	WP_440186337	val
WP_314123071	WP_314123071	test
WP_390236265	WP_390236265	test
WP_046138447	WP_046138447	test
WP_188475645	WP_188475645	val
WP_095884311	WP_095884311	train
WP_108966550	WP_095884311	train
WP_343502702	WP_095884311	train
WP_226621858	WP_095884311	train
WP_092425324	WP_095884311	train
WP_300034921	WP_300034921	test
WP_332811108	WP_332811108	train
WP_433760569	WP_433760569	train
WP_151555986	WP_433760569	train
WP_012091489	WP_433760569	train
WP_342061759	WP_433760569	train
WP_151648163	WP_433760569	train
WP_071633131	WP_433760569	train
WP_125334362	WP_433760569	train
WP_010659492	WP_433760569	train
WP_375851837	WP_433760569	train
WP_094540164	WP_433760569	train
WP_061345811	WP_433760569	train
WP_303505404	WP_303505404	val
WP_475170987	WP_475170987	train
WP_366549703	WP_366549703	train
WP_262877762	WP_262877762	test
WP_480733437	WP_480733437	train
WP_480532307	WP_480733437	train
WP_480816167	WP_480733437	train
WP_480885856	WP_480733437	train
WP_010141860	WP_010141860	val
WP_188595045	WP_188595045	val
WP_444734370	WP_188595045	val
WP_347818284	WP_347818284	test
WP_347817294	WP_347818284	test
WP_416545155	WP_416545155	train
WP_416535870	WP_416545155	train
WP_340544760	WP_416545155	train
WP_416538444	WP_416545155	train
WP_416589154	WP_416545155	train
WP_416540550	WP_416545155	train
WP_416543210	WP_416545155	train
WP_420862398	WP_420862398	val
WP_294060621	WP_294060621	test
WP_053820214	WP_053820214	val
WP_065353549	WP_053820214	val
WP_282219619	WP_282219619	train
WP_348045659	WP_348045659	train
WP_241553330	WP_241553330	test
WP_305557873	WP_305557873	test
WP_298500317	WP_298500317	test
WP_318555006	WP_318555006	train
WP_342882479	WP_318555006	train
WP_216051809	WP_318555006	train
WP_348974626	WP_348974626	val
WP_161352476	WP_161352476	val
WP_225711985	WP_225711985	test
WP_422996009	WP_422996009	test
WP_299623750	WP_299623750	test
WP_420013552	WP_299623750	test
WP_033030421	WP_033030421	val
WP_007378520	WP_033030421	val
WP_481746142	WP_481746142	test
WP_273499840	WP_273499840	val
WP_036719822	WP_273499840	val
WP_371275548	WP_371275548	test
WP_407159051	WP_407159051	test
WP_305247637	WP_305247637	test
WP_258887466	WP_258887466	train
WP_184722922	WP_184722922	test
WP_172265799	WP_184722922	test
WP_414006981	WP_414006981	val
WP_460803152	WP_460803152	train
WP_127291433	WP_127291433	val
WP_088146636	WP_088146636	test
WP_350041551	WP_350041551	val
WP_350045392	WP_350041551	val
WP_252135041	WP_252135041	val
WP_282315475	WP_282315475	test
WP_349004799	WP_349004799	test
WP_343312828	WP_343312828	train
WP_111434968	WP_111434968	val
WP_423309898	WP_423309898	test
WP_159811515	WP_159811515	train
WP_401243318	WP_159811515	train
WP_454564380	WP_159811515	train
WP_346608563	WP_159811515	train
WP_150651138	WP_159811515	train
WP_329696165	WP_159811515	train
WP_252143112	WP_159811515	train
WP_322844390	WP_159811515	train
WP_123453190	WP_159811515	train
WP_305439106	WP_159811515	train
WP_103521829	WP_159811515	train
WP_262949136	WP_159811515	train
WP_236194002	WP_159811515	train
WP_440973116	WP_159811515	train
WP_127929314	WP_159811515	train
WP_435037639	WP_159811515	train
WP_283438969	WP_159811515	train
WP_405123097	WP_159811515	train
WP_367085344	WP_159811515	train
WP_047302545	WP_159811515	train
WP_053122539	WP_159811515	train
WP_108588825	WP_159811515	train
WP_197869164	WP_159811515	train
WP_129394995	WP_159811515	train
WP_242205820	WP_159811515	train
WP_463575476	WP_159811515	train
WP_463386084	WP_159811515	train
WP_257355839	WP_159811515	train
WP_003226992	WP_159811515	train
WP_277758799	WP_159811515	train
WP_187677766	WP_159811515	train
WP_108183465	WP_159811515	train
WP_160058989	WP_159811515	train
WP_463552556	WP_159811515	train
WP_011335407	WP_159811515	train
WP_401215897	WP_159811515	train
WP_192558685	WP_159811515	train
WP_400498729	WP_159811515	train
WP_401068312	WP_159811515	train
WP_262142828	WP_159811515	train
WP_414871798	WP_159811515	train
WP_137217814	WP_159811515	train
WP_456023057	WP_159811515	train
WP_047295616	WP_159811515	train
WP_449123076	WP_159811515	train
WP_095125190	WP_159811515	train
WP_201237267	WP_159811515	train
WP_064588659	WP_159811515	train
WP_463543503	WP_159811515	train
WP_095120553	WP_159811515	train
WP_354434697	WP_354434697	train
WP_338559594	WP_338559594	test
WP_486280998	WP_486280998	train
WP_425492795	WP_486280998	train
WP_429245148	WP_486280998	train
WP_271131152	WP_271131152	val
WP_202305350	WP_271131152	val
WP_132730020	WP_132730020	train
WP_188701125	WP_188701125	train
WP_107801448	WP_107801448	val
WP_166451528	WP_107801448	val
WP_141175794	WP_141175794	train
WP_160621681	WP_141175794	train
WP_079723740	WP_079723740	val
WP_261432150	WP_261432150	test
WP_318431458	WP_318431458	test
WP_184623222	WP_184623222	train
WP_184409069	WP_184623222	train
WP_211645276	WP_211645276	val
WP_113788582	WP_113788582	train
WP_148861390	WP_148861390	val
WP_304615334	WP_304615334	train
WP_165194179	WP_165194179	test
WP_210053112	WP_210053112	train
WP_440411403	WP_210053112	train
WP_227703162	WP_210053112	train
WP_037147758	WP_210053112	train
WP_348863255	WP_210053112	train
WP_377697137	WP_377697137	val
WP_090756247	WP_377697137	val
WP_062475575	WP_062475575	val
WP_480820751	WP_480820751	train
WP_409753444	WP_409753444	val
WP_409757270	WP_409753444	val
WP_317709601	WP_317709601	train
WP_375393420	WP_375393420	val
WP_341211299	WP_341211299	train
WP_229361376	WP_229361376	test
WP_119837780	WP_119837780	val
WP_188481374	WP_188481374	val
WP_474707725	WP_474707725	val
WP_474711779	WP_474707725	val
WP_146885999	WP_146885999	train
WP_279823024	WP_279823024	train
WP_428614332	WP_279823024	train
WP_484175902	WP_484175902	train
WP_255824909	WP_484175902	train
WP_086967321	WP_086967321	train
WP_459125600	WP_459125600	test
WP_023848657	WP_023848657	train
WP_012703565	WP_012703565	val
WP_013269494	WP_013269494	train
WP_349311146	WP_013269494	train
WP_269514060	WP_013269494	train
WP_424928171	WP_424928171	train
WP_254836071	WP_254836071	val
WP_235707692	WP_235707692	test
WP_120098275	WP_120098275	val
WP_162559359	WP_162559359	train
WP_114646094	WP_114646094	train
WP_092781261	WP_092781261	val
WP_474275723	WP_474275723	test
WP_347199516	WP_347199516	test
WP_197448158	WP_197448158	val
WP_209537815	WP_197448158	val
WP_129685108	WP_129685108	val
WP_108659876	WP_108659876	test
WP_419411579	WP_419411579	val
WP_228221928	WP_228221928	train
WP_009823529	WP_228221928	train
WP_228227227	WP_228221928	train
WP_300396974	WP_228221928	train
WP_231031041	WP_231031041	test
WP_234870294	WP_234870294	train
WP_047560852	WP_047560852	train
WP_092572959	WP_047560852	train
WP_037198492	WP_047560852	train
WP_329797725	WP_329797725	test
WP_390259541	WP_390259541	val
WP_480414611	WP_480414611	train
WP_322179562	WP_480414611	train
WP_323569308	WP_480414611	train
WP_070175179	WP_070175179	val
WP_209882758	WP_209882758	val
WP_116654326	WP_116654326	train
WP_473541703	WP_473541703	train
WP_085586027	WP_473541703	train
WP_191595377	WP_191595377	val
WP_473464716	WP_191595377	val
WP_247782757	WP_247782757	train
WP_459429984	WP_459429984	val
WP_189639227	WP_189639227	test
WP_417835102	WP_417835102	train
WP_101249745	WP_101249745	val
WP_147108336	WP_147108336	test
WP_140903667	WP_140903667	train
WP_252835572	WP_252835572	train
WP_448116114	WP_448116114	test
WP_290010015	WP_290010015	train
WP_273619600	WP_290010015	train
WP_405029904	WP_290010015	train
WP_235351340	WP_235351340	val
WP_242781444	WP_235351340	val
WP_481779985	WP_481779985	val
WP_227178719	WP_227178719	train
WP_018688911	WP_018688911	train
WP_026479179	WP_018688911	train
WP_342849029	WP_018688911	train
WP_447528415	WP_447528415	train
WP_447895694	WP_447528415	train
WP_447928668	WP_447528415	train
WP_447957671	WP_447528415	train
WP_145848084	WP_145848084	train
WP_181252475	WP_181252475	train
WP_419729898	WP_419729898	test
WP_432639520	WP_432639520	test
WP_265966443	WP_265966443	test
WP_347970628	WP_347970628	val
WP_111164180	WP_111164180	test
WP_480745702	WP_480745702	test
WP_106773235	WP_106773235	val
WP_216038174	WP_216038174	val
WP_235261059	WP_216038174	val
WP_399680955	WP_399680955	test
WP_409605974	WP_409605974	test
WP_013796438	WP_013796438	train
WP_431014598	WP_431014598	train
WP_050384540	WP_431014598	train
WP_310879580	WP_431014598	train
WP_461195611	WP_431014598	train
WP_283061365	WP_431014598	train
WP_225646714	WP_431014598	train
WP_453967035	WP_431014598	train
WP_253639782	WP_431014598	train
WP_456792274	WP_431014598	train
WP_456835085	WP_431014598	train
WP_225161952	WP_431014598	train
WP_456861108	WP_431014598	train
WP_028331886	WP_431014598	train
WP_057016545	WP_431014598	train
WP_429040782	WP_431014598	train
WP_482407146	WP_431014598	train
WP_092083903	WP_431014598	train
WP_075968729	WP_431014598	train
WP_283087493	WP_431014598	train
WP_411780468	WP_431014598	train
WP_038385178	WP_431014598	train
WP_018271793	WP_431014598	train
WP_157341233	WP_431014598	train
WP_456785017	WP_431014598	train
WP_229191489	WP_431014598	train
WP_137481997	WP_431014598	train
WP_076825492	WP_431014598	train
WP_312797972	WP_312797972	train
WP_129225025	WP_129225025	train
WP_129217362	WP_129225025	train
WP_237481161	WP_129225025	train
WP_413334519	WP_413334519	test
WP_342880745	WP_342880745	train
WP_474640007	WP_342880745	train
WP_114882737	WP_114882737	val
WP_298882082	WP_298882082	train
WP_420333981	WP_420333981	val
WP_413048306	WP_413048306	test
WP_296268989	WP_413048306	test
WP_193141796	WP_193141796	train
WP_424990367	WP_193141796	train
WP_111545324	WP_111545324	train
WP_379093937	WP_111545324	train
WP_184872861	WP_111545324	train
WP_457150885	WP_111545324	train
WP_477422383	WP_111545324	train
WP_378918454	WP_111545324	train
WP_477268586	WP_111545324	train
WP_379019167	WP_111545324	train
WP_229512097	WP_229512097	train
WP_060599666	WP_229512097	train
WP_336599342	WP_229512097	train
WP_042307962	WP_229512097	train
WP_054929006	WP_229512097	train
WP_106473276	WP_106473276	val
WP_020290347	WP_020290347	val
WP_065834526	WP_020290347	val
WP_202306245	WP_202306245	train
WP_271127463	WP_202306245	train
WP_047962764	WP_047962764	train
WP_099113729	WP_047962764	train
WP_187654459	WP_047962764	train
WP_273548620	WP_047962764	train
WP_003849633	WP_003849633	val
WP_035051745	WP_035051745	val
WP_438680964	WP_438680964	train
WP_034493919	WP_034493919	train
WP_115630245	WP_034493919	train
WP_120064296	WP_034493919	train
WP_348876378	WP_348876378	val
WP_126028875	WP_348876378	val
WP_151585982	WP_348876378	val
WP_280602068	WP_280602068	train
WP_196062149	WP_196062149	train
WP_065684310	WP_196062149	train
WP_253082183	WP_196062149	train
WP_322336057	WP_322336057	train
WP_456214900	WP_322336057	train
WP_183472231	WP_322336057	train
WP_086617183	WP_086617183	train
WP_411794835	WP_411794835	val
WP_465911319	WP_465911319	train
WP_225837613	WP_465911319	train
WP_179539680	WP_465911319	train
WP_042552380	WP_465911319	train
WP_092367113	WP_465911319	train
WP_463562608	WP_465911319	train
WP_121062543	WP_121062543	train
WP_010918669	WP_010918669	train
WP_268066764	WP_010918669	train
WP_096032605	WP_010918669	train
WP_145398225	WP_145398225	train
WP_347828060	WP_347828060	val
WP_039543881	WP_039543881	test
WP_072856187	WP_072856187	test
WP_143791076	WP_143791076	val
WP_266064554	WP_266064554	train
WP_021227256	WP_021227256	train
WP_062732790	WP_021227256	train
WP_370310357	WP_021227256	train
WP_370169872	WP_021227256	train
WP_339972980	WP_339972980	val
WP_243368737	WP_243368737	val
WP_246934071	WP_246934071	train
WP_326880337	WP_326880337	train
WP_299417241	WP_299417241	val
WP_299030904	WP_299417241	val
WP_336905325	WP_336905325	val
WP_115537796	WP_115537796	val
WP_414678217	WP_414678217	train
WP_227390873	WP_227390873	test
WP_209225389	WP_209225389	test
WP_128441826	WP_128441826	train
WP_012734604	WP_012734604	train
WP_017923929	WP_012734604	train
WP_085837424	WP_085837424	val
WP_119036750	WP_119036750	test
WP_206675581	WP_206675581	test
WP_234259338	WP_234259338	val
WP_299483998	WP_299483998	test
WP_143922615	WP_143922615	val
WP_135448515	WP_143922615	val
WP_475490170	WP_475490170	test
WP_473478546	WP_475490170	test
WP_011573785	WP_475490170	test
WP_482273007	WP_482273007	val
WP_057301115	WP_057301115	train
WP_056202418	WP_057301115	train
WP_457442335	WP_057301115	train
WP_263565312	WP_263565312	train
WP_199260595	WP_263565312	train
WP_423211865	WP_263565312	train
WP_131615376	WP_131615376	train
WP_350066787	WP_131615376	train
WP_349363633	WP_131615376	train
WP_076419095	WP_076419095	val
WP_077341811	WP_076419095	val
WP_473614384	WP_076419095	val
WP_149470531	WP_149470531	test
WP_431851971	WP_431851971	val
WP_343080735	WP_343080735	train
WP_343116524	WP_343080735	train
WP_150445267	WP_150445267	val
WP_313804822	WP_313804822	test
WP_348206378	WP_348206378	val
WP_166180328	WP_166180328	train
WP_317517460	WP_317517460	train
WP_171747862	WP_171747862	test
WP_065742774	WP_171747862	test
WP_429480524	WP_429480524	train
WP_159932218	WP_429480524	train
WP_124398828	WP_429480524	train
WP_217880651	WP_429480524	train
WP_306956743	WP_429480524	train
WP_338476101	WP_429480524	train
WP_124375704	WP_429480524	train
WP_043048276	WP_429480524	train
WP_057023218	WP_429480524	train
WP_046070236	WP_429480524	train
WP_057011573	WP_429480524	train
WP_198719439	WP_429480524	train
WP_056847530	WP_429480524	train
WP_259191504	WP_429480524	train
WP_198707125	WP_429480524	train
WP_053127387	WP_429480524	train
WP_090401300	WP_429480524	train
WP_027608139	WP_429480524	train
WP_367246633	WP_429480524	train
WP_281113155	WP_429480524	train
WP_223014805	WP_429480524	train
WP_339542114	WP_429480524	train
WP_253492703	WP_429480524	train
WP_005783399	WP_429480524	train
WP_216090514	WP_429480524	train
WP_034116612	WP_429480524	train
WP_248160765	WP_429480524	train
WP_108573534	WP_429480524	train
WP_194937291	WP_429480524	train
WP_099601821	WP_429480524	train
WP_098480663	WP_429480524	train
WP_137211760	WP_429480524	train
WP_153837278	WP_429480524	train
WP_153871194	WP_429480524	train
WP_092488116	WP_429480524	train
WP_167655873	WP_429480524	train
WP_065937889	WP_429480524	train
WP_032885116	WP_429480524	train
WP_131699607	WP_429480524	train
WP_411390899	WP_429480524	train
WP_262049491	WP_429480524	train
WP_010565828	WP_429480524	train
WP_181644042	WP_429480524	train
WP_321361522	WP_429480524	train
WP_321142174	WP_429480524	train
WP_105695827	WP_429480524	train
WP_078834826	WP_429480524	train
WP_102061250	WP_429480524	train
WP_047542374	WP_429480524	train
WP_046035868	WP_429480524	train
WP_339419252	WP_429480524	train
WP_231808413	WP_429480524	train
WP_076952189	WP_429480524	train
WP_339470513	WP_429480524	train
WP_034110541	WP_429480524	train
WP_250947332	WP_429480524	train
WP_179029152	WP_429480524	train
WP_092241476	WP_429480524	train
WP_437398102	WP_429480524	train
WP_065875602	WP_429480524	train
WP_049710784	WP_429480524	train
WP_012721478	WP_429480524	train
WP_045791469	WP_429480524	train
WP_169375237	WP_429480524	train
WP_058424392	WP_429480524	train
WP_010207755	WP_429480524	train
WP_025854362	WP_429480524	train
WP_339506632	WP_429480524	train
WP_411381727	WP_429480524	train
WP_192095195	WP_429480524	train
WP_186685852	WP_429480524	train
WP_071494754	WP_429480524	train
WP_430321646	WP_429480524	train
WP_122711335	WP_429480524	train
WP_071490912	WP_429480524	train
WP_236379032	WP_429480524	train
WP_042571110	WP_429480524	train
WP_065897840	WP_429480524	train
WP_124356419	WP_429480524	train
WP_065936511	WP_429480524	train
WP_181285621	WP_429480524	train
WP_243353087	WP_429480524	train
WP_124428267	WP_429480524	train
WP_057725733	WP_429480524	train
WP_213632753	WP_429480524	train
WP_306491008	WP_429480524	train
WP_104501146	WP_429480524	train
WP_259172467	WP_429480524	train
WP_222993740	WP_429480524	train
WP_124384455	WP_429480524	train
WP_122682348	WP_429480524	train
WP_065886736	WP_429480524	train
WP_124405898	WP_429480524	train
WP_124360601	WP_429480524	train
WP_333964739	WP_429480524	train
WP_124421825	WP_429480524	train
WP_122561520	WP_429480524	train
WP_300631316	WP_429480524	train
WP_003170739	WP_429480524	train
WP_267864537	WP_429480524	train
WP_460132534	WP_429480524	train
WP_078735351	WP_429480524	train
WP_116078027	WP_429480524	train
WP_017528706	WP_429480524	train
WP_060756537	WP_429480524	train
WP_161548514	WP_429480524	train
WP_123716689	WP_429480524	train
WP_090367764	WP_429480524	train
WP_419794368	WP_429480524	train
WP_198761103	WP_429480524	train
WP_458290700	WP_429480524	train
WP_406596177	WP_429480524	train
WP_207040216	WP_429480524	train
WP_017734736	WP_429480524	train
WP_457266842	WP_429480524	train
WP_135289926	WP_429480524	train
WP_124527048	WP_429480524	train
WP_061434730	WP_429480524	train
WP_257781916	WP_429480524	train
WP_305391799	WP_429480524	train
WP_431750069	WP_429480524	train
WP_463984034	WP_429480524	train
WP_192298159	WP_429480524	train
WP_105521393	WP_429480524	train
WP_135309522	WP_429480524	train
WP_338574090	WP_429480524	train
WP_198715751	WP_429480524	train
WP_014716302	WP_429480524	train
WP_072435309	WP_429480524	train
WP_016978746	WP_429480524	train
WP_339550138	WP_429480524	train
WP_223022958	WP_429480524	train
WP_248083262	WP_429480524	train
WP_065902734	WP_429480524	train
WP_236317373	WP_429480524	train
WP_034101657	WP_429480524	train
WP_112192839	WP_429480524	train
WP_278406741	WP_429480524	train
WP_426126919	WP_429480524	train
WP_178951192	WP_429480524	train
WP_106805556	WP_429480524	train
WP_057710642	WP_429480524	train
WP_200647471	WP_429480524	train
WP_054898859	WP_429480524	train
WP_440462138	WP_429480524	train
WP_105225275	WP_429480524	train
WP_096143005	WP_429480524	train
WP_069556957	WP_429480524	train
WP_305436041	WP_429480524	train
WP_028618613	WP_429480524	train
WP_060763855	WP_429480524	train
WP_033900437	WP_429480524	train
WP_034136327	WP_429480524	train
WP_282398835	WP_429480524	train
WP_058410475	WP_429480524	train
WP_057975191	WP_429480524	train
WP_205547419	WP_429480524	train
WP_099586164	WP_429480524	train
WP_323622999	WP_429480524	train
WP_177075800	WP_429480524	train
WP_201146237	WP_429480524	train
WP_484276727	WP_429480524	train
WP_153474378	WP_429480524	train
WP_078046218	WP_429480524	train
WP_330209413	WP_429480524	train
WP_348749391	WP_429480524	train
WP_116665586	WP_429480524	train
WP_463883593	WP_429480524	train
WP_457294438	WP_429480524	train
WP_259039002	WP_429480524	train
WP_471841318	WP_429480524	train
WP_486083212	WP_429480524	train
WP_458372269	WP_429480524	train
WP_370706113	WP_429480524	train
WP_177053899	WP_429480524	train
WP_125969265	WP_429480524	train
WP_056790697	WP_429480524	train
WP_313284183	WP_429480524	train
WP_186607470	WP_429480524	train
WP_100491824	WP_429480524	train
WP_236530895	WP_429480524	train
WP_178923979	WP_429480524	train
WP_233893104	WP_429480524	train
WP_197880797	WP_429480524	train
WP_034129205	WP_429480524	train
WP_095185280	WP_429480524	train
WP_214497106	WP_429480524	train
WP_181077470	WP_429480524	train
WP_120447315	WP_429480524	train
WP_471837153	WP_429480524	train
WP_236417812	WP_429480524	train
WP_101265084	WP_429480524	train
WP_185709641	WP_429480524	train
WP_094064471	WP_429480524	train
WP_457369178	WP_429480524	train
WP_057701827	WP_429480524	train
WP_286840350	WP_429480524	train
WP_457416735	WP_429480524	train
WP_455884265	WP_429480524	train
WP_016970655	WP_429480524	train
WP_312493423	WP_429480524	train
WP_448185624	WP_429480524	train
WP_123479132	WP_429480524	train
WP_305431998	WP_429480524	train
WP_395609856	WP_429480524	train
WP_259944995	WP_259944995	val
WP_473421960	WP_473421960	train
WP_483305039	WP_483305039	train
WP_066527218	WP_066527218	val
WP_216003864	WP_216003864	train
WP_303436518	WP_216003864	train
WP_009465679	WP_009465679	train
WP_057971833	WP_057971833	test
WP_095734794	WP_095734794	val
WP_050626443	WP_095734794	val
WP_220661282	WP_220661282	val
WP_293605644	WP_293605644	val
WP_473770912	WP_473770912	val
WP_473769741	WP_473770912	val
WP_260517637	WP_260517637	test
WP_062632550	WP_062632550	val
WP_087648383	WP_062632550	val
WP_293385787	WP_293385787	val
WP_066763485	WP_066763485	train
WP_104519289	WP_104519289	val
WP_324407731	WP_324407731	test
WP_238366689	WP_238366689	val
WP_341631554	WP_341631554	test
WP_486378114	WP_341631554	test
WP_233785004	WP_233785004	test
WP_242096348	WP_242096348	test
WP_416679419	WP_416679419	test
WP_114115404	WP_416679419	test
WP_277767763	WP_277767763	val
WP_299721112	WP_299721112	val
WP_144861006	WP_144861006	val
WP_377031214	WP_377031214	test
WP_203275278	WP_377031214	test
WP_189677923	WP_189677923	val
WP_475179693	WP_475179693	val
WP_475192154	WP_475179693	val
WP_318727196	WP_318727196	train
WP_400316260	WP_400316260	train
WP_258994461	WP_258994461	train
WP_159756877	WP_258994461	train
WP_273550068	WP_273550068	val
WP_131865593	WP_131865593	test
WP_332735166	WP_332735166	test
WP_048230083	WP_048230083	train
WP_015704307	WP_048230083	train
WP_047065136	WP_048230083	train
WP_213198408	WP_048230083	train
WP_126033948	WP_048230083	train
WP_047036837	WP_048230083	train
WP_086557072	WP_048230083	train
WP_213317823	WP_048230083	train
WP_020079683	WP_048230083	train
WP_320944508	WP_048230083	train
WP_063444433	WP_048230083	train
WP_271031595	WP_048230083	train
WP_200145000	WP_048230083	train
WP_320892801	WP_048230083	train
WP_473735660	WP_048230083	train
WP_335207518	WP_048230083	train
WP_032709823	WP_048230083	train
WP_320482981	WP_048230083	train
WP_396305590	WP_048230083	train
WP_045395503	WP_048230083	train
WP_045365382	WP_048230083	train
WP_213707466	WP_048230083	train
WP_059444658	WP_048230083	train
WP_032715960	WP_048230083	train
WP_047078020	WP_048230083	train
WP_045379737	WP_048230083	train
WP_045358903	WP_048230083	train
WP_213794985	WP_048230083	train
WP_430916498	WP_048230083	train
WP_126028508	WP_048230083	train
WP_047043878	WP_048230083	train
WP_163312303	WP_048230083	train
WP_063421105	WP_048230083	train
WP_325081082	WP_048230083	train
WP_213193286	WP_048230083	train
WP_047056386	WP_048230083	train
WP_308958515	WP_048230083	train
WP_049053194	WP_048230083	train
WP_047037845	WP_048230083	train
WP_430992375	WP_048230083	train
WP_049059818	WP_048230083	train
WP_045388819	WP_048230083	train
WP_213797748	WP_048230083	train
WP_308953409	WP_048230083	train
WP_047045118	WP_048230083	train
WP_315712530	WP_048230083	train
WP_047041254	WP_048230083	train
WP_087858230	WP_048230083	train
WP_259418458	WP_048230083	train
WP_049029300	WP_048230083	train
WP_213707557	WP_048230083	train
WP_087877182	WP_048230083	train
WP_126338436	WP_048230083	train
WP_267985236	WP_048230083	train
WP_460419524	WP_048230083	train
WP_275518202	WP_048230083	train
WP_047058074	WP_048230083	train
WP_316554128	WP_048230083	train
WP_370611269	WP_048230083	train
WP_329502979	WP_048230083	train
WP_015368412	WP_048230083	train
WP_224108766	WP_048230083	train
WP_032710129	WP_048230083	train
WP_047076139	WP_048230083	train
WP_213200068	WP_048230083	train
WP_368750033	WP_048230083	train
WP_045829639	WP_045829639	train
WP_477960348	WP_477960348	val
WP_096809945	WP_096809945	train
WP_085903267	WP_096809945	train
WP_180864092	WP_096809945	train
WP_032443786	WP_096809945	train
WP_064182532	WP_096809945	train
WP_180845756	WP_096809945	train
WP_109224491	WP_096809945	train
WP_415253597	WP_415253597	train
WP_368564221	WP_368564221	train
WP_027070989	WP_027070989	test
WP_226782905	WP_226782905	test
WP_183952027	WP_183952027	train
WP_409788044	WP_183952027	train
WP_440978067	WP_183952027	train
WP_430424810	WP_430424810	test
WP_293359091	WP_430424810	test
WP_111515118	WP_111515118	train
WP_045727317	WP_045727317	train
WP_045767375	WP_045727317	train
WP_045757934	WP_045727317	train
WP_045760611	WP_045727317	train
WP_012915707	WP_045727317	train
WP_045738115	WP_045727317	train
WP_480842039	WP_480842039	train
WP_480862443	WP_480842039	train
WP_339953202	WP_339953202	train
WP_446023754	WP_446023754	test
WP_216049250	WP_216049250	train
WP_303473164	WP_216049250	train
WP_045776979	WP_045776979	train
WP_339986841	WP_339986841	train
WP_395825757	WP_395825757	train
WP_224910673	WP_224910673	val
WP_174148438	WP_174148438	val
WP_188789082	WP_174148438	val
WP_229371853	WP_229371853	test
WP_102435578	WP_229371853	test
WP_102476723	WP_102476723	val
WP_275764237	WP_275764237	train
WP_092858973	WP_275764237	train
WP_140015702	WP_140015702	train
WP_475339452	WP_140015702	train
WP_482796888	WP_482796888	train
WP_246951805	WP_246951805	test
WP_394580911	WP_394580911	val
WP_338607804	WP_338607804	val
WP_339641702	WP_338607804	val
WP_457279268	WP_457279268	train
WP_477666295	WP_457279268	train
WP_477687916	WP_457279268	train
WP_477671415	WP_457279268	train
WP_477657603	WP_457279268	train
WP_477702724	WP_457279268	train
WP_477647385	WP_457279268	train
WP_477704572	WP_457279268	train
WP_477700247	WP_457279268	train
WP_331040272	WP_331040272	test
WP_309660872	WP_309660872	val
WP_108311475	WP_108311475	train
WP_109463863	WP_109463863	train
WP_299754687	WP_299754687	val
WP_274652676	WP_274652676	test
WP_263954254	WP_274652676	test
WP_070963888	WP_070963888	train
WP_192076187	WP_070963888	train
WP_348447357	WP_348447357	train
WP_348129428	WP_348447357	train
WP_436825878	WP_436825878	train
WP_120324197	WP_120324197	train
WP_277316023	WP_277316023	test
WP_474192757	WP_474192757	train
WP_485762438	WP_474192757	train
WP_258955969	WP_474192757	train
WP_317508005	WP_474192757	train
WP_275635049	WP_275635049	test
WP_273726670	WP_273726670	test
WP_187544233	WP_273726670	test
WP_086932557	WP_086932557	val
WP_271109898	WP_271109898	train
WP_111196212	WP_111196212	val
WP_144185683	WP_144185683	val
WP_336910160	WP_336910160	test
WP_482149249	WP_336910160	test
WP_121277380	WP_121277380	test
WP_077342292	WP_077342292	train
WP_076418165	WP_077342292	train
WP_063678283	WP_063678283	val
WP_027555734	WP_063678283	val
WP_431372396	WP_431372396	train
WP_480499871	WP_480499871	train
WP_161070223	WP_161070223	test
WP_010402684	WP_010402684	train
WP_209610670	WP_010402684	train
WP_474331379	WP_010402684	train
WP_283741147	WP_283741147	train
WP_436002154	WP_436002154	val
WP_109456500	WP_436002154	val
WP_114945566	WP_114945566	test
WP_442037984	WP_114945566	test
WP_072558690	WP_072558690	val
WP_063603126	WP_063603126	train
WP_130313882	WP_063603126	train
WP_006070842	WP_063603126	train
WP_239920812	WP_063603126	train
WP_011152777	WP_063603126	train
WP_130194558	WP_063603126	train
WP_075151116	WP_075151116	train
WP_066581417	WP_075151116	train
WP_125964359	WP_075151116	train
WP_313921893	WP_313921893	test
WP_299678310	WP_299678310	train
WP_300061187	WP_299678310	train
WP_030540015	WP_030540015	val
WP_021238406	WP_030540015	val
WP_481775417	WP_481775417	val
WP_481770315	WP_481775417	val
WP_119299709	WP_119299709	train
WP_139470183	WP_139470183	train
WP_152349270	WP_139470183	train
WP_262775631	WP_139470183	train
WP_369864494	WP_139470183	train
WP_062244211	WP_139470183	train
WP_193072720	WP_139470183	train
WP_482400417	WP_139470183	train
WP_334122004	WP_334122004	test
WP_058255778	WP_334122004	test
WP_282211410	WP_282211410	val
WP_436212694	WP_436212694	test
WP_011751148	WP_011751148	test
WP_352582932	WP_352582932	train
WP_477267367	WP_352582932	train
WP_142867392	WP_352582932	train
WP_352557801	WP_352582932	train
WP_477232251	WP_352582932	train
WP_192257080	WP_352582932	train
WP_477329476	WP_352582932	train
WP_454589533	WP_352582932	train
WP_436257494	WP_352582932	train
WP_203277443	WP_352582932	train
WP_348043717	WP_348043717	val
WP_395820287	WP_395820287	val
WP_186396510	WP_186396510	val
WP_305567773	WP_305567773	test
WP_415123296	WP_415123296	val
WP_108608665	WP_108608665	val
WP_318762095	WP_108608665	val
WP_062112399	WP_062112399	test
WP_061975493	WP_062112399	test
WP_056824607	WP_056824607	val
WP_153269593	WP_056824607	val
WP_212274083	WP_212274083	val
WP_482781371	WP_482781371	test
WP_477463917	WP_477463917	test
WP_370401125	WP_370401125	train
WP_417258922	WP_417258922	train
WP_417269716	WP_417258922	train
WP_286648557	WP_286648557	train
WP_435454870	WP_286648557	train
WP_022951614	WP_022951614	test
WP_431298214	WP_431298214	test
WP_085526723	WP_085526723	val
WP_445943623	WP_445943623	val
WP_192249364	WP_192249364	val
WP_263734557	WP_263734557	train
WP_331174770	WP_331174770	train
WP_415655832	WP_331174770	train
WP_327571676	WP_327571676	val
WP_233391118	WP_327571676	val
WP_043099230	WP_043099230	train
WP_127877133	WP_127877133	test
WP_103702299	WP_103702299	val
WP_110026951	WP_110026951	train
WP_111739493	WP_111739493	train
WP_038017313	WP_038017313	test
WP_299998508	WP_299998508	test
WP_259050238	WP_299998508	test
WP_320551543	WP_320551543	train
WP_318373785	WP_318373785	train
WP_330901926	WP_330901926	train
WP_336221654	WP_336221654	test
WP_209634490	WP_209634490	test
WP_309088109	WP_309088109	val
WP_480794015	WP_480794015	test
WP_170559887	WP_480794015	test
WP_201103154	WP_201103154	train
WP_331157020	WP_331157020	val
WP_120631275	WP_120631275	val
WP_216326438	WP_216326438	test
WP_419254438	WP_419254438	test
WP_266172052	WP_266172052	train
WP_263109543	WP_263109543	val
WP_146312024	WP_146312024	test
WP_021098036	WP_021098036	test
WP_417695052	WP_417695052	test
WP_206944434	WP_417695052	test
WP_094409363	WP_094409363	train
WP_273409533	WP_094409363	train
WP_320268148	WP_320268148	test
WP_484369747	WP_484369747	val
WP_436827618	WP_436827618	test
WP_480805612	WP_480805612	train
WP_170326549	WP_480805612	train
WP_170546102	WP_480805612	train
WP_438956304	WP_438956304	train
WP_327543196	WP_327543196	train
WP_400086256	WP_327543196	train
WP_076659302	WP_327543196	train
WP_110279839	WP_327543196	train
WP_342068728	WP_327543196	train
WP_055686375	WP_327543196	train
WP_253422507	WP_253422507	test
WP_298970872	WP_298970872	train
WP_299503159	WP_298970872	train
WP_299405357	WP_298970872	train
WP_136248184	WP_136248184	test
WP_126685032	WP_126685032	test
WP_423821126	WP_423821126	test
WP_169557440	WP_169557440	train
WP_201078855	WP_201078855	train
WP_202679227	WP_201078855	train
WP_246148287	WP_201078855	train
WP_203097118	WP_201078855	train
WP_417454670	WP_417454670	test
WP_292290974	WP_292290974	test
WP_441278920	WP_441278920	train
WP_439065455	WP_441278920	train
WP_439060277	WP_441278920	train
WP_089263012	WP_441278920	train
WP_320446148	WP_441278920	train
WP_093757848	WP_441278920	train
WP_347944368	WP_347944368	test
WP_305577749	WP_347944368	test
WP_446252868	WP_446252868	train
WP_093147995	WP_093147995	val
WP_200789004	WP_200789004	test
WP_448443900	WP_448443900	test
WP_191167814	WP_191167814	train
WP_456214259	WP_456214259	val
WP_422619213	WP_422619213	train
WP_348109206	WP_348109206	train
WP_247127780	WP_348109206	train
WP_473658587	WP_348109206	train
WP_027999643	WP_027999643	val
WP_149143031	WP_149143031	train
WP_375230601	WP_375230601	test
WP_472713796	WP_375230601	test
WP_192289346	WP_192289346	train
WP_375075937	WP_192289346	train
WP_013789517	WP_192289346	train
WP_027903917	WP_192289346	train
WP_218545962	WP_192289346	train
WP_245161385	WP_245161385	val
WP_348406299	WP_348406299	val
WP_200050718	WP_200050718	train
WP_061070542	WP_200050718	train
WP_044327120	WP_200050718	train
WP_068730289	WP_068730289	train
WP_272788898	WP_272788898	train
WP_291753537	WP_291753537	test
WP_008260372	WP_291753537	test
WP_035973072	WP_035973072	val
WP_212202248	WP_035973072	val
WP_211999097	WP_211999097	test
WP_007686598	WP_007686598	test
WP_459014263	WP_459014263	test
WP_114889417	WP_114889417	val
WP_290984328	WP_290984328	val
WP_100237449	WP_100237449	train
WP_046764795	WP_100237449	train
WP_404610265	WP_404610265	train
WP_062081588	WP_404610265	train
WP_047845237	WP_404610265	train
WP_213779945	WP_404610265	train
WP_277049099	WP_404610265	train
WP_473473551	WP_473473551	test
WP_127104464	WP_127104464	test
WP_264505512	WP_127104464	test
WP_292132660	WP_292132660	train
WP_418025278	WP_418025278	val
WP_093058270	WP_093058270	val
WP_255339525	WP_255339525	test
WP_459091117	WP_459091117	test
WP_459080803	WP_459091117	test
WP_161850688	WP_161850688	train
WP_475387506	WP_161850688	train
WP_013900465	WP_013900465	train
WP_053250837	WP_053250837	train
WP_115420849	WP_053250837	train
WP_429121826	WP_053250837	train
WP_077504198	WP_053250837	train
WP_065782798	WP_053250837	train
WP_415182642	WP_415182642	train
WP_317707520	WP_317707520	test
WP_278923953	WP_278923953	train
WP_417701209	WP_278923953	train
WP_116698704	WP_116698704	test
WP_281301350	WP_281301350	train
WP_476933344	WP_476933344	train
WP_209726239	WP_476933344	train
WP_247530791	WP_247530791	test
WP_477240412	WP_477240412	train
WP_477370635	WP_477240412	train
WP_477327438	WP_477240412	train
WP_107721459	WP_107721459	train
WP_339691881	WP_107721459	train
WP_074645116	WP_107721459	train
WP_463066211	WP_107721459	train
WP_424099413	WP_424099413	val
WP_424093903	WP_424099413	val
WP_350189879	WP_350189879	test
WP_350103686	WP_350189879	test
WP_139676785	WP_139676785	train
WP_423333421	WP_139676785	train
WP_220325952	WP_139676785	train
WP_183996010	WP_139676785	train
WP_235773240	WP_235773240	test
WP_424970558	WP_424970558	train
WP_092213518	WP_092213518	train
WP_152005381	WP_092213518	train
WP_394241262	WP_394241262	test
WP_164650533	WP_394241262	test
WP_310188875	WP_310188875	train
WP_056110664	WP_310188875	train
WP_179735002	WP_179735002	train
WP_092260691	WP_179735002	train
WP_208726907	WP_208726907	train
WP_352954571	WP_352954571	test
WP_459696321	WP_459696321	val
WP_125325992	WP_125325992	test
WP_254815719	WP_254815719	train
WP_292662019	WP_254815719	train
WP_352468115	WP_254815719	train
WP_352491146	WP_254815719	train
WP_352527600	WP_254815719	train
WP_352771442	WP_254815719	train
WP_473554054	WP_254815719	train
WP_473500224	WP_254815719	train
WP_274580533	WP_274580533	val
WP_312952325	WP_312952325	val
WP_160622849	WP_160622849	train
WP_310608410	WP_310608410	train
WP_064561419	WP_310608410	train
WP_087487119	WP_087487119	test
WP_034889316	WP_034889316	val
WP_424690884	WP_424690884	train
WP_045958899	WP_045958899	val
WP_125891487	WP_125891487	val
WP_285316220	WP_125891487	val
WP_087518305	WP_087518305	train
WP_426394961	WP_426394961	train
WP_296227490	WP_426394961	train
WP_048933060	WP_426394961	train
WP_021196008	WP_426394961	train
WP_064805120	WP_426394961	train
WP_295498314	WP_426394961	train
WP_316885552	WP_426394961	train
WP_027680545	WP_426394961	train
WP_253539049	WP_426394961	train
WP_252690662	WP_426394961	train
WP_316671574	WP_426394961	train
WP_039599970	WP_426394961	train
WP_065859695	WP_426394961	train
WP_104657266	WP_426394961	train
WP_438929888	WP_426394961	train
WP_199031302	WP_426394961	train
WP_439892136	WP_426394961	train
WP_194205346	WP_194205346	val
WP_175340092	WP_175340092	train
WP_138094843	WP_175340092	train
WP_462584338	WP_175340092	train
WP_480387229	WP_480387229	test
WP_056880851	WP_056880851	val
WP_057626803	WP_057626803	test
WP_313318253	WP_057626803	test
WP_093489901	WP_093489901	train
WP_296282223	WP_093489901	train
WP_447940761	WP_093489901	train
WP_370650548	WP_370650548	train
WP_441335314	WP_441335314	train
WP_420606611	WP_420606611	val
WP_050523216	WP_050523216	val
WP_108388514	WP_108388514	train
WP_333677001	WP_333677001	train
WP_324147652	WP_333677001	train
WP_439472284	WP_439472284	train
WP_483760577	WP_483760577	test
WP_009158588	WP_009158588	test
WP_187428814	WP_187428814	test
WP_311158912	WP_311158912	val
WP_066585792	WP_066585792	train
WP_267633299	WP_267633299	train
WP_120997832	WP_120997832	train
WP_421682841	WP_120997832	train
WP_434457224	WP_120997832	train
WP_105384013	WP_105384013	test
WP_019998155	WP_019998155	train
WP_170732744	WP_170732744	train
WP_170596185	WP_170732744	train
WP_170509607	WP_170732744	train
WP_464448896	WP_464448896	test
WP_396428705	WP_396428705	train
WP_296292389	WP_396428705	train
WP_396436883	WP_396428705	train
WP_344699484	WP_344699484	train
WP_249910299	WP_249910299	test
WP_070885939	WP_249910299	test
WP_480835690	WP_480835690	train
WP_394153842	WP_394153842	val
WP_386683553	WP_394153842	val
WP_147127232	WP_147127232	test
WP_166330573	WP_166330573	val
WP_046079263	WP_046079263	val
WP_434053641	WP_434053641	train
WP_105236717	WP_105236717	val
WP_417680306	WP_417680306	val
WP_174874018	WP_174874018	test
WP_099868135	WP_099868135	train
WP_472667701	WP_472667701	train
WP_425403647	WP_425403647	test
WP_282972667	WP_282972667	val
WP_481979061	WP_481979061	test
WP_138785433	WP_138785433	train
WP_151591133	WP_138785433	train
WP_182520878	WP_138785433	train
WP_440629857	WP_138785433	train
WP_140024334	WP_138785433	train
WP_171318456	WP_138785433	train
WP_339440804	WP_138785433	train
WP_280994243	WP_138785433	train
WP_105542449	WP_138785433	train
WP_109369589	WP_138785433	train
WP_078338847	WP_138785433	train
WP_199057451	WP_138785433	train
WP_259035769	WP_259035769	test
WP_325357153	WP_325357153	test
WP_025053925	WP_025053925	train
WP_114098449	WP_114098449	val
WP_462095936	WP_114098449	val
WP_093500392	WP_093500392	train
WP_371074328	WP_371074328	test
WP_049835543	WP_049835543	val
WP_097145430	WP_097145430	val
WP_139662474	WP_139662474	val
WP_446195775	WP_446195775	test
WP_238372449	WP_446195775	test
WP_458930559	WP_458930559	train
WP_430465565	WP_430465565	val
WP_183985755	WP_183985755	train
WP_108894040	WP_108894040	train
WP_271231316	WP_271231316	val
WP_418649546	WP_271231316	val
WP_219406348	WP_219406348	train
WP_177079089	WP_219406348	train
WP_010168551	WP_219406348	train
WP_457340024	WP_219406348	train
WP_088421922	WP_219406348	train
WP_177050661	WP_219406348	train
WP_177025276	WP_219406348	train
WP_017477937	WP_219406348	train
WP_177043587	WP_219406348	train
WP_177130070	WP_219406348	train
WP_201125790	WP_219406348	train
WP_177084469	WP_219406348	train
WP_322142619	WP_219406348	train
WP_457347970	WP_219406348	train
WP_330212596	WP_219406348	train
WP_421551226	WP_219406348	train
WP_134325491	WP_219406348	train
WP_003213643	WP_219406348	train
WP_008439580	WP_219406348	train
WP_177028114	WP_219406348	train
WP_300218165	WP_300218165	test
WP_296163487	WP_300218165	test
WP_168827114	WP_168827114	train
WP_417560058	WP_168827114	train
WP_212918665	WP_168827114	train
WP_265217713	WP_168827114	train
WP_169460006	WP_168827114	train
WP_133487048	WP_133487048	train
WP_282182154	WP_133487048	train
WP_474862118	WP_133487048	train
