seq_id	cluster_id	split
WP_197393654	WP_197393654	train
WP_096217214	WP_197393654	train
WP_277393034	WP_197393654	train
WP_264687573	WP_197393654	train
WP_128448173	WP_197393654	train
WP_276396984	WP_197393654	train
WP_021518067	WP_197393654	train
WP_436403995	WP_197393654	train
WP_053881907	WP_197393654	train
WP_181672877	WP_197393654	train
WP_107193164	WP_197393654	train
WP_000280465	WP_197393654	train
WP_137647514	WP_197393654	train
WP_340441712	WP_197393654	train
WP_105632905	WP_197393654	train
WP_059277641	WP_197393654	train
WP_204619809	WP_197393654	train
WP_273813889	WP_197393654	train
WP_149450492	WP_197393654	train
WP_124782682	WP_197393654	train
WP_059258598	WP_197393654	train
WP_273812581	WP_197393654	train
WP_059242282	WP_197393654	train
WP_058668291	WP_197393654	train
WP_104868011	WP_197393654	train
WP_047460231	WP_197393654	train
WP_449079579	WP_197393654	train
WP_080097156	WP_197393654	train
WP_335901865	WP_197393654	train
WP_257858774	WP_197393654	train
WP_135425974	WP_197393654	train
WP_097369018	WP_197393654	train
WP_079786169	WP_197393654	train
WP_057483591	WP_197393654	train
WP_016505748	WP_197393654	train
WP_099825973	WP_197393654	train
WP_039500058	WP_197393654	train
WP_274882583	WP_197393654	train
WP_252305013	WP_197393654	train
WP_000280480	WP_197393654	train
WP_122029718	WP_197393654	train
WP_138625303	WP_197393654	train
WP_085354391	WP_197393654	train
WP_080214309	WP_197393654	train
WP_080069876	WP_197393654	train
WP_061202066	WP_197393654	train
WP_409324226	WP_197393654	train
WP_080107999	WP_197393654	train
WP_076927146	WP_197393654	train
WP_065675077	WP_197393654	train
WP_118998305	WP_197393654	train
WP_483646289	WP_197393654	train
WP_183048420	WP_197393654	train
WP_392357308	WP_197393654	train
WP_146644702	WP_197393654	train
WP_080225819	WP_197393654	train
WP_058113804	WP_197393654	train
WP_024798925	WP_197393654	train
WP_463605515	WP_197393654	train
WP_000280467	WP_197393654	train
WP_061450939	WP_197393654	train
WP_150363257	WP_197393654	train
WP_046598864	WP_197393654	train
WP_108477252	WP_197393654	train
WP_000280498	WP_197393654	train
WP_080067232	WP_197393654	train
WP_473647992	WP_197393654	train
WP_303083416	WP_197393654	train
WP_070999673	WP_197393654	train
WP_308302782	WP_197393654	train
WP_430724997	WP_197393654	train
WP_393964192	WP_197393654	train
WP_016715991	WP_197393654	train
WP_079786695	WP_197393654	train
WP_199275094	WP_197393654	train
WP_080181380	WP_197393654	train
WP_183071258	WP_197393654	train
WP_392496615	WP_197393654	train
WP_438795411	WP_197393654	train
WP_127173314	WP_197393654	train
WP_063887333	WP_197393654	train
WP_000280481	WP_197393654	train
WP_265278982	WP_197393654	train
WP_016507313	WP_197393654	train
WP_070827919	WP_197393654	train
WP_308313222	WP_197393654	train
WP_053305037	WP_197393654	train
WP_191968835	WP_197393654	train
WP_023181614	WP_197393654	train
WP_104856749	WP_197393654	train
WP_080075710	WP_197393654	train
WP_000280461	WP_197393654	train
WP_080070371	WP_197393654	train
WP_043992321	WP_197393654	train
WP_000280500	WP_197393654	train
WP_203439192	WP_197393654	train
WP_486441304	WP_197393654	train
WP_269720192	WP_197393654	train
WP_301970513	WP_197393654	train
WP_439008159	WP_197393654	train
WP_122822037	WP_197393654	train
WP_023235381	WP_197393654	train
WP_342688426	WP_197393654	train
WP_053230825	WP_197393654	train
WP_080183859	WP_197393654	train
WP_263936135	WP_197393654	train
WP_097176763	WP_197393654	train
WP_479561749	WP_197393654	train
WP_109218233	WP_197393654	train
WP_001714181	WP_197393654	train
WP_154080060	WP_197393654	train
WP_371245849	WP_197393654	train
WP_139783104	WP_197393654	train
WP_200644874	WP_197393654	train
WP_094204726	WP_197393654	train
WP_444429108	WP_197393654	train
WP_343097219	WP_197393654	train
WP_038635422	WP_197393654	train
WP_137397420	WP_197393654	train
WP_006687635	WP_197393654	train
WP_323605332	WP_197393654	train
WP_343648480	WP_197393654	train
WP_049855996	WP_197393654	train
WP_148386173	WP_197393654	train
WP_039080106	WP_197393654	train
WP_090083577	WP_197393654	train
WP_115464636	WP_197393654	train
WP_354691656	WP_197393654	train
WP_108700441	WP_197393654	train
WP_071195081	WP_197393654	train
WP_395035986	WP_197393654	train
WP_110910472	WP_197393654	train
WP_105424121	WP_197393654	train
WP_004873076	WP_197393654	train
WP_440767614	WP_197393654	train
WP_420693200	WP_197393654	train
WP_191974965	WP_197393654	train
WP_278223106	WP_197393654	train
WP_025713931	WP_197393654	train
WP_411547892	WP_197393654	train
WP_322256649	WP_197393654	train
WP_032731497	WP_197393654	train
WP_077723960	WP_197393654	train
WP_102017439	WP_197393654	train
WP_004205080	WP_197393654	train
WP_348857824	WP_197393654	train
WP_277461084	WP_197393654	train
WP_281131350	WP_197393654	train
WP_110224328	WP_197393654	train
WP_265779414	WP_197393654	train
WP_255084221	WP_197393654	train
WP_117074869	WP_197393654	train
WP_032414067	WP_197393654	train
WP_004151503	WP_197393654	train
WP_231535081	WP_197393654	train
WP_136053299	WP_197393654	train
WP_101857210	WP_197393654	train
WP_255086063	WP_197393654	train
WP_004150214	WP_197393654	train
WP_117086767	WP_197393654	train
WP_484495559	WP_197393654	train
WP_234282617	WP_197393654	train
WP_107331960	WP_197393654	train
WP_217332678	WP_197393654	train
WP_420527263	WP_197393654	train
WP_004210824	WP_197393654	train
WP_157173773	WP_197393654	train
WP_243817343	WP_197393654	train
WP_255894558	WP_197393654	train
WP_305242882	WP_197393654	train
WP_102063469	WP_197393654	train
WP_042632431	WP_197393654	train
WP_104442678	WP_197393654	train
WP_486516647	WP_197393654	train
WP_114271213	WP_197393654	train
WP_253891808	WP_197393654	train
WP_201196914	WP_197393654	train
WP_196976723	WP_197393654	train
WP_179108474	WP_197393654	train
WP_407252739	WP_197393654	train
WP_148849796	WP_197393654	train
WP_142513443	WP_197393654	train
WP_289178102	WP_197393654	train
WP_411301915	WP_197393654	train
WP_196568058	WP_197393654	train
WP_162122286	WP_197393654	train
WP_196550786	WP_197393654	train
WP_186385455	WP_197393654	train
WP_004855514	WP_197393654	train
WP_431665823	WP_197393654	train
WP_004106928	WP_197393654	train
WP_142981651	WP_197393654	train
WP_367171893	WP_197393654	train
WP_289191723	WP_197393654	train
WP_417640686	WP_197393654	train
WP_264822886	WP_197393654	train
WP_049591466	WP_197393654	train
WP_224257106	WP_197393654	train
WP_241186565	WP_197393654	train
WP_196562122	WP_197393654	train
WP_325927792	WP_197393654	train
WP_447638250	WP_197393654	train
WP_438335009	WP_197393654	train
WP_406916073	WP_197393654	train
WP_115239111	WP_197393654	train
WP_004126679	WP_197393654	train
WP_154975468	WP_197393654	train
WP_342702658	WP_197393654	train
WP_196548939	WP_197393654	train
WP_368758904	WP_197393654	train
WP_219677530	WP_197393654	train
WP_289193220	WP_197393654	train
WP_014227257	WP_197393654	train
WP_112216036	WP_197393654	train
WP_196555853	WP_197393654	train
WP_336043722	WP_197393654	train
WP_194854678	WP_197393654	train
WP_148405828	WP_197393654	train
WP_024359707	WP_197393654	train
WP_311103759	WP_197393654	train
WP_139538385	WP_197393654	train
WP_220398514	WP_197393654	train
WP_313063214	WP_197393654	train
WP_312973721	WP_197393654	train
WP_313715088	WP_197393654	train
WP_161659538	WP_197393654	train
WP_312983278	WP_197393654	train
WP_313081313	WP_197393654	train
WP_313047208	WP_197393654	train
WP_203120759	WP_197393654	train
WP_284973820	WP_197393654	train
WP_269772189	WP_197393654	train
WP_312583962	WP_197393654	train
WP_183172015	WP_197393654	train
WP_002436667	WP_197393654	train
WP_313668211	WP_197393654	train
WP_165463527	WP_197393654	train
WP_165431491	WP_197393654	train
WP_312559603	WP_197393654	train
WP_125295017	WP_197393654	train
WP_105884732	WP_197393654	train
WP_311888092	WP_197393654	train
WP_427651387	WP_197393654	train
WP_409541382	WP_197393654	train
WP_393969049	WP_197393654	train
WP_396018646	WP_197393654	train
WP_089695885	WP_197393654	train
WP_373384297	WP_197393654	train
WP_180556563	WP_197393654	train
WP_437263599	WP_197393654	train
WP_044694464	WP_197393654	train
WP_413932085	WP_197393654	train
WP_238086803	WP_197393654	train
WP_262934701	WP_197393654	train
WP_440717762	WP_197393654	train
WP_438331310	WP_197393654	train
WP_262942853	WP_197393654	train
WP_021555798	WP_197393654	train
WP_128551518	WP_197393654	train
WP_137501904	WP_197393654	train
WP_052925016	WP_197393654	train
WP_202792851	WP_197393654	train
WP_000280473	WP_197393654	train
WP_400247786	WP_197393654	train
WP_368493317	WP_197393654	train
WP_097422987	WP_197393654	train
WP_454078851	WP_197393654	train
WP_353528437	WP_197393654	train
WP_225393682	WP_197393654	train
WP_449541176	WP_197393654	train
WP_047355969	WP_197393654	train
WP_333077273	WP_197393654	train
WP_014168043	WP_197393654	train
WP_113858305	WP_197393654	train
WP_032652106	WP_197393654	train
WP_003860921	WP_197393654	train
WP_248849555	WP_197393654	train
WP_325802692	WP_197393654	train
WP_148420441	WP_197393654	train
WP_232960550	WP_197393654	train
WP_333015863	WP_197393654	train
WP_063855623	WP_197393654	train
WP_290337913	WP_197393654	train
WP_058673179	WP_197393654	train
WP_479416458	WP_197393654	train
WP_310835257	WP_197393654	train
WP_445445426	WP_197393654	train
WP_316147929	WP_197393654	train
WP_192474443	WP_197393654	train
WP_452120231	WP_197393654	train
WP_149280797	WP_197393654	train
WP_003837596	WP_197393654	train
WP_332067907	WP_197393654	train
WP_323573690	WP_197393654	train
WP_458186278	WP_197393654	train
WP_137377039	WP_197393654	train
WP_414438303	WP_197393654	train
WP_048218843	WP_197393654	train
WP_410688121	WP_197393654	train
WP_220221835	WP_197393654	train
WP_003024038	WP_197393654	train
WP_048215289	WP_197393654	train
WP_114675717	WP_197393654	train
WP_394949167	WP_197393654	train
WP_049014608	WP_197393654	train
WP_032950538	WP_197393654	train
WP_410752797	WP_197393654	train
WP_169329677	WP_197393654	train
WP_005122599	WP_197393654	train
WP_286488953	WP_197393654	train
WP_410398985	WP_197393654	train
WP_149384370	WP_197393654	train
WP_319857075	WP_197393654	train
WP_402309914	WP_197393654	train
WP_200109871	WP_197393654	train
WP_406908265	WP_197393654	train
WP_095715334	WP_197393654	train
WP_096759066	WP_197393654	train
WP_279274180	WP_197393654	train
WP_331377368	WP_197393654	train
WP_287117295	WP_197393654	train
WP_257651357	WP_197393654	train
WP_114681576	WP_197393654	train
WP_370621470	WP_197393654	train
WP_286621723	WP_197393654	train
WP_474457931	WP_197393654	train
WP_182936567	WP_197393654	train
WP_326978673	WP_197393654	train
WP_482840637	WP_197393654	train
WP_048213726	WP_197393654	train
WP_181500162	WP_197393654	train
WP_196209595	WP_197393654	train
WP_016151177	WP_197393654	train
WP_484137305	WP_197393654	train
WP_230042305	WP_197393654	train
WP_255051002	WP_197393654	train
WP_020455762	WP_197393654	train
WP_436874596	WP_197393654	train
WP_313626972	WP_197393654	train
WP_097408061	WP_197393654	train
WP_312951283	WP_197393654	train
WP_218336054	WP_197393654	train
WP_072570998	WP_197393654	train
WP_318375103	WP_197393654	train
WP_321988272	WP_197393654	train
WP_088221201	WP_197393654	train
WP_318376823	WP_197393654	train
WP_464935376	WP_197393654	train
WP_113987025	WP_197393654	train
WP_226204070	WP_197393654	train
WP_137522468	WP_197393654	train
WP_218078116	WP_197393654	train
WP_089632186	WP_197393654	train
WP_114290616	WP_197393654	train
WP_001708283	WP_197393654	train
WP_001464780	WP_197393654	train
WP_001656030	WP_197393654	train
WP_001493511	WP_197393654	train
WP_001456726	WP_197393654	train
WP_001461755	WP_197393654	train
WP_001508077	WP_197393654	train
WP_328080130	WP_197393654	train
WP_042287072	WP_197393654	train
WP_459851372	WP_197393654	train
WP_342006032	WP_197393654	train
WP_149461088	WP_197393654	train
WP_181682481	WP_197393654	train
WP_015343999	WP_197393654	train
WP_265011076	WP_197393654	train
WP_461237639	WP_197393654	train
WP_268085510	WP_197393654	train
WP_106995430	WP_197393654	train
WP_347114843	WP_197393654	train
WP_028017842	WP_197393654	train
WP_161617327	WP_197393654	train
WP_006817788	WP_197393654	train
WP_142487722	WP_197393654	train
WP_271266929	WP_197393654	train
WP_337018137	WP_197393654	train
WP_049006997	WP_197393654	train
WP_231313345	WP_197393654	train
WP_134708587	WP_197393654	train
WP_437433297	WP_197393654	train
WP_485887734	WP_197393654	train
WP_458045214	WP_197393654	train
WP_029589930	WP_197393654	train
WP_316351883	WP_197393654	train
WP_137537778	WP_197393654	train
WP_072644047	WP_197393654	train
WP_113396774	WP_197393654	train
WP_271090495	WP_197393654	train
WP_337082605	WP_197393654	train
WP_129019130	WP_197393654	train
WP_134266564	WP_197393654	train
WP_057696466	WP_197393654	train
WP_316953008	WP_197393654	train
WP_277474827	WP_197393654	train
WP_001665823	WP_197393654	train
WP_416043567	WP_197393654	train
WP_308064235	WP_197393654	train
WP_124866538	WP_197393654	train
WP_047624803	WP_197393654	train
WP_079956027	WP_197393654	train
WP_071953649	WP_197393654	train
WP_410377703	WP_197393654	train
WP_415729115	WP_197393654	train
WP_062939073	WP_197393654	train
WP_243204969	WP_197393654	train
WP_480102445	WP_197393654	train
WP_435941467	WP_197393654	train
WP_258783990	WP_197393654	train
WP_159769044	WP_197393654	train
WP_159757008	WP_197393654	train
WP_400633089	WP_197393654	train
WP_110510341	WP_197393654	train
WP_329701496	WP_197393654	train
WP_097162407	WP_197393654	train
WP_475292416	WP_197393654	train
WP_258988888	WP_197393654	train
WP_312627934	WP_197393654	train
WP_258994419	WP_197393654	train
WP_154682529	WP_197393654	train
WP_312927350	WP_197393654	train
WP_400737179	WP_197393654	train
WP_393970320	WP_197393654	train
WP_325916853	WP_197393654	train
WP_415978478	WP_197393654	train
WP_112202091	WP_197393654	train
WP_062775888	WP_197393654	train
WP_368480391	WP_197393654	train
WP_061280804	WP_197393654	train
WP_349595595	WP_197393654	train
WP_416012994	WP_197393654	train
WP_052282724	WP_197393654	train
WP_438381951	WP_197393654	train
WP_126670963	WP_197393654	train
WP_137544813	WP_197393654	train
WP_000280494	WP_197393654	train
WP_133279784	WP_197393654	train
WP_266212150	WP_197393654	train
WP_001395045	WP_197393654	train
WP_001467724	WP_197393654	train
WP_236281114	WP_197393654	train
WP_193108442	WP_197393654	train
WP_042114224	WP_197393654	train
WP_047598753	WP_197393654	train
WP_040079543	WP_197393654	train
WP_097482898	WP_197393654	train
WP_105285027	WP_197393654	train
WP_311014876	WP_197393654	train
WP_001604112	WP_197393654	train
WP_196081752	WP_197393654	train
WP_222689452	WP_197393654	train
WP_000280469	WP_197393654	train
WP_274895433	WP_197393654	train
WP_010426441	WP_197393654	train
WP_480095498	WP_197393654	train
WP_117122721	WP_197393654	train
WP_420655320	WP_197393654	train
WP_116955190	WP_197393654	train
WP_117083326	WP_197393654	train
WP_114137700	WP_197393654	train
WP_069335329	WP_197393654	train
WP_154925088	WP_197393654	train
WP_105655249	WP_197393654	train
WP_161591189	WP_197393654	train
WP_032966559	WP_197393654	train
WP_105719913	WP_197393654	train
WP_265932452	WP_197393654	train
WP_472776182	WP_197393654	train
WP_115871667	WP_197393654	train
WP_097311990	WP_197393654	train
WP_021563252	WP_197393654	train
WP_042107209	WP_197393654	train
WP_062859373	WP_197393654	train
WP_096977424	WP_197393654	train
WP_409406450	WP_197393654	train
WP_262943816	WP_197393654	train
WP_192851555	WP_197393654	train
WP_128480635	WP_197393654	train
WP_240828912	WP_197393654	train
WP_087823687	WP_197393654	train
WP_237817322	WP_197393654	train
WP_328757475	WP_197393654	train
WP_420531782	WP_197393654	train
WP_015369143	WP_197393654	train
WP_045375271	WP_197393654	train
WP_100279366	WP_197393654	train
WP_193108827	WP_197393654	train
WP_217074573	WP_197393654	train
WP_327061691	WP_197393654	train
WP_478293267	WP_197393654	train
WP_380379623	WP_197393654	train
WP_370429416	WP_197393654	train
WP_369049811	WP_197393654	train
WP_144330174	WP_197393654	train
WP_447144738	WP_197393654	train
WP_087858926	WP_197393654	train
WP_049056966	WP_197393654	train
WP_125984944	WP_197393654	train
WP_063446511	WP_197393654	train
WP_048231433	WP_197393654	train
WP_117026061	WP_197393654	train
WP_114473017	WP_197393654	train
WP_103219422	WP_197393654	train
WP_284127771	WP_197393654	train
WP_100682885	WP_197393654	train
WP_289891954	WP_197393654	train
WP_016538871	WP_197393654	train
WP_227319115	WP_197393654	train
WP_172568679	WP_197393654	train
WP_279049838	WP_197393654	train
WP_216375914	WP_197393654	train
WP_227443335	WP_197393654	train
WP_342090105	WP_197393654	train
WP_447305001	WP_197393654	train
WP_227924740	WP_197393654	train
WP_142437866	WP_197393654	train
WP_322205896	WP_197393654	train
WP_334274414	WP_197393654	train
WP_149824969	WP_197393654	train
WP_039268498	WP_197393654	train
WP_032185484	WP_197393654	train
WP_000280484	WP_197393654	train
WP_001659190	WP_197393654	train
WP_001417031	WP_197393654	train
WP_001472537	WP_197393654	train
WP_001485090	WP_197393654	train
WP_023150915	WP_197393654	train
WP_126511062	WP_197393654	train
WP_084543265	WP_197393654	train
WP_410741447	WP_197393654	train
WP_012135784	WP_197393654	train
WP_049011033	WP_197393654	train
WP_317391407	WP_197393654	train
WP_115626060	WP_197393654	train
WP_110349377	WP_197393654	train
WP_112778238	WP_197393654	train
WP_063138707	WP_197393654	train
WP_180240638	WP_197393654	train
WP_323060442	WP_197393654	train
WP_104458677	WP_197393654	train
WP_100680980	WP_197393654	train
WP_064180595	WP_197393654	train
WP_074386944	WP_197393654	train
WP_094917564	WP_197393654	train
WP_366228342	WP_197393654	train
WP_008806818	WP_197393654	train
WP_242924731	WP_197393654	train
WP_221001198	WP_197393654	train
WP_115667944	WP_197393654	train
WP_171484463	WP_197393654	train
WP_171489978	WP_197393654	train
WP_281083672	WP_197393654	train
WP_404877161	WP_197393654	train
WP_446837096	WP_197393654	train
WP_063266751	WP_197393654	train
WP_114385504	WP_197393654	train
WP_271282985	WP_197393654	train
WP_094422732	WP_197393654	train
WP_039057962	WP_197393654	train
WP_443087894	WP_197393654	train
WP_042715011	WP_197393654	train
WP_305207214	WP_197393654	train
WP_076769316	WP_197393654	train
WP_200134856	WP_197393654	train
WP_105636616	WP_197393654	train
WP_283007456	WP_197393654	train
WP_102597120	WP_197393654	train
WP_097398749	WP_197393654	train
WP_241221418	WP_197393654	train
WP_311235905	WP_197393654	train
WP_241216753	WP_197393654	train
WP_464935106	WP_197393654	train
WP_180488978	WP_197393654	train
WP_169776125	WP_197393654	train
WP_411792230	WP_197393654	train
WP_097419869	WP_197393654	train
WP_003968916	WP_197393654	train
WP_001498645	WP_197393654	train
WP_181588152	WP_197393654	train
WP_200077399	WP_197393654	train
WP_103950276	WP_197393654	train
WP_095280128	WP_197393654	train
WP_024906643	WP_197393654	train
WP_213330097	WP_197393654	train
WP_023309883	WP_197393654	train
WP_429168260	WP_197393654	train
WP_042714441	WP_197393654	train
WP_395279370	WP_197393654	train
WP_417927987	WP_197393654	train
WP_039030180	WP_197393654	train
WP_250586867	WP_197393654	train
WP_251335822	WP_197393654	train
WP_130941849	WP_197393654	train
WP_234276835	WP_197393654	train
WP_434638058	WP_197393654	train
WP_181621691	WP_197393654	train
WP_095102616	WP_197393654	train
WP_409034524	WP_197393654	train
WP_310948404	WP_197393654	train
WP_446685490	WP_197393654	train
WP_110231508	WP_197393654	train
WP_330765979	WP_197393654	train
WP_093987496	WP_197393654	train
WP_312211699	WP_197393654	train
WP_238082349	WP_197393654	train
WP_312454966	WP_197393654	train
WP_038874447	WP_197393654	train
WP_038866530	WP_197393654	train
WP_275876247	WP_197393654	train
WP_165155051	WP_197393654	train
WP_004387718	WP_197393654	train
WP_312611238	WP_197393654	train
WP_105574122	WP_197393654	train
WP_075191836	WP_197393654	train
WP_007894835	WP_197393654	train
WP_014727788	WP_197393654	train
WP_059334263	WP_197393654	train
WP_215259983	WP_197393654	train
WP_114401199	WP_197393654	train
WP_053891042	WP_197393654	train
WP_407235334	WP_197393654	train
WP_131199860	WP_197393654	train
WP_021539329	WP_197393654	train
WP_435541349	WP_197393654	train
WP_159197624	WP_197393654	train
WP_001392833	WP_197393654	train
WP_175991845	WP_197393654	train
WP_033545452	WP_197393654	train
WP_180501075	WP_197393654	train
WP_001497217	WP_197393654	train
WP_108964040	WP_197393654	train
WP_000280499	WP_197393654	train
WP_484336458	WP_197393654	train
WP_368542758	WP_197393654	train
WP_047358799	WP_197393654	train
WP_063932872	WP_197393654	train
WP_306610736	WP_197393654	train
WP_480107753	WP_197393654	train
WP_124990032	WP_197393654	train
WP_109232135	WP_197393654	train
WP_449272422	WP_197393654	train
WP_472326862	WP_197393654	train
WP_281446780	WP_197393654	train
WP_080924175	WP_197393654	train
WP_410162585	WP_197393654	train
WP_232586189	WP_197393654	train
WP_438392786	WP_197393654	train
WP_430483564	WP_197393654	train
WP_264105505	WP_197393654	train
WP_044782059	WP_197393654	train
WP_060588564	WP_197393654	train
WP_113898202	WP_197393654	train
WP_421520542	WP_197393654	train
WP_277473381	WP_197393654	train
WP_323488563	WP_197393654	train
WP_001384812	WP_197393654	train
WP_128550068	WP_197393654	train
WP_240079232	WP_197393654	train
WP_001731618	WP_197393654	train
WP_275364837	WP_197393654	train
WP_000280464	WP_197393654	train
WP_070810703	WP_197393654	train
WP_122029283	WP_197393654	train
WP_271442017	WP_197393654	train
WP_126545721	WP_197393654	train
WP_463686199	WP_197393654	train
WP_006177709	WP_197393654	train
WP_117245911	WP_197393654	train
WP_253380861	WP_197393654	train
WP_144134596	WP_197393654	train
WP_274351248	WP_197393654	train
WP_090124008	WP_197393654	train
WP_007369480	WP_197393654	train
WP_074776287	WP_197393654	train
WP_090138732	WP_197393654	train
WP_259601334	WP_197393654	train
WP_064168243	WP_197393654	train
WP_324654899	WP_197393654	train
WP_480054794	WP_197393654	train
WP_004868967	WP_197393654	train
WP_462980635	WP_197393654	train
WP_313112886	WP_197393654	train
WP_156836928	WP_197393654	train
WP_140553651	WP_197393654	train
WP_267234822	WP_197393654	train
WP_097412381	WP_197393654	train
WP_073690743	WP_197393654	train
WP_482890891	WP_197393654	train
WP_368020978	WP_197393654	train
WP_282618260	WP_197393654	train
WP_001406207	WP_197393654	train
WP_113286878	WP_197393654	train
WP_405238584	WP_197393654	train
WP_135155466	WP_197393654	train
WP_169769194	WP_197393654	train
WP_343285591	WP_197393654	train
WP_064324282	WP_197393654	train
WP_410394536	WP_197393654	train
WP_260660104	WP_197393654	train
WP_047347514	WP_197393654	train
WP_429055352	WP_197393654	train
WP_334404367	WP_197393654	train
WP_348878311	WP_197393654	train
WP_110184081	WP_197393654	train
WP_427064661	WP_197393654	train
WP_273959765	WP_197393654	train
WP_463632833	WP_197393654	train
WP_086872384	WP_197393654	train
WP_038477200	WP_197393654	train
WP_166995804	WP_197393654	train
WP_008457411	WP_197393654	train
WP_480134369	WP_197393654	train
WP_242428660	WP_197393654	train
WP_308836908	WP_197393654	train
WP_226452342	WP_197393654	train
WP_224064216	WP_197393654	train
WP_000280496	WP_197393654	train
WP_274657865	WP_197393654	train
WP_072665114	WP_197393654	train
WP_196613494	WP_197393654	train
WP_261630272	WP_197393654	train
WP_180553522	WP_197393654	train
WP_001462871	WP_197393654	train
WP_272445331	WP_197393654	train
WP_340073428	WP_197393654	train
WP_001478504	WP_197393654	train
WP_149454974	WP_197393654	train
WP_439006204	WP_197393654	train
WP_370606768	WP_197393654	train
WP_347290158	WP_197393654	train
WP_039263522	WP_197393654	train
WP_420533262	WP_197393654	train
WP_065805551	WP_197393654	train
WP_136086298	WP_197393654	train
WP_312132497	WP_197393654	train
WP_480112699	WP_197393654	train
WP_231542601	WP_197393654	train
WP_319627236	WP_197393654	train
WP_394446189	WP_197393654	train
WP_319786015	WP_197393654	train
WP_024551554	WP_197393654	train
WP_049292429	WP_197393654	train
WP_061352649	WP_197393654	train
WP_096900503	WP_197393654	train
WP_032260419	WP_197393654	train
WP_270702853	WP_197393654	train
WP_053006041	WP_197393654	train
WP_097921118	WP_197393654	train
WP_431712552	WP_197393654	train
WP_112864860	WP_197393654	train
WP_223667037	WP_197393654	train
WP_223671438	WP_197393654	train
WP_471727034	WP_197393654	train
WP_219394686	WP_197393654	train
WP_480000999	WP_197393654	train
WP_251267812	WP_197393654	train
WP_000280482	WP_197393654	train
WP_169758514	WP_197393654	train
WP_426472645	WP_197393654	train
WP_107702540	WP_197393654	train
WP_149044999	WP_197393654	train
WP_061380897	WP_197393654	train
WP_462300992	WP_197393654	train
WP_395302816	WP_197393654	train
WP_420227807	WP_197393654	train
WP_032690255	WP_197393654	train
WP_048964127	WP_197393654	train
WP_436920669	WP_197393654	train
WP_117244138	WP_197393654	train
WP_174893327	WP_197393654	train
WP_414056182	WP_197393654	train
WP_483868870	WP_197393654	train
WP_110242167	WP_197393654	train
WP_013364159	WP_197393654	train
WP_296406333	WP_197393654	train
WP_032993408	WP_197393654	train
WP_225402825	WP_197393654	train
WP_025715289	WP_197393654	train
WP_096990516	WP_197393654	train
WP_088551656	WP_197393654	train
WP_032153995	WP_197393654	train
WP_224727472	WP_197393654	train
WP_097475989	WP_197393654	train
WP_224923794	WP_197393654	train
WP_122632439	WP_197393654	train
WP_001645975	WP_197393654	train
WP_001634823	WP_197393654	train
WP_136148496	WP_197393654	train
WP_079942998	WP_197393654	train
WP_042998641	WP_197393654	train
WP_044254385	WP_197393654	train
WP_109739702	WP_197393654	train
WP_044263551	WP_197393654	train
WP_206163811	WP_197393654	train
WP_058587385	WP_197393654	train
WP_414241153	WP_197393654	train
WP_418225181	WP_197393654	train
WP_071055753	WP_197393654	train
WP_108476544	WP_197393654	train
WP_218710197	WP_197393654	train
WP_048290067	WP_197393654	train
WP_274863151	WP_197393654	train
WP_463790875	WP_197393654	train
WP_330191683	WP_197393654	train
WP_148736727	WP_197393654	train
WP_410406749	WP_197393654	train
WP_233120370	WP_197393654	train
WP_052987903	WP_197393654	train
WP_098723155	WP_197393654	train
WP_001568541	WP_197393654	train
WP_275250924	WP_197393654	train
WP_000280495	WP_197393654	train
WP_032329581	WP_197393654	train
WP_096849958	WP_197393654	train
WP_000280491	WP_197393654	train
WP_258125861	WP_197393654	train
WP_157276307	WP_197393654	train
WP_438344157	WP_197393654	train
WP_162382366	WP_197393654	train
WP_271445794	WP_197393654	train
WP_410750179	WP_197393654	train
WP_045448838	WP_197393654	train
WP_134348335	WP_197393654	train
WP_439177801	WP_197393654	train
WP_023325399	WP_197393654	train
WP_448686586	WP_197393654	train
WP_283282088	WP_197393654	train
WP_455685460	WP_197393654	train
WP_410165113	WP_197393654	train
WP_042393373	WP_197393654	train
WP_313106747	WP_197393654	train
WP_462456375	WP_197393654	train
WP_217046287	WP_197393654	train
WP_410128165	WP_197393654	train
WP_312745829	WP_197393654	train
WP_039289139	WP_197393654	train
WP_112025265	WP_197393654	train
WP_112047247	WP_197393654	train
WP_112324870	WP_197393654	train
WP_064559292	WP_197393654	train
WP_258720158	WP_197393654	train
WP_000280483	WP_197393654	train
WP_001513410	WP_197393654	train
WP_216350462	WP_197393654	train
WP_423413665	WP_197393654	train
WP_438895236	WP_197393654	train
WP_001489112	WP_197393654	train
WP_001631907	WP_197393654	train
WP_181575994	WP_197393654	train
WP_113640845	WP_197393654	train
WP_181678072	WP_197393654	train
WP_119936375	WP_197393654	train
WP_447205669	WP_197393654	train
WP_475685341	WP_197393654	train
WP_481229738	WP_197393654	train
WP_032425330	WP_197393654	train
WP_121590613	WP_197393654	train
WP_202711971	WP_197393654	train
WP_480145475	WP_197393654	train
WP_135734957	WP_197393654	train
WP_049115174	WP_197393654	train
WP_087761930	WP_197393654	train
WP_153587462	WP_197393654	train
WP_312228186	WP_197393654	train
WP_410111420	WP_197393654	train
WP_410164240	WP_197393654	train
WP_209632114	WP_197393654	train
WP_000280485	WP_197393654	train
WP_134692247	WP_197393654	train
WP_137533349	WP_197393654	train
WP_225089315	WP_197393654	train
WP_225090668	WP_197393654	train
WP_417716176	WP_197393654	train
WP_289697834	WP_197393654	train
WP_096253467	WP_197393654	train
WP_119159987	WP_197393654	train
WP_305769082	WP_197393654	train
WP_311009258	WP_197393654	train
WP_105268082	WP_197393654	train
WP_186753198	WP_197393654	train
WP_371185411	WP_197393654	train
WP_308704800	WP_197393654	train
WP_163358989	WP_197393654	train
WP_331837929	WP_197393654	train
WP_047372567	WP_197393654	train
WP_276160989	WP_197393654	train
WP_406915114	WP_197393654	train
WP_486515327	WP_197393654	train
WP_110191373	WP_197393654	train
WP_318365723	WP_197393654	train
WP_318392126	WP_197393654	train
WP_090462920	WP_197393654	train
WP_123757097	WP_197393654	train
WP_434665201	WP_197393654	train
WP_024557860	WP_197393654	train
WP_282914164	WP_197393654	train
WP_057174935	WP_197393654	train
WP_073461622	WP_197393654	train
WP_433345239	WP_197393654	train
WP_181462079	WP_197393654	train
WP_136762574	WP_197393654	train
WP_182916791	WP_197393654	train
WP_032331069	WP_197393654	train
WP_267236309	WP_197393654	train
WP_001486232	WP_197393654	train
WP_001737592	WP_197393654	train
WP_461861321	WP_197393654	train
WP_327773631	WP_197393654	train
WP_437601304	WP_197393654	train
WP_333001310	WP_197393654	train
WP_336220123	WP_197393654	train
WP_204525504	WP_197393654	train
WP_137349141	WP_197393654	train
WP_334371565	WP_197393654	train
WP_332963088	WP_197393654	train
WP_103177696	WP_197393654	train
WP_136846751	WP_197393654	train
WP_159212379	WP_197393654	train
WP_180863857	WP_197393654	train
WP_180846842	WP_197393654	train
WP_257697791	WP_197393654	train
WP_411547357	WP_197393654	train
WP_166868894	WP_197393654	train
WP_465022784	WP_197393654	train
WP_430985950	WP_197393654	train
WP_311016834	WP_197393654	train
WP_105478997	WP_197393654	train
WP_203077795	WP_197393654	train
WP_159139986	WP_197393654	train
WP_133142469	WP_197393654	train
WP_052975003	WP_197393654	train
WP_089618115	WP_197393654	train
WP_113262424	WP_197393654	train
WP_163484538	WP_197393654	train
WP_139555462	WP_197393654	train
WP_318745988	WP_197393654	train
WP_433797705	WP_197393654	train
WP_282492064	WP_197393654	train
WP_137400694	WP_197393654	train
WP_220393480	WP_197393654	train
WP_149463720	WP_197393654	train
WP_231825899	WP_197393654	train
WP_333901914	WP_197393654	train
WP_277718235	WP_197393654	train
WP_117115285	WP_197393654	train
WP_259556160	WP_197393654	train
WP_348858774	WP_197393654	train
WP_257067724	WP_197393654	train
WP_445554576	WP_197393654	train
WP_102035525	WP_197393654	train
WP_367166066	WP_197393654	train
WP_032615686	WP_197393654	train
WP_110276949	WP_197393654	train
WP_312412946	WP_197393654	train
WP_480046784	WP_197393654	train
WP_137526244	WP_197393654	train
WP_137519822	WP_197393654	train
WP_421502637	WP_197393654	train
WP_154827180	WP_197393654	train
WP_182567076	WP_197393654	train
WP_137551683	WP_197393654	train
WP_112041534	WP_197393654	train
WP_201482169	WP_197393654	train
WP_309781114	WP_197393654	train
WP_282047787	WP_197393654	train
WP_088129457	WP_197393654	train
WP_032304059	WP_197393654	train
WP_181237079	WP_197393654	train
WP_368316171	WP_197393654	train
WP_267272895	WP_197393654	train
WP_080067965	WP_197393654	train
WP_102105078	WP_197393654	train
WP_262770937	WP_197393654	train
WP_213350714	WP_197393654	train
WP_054178052	WP_197393654	train
WP_227448111	WP_197393654	train
WP_127113104	WP_197393654	train
WP_447542085	WP_197393654	train
WP_194207586	WP_197393654	train
WP_230652495	WP_197393654	train
WP_285292666	WP_197393654	train
WP_325928261	WP_197393654	train
WP_480139433	WP_197393654	train
WP_038859421	WP_197393654	train
WP_217293746	WP_197393654	train
WP_089633150	WP_197393654	train
WP_142439395	WP_197393654	train
WP_105455376	WP_197393654	train
WP_180513025	WP_197393654	train
WP_001647778	WP_197393654	train
WP_089631001	WP_197393654	train
WP_447397026	WP_197393654	train
WP_262232528	WP_197393654	train
WP_447300092	WP_197393654	train
WP_123291653	WP_197393654	train
WP_304529571	WP_197393654	train
WP_258203772	WP_197393654	train
WP_080194169	WP_197393654	train
WP_129396995	WP_197393654	train
WP_442359772	WP_197393654	train
WP_221552196	WP_197393654	train
WP_196350849	WP_197393654	train
WP_419389556	WP_197393654	train
WP_100111835	WP_197393654	train
WP_117255712	WP_197393654	train
WP_263750326	WP_197393654	train
WP_117075537	WP_197393654	train
WP_458039331	WP_197393654	train
WP_409071555	WP_197393654	train
WP_270195897	WP_197393654	train
WP_410114600	WP_197393654	train
WP_017458160	WP_197393654	train
WP_305734668	WP_197393654	train
WP_039000542	WP_197393654	train
WP_131419176	WP_197393654	train
WP_052975975	WP_197393654	train
WP_101184079	WP_197393654	train
WP_001717027	WP_197393654	train
WP_240092213	WP_197393654	train
WP_123323122	WP_197393654	train
WP_001398039	WP_197393654	train
WP_289396902	WP_197393654	train
WP_420028187	WP_197393654	train
WP_413403373	WP_197393654	train
WP_001712168	WP_197393654	train
WP_237849412	WP_197393654	train
WP_023063303	WP_197393654	train
WP_000280493	WP_197393654	train
WP_270009652	WP_197393654	train
WP_303081491	WP_197393654	train
WP_301700262	WP_197393654	train
WP_276293461	WP_197393654	train
WP_045341756	WP_197393654	train
WP_043081312	WP_197393654	train
WP_070181029	WP_197393654	train
WP_411372288	WP_197393654	train
WP_104457239	WP_197393654	train
WP_426813761	WP_197393654	train
WP_159306286	WP_197393654	train
WP_446719898	WP_197393654	train
WP_310663710	WP_197393654	train
WP_368971096	WP_197393654	train
WP_220267074	WP_197393654	train
WP_129335124	WP_197393654	train
WP_252672151	WP_197393654	train
WP_072971312	WP_197393654	train
WP_147708175	WP_197393654	train
WP_101972777	WP_197393654	train
WP_316443265	WP_197393654	train
WP_243571076	WP_197393654	train
WP_353521906	WP_197393654	train
WP_172695247	WP_197393654	train
WP_000280474	WP_197393654	train
WP_262211171	WP_197393654	train
WP_089637562	WP_197393654	train
WP_000280462	WP_197393654	train
WP_000280466	WP_197393654	train
WP_222656149	WP_197393654	train
WP_473775629	WP_197393654	train
WP_483826752	WP_197393654	train
WP_154128511	WP_197393654	train
WP_040077821	WP_197393654	train
WP_181249056	WP_197393654	train
WP_480136010	WP_197393654	train
WP_159335383	WP_197393654	train
WP_203544229	WP_197393654	train
WP_480135271	WP_197393654	train
WP_309748128	WP_197393654	train
WP_460198733	WP_197393654	train
WP_146378201	WP_197393654	train
WP_146883688	WP_197393654	train
WP_113350265	WP_197393654	train
WP_152930338	WP_197393654	train
WP_089586455	WP_197393654	train
WP_180391809	WP_197393654	train
WP_130091424	WP_197393654	train
WP_097454239	WP_197393654	train
WP_087902784	WP_197393654	train
WP_003923332	WP_197393654	train
WP_433272130	WP_197393654	train
WP_160371888	WP_197393654	train
WP_261635630	WP_197393654	train
WP_481985008	WP_197393654	train
WP_130206741	WP_197393654	train
WP_130215150	WP_197393654	train
WP_103774613	WP_197393654	train
WP_134241543	WP_197393654	train
WP_134258056	WP_197393654	train
WP_113416272	WP_197393654	train
WP_105270547	WP_197393654	train
WP_012908112	WP_197393654	train
WP_080088489	WP_197393654	train
WP_200011225	WP_197393654	train
WP_310827181	WP_197393654	train
WP_061706712	WP_197393654	train
WP_458660258	WP_197393654	train
WP_325933778	WP_197393654	train
WP_150870020	WP_197393654	train
WP_200557453	WP_197393654	train
WP_255996675	WP_197393654	train
WP_439237639	WP_197393654	train
WP_410135541	WP_197393654	train
WP_427879605	WP_197393654	train
WP_227465004	WP_197393654	train
WP_174580997	WP_197393654	train
WP_446498022	WP_197393654	train
WP_459641689	WP_197393654	train
WP_113316923	WP_197393654	train
WP_105466176	WP_197393654	train
WP_000280475	WP_197393654	train
WP_479996979	WP_197393654	train
WP_136746792	WP_197393654	train
WP_374040203	WP_197393654	train
WP_267205144	WP_197393654	train
WP_429872858	WP_197393654	train
WP_054496202	WP_197393654	train
WP_410405079	WP_197393654	train
WP_260819082	WP_197393654	train
WP_230353129	WP_197393654	train
WP_203359565	WP_197393654	train
WP_152082724	WP_197393654	train
WP_276850974	WP_197393654	train
WP_447840005	WP_197393654	train
WP_049839338	WP_197393654	train
WP_103675962	WP_197393654	train
WP_263086879	WP_197393654	train
WP_480074152	WP_197393654	train
WP_144274157	WP_197393654	train
WP_480149934	WP_197393654	train
WP_148379361	WP_197393654	train
WP_336506569	WP_197393654	train
WP_332094972	WP_197393654	train
WP_444511817	WP_197393654	train
WP_032738268	WP_197393654	train
WP_342323034	WP_197393654	train
WP_480127277	WP_197393654	train
WP_410122006	WP_197393654	train
WP_425496172	WP_197393654	train
WP_479898279	WP_197393654	train
WP_095725607	WP_197393654	train
WP_119121164	WP_197393654	train
WP_001721939	WP_197393654	train
WP_236492950	WP_197393654	train
WP_277386858	WP_197393654	train
WP_166498577	WP_197393654	train
WP_001662066	WP_197393654	train
WP_001697194	WP_197393654	train
WP_225381858	WP_197393654	train
WP_409224096	WP_197393654	train
WP_148485618	WP_197393654	train
WP_396004919	WP_197393654	train
WP_001709396	WP_197393654	train
WP_000280470	WP_197393654	train
WP_303075295	WP_197393654	train
WP_260861981	WP_197393654	train
WP_011915357	WP_197393654	train
WP_042323359	WP_197393654	train
WP_252686549	WP_197393654	train
WP_014068337	WP_197393654	train
WP_436354018	WP_197393654	train
WP_421559613	WP_197393654	train
WP_208283811	WP_197393654	train
WP_063863144	WP_197393654	train
WP_182919190	WP_197393654	train
WP_182273128	WP_197393654	train
WP_411545965	WP_197393654	train
WP_135716775	WP_197393654	train
WP_195770443	WP_197393654	train
WP_058336020	WP_197393654	train
WP_159147208	WP_197393654	train
WP_330984687	WP_197393654	train
WP_125285929	WP_197393654	train
WP_007680928	WP_197393654	train
WP_015742964	WP_197393654	train
WP_169757875	WP_197393654	train
WP_104769470	WP_197393654	train
WP_121856234	WP_197393654	train
WP_137530813	WP_197393654	train
WP_259425946	WP_197393654	train
WP_048206899	WP_197393654	train
WP_389367612	WP_197393654	train
WP_311814771	WP_197393654	train
WP_241375445	WP_197393654	train
WP_131501811	WP_197393654	train
WP_219900089	WP_197393654	train
WP_105273444	WP_197393654	train
WP_095764311	WP_197393654	train
WP_167585947	WP_197393654	train
WP_046077011	WP_197393654	train
WP_079987005	WP_197393654	train
WP_213134330	WP_197393654	train
WP_135323852	WP_197393654	train
WP_025757028	WP_197393654	train
WP_048228990	WP_197393654	train
WP_257713616	WP_197393654	train
WP_482452206	WP_197393654	train
WP_131634653	WP_197393654	train
WP_297203224	WP_197393654	train
WP_328735579	WP_197393654	train
WP_038161128	WP_197393654	train
WP_110225803	WP_197393654	train
WP_374026820	WP_197393654	train
WP_480095237	WP_197393654	train
WP_274899345	WP_197393654	train
WP_105644498	WP_197393654	train
WP_075197255	WP_197393654	train
WP_321218803	WP_197393654	train
WP_202763994	WP_197393654	train
WP_115203674	WP_197393654	train
WP_416509930	WP_197393654	train
WP_137586143	WP_197393654	train
WP_242925449	WP_197393654	train
WP_427815046	WP_197393654	train
WP_100013371	WP_197393654	train
WP_160536847	WP_197393654	train
WP_148485360	WP_197393654	train
WP_227906687	WP_197393654	train
WP_410242083	WP_197393654	train
WP_001713674	WP_197393654	train
WP_410966177	WP_197393654	train
WP_045400346	WP_197393654	train
WP_057518363	WP_197393654	train
WP_045907920	WP_197393654	train
WP_262784279	WP_197393654	train
WP_234674146	WP_197393654	train
WP_447552001	WP_197393654	train
WP_321475060	WP_197393654	train
WP_117043148	WP_197393654	train
WP_114266666	WP_197393654	train
WP_177341688	WP_197393654	train
WP_480098779	WP_197393654	train
WP_482520080	WP_197393654	train
WP_122051023	WP_197393654	train
WP_373890565	WP_197393654	train
WP_416502669	WP_197393654	train
WP_138360989	WP_197393654	train
WP_175569384	WP_197393654	train
WP_061276269	WP_197393654	train
WP_195775868	WP_197393654	train
WP_203448631	WP_197393654	train
WP_264821586	WP_197393654	train
WP_134804618	WP_197393654	train
WP_243052345	WP_197393654	train
WP_260838156	WP_197393654	train
WP_097474959	WP_197393654	train
WP_033548460	WP_197393654	train
WP_463083674	WP_197393654	train
WP_459584068	WP_197393654	train
WP_238025227	WP_197393654	train
WP_064526044	WP_197393654	train
WP_375093456	WP_197393654	train
WP_023211805	WP_197393654	train
WP_444880148	WP_197393654	train
WP_458664098	WP_197393654	train
WP_421631745	WP_197393654	train
WP_063859992	WP_197393654	train
WP_200539721	WP_197393654	train
WP_418133310	WP_197393654	train
WP_117052614	WP_197393654	train
WP_333937532	WP_197393654	train
WP_032718404	WP_197393654	train
WP_234580060	WP_197393654	train
WP_310665965	WP_197393654	train
WP_323267443	WP_197393654	train
WP_103820516	WP_197393654	train
WP_380209460	WP_197393654	train
WP_063147157	WP_197393654	train
WP_213716155	WP_197393654	train
WP_336477956	WP_197393654	train
WP_147718883	WP_197393654	train
WP_113383254	WP_197393654	train
WP_439191976	WP_197393654	train
WP_068858777	WP_197393654	train
WP_165410430	WP_197393654	train
WP_421518616	WP_197393654	train
WP_106878650	WP_197393654	train
WP_119169880	WP_197393654	train
WP_338913125	WP_197393654	train
WP_280712711	WP_197393654	train
WP_473256727	WP_197393654	train
WP_059340628	WP_197393654	train
WP_000280472	WP_197393654	train
WP_000280471	WP_197393654	train
WP_333950325	WP_197393654	train
WP_061075895	WP_197393654	train
WP_253319722	WP_197393654	train
WP_182063158	WP_197393654	train
WP_395678050	WP_197393654	train
WP_318049921	WP_197393654	train
WP_210217293	WP_197393654	train
WP_349949652	WP_197393654	train
WP_305226493	WP_197393654	train
WP_126476218	WP_197393654	train
WP_283147458	WP_197393654	train
WP_117026306	WP_197393654	train
WP_058911923	WP_197393654	train
WP_169723609	WP_197393654	train
WP_039299085	WP_197393654	train
WP_021547786	WP_197393654	train
WP_241220742	WP_197393654	train
WP_100032820	WP_197393654	train
WP_072663228	WP_197393654	train
WP_353526767	WP_197393654	train
WP_052988202	WP_197393654	train
WP_086555883	WP_197393654	train
WP_139508862	WP_197393654	train
WP_409226328	WP_197393654	train
WP_163481050	WP_197393654	train
WP_286519628	WP_197393654	train
WP_335095639	WP_197393654	train
WP_103778783	WP_197393654	train
WP_044182787	WP_197393654	train
WP_048223122	WP_197393654	train
WP_058675196	WP_197393654	train
WP_146411018	WP_197393654	train
WP_435948597	WP_197393654	train
WP_487158795	WP_197393654	train
WP_135727523	WP_197393654	train
WP_427172397	WP_197393654	train
WP_237372149	WP_197393654	train
WP_045853829	WP_197393654	train
WP_041143235	WP_197393654	train
WP_182235318	WP_197393654	train
WP_312690182	WP_197393654	train
WP_414848937	WP_197393654	train
WP_131412440	WP_197393654	train
WP_038858593	WP_197393654	train
WP_421503736	WP_197393654	train
WP_234743730	WP_197393654	train
WP_001739703	WP_197393654	train
WP_205866223	WP_197393654	train
WP_113282512	WP_197393654	train
WP_125272956	WP_197393654	train
WP_139504008	WP_197393654	train
WP_264864672	WP_197393654	train
WP_218795595	WP_197393654	train
WP_410204231	WP_197393654	train
WP_153983928	WP_197393654	train
WP_138013131	WP_197393654	train
WP_137360308	WP_197393654	train
WP_112011883	WP_197393654	train
WP_033486997	WP_197393654	train
WP_137382116	WP_197393654	train
WP_369118055	WP_197393654	train
WP_461644738	WP_197393654	train
WP_160540093	WP_197393654	train
WP_125305049	WP_197393654	train
WP_159300611	WP_197393654	train
WP_233994016	WP_197393654	train
WP_214455702	WP_197393654	train
WP_373857425	WP_197393654	train
WP_117138063	WP_197393654	train
WP_200551185	WP_197393654	train
WP_249880251	WP_197393654	train
WP_181484431	WP_197393654	train
WP_475699239	WP_197393654	train
WP_132729278	WP_197393654	train
WP_434649514	WP_197393654	train
WP_124025577	WP_124025577	train
WP_167614652	WP_124025577	train
WP_259268557	WP_124025577	train
WP_471683175	WP_124025577	train
WP_202305832	WP_124025577	train
WP_172896005	WP_124025577	train
WP_435951490	WP_124025577	train
WP_034499979	WP_124025577	train
WP_367595138	WP_124025577	train
WP_435928392	WP_124025577	train
WP_115631689	WP_124025577	train
WP_139881240	WP_124025577	train
WP_064561490	WP_124025577	train
WP_154154063	WP_124025577	train
WP_455426290	WP_124025577	train
WP_121814631	WP_124025577	train
WP_270141730	WP_124025577	train
WP_324117708	WP_124025577	train
WP_064541838	WP_124025577	train
WP_309876973	WP_124025577	train
WP_183272944	WP_124025577	train
WP_064514982	WP_124025577	train
WP_134187697	WP_124025577	train
WP_034461477	WP_124025577	train
WP_023653276	WP_023653276	train
WP_099289521	WP_023653276	train
WP_012666433	WP_023653276	train
WP_004154765	WP_023653276	train
WP_004167779	WP_023653276	train
WP_004163726	WP_023653276	train
WP_168394992	WP_023653276	train
WP_342911751	WP_023653276	train
WP_318791801	WP_023653276	train
WP_306209156	WP_023653276	train
WP_133846463	WP_023653276	train
WP_200643475	WP_023653276	train
WP_455820566	WP_023653276	train
WP_455814894	WP_023653276	train
WP_446186422	WP_023653276	train
WP_346578518	WP_023653276	train
WP_034888446	WP_023653276	train
WP_336203581	WP_023653276	train
WP_099754588	WP_023653276	train
WP_367168442	WP_023653276	train
WP_261642919	WP_023653276	train
WP_034940558	WP_023653276	train
WP_158782303	WP_023653276	train
WP_230050184	WP_023653276	train
WP_336804061	WP_023653276	train
WP_123337388	WP_023653276	train
WP_056233540	WP_023653276	train
WP_070134156	WP_023653276	train
WP_024966224	WP_023653276	train
WP_428944566	WP_023653276	train
WP_342908034	WP_023653276	train
WP_200547503	WP_023653276	train
WP_200562139	WP_023653276	train
WP_424691758	WP_023653276	train
WP_151038610	WP_023653276	train
WP_013200084	WP_023653276	train
WP_346596263	WP_023653276	train
WP_206404614	WP_023653276	train
WP_173635905	WP_023653276	train
WP_105594421	WP_023653276	train
WP_338511462	WP_023653276	train
WP_048914209	WP_023653276	train
WP_338492532	WP_023653276	train
WP_313854591	WP_023653276	train
WP_052902219	WP_023653276	train
WP_125290632	WP_023653276	train
WP_336144479	WP_023653276	train
WP_312042748	WP_023653276	train
WP_253456967	WP_023653276	train
WP_147200396	WP_023653276	train
WP_342754506	WP_023653276	train
WP_338559423	WP_023653276	train
WP_405262458	WP_023653276	train
WP_413652860	WP_023653276	train
WP_062746978	WP_023653276	train
WP_191935368	WP_023653276	train
WP_154754083	WP_023653276	train
WP_012439821	WP_023653276	train
WP_314425827	WP_023653276	train
WP_280629418	WP_280629418	train
WP_181995216	WP_280629418	train
WP_180816290	WP_280629418	train
WP_406940752	WP_280629418	train
WP_339053803	WP_280629418	train
WP_479373354	WP_280629418	train
WP_310511765	WP_280629418	train
WP_290606635	WP_280629418	train
WP_180560338	WP_280629418	train
WP_474450660	WP_280629418	train
WP_119711713	WP_280629418	train
WP_406936374	WP_280629418	train
WP_280938203	WP_280629418	train
WP_026822165	WP_280629418	train
WP_032116049	WP_280629418	train
WP_280550552	WP_280629418	train
WP_047875553	WP_047875553	train
WP_428447161	WP_047875553	train
WP_428475912	WP_047875553	train
WP_036821445	WP_047875553	train
WP_255040314	WP_047875553	train
WP_044622310	WP_047875553	train
WP_475237868	WP_047875553	train
WP_475252749	WP_047875553	train
WP_446511537	WP_047875553	train
WP_281026123	WP_047875553	train
WP_039457189	WP_047875553	train
WP_107349750	WP_047875553	train
WP_107298954	WP_047875553	train
WP_317524131	WP_047875553	train
WP_428654324	WP_047875553	train
WP_047877763	WP_047875553	train
WP_232567678	WP_232567678	train
WP_065195687	WP_232567678	train
WP_327768227	WP_232567678	train
WP_232598249	WP_232567678	train
WP_327773072	WP_232567678	train
WP_408900591	WP_232567678	train
WP_045035894	WP_232567678	train
WP_327775041	WP_232567678	train
WP_045031803	WP_232567678	train
WP_080174304	WP_232567678	train
WP_297480969	WP_232567678	train
WP_107189955	WP_232567678	train
WP_232615936	WP_232567678	train
WP_107286032	WP_232567678	train
WP_087845716	WP_232567678	train
WP_065169262	WP_232567678	train
WP_087854352	WP_232567678	train
WP_327763811	WP_232567678	train
WP_087821420	WP_232567678	train
WP_163923117	WP_232567678	train
WP_394166976	WP_232567678	train
WP_256383500	WP_232567678	train
WP_107239832	WP_232567678	train
WP_080159206	WP_232567678	train
WP_060997760	WP_232567678	train
WP_279146522	WP_232567678	train
WP_107228632	WP_232567678	train
WP_036789321	WP_232567678	train
WP_101768135	WP_232567678	train
WP_060993375	WP_060993375	train
WP_065594461	WP_060993375	train
WP_375321531	WP_060993375	train
WP_300173148	WP_060993375	train
WP_105056693	WP_060993375	train
WP_130045098	WP_060993375	train
WP_274419049	WP_060993375	train
WP_130047969	WP_060993375	train
WP_446709326	WP_060993375	train
WP_486306888	WP_060993375	train
WP_151654914	WP_060993375	train
WP_155649340	WP_060993375	train
WP_017019534	WP_060993375	train
WP_155675934	WP_060993375	train
WP_065594944	WP_060993375	train
WP_012532692	WP_060993375	train
WP_065624634	WP_060993375	train
WP_155689231	WP_060993375	train
WP_155660210	WP_060993375	train
WP_011260973	WP_060993375	train
WP_005416991	WP_060993375	train
WP_146863739	WP_060993375	train
WP_155664854	WP_060993375	train
WP_155656904	WP_060993375	train
WP_190395765	WP_060993375	train
WP_371967737	WP_060993375	train
WP_063656497	WP_060993375	train
WP_155679932	WP_060993375	train
WP_063669644	WP_060993375	train
WP_233942068	WP_060993375	train
WP_122033356	WP_060993375	train
WP_446702872	WP_060993375	train
WP_486318292	WP_060993375	train
WP_274443618	WP_060993375	train
WP_446713795	WP_060993375	train
WP_486305079	WP_060993375	train
WP_428199036	WP_060993375	train
WP_012549087	WP_060993375	train
WP_017022163	WP_060993375	train
WP_261873449	WP_261873449	test
WP_068902104	WP_068902104	test
WP_446834343	WP_446834343	test
WP_084255676	WP_446834343	test
WP_431050792	WP_446834343	test
WP_446231418	WP_446834343	test
WP_110448245	WP_110448245	train
WP_294909938	WP_110448245	train
WP_279084840	WP_110448245	train
WP_065578021	WP_110448245	train
WP_294892339	WP_110448245	train
WP_464320260	WP_110448245	train
WP_086363481	WP_110448245	train
WP_086320378	WP_110448245	train
WP_198192826	WP_110448245	train
WP_198215466	WP_110448245	train
WP_086354196	WP_110448245	train
WP_065614313	WP_110448245	train
WP_294884074	WP_110448245	train
WP_198199259	WP_110448245	train
WP_110453617	WP_110448245	train
WP_198221789	WP_110448245	train
WP_086362158	WP_110448245	train
WP_334324217	WP_334324217	train
WP_084390021	WP_334324217	train
WP_198236130	WP_334324217	train
WP_411639062	WP_334324217	train
WP_198226616	WP_334324217	train
WP_025315038	WP_334324217	train
WP_464321332	WP_334324217	train
WP_110454367	WP_334324217	train
WP_267340490	WP_334324217	train
WP_065602222	WP_334324217	train
WP_334326109	WP_334324217	train
WP_334320148	WP_334324217	train
WP_086271670	WP_334324217	train
WP_411627354	WP_334324217	train
WP_086336614	WP_334324217	train
WP_065737433	WP_334324217	train
WP_411634732	WP_334324217	train
WP_086326710	WP_334324217	train
WP_392560790	WP_392560790	test
WP_085286000	WP_085286000	train
WP_484016126	WP_484016126	val
WP_291611174	WP_484016126	val
WP_291618994	WP_484016126	val
WP_033080984	WP_484016126	val
WP_218311521	WP_218311521	val
WP_414829279	WP_218311521	val
WP_262993694	WP_218311521	val
WP_182192388	WP_182192388	test
WP_182137135	WP_182192388	test
WP_146877878	WP_182192388	test
WP_182233926	WP_182192388	test
WP_182236903	WP_182192388	test
WP_182196445	WP_182192388	test
WP_206594677	WP_206594677	train
WP_102797597	WP_206594677	train
WP_214343764	WP_206594677	train
WP_188691091	WP_206594677	train
WP_435688189	WP_435688189	test
WP_139754838	WP_139754838	train
WP_191026544	WP_139754838	train
WP_018984258	WP_139754838	train
WP_207612726	WP_207612726	test
WP_295351557	WP_295351557	train
WP_295362901	WP_295351557	train
WP_081826006	WP_295351557	train
WP_083425424	WP_295351557	train
WP_083396838	WP_295351557	train
WP_295001155	WP_295351557	train
WP_406018301	WP_295351557	train
WP_078927824	WP_295351557	train
WP_153719093	WP_153719093	test
WP_020682395	WP_020682395	train
WP_067386542	WP_020682395	train
WP_067297289	WP_020682395	train
WP_255853010	WP_020682395	train
WP_254581205	WP_020682395	train
WP_166218915	WP_166218915	train
WP_222231001	WP_166218915	train
WP_181254875	WP_166218915	train
WP_160151954	WP_166218915	train
WP_255875101	WP_166218915	train
WP_077407792	WP_166218915	train
WP_280318303	WP_166218915	train
WP_226703408	WP_166218915	train
WP_066960001	WP_166218915	train
WP_043319926	WP_166218915	train
WP_224868120	WP_166218915	train
WP_295802572	WP_166218915	train
WP_475119962	WP_166218915	train
WP_475091239	WP_166218915	train
WP_078082704	WP_166218915	train
WP_418297076	WP_166218915	train
WP_332035641	WP_166218915	train
WP_299593964	WP_166218915	train
WP_010132104	WP_166218915	train
WP_105102515	WP_166218915	train
WP_231759023	WP_166218915	train
WP_226664145	WP_166218915	train
WP_138234201	WP_166218915	train
WP_428819569	WP_166218915	train
WP_161856935	WP_166218915	train
WP_318952542	WP_166218915	train
WP_460804380	WP_166218915	train
WP_222248177	WP_166218915	train
WP_206998475	WP_166218915	train
WP_076714170	WP_076714170	train
WP_176976101	WP_176976101	val
WP_200158631	WP_176976101	val
WP_012972147	WP_176976101	val
WP_213379118	WP_176976101	val
WP_082674165	WP_082674165	train
WP_002209002	WP_002209002	train
WP_016676017	WP_002209002	train
WP_016603963	WP_002209002	train
WP_025382013	WP_002209002	train
WP_057534076	WP_002209002	train
WP_338383288	WP_002209002	train
WP_016595046	WP_002209002	train
WP_038400694	WP_002209002	train
WP_050141055	WP_002209002	train
WP_050101115	WP_002209002	train
WP_038834436	WP_002209002	train
WP_025380038	WP_002209002	train
WP_085903077	WP_002209002	train
WP_050920054	WP_002209002	train
WP_075338994	WP_002209002	train
WP_050944283	WP_002209002	train
WP_050096259	WP_002209002	train
WP_004875503	WP_002209002	train
WP_219643709	WP_002209002	train
WP_050928772	WP_002209002	train
WP_049602823	WP_002209002	train
WP_004704192	WP_002209002	train
WP_038637855	WP_002209002	train
WP_227728677	WP_002209002	train
WP_268215301	WP_002209002	train
WP_408572937	WP_002209002	train
WP_005273753	WP_002209002	train
WP_005165887	WP_002209002	train
WP_050153035	WP_002209002	train
WP_267248905	WP_002209002	train
WP_263699009	WP_002209002	train
WP_411853135	WP_002209002	train
WP_145931553	WP_002209002	train
WP_049562893	WP_002209002	train
WP_004392060	WP_002209002	train
WP_301213422	WP_002209002	train
WP_005176016	WP_002209002	train
WP_048618703	WP_002209002	train
WP_129195299	WP_002209002	train
WP_120010979	WP_002209002	train
WP_458853993	WP_002209002	train
WP_439308461	WP_002209002	train
WP_049614920	WP_002209002	train
WP_265320470	WP_002209002	train
WP_004721257	WP_002209002	train
WP_064514632	WP_002209002	train
WP_473244466	WP_002209002	train
WP_049601428	WP_002209002	train
WP_265319084	WP_002209002	train
WP_248578891	WP_002209002	train
WP_005191125	WP_002209002	train
WP_050132107	WP_002209002	train
WP_050300688	WP_002209002	train
WP_349961563	WP_002209002	train
WP_004710426	WP_002209002	train
WP_087818719	WP_002209002	train
WP_145493760	WP_002209002	train
WP_050114839	WP_002209002	train
WP_049608753	WP_002209002	train
WP_019213087	WP_002209002	train
WP_004714366	WP_002209002	train
WP_083161661	WP_002209002	train
WP_271311798	WP_002209002	train
WP_410440850	WP_410440850	train
WP_410447528	WP_410440850	train
WP_410425855	WP_410440850	train
WP_026743672	WP_410440850	train
WP_118894725	WP_410440850	train
WP_085652519	WP_410440850	train
WP_026740807	WP_410440850	train
WP_074729012	WP_410440850	train
WP_094100307	WP_410440850	train
WP_094107964	WP_410440850	train
WP_410433744	WP_410440850	train
WP_413484316	WP_413484316	train
WP_067425989	WP_413484316	train
WP_413495277	WP_413484316	train
WP_214211056	WP_413484316	train
WP_024473624	WP_413484316	train
WP_484547254	WP_413484316	train
WP_182095890	WP_413484316	train
WP_214234160	WP_413484316	train
WP_214270757	WP_413484316	train
WP_152713695	WP_413484316	train
WP_186727091	WP_413484316	train
WP_025151519	WP_413484316	train
WP_046891897	WP_413484316	train
WP_367144893	WP_413484316	train
WP_081119800	WP_413484316	train
WP_463844736	WP_413484316	train
WP_234598642	WP_413484316	train
WP_395033363	WP_413484316	train
WP_435000381	WP_413484316	train
WP_123569658	WP_413484316	train
WP_195432898	WP_413484316	train
WP_214233803	WP_413484316	train
WP_262859588	WP_413484316	train
WP_341261602	WP_413484316	train
WP_182105814	WP_413484316	train
WP_072871431	WP_413484316	train
WP_087696812	WP_413484316	train
WP_112549730	WP_413484316	train
WP_143970060	WP_413484316	train
WP_267785721	WP_413484316	train
WP_004236566	WP_413484316	train
WP_369442268	WP_413484316	train
WP_107679909	WP_413484316	train
WP_218454904	WP_413484316	train
WP_264998024	WP_413484316	train
WP_067368744	WP_413484316	train
WP_108649012	WP_108649012	val
WP_107242027	WP_107242027	train
WP_011217006	WP_107242027	train
WP_428434765	WP_107242027	train
WP_107254516	WP_107242027	train
WP_006233309	WP_107242027	train
WP_428470899	WP_107242027	train
WP_140474811	WP_140474811	train
WP_456924746	WP_140474811	train
WP_034794480	WP_140474811	train
WP_463739254	WP_140474811	train
WP_188474033	WP_140474811	train
WP_482019988	WP_140474811	train
WP_477987955	WP_140474811	train
WP_015699239	WP_140474811	train
WP_421595737	WP_140474811	train
WP_410151192	WP_140474811	train
WP_218523118	WP_140474811	train
WP_132967238	WP_140474811	train
WP_120509389	WP_140474811	train
WP_416119446	WP_140474811	train
WP_431296727	WP_140474811	train
WP_213051669	WP_140474811	train
WP_134706764	WP_140474811	train
WP_013577640	WP_140474811	train
WP_120133071	WP_140474811	train
WP_104923928	WP_140474811	train
WP_112165184	WP_140474811	train
WP_129955261	WP_140474811	train
WP_413531170	WP_140474811	train
WP_095924090	WP_140474811	train
WP_112289300	WP_140474811	train
WP_056777553	WP_140474811	train
WP_037035565	WP_140474811	train
WP_169405119	WP_140474811	train
WP_055773528	WP_140474811	train
WP_332733461	WP_140474811	train
WP_017493939	WP_140474811	train
WP_045049677	WP_140474811	train
WP_422793611	WP_140474811	train
WP_314154619	WP_140474811	train
WP_009638730	WP_140474811	train
WP_192504282	WP_140474811	train
WP_309367884	WP_140474811	train
WP_303558190	WP_303558190	test
WP_048898817	WP_303558190	test
WP_261857657	WP_303558190	test
WP_094957588	WP_303558190	test
WP_428462820	WP_303558190	test
WP_068330491	WP_303558190	test
WP_232765919	WP_232765919	train
WP_475323868	WP_475323868	val
WP_408615252	WP_408615252	train
WP_131911379	WP_408615252	train
WP_233538479	WP_233538479	val
WP_222524837	WP_233538479	val
WP_013343630	WP_233538479	val
WP_219177639	WP_233538479	val
WP_089072976	WP_089072976	test
WP_392566768	WP_392566768	train
WP_267353104	WP_267353104	train
WP_267331689	WP_267353104	train
WP_220225826	WP_267353104	train
WP_065563142	WP_267353104	train
WP_267362512	WP_267353104	train
WP_267357311	WP_267353104	train
WP_065733829	WP_267353104	train
WP_065589287	WP_065589287	val
WP_065608840	WP_065589287	val
WP_065625796	WP_065589287	val
WP_297225494	WP_065589287	val
WP_174799448	WP_065589287	val
WP_065575392	WP_065589287	val
WP_296302801	WP_065589287	val
WP_065561524	WP_065589287	val
WP_034912515	WP_065589287	val
WP_296317371	WP_065589287	val
WP_392563078	WP_392563078	train
WP_394193665	WP_394193665	train
WP_058560307	WP_394193665	train
WP_421961011	WP_394193665	train
WP_099296224	WP_394193665	train
WP_087531118	WP_394193665	train
WP_446888617	WP_394193665	train
WP_335679618	WP_394193665	train
WP_064667922	WP_394193665	train
WP_416158861	WP_394193665	train
WP_016709397	WP_394193665	train
WP_392344177	WP_394193665	train
WP_304180189	WP_394193665	train
WP_169020369	WP_394193665	train
WP_210796223	WP_394193665	train
WP_256828156	WP_394193665	train
WP_182718083	WP_394193665	train
WP_404687549	WP_394193665	train
WP_182797700	WP_394193665	train
WP_149980654	WP_394193665	train
WP_145237104	WP_394193665	train
WP_169328336	WP_394193665	train
WP_054206695	WP_394193665	train
WP_054455958	WP_394193665	train
WP_342884394	WP_394193665	train
WP_371354246	WP_371354246	train
WP_036973057	WP_371354246	train
WP_199524282	WP_371354246	train
WP_421966877	WP_371354246	train
WP_300360442	WP_371354246	train
WP_062567389	WP_371354246	train
WP_199529939	WP_371354246	train
WP_138616403	WP_371354246	train
WP_054563422	WP_371354246	train
WP_119853792	WP_371354246	train
WP_054554224	WP_371354246	train
WP_130049728	WP_371354246	train
WP_339981816	WP_371354246	train
WP_349561933	WP_371354246	train
WP_487192881	WP_371354246	train
WP_175081165	WP_371354246	train
WP_462179379	WP_371354246	train
WP_138601110	WP_371354246	train
WP_063699773	WP_371354246	train
WP_300419025	WP_371354246	train
WP_404342640	WP_371354246	train
WP_058583783	WP_371354246	train
WP_135926154	WP_371354246	train
WP_055021901	WP_371354246	train
WP_239420592	WP_239420592	train
WP_349198742	WP_239420592	train
WP_099030430	WP_239420592	train
WP_099642328	WP_239420592	train
WP_010374287	WP_239420592	train
WP_138582332	WP_239420592	train
WP_128727633	WP_239420592	train
WP_010605866	WP_239420592	train
WP_095728010	WP_239420592	train
WP_462153722	WP_239420592	train
WP_088531900	WP_239420592	train
WP_125253762	WP_239420592	train
WP_128730718	WP_239420592	train
WP_419147199	WP_239420592	train
WP_440054122	WP_239420592	train
WP_336567598	WP_239420592	train
WP_348617422	WP_348617422	val
WP_296048040	WP_296048040	train
WP_105934218	WP_296048040	train
WP_487120577	WP_296048040	train
WP_070175263	WP_296048040	train
WP_305443739	WP_305443739	val
WP_339891284	WP_305443739	val
WP_218418063	WP_305443739	val
WP_303458310	WP_305443739	val
WP_057794789	WP_305443739	val
WP_211069185	WP_305443739	val
WP_338455504	WP_305443739	val
WP_138118149	WP_305443739	val
WP_129735717	WP_305443739	val
WP_061996845	WP_305443739	val
WP_013786067	WP_305443739	val
WP_159527959	WP_305443739	val
WP_126872671	WP_305443739	val
WP_265618787	WP_265618787	test
WP_169210438	WP_265618787	test
WP_265608282	WP_265618787	test
WP_287009490	WP_287009490	test
WP_100970704	WP_287009490	test
WP_334030425	WP_287009490	test
WP_071978248	WP_287009490	test
WP_420934590	WP_287009490	test
WP_163106551	WP_287009490	test
WP_334064880	WP_287009490	test
WP_032094694	WP_287009490	test
WP_349377673	WP_287009490	test
WP_269518566	WP_287009490	test
WP_481556860	WP_481556860	val
WP_009142919	WP_481556860	val
WP_281757908	WP_481556860	val
WP_286035861	WP_481556860	val
WP_462510088	WP_481556860	val
WP_294564458	WP_481556860	val
WP_101497127	WP_101497127	val
WP_144114320	WP_144114320	val
WP_130504058	WP_144114320	val
WP_117319256	WP_117319256	train
WP_204431272	WP_204431272	train
WP_138773745	WP_204431272	train
WP_228232890	WP_204431272	train
WP_410306281	WP_204431272	train
WP_135445179	WP_135445179	train
WP_475075668	WP_475075668	train
WP_472363624	WP_472363624	test
WP_240905489	WP_240905489	val
WP_174889041	WP_174889041	test
WP_015873188	WP_174889041	test
WP_046493640	WP_174889041	test
WP_100103132	WP_174889041	test
WP_100096345	WP_174889041	test
WP_016857395	WP_174889041	test
WP_158380022	WP_174889041	test
WP_158367595	WP_174889041	test
WP_005302514	WP_005302514	test
WP_188012798	WP_005302514	test
WP_106338934	WP_005302514	test
WP_044173961	WP_005302514	test
WP_138976525	WP_005302514	test
WP_284647868	WP_005302514	test
WP_341508824	WP_005302514	test
WP_176284257	WP_005302514	test
WP_086367659	WP_005302514	test
WP_272469140	WP_005302514	test
WP_154139651	WP_005302514	test
WP_483580984	WP_005302514	test
WP_222545389	WP_222545389	train
WP_107851211	WP_107851211	train
WP_395535352	WP_107851211	train
WP_228211649	WP_107851211	train
WP_094278313	WP_107851211	train
WP_014291109	WP_107851211	train
WP_317074931	WP_107851211	train
WP_019934520	WP_107851211	train
WP_418139602	WP_107851211	train
WP_306761967	WP_107851211	train
WP_306079744	WP_107851211	train
WP_094200917	WP_107851211	train
WP_199609725	WP_199609725	train
WP_448547114	WP_448547114	train
WP_058031057	WP_058031057	test
WP_138568313	WP_058031057	test
WP_390448518	WP_058031057	test
WP_130254093	WP_058031057	test
WP_349285033	WP_058031057	test
WP_480361562	WP_058031057	test
WP_404391725	WP_058031057	test
WP_138560526	WP_058031057	test
WP_475162951	WP_058031057	test
WP_138478436	WP_058031057	test
WP_447131096	WP_447131096	train
WP_211993468	WP_211993468	val
WP_259052999	WP_211993468	val
WP_300000709	WP_211993468	val
WP_481083755	WP_481083755	val
WP_408619542	WP_408619542	test
WP_065587450	WP_065587450	val
WP_101344847	WP_101344847	val
WP_119859976	WP_119859976	train
WP_010364222	WP_119859976	train
WP_192505912	WP_119859976	train
WP_008139659	WP_008139659	train
WP_273049346	WP_008139659	train
WP_337150626	WP_008139659	train
WP_475440712	WP_008139659	train
WP_077536288	WP_008139659	train
WP_149604949	WP_008139659	train
WP_342865226	WP_008139659	train
WP_007378834	WP_008139659	train
WP_213611218	WP_008139659	train
WP_069438927	WP_008139659	train
WP_109875868	WP_008139659	train
WP_409424057	WP_008139659	train
WP_350645313	WP_008139659	train
WP_463240389	WP_008139659	train
WP_024601824	WP_008139659	train
WP_008464067	WP_008139659	train
WP_372859591	WP_008139659	train
WP_096038207	WP_008139659	train
WP_248530197	WP_008139659	train
WP_474701838	WP_008139659	train
WP_036980413	WP_008139659	train
WP_288989542	WP_008139659	train
WP_290157017	WP_008139659	train
WP_010392967	WP_008139659	train
WP_013466063	WP_008139659	train
WP_211019420	WP_008139659	train
WP_290192265	WP_008139659	train
WP_010558153	WP_008139659	train
WP_166378313	WP_008139659	train
WP_211001769	WP_008139659	train
WP_193226816	WP_008139659	train
WP_474688693	WP_008139659	train
WP_058405253	WP_008139659	train
WP_058548748	WP_008139659	train
WP_039488599	WP_008139659	train
WP_342878011	WP_008139659	train
WP_002958827	WP_008139659	train
WP_008130682	WP_008139659	train
WP_369622347	WP_008139659	train
WP_197209091	WP_008139659	train
WP_462674551	WP_008139659	train
WP_007580016	WP_008139659	train
WP_024600050	WP_008139659	train
WP_138527577	WP_008139659	train
WP_341594416	WP_008139659	train
WP_008165567	WP_008139659	train
WP_166420108	WP_008139659	train
WP_182716038	WP_008139659	train
WP_415637952	WP_008139659	train
WP_309167987	WP_008139659	train
WP_089348844	WP_008139659	train
WP_004588254	WP_008139659	train
WP_338367093	WP_008139659	train
WP_337849152	WP_008139659	train
WP_473841317	WP_008139659	train
WP_096740250	WP_008139659	train
WP_055020459	WP_008139659	train
WP_024611812	WP_008139659	train
WP_311369870	WP_311369870	val
WP_487134590	WP_487134590	train
WP_421133156	WP_487134590	train
WP_273326437	WP_273326437	val
WP_281710214	WP_273326437	val
WP_317383191	WP_273326437	val
WP_156870790	WP_156870790	train
WP_461430363	WP_156870790	train
WP_237059697	WP_237059697	test
WP_232940234	WP_237059697	test
WP_091513780	WP_237059697	test
WP_116300488	WP_116300488	test
WP_116368240	WP_116368240	train
WP_148063788	WP_116368240	train
WP_330924552	WP_330924552	train
WP_279243994	WP_279243994	val
WP_153499053	WP_153499053	train
WP_349382720	WP_153499053	train
WP_290502021	WP_153499053	train
WP_287962455	WP_153499053	train
WP_288367788	WP_153499053	train
WP_434536261	WP_153499053	train
WP_011587473	WP_153499053	train
WP_372653156	WP_153499053	train
WP_161318714	WP_153499053	train
WP_299127486	WP_153499053	train
WP_102790475	WP_153499053	train
WP_300521819	WP_153499053	train
WP_290511487	WP_153499053	train
WP_286829601	WP_153499053	train
WP_035461481	WP_153499053	train
WP_063519890	WP_153499053	train
WP_008928980	WP_153499053	train
WP_022985759	WP_153499053	train
WP_297768048	WP_153499053	train
WP_483908897	WP_153499053	train
WP_035249862	WP_153499053	train
WP_007151387	WP_153499053	train
WP_417217685	WP_153499053	train
WP_290499659	WP_153499053	train
WP_063525877	WP_153499053	train
WP_290496366	WP_153499053	train
WP_290536780	WP_153499053	train
WP_323772551	WP_153499053	train
WP_062814951	WP_153499053	train
WP_349384355	WP_153499053	train
WP_246973042	WP_153499053	train
WP_035232667	WP_153499053	train
WP_290523652	WP_153499053	train
WP_407347008	WP_407347008	train
WP_439101953	WP_407347008	train
WP_439106491	WP_407347008	train
WP_405273703	WP_407347008	train
WP_407328354	WP_407347008	train
WP_008293425	WP_407347008	train
WP_237261882	WP_237261882	train
WP_121266280	WP_121266280	train
WP_121575203	WP_121575203	train
WP_039498345	WP_121575203	train
WP_039493702	WP_121575203	train
WP_205569353	WP_121575203	train
WP_010281663	WP_121575203	train
WP_011091684	WP_121575203	train
WP_103157808	WP_121575203	train
WP_132457463	WP_121575203	train
WP_336857028	WP_121575203	train
WP_240584124	WP_121575203	train
WP_039532985	WP_121575203	train
WP_119871543	WP_121575203	train
WP_264497148	WP_121575203	train
WP_336826427	WP_121575203	train
WP_400442100	WP_121575203	train
WP_180780195	WP_121575203	train
WP_205547210	WP_121575203	train
WP_180784416	WP_121575203	train
WP_400375078	WP_121575203	train
WP_172290988	WP_121575203	train
WP_330521452	WP_121575203	train
WP_327615310	WP_121575203	train
WP_327618250	WP_121575203	train
WP_319605588	WP_121575203	train
WP_045083817	WP_045083817	train
WP_005371961	WP_045083817	train
WP_464691983	WP_045083817	train
WP_238029840	WP_045083817	train
WP_105061153	WP_045083817	train
WP_107207439	WP_045083817	train
WP_045063353	WP_045083817	train
WP_419209069	WP_045083817	train
WP_318483715	WP_045083817	train
WP_318521372	WP_045083817	train
WP_006647616	WP_045083817	train
WP_318401726	WP_045083817	train
WP_318481490	WP_045083817	train
WP_305464466	WP_045083817	train
WP_305840770	WP_045083817	train
WP_305373728	WP_045083817	train
WP_419239491	WP_045083817	train
WP_318478662	WP_045083817	train
WP_305837238	WP_045083817	train
WP_107234677	WP_045083817	train
WP_008988190	WP_045083817	train
WP_248008377	WP_248008377	train
WP_190331154	WP_190331154	val
WP_153447957	WP_190331154	val
WP_190338494	WP_190331154	val
WP_194090367	WP_190331154	val
WP_345317153	WP_345317153	val
WP_267351382	WP_267351382	test
WP_267361249	WP_267351382	test
WP_065559247	WP_267351382	test
WP_220216797	WP_267351382	test
WP_215981264	WP_215981264	test
WP_475659091	WP_475659091	test
WP_290580247	WP_290580247	test
WP_025264507	WP_025264507	val
WP_276678169	WP_025264507	val
WP_320819828	WP_025264507	val
WP_015485368	WP_025264507	val
WP_463292923	WP_025264507	val
WP_484386750	WP_025264507	val
WP_223425454	WP_223425454	train
WP_482450148	WP_482450148	val
WP_149096561	WP_149096561	val
WP_079809077	WP_149096561	val
WP_002442539	WP_002442539	val
WP_011412034	WP_011412034	val
WP_438809723	WP_011412034	val
WP_345994250	WP_011412034	val
WP_406703827	WP_011412034	val
WP_308822705	WP_011412034	val
WP_415211423	WP_011412034	val
WP_025424140	WP_011412034	val
WP_438806843	WP_011412034	val
WP_244267399	WP_011412034	val
WP_074013290	WP_011412034	val
WP_131866758	WP_011412034	val
WP_215669139	WP_011412034	val
WP_066749381	WP_066749381	test
WP_428195533	WP_428195533	val
WP_430521382	WP_428195533	val
WP_250610838	WP_250610838	val
WP_237363309	WP_250610838	val
WP_101111470	WP_101111470	val
WP_190336242	WP_101111470	val
WP_126606602	WP_101111470	val
WP_305397578	WP_101111470	val
WP_104400977	WP_101111470	val
WP_022596460	WP_101111470	val
WP_004405948	WP_101111470	val
WP_408747913	WP_408747913	test
WP_427262562	WP_408747913	test
WP_408795876	WP_408747913	test
WP_042000206	WP_408747913	test
WP_042041214	WP_408747913	test
WP_005897951	WP_408747913	test
WP_375056377	WP_375056377	test
WP_202088110	WP_375056377	test
WP_094040669	WP_375056377	test
WP_445395487	WP_375056377	test
WP_106729848	WP_375056377	test
WP_204796148	WP_375056377	test
WP_071472305	WP_375056377	test
WP_104488047	WP_375056377	test
WP_410455912	WP_375056377	test
WP_298721565	WP_375056377	test
WP_106453319	WP_375056377	test
WP_095506696	WP_095506696	val
WP_348391782	WP_348391782	train
WP_348387478	WP_348391782	train
WP_108602867	WP_108602867	train
WP_215931122	WP_215931122	train
WP_348350501	WP_215931122	train
WP_339719656	WP_215931122	train
WP_293746622	WP_215931122	train
WP_306042789	WP_306042789	test
WP_444929056	WP_306042789	test
WP_413393914	WP_306042789	test
WP_301415620	WP_306042789	test
WP_299943205	WP_306042789	test
WP_107864056	WP_107864056	val
WP_279252623	WP_279252623	val
WP_483180360	WP_483180360	train
WP_348320332	WP_483180360	train
WP_483457866	WP_483180360	train
WP_370210149	WP_483180360	train
WP_485167170	WP_483180360	train
WP_485162836	WP_483180360	train
WP_483450764	WP_483180360	train
WP_142947849	WP_483180360	train
WP_483447849	WP_483180360	train
WP_335628324	WP_483180360	train
WP_304995678	WP_304995678	test
WP_248850799	WP_248850799	test
WP_298633453	WP_298633453	train
WP_353613660	WP_353613660	train
WP_064596240	WP_353613660	train
WP_226573670	WP_353613660	train
WP_036115649	WP_353613660	train
WP_099706667	WP_099706667	val
WP_078004699	WP_099706667	val
WP_092879106	WP_099706667	val
WP_047254655	WP_047254655	test
WP_337260729	WP_047254655	test
WP_337271839	WP_047254655	test
WP_053907384	WP_047254655	test
WP_241542261	WP_047254655	test
WP_171753510	WP_171753510	val
WP_271696973	WP_171753510	val
WP_232801628	WP_232801628	train
WP_233051535	WP_232801628	train
WP_233072581	WP_232801628	train
WP_410196077	WP_232801628	train
WP_120352917	WP_120352917	val
WP_166916442	WP_166916442	test
WP_105200275	WP_105200275	val
WP_105214597	WP_105200275	val
WP_105187777	WP_105200275	val
WP_347392022	WP_105200275	val
WP_342678167	WP_105200275	val
WP_462159227	WP_105200275	val
WP_105253832	WP_105200275	val
WP_212547341	WP_105200275	val
WP_343823642	WP_343823642	val
WP_475492032	WP_343823642	val
WP_330997762	WP_343823642	val
WP_235313245	WP_235313245	test
WP_158965731	WP_158965731	val
WP_263081367	WP_263081367	train
WP_246948894	WP_246948894	val
WP_285762617	WP_285762617	test
WP_130410854	WP_130410854	train
WP_127695005	WP_127695005	test
WP_036511824	WP_036511824	train
WP_193494956	WP_036511824	train
WP_112160305	WP_036511824	train
WP_228487925	WP_228487925	train
WP_228384570	WP_228487925	train
WP_437612618	WP_437612618	train
WP_380184212	WP_437612618	train
WP_034918328	WP_437612618	train
WP_128175374	WP_437612618	train
WP_034943132	WP_437612618	train
WP_152321647	WP_437612618	train
WP_267142825	WP_437612618	train
WP_017801604	WP_437612618	train
WP_406701618	WP_406701618	test
WP_152429287	WP_152429287	train
WP_341659482	WP_152429287	train
WP_114785885	WP_152429287	train
WP_239172598	WP_152429287	train
WP_160931755	WP_152429287	train
WP_215987100	WP_152429287	train
WP_284194225	WP_152429287	train
WP_171359963	WP_152429287	train
WP_125319483	WP_152429287	train
WP_012728407	WP_012728407	val
WP_462709932	WP_012728407	val
WP_188027782	WP_012728407	val
WP_044838076	WP_044838076	val
WP_274051864	WP_044838076	val
WP_044834338	WP_044838076	val
WP_281559209	WP_044838076	val
WP_163935211	WP_163935211	test
WP_187754830	WP_187754830	val
WP_370633721	WP_187754830	val
WP_353537578	WP_353537578	val
WP_073324160	WP_073324160	val
WP_255053071	WP_073324160	val
WP_370239977	WP_073324160	val
WP_475073204	WP_073324160	val
WP_370167395	WP_073324160	val
WP_140958348	WP_073324160	val
WP_413364590	WP_073324160	val
WP_186507007	WP_186507007	test
WP_484181292	WP_484181292	test
WP_353350062	WP_353350062	test
WP_044411678	WP_044411678	val
WP_396587981	WP_396587981	test
WP_132976368	WP_132976368	train
WP_213993506	WP_213993506	test
WP_413727436	WP_213993506	test
WP_331121755	WP_213993506	test
WP_162367443	WP_213993506	test
WP_410012808	WP_213993506	test
WP_413736458	WP_213993506	test
WP_230492782	WP_213993506	test
WP_132924176	WP_213993506	test
WP_323479616	WP_213993506	test
WP_235061396	WP_235061396	train
WP_463893113	WP_463893113	val
WP_114337607	WP_114337607	test
WP_251262479	WP_251262479	val
WP_348394882	WP_348394882	val
WP_009840639	WP_009840639	train
WP_460312801	WP_460312801	val
WP_216049216	WP_460312801	val
WP_008845134	WP_460312801	val
WP_372547087	WP_460312801	val
WP_348493658	WP_460312801	val
WP_303473248	WP_460312801	val
WP_108568707	WP_108568707	val
WP_068999779	WP_068999779	test
WP_279409366	WP_279409366	val
WP_481642808	WP_481642808	train
WP_295882993	WP_295882993	train
WP_294946890	WP_294946890	test
WP_150436629	WP_150436629	train
WP_047683457	WP_047683457	train
WP_367960363	WP_047683457	train
WP_323864834	WP_047683457	train
WP_340620123	WP_047683457	train
WP_273576596	WP_047683457	train
WP_237385821	WP_047683457	train
WP_069317598	WP_047683457	train
WP_319927763	WP_047683457	train
WP_189759875	WP_047683457	train
WP_092550473	WP_047683457	train
WP_198688488	WP_047683457	train
WP_092520228	WP_047683457	train
WP_338804239	WP_047683457	train
WP_193849871	WP_047683457	train
WP_323853440	WP_047683457	train
WP_038189893	WP_047683457	train
WP_038250147	WP_047683457	train
WP_238097644	WP_047683457	train
WP_038194650	WP_047683457	train
WP_012986847	WP_047683457	train
WP_274725253	WP_047683457	train
WP_274714214	WP_047683457	train
WP_274712267	WP_047683457	train
WP_038255707	WP_047683457	train
WP_254850273	WP_047683457	train
WP_275385489	WP_047683457	train
WP_047963912	WP_047683457	train
WP_099112922	WP_047683457	train
WP_273555826	WP_047683457	train
WP_086113401	WP_047683457	train
WP_340618353	WP_047683457	train
WP_273547027	WP_047683457	train
WP_038259330	WP_047683457	train
WP_319928612	WP_047683457	train
WP_273551531	WP_047683457	train
WP_099135368	WP_047683457	train
WP_045957404	WP_047683457	train
WP_099142216	WP_047683457	train
WP_099131758	WP_047683457	train
WP_338884069	WP_047683457	train
WP_099109497	WP_047683457	train
WP_038241036	WP_047683457	train
WP_010848452	WP_047683457	train
WP_099117561	WP_047683457	train
WP_273583460	WP_047683457	train
WP_481088116	WP_047683457	train
WP_074020087	WP_047683457	train
WP_074023244	WP_047683457	train
WP_323857448	WP_047683457	train
WP_374052248	WP_047683457	train
WP_047766438	WP_047683457	train
WP_285809100	WP_047683457	train
WP_045973137	WP_047683457	train
WP_086109751	WP_047683457	train
WP_323871884	WP_047683457	train
WP_086954697	WP_047683457	train
WP_426578174	WP_047683457	train
WP_092509638	WP_047683457	train
WP_290325268	WP_290325268	test
WP_102523443	WP_290325268	test
WP_473167444	WP_473167444	val
WP_119499764	WP_119499764	test
WP_474849004	WP_119499764	test
WP_474823701	WP_119499764	test
WP_349583278	WP_119499764	test
WP_070125888	WP_119499764	test
WP_303573532	WP_119499764	test
WP_474843692	WP_119499764	test
WP_196897889	WP_196897889	train
WP_044055503	WP_196897889	train
WP_163084034	WP_196897889	train
WP_299265116	WP_299265116	test
WP_105051639	WP_299265116	test
WP_246913031	WP_246913031	train
WP_210397236	WP_210397236	train
WP_379909338	WP_379909338	train
WP_323681963	WP_323681963	val
WP_044615342	WP_044615342	test
WP_428243953	WP_044615342	test
WP_321325605	WP_321325605	train
WP_040727302	WP_321325605	train
WP_293383394	WP_293383394	test
WP_200241537	WP_200241537	test
WP_462329699	WP_200241537	test
WP_296896867	WP_200241537	test
WP_295540881	WP_200241537	test
WP_208123046	WP_208123046	val
WP_208119217	WP_208123046	val
WP_208120810	WP_208123046	val
WP_121145449	WP_121145449	test
WP_143585685	WP_143585685	test
WP_048690191	WP_048690191	val
WP_262792550	WP_262792550	test
WP_137168614	WP_137168614	val
WP_109676173	WP_109676173	train
WP_460589891	WP_460589891	test
WP_279249886	WP_279249886	train
WP_379071538	WP_379071538	test
WP_340675914	WP_379071538	test
WP_155449879	WP_155449879	train
WP_200372955	WP_200372955	test
WP_000280459	WP_000280459	train
WP_222024371	WP_000280459	train
WP_112402177	WP_000280459	train
WP_096040603	WP_000280459	train
WP_000280490	WP_000280459	train
WP_089628706	WP_000280459	train
WP_133265548	WP_000280459	train
WP_257765528	WP_000280459	train
WP_225387737	WP_000280459	train
WP_061301374	WP_000280459	train
WP_112044746	WP_000280459	train
WP_061327024	WP_000280459	train
WP_032227272	WP_000280459	train
WP_271243395	WP_000280459	train
WP_197939709	WP_000280459	train
WP_105458627	WP_000280459	train
WP_000280489	WP_000280459	train
WP_416837819	WP_000280459	train
WP_086218332	WP_000280459	train
WP_249987776	WP_000280459	train
WP_137586839	WP_000280459	train
WP_137433926	WP_000280459	train
WP_438385461	WP_000280459	train
WP_226126010	WP_000280459	train
WP_137584411	WP_000280459	train
WP_072770494	WP_000280459	train
WP_277109161	WP_000280459	train
WP_191667298	WP_000280459	train
WP_064193734	WP_000280459	train
WP_464364429	WP_000280459	train
WP_167789956	WP_000280459	train
WP_367172567	WP_000280459	train
WP_128881450	WP_000280459	train
WP_094392419	WP_000280459	train
WP_088144486	WP_000280459	train
WP_072674754	WP_000280459	train
WP_001428456	WP_000280459	train
WP_337456831	WP_000280459	train
WP_353522474	WP_000280459	train
WP_000280486	WP_000280459	train
WP_277384185	WP_000280459	train
WP_053885498	WP_000280459	train
WP_262239652	WP_000280459	train
WP_247117812	WP_000280459	train
WP_103721763	WP_000280459	train
WP_119172082	WP_000280459	train
WP_261633579	WP_000280459	train
WP_047643659	WP_000280459	train
WP_180491055	WP_000280459	train
WP_180431570	WP_000280459	train
WP_247178771	WP_000280459	train
WP_097726577	WP_000280459	train
WP_271095375	WP_000280459	train
WP_000280492	WP_000280459	train
WP_194152475	WP_000280459	train
WP_236929414	WP_000280459	train
WP_348833361	WP_000280459	train
WP_121844085	WP_000280459	train
WP_047090092	WP_000280459	train
WP_042100194	WP_000280459	train
WP_409023682	WP_000280459	train
WP_447230521	WP_000280459	train
WP_315650858	WP_000280459	train
WP_170901466	WP_000280459	train
WP_112024811	WP_000280459	train
WP_096132402	WP_000280459	train
WP_053886909	WP_000280459	train
WP_096851568	WP_000280459	train
WP_241552918	WP_000280459	train
WP_337051798	WP_000280459	train
WP_175083805	WP_000280459	train
WP_040061793	WP_000280459	train
WP_284345498	WP_000280459	train
WP_228569542	WP_000280459	train
WP_410239770	WP_000280459	train
WP_001608053	WP_000280459	train
WP_000280487	WP_000280459	train
WP_097302177	WP_000280459	train
WP_347032658	WP_000280459	train
WP_241087792	WP_000280459	train
WP_000280476	WP_000280459	train
WP_123349673	WP_000280459	train
WP_135487016	WP_000280459	train
WP_180464626	WP_000280459	train
WP_166432022	WP_000280459	train
WP_238712343	WP_238712343	train
WP_112156463	WP_112156463	train
WP_242901534	WP_112156463	train
WP_274914989	WP_112156463	train
WP_341964682	WP_112156463	train
WP_105427966	WP_112156463	train
WP_114447016	WP_112156463	train
WP_040173301	WP_112156463	train
WP_408883869	WP_112156463	train
WP_335894325	WP_112156463	train
WP_213221148	WP_112156463	train
WP_182422523	WP_112156463	train
WP_410136745	WP_112156463	train
WP_134392586	WP_112156463	train
WP_480129069	WP_112156463	train
WP_124036851	WP_112156463	train
WP_110915791	WP_112156463	train
WP_253610621	WP_112156463	train
WP_472973446	WP_112156463	train
WP_205159746	WP_205159746	train
WP_084885491	WP_205159746	train
WP_303450180	WP_303450180	val
WP_311581820	WP_303450180	val
WP_169076467	WP_169076467	val
WP_142942452	WP_142942452	test
WP_484189852	WP_484189852	val
WP_418260130	WP_418260130	val
WP_369957537	WP_369957537	test
WP_051415226	WP_369957537	test
WP_412778538	WP_369957537	test
WP_411910391	WP_369957537	test
WP_460186400	WP_460186400	train
WP_150093261	WP_150093261	train
WP_105074645	WP_105074645	train
WP_479885690	WP_105074645	train
WP_069588984	WP_069588984	val
WP_077455032	WP_069588984	val
WP_077479791	WP_069588984	val
WP_269597858	WP_069588984	val
WP_460883792	WP_460883792	test
WP_463946310	WP_460883792	test
WP_261816221	WP_261816221	train
WP_136864699	WP_136864699	test
WP_136734871	WP_136734871	val
WP_144035283	WP_136734871	val
WP_138319567	WP_136734871	val
WP_394176223	WP_136734871	val
WP_189772397	WP_189772397	train
WP_109340848	WP_109340848	train
WP_411270916	WP_411270916	val
WP_017443866	WP_017443866	val
WP_196140058	WP_196140058	val
WP_346838193	WP_346838193	val
WP_193163221	WP_346838193	val
WP_250461686	WP_346838193	val
WP_265720444	WP_346838193	val
WP_159556235	WP_159556235	val
WP_008734291	WP_159556235	val
WP_229147792	WP_229147792	test
WP_127471650	WP_127471650	train
WP_052347879	WP_052347879	val
WP_185978251	WP_185978251	train
WP_039907077	WP_039907077	val
WP_339058354	WP_039907077	val
WP_176488296	WP_039907077	val
WP_377151140	WP_377151140	test
WP_409421609	WP_409421609	val
WP_345009858	WP_409421609	val
WP_457914359	WP_457914359	test
WP_116474798	WP_116474798	test
WP_344958434	WP_116474798	test
WP_090367014	WP_090367014	test
WP_028112585	WP_090367014	test
WP_441879228	WP_441879228	val
WP_208005781	WP_441879228	val
WP_124028923	WP_124028923	val
WP_111978227	WP_111978227	test
WP_275795059	WP_275795059	test
WP_371187252	WP_371187252	test
WP_131257606	WP_131257606	train
WP_100643469	WP_100643469	test
WP_100657653	WP_100643469	test
WP_406030489	WP_406030489	val
WP_219937186	WP_406030489	val
WP_406020525	WP_406030489	val
WP_084198143	WP_084198143	train
WP_066056867	WP_084198143	train
WP_138988042	WP_138988042	test
WP_189477796	WP_189477796	val
WP_232334920	WP_232334920	test
WP_460102293	WP_460102293	test
WP_460049073	WP_460102293	test
WP_200386318	WP_200386318	val
WP_366949874	WP_366949874	val
WP_099125371	WP_099125371	val
WP_228859545	WP_099125371	val
WP_099120334	WP_099125371	val
WP_446470268	WP_099125371	val
WP_340610079	WP_099125371	val
WP_445495899	WP_445495899	train
WP_046974764	WP_445495899	train
WP_113025701	WP_445495899	train
WP_162107547	WP_445495899	train
WP_350385885	WP_445495899	train
WP_271866041	WP_445495899	train
WP_262978031	WP_445495899	train
WP_112878900	WP_445495899	train
WP_011144671	WP_445495899	train
WP_036846176	WP_445495899	train
WP_113041171	WP_445495899	train
WP_152963293	WP_445495899	train
WP_118985222	WP_445495899	train
WP_225816854	WP_445495899	train
WP_110086257	WP_445495899	train
WP_214089055	WP_445495899	train
WP_065821953	WP_445495899	train
WP_214052193	WP_445495899	train
WP_065392333	WP_445495899	train
WP_046395303	WP_445495899	train
WP_228999913	WP_445495899	train
WP_391528332	WP_445495899	train
WP_036778387	WP_445495899	train
WP_036813825	WP_445495899	train
WP_021326363	WP_445495899	train
WP_166308996	WP_445495899	train
WP_172908771	WP_445495899	train
WP_133814444	WP_445495899	train
WP_012776403	WP_445495899	train
WP_036768291	WP_445495899	train
WP_434526678	WP_445495899	train
WP_054480504	WP_445495899	train
WP_132346376	WP_445495899	train
WP_049584042	WP_445495899	train
WP_265512972	WP_445495899	train
WP_088374939	WP_445495899	train
WP_274872496	WP_274872496	train
WP_061799632	WP_274872496	train
WP_447260940	WP_274872496	train
WP_459375773	WP_274872496	train
WP_048326716	WP_274872496	train
WP_337055771	WP_274872496	train
WP_197808110	WP_274872496	train
WP_015379445	WP_274872496	train
WP_019452189	WP_274872496	train
WP_148874298	WP_274872496	train
WP_004931224	WP_274872496	train
WP_442992341	WP_274872496	train
WP_241440274	WP_274872496	train
WP_149560070	WP_274872496	train
WP_421130946	WP_274872496	train
WP_099802935	WP_274872496	train
WP_435968750	WP_274872496	train
WP_213977896	WP_274872496	train
WP_239044058	WP_274872496	train
WP_126206041	WP_274872496	train
WP_197800513	WP_274872496	train
WP_336948653	WP_274872496	train
WP_208061023	WP_274872496	train
WP_118892623	WP_274872496	train
WP_440506023	WP_274872496	train
WP_283225694	WP_274872496	train
WP_130054974	WP_274872496	train
WP_438807669	WP_274872496	train
WP_072626437	WP_274872496	train
WP_345336136	WP_345336136	train
WP_484620305	WP_345336136	train
WP_065556725	WP_065556725	val
WP_065564631	WP_065556725	val
WP_039106478	WP_039106478	val
WP_372762526	WP_372762526	test
WP_011329430	WP_372762526	test
WP_086996267	WP_372762526	test
WP_182679196	WP_372762526	test
WP_179808272	WP_372762526	test
WP_058374318	WP_372762526	test
WP_286264081	WP_286264081	test
WP_463637268	WP_463637268	val
WP_289363113	WP_289363113	train
WP_367959462	WP_367959462	val
WP_093308558	WP_093308558	train
WP_279420423	WP_279420423	train
WP_373018408	WP_279420423	train
WP_200346548	WP_200346548	val
WP_440870586	WP_440870586	val
WP_093317355	WP_093317355	train
WP_086938419	WP_086938419	val
WP_055733438	WP_055733438	test
WP_427983285	WP_055733438	test
WP_028109327	WP_028109327	test
WP_417349770	WP_028109327	test
WP_286341081	WP_028109327	test
WP_220103858	WP_220103858	test
WP_076417483	WP_076417483	test
WP_473609189	WP_076417483	test
WP_077339849	WP_076417483	test
WP_440877149	WP_440877149	train
WP_033077329	WP_033077329	test
WP_114327734	WP_114327734	val
WP_232359060	WP_232359060	train
WP_246221685	WP_246221685	train
WP_289225184	WP_289225184	train
WP_135484442	WP_135484442	val
WP_408625085	WP_408625085	test
WP_239440508	WP_239440508	test
WP_284299016	WP_284299016	train
WP_193022579	WP_284299016	train
WP_284206041	WP_284299016	train
WP_414699245	WP_414699245	train
WP_273641764	WP_273641764	test
WP_115593138	WP_115593138	train
WP_299075050	WP_299075050	val
WP_203105439	WP_203105439	val
WP_194864429	WP_203105439	val
WP_194298194	WP_203105439	val
WP_483059198	WP_203105439	val
WP_163494882	WP_163494882	test
WP_135280644	WP_135280644	test
WP_029933563	WP_029933563	test
WP_296832876	WP_029933563	test
WP_331864552	WP_029933563	test
WP_084188153	WP_084188153	val
WP_109320180	WP_109320180	test
WP_100801343	WP_109320180	test
WP_275135321	WP_275135321	test
WP_195704871	WP_275135321	test
WP_272132314	WP_275135321	test
WP_390237039	WP_275135321	test
WP_448565762	WP_448565762	test
WP_091986639	WP_091986639	test
WP_042150511	WP_091986639	test
WP_216040326	WP_091986639	test
WP_095366045	WP_091986639	test
WP_189405803	WP_189405803	train
WP_416306594	WP_416306594	train
WP_438863248	WP_416306594	train
WP_101894171	WP_101894171	train
WP_290588096	WP_101894171	train
WP_089034006	WP_089034006	test
WP_206560685	WP_206560685	train
WP_006459696	WP_006459696	train
WP_271121694	WP_271121694	test
WP_115458090	WP_115458090	train
WP_316454905	WP_115458090	train
WP_061553113	WP_115458090	train
WP_025797268	WP_115458090	train
WP_130986221	WP_115458090	train
WP_004094074	WP_115458090	train
WP_483097675	WP_115458090	train
WP_046457304	WP_115458090	train
WP_261835687	WP_261835687	train
WP_119909731	WP_119909731	train
WP_442021132	WP_442021132	train
WP_101213620	WP_101213620	val
WP_209113014	WP_209113014	test
WP_099034803	WP_099034803	train
WP_062475638	WP_099034803	train
WP_088329668	WP_099034803	train
WP_343858908	WP_343858908	val
WP_216056343	WP_216056343	train
WP_075607563	WP_075607563	train
WP_293757288	WP_293757288	val
WP_005000550	WP_005000550	test
WP_105192485	WP_105192485	train
WP_367605857	WP_367605857	train
WP_068857808	WP_068857808	train
WP_484231805	WP_068857808	train
WP_022955264	WP_022955264	test
WP_410758898	WP_410758898	test
WP_201244105	WP_410758898	test
WP_152832304	WP_152832304	train
WP_484130594	WP_152832304	train
WP_029911728	WP_152832304	train
WP_024852101	WP_152832304	train
WP_435213275	WP_435213275	val
WP_435218458	WP_435213275	val
WP_129317639	WP_129317639	train
WP_248053695	WP_129317639	train
WP_248231981	WP_129317639	train
WP_447223706	WP_129317639	train
WP_439199814	WP_129317639	train
WP_316459554	WP_129317639	train
WP_458288627	WP_129317639	train
WP_058655576	WP_129317639	train
WP_087529179	WP_129317639	train
WP_008502673	WP_129317639	train
WP_159159335	WP_129317639	train
WP_196372963	WP_129317639	train
WP_476700445	WP_129317639	train
WP_410997060	WP_129317639	train
WP_045630233	WP_129317639	train
WP_333498033	WP_129317639	train
WP_430749283	WP_129317639	train
WP_065357229	WP_129317639	train
WP_128310272	WP_129317639	train
WP_014881976	WP_129317639	train
WP_481242157	WP_129317639	train
WP_234105220	WP_129317639	train
WP_262155404	WP_129317639	train
WP_087449739	WP_129317639	train
WP_219284387	WP_129317639	train
WP_151412660	WP_129317639	train
WP_035895850	WP_129317639	train
WP_479983852	WP_129317639	train
WP_241820282	WP_129317639	train
WP_336662989	WP_129317639	train
WP_064540943	WP_129317639	train
WP_416871644	WP_129317639	train
WP_032644393	WP_129317639	train
WP_013094882	WP_129317639	train
WP_176260982	WP_129317639	train
WP_348555363	WP_129317639	train
WP_133293505	WP_129317639	train
WP_262819876	WP_129317639	train
WP_222567374	WP_129317639	train
WP_421142039	WP_129317639	train
WP_106924946	WP_129317639	train
WP_424634553	WP_129317639	train
WP_069597726	WP_129317639	train
WP_455507576	WP_129317639	train
WP_342821902	WP_129317639	train
WP_185667495	WP_129317639	train
WP_252462918	WP_129317639	train
WP_041911674	WP_129317639	train
WP_028015011	WP_129317639	train
WP_257286725	WP_129317639	train
WP_333495432	WP_129317639	train
WP_288765333	WP_129317639	train
WP_111964293	WP_129317639	train
WP_129327151	WP_129317639	train
WP_368528724	WP_129317639	train
WP_094915731	WP_129317639	train
WP_288449912	WP_129317639	train
WP_072550467	WP_072550467	val
WP_119797684	WP_072550467	val
WP_111738771	WP_111738771	val
WP_027273748	WP_111738771	val
WP_239183348	WP_239183348	test
WP_095499414	WP_095499414	train
WP_294832952	WP_294832952	test
WP_294951813	WP_294832952	test
WP_267328989	WP_294832952	test
WP_220217707	WP_294832952	test
WP_261593184	WP_261593184	val
WP_462764812	WP_261593184	val
WP_152087170	WP_261593184	val
WP_070991080	WP_261593184	val
WP_070986282	WP_261593184	val
WP_171627709	WP_261593184	val
WP_190365457	WP_261593184	val
WP_476292992	WP_261593184	val
WP_086744677	WP_086744677	val
WP_272181633	WP_272181633	test
WP_215962480	WP_272181633	test
WP_133468046	WP_133468046	train
WP_348359002	WP_133468046	train
WP_348109944	WP_133468046	train
WP_348146610	WP_133468046	train
WP_348172031	WP_133468046	train
WP_348379555	WP_133468046	train
WP_018718677	WP_018718677	test
WP_237067896	WP_237067896	train
WP_345549840	WP_237067896	train
WP_067083867	WP_237067896	train
WP_069948701	WP_237067896	train
WP_304844800	WP_304844800	test
WP_117956309	WP_117956309	val
WP_133210431	WP_117956309	val
WP_173481729	WP_173481729	val
WP_173494631	WP_173481729	val
WP_149611615	WP_149611615	val
WP_029408563	WP_029408563	train
WP_068581242	WP_068581242	train
WP_013834609	WP_013834609	test
WP_159567199	WP_159567199	test
WP_029093749	WP_159567199	test
WP_108901042	WP_159567199	test
WP_130590015	WP_159567199	test
WP_230609686	WP_159567199	test
WP_140920494	WP_159567199	test
WP_047782431	WP_159567199	test
WP_074823943	WP_159567199	test
WP_265697559	WP_265697559	test
WP_160652573	WP_265697559	test
WP_239409893	WP_265697559	test
WP_075763036	WP_265697559	test
WP_128785079	WP_265697559	test
WP_428466168	WP_265697559	test
WP_428456580	WP_265697559	test
WP_237464122	WP_237464122	train
WP_303513221	WP_303513221	test
WP_152785143	WP_303513221	test
WP_016400214	WP_303513221	test
WP_406609949	WP_303513221	test
WP_220719740	WP_303513221	test
WP_221075375	WP_303513221	test
WP_163134258	WP_303513221	test
WP_329776833	WP_303513221	test
WP_137673492	WP_303513221	test
WP_319782714	WP_319782714	val
WP_110434043	WP_110434043	val
WP_110423831	WP_110434043	val
WP_065606852	WP_065606852	val
WP_411588532	WP_065606852	val
WP_058796412	WP_058796412	train
WP_010383500	WP_058796412	train
WP_237136983	WP_058796412	train
WP_046356843	WP_058796412	train
WP_063377183	WP_058796412	train
WP_063361049	WP_058796412	train
WP_063364533	WP_058796412	train
WP_484584690	WP_058796412	train
WP_023399755	WP_058796412	train
WP_235405784	WP_058796412	train
WP_063366780	WP_058796412	train
WP_211011187	WP_058796412	train
WP_063374673	WP_058796412	train
WP_065791145	WP_058796412	train
WP_063356680	WP_058796412	train
WP_039611919	WP_058796412	train
WP_046006225	WP_058796412	train
WP_253046835	WP_058796412	train
WP_138550672	WP_058796412	train
WP_235412407	WP_058796412	train
WP_054014720	WP_058796412	train
WP_138545374	WP_058796412	train
WP_441835065	WP_441835065	test
WP_441993244	WP_441835065	test
WP_158768415	WP_158768415	test
WP_166422003	WP_158768415	test
WP_208831327	WP_208831327	val
WP_159628549	WP_159628549	train
WP_423849276	WP_423849276	train
WP_009577093	WP_423849276	train
WP_438985063	WP_423849276	train
WP_019557509	WP_019557509	train
WP_153240783	WP_153240783	val
WP_486045009	WP_486045009	val
WP_310679882	WP_310679882	test
WP_019895261	WP_310679882	test
WP_200154561	WP_200154561	train
WP_255389129	WP_255389129	train
WP_337734977	WP_255389129	train
WP_261601470	WP_255389129	train
WP_087023350	WP_087023350	train
WP_277825194	WP_277825194	test
WP_375752195	WP_277825194	test
WP_275130775	WP_277825194	test
WP_487093732	WP_487093732	train
WP_487054235	WP_487093732	train
WP_115998596	WP_115998596	test
WP_116006301	WP_115998596	test
WP_473021518	WP_473021518	val
WP_229531020	WP_473021518	val
WP_475229567	WP_473021518	val
WP_268074433	WP_268074433	val
WP_297817875	WP_297817875	val
WP_007637917	WP_297817875	val
WP_101198922	WP_297817875	val
WP_345197799	WP_345197799	test
WP_487152635	WP_345197799	test
WP_211827426	WP_345197799	test
WP_230437043	WP_230437043	train
WP_288131939	WP_230437043	train
WP_101520160	WP_101520160	val
WP_153974129	WP_153974129	test
WP_127956526	WP_127956526	test
WP_007469462	WP_007469462	train
WP_299017173	WP_007469462	train
WP_456051583	WP_456051583	train
WP_316677111	WP_316677111	train
WP_320151640	WP_316677111	train
WP_144188714	WP_144188714	test
WP_086358725	WP_144188714	test
WP_065572416	WP_065572416	train
WP_065581439	WP_065572416	train
WP_065580705	WP_065572416	train
WP_065567935	WP_065572416	train
WP_174198909	WP_174198909	train
WP_448212471	WP_448212471	val
WP_034943285	WP_034943285	train
WP_065568893	WP_034943285	train
WP_143834184	WP_143834184	test
WP_031578712	WP_031578712	test
WP_296609521	WP_031578712	test
WP_294494266	WP_031578712	test
WP_405348977	WP_031578712	test
WP_427397836	WP_427397836	train
WP_304703553	WP_304703553	train
WP_350146626	WP_304703553	train
WP_462293922	WP_304703553	train
WP_107283519	WP_107283519	test
WP_318925379	WP_107283519	test
WP_428440610	WP_107283519	test
WP_086964219	WP_086964219	val
WP_024496059	WP_024496059	val
WP_184422329	WP_184422329	val
WP_426359139	WP_426359139	val
WP_304367371	WP_426359139	val
WP_118959736	WP_118959736	train
WP_140604691	WP_118959736	train
WP_130602450	WP_118959736	train
WP_143871085	WP_143871085	val
WP_350401398	WP_143871085	val
WP_487075687	WP_487075687	train
WP_007625031	WP_007625031	train
WP_254856349	WP_254856349	test
WP_435102980	WP_435102980	val
WP_475086871	WP_475086871	val
WP_308364739	WP_308364739	val
WP_308375581	WP_308364739	val
WP_438630746	WP_308364739	val
WP_475110471	WP_308364739	val
WP_073273894	WP_308364739	val
WP_183460207	WP_308364739	val
WP_193190723	WP_308364739	val
WP_067156912	WP_308364739	val
WP_323846210	WP_308364739	val
WP_091387899	WP_308364739	val
WP_222519444	WP_222519444	val
WP_016352697	WP_222519444	val
WP_054340445	WP_054340445	val
WP_446734094	WP_446734094	train
WP_283788669	WP_446734094	train
WP_135796741	WP_135796741	val
WP_278163554	WP_135796741	val
WP_437889383	WP_437889383	train
WP_199015981	WP_199015981	test
WP_395755483	WP_395755483	train
WP_370546238	WP_395755483	train
WP_024522803	WP_395755483	train
WP_015869516	WP_395755483	train
WP_081167141	WP_395755483	train
WP_109728607	WP_395755483	train
WP_077999300	WP_395755483	train
WP_005291033	WP_395755483	train
WP_392421071	WP_395755483	train
WP_205439088	WP_395755483	train
WP_226088193	WP_395755483	train
WP_226088624	WP_395755483	train
WP_049640247	WP_395755483	train
WP_012846912	WP_395755483	train
WP_076577451	WP_076577451	test
WP_345339440	WP_345339440	test
WP_065619470	WP_065619470	val
WP_159822195	WP_159822195	test
WP_215971759	WP_159822195	test
WP_135438400	WP_135438400	val
WP_169128831	WP_135438400	val
WP_210561076	WP_210561076	test
WP_472674291	WP_210561076	test
WP_214131194	WP_214131194	test
WP_093329365	WP_093329365	test
WP_216027248	WP_216027248	test
WP_474819330	WP_216027248	test
WP_010179223	WP_010179223	train
WP_440996401	WP_440996401	train
WP_014992534	WP_014992534	test
WP_097059055	WP_014992534	test
WP_262459930	WP_014992534	test
WP_116027458	WP_014992534	test
WP_423938709	WP_014992534	test
WP_055100130	WP_014992534	test
WP_133493399	WP_014992534	test
WP_459421663	WP_014992534	test
WP_022996598	WP_014992534	test
WP_316309204	WP_014992534	test
WP_421868202	WP_421868202	train
WP_114696621	WP_421868202	train
WP_473425213	WP_473425213	test
WP_414979755	WP_414979755	test
WP_243725244	WP_243725244	test
WP_256091638	WP_243725244	test
WP_173289825	WP_173289825	train
WP_016191358	WP_016191358	train
WP_124234841	WP_016191358	train
WP_379557391	WP_379557391	val
WP_424418476	WP_379557391	val
WP_421969436	WP_421969436	test
WP_206486118	WP_206486118	test
WP_284244261	WP_206486118	test
WP_386035548	WP_386035548	test
WP_211056246	WP_211056246	val
WP_254100194	WP_254100194	val
WP_245952984	WP_245952984	test
WP_295384728	WP_295384728	val
WP_328986746	WP_328986746	test
WP_239414162	WP_239414162	train
WP_036942212	WP_239414162	train
WP_196712832	WP_239414162	train
WP_272577846	WP_239414162	train
WP_008914447	WP_239414162	train
WP_318574122	WP_239414162	train
WP_318576098	WP_239414162	train
WP_004923698	WP_239414162	train
WP_350893165	WP_239414162	train
WP_141173255	WP_239414162	train
WP_105874328	WP_239414162	train
WP_102780996	WP_239414162	train
WP_472533398	WP_239414162	train
WP_430255258	WP_239414162	train
WP_369309595	WP_239414162	train
WP_349424971	WP_239414162	train
WP_225820136	WP_239414162	train
WP_206084865	WP_239414162	train
WP_353243975	WP_239414162	train
WP_136134098	WP_239414162	train
WP_434720292	WP_239414162	train
WP_125891718	WP_239414162	train
WP_318836675	WP_239414162	train
WP_219245403	WP_239414162	train
WP_426099229	WP_239414162	train
WP_102138852	WP_239414162	train
WP_369105513	WP_239414162	train
WP_004262666	WP_239414162	train
WP_196724751	WP_239414162	train
WP_272685844	WP_239414162	train
WP_166265949	WP_239414162	train
WP_430929328	WP_239414162	train
WP_464696775	WP_239414162	train
WP_224059870	WP_239414162	train
WP_036948581	WP_239414162	train
WP_132496919	WP_239414162	train
WP_154602286	WP_239414162	train
WP_225576954	WP_239414162	train
WP_154626451	WP_239414162	train
WP_181477868	WP_239414162	train
WP_323084413	WP_239414162	train
WP_006659599	WP_239414162	train
WP_006663061	WP_239414162	train
WP_211887179	WP_239414162	train
WP_108478727	WP_239414162	train
WP_036959668	WP_239414162	train
WP_154599873	WP_239414162	train
WP_154601660	WP_239414162	train
WP_321146290	WP_239414162	train
WP_006813770	WP_239414162	train
WP_230233309	WP_239414162	train
WP_042847681	WP_239414162	train
WP_272686252	WP_239414162	train
WP_349488733	WP_239414162	train
WP_105880923	WP_239414162	train
WP_129466948	WP_239414162	train
WP_369513564	WP_239414162	train
WP_070929423	WP_239414162	train
WP_272657829	WP_239414162	train
WP_272677643	WP_239414162	train
WP_154622478	WP_239414162	train
WP_196718850	WP_239414162	train
WP_350025055	WP_239414162	train
WP_449312373	WP_239414162	train
WP_004266083	WP_239414162	train
WP_210837953	WP_239414162	train
WP_008912931	WP_239414162	train
WP_115166395	WP_239414162	train
WP_272520707	WP_239414162	train
WP_430262496	WP_239414162	train
WP_068438568	WP_239414162	train
WP_272582332	WP_239414162	train
WP_294107139	WP_239414162	train
WP_385876785	WP_385876785	train
WP_026971175	WP_026971175	train
WP_026958134	WP_026971175	train
WP_432460524	WP_432460524	test
WP_432455315	WP_432460524	test
WP_294963742	WP_294963742	val
WP_294611318	WP_294963742	val
WP_189378954	WP_189378954	val
WP_182129703	WP_182129703	train
WP_257174980	WP_182129703	train
WP_126670443	WP_182129703	train
WP_077284286	WP_182129703	train
WP_081150883	WP_182129703	train
WP_487105123	WP_182129703	train
WP_085300817	WP_182129703	train
WP_108457572	WP_182129703	train
WP_081179429	WP_182129703	train
WP_218354431	WP_218354431	test
WP_195810861	WP_218354431	test
WP_475576314	WP_475576314	train
WP_019028707	WP_475576314	train
WP_011045692	WP_475576314	train
WP_146784423	WP_475576314	train
WP_033092600	WP_475576314	train
WP_101230001	WP_475576314	train
WP_101233259	WP_475576314	train
WP_207060823	WP_207060823	val
WP_305450525	WP_305450525	test
WP_075173277	WP_305450525	test
WP_007040814	WP_007040814	train
WP_386028773	WP_007040814	train
WP_201093379	WP_201093379	val
WP_295399414	WP_201093379	val
WP_014779602	WP_201093379	val
WP_138095093	WP_138095093	test
WP_067709236	WP_067709236	test
WP_416248832	WP_067709236	test
WP_246761666	WP_067709236	test
WP_192458530	WP_192458530	test
WP_015855595	WP_192458530	test
WP_340129408	WP_340129408	train
WP_414599500	WP_340129408	train
WP_410242149	WP_340129408	train
WP_349335801	WP_340129408	train
WP_316339880	WP_340129408	train
WP_006812435	WP_340129408	train
WP_022646616	WP_340129408	train
WP_395030093	WP_340129408	train
WP_279749074	WP_340129408	train
WP_102750799	WP_340129408	train
WP_163346880	WP_340129408	train
WP_409247447	WP_340129408	train
WP_200516065	WP_340129408	train
WP_330988677	WP_340129408	train
WP_311381273	WP_340129408	train
WP_200444570	WP_340129408	train
WP_126502778	WP_340129408	train
WP_063452130	WP_340129408	train
WP_232934661	WP_340129408	train
WP_261666790	WP_340129408	train
WP_228338263	WP_340129408	train
WP_440310211	WP_340129408	train
WP_418342800	WP_340129408	train
WP_441087212	WP_340129408	train
WP_409242453	WP_340129408	train
WP_116290702	WP_340129408	train
WP_332858108	WP_340129408	train
WP_140599698	WP_340129408	train
WP_065882897	WP_340129408	train
WP_428788668	WP_428788668	train
WP_248713537	WP_248713537	val
WP_457873772	WP_248713537	val
WP_065633530	WP_065633530	train
WP_267333118	WP_065633530	train
WP_448247711	WP_448247711	train
WP_448895798	WP_448895798	val
WP_487049008	WP_448895798	val
WP_057183387	WP_057183387	test
WP_057833078	WP_057183387	test
WP_026317770	WP_026317770	test
WP_474817191	WP_026317770	test
WP_026376568	WP_026376568	train
WP_263713477	WP_263713477	test
WP_463242770	WP_463242770	train
WP_340677797	WP_463242770	train
WP_068382276	WP_463242770	train
WP_216030918	WP_216030918	test
WP_332929717	WP_216030918	test
WP_368455936	WP_368455936	val
WP_367150084	WP_368455936	val
WP_111657745	WP_111657745	train
WP_188862611	WP_188862611	test
WP_372737487	WP_372737487	test
WP_090730113	WP_372737487	test
WP_322827657	WP_322827657	test
WP_242518678	WP_322827657	test
WP_242479140	WP_322827657	test
WP_091331824	WP_091331824	val
WP_081662754	WP_081662754	train
WP_440004803	WP_440004803	train
WP_349920474	WP_440004803	train
WP_011704079	WP_440004803	train
WP_210549701	WP_440004803	train
WP_201970138	WP_440004803	train
WP_201971899	WP_440004803	train
WP_042651544	WP_440004803	train
WP_429066672	WP_440004803	train
WP_257711822	WP_440004803	train
WP_117405689	WP_440004803	train
WP_408766312	WP_440004803	train
WP_040098259	WP_440004803	train
WP_458754956	WP_440004803	train
WP_482319015	WP_440004803	train
WP_439829400	WP_440004803	train
WP_042650647	WP_440004803	train
WP_429153191	WP_440004803	train
WP_042026803	WP_440004803	train
WP_234576894	WP_440004803	train
WP_274798989	WP_440004803	train
WP_408845742	WP_440004803	train
WP_050718203	WP_440004803	train
WP_323934495	WP_440004803	train
WP_429214142	WP_440004803	train
WP_182951433	WP_440004803	train
WP_392417796	WP_440004803	train
WP_429188078	WP_440004803	train
WP_139391335	WP_440004803	train
WP_161506702	WP_440004803	train
WP_134696383	WP_440004803	train
WP_279980902	WP_440004803	train
WP_053287968	WP_440004803	train
WP_100861612	WP_440004803	train
WP_411641189	WP_440004803	train
WP_408812520	WP_440004803	train
WP_096119794	WP_440004803	train
WP_010672318	WP_440004803	train
WP_266136970	WP_440004803	train
WP_456502531	WP_440004803	train
WP_374898544	WP_440004803	train
WP_427256561	WP_440004803	train
WP_438547656	WP_440004803	train
WP_378080974	WP_440004803	train
WP_316287163	WP_440004803	train
WP_270821632	WP_440004803	train
WP_139745084	WP_440004803	train
WP_069651597	WP_440004803	train
WP_456495445	WP_440004803	train
WP_139437071	WP_440004803	train
WP_139736271	WP_440004803	train
WP_005326354	WP_440004803	train
WP_411622466	WP_440004803	train
WP_043763686	WP_440004803	train
WP_290067466	WP_440004803	train
WP_378051028	WP_440004803	train
WP_257713780	WP_440004803	train
WP_303807315	WP_440004803	train
WP_236767854	WP_440004803	train
WP_043140283	WP_440004803	train
WP_201985640	WP_440004803	train
WP_123245633	WP_440004803	train
WP_429048855	WP_440004803	train
WP_043557359	WP_440004803	train
WP_005307064	WP_440004803	train
WP_408832589	WP_440004803	train
WP_341669802	WP_440004803	train
WP_210538205	WP_440004803	train
WP_042035607	WP_440004803	train
WP_205642848	WP_440004803	train
WP_482298206	WP_440004803	train
WP_213320601	WP_440004803	train
WP_323579821	WP_440004803	train
WP_421285222	WP_440004803	train
WP_378012187	WP_440004803	train
WP_033137028	WP_440004803	train
WP_052815374	WP_440004803	train
WP_371160332	WP_440004803	train
WP_335853233	WP_440004803	train
WP_482299647	WP_440004803	train
WP_323922120	WP_440004803	train
WP_279500416	WP_440004803	train
WP_439841827	WP_440004803	train
WP_259232355	WP_440004803	train
WP_039040667	WP_440004803	train
WP_438373610	WP_440004803	train
WP_042079042	WP_440004803	train
WP_336580452	WP_440004803	train
WP_408844513	WP_440004803	train
WP_043165271	WP_440004803	train
WP_408791932	WP_440004803	train
WP_438549099	WP_440004803	train
WP_042641049	WP_440004803	train
WP_287145635	WP_440004803	train
WP_042064407	WP_440004803	train
WP_101150432	WP_440004803	train
WP_319885115	WP_440004803	train
WP_279973139	WP_440004803	train
WP_106885353	WP_440004803	train
WP_310596531	WP_440004803	train
WP_274161017	WP_440004803	train
WP_421275074	WP_440004803	train
WP_025325210	WP_440004803	train
WP_201976184	WP_440004803	train
WP_323919776	WP_440004803	train
WP_362792221	WP_440004803	train
WP_103829157	WP_440004803	train
WP_227272658	WP_440004803	train
WP_421254418	WP_440004803	train
WP_317103115	WP_440004803	train
WP_429117664	WP_440004803	train
WP_019446267	WP_440004803	train
WP_368150851	WP_440004803	train
WP_216960178	WP_440004803	train
WP_005339255	WP_440004803	train
WP_335849138	WP_440004803	train
WP_447834613	WP_440004803	train
WP_110304367	WP_440004803	train
WP_429067061	WP_440004803	train
WP_429078174	WP_440004803	train
WP_421266729	WP_440004803	train
WP_201932932	WP_440004803	train
WP_421290442	WP_440004803	train
WP_439975368	WP_440004803	train
WP_374869187	WP_440004803	train
WP_139459586	WP_440004803	train
WP_319919999	WP_440004803	train
WP_362772203	WP_440004803	train
WP_445983518	WP_440004803	train
WP_163129621	WP_440004803	train
WP_279461248	WP_440004803	train
WP_042063569	WP_440004803	train
WP_447993358	WP_440004803	train
WP_335855849	WP_440004803	train
WP_201968429	WP_440004803	train
WP_216979783	WP_440004803	train
WP_043851698	WP_440004803	train
WP_005342271	WP_440004803	train
WP_421225870	WP_440004803	train
WP_421251498	WP_440004803	train
WP_139394799	WP_440004803	train
WP_208737468	WP_440004803	train
WP_041210828	WP_440004803	train
WP_108570975	WP_440004803	train
WP_446679803	WP_440004803	train
WP_206875386	WP_440004803	train
WP_201909144	WP_440004803	train
WP_064334994	WP_440004803	train
WP_429221170	WP_440004803	train
WP_429061270	WP_440004803	train
WP_139691574	WP_440004803	train
WP_287978828	WP_440004803	train
WP_101317610	WP_440004803	train
WP_042022990	WP_440004803	train
WP_335877841	WP_440004803	train
WP_429202626	WP_440004803	train
WP_127007953	WP_440004803	train
WP_411649086	WP_440004803	train
WP_202004884	WP_440004803	train
WP_374807870	WP_440004803	train
WP_042082217	WP_440004803	train
WP_108542493	WP_440004803	train
WP_235462329	WP_440004803	train
WP_482299999	WP_440004803	train
WP_060390961	WP_440004803	train
WP_476004629	WP_440004803	train
WP_033130871	WP_440004803	train
WP_042013304	WP_440004803	train
WP_111808865	WP_440004803	train
WP_227341707	WP_440004803	train
WP_368210155	WP_440004803	train
WP_376891344	WP_440004803	train
WP_104016762	WP_440004803	train
WP_456513009	WP_440004803	train
WP_407962570	WP_440004803	train
WP_429087402	WP_440004803	train
WP_033115280	WP_440004803	train
WP_103252032	WP_440004803	train
WP_335818001	WP_440004803	train
WP_216993327	WP_440004803	train
WP_371173553	WP_440004803	train
WP_431362578	WP_440004803	train
WP_102665436	WP_440004803	train
WP_017412633	WP_440004803	train
WP_340140455	WP_440004803	train
WP_042873570	WP_440004803	train
WP_005319472	WP_440004803	train
WP_042467169	WP_440004803	train
WP_458480903	WP_440004803	train
WP_373967656	WP_440004803	train
WP_290042652	WP_440004803	train
WP_100294189	WP_440004803	train
WP_265458282	WP_440004803	train
WP_058395522	WP_440004803	train
WP_113721586	WP_440004803	train
WP_317716519	WP_317716519	train
WP_413285417	WP_317716519	train
WP_371375011	WP_371375011	val
WP_392553637	WP_392553637	train
WP_074497357	WP_074497357	train
WP_303475486	WP_074497357	train
WP_286234274	WP_074497357	train
WP_151173355	WP_151173355	val
WP_053909714	WP_151173355	val
WP_138587674	WP_151173355	val
WP_022943475	WP_151173355	val
WP_475147927	WP_475147927	val
WP_486358965	WP_475147927	val
WP_421972736	WP_475147927	val
WP_010561051	WP_475147927	val
WP_038639746	WP_475147927	val
WP_100912641	WP_475147927	val
WP_054979093	WP_475147927	val
WP_372768851	WP_475147927	val
WP_274761638	WP_475147927	val
WP_474878047	WP_474878047	test
WP_318573080	WP_318573080	test
WP_007984294	WP_318573080	test
WP_160179842	WP_318573080	test
WP_272994361	WP_318573080	test
WP_007105841	WP_318573080	test
WP_006994678	WP_318573080	test
WP_318555385	WP_318573080	test
WP_216052590	WP_318573080	test
WP_008305206	WP_318573080	test
WP_198825157	WP_318573080	test
WP_473477693	WP_318573080	test
WP_011573278	WP_318573080	test
WP_390379563	WP_390379563	train
WP_202263136	WP_390379563	train
WP_338519733	WP_390379563	train
WP_334014602	WP_390379563	train
WP_226432526	WP_390379563	train
WP_274742222	WP_390379563	train
WP_118490773	WP_390379563	train
WP_252119524	WP_390379563	train
WP_136783185	WP_390379563	train
WP_334020911	WP_390379563	train
WP_479383506	WP_390379563	train
WP_334058745	WP_390379563	train
WP_061093918	WP_390379563	train
WP_474375766	WP_390379563	train
WP_476082333	WP_390379563	train
WP_390607004	WP_390379563	train
WP_014996856	WP_390379563	train
WP_474828607	WP_390379563	train
WP_474857268	WP_390379563	train
WP_198816731	WP_390379563	train
WP_458726137	WP_390379563	train
WP_487129382	WP_390379563	train
WP_474802975	WP_390379563	train
WP_239260487	WP_390379563	train
WP_278383294	WP_390379563	train
WP_269917561	WP_390379563	train
WP_039226917	WP_390379563	train
WP_458730719	WP_390379563	train
WP_131093732	WP_390379563	train
WP_014977933	WP_390379563	train
WP_179981968	WP_390379563	train
WP_412723899	WP_390379563	train
WP_012516677	WP_390379563	train
WP_474857982	WP_390379563	train
WP_141153196	WP_390379563	train
WP_039221068	WP_390379563	train
WP_474873934	WP_390379563	train
WP_462835274	WP_390379563	train
WP_269350373	WP_390379563	train
WP_105929872	WP_390379563	train
WP_394223510	WP_390379563	train
WP_159579866	WP_390379563	train
WP_014947806	WP_390379563	train
WP_334048964	WP_390379563	train
WP_342286254	WP_390379563	train
WP_462573742	WP_390379563	train
WP_377948777	WP_390379563	train
WP_071816640	WP_390379563	train
WP_025257012	WP_390379563	train
WP_130637077	WP_130637077	val
WP_113743379	WP_113743379	train
WP_113746693	WP_113743379	train
WP_051230216	WP_051230216	val
WP_123032909	WP_051230216	val
WP_286980837	WP_051230216	val
WP_371293524	WP_051230216	val
WP_290740737	WP_051230216	val
WP_483459230	WP_051230216	val
WP_178862688	WP_178862688	val
WP_472362789	WP_472362789	train
WP_068646491	WP_472362789	train
WP_472366588	WP_472362789	train
WP_472373443	WP_472362789	train
WP_127119081	WP_472362789	train
WP_029939132	WP_472362789	train
WP_472360715	WP_472362789	train
WP_164451906	WP_164451906	train
WP_319380675	WP_319380675	test
WP_004956765	WP_004956765	train
WP_176980444	WP_004956765	train
WP_431224452	WP_004956765	train
WP_368463553	WP_004956765	train
WP_024482946	WP_004956765	train
WP_337263291	WP_004956765	train
WP_484384348	WP_004956765	train
WP_473189305	WP_004956765	train
WP_037400330	WP_004956765	train
WP_261170404	WP_004956765	train
WP_459400607	WP_004956765	train
WP_115159579	WP_004956765	train
WP_223536715	WP_004956765	train
WP_166733695	WP_004956765	train
WP_076943931	WP_004956765	train
WP_129936334	WP_004956765	train
WP_219017263	WP_004956765	train
WP_085120071	WP_004956765	train
WP_261260289	WP_004956765	train
WP_414073135	WP_004956765	train
WP_279024645	WP_004956765	train
WP_095846552	WP_004956765	train
WP_261114416	WP_004956765	train
WP_261232788	WP_004956765	train
WP_261444628	WP_004956765	train
WP_442233503	WP_004956765	train
WP_015962388	WP_004956765	train
WP_413481661	WP_004956765	train
WP_020837653	WP_004956765	train
WP_269936066	WP_004956765	train
WP_261440428	WP_004956765	train
WP_006320163	WP_004956765	train
WP_135318548	WP_004956765	train
WP_114194841	WP_004956765	train
WP_234587120	WP_004956765	train
WP_188240463	WP_004956765	train
WP_060461113	WP_004956765	train
WP_380679884	WP_004956765	train
WP_164113834	WP_004956765	train
WP_318431789	WP_004956765	train
WP_012147537	WP_004956765	train
WP_153858506	WP_004956765	train
WP_399673485	WP_004956765	train
WP_254734430	WP_004956765	train
WP_209640156	WP_004956765	train
WP_037421765	WP_004956765	train
WP_347883186	WP_004956765	train
WP_024913521	WP_004956765	train
WP_317693842	WP_004956765	train
WP_025121292	WP_004956765	train
WP_248946886	WP_004956765	train
WP_241169349	WP_004956765	train
WP_033636482	WP_004956765	train
WP_126358185	WP_126358185	val
WP_320496624	WP_126358185	val
WP_313796590	WP_126358185	val
WP_130100337	WP_126358185	val
WP_276642712	WP_126358185	val
WP_263098777	WP_126358185	val
WP_031523236	WP_126358185	val
WP_106878225	WP_126358185	val
WP_436894160	WP_126358185	val
WP_061492489	WP_126358185	val
WP_024547991	WP_126358185	val
WP_226810478	WP_226810478	test
WP_047887238	WP_047887238	test
WP_217393037	WP_047887238	test
WP_207103431	WP_047887238	test
WP_446030991	WP_047887238	test
WP_042047230	WP_042047230	train
WP_193002907	WP_042047230	train
WP_408862855	WP_042047230	train
WP_302342199	WP_042047230	train
WP_254196788	WP_042047230	train
WP_060583554	WP_042047230	train
WP_367581712	WP_042047230	train
WP_407954145	WP_042047230	train
WP_005356268	WP_042047230	train
WP_050666440	WP_042047230	train
WP_459679704	WP_459679704	test
WP_017027278	WP_459679704	test
WP_065210297	WP_459679704	test
WP_141346547	WP_459679704	test
WP_017032925	WP_459679704	test
WP_141272679	WP_459679704	test
WP_102542681	WP_459679704	test
WP_068698477	WP_459679704	test
WP_119009344	WP_459679704	test
WP_023404606	WP_023404606	test
WP_021714661	WP_023404606	test
WP_415846826	WP_023404606	test
WP_152822255	WP_023404606	test
WP_024871796	WP_024871796	train
WP_160424647	WP_160424647	val
WP_091119406	WP_160424647	val
WP_160412078	WP_160424647	val
WP_065635511	WP_160424647	val
WP_160401682	WP_160424647	val
WP_160407718	WP_160424647	val
WP_068546198	WP_068546198	val
WP_146796598	WP_146796598	test
WP_182182331	WP_146796598	test
WP_182226678	WP_146796598	test
WP_070375401	WP_146796598	test
WP_487126392	WP_487126392	train
WP_487078289	WP_487126392	train
WP_085300097	WP_487126392	train
WP_487113007	WP_487126392	train
WP_306020828	WP_306020828	val
WP_286284831	WP_286284831	val
WP_152455884	WP_152455884	train
WP_252464012	WP_152455884	train
WP_444918602	WP_152455884	train
WP_475109928	WP_152455884	train
WP_226644103	WP_152455884	train
WP_020413964	WP_152455884	train
WP_299585146	WP_152455884	train
WP_444920512	WP_152455884	train
WP_371838003	WP_152455884	train
WP_445362844	WP_152455884	train
WP_252083894	WP_152455884	train
WP_108735036	WP_152455884	train
WP_445356456	WP_152455884	train
WP_143730006	WP_152455884	train
WP_444887587	WP_152455884	train
WP_476177562	WP_152455884	train
WP_282930627	WP_152455884	train
WP_182173145	WP_182173145	train
WP_148068130	WP_148068130	train
WP_232406065	WP_232406065	val
WP_296812041	WP_232406065	val
WP_093029895	WP_232406065	val
WP_296700769	WP_232406065	val
WP_374236296	WP_232406065	val
WP_373506761	WP_232406065	val
WP_120799816	WP_232406065	val
WP_007193610	WP_232406065	val
WP_300970429	WP_232406065	val
WP_275594855	WP_275594855	test
WP_462982581	WP_462982581	val
WP_380693354	WP_462982581	val
WP_166269121	WP_166269121	val
WP_236474953	WP_236474953	val
WP_322836757	WP_322836757	test
WP_075183319	WP_075183319	test
WP_339038118	WP_339038118	train
WP_367671663	WP_339038118	train
WP_006708499	WP_339038118	train
WP_061771035	WP_339038118	train
WP_252747902	WP_339038118	train
WP_368870557	WP_368870557	train
WP_285805051	WP_368870557	train
WP_069369563	WP_368870557	train
WP_151436337	WP_368870557	train
WP_072068820	WP_368870557	train
WP_099075991	WP_368870557	train
WP_109419310	WP_368870557	train
WP_100159688	WP_368870557	train
WP_036914370	WP_368870557	train
WP_109374333	WP_368870557	train
WP_198623198	WP_368870557	train
WP_166539115	WP_368870557	train
WP_211838143	WP_368870557	train
WP_109395897	WP_368870557	train
WP_196534064	WP_368870557	train
WP_109408957	WP_368870557	train
WP_109399107	WP_368870557	train
WP_036933842	WP_368870557	train
WP_198630376	WP_368870557	train
WP_349464431	WP_368870557	train
WP_196729172	WP_368870557	train
WP_371032816	WP_368870557	train
WP_193015846	WP_368870557	train
WP_072064837	WP_368870557	train
WP_088494337	WP_368870557	train
WP_227336150	WP_368870557	train
WP_098941683	WP_368870557	train
WP_075671312	WP_368870557	train
WP_325935149	WP_368870557	train
WP_161723998	WP_368870557	train
WP_196566121	WP_368870557	train
WP_049203258	WP_368870557	train
WP_113976811	WP_368870557	train
WP_196748089	WP_368870557	train
WP_071425739	WP_368870557	train
WP_004246819	WP_368870557	train
WP_286452047	WP_368870557	train
WP_269616167	WP_368870557	train
WP_049211627	WP_368870557	train
WP_368897805	WP_368870557	train
WP_237737523	WP_368870557	train
WP_458968089	WP_368870557	train
WP_109910629	WP_368870557	train
WP_413688597	WP_368870557	train
WP_231361361	WP_368870557	train
WP_290314893	WP_368870557	train
WP_060555746	WP_368870557	train
WP_273800104	WP_368870557	train
WP_202054645	WP_368870557	train
WP_064718163	WP_368870557	train
WP_129038472	WP_368870557	train
WP_212552383	WP_368870557	train
WP_425655384	WP_368870557	train
WP_135180097	WP_368870557	train
WP_155195825	WP_368870557	train
WP_413688145	WP_368870557	train
WP_265824936	WP_368870557	train
WP_458039185	WP_368870557	train
WP_036754780	WP_036754780	val
WP_303563345	WP_036754780	val
WP_046220409	WP_036754780	val
WP_120513707	WP_036754780	val
WP_248144500	WP_036754780	val
WP_192016010	WP_036754780	val
WP_027250546	WP_036754780	val
WP_211646527	WP_036754780	val
WP_342391081	WP_036754780	val
WP_413113182	WP_413113182	val
WP_252020559	WP_252020559	train
WP_170883687	WP_170883687	train
WP_076589066	WP_170883687	train
WP_172854695	WP_170883687	train
WP_171349190	WP_170883687	train
WP_038514097	WP_170883687	train
WP_006957185	WP_170883687	train
WP_457532662	WP_170883687	train
WP_239837904	WP_170883687	train
WP_229630968	WP_170883687	train
WP_099608961	WP_170883687	train
WP_067661392	WP_067661392	train
WP_087507081	WP_087507081	train
WP_191145235	WP_087507081	train
WP_160431731	WP_160431731	val
WP_483751323	WP_160431731	val
WP_065637223	WP_160431731	val
WP_483747711	WP_160431731	val
WP_174796271	WP_160431731	val
WP_091345927	WP_160431731	val
WP_160403801	WP_160431731	val
WP_483558899	WP_160431731	val
WP_085246672	WP_160431731	val
WP_487122978	WP_487122978	test
WP_138622727	WP_138622727	val
WP_216023241	WP_216023241	test
WP_206573789	WP_206573789	test
WP_268409585	WP_268409585	test
WP_246976331	WP_246976331	val
WP_169452355	WP_169452355	test
WP_154295548	WP_154295548	val
WP_296925148	WP_296925148	train
WP_295443731	WP_295443731	val
WP_417617230	WP_417617230	val
WP_188629411	WP_417617230	val
WP_067040824	WP_067040824	train
WP_075477660	WP_067040824	train
WP_075472564	WP_067040824	train
WP_075497430	WP_067040824	train
WP_211673444	WP_067040824	train
WP_211677876	WP_067040824	train
WP_045108600	WP_067040824	train
WP_006030913	WP_067040824	train
WP_293157486	WP_067040824	train
WP_293147816	WP_067040824	train
WP_319220609	WP_067040824	train
WP_198438625	WP_067040824	train
WP_211684257	WP_067040824	train
WP_017222385	WP_067040824	train
WP_112716288	WP_067040824	train
WP_019441234	WP_067040824	train
WP_101061627	WP_067040824	train
WP_345488069	WP_345488069	train
WP_290251236	WP_290251236	val
WP_308360225	WP_308360225	train
WP_377127750	WP_308360225	train
WP_377101313	WP_308360225	train
WP_229161795	WP_229161795	train
WP_367967301	WP_367967301	test
WP_367983929	WP_367967301	test
WP_459428764	WP_459428764	test
WP_350037983	WP_459428764	test
WP_052094663	WP_459428764	test
WP_415356411	WP_415356411	val
WP_093449008	WP_093449008	test
WP_338294495	WP_338294495	val
WP_475261098	WP_338294495	val
WP_454465927	WP_454465927	train
WP_028299525	WP_028299525	val
WP_144347086	WP_144347086	train
WP_159300246	WP_144347086	train
WP_318901482	WP_318901482	val
WP_028485647	WP_318901482	val
WP_459819310	WP_459819310	val
WP_438969915	WP_438969915	test
WP_007018094	WP_007018094	val
