seq_id	cluster_id	split
WP_192849614	WP_192849614	train
WP_180478707	WP_192849614	train
WP_114435652	WP_192849614	train
WP_097453058	WP_192849614	train
WP_097737660	WP_192849614	train
WP_064236980	WP_192849614	train
WP_063628500	WP_192849614	train
WP_284095477	WP_192849614	train
WP_257189850	WP_192849614	train
WP_473255045	WP_192849614	train
WP_105955866	WP_192849614	train
WP_181674596	WP_192849614	train
WP_473050847	WP_192849614	train
WP_097504823	WP_192849614	train
WP_272415908	WP_192849614	train
WP_482424766	WP_192849614	train
WP_187213353	WP_192849614	train
WP_406584343	WP_192849614	train
WP_414771148	WP_192849614	train
WP_205898086	WP_192849614	train
WP_099145180	WP_192849614	train
WP_264717374	WP_192849614	train
WP_433819496	WP_192849614	train
WP_447490038	WP_192849614	train
WP_175147456	WP_192849614	train
WP_461212578	WP_192849614	train
WP_149842459	WP_192849614	train
WP_094249227	WP_192849614	train
WP_258313836	WP_192849614	train
WP_447568113	WP_192849614	train
WP_407907601	WP_192849614	train
WP_001304419	WP_192849614	train
WP_088170549	WP_192849614	train
WP_181678784	WP_192849614	train
WP_206245930	WP_192849614	train
WP_032179017	WP_192849614	train
WP_373344221	WP_192849614	train
WP_001385318	WP_192849614	train
WP_063611907	WP_192849614	train
WP_089635203	WP_192849614	train
WP_097766031	WP_192849614	train
WP_232806482	WP_192849614	train
WP_089587500	WP_192849614	train
WP_197910568	WP_192849614	train
WP_135527765	WP_192849614	train
WP_112039181	WP_192849614	train
WP_336491487	WP_192849614	train
WP_407860731	WP_192849614	train
WP_115185544	WP_192849614	train
WP_001573409	WP_192849614	train
WP_433288905	WP_192849614	train
WP_423705385	WP_192849614	train
WP_409386272	WP_192849614	train
WP_116585611	WP_192849614	train
WP_096178328	WP_192849614	train
WP_087497953	WP_192849614	train
WP_096982656	WP_192849614	train
WP_112049928	WP_192849614	train
WP_032221027	WP_192849614	train
WP_113402806	WP_192849614	train
WP_137568171	WP_192849614	train
WP_016247142	WP_192849614	train
WP_027662585	WP_192849614	train
WP_100028632	WP_192849614	train
WP_096948356	WP_192849614	train
WP_167817622	WP_192849614	train
WP_204653398	WP_192849614	train
WP_063269393	WP_192849614	train
WP_220400654	WP_192849614	train
WP_112979004	WP_192849614	train
WP_012421655	WP_192849614	train
WP_217823505	WP_192849614	train
WP_001761127	WP_192849614	train
WP_079399463	WP_192849614	train
WP_032191162	WP_192849614	train
WP_410203555	WP_192849614	train
WP_104806687	WP_192849614	train
WP_434105751	WP_192849614	train
WP_016239518	WP_192849614	train
WP_061348823	WP_192849614	train
WP_061350308	WP_192849614	train
WP_420509885	WP_192849614	train
WP_310984986	WP_192849614	train
WP_340584467	WP_192849614	train
WP_097561735	WP_192849614	train
WP_243050989	WP_192849614	train
WP_128475606	WP_192849614	train
WP_443462592	WP_192849614	train
WP_001347791	WP_192849614	train
WP_170908221	WP_192849614	train
WP_059340867	WP_192849614	train
WP_050016524	WP_192849614	train
WP_115455889	WP_192849614	train
WP_001428676	WP_192849614	train
WP_136758401	WP_192849614	train
WP_105463404	WP_192849614	train
WP_239965035	WP_192849614	train
WP_286502523	WP_192849614	train
WP_112039406	WP_192849614	train
WP_078166360	WP_192849614	train
WP_069917268	WP_192849614	train
WP_128458764	WP_192849614	train
WP_370561643	WP_192849614	train
WP_275212093	WP_192849614	train
WP_032169931	WP_192849614	train
WP_462063882	WP_192849614	train
WP_065807689	WP_192849614	train
WP_160379793	WP_192849614	train
WP_105076130	WP_192849614	train
WP_054250542	WP_192849614	train
WP_061360079	WP_192849614	train
WP_097296041	WP_192849614	train
WP_135563249	WP_192849614	train
WP_096942927	WP_192849614	train
WP_001361672	WP_192849614	train
WP_268582918	WP_192849614	train
WP_001295576	WP_192849614	train
WP_137505405	WP_192849614	train
WP_097329986	WP_192849614	train
WP_167737002	WP_192849614	train
WP_122367646	WP_192849614	train
WP_104696594	WP_192849614	train
WP_431082856	WP_192849614	train
WP_225469297	WP_192849614	train
WP_126709993	WP_192849614	train
WP_040089153	WP_192849614	train
WP_311002028	WP_192849614	train
WP_353524410	WP_192849614	train
WP_282057851	WP_192849614	train
WP_216404963	WP_192849614	train
WP_137528197	WP_192849614	train
WP_123873082	WP_192849614	train
WP_097156398	WP_192849614	train
WP_097743229	WP_192849614	train
WP_021518705	WP_192849614	train
WP_136499942	WP_192849614	train
WP_012311849	WP_192849614	train
WP_353533309	WP_192849614	train
WP_115439001	WP_192849614	train
WP_257119995	WP_192849614	train
WP_001383172	WP_192849614	train
WP_247143598	WP_192849614	train
WP_330499393	WP_192849614	train
WP_196315974	WP_192849614	train
WP_088543100	WP_192849614	train
WP_231337759	WP_192849614	train
WP_125272887	WP_192849614	train
WP_001684861	WP_192849614	train
WP_113525321	WP_192849614	train
WP_032280486	WP_192849614	train
WP_262941083	WP_192849614	train
WP_136792849	WP_192849614	train
WP_105455593	WP_192849614	train
WP_096907971	WP_192849614	train
WP_033552514	WP_192849614	train
WP_001591966	WP_192849614	train
WP_426653086	WP_192849614	train
WP_374057141	WP_192849614	train
WP_241233303	WP_192849614	train
WP_233334912	WP_192849614	train
WP_311011633	WP_192849614	train
WP_001423441	WP_192849614	train
WP_250346733	WP_192849614	train
WP_222698304	WP_192849614	train
WP_270369158	WP_192849614	train
WP_097731269	WP_192849614	train
WP_136697595	WP_192849614	train
WP_210173332	WP_192849614	train
WP_473001896	WP_192849614	train
WP_115177131	WP_192849614	train
WP_080317285	WP_192849614	train
WP_097761299	WP_192849614	train
WP_337089143	WP_192849614	train
WP_134239229	WP_192849614	train
WP_089538208	WP_192849614	train
WP_001326307	WP_192849614	train
WP_225377152	WP_192849614	train
WP_096999018	WP_192849614	train
WP_113488399	WP_192849614	train
WP_001695925	WP_192849614	train
WP_001487192	WP_192849614	train
WP_078296783	WP_192849614	train
WP_073533593	WP_192849614	train
WP_421520884	WP_192849614	train
WP_373343002	WP_192849614	train
WP_085693625	WP_192849614	train
WP_106509868	WP_192849614	train
WP_368309389	WP_192849614	train
WP_171284283	WP_192849614	train
WP_124035679	WP_192849614	train
WP_112350513	WP_192849614	train
WP_005049701	WP_192849614	train
WP_094112740	WP_192849614	train
WP_113349994	WP_192849614	train
WP_049094051	WP_192849614	train
WP_001298100	WP_192849614	train
WP_254280938	WP_192849614	train
WP_001335024	WP_192849614	train
WP_389367345	WP_192849614	train
WP_288770467	WP_192849614	train
WP_302308642	WP_192849614	train
WP_042101137	WP_192849614	train
WP_276337399	WP_192849614	train
WP_103774691	WP_192849614	train
WP_436857497	WP_192849614	train
WP_181680599	WP_192849614	train
WP_060571295	WP_192849614	train
WP_350396522	WP_192849614	train
WP_049040400	WP_192849614	train
WP_269535795	WP_192849614	train
WP_042283444	WP_192849614	train
WP_181823096	WP_192849614	train
WP_368932706	WP_192849614	train
WP_199957683	WP_192849614	train
WP_353493427	WP_192849614	train
WP_342005727	WP_192849614	train
WP_420247789	WP_192849614	train
WP_352445533	WP_192849614	train
WP_001354108	WP_192849614	train
WP_097366103	WP_192849614	train
WP_011069349	WP_192849614	train
WP_023234051	WP_192849614	train
WP_220410040	WP_192849614	train
WP_151325451	WP_192849614	train
WP_159135345	WP_192849614	train
WP_368980229	WP_192849614	train
WP_096117441	WP_192849614	train
WP_458582410	WP_192849614	train
WP_337233247	WP_192849614	train
WP_044325484	WP_192849614	train
WP_114756056	WP_192849614	train
WP_136146207	WP_192849614	train
WP_034167620	WP_192849614	train
WP_407240213	WP_192849614	train
WP_130562903	WP_192849614	train
WP_113262355	WP_192849614	train
WP_004093343	WP_192849614	train
WP_001468644	WP_192849614	train
WP_001643336	WP_192849614	train
WP_001497537	WP_192849614	train
WP_088492132	WP_192849614	train
WP_137507701	WP_192849614	train
WP_438376706	WP_192849614	train
WP_139506354	WP_192849614	train
WP_130525818	WP_192849614	train
WP_222698922	WP_192849614	train
WP_052993784	WP_192849614	train
WP_039064846	WP_192849614	train
WP_447394891	WP_192849614	train
WP_222694071	WP_192849614	train
WP_119228377	WP_192849614	train
WP_134797136	WP_192849614	train
WP_426258934	WP_192849614	train
WP_303080275	WP_192849614	train
WP_128484340	WP_192849614	train
WP_059279416	WP_192849614	train
WP_349324084	WP_192849614	train
WP_052975458	WP_192849614	train
WP_057696432	WP_192849614	train
WP_347943668	WP_192849614	train
WP_243044052	WP_192849614	train
WP_021576142	WP_192849614	train
WP_226478762	WP_192849614	train
WP_261661125	WP_192849614	train
WP_222903777	WP_192849614	train
WP_097499381	WP_192849614	train
WP_405248900	WP_192849614	train
WP_097439571	WP_192849614	train
WP_089622992	WP_192849614	train
WP_441103013	WP_192849614	train
WP_409230654	WP_192849614	train
WP_160465327	WP_192849614	train
WP_166432044	WP_192849614	train
WP_096955803	WP_192849614	train
WP_096840875	WP_192849614	train
WP_192949776	WP_192849614	train
WP_231451947	WP_192849614	train
WP_001663866	WP_192849614	train
WP_097316831	WP_192849614	train
WP_350425269	WP_192849614	train
WP_289693886	WP_192849614	train
WP_047605417	WP_192849614	train
WP_142440402	WP_192849614	train
WP_353527156	WP_192849614	train
WP_152928090	WP_192849614	train
WP_248798404	WP_192849614	train
WP_147699178	WP_192849614	train
WP_001619376	WP_192849614	train
WP_224154170	WP_192849614	train
WP_348918604	WP_192849614	train
WP_128880474	WP_192849614	train
WP_115204748	WP_192849614	train
WP_189915256	WP_192849614	train
WP_226875355	WP_192849614	train
WP_269412837	WP_192849614	train
WP_130222777	WP_192849614	train
WP_150003811	WP_192849614	train
WP_309212705	WP_192849614	train
WP_070817026	WP_192849614	train
WP_367173414	WP_192849614	train
WP_074014671	WP_192849614	train
WP_442677288	WP_192849614	train
WP_113555054	WP_192849614	train
WP_465080875	WP_192849614	train
WP_115737693	WP_192849614	train
WP_001681014	WP_192849614	train
WP_001641657	WP_192849614	train
WP_473704259	WP_192849614	train
WP_053273715	WP_192849614	train
WP_264716559	WP_192849614	train
WP_150320998	WP_192849614	train
WP_255399614	WP_192849614	train
WP_106475120	WP_192849614	train
WP_447566729	WP_192849614	train
WP_106888977	WP_192849614	train
WP_460208702	WP_192849614	train
WP_001337939	WP_192849614	train
WP_273660085	WP_192849614	train
WP_137469020	WP_192849614	train
WP_001682840	WP_192849614	train
WP_065682936	WP_192849614	train
WP_481243857	WP_192849614	train
WP_407981177	WP_192849614	train
WP_022296446	WP_192849614	train
WP_445991295	WP_192849614	train
WP_147706808	WP_192849614	train
WP_142461072	WP_192849614	train
WP_024212192	WP_192849614	train
WP_262018964	WP_192849614	train
WP_486510448	WP_192849614	train
WP_152031172	WP_192849614	train
WP_254685061	WP_192849614	train
WP_228362710	WP_192849614	train
WP_156666342	WP_192849614	train
WP_447390936	WP_192849614	train
WP_483647610	WP_192849614	train
WP_024259893	WP_192849614	train
WP_156675230	WP_192849614	train
WP_338231578	WP_192849614	train
WP_124783278	WP_192849614	train
WP_025237092	WP_192849614	train
WP_059268211	WP_192849614	train
WP_348996957	WP_192849614	train
WP_059275760	WP_192849614	train
WP_042067134	WP_192849614	train
WP_109962601	WP_192849614	train
WP_187173632	WP_192849614	train
WP_103857512	WP_192849614	train
WP_001437686	WP_192849614	train
WP_053877708	WP_192849614	train
WP_001614507	WP_192849614	train
WP_264752354	WP_192849614	train
WP_311007621	WP_192849614	train
WP_227901605	WP_192849614	train
WP_163450069	WP_192849614	train
WP_053921241	WP_192849614	train
WP_202586373	WP_192849614	train
WP_220417210	WP_192849614	train
WP_182151873	WP_192849614	train
WP_045149545	WP_192849614	train
WP_447933312	WP_192849614	train
WP_137516456	WP_192849614	train
WP_004998368	WP_192849614	train
WP_001526939	WP_192849614	train
WP_136145658	WP_192849614	train
WP_001353238	WP_192849614	train
WP_482449863	WP_192849614	train
WP_121926914	WP_192849614	train
WP_338853103	WP_192849614	train
WP_001698309	WP_192849614	train
WP_137650755	WP_192849614	train
WP_255399014	WP_192849614	train
WP_075328792	WP_192849614	train
WP_003915304	WP_192849614	train
WP_094316603	WP_192849614	train
WP_001298801	WP_192849614	train
WP_028126135	WP_192849614	train
WP_052894802	WP_192849614	train
WP_001554983	WP_192849614	train
WP_373651008	WP_192849614	train
WP_062864251	WP_192849614	train
WP_098402050	WP_192849614	train
WP_058128075	WP_192849614	train
WP_001362355	WP_192849614	train
WP_069191794	WP_192849614	train
WP_096320277	WP_192849614	train
WP_101972917	WP_192849614	train
WP_219369926	WP_192849614	train
WP_459475326	WP_192849614	train
WP_346714095	WP_192849614	train
WP_180238098	WP_192849614	train
WP_346673373	WP_192849614	train
WP_204646080	WP_192849614	train
WP_148119586	WP_192849614	train
WP_071337709	WP_192849614	train
WP_447534128	WP_192849614	train
WP_160379198	WP_192849614	train
WP_059241841	WP_192849614	train
WP_205848708	WP_192849614	train
WP_225857789	WP_192849614	train
WP_137549280	WP_192849614	train
WP_044697417	WP_192849614	train
WP_101191328	WP_192849614	train
WP_116967962	WP_192849614	train
WP_167582759	WP_192849614	train
WP_001553967	WP_192849614	train
WP_044808717	WP_192849614	train
WP_235635882	WP_192849614	train
WP_063101440	WP_192849614	train
WP_100035334	WP_192849614	train
WP_134799999	WP_192849614	train
WP_231528443	WP_192849614	train
WP_461203675	WP_192849614	train
WP_230003292	WP_192849614	train
WP_281996681	WP_192849614	train
WP_340504580	WP_192849614	train
WP_029399852	WP_192849614	train
WP_302324719	WP_192849614	train
WP_325853464	WP_192849614	train
WP_112042011	WP_192849614	train
WP_421644911	WP_192849614	train
WP_099716442	WP_192849614	train
WP_407237162	WP_192849614	train
WP_088144913	WP_192849614	train
WP_148119488	WP_192849614	train
WP_001309471	WP_192849614	train
WP_218722669	WP_192849614	train
WP_215462386	WP_192849614	train
WP_396123545	WP_192849614	train
WP_062883069	WP_192849614	train
WP_115747162	WP_192849614	train
WP_436903858	WP_192849614	train
WP_233300805	WP_192849614	train
WP_012601486	WP_192849614	train
WP_039020811	WP_192849614	train
WP_266197323	WP_192849614	train
WP_308076810	WP_192849614	train
WP_154054944	WP_192849614	train
WP_005074608	WP_192849614	train
WP_286040451	WP_192849614	train
WP_447306014	WP_192849614	train
WP_081570128	WP_192849614	train
WP_085460779	WP_192849614	train
WP_137325881	WP_192849614	train
WP_024212414	WP_192849614	train
WP_141109152	WP_192849614	train
WP_006684311	WP_192849614	train
WP_332142002	WP_192849614	train
WP_001726005	WP_192849614	train
WP_311017004	WP_192849614	train
WP_097416271	WP_192849614	train
WP_201489910	WP_192849614	train
WP_170900528	WP_192849614	train
WP_454086554	WP_192849614	train
WP_179143703	WP_192849614	train
WP_169782417	WP_192849614	train
WP_140240041	WP_192849614	train
WP_225371159	WP_192849614	train
WP_038988904	WP_192849614	train
WP_114291302	WP_192849614	train
WP_077507429	WP_192849614	train
WP_042203615	WP_192849614	train
WP_220424713	WP_192849614	train
WP_201489722	WP_192849614	train
WP_289464768	WP_192849614	train
WP_024262109	WP_192849614	train
WP_001484536	WP_192849614	train
WP_001460827	WP_192849614	train
WP_032292753	WP_192849614	train
WP_203758921	WP_192849614	train
WP_154735936	WP_192849614	train
WP_461416116	WP_192849614	train
WP_331332859	WP_192849614	train
WP_063100160	WP_192849614	train
WP_170877827	WP_192849614	train
WP_112901885	WP_192849614	train
WP_126723186	WP_192849614	train
WP_160448892	WP_192849614	train
WP_130259730	WP_192849614	train
WP_396017558	WP_192849614	train
WP_192943815	WP_192849614	train
WP_262832619	WP_192849614	train
WP_425747600	WP_192849614	train
WP_089643733	WP_192849614	train
WP_338386711	WP_192849614	train
WP_001698223	WP_192849614	train
WP_263766718	WP_192849614	train
WP_063074346	WP_192849614	train
WP_265935175	WP_192849614	train
WP_196606116	WP_192849614	train
WP_424700727	WP_192849614	train
WP_427810417	WP_192849614	train
WP_192850006	WP_192849614	train
WP_064226380	WP_192849614	train
WP_119181350	WP_192849614	train
WP_136158911	WP_192849614	train
WP_416044178	WP_192849614	train
WP_097423819	WP_192849614	train
WP_047663626	WP_192849614	train
WP_438897407	WP_192849614	train
WP_366961900	WP_192849614	train
WP_001703146	WP_192849614	train
WP_097767572	WP_192849614	train
WP_097737416	WP_192849614	train
WP_095501507	WP_192849614	train
WP_285081104	WP_192849614	train
WP_075328268	WP_192849614	train
WP_105241991	WP_192849614	train
WP_204619009	WP_192849614	train
WP_311014755	WP_192849614	train
WP_484081941	WP_192849614	train
WP_077167861	WP_192849614	train
WP_279967804	WP_192849614	train
WP_129541869	WP_192849614	train
WP_447514428	WP_192849614	train
WP_272854357	WP_192849614	train
WP_194178961	WP_192849614	train
WP_001390153	WP_192849614	train
WP_045177202	WP_192849614	train
WP_097432349	WP_192849614	train
WP_089633091	WP_192849614	train
WP_343121342	WP_192849614	train
WP_089631514	WP_192849614	train
WP_024246437	WP_192849614	train
WP_021537199	WP_192849614	train
WP_033808261	WP_192849614	train
WP_001691736	WP_192849614	train
WP_226478857	WP_192849614	train
WP_239612500	WP_192849614	train
WP_160420521	WP_192849614	train
WP_098728897	WP_192849614	train
WP_447564200	WP_192849614	train
WP_052945803	WP_192849614	train
WP_302347522	WP_192849614	train
WP_461861132	WP_192849614	train
WP_404998961	WP_192849614	train
WP_204628519	WP_192849614	train
WP_262930693	WP_192849614	train
WP_010340715	WP_192849614	train
WP_250552561	WP_192849614	train
WP_175964810	WP_192849614	train
WP_160333669	WP_192849614	train
WP_089581943	WP_192849614	train
WP_166488420	WP_192849614	train
WP_089529374	WP_192849614	train
WP_284345531	WP_192849614	train
WP_203739528	WP_192849614	train
WP_231366968	WP_192849614	train
WP_032253403	WP_192849614	train
WP_128456570	WP_192849614	train
WP_032359226	WP_192849614	train
WP_463478928	WP_192849614	train
WP_116987052	WP_192849614	train
WP_192854409	WP_192849614	train
WP_244051948	WP_192849614	train
WP_053919506	WP_192849614	train
WP_215260982	WP_192849614	train
WP_160456044	WP_192849614	train
WP_447219541	WP_192849614	train
WP_016235984	WP_192849614	train
WP_206783239	WP_192849614	train
WP_139615403	WP_192849614	train
WP_414137758	WP_192849614	train
WP_242818372	WP_192849614	train
WP_277204169	WP_192849614	train
WP_248787134	WP_192849614	train
WP_337451994	WP_192849614	train
WP_262010055	WP_192849614	train
WP_069907111	WP_192849614	train
WP_224171678	WP_192849614	train
WP_155107962	WP_192849614	train
WP_337086678	WP_192849614	train
WP_097438257	WP_192849614	train
WP_096321656	WP_192849614	train
WP_137533932	WP_192849614	train
WP_446188638	WP_192849614	train
WP_407979716	WP_192849614	train
WP_097680496	WP_192849614	train
WP_152659661	WP_192849614	train
WP_369511418	WP_192849614	train
WP_250304337	WP_192849614	train
WP_157702382	WP_192849614	train
WP_113926345	WP_192849614	train
WP_171880468	WP_192849614	train
WP_187224980	WP_192849614	train
WP_187226248	WP_192849614	train
WP_096886024	WP_192849614	train
WP_001421248	WP_192849614	train
WP_227910464	WP_192849614	train
WP_236936462	WP_192849614	train
WP_338756180	WP_192849614	train
WP_027663457	WP_192849614	train
WP_001680391	WP_192849614	train
WP_243046681	WP_192849614	train
WP_112886542	WP_192849614	train
WP_113240210	WP_192849614	train
WP_366948134	WP_192849614	train
WP_119177628	WP_192849614	train
WP_053002813	WP_192849614	train
WP_222691237	WP_192849614	train
WP_140026601	WP_192849614	train
WP_191641545	WP_192849614	train
WP_421516011	WP_192849614	train
WP_302313090	WP_192849614	train
WP_032257049	WP_192849614	train
WP_236459775	WP_192849614	train
WP_113411750	WP_192849614	train
WP_115735524	WP_192849614	train
WP_349398136	WP_192849614	train
WP_095157902	WP_192849614	train
WP_088540382	WP_192849614	train
WP_271086764	WP_192849614	train
WP_001366271	WP_192849614	train
WP_140256037	WP_192849614	train
WP_087757968	WP_192849614	train
WP_240078808	WP_192849614	train
WP_001382110	WP_192849614	train
WP_001592150	WP_192849614	train
WP_096247909	WP_192849614	train
WP_136858844	WP_192849614	train
WP_001360019	WP_192849614	train
WP_230146779	WP_192849614	train
WP_486931611	WP_192849614	train
WP_454770421	WP_192849614	train
WP_171935419	WP_192849614	train
WP_181679899	WP_192849614	train
WP_343119737	WP_192849614	train
WP_134812201	WP_192849614	train
WP_033550377	WP_192849614	train
WP_319792650	WP_192849614	train
WP_481985540	WP_192849614	train
WP_125269818	WP_192849614	train
WP_163388228	WP_192849614	train
WP_047086937	WP_192849614	train
WP_373335972	WP_192849614	train
WP_474951761	WP_192849614	train
WP_438415388	WP_192849614	train
WP_187193804	WP_192849614	train
WP_481986271	WP_192849614	train
WP_462822171	WP_192849614	train
WP_024237790	WP_192849614	train
WP_332188114	WP_192849614	train
WP_447275239	WP_192849614	train
WP_005068394	WP_192849614	train
WP_249859788	WP_192849614	train
WP_105476623	WP_192849614	train
WP_112921228	WP_192849614	train
WP_237441488	WP_192849614	train
WP_100029972	WP_192849614	train
WP_001391746	WP_192849614	train
WP_112922984	WP_192849614	train
WP_438380882	WP_192849614	train
WP_128448741	WP_192849614	train
WP_064527215	WP_192849614	train
WP_325901789	WP_192849614	train
WP_059228683	WP_192849614	train
WP_192855525	WP_192849614	train
WP_220766472	WP_192849614	train
WP_126492244	WP_192849614	train
WP_115207242	WP_192849614	train
WP_282654204	WP_192849614	train
WP_284570736	WP_192849614	train
WP_076751418	WP_192849614	train
WP_310563366	WP_192849614	train
WP_105272672	WP_192849614	train
WP_040038412	WP_192849614	train
WP_227899072	WP_192849614	train
WP_001427498	WP_192849614	train
WP_332382293	WP_192849614	train
WP_001704495	WP_192849614	train
WP_113472624	WP_192849614	train
WP_311237079	WP_192849614	train
WP_069905730	WP_192849614	train
WP_369775429	WP_192849614	train
WP_073506986	WP_192849614	train
WP_395765647	WP_192849614	train
WP_174592121	WP_192849614	train
WP_162032121	WP_192849614	train
WP_032206808	WP_192849614	train
WP_423709150	WP_192849614	train
WP_235246749	WP_192849614	train
WP_277499301	WP_192849614	train
WP_279435967	WP_192849614	train
WP_021550866	WP_192849614	train
WP_105263579	WP_192849614	train
WP_192950382	WP_192849614	train
WP_269542849	WP_192849614	train
WP_160539349	WP_192849614	train
WP_021552277	WP_192849614	train
WP_203148526	WP_192849614	train
WP_407109662	WP_192849614	train
WP_287167498	WP_192849614	train
WP_267812607	WP_192849614	train
WP_106404615	WP_192849614	train
WP_459516600	WP_192849614	train
WP_052913447	WP_192849614	train
WP_146755864	WP_192849614	train
WP_196064690	WP_192849614	train
WP_001599360	WP_192849614	train
WP_241461511	WP_192849614	train
WP_424701080	WP_192849614	train
WP_241224313	WP_192849614	train
WP_001506205	WP_192849614	train
WP_426847310	WP_192849614	train
WP_005091745	WP_192849614	train
WP_097432199	WP_192849614	train
WP_324700906	WP_192849614	train
WP_024262211	WP_192849614	train
WP_128613966	WP_192849614	train
WP_261630464	WP_192849614	train
WP_241328699	WP_192849614	train
WP_186184159	WP_192849614	train
WP_134798233	WP_192849614	train
WP_119164766	WP_192849614	train
WP_420899960	WP_192849614	train
WP_447330113	WP_192849614	train
WP_137475916	WP_192849614	train
WP_426367246	WP_192849614	train
WP_394780559	WP_192849614	train
WP_316964735	WP_192849614	train
WP_050939467	WP_192849614	train
WP_414738378	WP_192849614	train
WP_108957935	WP_192849614	train
WP_134778619	WP_192849614	train
WP_023155299	WP_192849614	train
WP_086660415	WP_192849614	train
WP_220410894	WP_192849614	train
WP_201473818	WP_192849614	train
WP_421647791	WP_192849614	train
WP_089552528	WP_192849614	train
WP_414028607	WP_192849614	train
WP_089527054	WP_192849614	train
WP_101918789	WP_192849614	train
WP_053909235	WP_192849614	train
WP_139618376	WP_192849614	train
WP_181200097	WP_192849614	train
WP_063078917	WP_192849614	train
WP_147692244	WP_192849614	train
WP_188155234	WP_192849614	train
WP_089518763	WP_192849614	train
WP_257160795	WP_192849614	train
WP_219371404	WP_192849614	train
WP_115799430	WP_192849614	train
WP_001560478	WP_192849614	train
WP_414768759	WP_192849614	train
WP_275284808	WP_192849614	train
WP_366949120	WP_192849614	train
WP_138183146	WP_192849614	train
WP_130208855	WP_192849614	train
WP_331328556	WP_192849614	train
WP_100521864	WP_192849614	train
WP_331431295	WP_192849614	train
WP_113642433	WP_192849614	train
WP_106486535	WP_192849614	train
WP_254670933	WP_192849614	train
WP_001481542	WP_192849614	train
WP_416503181	WP_192849614	train
WP_021570479	WP_192849614	train
WP_419756846	WP_192849614	train
WP_001538694	WP_192849614	train
WP_054486394	WP_192849614	train
WP_239931908	WP_192849614	train
WP_153643877	WP_192849614	train
WP_106482636	WP_192849614	train
WP_028131801	WP_192849614	train
WP_435392190	WP_192849614	train
WP_251287180	WP_192849614	train
WP_019841512	WP_192849614	train
WP_148465768	WP_192849614	train
WP_421640081	WP_192849614	train
WP_115245290	WP_192849614	train
WP_262243586	WP_192849614	train
WP_032349710	WP_192849614	train
WP_097444033	WP_192849614	train
WP_023145287	WP_192849614	train
WP_407230237	WP_192849614	train
WP_112366248	WP_192849614	train
WP_192951673	WP_192849614	train
WP_181479248	WP_192849614	train
WP_150329495	WP_192849614	train
WP_252716711	WP_192849614	train
WP_139498834	WP_192849614	train
WP_052988062	WP_192849614	train
WP_242898438	WP_192849614	train
WP_248786064	WP_192849614	train
WP_289422044	WP_192849614	train
WP_247178183	WP_192849614	train
WP_105907838	WP_192849614	train
WP_001482712	WP_192849614	train
WP_001718167	WP_192849614	train
WP_137595444	WP_192849614	train
WP_226452336	WP_192849614	train
WP_243053433	WP_192849614	train
WP_053266738	WP_192849614	train
WP_069914431	WP_192849614	train
WP_137539952	WP_192849614	train
WP_097470280	WP_192849614	train
WP_021572102	WP_192849614	train
WP_202793613	WP_192849614	train
WP_001394200	WP_192849614	train
WP_087902984	WP_192849614	train
WP_059412130	WP_192849614	train
WP_136146511	WP_192849614	train
WP_202789540	WP_192849614	train
WP_070825171	WP_192849614	train
WP_311230540	WP_192849614	train
WP_076928071	WP_192849614	train
WP_423271004	WP_192849614	train
WP_109551013	WP_192849614	train
WP_115763372	WP_192849614	train
WP_113649834	WP_192849614	train
WP_181474769	WP_192849614	train
WP_000513607	WP_192849614	train
WP_031935302	WP_192849614	train
WP_136768144	WP_192849614	train
WP_262009906	WP_192849614	train
WP_247153410	WP_192849614	train
WP_137515564	WP_192849614	train
WP_148119703	WP_192849614	train
WP_123163264	WP_192849614	train
WP_254672571	WP_192849614	train
WP_053882325	WP_192849614	train
WP_327741066	WP_192849614	train
WP_464289218	WP_192849614	train
WP_001454855	WP_192849614	train
WP_086185962	WP_192849614	train
WP_123912282	WP_192849614	train
WP_464359077	WP_192849614	train
WP_097488802	WP_192849614	train
WP_137506757	WP_192849614	train
WP_220412840	WP_192849614	train
WP_187227285	WP_192849614	train
WP_456290716	WP_192849614	train
WP_045894874	WP_192849614	train
WP_003985132	WP_192849614	train
WP_052978357	WP_192849614	train
WP_005154109	WP_192849614	train
WP_332262991	WP_192849614	train
WP_311016568	WP_192849614	train
WP_137502456	WP_192849614	train
WP_133458668	WP_192849614	train
WP_159386368	WP_192849614	train
WP_161662020	WP_192849614	train
WP_066009294	WP_192849614	train
WP_072643338	WP_192849614	train
WP_264353673	WP_192849614	train
WP_256548006	WP_192849614	train
WP_096970935	WP_192849614	train
WP_085334235	WP_192849614	train
WP_429872273	WP_192849614	train
WP_112877440	WP_192849614	train
WP_416259211	WP_192849614	train
WP_136682147	WP_192849614	train
WP_072646801	WP_192849614	train
WP_127976814	WP_192849614	train
WP_206053140	WP_192849614	train
WP_187180086	WP_192849614	train
WP_458583020	WP_192849614	train
WP_016234290	WP_192849614	train
WP_247171124	WP_192849614	train
WP_243194805	WP_192849614	train
WP_112032765	WP_192849614	train
WP_053900860	WP_192849614	train
WP_427798805	WP_192849614	train
WP_159193901	WP_192849614	train
WP_142440923	WP_192849614	train
WP_088542522	WP_192849614	train
WP_113864426	WP_192849614	train
WP_261627966	WP_192849614	train
WP_100679007	WP_192849614	train
WP_021518134	WP_192849614	train
WP_439023289	WP_192849614	train
WP_115761048	WP_192849614	train
WP_436403923	WP_192849614	train
WP_169750412	WP_192849614	train
WP_149451194	WP_192849614	train
WP_340494168	WP_192849614	train
WP_134279066	WP_192849614	train
WP_194523803	WP_192849614	train
WP_119176830	WP_192849614	train
WP_305865306	WP_192849614	train
WP_119186902	WP_192849614	train
WP_099373806	WP_192849614	train
WP_311008941	WP_192849614	train
WP_286629601	WP_192849614	train
WP_001466145	WP_192849614	train
WP_074657198	WP_192849614	train
WP_057109924	WP_192849614	train
WP_096841399	WP_192849614	train
WP_240759377	WP_192849614	train
WP_202255766	WP_192849614	train
WP_069914131	WP_192849614	train
WP_416039761	WP_192849614	train
WP_414226237	WP_192849614	train
WP_004991834	WP_192849614	train
WP_185198969	WP_192849614	train
WP_097498751	WP_192849614	train
WP_247201421	WP_192849614	train
WP_366948843	WP_192849614	train
WP_225386287	WP_192849614	train
WP_332831117	WP_192849614	train
WP_064237241	WP_192849614	train
WP_311041163	WP_192849614	train
WP_097764383	WP_192849614	train
WP_001559015	WP_192849614	train
WP_431697653	WP_192849614	train
WP_442897870	WP_192849614	train
WP_473003672	WP_192849614	train
WP_458584222	WP_192849614	train
WP_125112108	WP_192849614	train
WP_002462101	WP_192849614	train
WP_118977504	WP_192849614	train
WP_471727126	WP_192849614	train
WP_221684260	WP_192849614	train
WP_094762083	WP_192849614	train
WP_163433315	WP_192849614	train
WP_350422321	WP_192849614	train
WP_089576709	WP_192849614	train
WP_103857084	WP_192849614	train
WP_102203548	WP_192849614	train
WP_032204508	WP_192849614	train
WP_268602035	WP_192849614	train
WP_247145821	WP_192849614	train
WP_217609374	WP_192849614	train
WP_332977571	WP_192849614	train
WP_261628841	WP_192849614	train
WP_060659251	WP_192849614	train
WP_322277592	WP_192849614	train
WP_074463929	WP_192849614	train
WP_001714078	WP_192849614	train
WP_446848106	WP_192849614	train
WP_402460260	WP_192849614	train
WP_315747506	WP_192849614	train
WP_204678087	WP_192849614	train
WP_135115804	WP_192849614	train
WP_332139435	WP_192849614	train
WP_210179557	WP_192849614	train
WP_167579782	WP_192849614	train
WP_001661269	WP_192849614	train
WP_001678703	WP_192849614	train
WP_033865378	WP_192849614	train
WP_059239922	WP_192849614	train
WP_262933146	WP_192849614	train
WP_289643863	WP_192849614	train
WP_087895482	WP_192849614	train
WP_253144465	WP_192849614	train
WP_121351260	WP_192849614	train
WP_206343457	WP_192849614	train
WP_196317853	WP_192849614	train
WP_215271449	WP_192849614	train
WP_338297467	WP_192849614	train
WP_316945485	WP_192849614	train
WP_226210954	WP_192849614	train
WP_369764533	WP_192849614	train
WP_001372673	WP_192849614	train
WP_186180494	WP_192849614	train
WP_332999888	WP_192849614	train
WP_180391706	WP_192849614	train
WP_119172132	WP_192849614	train
WP_001593985	WP_192849614	train
WP_106508295	WP_192849614	train
WP_025759091	WP_192849614	train
WP_176262646	WP_192849614	train
WP_137471433	WP_192849614	train
WP_097485546	WP_192849614	train
WP_112033004	WP_192849614	train
WP_001484824	WP_192849614	train
WP_238004604	WP_192849614	train
WP_305873351	WP_192849614	train
WP_407904566	WP_192849614	train
WP_395525703	WP_192849614	train
WP_063105276	WP_192849614	train
WP_280948387	WP_192849614	train
WP_325883021	WP_192849614	train
WP_059337755	WP_192849614	train
WP_264096411	WP_192849614	train
WP_001607265	WP_192849614	train
WP_005023339	WP_192849614	train
WP_472648825	WP_192849614	train
WP_011378684	WP_192849614	train
WP_010332637	WP_192849614	train
WP_308065925	WP_192849614	train
WP_157276168	WP_192849614	train
WP_334408750	WP_192849614	train
WP_447564826	WP_192849614	train
WP_413460872	WP_192849614	train
WP_097507272	WP_192849614	train
WP_439230711	WP_192849614	train
WP_247165343	WP_192849614	train
WP_426203289	WP_192849614	train
WP_458583291	WP_192849614	train
WP_196445778	WP_192849614	train
WP_111990485	WP_192849614	train
WP_411961687	WP_192849614	train
WP_052906616	WP_192849614	train
WP_115424090	WP_192849614	train
WP_001707026	WP_192849614	train
WP_001705049	WP_192849614	train
WP_247155361	WP_192849614	train
WP_161412543	WP_192849614	train
WP_001518579	WP_192849614	train
WP_063077576	WP_192849614	train
WP_218075839	WP_192849614	train
WP_152066611	WP_192849614	train
WP_187987395	WP_192849614	train
WP_001373327	WP_192849614	train
WP_149917038	WP_192849614	train
WP_255401172	WP_192849614	train
WP_313842564	WP_192849614	train
WP_119175098	WP_192849614	train
WP_130236464	WP_192849614	train
WP_141106124	WP_192849614	train
WP_443462492	WP_192849614	train
WP_010355625	WP_192849614	train
WP_423410939	WP_192849614	train
WP_262035598	WP_192849614	train
WP_094132683	WP_192849614	train
WP_387372041	WP_192849614	train
WP_236118841	WP_192849614	train
WP_032352450	WP_192849614	train
WP_218794167	WP_192849614	train
WP_032342674	WP_192849614	train
WP_080106450	WP_192849614	train
WP_337453176	WP_192849614	train
WP_136761015	WP_192849614	train
WP_096879969	WP_192849614	train
WP_227168627	WP_192849614	train
WP_320266429	WP_192849614	train
WP_094317408	WP_192849614	train
WP_046640933	WP_192849614	train
WP_430993336	WP_192849614	train
WP_247182134	WP_192849614	train
WP_097714040	WP_192849614	train
WP_247083413	WP_192849614	train
WP_148500470	WP_192849614	train
WP_285960002	WP_192849614	train
WP_001359511	WP_192849614	train
WP_121851388	WP_192849614	train
WP_060707480	WP_192849614	train
WP_289245588	WP_192849614	train
WP_097711832	WP_192849614	train
WP_238023918	WP_192849614	train
WP_446423502	WP_192849614	train
WP_260232434	WP_192849614	train
WP_169769151	WP_192849614	train
WP_218684166	WP_192849614	train
WP_233399111	WP_192849614	train
WP_192962928	WP_192849614	train
WP_256877886	WP_192849614	train
WP_052975063	WP_192849614	train
WP_100250228	WP_192849614	train
WP_261627589	WP_192849614	train
WP_057720002	WP_192849614	train
WP_137538174	WP_192849614	train
WP_097412927	WP_192849614	train
WP_069904852	WP_192849614	train
WP_001541847	WP_192849614	train
WP_289703131	WP_192849614	train
WP_057777575	WP_192849614	train
WP_096967778	WP_192849614	train
WP_001583462	WP_192849614	train
WP_202851475	WP_192849614	train
WP_198777397	WP_192849614	train
WP_137512136	WP_192849614	train
WP_115199201	WP_192849614	train
WP_161418317	WP_192849614	train
WP_464290898	WP_192849614	train
WP_155061021	WP_192849614	train
WP_094308111	WP_192849614	train
WP_225568209	WP_192849614	train
WP_049595195	WP_192849614	train
WP_021516023	WP_192849614	train
WP_193802880	WP_192849614	train
WP_021523431	WP_192849614	train
WP_237984063	WP_192849614	train
WP_097335995	WP_192849614	train
WP_262950862	WP_192849614	train
WP_481243715	WP_192849614	train
WP_283726749	WP_192849614	train
WP_001397166	WP_192849614	train
WP_077543233	WP_192849614	train
WP_005032880	WP_192849614	train
WP_010350249	WP_192849614	train
WP_119179414	WP_192849614	train
WP_125317346	WP_192849614	train
WP_192958487	WP_192849614	train
WP_089566857	WP_192849614	train
WP_236429410	WP_192849614	train
WP_064562387	WP_192849614	train
WP_447489792	WP_192849614	train
WP_323621904	WP_192849614	train
WP_063121945	WP_192849614	train
WP_001355506	WP_192849614	train
WP_163426876	WP_192849614	train
WP_105285789	WP_192849614	train
WP_282992823	WP_192849614	train
WP_282983516	WP_192849614	train
WP_241075381	WP_192849614	train
WP_277890106	WP_192849614	train
WP_134215468	WP_192849614	train
WP_121868792	WP_192849614	train
WP_311040219	WP_192849614	train
WP_001646990	WP_192849614	train
WP_045893060	WP_192849614	train
WP_284161482	WP_192849614	train
WP_407903662	WP_192849614	train
WP_192954591	WP_192849614	train
WP_282871951	WP_192849614	train
WP_447470699	WP_192849614	train
WP_024232160	WP_192849614	train
WP_137583760	WP_192849614	train
WP_094281469	WP_192849614	train
WP_001485714	WP_192849614	train
WP_139555671	WP_192849614	train
WP_172695238	WP_192849614	train
WP_044864065	WP_192849614	train
WP_059258507	WP_192849614	train
WP_269718103	WP_192849614	train
WP_482517003	WP_192849614	train
WP_146313851	WP_192849614	train
WP_047596462	WP_192849614	train
WP_222669901	WP_192849614	train
WP_112015207	WP_192849614	train
WP_426853422	WP_192849614	train
WP_064484550	WP_192849614	train
WP_097492185	WP_192849614	train
WP_315630697	WP_192849614	train
WP_001437935	WP_192849614	train
WP_204186033	WP_192849614	train
WP_089518695	WP_192849614	train
WP_061351301	WP_192849614	train
WP_370988044	WP_192849614	train
WP_349395210	WP_192849614	train
WP_106494858	WP_192849614	train
WP_116979454	WP_192849614	train
WP_135144798	WP_192849614	train
WP_443651874	WP_192849614	train
WP_196615202	WP_192849614	train
WP_096169264	WP_192849614	train
WP_063091024	WP_192849614	train
WP_483662860	WP_192849614	train
WP_302305017	WP_192849614	train
WP_148463990	WP_192849614	train
WP_367008219	WP_192849614	train
WP_001516492	WP_192849614	train
WP_433818219	WP_192849614	train
WP_289420208	WP_192849614	train
WP_130568304	WP_192849614	train
WP_001669681	WP_192849614	train
WP_054494245	WP_192849614	train
WP_042049273	WP_192849614	train
WP_337227086	WP_192849614	train
WP_260864264	WP_192849614	train
WP_062865036	WP_192849614	train
WP_141416369	WP_192849614	train
WP_097294803	WP_192849614	train
WP_136731255	WP_192849614	train
WP_149466854	WP_192849614	train
WP_289266599	WP_192849614	train
WP_105477184	WP_192849614	train
WP_308733392	WP_192849614	train
WP_190300536	WP_192849614	train
WP_021580713	WP_192849614	train
WP_142438391	WP_192849614	train
WP_447540432	WP_192849614	train
WP_075330273	WP_192849614	train
WP_244345692	WP_192849614	train
WP_348919045	WP_192849614	train
WP_063116825	WP_192849614	train
WP_001382542	WP_192849614	train
WP_277176331	WP_192849614	train
WP_152030771	WP_192849614	train
WP_042029466	WP_192849614	train
WP_001625658	WP_192849614	train
WP_014639162	WP_192849614	train
WP_285959979	WP_192849614	train
WP_404410094	WP_192849614	train
WP_137576422	WP_192849614	train
WP_262812031	WP_192849614	train
WP_289465217	WP_192849614	train
WP_232395194	WP_192849614	train
WP_104731239	WP_192849614	train
WP_276377001	WP_192849614	train
WP_098027822	WP_192849614	train
WP_112019809	WP_192849614	train
WP_096838835	WP_192849614	train
WP_248889884	WP_192849614	train
WP_367745798	WP_192849614	train
WP_176261916	WP_192849614	train
WP_446913412	WP_192849614	train
WP_160193224	WP_192849614	train
WP_075631300	WP_192849614	train
WP_088129661	WP_192849614	train
WP_003955190	WP_192849614	train
WP_226438863	WP_192849614	train
WP_158154947	WP_192849614	train
WP_368493665	WP_192849614	train
WP_004970853	WP_192849614	train
WP_394599698	WP_192849614	train
WP_229479233	WP_192849614	train
WP_136160630	WP_192849614	train
WP_001574321	WP_192849614	train
WP_178319806	WP_192849614	train
WP_148485620	WP_192849614	train
WP_346708209	WP_192849614	train
WP_208064775	WP_192849614	train
WP_115194301	WP_192849614	train
WP_233945808	WP_192849614	train
WP_252392729	WP_192849614	train
WP_187795798	WP_192849614	train
WP_000513603	WP_192849614	train
WP_122792581	WP_192849614	train
WP_329821587	WP_192849614	train
WP_439221683	WP_192849614	train
WP_171950428	WP_192849614	train
WP_373347088	WP_192849614	train
WP_049026611	WP_192849614	train
WP_052977845	WP_192849614	train
WP_052973597	WP_192849614	train
WP_201491825	WP_192849614	train
WP_329481949	WP_192849614	train
WP_089626780	WP_192849614	train
WP_047085249	WP_192849614	train
WP_096854949	WP_192849614	train
WP_343284150	WP_192849614	train
WP_112917305	WP_192849614	train
WP_073820680	WP_192849614	train
WP_123135026	WP_192849614	train
WP_128472628	WP_192849614	train
WP_163435180	WP_192849614	train
WP_332254822	WP_192849614	train
WP_311001712	WP_192849614	train
WP_089589552	WP_192849614	train
WP_024234990	WP_192849614	train
WP_473723877	WP_192849614	train
WP_247144513	WP_192849614	train
WP_220675050	WP_192849614	train
WP_032261103	WP_192849614	train
WP_464288177	WP_192849614	train
WP_462600880	WP_192849614	train
WP_097337272	WP_192849614	train
WP_348918847	WP_192849614	train
WP_247172460	WP_192849614	train
WP_278280999	WP_192849614	train
WP_039025800	WP_192849614	train
WP_396125936	WP_192849614	train
WP_427815150	WP_192849614	train
WP_438782855	WP_192849614	train
WP_032297743	WP_192849614	train
WP_096079871	WP_192849614	train
WP_105279728	WP_192849614	train
WP_336222277	WP_192849614	train
WP_410772718	WP_192849614	train
WP_280150293	WP_192849614	train
WP_052281646	WP_052281646	test
WP_416015630	WP_052281646	test
WP_347291911	WP_052281646	test
WP_108475619	WP_052281646	test
WP_407732677	WP_052281646	test
WP_368479403	WP_052281646	test
WP_271459113	WP_052281646	test
WP_182934709	WP_052281646	test
WP_416868638	WP_052281646	test
WP_220440561	WP_052281646	test
WP_368287293	WP_052281646	test
WP_316149574	WP_052281646	test
WP_395594927	WP_052281646	test
WP_415989226	WP_052281646	test
WP_312656652	WP_052281646	test
WP_062774628	WP_052281646	test
WP_166514056	WP_052281646	test
WP_061279486	WP_052281646	test
WP_410998915	WP_052281646	test
WP_415980737	WP_052281646	test
WP_484132157	WP_052281646	test
WP_415996169	WP_052281646	test
WP_185666031	WP_052281646	test
WP_333498399	WP_052281646	test
WP_421558872	WP_052281646	test
WP_234506040	WP_052281646	test
WP_464404767	WP_052281646	test
WP_065357584	WP_052281646	test
WP_350435422	WP_052281646	test
WP_315406598	WP_052281646	test
WP_270502941	WP_052281646	test
WP_163448912	WP_052281646	test
WP_064546022	WP_052281646	test
WP_433635992	WP_052281646	test
WP_113858675	WP_052281646	test
WP_349600326	WP_052281646	test
WP_106929035	WP_052281646	test
WP_455648469	WP_052281646	test
WP_333496377	WP_052281646	test
WP_035892922	WP_052281646	test
WP_189623247	WP_052281646	test
WP_123650516	WP_052281646	test
WP_175272997	WP_175272997	train
WP_064566066	WP_175272997	train
WP_263100684	WP_175272997	train
WP_071920884	WP_175272997	train
WP_149288736	WP_175272997	train
WP_043953492	WP_175272997	train
WP_208658727	WP_175272997	train
WP_007371932	WP_175272997	train
WP_090137459	WP_175272997	train
WP_090120569	WP_175272997	train
WP_430889945	WP_175272997	train
WP_200550844	WP_175272997	train
WP_480164295	WP_175272997	train
WP_124968209	WP_175272997	train
WP_419979877	WP_175272997	train
WP_094419788	WP_175272997	train
WP_200580226	WP_175272997	train
WP_187798907	WP_175272997	train
WP_128482868	WP_175272997	train
WP_429175852	WP_175272997	train
WP_458677963	WP_175272997	train
WP_076769924	WP_175272997	train
WP_305208321	WP_175272997	train
WP_483558901	WP_175272997	train
WP_139966266	WP_175272997	train
WP_462979996	WP_175272997	train
WP_342325284	WP_175272997	train
WP_277172061	WP_175272997	train
WP_023478680	WP_175272997	train
WP_200133615	WP_175272997	train
WP_433691382	WP_175272997	train
WP_443085883	WP_175272997	train
WP_097401100	WP_175272997	train
WP_065368399	WP_175272997	train
WP_289891751	WP_175272997	train
WP_016495870	WP_175272997	train
WP_131413344	WP_175272997	train
WP_322553201	WP_175272997	train
WP_086868681	WP_175272997	train
WP_249881734	WP_175272997	train
WP_340224588	WP_175272997	train
WP_045508058	WP_175272997	train
WP_039056062	WP_175272997	train
WP_017457189	WP_175272997	train
WP_160270043	WP_175272997	train
WP_436874347	WP_175272997	train
WP_061496199	WP_175272997	train
WP_312686716	WP_175272997	train
WP_097405904	WP_175272997	train
WP_325945642	WP_325945642	train
WP_336996003	WP_325945642	train
WP_480070905	WP_325945642	train
WP_286809123	WP_325945642	train
WP_040075361	WP_325945642	train
WP_411175772	WP_411175772	train
WP_202861951	WP_411175772	train
WP_262266697	WP_411175772	train
WP_480129600	WP_411175772	train
WP_200303093	WP_411175772	train
WP_305212583	WP_411175772	train
WP_102000497	WP_411175772	train
WP_480093787	WP_411175772	train
WP_040226445	WP_411175772	train
WP_082229234	WP_411175772	train
WP_310673393	WP_411175772	train
WP_445554564	WP_411175772	train
WP_117088480	WP_411175772	train
WP_142474303	WP_411175772	train
WP_138362670	WP_411175772	train
WP_416225061	WP_411175772	train
WP_410161815	WP_411175772	train
WP_217048526	WP_411175772	train
WP_487138232	WP_411175772	train
WP_142304118	WP_411175772	train
WP_139537982	WP_411175772	train
WP_109213862	WP_411175772	train
WP_319078733	WP_411175772	train
WP_407266354	WP_411175772	train
WP_483561815	WP_411175772	train
WP_117078993	WP_411175772	train
WP_114505628	WP_411175772	train
WP_484495610	WP_411175772	train
WP_163622101	WP_411175772	train
WP_334650817	WP_411175772	train
WP_160544617	WP_411175772	train
WP_270832760	WP_411175772	train
WP_410165861	WP_411175772	train
WP_095221592	WP_411175772	train
WP_019705470	WP_411175772	train
WP_411306351	WP_411175772	train
WP_149127979	WP_411175772	train
WP_102093501	WP_411175772	train
WP_142465726	WP_411175772	train
WP_110216527	WP_411175772	train
WP_345756041	WP_411175772	train
WP_163595565	WP_411175772	train
WP_427065351	WP_411175772	train
WP_165470248	WP_411175772	train
WP_395164629	WP_411175772	train
WP_221347328	WP_411175772	train
WP_137442166	WP_411175772	train
WP_243237761	WP_411175772	train
WP_334648524	WP_411175772	train
WP_316077590	WP_411175772	train
WP_032434376	WP_411175772	train
WP_274920795	WP_411175772	train
WP_341800925	WP_411175772	train
WP_125488812	WP_411175772	train
WP_420522899	WP_411175772	train
WP_480128171	WP_411175772	train
WP_334654124	WP_411175772	train
WP_113778888	WP_411175772	train
WP_486335594	WP_411175772	train
WP_426778453	WP_411175772	train
WP_142482439	WP_411175772	train
WP_322358347	WP_411175772	train
WP_192417617	WP_411175772	train
WP_480062255	WP_411175772	train
WP_117135155	WP_411175772	train
WP_191678197	WP_411175772	train
WP_420266487	WP_411175772	train
WP_069196944	WP_411175772	train
WP_267695295	WP_411175772	train
WP_243234287	WP_411175772	train
WP_310958634	WP_411175772	train
WP_135727294	WP_411175772	train
WP_218811671	WP_411175772	train
WP_117038863	WP_411175772	train
WP_153944198	WP_411175772	train
WP_159196466	WP_411175772	train
WP_354517474	WP_411175772	train
WP_475009368	WP_411175772	train
WP_117130937	WP_411175772	train
WP_023289334	WP_411175772	train
WP_434641725	WP_411175772	train
WP_474023576	WP_411175772	train
WP_117044812	WP_411175772	train
WP_429914503	WP_411175772	train
WP_115660510	WP_411175772	train
WP_407346152	WP_411175772	train
WP_065907336	WP_411175772	train
WP_152659825	WP_411175772	train
WP_130979966	WP_411175772	train
WP_192906086	WP_411175772	train
WP_447522091	WP_411175772	train
WP_117268660	WP_411175772	train
WP_406822448	WP_411175772	train
WP_186931997	WP_411175772	train
WP_094313631	WP_411175772	train
WP_117068547	WP_411175772	train
WP_167588561	WP_411175772	train
WP_195775466	WP_411175772	train
WP_142982820	WP_411175772	train
WP_281074577	WP_411175772	train
WP_374732407	WP_411175772	train
WP_226324028	WP_411175772	train
WP_041145185	WP_411175772	train
WP_250949803	WP_411175772	train
WP_348864568	WP_411175772	train
WP_043521232	WP_411175772	train
WP_474525252	WP_411175772	train
WP_147733776	WP_411175772	train
WP_064151908	WP_411175772	train
WP_187551200	WP_411175772	train
WP_208692711	WP_411175772	train
WP_102000212	WP_411175772	train
WP_135716682	WP_411175772	train
WP_136666037	WP_411175772	train
WP_218785454	WP_411175772	train
WP_325924888	WP_411175772	train
WP_109231346	WP_411175772	train
WP_117264315	WP_411175772	train
WP_370925392	WP_411175772	train
WP_117029727	WP_411175772	train
WP_480114815	WP_411175772	train
WP_153793083	WP_411175772	train
WP_419387588	WP_411175772	train
WP_211775000	WP_411175772	train
WP_022065862	WP_411175772	train
WP_434645565	WP_411175772	train
WP_274729118	WP_411175772	train
WP_136070347	WP_411175772	train
WP_239725469	WP_411175772	train
WP_109938594	WP_411175772	train
WP_406573333	WP_411175772	train
WP_326380770	WP_411175772	train
WP_256820027	WP_411175772	train
WP_449273176	WP_411175772	train
WP_232203240	WP_411175772	train
WP_141964810	WP_411175772	train
WP_303688129	WP_411175772	train
WP_285210197	WP_411175772	train
WP_339353709	WP_411175772	train
WP_182971283	WP_411175772	train
WP_369308187	WP_411175772	train
WP_228368418	WP_411175772	train
WP_404652353	WP_411175772	train
WP_316937647	WP_411175772	train
WP_023316755	WP_411175772	train
WP_237373234	WP_411175772	train
WP_373447926	WP_411175772	train
WP_073553171	WP_411175772	train
WP_180851733	WP_411175772	train
WP_260197931	WP_411175772	train
WP_040151502	WP_411175772	train
WP_094081368	WP_411175772	train
WP_228362468	WP_411175772	train
WP_020321645	WP_411175772	train
WP_462619395	WP_411175772	train
WP_283001468	WP_411175772	train
WP_222699356	WP_411175772	train
WP_458266467	WP_411175772	train
WP_255079442	WP_411175772	train
WP_476627604	WP_411175772	train
WP_103527390	WP_411175772	train
WP_447337092	WP_411175772	train
WP_331839958	WP_411175772	train
WP_064156868	WP_411175772	train
WP_463732625	WP_411175772	train
WP_186962308	WP_411175772	train
WP_229579162	WP_411175772	train
WP_421168259	WP_411175772	train
WP_234631485	WP_411175772	train
WP_141444984	WP_411175772	train
WP_436899908	WP_411175772	train
WP_371888397	WP_411175772	train
WP_407245968	WP_411175772	train
WP_420529289	WP_411175772	train
WP_194433267	WP_411175772	train
WP_479455981	WP_411175772	train
WP_117240561	WP_411175772	train
WP_487154511	WP_411175772	train
WP_419387912	WP_411175772	train
WP_064180156	WP_411175772	train
WP_064166623	WP_411175772	train
WP_254732663	WP_411175772	train
WP_346804712	WP_411175772	train
WP_117046371	WP_411175772	train
WP_130942250	WP_411175772	train
WP_434137888	WP_411175772	train
WP_130973450	WP_411175772	train
WP_040168960	WP_411175772	train
WP_226327838	WP_411175772	train
WP_289455742	WP_411175772	train
WP_268162950	WP_411175772	train
WP_124990282	WP_411175772	train
WP_373947530	WP_411175772	train
WP_087483090	WP_411175772	train
WP_069345382	WP_411175772	train
WP_340215617	WP_411175772	train
WP_230542734	WP_411175772	train
WP_369281204	WP_411175772	train
WP_049093147	WP_411175772	train
WP_135719522	WP_411175772	train
WP_431540559	WP_411175772	train
WP_072420358	WP_411175772	train
WP_116954423	WP_411175772	train
WP_141410726	WP_411175772	train
WP_395534066	WP_411175772	train
WP_040176937	WP_411175772	train
WP_087703999	WP_411175772	train
WP_181469616	WP_411175772	train
WP_369505291	WP_411175772	train
WP_271147273	WP_411175772	train
WP_211596642	WP_411175772	train
WP_274892070	WP_411175772	train
WP_476703131	WP_411175772	train
WP_411545731	WP_411175772	train
WP_191974668	WP_411175772	train
WP_265716370	WP_411175772	train
WP_185185505	WP_411175772	train
WP_076945386	WP_411175772	train
WP_123707647	WP_411175772	train
WP_373637796	WP_411175772	train
WP_435341152	WP_411175772	train
WP_473760565	WP_411175772	train
WP_086618141	WP_411175772	train
WP_480079309	WP_411175772	train
WP_195807554	WP_411175772	train
WP_116701358	WP_411175772	train
WP_211843568	WP_411175772	train
WP_185775714	WP_411175772	train
WP_004210738	WP_411175772	train
WP_394871727	WP_411175772	train
WP_462811676	WP_411175772	train
WP_317978304	WP_411175772	train
WP_142502063	WP_411175772	train
WP_414599960	WP_411175772	train
WP_115196838	WP_411175772	train
WP_324700799	WP_411175772	train
WP_281084082	WP_411175772	train
WP_265001843	WP_411175772	train
WP_072122582	WP_411175772	train
WP_128878373	WP_411175772	train
WP_322254049	WP_411175772	train
WP_260990179	WP_411175772	train
WP_193427610	WP_411175772	train
WP_117257210	WP_411175772	train
WP_223398036	WP_411175772	train
WP_117140750	WP_411175772	train
WP_065805057	WP_411175772	train
WP_203283643	WP_411175772	train
WP_473806535	WP_411175772	train
WP_211598463	WP_411175772	train
WP_111211630	WP_411175772	train
WP_454787502	WP_411175772	train
WP_283008488	WP_411175772	train
WP_410139585	WP_411175772	train
WP_462456246	WP_411175772	train
WP_244345677	WP_411175772	train
WP_228666196	WP_411175772	train
WP_110185165	WP_411175772	train
WP_004861033	WP_411175772	train
WP_310662105	WP_411175772	train
WP_155009479	WP_411175772	train
WP_331320352	WP_411175772	train
WP_064870171	WP_411175772	train
WP_045855064	WP_411175772	train
WP_264975187	WP_411175772	train
WP_284123375	WP_411175772	train
WP_186919470	WP_411175772	train
WP_064153530	WP_411175772	train
WP_229581618	WP_411175772	train
WP_369776202	WP_411175772	train
WP_447519871	WP_411175772	train
WP_285238167	WP_411175772	train
WP_440717892	WP_411175772	train
WP_117616406	WP_411175772	train
WP_438342884	WP_411175772	train
WP_132510763	WP_411175772	train
WP_213923757	WP_411175772	train
WP_165459343	WP_411175772	train
WP_180248332	WP_411175772	train
WP_232695808	WP_411175772	train
WP_110243538	WP_411175772	train
WP_323079749	WP_411175772	train
WP_125342895	WP_411175772	train
WP_486514583	WP_411175772	train
WP_323083092	WP_411175772	train
WP_064153402	WP_411175772	train
WP_107646713	WP_411175772	train
WP_135729451	WP_411175772	train
WP_109234062	WP_411175772	train
WP_105329747	WP_411175772	train
WP_107320662	WP_411175772	train
WP_087867954	WP_411175772	train
WP_447342481	WP_411175772	train
WP_104513716	WP_411175772	train
WP_180863785	WP_411175772	train
WP_414795685	WP_411175772	train
WP_125341888	WP_411175772	train
WP_340127536	WP_411175772	train
WP_073547015	WP_411175772	train
WP_131001956	WP_411175772	train
WP_323091922	WP_411175772	train
WP_224997432	WP_411175772	train
WP_275018029	WP_411175772	train
WP_270036829	WP_411175772	train
WP_152842466	WP_411175772	train
WP_208527116	WP_411175772	train
WP_407798687	WP_411175772	train
WP_101999799	WP_411175772	train
WP_141490166	WP_411175772	train
WP_411173569	WP_411175772	train
WP_370429837	WP_411175772	train
WP_160555596	WP_411175772	train
WP_065518547	WP_411175772	train
WP_242184447	WP_411175772	train
WP_094334481	WP_411175772	train
WP_373630148	WP_411175772	train
WP_117096398	WP_411175772	train
WP_126476744	WP_411175772	train
WP_048329914	WP_411175772	train
WP_220022329	WP_411175772	train
WP_484134387	WP_411175772	train
WP_222665721	WP_411175772	train
WP_109547469	WP_411175772	train
WP_186933602	WP_411175772	train
WP_332096966	WP_411175772	train
WP_128335574	WP_411175772	train
WP_117263829	WP_411175772	train
WP_135721045	WP_411175772	train
WP_159209633	WP_411175772	train
WP_117240840	WP_411175772	train
WP_064179410	WP_411175772	train
WP_020802463	WP_411175772	train
WP_306504688	WP_411175772	train
WP_114501796	WP_411175772	train
WP_414477393	WP_411175772	train
WP_101985150	WP_411175772	train
WP_086556241	WP_411175772	train
WP_290256893	WP_411175772	train
WP_369121986	WP_411175772	train
WP_438257013	WP_411175772	train
WP_487163232	WP_411175772	train
WP_318628749	WP_411175772	train
WP_103527756	WP_411175772	train
WP_136034892	WP_411175772	train
WP_049153074	WP_411175772	train
WP_134525716	WP_411175772	train
WP_130958544	WP_411175772	train
WP_060591022	WP_411175772	train
WP_002901763	WP_411175772	train
WP_243810975	WP_411175772	train
WP_255893324	WP_411175772	train
WP_040243794	WP_411175772	train
WP_259615654	WP_411175772	train
WP_196536156	WP_411175772	train
WP_418286333	WP_411175772	train
WP_115217107	WP_411175772	train
WP_087830411	WP_411175772	train
WP_474533263	WP_411175772	train
WP_432490688	WP_411175772	train
WP_201519253	WP_411175772	train
WP_410164706	WP_411175772	train
WP_473731345	WP_411175772	train
WP_267716499	WP_411175772	train
WP_331851261	WP_411175772	train
WP_132342525	WP_411175772	train
WP_286126958	WP_411175772	train
WP_368996077	WP_411175772	train
WP_211777196	WP_411175772	train
WP_373442807	WP_411175772	train
WP_334076467	WP_411175772	train
WP_374026572	WP_411175772	train
WP_284129455	WP_411175772	train
WP_475001078	WP_411175772	train
WP_263060695	WP_411175772	train
WP_161205809	WP_411175772	train
WP_465055990	WP_411175772	train
WP_071556720	WP_411175772	train
WP_323068025	WP_411175772	train
WP_268000618	WP_411175772	train
WP_423274527	WP_411175772	train
WP_318042373	WP_411175772	train
WP_309355740	WP_411175772	train
WP_160703664	WP_411175772	train
WP_131050202	WP_411175772	train
WP_281078318	WP_411175772	train
WP_251346838	WP_411175772	train
WP_159869334	WP_411175772	train
WP_004203874	WP_411175772	train
WP_095097060	WP_411175772	train
WP_087848749	WP_411175772	train
WP_117134206	WP_411175772	train
WP_373853246	WP_411175772	train
WP_259602137	WP_411175772	train
WP_421052187	WP_411175772	train
WP_135720131	WP_411175772	train
WP_103527697	WP_411175772	train
WP_032435399	WP_411175772	train
WP_200995511	WP_411175772	train
WP_065889043	WP_411175772	train
WP_205439838	WP_411175772	train
WP_032688111	WP_411175772	train
WP_255158714	WP_411175772	train
WP_440081239	WP_411175772	train
WP_368760590	WP_411175772	train
WP_100781363	WP_411175772	train
WP_457896050	WP_411175772	train
WP_050887669	WP_411175772	train
WP_325083491	WP_411175772	train
WP_012968444	WP_411175772	train
WP_454787022	WP_411175772	train
WP_065805816	WP_411175772	train
WP_115700814	WP_411175772	train
WP_210780356	WP_411175772	train
WP_135664017	WP_411175772	train
WP_336581409	WP_411175772	train
WP_343721403	WP_411175772	train
WP_407244149	WP_411175772	train
WP_218390156	WP_411175772	train
WP_371901411	WP_411175772	train
WP_096608895	WP_411175772	train
WP_480134003	WP_411175772	train
WP_085334440	WP_411175772	train
WP_142461576	WP_411175772	train
WP_025714303	WP_411175772	train
WP_064165659	WP_411175772	train
WP_218408388	WP_411175772	train
WP_309354322	WP_411175772	train
WP_097357630	WP_411175772	train
WP_371334249	WP_411175772	train
WP_411300380	WP_411175772	train
WP_181591646	WP_411175772	train
WP_480107182	WP_411175772	train
WP_234263774	WP_411175772	train
WP_110248295	WP_411175772	train
WP_407260991	WP_411175772	train
WP_411547825	WP_411175772	train
WP_064172388	WP_411175772	train
WP_232552590	WP_411175772	train
WP_480057278	WP_411175772	train
WP_100683927	WP_411175772	train
WP_447519803	WP_411175772	train
WP_048982038	WP_411175772	train
WP_172872003	WP_411175772	train
WP_486533209	WP_411175772	train
WP_368764729	WP_411175772	train
WP_096834448	WP_411175772	train
WP_117128375	WP_411175772	train
WP_241508758	WP_411175772	train
WP_445129607	WP_411175772	train
WP_136084525	WP_411175772	train
WP_048323904	WP_411175772	train
WP_004179471	WP_411175772	train
WP_086555652	WP_411175772	train
WP_264252361	WP_411175772	train
WP_117097286	WP_411175772	train
WP_420256962	WP_411175772	train
WP_204779811	WP_411175772	train
WP_447340610	WP_411175772	train
WP_048291530	WP_411175772	train
WP_458914554	WP_411175772	train
WP_069346773	WP_411175772	train
WP_284127656	WP_411175772	train
WP_008807785	WP_411175772	train
WP_436914331	WP_411175772	train
WP_087872805	WP_411175772	train
WP_265796255	WP_411175772	train
WP_430914200	WP_411175772	train
WP_256816999	WP_411175772	train
WP_458293943	WP_411175772	train
WP_213220152	WP_411175772	train
WP_241506355	WP_411175772	train
WP_110225254	WP_411175772	train
WP_227112575	WP_411175772	train
WP_226340443	WP_411175772	train
WP_221012827	WP_411175772	train
WP_125285519	WP_411175772	train
WP_160124524	WP_411175772	train
WP_447522013	WP_411175772	train
WP_250376273	WP_411175772	train
WP_368482380	WP_411175772	train
WP_274489819	WP_411175772	train
WP_277138838	WP_411175772	train
WP_302881666	WP_411175772	train
WP_309316704	WP_411175772	train
WP_431001669	WP_411175772	train
WP_276097393	WP_411175772	train
WP_104896955	WP_411175772	train
WP_088884026	WP_411175772	train
WP_255046615	WP_411175772	train
WP_087704245	WP_411175772	train
WP_410042024	WP_411175772	train
WP_371192030	WP_411175772	train
WP_334645403	WP_411175772	train
WP_480130568	WP_411175772	train
WP_160211706	WP_411175772	train
WP_461236079	WP_411175772	train
WP_316938892	WP_411175772	train
WP_232553835	WP_411175772	train
WP_427064122	WP_411175772	train
WP_116794828	WP_411175772	train
WP_131139950	WP_411175772	train
WP_279511201	WP_411175772	train
WP_073591391	WP_411175772	train
WP_257709305	WP_411175772	train
WP_177334830	WP_411175772	train
WP_404680465	WP_411175772	train
WP_241783135	WP_411175772	train
WP_323111093	WP_411175772	train
WP_217311703	WP_411175772	train
WP_104895334	WP_411175772	train
WP_285811254	WP_411175772	train
WP_104896248	WP_411175772	train
WP_086549646	WP_411175772	train
WP_372703569	WP_411175772	train
WP_068815111	WP_411175772	train
WP_048267103	WP_411175772	train
WP_420267646	WP_411175772	train
WP_380233301	WP_411175772	train
WP_181590170	WP_411175772	train
WP_080787205	WP_411175772	train
WP_458039417	WP_411175772	train
WP_480121855	WP_411175772	train
WP_480120116	WP_411175772	train
WP_135725347	WP_411175772	train
WP_064277449	WP_411175772	train
WP_095885144	WP_411175772	train
WP_250818987	WP_411175772	train
WP_269316611	WP_411175772	train
WP_284123188	WP_411175772	train
WP_186521529	WP_411175772	train
WP_102006179	WP_411175772	train
WP_335893048	WP_411175772	train
WP_334079862	WP_411175772	train
WP_163615968	WP_411175772	train
WP_117259954	WP_411175772	train
WP_475008791	WP_411175772	train
WP_353378061	WP_411175772	train
WP_110223907	WP_411175772	train
WP_117065105	WP_411175772	train
WP_125275916	WP_411175772	train
WP_275553016	WP_411175772	train
WP_087836526	WP_411175772	train
WP_316570600	WP_411175772	train
WP_274786645	WP_411175772	train
WP_159198760	WP_411175772	train
WP_423131408	WP_411175772	train
WP_447391915	WP_411175772	train
WP_434585215	WP_411175772	train
WP_427651689	WP_411175772	train
WP_285287351	WP_411175772	train
WP_153909047	WP_411175772	train
WP_104011207	WP_411175772	train
WP_229532845	WP_411175772	train
WP_136086617	WP_411175772	train
WP_101856736	WP_411175772	train
WP_171878851	WP_411175772	train
WP_480091987	WP_411175772	train
WP_447541393	WP_411175772	train
WP_370608394	WP_411175772	train
WP_135724079	WP_411175772	train
WP_437874203	WP_411175772	train
WP_250177930	WP_411175772	train
WP_277457522	WP_411175772	train
WP_117265831	WP_411175772	train
WP_232698908	WP_411175772	train
WP_420523580	WP_411175772	train
WP_458721814	WP_411175772	train
WP_286103469	WP_411175772	train
WP_240730422	WP_411175772	train
WP_447341494	WP_411175772	train
WP_131100102	WP_411175772	train
WP_073557227	WP_411175772	train
WP_224422252	WP_411175772	train
WP_264971788	WP_411175772	train
WP_123551331	WP_411175772	train
WP_275256765	WP_411175772	train
WP_208310626	WP_411175772	train
WP_070182682	WP_411175772	train
WP_178944412	WP_411175772	train
WP_160543623	WP_411175772	train
WP_223366719	WP_411175772	train
WP_160552567	WP_411175772	train
WP_411797309	WP_411175772	train
WP_261648175	WP_411175772	train
WP_148621440	WP_411175772	train
WP_048987759	WP_411175772	train
WP_160545351	WP_411175772	train
WP_447541150	WP_411175772	train
WP_410112566	WP_411175772	train
WP_305231587	WP_411175772	train
WP_258334823	WP_411175772	train
WP_099085204	WP_411175772	train
WP_136087416	WP_411175772	train
WP_332102424	WP_411175772	train
WP_012542049	WP_411175772	train
WP_180254684	WP_411175772	train
WP_132726450	WP_411175772	train
WP_265004065	WP_411175772	train
WP_423130814	WP_411175772	train
WP_203559837	WP_411175772	train
WP_122051392	WP_411175772	train
WP_305199972	WP_411175772	train
WP_135707868	WP_411175772	train
WP_406571793	WP_411175772	train
WP_306580661	WP_411175772	train
WP_064182657	WP_411175772	train
WP_163922397	WP_411175772	train
WP_462184253	WP_411175772	train
WP_282813169	WP_411175772	train
WP_123754039	WP_411175772	train
WP_087637624	WP_411175772	train
WP_250840792	WP_411175772	train
WP_223804264	WP_411175772	train
WP_265002567	WP_411175772	train
WP_165813029	WP_411175772	train
WP_064278866	WP_411175772	train
WP_239613454	WP_411175772	train
WP_200549520	WP_411175772	train
WP_135721411	WP_411175772	train
WP_151502827	WP_411175772	train
WP_413698194	WP_411175772	train
WP_438915350	WP_411175772	train
WP_343473232	WP_411175772	train
WP_447116924	WP_411175772	train
WP_267694899	WP_411175772	train
WP_171482818	WP_411175772	train
WP_125326822	WP_411175772	train
WP_400184203	WP_411175772	train
WP_434668678	WP_411175772	train
WP_150341105	WP_411175772	train
WP_265908075	WP_411175772	train
WP_110196096	WP_411175772	train
WP_087832807	WP_411175772	train
WP_102084814	WP_411175772	train
WP_152651296	WP_411175772	train
WP_117102185	WP_411175772	train
WP_337241455	WP_411175772	train
WP_264923534	WP_411175772	train
WP_117372876	WP_411175772	train
WP_319881867	WP_411175772	train
WP_218792909	WP_411175772	train
WP_222893791	WP_411175772	train
WP_265688933	WP_411175772	train
WP_430913544	WP_411175772	train
WP_480105104	WP_411175772	train
WP_462497064	WP_411175772	train
WP_446499345	WP_411175772	train
WP_117101477	WP_411175772	train
WP_374894773	WP_411175772	train
WP_192955482	WP_411175772	train
WP_217324971	WP_411175772	train
WP_480104065	WP_411175772	train
WP_110245831	WP_411175772	train
WP_130563469	WP_411175772	train
WP_426729120	WP_411175772	train
WP_279934369	WP_411175772	train
WP_311103085	WP_411175772	train
WP_024359426	WP_411175772	train
WP_112070477	WP_411175772	train
WP_181334485	WP_411175772	train
WP_447540148	WP_411175772	train
WP_142470899	WP_411175772	train
WP_265670408	WP_411175772	train
WP_220676268	WP_411175772	train
WP_142480765	WP_411175772	train
WP_154956306	WP_411175772	train
WP_348795247	WP_411175772	train
WP_154060087	WP_411175772	train
WP_224256177	WP_411175772	train
WP_447954451	WP_411175772	train
WP_224253396	WP_411175772	train
WP_224331340	WP_411175772	train
WP_219676135	WP_411175772	train
WP_224235119	WP_411175772	train
WP_049112416	WP_411175772	train
WP_148853035	WP_411175772	train
WP_201367770	WP_411175772	train
WP_154923198	WP_411175772	train
WP_004850155	WP_411175772	train
WP_161505641	WP_411175772	train
WP_211800658	WP_411175772	train
WP_420272373	WP_411175772	train
WP_448943825	WP_411175772	train
WP_285280285	WP_411175772	train
WP_117073801	WP_411175772	train
WP_320483568	WP_411175772	train
WP_015366223	WP_411175772	train
WP_063422089	WP_411175772	train
WP_117025852	WP_411175772	train
WP_157195288	WP_411175772	train
WP_108443049	WP_411175772	train
WP_063444951	WP_411175772	train
WP_478318226	WP_411175772	train
WP_212769663	WP_411175772	train
WP_257198434	WP_411175772	train
WP_162121612	WP_411175772	train
WP_014838214	WP_411175772	train
WP_201208392	WP_411175772	train
WP_014229012	WP_411175772	train
WP_311103221	WP_411175772	train
WP_348876432	WP_411175772	train
WP_279281475	WP_411175772	train
WP_072383743	WP_411175772	train
WP_004101389	WP_411175772	train
WP_064370427	WP_411175772	train
WP_195606962	WP_411175772	train
WP_154022455	WP_411175772	train
WP_142472242	WP_411175772	train
WP_285278393	WP_411175772	train
WP_148850029	WP_411175772	train
WP_064737150	WP_411175772	train
WP_335270329	WP_411175772	train
WP_032749439	WP_411175772	train
WP_281163769	WP_411175772	train
WP_224324642	WP_411175772	train
WP_049593225	WP_411175772	train
WP_232798632	WP_411175772	train
WP_481811354	WP_411175772	train
WP_325081304	WP_411175772	train
WP_316517875	WP_411175772	train
WP_108703922	WP_411175772	train
WP_047066985	WP_411175772	train
WP_045374699	WP_411175772	train
WP_407251071	WP_411175772	train
WP_103814051	WP_411175772	train
WP_460419867	WP_411175772	train
WP_108684181	WP_411175772	train
WP_163525061	WP_411175772	train
WP_410291759	WP_411175772	train
WP_349159518	WP_411175772	train
WP_267985318	WP_411175772	train
WP_395202241	WP_411175772	train
WP_087867611	WP_411175772	train
WP_195440158	WP_411175772	train
WP_105890149	WP_411175772	train
WP_221694603	WP_411175772	train
WP_445298018	WP_411175772	train
WP_395035078	WP_411175772	train
WP_154680204	WP_411175772	train
WP_367170931	WP_411175772	train
WP_135800377	WP_411175772	train
WP_284488168	WP_411175772	train
WP_255923306	WP_411175772	train
WP_015705739	WP_411175772	train
WP_200518740	WP_411175772	train
WP_480148069	WP_411175772	train
WP_426814956	WP_411175772	train
WP_086538053	WP_411175772	train
WP_163334499	WP_411175772	train
WP_484138792	WP_411175772	train
WP_373349166	WP_411175772	train
WP_004112425	WP_411175772	train
WP_326933298	WP_411175772	train
WP_045393156	WP_411175772	train
WP_313768984	WP_411175772	train
WP_411325044	WP_411175772	train
WP_316552426	WP_411175772	train
WP_042944939	WP_411175772	train
WP_270031340	WP_411175772	train
WP_339354582	WP_411175772	train
WP_462610167	WP_411175772	train
WP_395030522	WP_411175772	train
WP_325950591	WP_411175772	train
WP_045360425	WP_411175772	train
WP_430916037	WP_411175772	train
WP_420060658	WP_411175772	train
WP_410334768	WP_411175772	train
WP_130944824	WP_411175772	train
WP_049127857	WP_411175772	train
WP_224263000	WP_411175772	train
WP_059305404	WP_411175772	train
WP_319794248	WP_411175772	train
WP_316423408	WP_411175772	train
WP_200913677	WP_411175772	train
WP_139033279	WP_411175772	train
WP_059355798	WP_411175772	train
WP_283825587	WP_411175772	train
WP_163374533	WP_411175772	train
WP_196521850	WP_411175772	train
WP_392527586	WP_411175772	train
WP_340530578	WP_340530578	val
WP_154056685	WP_340530578	val
WP_312226919	WP_340530578	val
WP_313111549	WP_340530578	val
WP_103820028	WP_340530578	val
WP_312209529	WP_340530578	val
WP_144814877	WP_340530578	val
WP_336852564	WP_340530578	val
WP_268107815	WP_340530578	val
WP_312410107	WP_340530578	val
WP_312927959	WP_340530578	val
WP_042394310	WP_340530578	val
WP_208117681	WP_208117681	train
WP_158161526	WP_158161526	train
WP_005506017	WP_158161526	train
WP_275874183	WP_158161526	train
WP_158174609	WP_158161526	train
WP_154124347	WP_158161526	train
WP_115659628	WP_158161526	train
WP_306101676	WP_306101676	train
WP_103880534	WP_103880534	train
WP_063604380	WP_103880534	train
WP_038229594	WP_103880534	train
WP_240206148	WP_103880534	train
WP_096992557	WP_103880534	train
WP_479290721	WP_103880534	train
WP_353496607	WP_103880534	train
WP_446567620	WP_103880534	train
WP_171391686	WP_103880534	train
WP_236109428	WP_103880534	train
WP_394151633	WP_103880534	train
WP_239913188	WP_103880534	train
WP_338164835	WP_103880534	train
WP_112477850	WP_103880534	train
WP_234495541	WP_103880534	train
WP_222303261	WP_103880534	train
WP_270033650	WP_103880534	train
WP_446647846	WP_103880534	train
WP_446549756	WP_103880534	train
WP_335737704	WP_335737704	val
WP_237484103	WP_237484103	train
WP_317480969	WP_317480969	test
WP_317478205	WP_317480969	test
WP_317485902	WP_317480969	test
WP_317477390	WP_317480969	test
WP_317543555	WP_317480969	test
WP_202937572	WP_317480969	test
WP_317482001	WP_317480969	test
WP_317480164	WP_317480969	test
WP_317483765	WP_317480969	test
WP_380818082	WP_380818082	val
WP_261602239	WP_261602239	train
WP_255389971	WP_261602239	train
WP_337733116	WP_261602239	train
WP_428465240	WP_428465240	val
WP_216989813	WP_216989813	train
WP_408853933	WP_216989813	train
WP_318162848	WP_216989813	train
WP_219143785	WP_216989813	train
WP_323900651	WP_216989813	train
WP_408867840	WP_216989813	train
WP_104014156	WP_216989813	train
WP_411664659	WP_216989813	train
WP_456513384	WP_216989813	train
WP_139398746	WP_216989813	train
WP_071915087	WP_216989813	train
WP_421257856	WP_216989813	train
WP_421254014	WP_216989813	train
WP_438407029	WP_216989813	train
WP_041208968	WP_216989813	train
WP_203117179	WP_216989813	train
WP_236297034	WP_216989813	train
WP_421260913	WP_216989813	train
WP_219276697	WP_216989813	train
WP_378004565	WP_216989813	train
WP_438415124	WP_216989813	train
WP_421319818	WP_216989813	train
WP_407962649	WP_216989813	train
WP_304520637	WP_216989813	train
WP_407957619	WP_216989813	train
WP_100294485	WP_216989813	train
WP_185226707	WP_216989813	train
WP_411631666	WP_216989813	train
WP_346196867	WP_216989813	train
WP_182926021	WP_216989813	train
WP_201907312	WP_216989813	train
WP_236765364	WP_216989813	train
WP_421226864	WP_216989813	train
WP_408842056	WP_216989813	train
WP_429210115	WP_216989813	train
WP_215801707	WP_216989813	train
WP_421196193	WP_216989813	train
WP_421247883	WP_216989813	train
WP_255936552	WP_216989813	train
WP_219271045	WP_216989813	train
WP_124241768	WP_216989813	train
WP_043851335	WP_216989813	train
WP_438366721	WP_216989813	train
WP_421252663	WP_216989813	train
WP_323062376	WP_216989813	train
WP_236283374	WP_216989813	train
WP_411601946	WP_216989813	train
WP_201911363	WP_216989813	train
WP_203130212	WP_216989813	train
WP_042029403	WP_216989813	train
WP_421214871	WP_216989813	train
WP_209296941	WP_216989813	train
WP_033115350	WP_216989813	train
WP_421190832	WP_216989813	train
WP_374995866	WP_216989813	train
WP_483695890	WP_216989813	train
WP_139396403	WP_216989813	train
WP_108571959	WP_216989813	train
WP_335827699	WP_216989813	train
WP_362774133	WP_216989813	train
WP_374874346	WP_216989813	train
WP_042648448	WP_216989813	train
WP_033136942	WP_216989813	train
WP_404838012	WP_216989813	train
WP_342057754	WP_216989813	train
WP_429038795	WP_216989813	train
WP_268028241	WP_216989813	train
WP_213319589	WP_216989813	train
WP_042082558	WP_216989813	train
WP_429179594	WP_216989813	train
WP_061475589	WP_216989813	train
WP_076360303	WP_216989813	train
WP_448049633	WP_216989813	train
WP_236316809	WP_216989813	train
WP_024944133	WP_216989813	train
WP_273761877	WP_216989813	train
WP_408809507	WP_216989813	train
WP_482297184	WP_216989813	train
WP_317103705	WP_216989813	train
WP_139398962	WP_216989813	train
WP_362816478	WP_216989813	train
WP_485831172	WP_216989813	train
WP_429010630	WP_216989813	train
WP_429163682	WP_216989813	train
WP_224211266	WP_216989813	train
WP_408831491	WP_216989813	train
WP_439994507	WP_216989813	train
WP_408754718	WP_216989813	train
WP_408782498	WP_216989813	train
WP_060390017	WP_216989813	train
WP_042015614	WP_216989813	train
WP_429175692	WP_216989813	train
WP_306642954	WP_216989813	train
WP_479310548	WP_216989813	train
WP_215269933	WP_216989813	train
WP_335868786	WP_216989813	train
WP_194760665	WP_216989813	train
WP_421190821	WP_216989813	train
WP_101613851	WP_216989813	train
WP_323971434	WP_216989813	train
WP_254201656	WP_216989813	train
WP_330144162	WP_216989813	train
WP_408860640	WP_216989813	train
WP_448051516	WP_216989813	train
WP_374813433	WP_216989813	train
WP_050719450	WP_216989813	train
WP_205642197	WP_216989813	train
WP_448053829	WP_216989813	train
WP_226008861	WP_216989813	train
WP_482308957	WP_216989813	train
WP_275918952	WP_216989813	train
WP_290020415	WP_216989813	train
WP_065401247	WP_216989813	train
WP_102665280	WP_216989813	train
WP_371157124	WP_216989813	train
WP_448048131	WP_216989813	train
WP_005353832	WP_216989813	train
WP_254231879	WP_216989813	train
WP_010673895	WP_216989813	train
WP_252450394	WP_216989813	train
WP_045789265	WP_216989813	train
WP_324035850	WP_216989813	train
WP_408805713	WP_216989813	train
WP_447832359	WP_216989813	train
WP_421169920	WP_216989813	train
WP_411625097	WP_216989813	train
WP_408778999	WP_216989813	train
WP_108536466	WP_216989813	train
WP_042867454	WP_216989813	train
WP_482300217	WP_216989813	train
WP_421197849	WP_216989813	train
WP_324050056	WP_216989813	train
WP_429134286	WP_216989813	train
WP_100861030	WP_216989813	train
WP_378008551	WP_216989813	train
WP_368153916	WP_216989813	train
WP_252601538	WP_216989813	train
WP_054544344	WP_216989813	train
WP_408836971	WP_216989813	train
WP_270795878	WP_216989813	train
WP_408778781	WP_216989813	train
WP_368199565	WP_216989813	train
WP_257703740	WP_216989813	train
WP_284488568	WP_216989813	train
WP_271771874	WP_216989813	train
WP_456498285	WP_216989813	train
WP_458754696	WP_216989813	train
WP_202046422	WP_216989813	train
WP_265422763	WP_216989813	train
WP_386915546	WP_216989813	train
WP_376885797	WP_216989813	train
WP_411604217	WP_216989813	train
WP_411685660	WP_216989813	train
WP_421213254	WP_216989813	train
WP_274181456	WP_216989813	train
WP_408849228	WP_216989813	train
WP_323931874	WP_216989813	train
WP_226044555	WP_216989813	train
WP_257685198	WP_216989813	train
WP_259230464	WP_216989813	train
WP_325782142	WP_216989813	train
WP_447976310	WP_216989813	train
WP_319904759	WP_216989813	train
WP_069652860	WP_216989813	train
WP_323967148	WP_216989813	train
WP_247625799	WP_216989813	train
WP_005303279	WP_216989813	train
WP_094697669	WP_216989813	train
WP_059112089	WP_216989813	train
WP_368162017	WP_216989813	train
WP_392418058	WP_216989813	train
WP_408781551	WP_216989813	train
WP_310597121	WP_216989813	train
WP_438833426	WP_216989813	train
WP_408786800	WP_216989813	train
WP_202042903	WP_216989813	train
WP_323583655	WP_216989813	train
WP_168966819	WP_216989813	train
WP_290436166	WP_216989813	train
WP_279501330	WP_216989813	train
WP_139708729	WP_216989813	train
WP_430642892	WP_216989813	train
WP_139697353	WP_216989813	train
WP_005312182	WP_216989813	train
WP_408762130	WP_216989813	train
WP_438417648	WP_216989813	train
WP_210556261	WP_216989813	train
WP_206818508	WP_216989813	train
WP_139736721	WP_216989813	train
WP_421239832	WP_216989813	train
WP_043121319	WP_216989813	train
WP_439981652	WP_216989813	train
WP_362805044	WP_216989813	train
WP_282788979	WP_216989813	train
WP_125595692	WP_216989813	train
WP_262108893	WP_216989813	train
WP_303806347	WP_216989813	train
WP_324040981	WP_216989813	train
WP_368228731	WP_216989813	train
WP_319901320	WP_216989813	train
WP_269383109	WP_216989813	train
WP_103243540	WP_216989813	train
WP_336578969	WP_216989813	train
WP_429235177	WP_216989813	train
WP_427242672	WP_216989813	train
WP_111588236	WP_216989813	train
WP_411651093	WP_216989813	train
WP_336290672	WP_216989813	train
WP_182969503	WP_216989813	train
WP_139744784	WP_216989813	train
WP_043135968	WP_216989813	train
WP_324012272	WP_216989813	train
WP_171280985	WP_216989813	train
WP_134996647	WP_216989813	train
WP_044800504	WP_216989813	train
WP_421322946	WP_216989813	train
WP_010633259	WP_216989813	train
WP_025326222	WP_216989813	train
WP_043556342	WP_216989813	train
WP_395948790	WP_216989813	train
WP_448007248	WP_216989813	train
WP_043160059	WP_216989813	train
WP_429014424	WP_216989813	train
WP_339331287	WP_216989813	train
WP_324059003	WP_216989813	train
WP_429019482	WP_216989813	train
WP_024941857	WP_216989813	train
WP_408123643	WP_216989813	train
WP_408128570	WP_216989813	train
WP_429091820	WP_216989813	train
WP_474630996	WP_216989813	train
WP_319885245	WP_216989813	train
WP_319916480	WP_216989813	train
WP_099992024	WP_216989813	train
WP_234663220	WP_216989813	train
WP_336987815	WP_216989813	train
WP_011706893	WP_216989813	train
WP_448026612	WP_216989813	train
WP_266134272	WP_216989813	train
WP_201970595	WP_216989813	train
WP_126881345	WP_216989813	train
WP_485830126	WP_216989813	train
WP_042642291	WP_216989813	train
WP_124240355	WP_216989813	train
WP_219312055	WP_216989813	train
WP_323948343	WP_216989813	train
WP_408790012	WP_216989813	train
WP_201976892	WP_216989813	train
WP_113068820	WP_216989813	train
WP_201903972	WP_216989813	train
WP_265463357	WP_216989813	train
WP_216973213	WP_216989813	train
WP_213343785	WP_216989813	train
WP_331377960	WP_216989813	train
WP_411591180	WP_216989813	train
WP_287867691	WP_216989813	train
WP_124253199	WP_216989813	train
WP_167824770	WP_216989813	train
WP_109112766	WP_216989813	train
WP_099359576	WP_216989813	train
WP_163156189	WP_216989813	train
WP_438368108	WP_216989813	train
WP_208201530	WP_216989813	train
WP_042658666	WP_216989813	train
WP_427254102	WP_216989813	train
WP_275201470	WP_216989813	train
WP_226032129	WP_216989813	train
WP_318163917	WP_216989813	train
WP_427258632	WP_216989813	train
WP_234579195	WP_216989813	train
WP_042051062	WP_216989813	train
WP_270806658	WP_216989813	train
WP_411614284	WP_216989813	train
WP_279451378	WP_216989813	train
WP_274437768	WP_216989813	train
WP_322863636	WP_216989813	train
WP_098983103	WP_216989813	train
WP_287975804	WP_216989813	train
WP_342012793	WP_216989813	train
WP_017409144	WP_216989813	train
WP_323879266	WP_216989813	train
WP_266135867	WP_216989813	train
WP_275906398	WP_216989813	train
WP_279485446	WP_216989813	train
WP_408135915	WP_216989813	train
WP_290043545	WP_216989813	train
WP_041205259	WP_216989813	train
WP_474628159	WP_216989813	train
WP_439998380	WP_216989813	train
WP_324015230	WP_216989813	train
WP_270828431	WP_216989813	train
WP_042072215	WP_216989813	train
WP_102988223	WP_216989813	train
WP_268015423	WP_216989813	train
WP_278167616	WP_216989813	train
WP_218290662	WP_216989813	train
WP_201891831	WP_216989813	train
WP_429109452	WP_216989813	train
WP_098968811	WP_216989813	train
WP_440986765	WP_216989813	train
WP_342010401	WP_216989813	train
WP_045527759	WP_216989813	train
WP_421223835	WP_216989813	train
WP_319861530	WP_216989813	train
WP_332500590	WP_216989813	train
WP_131731389	WP_216989813	train
WP_404296278	WP_216989813	train
WP_324053041	WP_216989813	train
WP_314927743	WP_216989813	train
WP_421165023	WP_216989813	train
WP_378013659	WP_216989813	train
WP_408812865	WP_216989813	train
WP_029299451	WP_216989813	train
WP_202009321	WP_216989813	train
WP_029304161	WP_216989813	train
WP_265436202	WP_216989813	train
WP_017411764	WP_216989813	train
WP_404840217	WP_216989813	train
WP_421167880	WP_216989813	train
WP_058406111	WP_216989813	train
WP_408856856	WP_216989813	train
WP_290434942	WP_216989813	train
WP_279968327	WP_216989813	train
WP_128313689	WP_216989813	train
WP_368180523	WP_216989813	train
WP_042024775	WP_216989813	train
WP_265433651	WP_216989813	train
WP_021139069	WP_216989813	train
WP_319906416	WP_216989813	train
WP_265452191	WP_216989813	train
WP_461601893	WP_216989813	train
WP_264304137	WP_216989813	train
WP_307765590	WP_216989813	train
WP_042007188	WP_216989813	train
WP_016351565	WP_216989813	train
WP_041216392	WP_216989813	train
WP_319883283	WP_216989813	train
WP_104452510	WP_216989813	train
WP_042078125	WP_216989813	train
WP_265431357	WP_216989813	train
WP_362790868	WP_216989813	train
WP_042037482	WP_216989813	train
WP_042467105	WP_216989813	train
WP_429099812	WP_216989813	train
WP_479314385	WP_216989813	train
WP_447192653	WP_216989813	train
WP_408843998	WP_216989813	train
WP_042061362	WP_216989813	train
WP_411649688	WP_216989813	train
WP_275931169	WP_216989813	train
WP_279987658	WP_216989813	train
WP_158196911	WP_216989813	train
WP_447202865	WP_216989813	train
WP_461854807	WP_216989813	train
WP_252995849	WP_216989813	train
WP_447966040	WP_216989813	train
WP_148610489	WP_216989813	train
WP_216953103	WP_216989813	train
WP_101150158	WP_216989813	train
WP_408858955	WP_216989813	train
WP_182935400	WP_216989813	train
WP_335847539	WP_216989813	train
WP_274278767	WP_216989813	train
WP_323946066	WP_216989813	train
WP_202015438	WP_216989813	train
WP_456691828	WP_216989813	train
WP_042652626	WP_216989813	train
WP_265457931	WP_216989813	train
WP_408793324	WP_216989813	train
WP_429140776	WP_216989813	train
WP_201887807	WP_216989813	train
WP_482314833	WP_216989813	train
WP_268032383	WP_216989813	train
WP_407161324	WP_216989813	train
WP_259241185	WP_216989813	train
WP_319896869	WP_216989813	train
WP_077096086	WP_216989813	train
WP_456494209	WP_216989813	train
WP_103471045	WP_216989813	train
WP_408827236	WP_216989813	train
WP_429200651	WP_216989813	train
WP_219596726	WP_216989813	train
WP_263677877	WP_216989813	train
WP_323956395	WP_216989813	train
WP_411584593	WP_216989813	train
WP_479758268	WP_216989813	train
WP_275059160	WP_216989813	train
WP_096119843	WP_216989813	train
WP_182932740	WP_216989813	train
WP_408816724	WP_216989813	train
WP_158109561	WP_216989813	train
WP_216950341	WP_216989813	train
WP_323943546	WP_216989813	train
WP_134696953	WP_216989813	train
WP_201981290	WP_216989813	train
WP_319894805	WP_216989813	train
WP_281704947	WP_216989813	train
WP_043128999	WP_216989813	train
WP_019446731	WP_216989813	train
WP_429109557	WP_216989813	train
WP_323922976	WP_216989813	train
WP_427224423	WP_216989813	train
WP_043762019	WP_216989813	train
WP_216982220	WP_216989813	train
WP_210548161	WP_216989813	train
WP_421292671	WP_216989813	train
WP_042013731	WP_216989813	train
WP_270666686	WP_216989813	train
WP_485863110	WP_216989813	train
WP_263685879	WP_216989813	train
WP_446679508	WP_216989813	train
WP_257725213	WP_216989813	train
WP_438413232	WP_216989813	train
WP_429640078	WP_216989813	train
WP_279486724	WP_216989813	train
WP_252420838	WP_216989813	train
WP_478236368	WP_216989813	train
WP_171268704	WP_216989813	train
WP_350235931	WP_216989813	train
WP_127008733	WP_216989813	train
WP_427210860	WP_216989813	train
WP_223950121	WP_216989813	train
WP_448054739	WP_216989813	train
WP_421310103	WP_216989813	train
WP_421255847	WP_216989813	train
WP_182788182	WP_216989813	train
WP_411647751	WP_216989813	train
WP_427234717	WP_216989813	train
WP_404834225	WP_216989813	train
WP_317842212	WP_216989813	train
WP_476003644	WP_216989813	train
WP_456500595	WP_216989813	train
WP_438548698	WP_216989813	train
WP_033131079	WP_216989813	train
WP_241343030	WP_216989813	train
WP_421188034	WP_216989813	train
WP_434663473	WP_216989813	train
WP_457981095	WP_216989813	train
WP_349918897	WP_216989813	train
WP_169076815	WP_169076815	test
WP_038498484	WP_038498484	train
WP_022945094	WP_022945094	test
WP_053910398	WP_022945094	test
WP_475127709	WP_022945094	test
WP_239447631	WP_022945094	test
WP_138507853	WP_022945094	test
WP_235418910	WP_022945094	test
WP_152440850	WP_022945094	test
WP_045978387	WP_022945094	test
WP_151172610	WP_022945094	test
WP_130147643	WP_022945094	test
WP_475200800	WP_022945094	test
WP_102483703	WP_102483703	val
WP_065209733	WP_102483703	val
WP_065599408	WP_102483703	val
WP_459681499	WP_102483703	val
WP_119010232	WP_102483703	val
WP_017030334	WP_102483703	val
WP_141268369	WP_102483703	val
WP_141344075	WP_102483703	val
WP_102455287	WP_102483703	val
WP_102334131	WP_102483703	val
WP_017030849	WP_102483703	val
WP_102450945	WP_102483703	val
WP_102550331	WP_102483703	val
WP_102481025	WP_102483703	val
WP_218678569	WP_218678569	train
WP_224021982	WP_218678569	train
WP_037419529	WP_218678569	train
WP_069455457	WP_218678569	train
WP_330148802	WP_218678569	train
WP_088586936	WP_218678569	train
WP_055648457	WP_218678569	train
WP_374921272	WP_218678569	train
WP_144345660	WP_218678569	train
WP_140907400	WP_218678569	train
WP_047540681	WP_218678569	train
WP_218738738	WP_218678569	train
WP_172589267	WP_218678569	train
WP_342203756	WP_218678569	train
WP_374927572	WP_218678569	train
WP_144376464	WP_218678569	train
WP_374908051	WP_218678569	train
WP_220053295	WP_218678569	train
WP_089068966	WP_218678569	train
WP_041409019	WP_218678569	train
WP_392448213	WP_218678569	train
WP_248968043	WP_218678569	train
WP_249555605	WP_218678569	train
WP_109287804	WP_218678569	train
WP_088211588	WP_218678569	train
WP_446693945	WP_218678569	train
WP_240130305	WP_218678569	train
WP_374919234	WP_218678569	train
WP_374909722	WP_218678569	train
WP_374917844	WP_218678569	train
WP_374924704	WP_218678569	train
WP_374902463	WP_218678569	train
WP_011072651	WP_218678569	train
WP_374912791	WP_218678569	train
WP_208659131	WP_218678569	train
WP_126513000	WP_218678569	train
WP_220057911	WP_218678569	train
WP_374922571	WP_218678569	train
WP_041412994	WP_218678569	train
WP_279775267	WP_218678569	train
WP_374896181	WP_218678569	train
WP_374904846	WP_218678569	train
WP_039978511	WP_218678569	train
WP_220052059	WP_218678569	train
WP_416922013	WP_218678569	train
WP_107255581	WP_107255581	train
WP_107242834	WP_107255581	train
WP_428439418	WP_107255581	train
WP_428472757	WP_107255581	train
WP_011219142	WP_107255581	train
WP_428436128	WP_107255581	train
WP_335668885	WP_107255581	train
WP_006233149	WP_107255581	train
WP_305456605	WP_305456605	test
WP_318488855	WP_305456605	test
WP_318462505	WP_305456605	test
WP_318514693	WP_305456605	test
WP_318474766	WP_305456605	test
WP_318409922	WP_305456605	test
WP_318513742	WP_305456605	test
WP_318438359	WP_305456605	test
WP_318471680	WP_305456605	test
WP_305374139	WP_305456605	test
WP_107279355	WP_305456605	test
WP_318482882	WP_305456605	test
WP_318497504	WP_305456605	test
WP_434137340	WP_305456605	test
WP_305370335	WP_305456605	test
WP_008986675	WP_305456605	test
WP_305423892	WP_305456605	test
WP_161119617	WP_305456605	test
WP_305811305	WP_305456605	test
WP_060987956	WP_305456605	test
WP_305421037	WP_305456605	test
WP_318465902	WP_305456605	test
WP_318432288	WP_305456605	test
WP_318480082	WP_305456605	test
WP_318455947	WP_305456605	test
WP_305837904	WP_305456605	test
WP_318468026	WP_305456605	test
WP_107290431	WP_305456605	test
WP_238030413	WP_305456605	test
WP_005370813	WP_305456605	test
WP_107205679	WP_305456605	test
WP_006647016	WP_305456605	test
WP_107287029	WP_305456605	test
WP_105060534	WP_305456605	test
WP_045127195	WP_305456605	test
WP_045149582	WP_305456605	test
WP_107245493	WP_305456605	test
WP_464690007	WP_305456605	test
WP_107292031	WP_305456605	test
WP_010945247	WP_010945247	val
WP_064081851	WP_010945247	val
WP_064083295	WP_010945247	val
WP_064088484	WP_010945247	val
WP_261888351	WP_261888351	train
WP_429744656	WP_261888351	train
WP_017051947	WP_261888351	train
WP_136993745	WP_261888351	train
WP_155689435	WP_155689435	test
WP_063651334	WP_155689435	test
WP_233946588	WP_155689435	test
WP_146861635	WP_155689435	test
WP_005418793	WP_155689435	test
WP_011261684	WP_155689435	test
WP_155694134	WP_155689435	test
WP_155665644	WP_155689435	test
WP_063662441	WP_155689435	test
WP_463324439	WP_155689435	test
WP_063643776	WP_155689435	test
WP_133415370	WP_155689435	test
WP_155683224	WP_155689435	test
WP_135353423	WP_155689435	test
WP_065603446	WP_155689435	test
WP_155685760	WP_155689435	test
WP_155649895	WP_155689435	test
WP_233941026	WP_155689435	test
WP_012533245	WP_155689435	test
WP_155657107	WP_155689435	test
WP_155672642	WP_155689435	test
WP_448552623	WP_448552623	test
WP_116007509	WP_448552623	test
WP_116014035	WP_448552623	test
WP_115999807	WP_448552623	test
WP_076920993	WP_076920993	test
WP_427564970	WP_076920993	test
WP_138626860	WP_076920993	test
WP_213608114	WP_076920993	test
WP_248530750	WP_076920993	test
WP_248474143	WP_076920993	test
WP_262976728	WP_076920993	test
WP_250652971	WP_076920993	test
WP_010389785	WP_076920993	test
WP_138621045	WP_076920993	test
WP_013464804	WP_076920993	test
WP_193048864	WP_076920993	test
WP_054200806	WP_076920993	test
WP_076920119	WP_076920993	test
WP_131690939	WP_076920993	test
WP_487173475	WP_076920993	test
WP_008111438	WP_076920993	test
WP_372859493	WP_076920993	test
WP_138571209	WP_076920993	test
WP_377336041	WP_377336041	test
WP_337840329	WP_377336041	test
WP_419569710	WP_377336041	test
WP_337881408	WP_377336041	test
WP_211070705	WP_211070705	val
WP_057792411	WP_211070705	val
WP_317349338	WP_211070705	val
WP_013784485	WP_211070705	val
WP_288389683	WP_211070705	val
WP_303464307	WP_211070705	val
WP_271267506	WP_271267506	test
WP_438676058	WP_271267506	test
WP_085540010	WP_085540010	val
WP_311889334	WP_085540010	val
WP_039294073	WP_085540010	val
WP_185199391	WP_185199391	train
WP_282498867	WP_185199391	train
WP_367143964	WP_185199391	train
WP_033741827	WP_185199391	train
WP_058708088	WP_185199391	train
WP_006119337	WP_185199391	train
WP_164482002	WP_185199391	train
WP_205950301	WP_185199391	train
WP_058701831	WP_185199391	train
WP_262959117	WP_185199391	train
WP_172912552	WP_185199391	train
WP_205960172	WP_185199391	train
WP_205956491	WP_185199391	train
WP_289345885	WP_185199391	train
WP_096010529	WP_185199391	train
WP_105082720	WP_185199391	train
WP_210461655	WP_185199391	train
WP_013025933	WP_185199391	train
WP_480279212	WP_185199391	train
WP_110145586	WP_185199391	train
WP_263794040	WP_185199391	train
WP_110982759	WP_185199391	train
WP_063879769	WP_185199391	train
WP_022623213	WP_185199391	train
WP_264238415	WP_185199391	train
WP_430693266	WP_185199391	train
WP_283379061	WP_185199391	train
WP_029570068	WP_185199391	train
WP_472930856	WP_185199391	train
WP_342656798	WP_185199391	train
WP_430699845	WP_185199391	train
WP_210526262	WP_185199391	train
WP_105087562	WP_185199391	train
WP_072136813	WP_185199391	train
WP_206114837	WP_185199391	train
WP_279752980	WP_185199391	train
WP_047713457	WP_185199391	train
WP_110003390	WP_185199391	train
WP_105088167	WP_185199391	train
WP_247103113	WP_185199391	train
WP_028722826	WP_185199391	train
WP_476106106	WP_185199391	train
WP_218994486	WP_185199391	train
WP_283355720	WP_185199391	train
WP_205955346	WP_185199391	train
WP_338855483	WP_338855483	train
WP_243810271	WP_338855483	train
WP_342890065	WP_338855483	train
WP_039565854	WP_338855483	train
WP_197652931	WP_338855483	train
WP_141968496	WP_338855483	train
WP_338807935	WP_338855483	train
WP_015378045	WP_338855483	train
WP_427662035	WP_338855483	train
WP_322192960	WP_338855483	train
WP_253334398	WP_338855483	train
WP_149559237	WP_338855483	train
WP_308347854	WP_338855483	train
WP_141998214	WP_338855483	train
WP_085819476	WP_338855483	train
WP_443006868	WP_338855483	train
WP_241438732	WP_338855483	train
WP_308378282	WP_338855483	train
WP_414946081	WP_338855483	train
WP_325961773	WP_338855483	train
WP_421095672	WP_338855483	train
WP_342121528	WP_338855483	train
WP_103686635	WP_338855483	train
WP_074025883	WP_338855483	train
WP_164106203	WP_338855483	train
WP_421127907	WP_338855483	train
WP_343180266	WP_338855483	train
WP_342192505	WP_338855483	train
WP_041035352	WP_338855483	train
WP_380673521	WP_338855483	train
WP_260453800	WP_338855483	train
WP_444796154	WP_338855483	train
WP_025159788	WP_338855483	train
WP_350983740	WP_338855483	train
WP_280631536	WP_338855483	train
WP_211130492	WP_338855483	train
WP_260453041	WP_338855483	train
WP_410214059	WP_338855483	train
WP_317524437	WP_338855483	train
WP_076940201	WP_338855483	train
WP_369402647	WP_338855483	train
WP_038881773	WP_338855483	train
WP_166730058	WP_338855483	train
WP_333541679	WP_338855483	train
WP_413713273	WP_338855483	train
WP_261424791	WP_338855483	train
WP_281041400	WP_338855483	train
WP_481421943	WP_338855483	train
WP_261390831	WP_338855483	train
WP_439069077	WP_338855483	train
WP_142590322	WP_338855483	train
WP_197808779	WP_338855483	train
WP_411748623	WP_338855483	train
WP_147095803	WP_338855483	train
WP_073534743	WP_338855483	train
WP_004930691	WP_338855483	train
WP_442987054	WP_338855483	train
WP_197831333	WP_338855483	train
WP_333539204	WP_338855483	train
WP_346403090	WP_338855483	train
WP_413715203	WP_338855483	train
WP_038877308	WP_338855483	train
WP_309149480	WP_338855483	train
WP_122016339	WP_338855483	train
WP_287145553	WP_338855483	train
WP_333551398	WP_338855483	train
WP_333553542	WP_338855483	train
WP_412555888	WP_338855483	train
WP_342099620	WP_338855483	train
WP_261125566	WP_338855483	train
WP_197776244	WP_338855483	train
WP_342143885	WP_338855483	train
WP_442990534	WP_338855483	train
WP_206196462	WP_338855483	train
WP_321157474	WP_338855483	train
WP_148875341	WP_338855483	train
WP_442991626	WP_338855483	train
WP_060417865	WP_338855483	train
WP_089194835	WP_338855483	train
WP_338909870	WP_338855483	train
WP_197796858	WP_338855483	train
WP_318161126	WP_338855483	train
WP_448174937	WP_338855483	train
WP_321166047	WP_338855483	train
WP_440530085	WP_338855483	train
WP_241172817	WP_338855483	train
WP_333550441	WP_338855483	train
WP_308343770	WP_338855483	train
WP_033634748	WP_338855483	train
WP_309150118	WP_338855483	train
WP_197812528	WP_338855483	train
WP_103829575	WP_338855483	train
WP_412088525	WP_338855483	train
WP_060439819	WP_338855483	train
WP_094859889	WP_338855483	train
WP_130017375	WP_338855483	train
WP_063990039	WP_338855483	train
WP_102984582	WP_338855483	train
WP_421105449	WP_338855483	train
WP_214338471	WP_338855483	train
WP_228206210	WP_338855483	train
WP_442536681	WP_338855483	train
WP_234721837	WP_338855483	train
WP_337262375	WP_338855483	train
WP_415421869	WP_338855483	train
WP_277495921	WP_338855483	train
WP_446287521	WP_338855483	train
WP_197754327	WP_338855483	train
WP_333511932	WP_338855483	train
WP_135255389	WP_338855483	train
WP_321147793	WP_338855483	train
WP_117187763	WP_338855483	train
WP_333511735	WP_338855483	train
WP_333548573	WP_338855483	train
WP_260454249	WP_338855483	train
WP_419686623	WP_338855483	train
WP_033647571	WP_338855483	train
WP_198793154	WP_338855483	train
WP_047567162	WP_338855483	train
WP_094460779	WP_338855483	train
WP_308342559	WP_338855483	train
WP_193549371	WP_338855483	train
WP_188240269	WP_338855483	train
WP_440507183	WP_338855483	train
WP_089186055	WP_338855483	train
WP_261464820	WP_338855483	train
WP_394948867	WP_338855483	train
WP_440502459	WP_338855483	train
WP_156294391	WP_338855483	train
WP_286637166	WP_338855483	train
WP_024910790	WP_338855483	train
WP_012145384	WP_338855483	train
WP_099062866	WP_338855483	train
WP_112348460	WP_338855483	train
WP_261256648	WP_338855483	train
WP_261437028	WP_338855483	train
WP_261284754	WP_338855483	train
WP_135316793	WP_338855483	train
WP_153860243	WP_338855483	train
WP_129938210	WP_338855483	train
WP_414073997	WP_338855483	train
WP_085117037	WP_338855483	train
WP_261424076	WP_338855483	train
WP_445650729	WP_338855483	train
WP_318424154	WP_338855483	train
WP_037415810	WP_338855483	train
WP_262189863	WP_338855483	train
WP_265553507	WP_338855483	train
WP_186426985	WP_338855483	train
WP_209633820	WP_338855483	train
WP_115185162	WP_338855483	train
WP_261162810	WP_338855483	train
WP_399670087	WP_338855483	train
WP_061323630	WP_338855483	train
WP_015672512	WP_338855483	train
WP_212602385	WP_338855483	train
WP_105231312	WP_338855483	train
WP_203066527	WP_338855483	train
WP_484591297	WP_338855483	train
WP_315710816	WP_315710816	val
WP_021015979	WP_315710816	val
WP_475651853	WP_315710816	val
WP_224717509	WP_224717509	train
WP_039358543	WP_224717509	train
WP_181844991	WP_224717509	train
WP_125232708	WP_224717509	train
WP_119880092	WP_224717509	train
WP_103860717	WP_224717509	train
WP_205534547	WP_224717509	train
WP_409160170	WP_224717509	train
WP_039489493	WP_224717509	train
WP_039531544	WP_224717509	train
WP_010295184	WP_224717509	train
WP_335472018	WP_224717509	train
WP_103162025	WP_224717509	train
WP_400352627	WP_224717509	train
WP_349926132	WP_224717509	train
WP_205550510	WP_224717509	train
WP_323663856	WP_224717509	train
WP_182099697	WP_224717509	train
WP_349922733	WP_224717509	train
WP_180776823	WP_224717509	train
WP_181828514	WP_224717509	train
WP_130637800	WP_224717509	train
WP_005968653	WP_224717509	train
WP_336841531	WP_224717509	train
WP_180783813	WP_224717509	train
WP_205542392	WP_224717509	train
WP_234256903	WP_224717509	train
WP_107170394	WP_224717509	train
WP_211045423	WP_224717509	train
WP_225088064	WP_224717509	train
WP_263059606	WP_224717509	train
WP_350239116	WP_224717509	train
WP_264495635	WP_224717509	train
WP_411569682	WP_224717509	train
WP_334512983	WP_224717509	train
WP_336855401	WP_224717509	train
WP_219681219	WP_224717509	train
WP_205554518	WP_224717509	train
WP_349889351	WP_224717509	train
WP_252616803	WP_224717509	train
WP_233980777	WP_224717509	train
WP_224552565	WP_224717509	train
WP_025919080	WP_224717509	train
WP_033071499	WP_224717509	train
WP_014699936	WP_224717509	train
WP_015730472	WP_224717509	train
WP_180741029	WP_224717509	train
WP_161509289	WP_224717509	train
WP_258884957	WP_224717509	train
WP_048260152	WP_224717509	train
WP_323641544	WP_224717509	train
WP_341613050	WP_224717509	train
WP_336870100	WP_224717509	train
WP_336859073	WP_224717509	train
WP_349856694	WP_224717509	train
WP_039480851	WP_224717509	train
WP_400350192	WP_224717509	train
WP_319847723	WP_224717509	train
WP_224651763	WP_224717509	train
WP_336710483	WP_224717509	train
WP_130623693	WP_224717509	train
WP_277516696	WP_224717509	train
WP_342411723	WP_224717509	train
WP_015840249	WP_224717509	train
WP_400409124	WP_224717509	train
WP_261849821	WP_224717509	train
WP_256711742	WP_224717509	train
WP_194430172	WP_224717509	train
WP_240585315	WP_224717509	train
WP_039310266	WP_224717509	train
WP_342098546	WP_224717509	train
WP_039473052	WP_224717509	train
WP_233986621	WP_224717509	train
WP_271878556	WP_224717509	train
WP_275070463	WP_224717509	train
WP_211025597	WP_224717509	train
WP_129707899	WP_224717509	train
WP_349916264	WP_224717509	train
WP_349871914	WP_224717509	train
WP_011093844	WP_224717509	train
WP_039291757	WP_224717509	train
WP_211026952	WP_224717509	train
WP_109225186	WP_224717509	train
WP_336827850	WP_224717509	train
WP_225180997	WP_224717509	train
WP_095699439	WP_224717509	train
WP_119888852	WP_224717509	train
WP_261845653	WP_224717509	train
WP_116166740	WP_224717509	train
WP_039344991	WP_224717509	train
WP_323639082	WP_224717509	train
WP_137739688	WP_224717509	train
WP_193398602	WP_224717509	train
WP_102117633	WP_224717509	train
WP_205537877	WP_224717509	train
WP_205567079	WP_224717509	train
WP_400275875	WP_224717509	train
WP_205595124	WP_224717509	train
WP_349908336	WP_224717509	train
WP_039549548	WP_224717509	train
WP_268197315	WP_224717509	train
WP_048256980	WP_224717509	train
WP_400374901	WP_224717509	train
WP_039276197	WP_224717509	train
WP_119874231	WP_224717509	train
WP_349895030	WP_224717509	train
WP_014915357	WP_224717509	train
WP_040035700	WP_224717509	train
WP_445499625	WP_224717509	train
WP_203450462	WP_224717509	train
WP_411559310	WP_224717509	train
WP_233989297	WP_224717509	train
WP_400361680	WP_224717509	train
WP_205559031	WP_224717509	train
WP_039517280	WP_224717509	train
WP_336862764	WP_224717509	train
WP_180784301	WP_224717509	train
WP_010275225	WP_224717509	train
WP_400337161	WP_224717509	train
WP_039496180	WP_224717509	train
WP_225582758	WP_224717509	train
WP_100016920	WP_224717509	train
WP_483279638	WP_224717509	train
WP_205568288	WP_224717509	train
WP_205604874	WP_224717509	train
WP_233967974	WP_224717509	train
WP_174876834	WP_224717509	train
WP_275209260	WP_224717509	train
WP_161528989	WP_224717509	train
WP_039299944	WP_224717509	train
WP_317697015	WP_317697015	test
WP_413738776	WP_413738776	train
WP_067567297	WP_067567297	train
WP_411623119	WP_411623119	test
WP_267350793	WP_411623119	test
WP_294829166	WP_411623119	test
WP_220215113	WP_411623119	test
WP_267380332	WP_411623119	test
WP_065558284	WP_411623119	test
WP_267359913	WP_411623119	test
WP_411596598	WP_411623119	test
WP_121121404	WP_121121404	val
WP_301099663	WP_121121404	val
WP_444786638	WP_444786638	val
WP_173500600	WP_444786638	val
WP_205310284	WP_444786638	val
WP_484318112	WP_444786638	val
WP_474172053	WP_444786638	val
WP_305553018	WP_444786638	val
WP_215397845	WP_444786638	val
WP_092795466	WP_444786638	val
WP_240222433	WP_444786638	val
WP_068234350	WP_444786638	val
WP_259241110	WP_444786638	val
WP_331161103	WP_444786638	val
WP_310209723	WP_444786638	val
WP_103279445	WP_103279445	test
WP_229221832	WP_103279445	test
WP_047370484	WP_103279445	test
WP_123346492	WP_123346492	val
WP_039303632	WP_039303632	train
WP_331636338	WP_039303632	train
WP_061277535	WP_039303632	train
WP_008461318	WP_039303632	train
WP_375528918	WP_039303632	train
WP_045782768	WP_039303632	train
WP_166863571	WP_039303632	train
WP_227317218	WP_039303632	train
WP_126355978	WP_039303632	train
WP_312739921	WP_039303632	train
WP_038471906	WP_039303632	train
WP_176983322	WP_039303632	train
WP_058910271	WP_058910271	val
WP_258575798	WP_258575798	test
WP_171852742	WP_171852742	train
WP_013317897	WP_171852742	train
WP_038922768	WP_171852742	train
WP_038925913	WP_171852742	train
WP_220177812	WP_171852742	train
WP_168362520	WP_171852742	train
WP_019845082	WP_171852742	train
WP_102801741	WP_171852742	train
WP_038913983	WP_171852742	train
WP_236306326	WP_171852742	train
WP_012884779	WP_171852742	train
WP_168365724	WP_171852742	train
WP_016941328	WP_171852742	train
WP_210176762	WP_171852742	train
WP_023639723	WP_171852742	train
WP_210175662	WP_171852742	train
WP_342700795	WP_171852742	train
WP_226092556	WP_171852742	train
WP_248587616	WP_171852742	train
WP_038904398	WP_171852742	train
WP_210193742	WP_171852742	train
WP_038908015	WP_171852742	train
WP_210183022	WP_171852742	train
WP_253001194	WP_171852742	train
WP_226054480	WP_171852742	train
WP_077245282	WP_171852742	train
WP_038658773	WP_171852742	train
WP_033568758	WP_171852742	train
WP_192991276	WP_171852742	train
WP_049853975	WP_171852742	train
WP_039693966	WP_171852742	train
WP_024105897	WP_171852742	train
WP_024108762	WP_171852742	train
WP_038919025	WP_171852742	train
WP_022633521	WP_171852742	train
WP_209126844	WP_171852742	train
WP_107759349	WP_171852742	train
WP_057083369	WP_171852742	train
WP_042859807	WP_171852742	train
WP_336678789	WP_171852742	train
WP_040000940	WP_171852742	train
WP_226052313	WP_171852742	train
WP_038911200	WP_171852742	train
WP_012769871	WP_171852742	train
WP_242753394	WP_171852742	train
WP_171850863	WP_171852742	train
WP_289431618	WP_171852742	train
WP_027712113	WP_171852742	train
WP_374069461	WP_171852742	train
WP_042870498	WP_171852742	train
WP_168639893	WP_171852742	train
WP_216282872	WP_171852742	train
WP_406703870	WP_406703870	train
WP_308824248	WP_406703870	train
WP_074012510	WP_406703870	train
WP_166506653	WP_406703870	train
WP_011411228	WP_406703870	train
WP_215670901	WP_406703870	train
WP_345995456	WP_406703870	train
WP_025422046	WP_406703870	train
WP_415210127	WP_406703870	train
WP_025245756	WP_406703870	train
WP_438808801	WP_406703870	train
WP_159932289	WP_159932289	test
WP_167870554	WP_167870554	train
WP_126766698	WP_126766698	test
WP_222545138	WP_222545138	val
WP_434355448	WP_434355448	test
WP_217393022	WP_217393022	test
WP_047883328	WP_217393022	test
WP_446031260	WP_217393022	test
WP_121144569	WP_121144569	val
WP_046559052	WP_046559052	val
WP_121463374	WP_121463374	train
WP_271695332	WP_271695332	test
WP_014887830	WP_014887830	test
WP_456051936	WP_456051936	train
WP_458767449	WP_456051936	train
WP_100798927	WP_100798927	test
WP_226810684	WP_226810684	val
WP_221925368	WP_221925368	train
WP_013366501	WP_013366501	test
WP_293493357	WP_013366501	test
WP_062741074	WP_013366501	test
WP_439212151	WP_439212151	test
WP_481125306	WP_481125306	val
WP_137763310	WP_481125306	val
WP_038020773	WP_038020773	test
WP_294906525	WP_038020773	test
WP_087488478	WP_038020773	test
WP_159564286	WP_159564286	test
WP_323853599	WP_323853599	val
WP_319929647	WP_323853599	val
WP_092508881	WP_323853599	val
WP_010845973	WP_323853599	val
WP_013184437	WP_323853599	val
WP_237386730	WP_323853599	val
WP_092552998	WP_323853599	val
WP_248715538	WP_248715538	val
WP_479637495	WP_479637495	val
WP_140932275	WP_479637495	val
WP_394131052	WP_394131052	test
WP_479457692	WP_479457692	test
WP_103676541	WP_103676541	train
WP_056238324	WP_056238324	train
WP_047780812	WP_047780812	test
WP_074821306	WP_047780812	test
WP_158379358	WP_158379358	val
WP_158366330	WP_158379358	val
WP_123955966	WP_123955966	test
WP_454096905	WP_123955966	test
WP_093271841	WP_093271841	val
WP_119911404	WP_119911404	val
WP_345488804	WP_345488804	test
WP_076573667	WP_076573667	val
WP_100051834	WP_100051834	test
WP_011200271	WP_100051834	test
WP_443091527	WP_100051834	test
WP_090653660	WP_100051834	test
WP_272137990	WP_272137990	val
WP_195705020	WP_272137990	val
WP_390238007	WP_272137990	val
WP_275136708	WP_272137990	val
WP_089139683	WP_089139683	train
WP_417883404	WP_089139683	train
WP_394609334	WP_089139683	train
WP_105902354	WP_089139683	train
WP_086982997	WP_089139683	train
WP_027697125	WP_089139683	train
WP_287025098	WP_089139683	train
WP_144388186	WP_089139683	train
WP_442292824	WP_089139683	train
WP_192999338	WP_089139683	train
WP_475314352	WP_089139683	train
WP_417879123	WP_089139683	train
WP_086961022	WP_089139683	train
WP_089123180	WP_089139683	train
WP_237295247	WP_089139683	train
WP_188918809	WP_188918809	val
WP_222443976	WP_222443976	val
WP_026861812	WP_222443976	val
WP_408616430	WP_408616430	train
WP_131910909	WP_408616430	train
WP_234199173	WP_234199173	train
WP_110808998	WP_110808998	train
WP_032992965	WP_110808998	train
WP_165154374	WP_110808998	train
WP_105628005	WP_110808998	train
WP_104668997	WP_110808998	train
WP_373329887	WP_110808998	train
WP_282982114	WP_110808998	train
WP_166500653	WP_110808998	train
WP_004387669	WP_110808998	train
WP_041460856	WP_110808998	train
WP_104658163	WP_110808998	train
WP_110798146	WP_110808998	train
WP_105573314	WP_110808998	train
WP_319703777	WP_110808998	train
WP_104676997	WP_110808998	train
WP_054624726	WP_110808998	train
WP_032983347	WP_110808998	train
WP_283005799	WP_110808998	train
WP_038887553	WP_110808998	train
WP_336281044	WP_110808998	train
WP_316350894	WP_110808998	train
WP_419361289	WP_110808998	train
WP_038871634	WP_110808998	train
WP_395583596	WP_110808998	train
WP_312616078	WP_110808998	train
WP_325774180	WP_110808998	train
WP_075198592	WP_110808998	train
WP_373327940	WP_110808998	train
WP_161588697	WP_110808998	train
WP_171998241	WP_110808998	train
WP_038862609	WP_110808998	train
WP_075193075	WP_110808998	train
WP_161581041	WP_110808998	train
WP_282830645	WP_110808998	train
WP_283984737	WP_110808998	train
WP_105652152	WP_110808998	train
WP_044593861	WP_110808998	train
WP_161577861	WP_110808998	train
WP_015741453	WP_110808998	train
WP_284027950	WP_110808998	train
WP_175571529	WP_110808998	train
WP_282899315	WP_110808998	train
WP_105581370	WP_110808998	train
WP_426726240	WP_110808998	train
WP_038883495	WP_110808998	train
WP_105579508	WP_110808998	train
WP_161571415	WP_110808998	train
WP_105577126	WP_110808998	train
WP_105625244	WP_110808998	train
WP_457827590	WP_110808998	train
WP_312611771	WP_110808998	train
WP_105634091	WP_110808998	train
WP_148736215	WP_110808998	train
WP_105648543	WP_110808998	train
WP_063265668	WP_110808998	train
WP_105719592	WP_110808998	train
WP_088274917	WP_110808998	train
WP_105551845	WP_110808998	train
WP_284008640	WP_110808998	train
WP_175567553	WP_110808998	train
WP_032981332	WP_110808998	train
WP_097570704	WP_110808998	train
WP_180208627	WP_110808998	train
WP_105607351	WP_110808998	train
WP_105623843	WP_110808998	train
WP_097641288	WP_110808998	train
WP_097647679	WP_110808998	train
WP_110792080	WP_110808998	train
WP_110811910	WP_110808998	train
WP_241703412	WP_110808998	train
WP_085017099	WP_110808998	train
WP_032971091	WP_110808998	train
WP_105607869	WP_110808998	train
WP_319048765	WP_110808998	train
WP_032805444	WP_110808998	train
WP_084997653	WP_110808998	train
WP_085036933	WP_110808998	train
WP_325763270	WP_110808998	train
WP_080781322	WP_110808998	train
WP_146378666	WP_110808998	train
WP_370903449	WP_110808998	train
WP_105611053	WP_110808998	train
WP_038860066	WP_110808998	train
WP_426345965	WP_110808998	train
WP_032984924	WP_110808998	train
WP_289775311	WP_289775311	val
WP_193404322	WP_289775311	val
WP_332628200	WP_289775311	val
WP_243077832	WP_289775311	val
WP_409075694	WP_289775311	val
WP_212707839	WP_212707839	val
WP_212711669	WP_212707839	val
WP_212710591	WP_212707839	val
WP_343877491	WP_212707839	val
WP_233073810	WP_233073810	test
WP_269980294	WP_269980294	test
WP_099607476	WP_269980294	test
WP_095571737	WP_269980294	test
WP_172845569	WP_269980294	test
WP_252035060	WP_269980294	test
WP_064487777	WP_269980294	test
WP_239838238	WP_269980294	test
WP_171346906	WP_269980294	test
WP_206374211	WP_269980294	test
WP_287224867	WP_269980294	test
WP_065741439	WP_269980294	test
WP_239865704	WP_269980294	test
WP_239875440	WP_269980294	test
WP_277684923	WP_269980294	test
WP_038156048	WP_269980294	test
WP_095560475	WP_269980294	test
WP_006962916	WP_269980294	test
WP_172849455	WP_269980294	test
WP_409458152	WP_269980294	test
WP_019277761	WP_269980294	test
WP_171352351	WP_269980294	test
WP_043008734	WP_269980294	test
WP_171340648	WP_269980294	test
WP_350358658	WP_269980294	test
WP_045976753	WP_269980294	test
WP_133543633	WP_133543633	test
WP_439258233	WP_439258233	test
WP_439328399	WP_439258233	test
WP_439241624	WP_439258233	test
WP_460862134	WP_460862134	val
WP_132500974	WP_132500974	test
WP_208004882	WP_208004882	test
WP_068063644	WP_068063644	val
WP_127697590	WP_068063644	val
WP_169562231	WP_169562231	test
WP_234236083	WP_169562231	test
WP_257172323	WP_257172323	train
WP_077285281	WP_257172323	train
WP_112216482	WP_112216482	train
WP_142514237	WP_112216482	train
WP_225701636	WP_225701636	val
WP_067430985	WP_225701636	val
WP_087019835	WP_087019835	train
WP_275863596	WP_275863596	val
WP_110433650	WP_110433650	val
WP_144187966	WP_110433650	val
WP_110423577	WP_110433650	val
WP_065563478	WP_110433650	val
WP_267330302	WP_110433650	val
WP_267342732	WP_110433650	val
WP_267331995	WP_110433650	val
WP_065734879	WP_110433650	val
WP_267377018	WP_110433650	val
WP_267336884	WP_110433650	val
WP_086358006	WP_110433650	val
WP_464972420	WP_464972420	val
WP_126841442	WP_126841442	train
WP_290325830	WP_290325830	val
WP_102522258	WP_290325830	val
WP_132022654	WP_132022654	train
WP_017033749	WP_017033749	train
WP_039980762	WP_039980762	train
WP_194757341	WP_194757341	val
WP_143233765	WP_194757341	val
WP_265609173	WP_265609173	test
WP_290250415	WP_290250415	train
WP_130591135	WP_130591135	train
WP_218465942	WP_130591135	train
WP_140920835	WP_130591135	train
WP_108899290	WP_130591135	train
WP_228398031	WP_130591135	train
WP_230609991	WP_130591135	train
WP_373819064	WP_373819064	train
WP_373778385	WP_373819064	train
WP_446509709	WP_446509709	test
WP_428652876	WP_446509709	test
WP_107299188	WP_446509709	test
WP_255041323	WP_446509709	test
WP_475254074	WP_446509709	test
WP_107349490	WP_446509709	test
WP_317522181	WP_446509709	test
WP_222550165	WP_446509709	test
WP_281025278	WP_446509709	test
WP_044623863	WP_446509709	test
WP_039468103	WP_446509709	test
WP_475242041	WP_446509709	test
WP_117233241	WP_117233241	test
WP_318924739	WP_318924739	train
WP_107281512	WP_318924739	train
WP_182108492	WP_182108492	test
WP_428798021	WP_182108492	test
WP_193020815	WP_193020815	train
WP_284300646	WP_193020815	train
WP_248953922	WP_248953922	val
WP_131256595	WP_131256595	test
WP_284206231	WP_284206231	val
WP_088328348	WP_088328348	train
WP_062479212	WP_088328348	train
WP_432530558	WP_432530558	test
WP_077340789	WP_077340789	train
WP_076419288	WP_077340789	train
WP_304370078	WP_077340789	train
WP_473617055	WP_077340789	train
WP_248471265	WP_248471265	test
WP_299807776	WP_248471265	test
WP_248950909	WP_248471265	test
WP_220762868	WP_248471265	test
WP_239889576	WP_248471265	test
WP_202719989	WP_248471265	test
WP_447165246	WP_248471265	test
WP_220767706	WP_248471265	test
WP_012276709	WP_248471265	test
WP_310654958	WP_248471265	test
WP_108946194	WP_248471265	test
WP_397214631	WP_397214631	train
WP_323476683	WP_323476683	val
WP_123015955	WP_123015955	test
WP_077313250	WP_123015955	test
WP_024495662	WP_024495662	val
WP_261817173	WP_261817173	test
WP_394174727	WP_394174727	test
WP_138318130	WP_394174727	test
WP_169930201	WP_169930201	test
WP_417656110	WP_169930201	test
WP_487135676	WP_487135676	train
WP_075181891	WP_075181891	val
WP_071668860	WP_071668860	test
WP_104085016	WP_071668860	test
WP_150016228	WP_071668860	test
WP_039384579	WP_071668860	test
WP_292971277	WP_071668860	test
WP_065649269	WP_071668860	test
WP_412158871	WP_071668860	test
WP_099704794	WP_099704794	test
WP_409308820	WP_409308820	test
WP_109054023	WP_409308820	test
WP_137713682	WP_409308820	test
WP_136155996	WP_409308820	test
WP_172287675	WP_409308820	test
WP_198691178	WP_198691178	val
WP_241607517	WP_241607517	train
WP_214212194	WP_241607517	train
WP_072958592	WP_072958592	train
WP_074373439	WP_072958592	train
WP_021019037	WP_072958592	train
WP_077333656	WP_072958592	train
WP_087479007	WP_072958592	train
WP_038186134	WP_072958592	train
WP_311844848	WP_072958592	train
WP_476486212	WP_072958592	train
WP_059120971	WP_072958592	train
WP_239182622	WP_239182622	test
WP_484118656	WP_484118656	train
WP_105305969	WP_484118656	train
WP_448211150	WP_448211150	val
WP_009603463	WP_009603463	test
WP_339386260	WP_009603463	test
WP_268676972	WP_009603463	test
WP_168834422	WP_168834422	val
WP_420520683	WP_420520683	test
WP_265474547	WP_265474547	val
WP_261920909	WP_265474547	val
WP_265490995	WP_265474547	val
WP_179024907	WP_179024907	val
WP_028772459	WP_179024907	val
WP_138097736	WP_138097736	test
WP_175340608	WP_138097736	test
WP_097161091	WP_097161091	test
WP_404659646	WP_097161091	test
WP_330981895	WP_097161091	test
WP_438683633	WP_097161091	test
WP_319786895	WP_097161091	test
WP_312626622	WP_097161091	test
WP_258987237	WP_097161091	test
WP_159758836	WP_097161091	test
WP_159774540	WP_097161091	test
WP_258995329	WP_097161091	test
WP_258967526	WP_097161091	test
WP_329702166	WP_097161091	test
WP_319630123	WP_097161091	test
WP_394448181	WP_097161091	test
WP_475292798	WP_097161091	test
WP_110507929	WP_097161091	test
WP_115456984	WP_115456984	val
WP_311751804	WP_311751804	train
WP_100158177	WP_311751804	train
WP_151435029	WP_311751804	train
WP_198812929	WP_311751804	train
WP_023582278	WP_311751804	train
WP_109372365	WP_311751804	train
WP_088495696	WP_311751804	train
WP_196734323	WP_311751804	train
WP_161748199	WP_311751804	train
WP_196565964	WP_311751804	train
WP_109394333	WP_311751804	train
WP_198619564	WP_311751804	train
WP_325932089	WP_311751804	train
WP_099075313	WP_311751804	train
WP_072062505	WP_311751804	train
WP_069369237	WP_311751804	train
WP_109400377	WP_311751804	train
WP_165124067	WP_311751804	train
WP_161710883	WP_311751804	train
WP_109397359	WP_311751804	train
WP_194952407	WP_311751804	train
WP_248620632	WP_311751804	train
WP_249717860	WP_311751804	train
WP_337240493	WP_311751804	train
WP_260798075	WP_311751804	train
WP_285714372	WP_311751804	train
WP_196556050	WP_311751804	train
WP_161706602	WP_311751804	train
WP_075672092	WP_311751804	train
WP_349460423	WP_311751804	train
WP_109850018	WP_311751804	train
WP_368887702	WP_311751804	train
WP_311750765	WP_311751804	train
WP_368468289	WP_311751804	train
WP_349421462	WP_311751804	train
WP_004248126	WP_311751804	train
WP_108716977	WP_311751804	train
WP_273631551	WP_311751804	train
WP_196726817	WP_311751804	train
WP_286448764	WP_311751804	train
WP_212551750	WP_311751804	train
WP_185160351	WP_311751804	train
WP_165715147	WP_311751804	train
WP_159262436	WP_311751804	train
WP_387507116	WP_311751804	train
WP_369504385	WP_311751804	train
WP_152964616	WP_311751804	train
WP_049236182	WP_311751804	train
WP_430257706	WP_311751804	train
WP_348854418	WP_311751804	train
WP_387521070	WP_311751804	train
WP_058336137	WP_311751804	train
WP_369362076	WP_311751804	train
WP_135092017	WP_311751804	train
WP_259693887	WP_311751804	train
WP_283533941	WP_311751804	train
WP_155289876	WP_311751804	train
WP_460408097	WP_311751804	train
WP_409547266	WP_311751804	train
WP_368871459	WP_311751804	train
WP_161778815	WP_311751804	train
WP_060559033	WP_311751804	train
WP_368881827	WP_311751804	train
WP_368879049	WP_311751804	train
WP_004243046	WP_311751804	train
WP_277270177	WP_311751804	train
WP_124743586	WP_311751804	train
WP_168725650	WP_311751804	train
WP_410920233	WP_311751804	train
WP_113976566	WP_311751804	train
WP_269602296	WP_311751804	train
WP_326368792	WP_311751804	train
WP_413689442	WP_311751804	train
WP_476641610	WP_311751804	train
WP_109408755	WP_311751804	train
WP_166541309	WP_311751804	train
WP_036937101	WP_311751804	train
WP_349438925	WP_311751804	train
WP_115370258	WP_311751804	train
WP_072068002	WP_311751804	train
WP_286439938	WP_311751804	train
WP_087802490	WP_311751804	train
WP_198622324	WP_311751804	train
WP_103004754	WP_311751804	train
WP_193017257	WP_311751804	train
WP_066753390	WP_311751804	train
WP_369507944	WP_311751804	train
WP_247851139	WP_311751804	train
WP_349463207	WP_311751804	train
WP_129040788	WP_311751804	train
WP_064719827	WP_311751804	train
WP_197570600	WP_311751804	train
WP_149127533	WP_311751804	train
WP_406702821	WP_406702821	train
WP_457161711	WP_457161711	train
WP_005762130	WP_457161711	train
WP_101766884	WP_101766884	train
WP_324638259	WP_101766884	train
WP_238300384	WP_101766884	train
WP_016534517	WP_101766884	train
WP_195188265	WP_101766884	train
WP_249991264	WP_101766884	train
WP_061406065	WP_101766884	train
WP_330454052	WP_101766884	train
WP_261599009	WP_101766884	train
WP_324637221	WP_101766884	train
WP_410873968	WP_101766884	train
WP_316733500	WP_101766884	train
WP_108511980	WP_101766884	train
WP_025248461	WP_101766884	train
WP_071522961	WP_101766884	train
WP_032851656	WP_101766884	train
WP_115098309	WP_101766884	train
WP_064964885	WP_101766884	train
WP_014391063	WP_101766884	train
WP_416100351	WP_101766884	train
WP_102955861	WP_101766884	train
WP_126417483	WP_101766884	train
WP_096742888	WP_101766884	train
WP_079157844	WP_101766884	train
WP_324739343	WP_101766884	train
WP_170376425	WP_101766884	train
WP_115299661	WP_101766884	train
WP_410824516	WP_101766884	train
WP_425932235	WP_101766884	train
WP_379056724	WP_101766884	train
WP_250269107	WP_101766884	train
WP_407351038	WP_101766884	train
WP_439054229	WP_101766884	train
WP_249984641	WP_101766884	train
WP_005751468	WP_101766884	train
WP_074864817	WP_101766884	train
WP_169323762	WP_101766884	train
WP_250249154	WP_101766884	train
WP_170659208	WP_101766884	train
WP_014668030	WP_101766884	train
WP_101750110	WP_101766884	train
WP_150332123	WP_101766884	train
WP_102822896	WP_101766884	train
WP_271343145	WP_101766884	train
WP_083008117	WP_101766884	train
WP_250193717	WP_101766884	train
WP_250046978	WP_101766884	train
WP_241952066	WP_101766884	train
WP_410879490	WP_101766884	train
WP_250028058	WP_101766884	train
WP_059246060	WP_101766884	train
WP_099861139	WP_101766884	train
WP_240266277	WP_101766884	train
WP_032853999	WP_101766884	train
WP_250021290	WP_101766884	train
WP_064972881	WP_101766884	train
WP_410877411	WP_101766884	train
WP_130525459	WP_101766884	train
WP_471808870	WP_101766884	train
WP_010906754	WP_101766884	train
WP_250022561	WP_101766884	train
WP_208933796	WP_101766884	train
WP_249983908	WP_101766884	train
WP_250064408	WP_101766884	train
WP_064775627	WP_101766884	train
WP_038641850	WP_101766884	train
WP_130556756	WP_101766884	train
WP_250262681	WP_101766884	train
WP_330429938	WP_101766884	train
WP_484555685	WP_101766884	train
WP_075271527	WP_101766884	train
WP_250047460	WP_101766884	train
WP_324694245	WP_101766884	train
WP_483825122	WP_101766884	train
WP_322912250	WP_101766884	train
WP_447477494	WP_101766884	train
WP_426098855	WP_101766884	train
WP_139617177	WP_101766884	train
WP_279896885	WP_101766884	train
WP_130558847	WP_101766884	train
WP_250011284	WP_101766884	train
WP_421436217	WP_101766884	train
WP_078819330	WP_101766884	train
WP_426999290	WP_101766884	train
WP_458032090	WP_101766884	train
WP_267174642	WP_101766884	train
WP_343298316	WP_101766884	train
WP_075284968	WP_101766884	train
WP_323998121	WP_101766884	train
WP_230294072	WP_101766884	train
WP_324700040	WP_101766884	train
WP_334054609	WP_101766884	train
WP_334551032	WP_334551032	test
WP_228610836	WP_228610836	val
WP_330128356	WP_228610836	val
WP_091341373	WP_228610836	val
WP_392553471	WP_392553471	test
WP_101214110	WP_101214110	test
WP_115719005	WP_115719005	val
WP_007419046	WP_007419046	val
WP_126806061	WP_007419046	val
WP_211054334	WP_211054334	val
WP_414830664	WP_414830664	train
WP_171624647	WP_171624647	train
WP_152086310	WP_171624647	train
WP_226570516	WP_226570516	test
WP_064593902	WP_226570516	test
WP_036105439	WP_226570516	test
WP_110025119	WP_226570516	test
WP_208715222	WP_208715222	val
WP_084875105	WP_208715222	val
WP_480363982	WP_208715222	val
WP_013509246	WP_208715222	val
WP_021183094	WP_208715222	val
WP_259005591	WP_259005591	train
WP_167014224	WP_167014224	train
WP_017346259	WP_167014224	train
WP_353502352	WP_353502352	test
WP_396130483	WP_353502352	test
WP_185689877	WP_353502352	test
WP_100937207	WP_353502352	test
WP_034790972	WP_353502352	test
WP_422794402	WP_422794402	val
WP_127958355	WP_127958355	val
WP_244358178	WP_244358178	val
WP_318968491	WP_318968491	val
WP_217666924	WP_318968491	val
WP_019676957	WP_318968491	val
WP_209113625	WP_209113625	test
WP_171361937	WP_171361937	train
WP_215985775	WP_171361937	train
WP_421587784	WP_171361937	train
WP_189773231	WP_189773231	train
WP_232759946	WP_232759946	test
WP_322542301	WP_232759946	test
WP_034915106	WP_034915106	test
WP_034949065	WP_034915106	test
WP_085071604	WP_085071604	train
WP_141175441	WP_085071604	train
WP_333897397	WP_085071604	train
WP_288015259	WP_085071604	train
WP_038625919	WP_085071604	train
WP_160621148	WP_085071604	train
WP_104957452	WP_085071604	train
WP_275555802	WP_085071604	train
WP_426981753	WP_085071604	train
WP_103058435	WP_085071604	train
WP_352410057	WP_085071604	train
WP_249891184	WP_085071604	train
WP_250650049	WP_085071604	train
WP_426972439	WP_085071604	train
WP_061770752	WP_061770752	test
WP_006709699	WP_061770752	test
WP_252748805	WP_061770752	test
WP_160743914	WP_061770752	test
WP_040266076	WP_061770752	test
WP_339036529	WP_061770752	test
WP_101775042	WP_101775042	val
WP_379096858	WP_101775042	val
WP_294965629	WP_294965629	test
WP_294612207	WP_294965629	test
WP_458734852	WP_458734852	val
WP_106454574	WP_458734852	val
WP_106728523	WP_106728523	val
WP_270018991	WP_270018991	train
WP_330088933	WP_330088933	test
WP_269725396	WP_269725396	test
WP_269725886	WP_269725396	test
WP_483647959	WP_269725396	test
WP_079786656	WP_269725396	test
WP_193582231	WP_269725396	test
WP_052899107	WP_052899107	test
WP_313852167	WP_052899107	test
WP_267144928	WP_052899107	test
WP_017799901	WP_052899107	test
WP_150434082	WP_150434082	val
WP_473197689	WP_473197689	train
WP_484379980	WP_473197689	train
WP_023491655	WP_473197689	train
WP_069315847	WP_069315847	train
WP_413482628	WP_413482628	test
WP_413491940	WP_413482628	test
WP_067406336	WP_413482628	test
WP_067364616	WP_413482628	test
WP_040976355	WP_040976355	test
WP_261895764	WP_261895764	val
WP_252022813	WP_252022813	test
WP_085247968	WP_085247968	train
WP_174797181	WP_085247968	train
WP_160432097	WP_085247968	train
WP_065639088	WP_085247968	train
WP_075508531	WP_085247968	train
WP_065587285	WP_085247968	train
WP_483558357	WP_085247968	train
WP_483564129	WP_085247968	train
WP_091347145	WP_085247968	train
WP_174786776	WP_085247968	train
WP_160402488	WP_085247968	train
WP_275129597	WP_275129597	val
WP_026972497	WP_026972497	train
WP_026960310	WP_026972497	train
WP_095498349	WP_095498349	val
WP_068697716	WP_068697716	test
WP_261874437	WP_068697716	test
WP_261824025	WP_068697716	test
WP_023404807	WP_068697716	test
WP_021713044	WP_068697716	test
WP_152821158	WP_068697716	test
WP_350402415	WP_350402415	test
WP_143872283	WP_350402415	test
WP_120354263	WP_120354263	val
WP_262791624	WP_262791624	train
WP_035012822	WP_035012822	test
WP_311379858	WP_311379858	train
WP_431649702	WP_311379858	train
WP_420290044	WP_311379858	train
WP_032647574	WP_311379858	train
WP_047353322	WP_311379858	train
WP_248095842	WP_311379858	train
WP_219322922	WP_311379858	train
WP_431650576	WP_311379858	train
WP_432223881	WP_311379858	train
WP_102789975	WP_311379858	train
WP_193940668	WP_311379858	train
WP_247825486	WP_311379858	train
WP_032656725	WP_311379858	train
WP_121931743	WP_311379858	train
WP_420275037	WP_311379858	train
WP_006810845	WP_311379858	train
WP_484611759	WP_311379858	train
WP_271284178	WP_311379858	train
WP_332980939	WP_311379858	train
WP_023335949	WP_311379858	train
WP_287654485	WP_311379858	train
WP_320719782	WP_311379858	train
WP_236903263	WP_311379858	train
WP_168979589	WP_311379858	train
WP_335246456	WP_311379858	train
WP_473712665	WP_311379858	train
WP_087449702	WP_311379858	train
WP_333049845	WP_311379858	train
WP_320741671	WP_311379858	train
WP_123922316	WP_311379858	train
WP_159125343	WP_311379858	train
WP_125357703	WP_311379858	train
WP_348558012	WP_311379858	train
WP_332963577	WP_311379858	train
WP_316459605	WP_311379858	train
WP_032642185	WP_311379858	train
WP_029740526	WP_311379858	train
WP_063145052	WP_311379858	train
WP_473329523	WP_311379858	train
WP_334754973	WP_311379858	train
WP_221256081	WP_311379858	train
WP_349402903	WP_311379858	train
WP_447744097	WP_311379858	train
WP_414746791	WP_311379858	train
WP_262805130	WP_311379858	train
WP_109843960	WP_311379858	train
WP_197347170	WP_311379858	train
WP_238714052	WP_238714052	val
WP_249031411	WP_238714052	val
WP_264088736	WP_264088736	val
WP_113867268	WP_264088736	val
WP_111740213	WP_111740213	train
WP_032092645	WP_032092645	test
WP_373099949	WP_032092645	test
WP_321406022	WP_321406022	val
WP_320152711	WP_321406022	val
WP_188026472	WP_321406022	val
WP_012729597	WP_321406022	val
WP_430019276	WP_430019276	train
WP_044471025	WP_430019276	train
WP_005758915	WP_430019276	train
WP_077540554	WP_077540554	test
WP_135093278	WP_077540554	test
WP_077496884	WP_077540554	test
WP_136123911	WP_077540554	test
WP_136124984	WP_077540554	test
WP_077583333	WP_077540554	test
WP_018355602	WP_077540554	test
WP_077551599	WP_077540554	test
WP_272166769	WP_077540554	test
WP_077477107	WP_077540554	test
WP_077553391	WP_077540554	test
WP_077664254	WP_077540554	test
WP_257793506	WP_077540554	test
WP_077435573	WP_077540554	test
WP_164027536	WP_077540554	test
WP_077464831	WP_077540554	test
WP_077582685	WP_077540554	test
WP_059366171	WP_077540554	test
WP_135968517	WP_077540554	test
WP_077493912	WP_077540554	test
WP_288063150	WP_077540554	test
WP_077587207	WP_077540554	test
WP_077544337	WP_077540554	test
WP_390189304	WP_390189304	val
WP_456295918	WP_390189304	val
WP_218562964	WP_218562964	test
WP_136484463	WP_218562964	test
WP_335738431	WP_335738431	val
WP_132582441	WP_335738431	val
WP_411358829	WP_411358829	train
WP_034732693	WP_411358829	train
WP_207325905	WP_207325905	val
WP_207381612	WP_207325905	val
WP_207322658	WP_207325905	val
WP_126826245	WP_126826245	test
WP_182678932	WP_182678932	test
WP_445945797	WP_182678932	test
WP_041405792	WP_182678932	test
WP_428195762	WP_428195762	val
WP_430519070	WP_428195762	val
WP_093983169	WP_093983169	train
WP_412522477	WP_093983169	train
WP_101059857	WP_093983169	train
WP_221051888	WP_093983169	train
WP_342188958	WP_093983169	train
WP_345861931	WP_093983169	train
WP_144165764	WP_093983169	train
WP_412522710	WP_093983169	train
WP_339087592	WP_093983169	train
WP_101056193	WP_093983169	train
WP_335923674	WP_093983169	train
WP_144226122	WP_093983169	train
WP_345874957	WP_093983169	train
WP_475617242	WP_093983169	train
WP_208161169	WP_093983169	train
WP_045282656	WP_093983169	train
WP_412495113	WP_093983169	train
WP_345881720	WP_093983169	train
WP_025011036	WP_093983169	train
WP_345883777	WP_093983169	train
WP_208224035	WP_093983169	train
WP_039035873	WP_093983169	train
WP_335908751	WP_093983169	train
WP_226683851	WP_093983169	train
WP_424527059	WP_093983169	train
WP_345871851	WP_093983169	train
WP_447017766	WP_093983169	train
WP_345887932	WP_093983169	train
WP_123116539	WP_093983169	train
WP_454290304	WP_093983169	train
WP_432517351	WP_093983169	train
WP_345870235	WP_093983169	train
WP_107352966	WP_093983169	train
WP_219013107	WP_093983169	train
WP_096142282	WP_093983169	train
WP_335901113	WP_093983169	train
WP_208145204	WP_093983169	train
WP_462884494	WP_093983169	train
WP_475624837	WP_093983169	train
WP_475616417	WP_093983169	train
WP_264920090	WP_093983169	train
WP_208129281	WP_093983169	train
WP_208183799	WP_093983169	train
WP_101095994	WP_093983169	train
WP_109247393	WP_093983169	train
WP_156019325	WP_093983169	train
WP_447078196	WP_093983169	train
WP_432513207	WP_093983169	train
WP_208156431	WP_093983169	train
WP_144132345	WP_093983169	train
WP_234521524	WP_093983169	train
WP_342197494	WP_093983169	train
WP_100142360	WP_093983169	train
WP_221050854	WP_093983169	train
WP_475628135	WP_093983169	train
WP_335899982	WP_093983169	train
WP_208169848	WP_093983169	train
WP_208168050	WP_093983169	train
WP_071237563	WP_093983169	train
WP_107110244	WP_093983169	train
WP_273643060	WP_093983169	train
WP_221059983	WP_093983169	train
WP_412486852	WP_093983169	train
WP_234594276	WP_093983169	train
WP_474824785	WP_474824785	train
WP_088499704	WP_088499704	val
WP_092874678	WP_092874678	val
WP_027273071	WP_027273071	train
WP_261830881	WP_027273071	train
WP_131863432	WP_131863432	test
WP_166837959	WP_166837959	test
WP_120030003	WP_120030003	train
WP_260258867	WP_260258867	test
WP_438457591	WP_438457591	test
WP_464903692	WP_438457591	test
WP_317715533	WP_317715533	train
WP_413285939	WP_317715533	train
WP_344955109	WP_344955109	test
WP_116472887	WP_344955109	test
WP_343844034	WP_343844034	train
WP_102797089	WP_343844034	train
WP_206595282	WP_343844034	train
WP_188697922	WP_343844034	train
WP_214344867	WP_343844034	train
WP_249249048	WP_249249048	val
WP_248935780	WP_249249048	val
WP_411986381	WP_411986381	test
WP_250613110	WP_250613110	train
WP_025820579	WP_025820579	test
WP_239439156	WP_239439156	val
WP_067497687	WP_067497687	test
WP_191022233	WP_191022233	train
WP_139756523	WP_191022233	train
WP_115592342	WP_115592342	val
WP_049840483	WP_049840483	test
WP_132455404	WP_132455404	test
WP_093317751	WP_093317751	train
WP_412763680	WP_412763680	val
WP_194812176	WP_412763680	val
WP_226691095	WP_412763680	val
WP_159738976	WP_159738976	train
WP_077478828	WP_077478828	train
WP_077421076	WP_077478828	train
WP_077417007	WP_077478828	train
WP_077428162	WP_077478828	train
WP_459780032	WP_459780032	train
WP_330959197	WP_459780032	train
WP_250683973	WP_459780032	train
WP_248140766	WP_459780032	train
WP_419844110	WP_419844110	train
WP_419843440	WP_419844110	train
WP_404811225	WP_419844110	train
WP_005622925	WP_419844110	train
WP_279472110	WP_419844110	train
WP_279437732	WP_419844110	train
WP_279458223	WP_419844110	train
WP_279456347	WP_419844110	train
WP_279477533	WP_419844110	train
WP_279476412	WP_419844110	train
WP_278224792	WP_419844110	train
WP_279479738	WP_419844110	train
WP_279622691	WP_419844110	train
WP_279446409	WP_419844110	train
WP_039196769	WP_419844110	train
WP_278225624	WP_419844110	train
WP_018651935	WP_419844110	train
WP_275217822	WP_419844110	train
WP_279454691	WP_419844110	train
WP_129545064	WP_419844110	train
WP_279469288	WP_419844110	train
WP_279623539	WP_419844110	train
WP_279481641	WP_419844110	train
WP_279438984	WP_419844110	train
WP_279443584	WP_419844110	train
WP_005604172	WP_419844110	train
WP_005611954	WP_419844110	train
WP_427838780	WP_419844110	train
WP_419843923	WP_419844110	train
WP_427835304	WP_419844110	train
WP_267982329	WP_419844110	train
WP_005600888	WP_419844110	train
WP_427834914	WP_419844110	train
WP_237610603	WP_419844110	train
WP_005614950	WP_419844110	train
WP_237611203	WP_419844110	train
WP_005607588	WP_419844110	train
WP_370427274	WP_419844110	train
WP_005597038	WP_419844110	train
WP_150539741	WP_419844110	train
WP_014991454	WP_419844110	train
WP_126374641	WP_419844110	train
WP_440210642	WP_419844110	train
WP_115586891	WP_419844110	train
WP_115590136	WP_419844110	train
WP_039709081	WP_419844110	train
WP_419852761	WP_419844110	train
WP_237594223	WP_419844110	train
WP_009874718	WP_419844110	train
WP_373604250	WP_373604250	train
WP_486131853	WP_373604250	train
WP_377152179	WP_377152179	train
WP_013975679	WP_013975679	val
WP_408617988	WP_408617988	test
WP_073324745	WP_073324745	val
WP_475074404	WP_073324745	val
WP_255053240	WP_073324745	val
WP_370240741	WP_073324745	val
WP_370256221	WP_073324745	val
WP_140957080	WP_073324745	val
WP_404340311	WP_404340311	train
WP_100972280	WP_100972280	val
WP_163109507	WP_100972280	val
WP_071979172	WP_100972280	val
WP_115315274	WP_115315274	test
WP_188839980	WP_188839980	test
WP_264725977	WP_188839980	test
WP_261298556	WP_188839980	test
WP_193111006	WP_193111006	train
WP_130835117	WP_130835117	test
WP_312240575	WP_130835117	test
WP_279156093	WP_279156093	val
WP_130999151	WP_279156093	val
WP_166713252	WP_279156093	val
WP_115348397	WP_279156093	val
WP_332500503	WP_279156093	val
WP_278809823	WP_279156093	val
WP_025796836	WP_279156093	val
WP_234559862	WP_279156093	val
WP_175319883	WP_279156093	val
WP_408878371	WP_279156093	val
WP_103009768	WP_279156093	val
WP_070717694	WP_279156093	val
WP_130954423	WP_279156093	val
WP_130988003	WP_279156093	val
WP_008813642	WP_279156093	val
WP_130955818	WP_279156093	val
WP_313882885	WP_279156093	val
WP_332540400	WP_279156093	val
WP_015871044	WP_015871044	test
WP_034165152	WP_015871044	test
WP_395755048	WP_015871044	test
WP_319925101	WP_319925101	test
WP_319938123	WP_319925101	test
WP_124938295	WP_124938295	val
WP_314817184	WP_314817184	test
WP_111305914	WP_314817184	test
WP_314886254	WP_314817184	test
WP_442541767	WP_314817184	test
WP_111294418	WP_314817184	test
WP_308665639	WP_314817184	test
WP_109128573	WP_314817184	test
WP_109858852	WP_314817184	test
WP_288677328	WP_314817184	test
WP_109103785	WP_314817184	test
WP_006718217	WP_314817184	test
WP_109432334	WP_314817184	test
WP_048750369	WP_314817184	test
WP_230621283	WP_314817184	test
WP_311352473	WP_314817184	test
WP_485861246	WP_314817184	test
WP_212509614	WP_314817184	test
WP_077423355	WP_077423355	train
WP_341501333	WP_341501333	test
WP_073586620	WP_073586620	test
WP_073603097	WP_073586620	test
WP_143581100	WP_143581100	val
WP_238896184	WP_238896184	test
WP_417761120	WP_238896184	test
WP_305895065	WP_305895065	val
WP_095506274	WP_095506274	val
WP_375058069	WP_375058069	test
WP_202085335	WP_375058069	test
WP_212596047	WP_212596047	val
WP_275483465	WP_212596047	val
WP_153663050	WP_153663050	val
WP_173919174	WP_173919174	test
WP_065956489	WP_065956489	test
WP_008609910	WP_065956489	test
WP_261256789	WP_065956489	test
WP_008949746	WP_065956489	test
WP_286339803	WP_286339803	test
WP_136853739	WP_286339803	test
WP_028108824	WP_286339803	test
WP_312946882	WP_312946882	val
WP_199013292	WP_199013292	train
WP_128174624	WP_128174624	train
WP_147198170	WP_147198170	val
WP_479994875	WP_147198170	val
WP_134824261	WP_147198170	val
WP_053142850	WP_147198170	val
WP_346567437	WP_147198170	val
WP_455863741	WP_147198170	val
WP_338556185	WP_147198170	val
WP_024968195	WP_147198170	val
WP_034897251	WP_147198170	val
WP_246759680	WP_147198170	val
WP_312043470	WP_147198170	val
WP_380178000	WP_147198170	val
WP_342904899	WP_147198170	val
WP_301251642	WP_147198170	val
WP_428943145	WP_147198170	val
WP_253453832	WP_147198170	val
WP_125287714	WP_147198170	val
WP_342909335	WP_147198170	val
WP_336140259	WP_147198170	val
WP_370734097	WP_147198170	val
WP_369894662	WP_147198170	val
WP_306205584	WP_147198170	val
WP_158784955	WP_147198170	val
WP_424690708	WP_147198170	val
WP_188471734	WP_188471734	val
WP_140471580	WP_188471734	val
WP_459176550	WP_188471734	val
WP_152325943	WP_188471734	val
WP_129951555	WP_188471734	val
WP_132965974	WP_188471734	val
WP_120506802	WP_188471734	val
WP_129639847	WP_188471734	val
WP_208950459	WP_188471734	val
WP_101076878	WP_188471734	val
WP_037034469	WP_188471734	val
WP_217147387	WP_188471734	val
WP_120161421	WP_188471734	val
WP_217175194	WP_188471734	val
WP_217150670	WP_188471734	val
WP_416121297	WP_188471734	val
WP_104921654	WP_188471734	val
WP_013575912	WP_188471734	val
WP_410149464	WP_188471734	val
WP_165057142	WP_188471734	val
WP_217216218	WP_188471734	val
WP_120130942	WP_188471734	val
WP_015697113	WP_188471734	val
WP_195812561	WP_188471734	val
WP_414066129	WP_188471734	val
WP_413528657	WP_188471734	val
WP_095921673	WP_188471734	val
WP_485612290	WP_188471734	val
WP_122095507	WP_188471734	val
WP_213050833	WP_188471734	val
WP_131693327	WP_188471734	val
WP_474084659	WP_188471734	val
WP_414067897	WP_188471734	val
WP_112165687	WP_188471734	val
WP_463736619	WP_188471734	val
WP_233480709	WP_233480709	val
WP_016192569	WP_233480709	val
WP_008915752	WP_008915752	train
WP_129120779	WP_129120779	val
WP_435328160	WP_435328160	test
WP_375750297	WP_435328160	test
WP_279571928	WP_279571928	val
WP_132688876	WP_279571928	val
WP_331806136	WP_331806136	train
WP_057554834	WP_331806136	train
WP_154138855	WP_331806136	train
WP_000520438	WP_331806136	train
WP_055064912	WP_331806136	train
WP_055033576	WP_331806136	train
WP_267845909	WP_331806136	train
WP_154171685	WP_331806136	train
WP_000520437	WP_331806136	train
WP_331795696	WP_331806136	train
WP_061052752	WP_331806136	train
WP_334596724	WP_331806136	train
WP_000520439	WP_331806136	train
WP_022578139	WP_331806136	train
WP_000520436	WP_331806136	train
WP_334429740	WP_331806136	train
WP_000520440	WP_331806136	train
WP_148554062	WP_331806136	train
WP_000520441	WP_331806136	train
WP_148558881	WP_331806136	train
WP_331800132	WP_331806136	train
WP_005523284	WP_331806136	train
WP_331803249	WP_331806136	train
WP_148534229	WP_331806136	train
WP_148538896	WP_331806136	train
WP_331811579	WP_331806136	train
WP_148546308	WP_331806136	train
WP_154113485	WP_331806136	train
WP_258463723	WP_331806136	train
WP_055031487	WP_331806136	train
WP_071180652	WP_331806136	train
WP_095470022	WP_331806136	train
WP_337915732	WP_331806136	train
WP_055051171	WP_331806136	train
WP_337911248	WP_331806136	train
WP_267787870	WP_331806136	train
WP_305848138	WP_331806136	train
WP_088136958	WP_331806136	train
WP_000520424	WP_331806136	train
WP_442289153	WP_331806136	train
WP_033928613	WP_331806136	train
WP_149560283	WP_331806136	train
WP_410088885	WP_331806136	train
WP_123013212	WP_331806136	train
WP_142545992	WP_331806136	train
WP_142578158	WP_331806136	train
WP_057557271	WP_331806136	train
WP_148513236	WP_331806136	train
WP_331309982	WP_331806136	train
WP_071193026	WP_331806136	train
WP_410109380	WP_331806136	train
WP_219659048	WP_331806136	train
WP_053022939	WP_331806136	train
WP_000520433	WP_331806136	train
WP_316997822	WP_331806136	train
WP_113605558	WP_331806136	train
WP_410107896	WP_331806136	train
WP_000520434	WP_331806136	train
WP_189016935	WP_331806136	train
WP_000520423	WP_331806136	train
WP_447597303	WP_331806136	train
WP_000520425	WP_331806136	train
WP_148500922	WP_331806136	train
WP_219221809	WP_331806136	train
WP_095462293	WP_331806136	train
WP_001961705	WP_331806136	train
WP_032478146	WP_331806136	train
WP_001897682	WP_331806136	train
WP_175248829	WP_331806136	train
WP_217526298	WP_331806136	train
WP_334226949	WP_331806136	train
WP_199358945	WP_331806136	train
WP_462053522	WP_331806136	train
WP_248334253	WP_331806136	train
WP_319781496	WP_331806136	train
WP_059260464	WP_331806136	train
WP_114732605	WP_331806136	train
WP_101410434	WP_331806136	train
WP_336940780	WP_331806136	train
WP_305799393	WP_331806136	train
WP_476001221	WP_331806136	train
WP_142731619	WP_331806136	train
WP_088131850	WP_331806136	train
WP_442309147	WP_331806136	train
WP_142576709	WP_331806136	train
WP_142736471	WP_331806136	train
WP_000520426	WP_331806136	train
WP_148508691	WP_331806136	train
WP_114776195	WP_331806136	train
WP_230606835	WP_331806136	train
WP_142610062	WP_331806136	train
WP_217527417	WP_331806136	train
WP_156846107	WP_331806136	train
WP_341264882	WP_331806136	train
WP_113600319	WP_331806136	train
WP_337917237	WP_331806136	train
WP_393955212	WP_331806136	train
WP_269291260	WP_331806136	train
WP_199369151	WP_331806136	train
WP_447626196	WP_331806136	train
WP_334226043	WP_331806136	train
WP_153723782	WP_331806136	train
WP_199357664	WP_331806136	train
WP_188371777	WP_331806136	train
WP_076024726	WP_331806136	train
WP_337227245	WP_331806136	train
WP_071919532	WP_331806136	train
WP_129154579	WP_331806136	train
WP_199356939	WP_331806136	train
WP_000520427	WP_331806136	train
WP_142726936	WP_331806136	train
WP_394855921	WP_331806136	train
WP_053056555	WP_331806136	train
WP_053037383	WP_331806136	train
WP_113610045	WP_331806136	train
WP_371846640	WP_331806136	train
WP_258496627	WP_331806136	train
WP_001886798	WP_331806136	train
WP_114794160	WP_331806136	train
WP_114729991	WP_331806136	train
WP_044126648	WP_331806136	train
WP_142735072	WP_331806136	train
WP_000520428	WP_331806136	train
WP_248356298	WP_331806136	train
WP_267781611	WP_331806136	train
WP_080372009	WP_331806136	train
WP_076008207	WP_331806136	train
WP_000520435	WP_331806136	train
WP_113603317	WP_331806136	train
WP_114710197	WP_331806136	train
WP_114807650	WP_331806136	train
WP_142547753	WP_331806136	train
WP_113591447	WP_331806136	train
WP_337919820	WP_331806136	train
WP_069730619	WP_331806136	train
WP_123011037	WP_331806136	train
WP_337028366	WP_331806136	train
WP_033929724	WP_331806136	train
WP_138040939	WP_331806136	train
WP_113597224	WP_331806136	train
WP_000520430	WP_331806136	train
WP_071181011	WP_331806136	train
WP_267777266	WP_331806136	train
WP_317006845	WP_331806136	train
WP_337922739	WP_331806136	train
WP_196982781	WP_331806136	train
WP_172527026	WP_331806136	train
WP_113611754	WP_331806136	train
WP_209519448	WP_331806136	train
WP_222101116	WP_331806136	train
WP_155648476	WP_331806136	train
WP_119091227	WP_331806136	train
WP_222101347	WP_331806136	train
WP_366997964	WP_331806136	train
WP_142610820	WP_331806136	train
WP_210942227	WP_331806136	train
WP_102786780	WP_331806136	train
WP_000520432	WP_331806136	train
WP_442288317	WP_331806136	train
WP_410353760	WP_331806136	train
WP_175230157	WP_331806136	train
WP_142735585	WP_331806136	train
WP_071919734	WP_331806136	train
WP_002032552	WP_331806136	train
WP_267740890	WP_331806136	train
WP_337220759	WP_331806136	train
WP_148520196	WP_331806136	train
WP_337920839	WP_331806136	train
WP_371849998	WP_331806136	train
WP_142565246	WP_331806136	train
WP_258502043	WP_331806136	train
WP_095471048	WP_331806136	train
WP_119561277	WP_331806136	train
WP_333779351	WP_331806136	train
WP_148532647	WP_331806136	train
WP_267763963	WP_331806136	train
WP_042987746	WP_331806136	train
WP_442310074	WP_331806136	train
WP_199370182	WP_331806136	train
WP_000520431	WP_331806136	train
WP_149158402	WP_331806136	train
WP_114719725	WP_331806136	train
WP_175235630	WP_331806136	train
WP_316985243	WP_331806136	train
WP_119469179	WP_331806136	train
WP_334585053	WP_331806136	train
WP_114779788	WP_331806136	train
WP_478202437	WP_331806136	train
WP_324837805	WP_331806136	train
WP_069216704	WP_331806136	train
WP_089071183	WP_331806136	train
WP_262824136	WP_331806136	train
WP_019829856	WP_331806136	train
WP_366997420	WP_331806136	train
WP_158106465	WP_331806136	train
WP_116671968	WP_331806136	train
WP_199367994	WP_331806136	train
WP_137221407	WP_137221407	train
WP_350433007	WP_137221407	train
WP_456043125	WP_137221407	train
WP_427983205	WP_427983205	test
WP_055731804	WP_427983205	test
WP_017445700	WP_017445700	train
WP_265617469	WP_265617469	train
WP_169209262	WP_265617469	train
WP_289962803	WP_289962803	train
WP_264875893	WP_289962803	train
WP_394240735	WP_289962803	train
WP_164649702	WP_289962803	train
WP_290295825	WP_289962803	train
WP_105199214	WP_105199214	train
WP_212546684	WP_105199214	train
WP_342676101	WP_105199214	train
WP_421969292	WP_421969292	val
WP_347389207	WP_421969292	val
WP_284191566	WP_284191566	val
WP_264954294	WP_264954294	val
WP_044175323	WP_264954294	val
WP_138976530	WP_264954294	val
WP_109375150	WP_264954294	val
WP_284668937	WP_264954294	val
WP_106142039	WP_264954294	val
WP_106224625	WP_264954294	val
WP_036764082	WP_264954294	val
WP_482626762	WP_264954294	val
WP_237030998	WP_264954294	val
WP_086957864	WP_264954294	val
WP_447247342	WP_264954294	val
WP_237032960	WP_264954294	val
WP_115060066	WP_264954294	val
WP_239972033	WP_264954294	val
WP_237041632	WP_264954294	val
WP_284660072	WP_264954294	val
WP_432519596	WP_264954294	val
WP_331434487	WP_264954294	val
WP_158136003	WP_264954294	val
WP_446531237	WP_264954294	val
WP_483580262	WP_264954294	val
WP_109079844	WP_109079844	test
WP_454894857	WP_109079844	test
WP_065295024	WP_109079844	test
WP_005700469	WP_109079844	test
WP_109427873	WP_109079844	test
WP_109860318	WP_109079844	test
WP_109082552	WP_109079844	test
WP_314791973	WP_109079844	test
WP_122254836	WP_109079844	test
WP_083015525	WP_109079844	test
WP_485862840	WP_109079844	test
WP_012771455	WP_109079844	test
WP_314867790	WP_109079844	test
WP_109059027	WP_109079844	test
WP_111277573	WP_109079844	test
WP_050693668	WP_109079844	test
WP_005703159	WP_109079844	test
WP_109064056	WP_109079844	test
WP_386032497	WP_386032497	val
WP_068904206	WP_068904206	val
WP_102563748	WP_102563748	test
WP_126761127	WP_126761127	train
WP_445014759	WP_126761127	train
WP_301719870	WP_126761127	train
WP_301898541	WP_126761127	train
WP_222487692	WP_222487692	val
WP_219176602	WP_222487692	val
WP_222217989	WP_222487692	val
WP_013346029	WP_222487692	val
WP_219286448	WP_222487692	val
WP_187025899	WP_187025899	train
WP_217517118	WP_187025899	train
WP_332397638	WP_187025899	train
WP_332405391	WP_187025899	train
WP_217533777	WP_187025899	train
WP_186460061	WP_187025899	train
WP_342639280	WP_187025899	train
WP_342652005	WP_187025899	train
WP_332408235	WP_187025899	train
WP_004395085	WP_187025899	train
WP_217532192	WP_187025899	train
WP_186462867	WP_187025899	train
WP_217513751	WP_187025899	train
WP_332398344	WP_187025899	train
WP_161429851	WP_187025899	train
WP_072669577	WP_187025899	train
WP_332419938	WP_187025899	train
WP_445427772	WP_445427772	val
WP_236129228	WP_445427772	val
WP_306177982	WP_445427772	val
WP_229584570	WP_445427772	val
WP_445425224	WP_445427772	val
WP_226752064	WP_445427772	val
WP_446889261	WP_446889261	train
WP_394190558	WP_446889261	train
WP_462671345	WP_446889261	train
WP_256826151	WP_446889261	train
WP_290208942	WP_446889261	train
WP_135475209	WP_446889261	train
WP_058558631	WP_446889261	train
WP_087533719	WP_446889261	train
WP_421961520	WP_446889261	train
WP_211685310	WP_211685310	test
WP_043994823	WP_211685310	test
WP_174216908	WP_211685310	test
WP_293143613	WP_211685310	test
WP_019628805	WP_211685310	test
WP_198551584	WP_211685310	test
WP_075496958	WP_211685310	test
WP_211688666	WP_211685310	test
WP_293151213	WP_211685310	test
WP_075471224	WP_211685310	test
WP_075518013	WP_211685310	test
WP_067044874	WP_211685310	test
WP_484988639	WP_211685310	test
WP_211672383	WP_211685310	test
WP_319223914	WP_211685310	test
WP_198437175	WP_211685310	test
WP_284245950	WP_284245950	train
WP_182717886	WP_182717886	val
WP_392343651	WP_182717886	val
WP_441836862	WP_182717886	val
WP_064666106	WP_182717886	val
WP_192540729	WP_182717886	val
WP_283710785	WP_182717886	val
WP_441830431	WP_182717886	val
WP_149981037	WP_182717886	val
WP_404698905	WP_182717886	val
WP_182734784	WP_182717886	val
WP_016709380	WP_182717886	val
WP_475160140	WP_475160140	train
WP_390445935	WP_475160140	train
WP_138630978	WP_475160140	train
WP_138568661	WP_475160140	train
WP_421964240	WP_475160140	train
WP_138559612	WP_475160140	train
WP_349286037	WP_475160140	train
WP_138482957	WP_475160140	train
WP_404394706	WP_475160140	train
WP_130254484	WP_475160140	train
WP_058029567	WP_475160140	train
WP_480361276	WP_475160140	train
WP_347793415	WP_347793415	train
WP_253897103	WP_347793415	train
WP_149464605	WP_347793415	train
WP_313795555	WP_313795555	test
WP_426449019	WP_313795555	test
WP_024562448	WP_313795555	test
WP_476479327	WP_313795555	test
WP_436892791	WP_313795555	test
WP_031524090	WP_313795555	test
WP_130098630	WP_313795555	test
WP_264384166	WP_313795555	test
WP_276640913	WP_313795555	test
WP_106876948	WP_313795555	test
WP_101825621	WP_101825621	val
WP_101814521	WP_101825621	val
WP_072930721	WP_101825621	val
WP_209028656	WP_209028656	val
WP_099135250	WP_209028656	val
WP_038259937	WP_209028656	val
WP_340619888	WP_209028656	val
WP_115826942	WP_209028656	val
WP_187649261	WP_209028656	val
WP_367964903	WP_209028656	val
WP_047678148	WP_209028656	val
WP_323865335	WP_209028656	val
WP_273555397	WP_273555397	test
WP_273557614	WP_273555397	test
WP_047770954	WP_273555397	test
WP_099132394	WP_273555397	test
WP_189759548	WP_273555397	test
WP_099118996	WP_273555397	test
WP_374050678	WP_273555397	test
WP_074023533	WP_273555397	test
WP_074018838	WP_273555397	test
WP_340615047	WP_273555397	test
WP_338805266	WP_273555397	test
WP_193847891	WP_273555397	test
WP_348987384	WP_273555397	test
WP_481089230	WP_273555397	test
WP_338882368	WP_273555397	test
WP_086110402	WP_273555397	test
WP_323871990	WP_273555397	test
WP_273550331	WP_273555397	test
WP_045970886	WP_273555397	test
WP_323857797	WP_273555397	test
WP_273582180	WP_273555397	test
WP_092518521	WP_273555397	test
WP_273574738	WP_273555397	test
WP_139614396	WP_139614396	train
WP_132966565	WP_139614396	train
WP_139611353	WP_139614396	train
WP_065798275	WP_065798275	test
WP_267334216	WP_065798275	test
WP_267344040	WP_065798275	test
WP_065634647	WP_065798275	test
WP_267367146	WP_065798275	test
WP_267371025	WP_065798275	test
WP_006880965	WP_006880965	train
WP_176287441	WP_006880965	train
WP_039626232	WP_006880965	train
WP_126574481	WP_006880965	train
WP_239960228	WP_006880965	train
WP_039478450	WP_006880965	train
WP_408688391	WP_006880965	train
WP_334472900	WP_006880965	train
WP_248328439	WP_006880965	train
WP_004413385	WP_006880965	train
WP_045955369	WP_006880965	train
WP_038176919	WP_006880965	train
WP_134836850	WP_006880965	train
WP_391089599	WP_006880965	train
WP_159653406	WP_006880965	train
WP_481085095	WP_006880965	train
WP_394127242	WP_006880965	train
WP_100753180	WP_006880965	train
WP_390218173	WP_006880965	train
WP_427020995	WP_006880965	train
WP_239826207	WP_006880965	train
WP_171801316	WP_006880965	train
WP_004744344	WP_006880965	train
WP_425666577	WP_006880965	train
WP_272786722	WP_006880965	train
WP_171322620	WP_006880965	train
WP_486786420	WP_006880965	train
WP_454448994	WP_006880965	train
WP_038192898	WP_006880965	train
WP_008080426	WP_006880965	train
WP_005470465	WP_006880965	train
WP_269977579	WP_006880965	train
WP_269377165	WP_006880965	train
WP_049846800	WP_006880965	train
WP_331416026	WP_006880965	train
WP_331427514	WP_006880965	train
WP_426951243	WP_006880965	train
WP_138972406	WP_006880965	train
WP_069665903	WP_006880965	train
WP_171382098	WP_006880965	train
WP_426967981	WP_006880965	train
WP_038138899	WP_006880965	train
WP_306125186	WP_306125186	test
WP_305973060	WP_306125186	test
WP_306138710	WP_306125186	test
WP_027671233	WP_306125186	test
WP_431052266	WP_431052266	val
WP_158107458	WP_158107458	val
WP_038151022	WP_158107458	val
WP_055466183	WP_158107458	val
WP_417868414	WP_158107458	val
WP_143678880	WP_158107458	val
WP_392440356	WP_158107458	val
WP_238821136	WP_158107458	val
WP_238848544	WP_158107458	val
WP_140229325	WP_158107458	val
WP_233958989	WP_158107458	val
WP_044362274	WP_158107458	val
WP_202650369	WP_158107458	val
WP_222727529	WP_158107458	val
WP_020428718	WP_158107458	val
WP_172559733	WP_158107458	val
WP_315621984	WP_158107458	val
WP_222798366	WP_158107458	val
WP_432610477	WP_158107458	val
WP_252536174	WP_158107458	val
WP_315917225	WP_158107458	val
WP_323695091	WP_158107458	val
WP_172567100	WP_158107458	val
WP_428805994	WP_158107458	val
WP_020330226	WP_158107458	val
WP_104966822	WP_158107458	val
WP_238850603	WP_158107458	val
WP_202648009	WP_158107458	val
WP_032080259	WP_158107458	val
WP_158147384	WP_158107458	val
WP_087034590	WP_087034590	train
WP_442021626	WP_087034590	train
WP_319783834	WP_087034590	train
WP_297120801	WP_297120801	train
WP_473360043	WP_297120801	train
WP_371182499	WP_297120801	train
WP_276850569	WP_297120801	train
WP_447551143	WP_297120801	train
WP_112011676	WP_297120801	train
WP_054178485	WP_054178485	test
WP_049856171	WP_054178485	test
WP_419097273	WP_054178485	test
WP_283283735	WP_054178485	test
WP_049847628	WP_054178485	test
WP_038154321	WP_054178485	test
WP_193796056	WP_193796056	train
WP_016536693	WP_016536693	train
WP_172569830	WP_016536693	train
WP_279046323	WP_016536693	train
WP_216374711	WP_016536693	train
WP_395490904	WP_016536693	train
WP_265621301	WP_265621301	train
WP_057642978	WP_265621301	train
WP_212585647	WP_265621301	train
WP_098904548	WP_265621301	train
WP_019210093	WP_265621301	train
WP_005278299	WP_265621301	train
WP_145495032	WP_265621301	train
WP_050080744	WP_265621301	train
WP_338644800	WP_265621301	train
WP_108087694	WP_265621301	train
WP_049607240	WP_265621301	train
WP_145553325	WP_265621301	train
WP_145579393	WP_265621301	train
WP_011816400	WP_265621301	train
WP_087768977	WP_265621301	train
WP_239849422	WP_265621301	train
WP_145590976	WP_265621301	train
WP_338626430	WP_265621301	train
WP_145509019	WP_265621301	train
WP_145538190	WP_265621301	train
WP_219649230	WP_265621301	train
WP_050132490	WP_265621301	train
WP_019079493	WP_265621301	train
WP_427239123	WP_265621301	train
WP_050134403	WP_265621301	train
WP_219656079	WP_265621301	train
WP_342079117	WP_265621301	train
WP_087815688	WP_265621301	train
WP_050095445	WP_265621301	train
WP_427264108	WP_265621301	train
WP_128451535	WP_265621301	train
WP_420071552	WP_265621301	train
WP_005165857	WP_265621301	train
WP_050140606	WP_265621301	train
WP_427264923	WP_265621301	train
WP_447489404	WP_265621301	train
WP_159678367	WP_265621301	train
WP_050163358	WP_265621301	train
WP_005191581	WP_265621301	train
WP_004712146	WP_265621301	train
WP_083158916	WP_265621301	train
WP_254461670	WP_265621301	train
WP_174849629	WP_265621301	train
WP_145541315	WP_265621301	train
WP_263697527	WP_265621301	train
WP_447486524	WP_265621301	train
WP_145586947	WP_265621301	train
WP_458809047	WP_265621301	train
WP_420073955	WP_265621301	train
WP_076706626	WP_265621301	train
WP_407627494	WP_265621301	train
WP_049526834	WP_265621301	train
WP_004390854	WP_265621301	train
WP_050101311	WP_265621301	train
WP_050156146	WP_265621301	train
WP_481113138	WP_265621301	train
WP_145606054	WP_265621301	train
WP_458818854	WP_265621301	train
WP_411935922	WP_265621301	train
WP_145535939	WP_265621301	train
WP_038633076	WP_265621301	train
WP_242365004	WP_265621301	train
WP_004715579	WP_265621301	train
WP_050299907	WP_265621301	train
WP_049557333	WP_265621301	train
WP_057620580	WP_265621301	train
WP_439306816	WP_265621301	train
WP_013649945	WP_265621301	train
WP_099529037	WP_265621301	train
WP_080608247	WP_265621301	train
WP_049608775	WP_265621301	train
WP_075338693	WP_265621301	train
WP_408579642	WP_265621301	train
WP_050114502	WP_265621301	train
WP_145555594	WP_265621301	train
WP_087817887	WP_265621301	train
WP_271296440	WP_265621301	train
WP_338629078	WP_265621301	train
WP_432320665	WP_265621301	train
WP_049615794	WP_265621301	train
WP_016266190	WP_265621301	train
WP_050085450	WP_265621301	train
WP_392430739	WP_265621301	train
WP_126286954	WP_265621301	train
WP_002210622	WP_265621301	train
WP_011192446	WP_265621301	train
WP_038832236	WP_265621301	train
WP_016604913	WP_265621301	train
WP_016594614	WP_265621301	train
WP_012105105	WP_265621301	train
WP_016261235	WP_265621301	train
WP_016679553	WP_265621301	train
WP_025383880	WP_265621301	train
WP_408068235	WP_265621301	train
WP_038399844	WP_265621301	train
WP_050117545	WP_265621301	train
WP_038893575	WP_265621301	train
WP_207968040	WP_265621301	train
WP_038825724	WP_265621301	train
WP_038823909	WP_265621301	train
WP_123767253	WP_265621301	train
WP_050090658	WP_265621301	train
WP_458854573	WP_265621301	train
WP_115115389	WP_265621301	train
WP_016589524	WP_265621301	train
WP_106461609	WP_265621301	train
WP_016596023	WP_265621301	train
WP_033848486	WP_265621301	train
WP_145475988	WP_265621301	train
WP_050137857	WP_265621301	train
WP_005169368	WP_265621301	train
WP_042545939	WP_265621301	train
WP_049596013	WP_265621301	train
WP_145563918	WP_265621301	train
WP_049633410	WP_265621301	train
WP_145518823	WP_265621301	train
WP_145489703	WP_265621301	train
WP_050125155	WP_265621301	train
WP_054888184	WP_265621301	train
WP_004876200	WP_265621301	train
WP_049648509	WP_265621301	train
WP_049606639	WP_265621301	train
WP_050141654	WP_265621301	train
WP_227734286	WP_265621301	train
WP_042524917	WP_265621301	train
WP_040155054	WP_265621301	train
WP_234049202	WP_265621301	train
WP_248594011	WP_265621301	train
WP_038242556	WP_265621301	train
WP_267260592	WP_265621301	train
WP_077174760	WP_265621301	train
WP_049598252	WP_265621301	train
WP_064513656	WP_265621301	train
WP_004157737	WP_004157737	train
WP_099336704	WP_004157737	train
WP_168393160	WP_004157737	train
WP_048697270	WP_004157737	train
WP_099349900	WP_004157737	train
WP_012667988	WP_004157737	train
WP_099319684	WP_004157737	train
WP_168404795	WP_004157737	train
WP_168394839	WP_004157737	train
WP_168403416	WP_004157737	train
WP_168386000	WP_004157737	train
WP_152198267	WP_152198267	val
WP_169404435	WP_152198267	val
WP_309368642	WP_152198267	val
WP_045046682	WP_152198267	val
WP_055770543	WP_152198267	val
WP_332740022	WP_152198267	val
WP_009636003	WP_152198267	val
WP_369788381	WP_152198267	val
WP_017493823	WP_152198267	val
WP_269130480	WP_152198267	val
WP_337252367	WP_337252367	train
WP_053908294	WP_337252367	train
WP_047256160	WP_337252367	train
WP_323852150	WP_323852150	train
WP_323867466	WP_323852150	train
WP_099138107	WP_323852150	train
WP_038233626	WP_323852150	train
WP_323868914	WP_323852150	train
WP_483430759	WP_483430759	train
WP_230818907	WP_483430759	train
WP_475148622	WP_483430759	train
WP_417706434	WP_483430759	train
WP_134056295	WP_483430759	train
WP_226767009	WP_483430759	train
WP_273023723	WP_483430759	train
WP_395545499	WP_395545499	train
WP_443470596	WP_395545499	train
WP_094279036	WP_395545499	train
WP_306078052	WP_395545499	train
WP_346352019	WP_395545499	train
WP_228213714	WP_395545499	train
WP_019935728	WP_395545499	train
WP_418139160	WP_395545499	train
WP_107851699	WP_395545499	train
WP_317075388	WP_395545499	train
WP_094946859	WP_094946859	test
WP_417615170	WP_417615170	train
WP_188630696	WP_417615170	train
WP_029805460	WP_029805460	train
WP_274023137	WP_029805460	train
WP_069505358	WP_029805460	train
WP_020840336	WP_029805460	train
WP_176296249	WP_029805460	train
WP_267407258	WP_029805460	train
WP_407018428	WP_029805460	train
WP_140156839	WP_029805460	train
WP_274026197	WP_029805460	train
WP_069494748	WP_029805460	train
WP_140375468	WP_029805460	train
WP_025612444	WP_029805460	train
WP_140052854	WP_029805460	train
WP_140265984	WP_029805460	train
WP_239592878	WP_029805460	train
WP_086484551	WP_029805460	train
WP_140069983	WP_029805460	train
WP_182008474	WP_029805460	train
WP_140217762	WP_029805460	train
WP_230767715	WP_029805460	train
WP_025630849	WP_029805460	train
WP_191686194	WP_029805460	train
WP_114321635	WP_029805460	train
WP_459656153	WP_029805460	train
WP_069686945	WP_029805460	train
WP_039841572	WP_029805460	train
WP_428748586	WP_029805460	train
WP_182025708	WP_029805460	train
WP_255983953	WP_029805460	train
WP_486784359	WP_029805460	train
WP_418111106	WP_029805460	train
WP_285384236	WP_029805460	train
WP_446599914	WP_029805460	train
WP_446468164	WP_029805460	train
WP_446606120	WP_029805460	train
WP_143692279	WP_029805460	train
WP_038885822	WP_029805460	train
WP_101960908	WP_029805460	train
WP_010447216	WP_029805460	train
WP_411062673	WP_029805460	train
WP_446035671	WP_029805460	train
WP_440889245	WP_029805460	train
WP_248873829	WP_029805460	train
WP_446608528	WP_029805460	train
WP_045422306	WP_029805460	train
WP_446636624	WP_029805460	train
WP_458762536	WP_029805460	train
WP_038898164	WP_029805460	train
WP_009842753	WP_029805460	train
WP_446631150	WP_029805460	train
WP_446628509	WP_029805460	train
WP_447475087	WP_029805460	train
WP_211916301	WP_029805460	train
WP_331406968	WP_029805460	train
WP_104034431	WP_029805460	train
WP_446556776	WP_029805460	train
WP_394610940	WP_029805460	train
WP_394632156	WP_029805460	train
WP_446613416	WP_029805460	train
WP_050919428	WP_029805460	train
WP_282249483	WP_029805460	train
WP_434145837	WP_029805460	train
WP_005450368	WP_029805460	train
WP_213866954	WP_029805460	train
WP_050922701	WP_029805460	train
WP_138955754	WP_029805460	train
WP_038863258	WP_029805460	train
WP_258492122	WP_029805460	train
WP_038889185	WP_029805460	train
WP_038866755	WP_029805460	train
WP_330472214	WP_029805460	train
WP_199436504	WP_029805460	train
WP_274886069	WP_029805460	train
WP_472827681	WP_029805460	train
WP_446639115	WP_029805460	train
WP_446605065	WP_029805460	train
WP_240304566	WP_029805460	train
WP_212581690	WP_029805460	train
WP_255957822	WP_029805460	train
WP_020195007	WP_029805460	train
WP_408676781	WP_029805460	train
WP_050909458	WP_029805460	train
WP_104041082	WP_029805460	train
WP_458739221	WP_029805460	train
WP_171357755	WP_029805460	train
WP_012127429	WP_029805460	train
WP_354404046	WP_029805460	train
WP_239969055	WP_029805460	train
WP_221067822	WP_029805460	train
WP_331420111	WP_029805460	train
WP_009707099	WP_029805460	train
WP_162092673	WP_029805460	train
WP_446626140	WP_029805460	train
WP_486776665	WP_029805460	train
WP_081233796	WP_029805460	train
WP_258456320	WP_029805460	train
WP_182053080	WP_029805460	train
WP_138953799	WP_029805460	train
WP_010645814	WP_029805460	train
WP_045417635	WP_029805460	train
WP_331444524	WP_029805460	train
WP_446649421	WP_029805460	train
WP_045492721	WP_029805460	train
WP_099078613	WP_029805460	train
WP_171370064	WP_029805460	train
WP_425669544	WP_029805460	train
WP_458769591	WP_029805460	train
WP_005426314	WP_029805460	train
WP_051117042	WP_029805460	train
WP_221071297	WP_029805460	train
WP_061010136	WP_029805460	train
WP_222325732	WP_029805460	train
WP_140329023	WP_029805460	train
WP_025550636	WP_029805460	train
WP_140122287	WP_029805460	train
WP_140184644	WP_029805460	train
WP_237462934	WP_029805460	train
WP_110176915	WP_029805460	train
WP_462056836	WP_029805460	train
WP_258476295	WP_029805460	train
WP_471628644	WP_029805460	train
WP_029859090	WP_029805460	train
WP_043045652	WP_029805460	train
WP_193304623	WP_029805460	train
WP_029861698	WP_029805460	train
WP_407551675	WP_029805460	train
WP_031846489	WP_029805460	train
WP_029823273	WP_029805460	train
WP_069525017	WP_029805460	train
WP_273991615	WP_029805460	train
WP_476721931	WP_029805460	train
WP_273980274	WP_029805460	train
WP_283016155	WP_029805460	train
WP_025796144	WP_029805460	train
WP_053302453	WP_029805460	train
WP_218755969	WP_029805460	train
WP_243195159	WP_029805460	train
WP_213896737	WP_029805460	train
WP_256894868	WP_029805460	train
WP_372081139	WP_029805460	train
WP_062851300	WP_029805460	train
WP_069535170	WP_029805460	train
WP_086585636	WP_029805460	train
WP_025636650	WP_029805460	train
WP_218750475	WP_029805460	train
WP_395191385	WP_029805460	train
WP_256956448	WP_029805460	train
WP_311017219	WP_029805460	train
WP_098416010	WP_029805460	train
WP_080531998	WP_029805460	train
WP_097371715	WP_029805460	train
WP_258478227	WP_029805460	train
WP_237301711	WP_029805460	train
WP_476722898	WP_029805460	train
WP_213965357	WP_029805460	train
WP_372008468	WP_029805460	train
WP_237311878	WP_029805460	train
WP_005457230	WP_029805460	train
WP_140344326	WP_029805460	train
WP_193266545	WP_029805460	train
WP_140299271	WP_029805460	train
WP_054576377	WP_029805460	train
WP_104978943	WP_029805460	train
WP_282149365	WP_029805460	train
WP_069534596	WP_029805460	train
WP_446553187	WP_029805460	train
WP_140373492	WP_029805460	train
WP_225473790	WP_029805460	train
WP_258652899	WP_029805460	train
WP_025766918	WP_029805460	train
WP_258677436	WP_029805460	train
WP_164666221	WP_029805460	train
WP_140278475	WP_029805460	train
WP_407505554	WP_029805460	train
WP_140133174	WP_029805460	train
WP_140285913	WP_029805460	train
WP_418110085	WP_029805460	train
WP_015296478	WP_029805460	train
WP_069523324	WP_029805460	train
WP_258456821	WP_029805460	train
WP_258646801	WP_029805460	train
WP_140283688	WP_029805460	train
WP_025499340	WP_029805460	train
WP_267341140	WP_029805460	train
WP_140347325	WP_029805460	train
WP_258656415	WP_029805460	train
WP_140078196	WP_029805460	train
WP_274035117	WP_029805460	train
WP_140153723	WP_029805460	train
WP_273980476	WP_029805460	train
WP_025554134	WP_029805460	train
WP_140377029	WP_029805460	train
WP_086583967	WP_029805460	train
WP_258487515	WP_029805460	train
WP_395231823	WP_029805460	train
WP_109168522	WP_029805460	train
WP_258634339	WP_029805460	train
WP_348224813	WP_029805460	train
WP_274007833	WP_029805460	train
WP_062855081	WP_029805460	train
WP_025532763	WP_029805460	train
WP_069537983	WP_029805460	train
WP_025791947	WP_029805460	train
WP_025613452	WP_029805460	train
WP_256955054	WP_029805460	train
WP_395238153	WP_029805460	train
WP_029838722	WP_029805460	train
WP_025503111	WP_029805460	train
WP_025508709	WP_029805460	train
WP_262639644	WP_029805460	train
WP_258635807	WP_029805460	train
WP_268853672	WP_029805460	train
WP_047008550	WP_029805460	train
WP_258663253	WP_029805460	train
WP_213906483	WP_029805460	train
WP_199803835	WP_029805460	train
WP_258500126	WP_029805460	train
WP_140092120	WP_029805460	train
WP_025534169	WP_029805460	train
WP_069527597	WP_029805460	train
WP_140089406	WP_029805460	train
WP_395189219	WP_029805460	train
WP_053811682	WP_029805460	train
WP_203528371	WP_029805460	train
WP_182019004	WP_029805460	train
WP_270944100	WP_029805460	train
WP_274037240	WP_029805460	train
WP_025520612	WP_029805460	train
WP_140203751	WP_029805460	train
WP_229602923	WP_029805460	train
WP_432577436	WP_029805460	train
WP_226082846	WP_029805460	train
WP_268979461	WP_029805460	train
WP_428749763	WP_029805460	train
WP_374095063	WP_029805460	train
WP_229627259	WP_029805460	train
WP_218766846	WP_029805460	train
WP_213886266	WP_029805460	train
WP_395239136	WP_029805460	train
WP_428779835	WP_029805460	train
WP_053303238	WP_029805460	train
WP_140360036	WP_029805460	train
WP_140120522	WP_029805460	train
WP_069503305	WP_029805460	train
WP_025557280	WP_029805460	train
WP_182021094	WP_029805460	train
WP_229622844	WP_029805460	train
WP_140349847	WP_029805460	train
WP_140291157	WP_029805460	train
WP_238844283	WP_029805460	train
WP_104974292	WP_029805460	train
WP_264400460	WP_029805460	train
WP_193258668	WP_029805460	train
WP_281948147	WP_029805460	train
WP_069488907	WP_029805460	train
WP_337160770	WP_029805460	train
WP_130546621	WP_029805460	train
WP_395202560	WP_029805460	train
WP_457833695	WP_029805460	train
WP_432604721	WP_029805460	train
WP_140332641	WP_029805460	train
WP_169615901	WP_029805460	train
WP_041154867	WP_029805460	train
WP_317420619	WP_029805460	train
WP_457884493	WP_029805460	train
WP_069515370	WP_029805460	train
WP_206973931	WP_029805460	train
WP_021453706	WP_029805460	train
WP_025818118	WP_029805460	train
WP_025545701	WP_029805460	train
WP_318123915	WP_029805460	train
WP_432598192	WP_029805460	train
WP_065645394	WP_029805460	train
WP_265538200	WP_029805460	train
WP_025569872	WP_029805460	train
WP_086584056	WP_029805460	train
WP_140356865	WP_029805460	train
WP_069501513	WP_029805460	train
WP_258633060	WP_029805460	train
WP_021707641	WP_029805460	train
WP_006742126	WP_029805460	train
WP_140297203	WP_029805460	train
WP_140257657	WP_029805460	train
WP_221093176	WP_029805460	train
WP_206954027	WP_029805460	train
WP_151514647	WP_029805460	train
WP_203345777	WP_029805460	train
WP_140311430	WP_029805460	train
WP_140146828	WP_029805460	train
WP_274003556	WP_029805460	train
WP_029855921	WP_029805460	train
WP_029851655	WP_029805460	train
WP_258643929	WP_029805460	train
WP_258586695	WP_029805460	train
WP_053807165	WP_029805460	train
WP_140276153	WP_029805460	train
WP_273988353	WP_029805460	train
WP_395200607	WP_029805460	train
WP_262659282	WP_029805460	train
WP_075983858	WP_029805460	train
WP_140079894	WP_029805460	train
WP_140267571	WP_029805460	train
WP_140119283	WP_029805460	train
WP_140173546	WP_029805460	train
WP_140390511	WP_029805460	train
WP_140270371	WP_029805460	train
WP_317346203	WP_029805460	train
WP_046874733	WP_029805460	train
WP_237459187	WP_029805460	train
WP_129147048	WP_029805460	train
WP_031416423	WP_029805460	train
WP_274021807	WP_029805460	train
WP_031813486	WP_029805460	train
WP_474793895	WP_029805460	train
WP_025587383	WP_029805460	train
WP_316680655	WP_029805460	train
WP_045586691	WP_029805460	train
WP_140352194	WP_029805460	train
WP_193279606	WP_029805460	train
WP_253664060	WP_029805460	train
WP_164359744	WP_029805460	train
WP_017820029	WP_029805460	train
WP_395236798	WP_029805460	train
WP_063517315	WP_029805460	train
WP_334227584	WP_029805460	train
WP_394452571	WP_029805460	train
WP_024699954	WP_029805460	train
WP_140320323	WP_029805460	train
WP_069543084	WP_029805460	train
WP_044128842	WP_029805460	train
WP_258664194	WP_029805460	train
WP_170891652	WP_029805460	train
WP_182032615	WP_029805460	train
WP_140112741	WP_029805460	train
WP_086458709	WP_029805460	train
WP_238966283	WP_029805460	train
WP_395240587	WP_029805460	train
WP_430469108	WP_029805460	train
WP_069544359	WP_029805460	train
WP_407529633	WP_029805460	train
WP_238842871	WP_029805460	train
WP_229607920	WP_029805460	train
WP_140364196	WP_029805460	train
WP_253643765	WP_029805460	train
WP_447027286	WP_029805460	train
WP_321463458	WP_029805460	train
WP_457520438	WP_029805460	train
WP_372378193	WP_029805460	train
WP_065299389	WP_029805460	train
WP_239949000	WP_029805460	train
WP_317587990	WP_029805460	train
WP_321283752	WP_029805460	train
WP_264902269	WP_029805460	train
WP_417877614	WP_029805460	train
WP_263838351	WP_029805460	train
WP_176291225	WP_029805460	train
WP_237315722	WP_029805460	train
WP_118118074	WP_029805460	train
WP_444495709	WP_029805460	train
WP_420658564	WP_029805460	train
WP_014231327	WP_029805460	train
WP_065302154	WP_029805460	train
WP_140138560	WP_029805460	train
WP_394626654	WP_029805460	train
WP_068865485	WP_029805460	train
WP_229625349	WP_029805460	train
WP_140382140	WP_029805460	train
WP_395228280	WP_029805460	train
WP_029798096	WP_029805460	train
WP_029795501	WP_029805460	train
WP_029559254	WP_029805460	train
WP_463890018	WP_463890018	test
WP_483433099	WP_483433099	test
WP_126771055	WP_483433099	test
WP_417688231	WP_483433099	test
WP_417682116	WP_483433099	test
WP_126833864	WP_483433099	test
WP_324681845	WP_324681845	test
WP_064317905	WP_324681845	test
WP_429945816	WP_324681845	test
WP_015432594	WP_324681845	test
WP_131928026	WP_324681845	test
WP_025289380	WP_324681845	test
WP_125134923	WP_324681845	test
WP_108653006	WP_108653006	test
WP_306373964	WP_306373964	val
WP_306350447	WP_306373964	val
WP_306348024	WP_306373964	val
WP_306355046	WP_306373964	val
WP_306347694	WP_306373964	val
WP_306376026	WP_306373964	val
WP_090923119	WP_306373964	val
WP_211598118	WP_306373964	val
WP_299493548	WP_299493548	test
WP_299007541	WP_299493548	test
WP_298772223	WP_299493548	test
WP_221077481	WP_221077481	train
WP_220718038	WP_221077481	train
WP_163134939	WP_221077481	train
WP_406608673	WP_221077481	train
WP_152782732	WP_221077481	train
WP_221077036	WP_221077481	train
WP_329773744	WP_221077481	train
WP_248940705	WP_248940705	test
WP_063373551	WP_063373551	val
WP_065789002	WP_063373551	val
WP_484582601	WP_063373551	val
WP_063382229	WP_063373551	val
WP_063379021	WP_063373551	val
WP_235407727	WP_063373551	val
WP_063360821	WP_063373551	val
WP_063355963	WP_063373551	val
WP_211033369	WP_063373551	val
WP_063368522	WP_063373551	val
WP_237137479	WP_063373551	val
WP_039609901	WP_063373551	val
WP_239426538	WP_063373551	val
WP_284019456	WP_063373551	val
WP_046355048	WP_063373551	val
WP_023398362	WP_063373551	val
WP_211012274	WP_063373551	val
WP_070963671	WP_070963671	val
WP_298721918	WP_298721918	test
WP_104485504	WP_298721918	test
WP_344963239	WP_298721918	test
WP_204794859	WP_298721918	test
WP_410455027	WP_298721918	test
WP_193243179	WP_193243179	train
WP_039444195	WP_193243179	train
WP_193187062	WP_193243179	train
WP_045568957	WP_193243179	train
WP_196388193	WP_193243179	train
WP_436322570	WP_193243179	train
WP_158133307	WP_193243179	train
WP_061896562	WP_193243179	train
WP_193257742	WP_193243179	train
WP_193244848	WP_193243179	train
WP_193153938	WP_193243179	train
WP_198106702	WP_193243179	train
WP_039464588	WP_193243179	train
WP_193264712	WP_193243179	train
WP_039433148	WP_193243179	train
WP_061893847	WP_193243179	train
WP_353975499	WP_193243179	train
WP_391856402	WP_193243179	train
WP_202933098	WP_193243179	train
WP_039425451	WP_193243179	train
WP_172564538	WP_193243179	train
WP_395198461	WP_193243179	train
WP_193254324	WP_193243179	train
WP_042048623	WP_042048623	val
WP_193000927	WP_042048623	val
WP_302340584	WP_042048623	val
WP_240590194	WP_240590194	train
WP_338592661	WP_240590194	train
WP_126166440	WP_240590194	train
WP_372872441	WP_240590194	train
WP_037443114	WP_037443114	test
WP_274675330	WP_274675330	test
WP_274701528	WP_274675330	test
WP_274684417	WP_274675330	test
WP_274695128	WP_274675330	test
WP_274672802	WP_274675330	test
WP_274682982	WP_274675330	test
WP_274678328	WP_274675330	test
WP_192074086	WP_274675330	test
WP_274696421	WP_274675330	test
WP_171980021	WP_274675330	test
WP_053309983	WP_274675330	test
WP_274700596	WP_274675330	test
WP_274679583	WP_274675330	test
WP_176246666	WP_274675330	test
WP_261915601	WP_274675330	test
WP_428795257	WP_428795257	train
WP_428753676	WP_428795257	train
WP_265675059	WP_428795257	train
WP_449212168	WP_428795257	train
WP_102471397	WP_428795257	train
WP_372060853	WP_428795257	train
WP_250617037	WP_428795257	train
WP_092855852	WP_092855852	train
WP_055438334	WP_092855852	train
WP_404408329	WP_092855852	train
WP_130202706	WP_092855852	train
WP_156265732	WP_092855852	train
WP_126759203	WP_092855852	train
WP_417663941	WP_092855852	train
WP_065591660	WP_065591660	train
WP_300174780	WP_065591660	train
WP_122035256	WP_065591660	train
WP_486314818	WP_065591660	train
WP_182699971	WP_065591660	train
WP_428200773	WP_065591660	train
WP_151652863	WP_065591660	train
WP_486307172	WP_065591660	train
WP_017020611	WP_065591660	train
WP_274443289	WP_065591660	train
WP_428193196	WP_065591660	train
WP_130048618	WP_065591660	train
WP_274420693	WP_065591660	train
WP_105054491	WP_065591660	train
WP_486309157	WP_065591660	train
WP_446713195	WP_065591660	train
WP_060990672	WP_065591660	train
WP_375322204	WP_065591660	train
WP_130043393	WP_065591660	train
WP_012549908	WP_065591660	train
WP_486305521	WP_065591660	train
WP_446703683	WP_065591660	train
WP_446710321	WP_065591660	train
WP_486318962	WP_065591660	train
WP_039104346	WP_039104346	test
WP_276921539	WP_039104346	test
WP_276886865	WP_039104346	test
WP_276902236	WP_039104346	test
WP_110443301	WP_039104346	test
WP_050659485	WP_050659485	train
WP_417355151	WP_050659485	train
WP_123421821	WP_050659485	train
WP_070175032	WP_070175032	train
WP_181482505	WP_181482505	train
WP_110273502	WP_181482505	train
WP_367988642	WP_367988642	test
WP_427012510	WP_367988642	test
WP_427010895	WP_367988642	test
WP_306763220	WP_306763220	train
WP_014292698	WP_306763220	train
WP_094199599	WP_306763220	train
WP_159934053	WP_159934053	test
WP_382368559	WP_382368559	train
WP_162855923	WP_162855923	train
WP_075592828	WP_162855923	train
WP_035495014	WP_162855923	train
WP_279430394	WP_162855923	train
WP_487012472	WP_162855923	train
WP_164692131	WP_162855923	train
WP_261468455	WP_162855923	train
WP_075630683	WP_162855923	train
WP_487015752	WP_162855923	train
WP_160420937	WP_162855923	train
WP_404857579	WP_162855923	train
WP_279416753	WP_162855923	train
WP_207326807	WP_162855923	train
WP_035520262	WP_162855923	train
WP_035490613	WP_162855923	train
WP_279429842	WP_162855923	train
WP_404860961	WP_162855923	train
WP_487011924	WP_162855923	train
WP_279430851	WP_162855923	train
WP_457999216	WP_162855923	train
WP_159179896	WP_162855923	train
WP_021109419	WP_162855923	train
WP_487032473	WP_162855923	train
WP_160432802	WP_162855923	train
WP_426875994	WP_162855923	train
WP_042905719	WP_162855923	train
WP_420740523	WP_162855923	train
WP_279423833	WP_162855923	train
WP_261552353	WP_162855923	train
WP_078208165	WP_162855923	train
WP_330462641	WP_162855923	train
WP_279421725	WP_162855923	train
WP_160436985	WP_162855923	train
WP_279422787	WP_162855923	train
WP_404872506	WP_162855923	train
WP_160555720	WP_162855923	train
WP_279428198	WP_162855923	train
WP_160436742	WP_162855923	train
WP_404857203	WP_162855923	train
WP_021114792	WP_162855923	train
WP_160420088	WP_162855923	train
WP_279419331	WP_162855923	train
WP_373767453	WP_162855923	train
WP_279424983	WP_162855923	train
WP_279415562	WP_162855923	train
WP_062923853	WP_162855923	train
WP_160414886	WP_162855923	train
WP_404865834	WP_162855923	train
WP_279416930	WP_162855923	train
WP_279405819	WP_162855923	train
WP_160435131	WP_162855923	train
WP_149350836	WP_162855923	train
WP_279417511	WP_162855923	train
WP_075620887	WP_162855923	train
WP_279427564	WP_162855923	train
WP_176443747	WP_162855923	train
WP_404865552	WP_162855923	train
WP_279404450	WP_162855923	train
WP_487014235	WP_162855923	train
WP_164689449	WP_162855923	train
WP_487013520	WP_162855923	train
WP_279426740	WP_162855923	train
WP_012621609	WP_162855923	train
WP_279414832	WP_162855923	train
WP_160412944	WP_162855923	train
WP_005710869	WP_162855923	train
WP_279414137	WP_162855923	train
WP_279425919	WP_162855923	train
WP_160414278	WP_162855923	train
WP_035496414	WP_162855923	train
WP_487015910	WP_162855923	train
WP_487031068	WP_162855923	train
WP_160404836	WP_162855923	train
WP_487015599	WP_162855923	train
WP_279430641	WP_162855923	train
WP_196980346	WP_162855923	train
WP_160414660	WP_162855923	train
WP_338824942	WP_162855923	train
WP_160428927	WP_162855923	train
WP_261477222	WP_162855923	train
WP_404866499	WP_162855923	train
WP_021116753	WP_162855923	train
WP_160427596	WP_162855923	train
WP_487011765	WP_162855923	train
WP_426877717	WP_162855923	train
WP_487012908	WP_162855923	train
WP_160416681	WP_162855923	train
WP_487013698	WP_162855923	train
WP_207342861	WP_162855923	train
WP_160440810	WP_162855923	train
WP_279431047	WP_162855923	train
WP_487009299	WP_162855923	train
WP_487010148	WP_162855923	train
WP_404865172	WP_162855923	train
WP_071610152	WP_162855923	train
WP_160429331	WP_162855923	train
WP_038514169	WP_162855923	train
WP_416108491	WP_162855923	train
WP_404864871	WP_162855923	train
WP_487013139	WP_162855923	train
WP_487017717	WP_162855923	train
WP_279431828	WP_162855923	train
WP_279419150	WP_162855923	train
WP_279414318	WP_162855923	train
WP_261576987	WP_162855923	train
WP_279409036	WP_162855923	train
WP_021110589	WP_162855923	train
WP_203398940	WP_162855923	train
WP_487034693	WP_162855923	train
WP_279425700	WP_162855923	train
WP_426841397	WP_162855923	train
WP_426994805	WP_162855923	train
WP_487019996	WP_162855923	train
WP_279414952	WP_162855923	train
WP_160415970	WP_162855923	train
WP_261549754	WP_162855923	train
WP_160421751	WP_162855923	train
WP_279416334	WP_162855923	train
WP_075592208	WP_162855923	train
WP_487009770	WP_162855923	train
WP_160404964	WP_162855923	train
WP_279421232	WP_162855923	train
WP_111749098	WP_162855923	train
WP_279429547	WP_162855923	train
WP_420722248	WP_162855923	train
WP_160427225	WP_162855923	train
WP_426879277	WP_162855923	train
WP_112062991	WP_162855923	train
WP_279422418	WP_162855923	train
WP_026916483	WP_162855923	train
WP_279408341	WP_162855923	train
WP_487011000	WP_162855923	train
WP_261483654	WP_162855923	train
WP_160433997	WP_162855923	train
WP_404871261	WP_162855923	train
WP_279407040	WP_162855923	train
WP_487015457	WP_162855923	train
WP_075605684	WP_162855923	train
WP_044009045	WP_162855923	train
WP_330429262	WP_162855923	train
WP_279423484	WP_162855923	train
WP_021115833	WP_162855923	train
WP_279410376	WP_162855923	train
WP_035525139	WP_162855923	train
WP_279423999	WP_162855923	train
WP_279411549	WP_162855923	train
WP_010785769	WP_162855923	train
WP_220077739	WP_220077739	val
WP_220067336	WP_220077739	val
WP_203326624	WP_220077739	val
WP_011759437	WP_220077739	val
WP_126754393	WP_126754393	train
WP_132994457	WP_132994457	train
WP_249960897	WP_132994457	train
WP_012340540	WP_132994457	train
WP_249962548	WP_132994457	train
WP_136121293	WP_132994457	train
WP_075293899	WP_132994457	train
WP_406812628	WP_132994457	train
WP_075321079	WP_132994457	train
WP_249963060	WP_132994457	train
WP_463267745	WP_463267745	val
WP_207570616	WP_463267745	val
WP_189617396	WP_463267745	val
WP_428584515	WP_463267745	val
WP_133038701	WP_463267745	val
WP_167677957	WP_167677957	train
WP_371995219	WP_371995219	val
WP_372035205	WP_371995219	val
WP_220736278	WP_371995219	val
WP_248975279	WP_371995219	val
WP_372768808	WP_372768808	test
WP_191152559	WP_191152559	test
WP_333849312	WP_191152559	test
WP_433763094	WP_191152559	test
WP_285125839	WP_191152559	test
WP_231312180	WP_191152559	test
WP_156654653	WP_191152559	test
WP_059307714	WP_191152559	test
WP_391487256	WP_191152559	test
WP_250584053	WP_191152559	test
WP_473478621	WP_191152559	test
WP_404527989	WP_191152559	test
WP_312995842	WP_191152559	test
WP_279866954	WP_191152559	test
WP_262661416	WP_191152559	test
WP_106993153	WP_191152559	test
WP_336997952	WP_191152559	test
WP_032611192	WP_191152559	test
WP_103822246	WP_191152559	test
WP_337014764	WP_191152559	test
WP_151584969	WP_191152559	test
WP_039031854	WP_191152559	test
WP_142489805	WP_191152559	test
WP_420172354	WP_191152559	test
WP_077226987	WP_191152559	test
WP_325929876	WP_191152559	test
WP_159339437	WP_191152559	test
WP_312187701	WP_191152559	test
WP_156263959	WP_191152559	test
WP_114314733	WP_191152559	test
WP_103179888	WP_191152559	test
WP_336203008	WP_336203008	val
WP_154751094	WP_336203008	val
WP_227534579	WP_336203008	val
WP_338637614	WP_336203008	val
WP_191932483	WP_336203008	val
WP_336795889	WP_336203008	val
WP_099754618	WP_336203008	val
WP_338506469	WP_336203008	val
WP_070134325	WP_336203008	val
WP_426767910	WP_336203008	val
WP_133841908	WP_336203008	val
WP_191149374	WP_336203008	val
WP_230048585	WP_336203008	val
WP_212815450	WP_336203008	val
WP_048915957	WP_336203008	val
WP_288499188	WP_336203008	val
WP_137269388	WP_336203008	val
WP_012441352	WP_336203008	val
WP_405260701	WP_336203008	val
WP_455819864	WP_336203008	val
WP_200642480	WP_336203008	val
WP_062743152	WP_336203008	val
WP_346573857	WP_336203008	val
WP_205064426	WP_336203008	val
WP_105595192	WP_336203008	val
WP_200559574	WP_336203008	val
WP_200543741	WP_336203008	val
WP_264546714	WP_336203008	val
WP_123329580	WP_336203008	val
WP_337893764	WP_336203008	val
WP_339457842	WP_336203008	val
WP_431021776	WP_336203008	val
WP_339507375	WP_336203008	val
WP_455814756	WP_336203008	val
WP_379888537	WP_379888537	test
WP_034933050	WP_379888537	test
WP_367167216	WP_379888537	test
WP_261666580	WP_379888537	test
WP_124232665	WP_379888537	test
WP_327616735	WP_327616735	val
WP_327613507	WP_327616735	val
WP_390226038	WP_327616735	val
WP_390216477	WP_327616735	val
WP_095834109	WP_327616735	val
WP_390255012	WP_327616735	val
WP_121588903	WP_327616735	val
WP_048638915	WP_327616735	val
WP_208230973	WP_327616735	val
WP_319602492	WP_327616735	val
WP_187654615	WP_187654615	val
WP_273548243	WP_187654615	val
WP_340616942	WP_187654615	val
WP_099114796	WP_187654615	val
WP_086112578	WP_187654615	val
WP_047964257	WP_187654615	val
WP_438805678	WP_438805678	val
WP_066109284	WP_066109284	train
WP_066112773	WP_066109284	train
WP_303511762	WP_303511762	train
WP_233053406	WP_303511762	train
WP_434339883	WP_303511762	train
WP_232800501	WP_303511762	train
WP_394144555	WP_394144555	test
WP_039483662	WP_394144555	test
WP_331423101	WP_394144555	test
WP_367937514	WP_394144555	test
WP_367680450	WP_367680450	test
WP_428787669	WP_428787669	train
WP_124210517	WP_124210517	test
WP_223094253	WP_223094253	test
WP_101112295	WP_223094253	test
WP_224055368	WP_223094253	test
WP_022595650	WP_223094253	test
WP_190336001	WP_223094253	test
WP_022551015	WP_223094253	test
WP_004406549	WP_223094253	test
WP_104398850	WP_223094253	test
WP_305395447	WP_223094253	test
WP_022610573	WP_223094253	test
WP_200767026	WP_223094253	test
WP_425635646	WP_425635646	train
WP_105898521	WP_425635646	train
WP_179224211	WP_425635646	train
WP_065246177	WP_425635646	train
WP_126513623	WP_425635646	train
WP_105877836	WP_425635646	train
WP_005693995	WP_425635646	train
WP_105898080	WP_425635646	train
WP_065264832	WP_425635646	train
WP_105896761	WP_425635646	train
WP_005637796	WP_425635646	train
WP_342119958	WP_425635646	train
WP_118867218	WP_425635646	train
WP_118790157	WP_425635646	train
WP_046942317	WP_425635646	train
WP_118845313	WP_425635646	train
WP_118781359	WP_425635646	train
WP_114893528	WP_425635646	train
WP_065249493	WP_425635646	train
WP_050838247	WP_425635646	train
WP_118870968	WP_425635646	train
WP_005631659	WP_425635646	train
WP_221252901	WP_425635646	train
WP_116945461	WP_425635646	train
WP_110437628	WP_425635646	train
WP_196252102	WP_425635646	train
WP_133499552	WP_425635646	train
WP_005659512	WP_425635646	train
WP_105894408	WP_425635646	train
WP_118861110	WP_425635646	train
WP_005666969	WP_425635646	train
WP_118806586	WP_425635646	train
WP_112084154	WP_425635646	train
WP_112111515	WP_425635646	train
WP_437261625	WP_425635646	train
WP_032823520	WP_425635646	train
WP_304593344	WP_425635646	train
WP_042599491	WP_425635646	train
WP_118783563	WP_425635646	train
WP_048951610	WP_425635646	train
WP_112123017	WP_425635646	train
WP_204704108	WP_425635646	train
WP_118870531	WP_425635646	train
WP_021035179	WP_425635646	train
WP_239495195	WP_425635646	train
WP_140536503	WP_425635646	train
WP_046949842	WP_425635646	train
WP_071162520	WP_425635646	train
WP_011961921	WP_425635646	train
WP_105877093	WP_425635646	train
WP_075913376	WP_425635646	train
WP_140583380	WP_425635646	train
WP_140529252	WP_425635646	train
WP_040033789	WP_425635646	train
WP_112119589	WP_425635646	train
WP_440078253	WP_425635646	train
WP_434312375	WP_425635646	train
WP_065245347	WP_425635646	train
WP_105891221	WP_425635646	train
WP_118799784	WP_425635646	train
WP_110430894	WP_425635646	train
WP_005691979	WP_425635646	train
WP_105904426	WP_425635646	train
WP_042594037	WP_425635646	train
WP_118879824	WP_425635646	train
WP_038439864	WP_425635646	train
WP_105886581	WP_425635646	train
WP_053465024	WP_425635646	train
WP_140518729	WP_425635646	train
WP_050822599	WP_425635646	train
WP_044330152	WP_425635646	train
WP_136429895	WP_425635646	train
WP_342123206	WP_425635646	train
WP_112081419	WP_425635646	train
WP_140449742	WP_425635646	train
WP_136429232	WP_425635646	train
WP_005641907	WP_425635646	train
WP_101159938	WP_425635646	train
WP_032828011	WP_425635646	train
WP_118785676	WP_425635646	train
WP_105897754	WP_425635646	train
WP_118812890	WP_425635646	train
WP_050848723	WP_425635646	train
WP_105899620	WP_425635646	train
WP_434104366	WP_425635646	train
WP_105882586	WP_425635646	train
WP_105892771	WP_425635646	train
WP_042601494	WP_425635646	train
WP_112082571	WP_425635646	train
WP_118855071	WP_425635646	train
WP_114892252	WP_425635646	train
WP_048941009	WP_425635646	train
WP_015702243	WP_425635646	train
WP_116938524	WP_425635646	train
WP_114909134	WP_425635646	train
WP_105888663	WP_425635646	train
WP_116966897	WP_425635646	train
WP_434118934	WP_425635646	train
WP_048953184	WP_425635646	train
WP_111407428	WP_425635646	train
WP_075985279	WP_425635646	train
WP_110426198	WP_425635646	train
WP_434118060	WP_425635646	train
WP_118873724	WP_425635646	train
WP_116956588	WP_425635646	train
WP_105880552	WP_425635646	train
WP_118775954	WP_425635646	train
WP_114892021	WP_425635646	train
WP_423994029	WP_425635646	train
WP_118795081	WP_425635646	train
WP_105197845	WP_425635646	train
WP_434106680	WP_425635646	train
WP_005656771	WP_425635646	train
WP_116938447	WP_425635646	train
WP_118879258	WP_425635646	train
WP_112088643	WP_425635646	train
WP_111689067	WP_425635646	train
WP_434321426	WP_425635646	train
WP_118816912	WP_425635646	train
WP_110431884	WP_425635646	train
WP_136437709	WP_425635646	train
WP_112072586	WP_425635646	train
WP_139990238	WP_425635646	train
WP_118788348	WP_425635646	train
WP_134078388	WP_425635646	train
WP_105892067	WP_425635646	train
WP_011272639	WP_425635646	train
WP_118809998	WP_425635646	train
WP_105881420	WP_425635646	train
WP_105879014	WP_425635646	train
WP_118809136	WP_425635646	train
WP_118776635	WP_425635646	train
WP_464379083	WP_425635646	train
WP_009500471	WP_425635646	train
WP_114934439	WP_425635646	train
WP_112130939	WP_425635646	train
WP_112102628	WP_425635646	train
WP_111696864	WP_425635646	train
WP_013527698	WP_425635646	train
WP_042594644	WP_425635646	train
WP_371899999	WP_425635646	train
WP_061724019	WP_425635646	train
WP_111691668	WP_425635646	train
WP_046953148	WP_425635646	train
WP_215769589	WP_425635646	train
WP_105882069	WP_425635646	train
WP_140524508	WP_425635646	train
WP_105887340	WP_425635646	train
WP_224057246	WP_425635646	train
WP_105900428	WP_425635646	train
WP_013525788	WP_425635646	train
WP_111738708	WP_425635646	train
WP_138171980	WP_425635646	train
WP_114934873	WP_425635646	train
WP_042610841	WP_425635646	train
WP_038441141	WP_425635646	train
WP_112095576	WP_425635646	train
WP_223893307	WP_425635646	train
WP_044345697	WP_425635646	train
WP_065250745	WP_425635646	train
WP_105903872	WP_425635646	train
WP_005687215	WP_425635646	train
WP_118842816	WP_425635646	train
WP_179227962	WP_425635646	train
WP_011962037	WP_425635646	train
WP_114890384	WP_425635646	train
WP_050847131	WP_425635646	train
WP_105873352	WP_425635646	train
WP_112066967	WP_425635646	train
WP_118803059	WP_425635646	train
WP_046939159	WP_425635646	train
WP_118795706	WP_425635646	train
WP_197541680	WP_425635646	train
WP_204713991	WP_425635646	train
WP_118858662	WP_425635646	train
WP_048955149	WP_425635646	train
WP_006996046	WP_425635646	train
WP_111695575	WP_425635646	train
WP_105892145	WP_425635646	train
WP_136430386	WP_425635646	train
WP_105875343	WP_425635646	train
WP_485917317	WP_425635646	train
WP_005644977	WP_425635646	train
WP_050951522	WP_425635646	train
WP_050949208	WP_425635646	train
WP_140527907	WP_425635646	train
WP_118807623	WP_425635646	train
WP_105895849	WP_425635646	train
WP_116946011	WP_425635646	train
WP_485921817	WP_425635646	train
WP_084997399	WP_425635646	train
WP_428822271	WP_428822271	val
WP_129493997	WP_428822271	val
WP_371975596	WP_428822271	val
WP_017011370	WP_428822271	val
WP_102317171	WP_428822271	val
WP_137071389	WP_428822271	val
WP_214505303	WP_214505303	test
WP_386694114	WP_386694114	val
WP_132302426	WP_386694114	val
WP_153985801	WP_386694114	val
WP_439258701	WP_386694114	val
WP_439238344	WP_386694114	val
WP_386696877	WP_386694114	val
WP_439293858	WP_386694114	val
WP_386693001	WP_386694114	val
WP_439287609	WP_386694114	val
WP_386686510	WP_386694114	val
WP_455648075	WP_386694114	val
WP_187755011	WP_187755011	train
WP_008983002	WP_008983002	train
WP_372627497	WP_372627497	test
WP_290614606	WP_372627497	test
WP_290617662	WP_372627497	test
WP_097112176	WP_372627497	test
WP_214000123	WP_372627497	test
WP_345338522	WP_345338522	train
WP_218529315	WP_218529315	train
WP_128351138	WP_128351138	test
WP_417665574	WP_128351138	test
WP_339880338	WP_128351138	test
WP_417659653	WP_128351138	test
WP_417685187	WP_128351138	test
WP_305944529	WP_305944529	val
WP_273640493	WP_273640493	train
WP_130636080	WP_130636080	val
WP_310825293	WP_310825293	test
WP_061708999	WP_310825293	test
WP_194208429	WP_194208429	val
WP_414163530	WP_194208429	val
WP_276164762	WP_194208429	val
WP_343553547	WP_343553547	val
WP_007892424	WP_343553547	val
WP_256696558	WP_343553547	val
WP_137385882	WP_343553547	val
WP_061718784	WP_343553547	val
WP_222210347	WP_343553547	val
WP_222182248	WP_343553547	val
WP_192234007	WP_343553547	val
WP_008106525	WP_343553547	val
WP_455843663	WP_343553547	val
WP_176969984	WP_343553547	val
WP_483817487	WP_343553547	val
WP_312663817	WP_343553547	val
WP_265298052	WP_343553547	val
WP_455853263	WP_343553547	val
WP_336767630	WP_343553547	val
WP_179450701	WP_343553547	val
WP_377724956	WP_343553547	val
WP_271459709	WP_343553547	val
WP_312181787	WP_343553547	val
WP_101764270	WP_343553547	val
WP_277977433	WP_343553547	val
WP_154156298	WP_343553547	val
WP_039334683	WP_343553547	val
WP_045832147	WP_343553547	val
WP_283227800	WP_343553547	val
WP_058969934	WP_343553547	val
WP_100700626	WP_343553547	val
WP_078001455	WP_078001455	train
WP_125259555	WP_125259555	val
WP_035341963	WP_125259555	val
WP_071430018	WP_071430018	val
WP_241648543	WP_071430018	val
WP_214195223	WP_071430018	val
WP_072549608	WP_072549608	train
WP_342220925	WP_072549608	train
WP_392565076	WP_392565076	test
WP_047877212	WP_047877212	test
WP_267329389	WP_267329389	test
WP_220219496	WP_267329389	test
WP_294833086	WP_267329389	test
WP_100295705	WP_100295705	train
WP_024870611	WP_024870611	test
WP_238131563	WP_238131563	val
WP_170886943	WP_238131563	val
WP_161428182	WP_238131563	val
WP_099612330	WP_238131563	val
WP_428766765	WP_238131563	val
WP_078924600	WP_238131563	val
WP_154115673	WP_238131563	val
WP_238095483	WP_238131563	val
WP_158117371	WP_238131563	val
WP_205158397	WP_205158397	val
WP_084885672	WP_205158397	val
WP_016961327	WP_016961327	train
WP_371733185	WP_016961327	train
WP_274166877	WP_016961327	train
WP_407330656	WP_016961327	train
WP_028025214	WP_016961327	train
WP_186505120	WP_186505120	test
WP_372079265	WP_372079265	val
WP_371988797	WP_372079265	val
WP_248007081	WP_372079265	val
WP_428807084	WP_372079265	val
WP_428801489	WP_372079265	val
WP_295898091	WP_372079265	val
WP_102404442	WP_372079265	val
WP_441878212	WP_441878212	test
WP_379558319	WP_441878212	test
WP_005817708	WP_005817708	train
WP_294088343	WP_005817708	train
WP_320862892	WP_005817708	train
WP_108924721	WP_005817708	train
WP_303817729	WP_005817708	train
WP_005824022	WP_005817708	train
WP_222524022	WP_222524022	train
WP_448547795	WP_448547795	val
WP_046201098	WP_046201098	val
WP_313079610	WP_313079610	train
WP_312167422	WP_313079610	train
WP_165430816	WP_313079610	train
WP_312140590	WP_313079610	train
WP_284972733	WP_313079610	train
WP_312925057	WP_313079610	train
WP_312582351	WP_313079610	train
WP_043865257	WP_313079610	train
WP_002437344	WP_313079610	train
WP_312737452	WP_313079610	train
WP_313478221	WP_313079610	train
WP_313072108	WP_313079610	train
WP_313758865	WP_313079610	train
WP_313714796	WP_313079610	train
WP_313610214	WP_313079610	train
WP_313069356	WP_313079610	train
WP_312773540	WP_313079610	train
WP_220398020	WP_313079610	train
WP_313436941	WP_313079610	train
WP_313119950	WP_313079610	train
WP_251848894	WP_313079610	train
WP_313021317	WP_313079610	train
WP_183171540	WP_313079610	train
WP_220265816	WP_313079610	train
WP_165462993	WP_313079610	train
WP_312978929	WP_313079610	train
WP_125294365	WP_313079610	train
WP_416359020	WP_313079610	train
WP_312382981	WP_313079610	train
WP_474801307	WP_313079610	train
WP_312310960	WP_313079610	train
WP_254488433	WP_313079610	train
WP_161658838	WP_313079610	train
WP_313667637	WP_313079610	train
WP_066596358	WP_066596358	val
WP_339058261	WP_339058261	train
WP_176487883	WP_339058261	train
WP_006704667	WP_339058261	train
WP_077464574	WP_077464574	test
WP_086939569	WP_086939569	val
WP_208120136	WP_208120136	val
WP_208121422	WP_208120136	val
WP_192015300	WP_192015300	test
WP_027253391	WP_192015300	test
WP_046219671	WP_192015300	test
WP_161456876	WP_192015300	test
WP_303453732	WP_192015300	test
WP_218383080	WP_192015300	test
WP_337113846	WP_192015300	test
WP_342393305	WP_192015300	test
WP_120511200	WP_192015300	test
WP_078236847	WP_078236847	train
WP_062662311	WP_062662311	val
WP_218360155	WP_062662311	val
WP_046306525	WP_062662311	val
WP_002540185	WP_062662311	val
WP_325894087	WP_062662311	val
WP_067417144	WP_062662311	val
WP_078753014	WP_062662311	val
WP_274143339	WP_062662311	val
WP_162062676	WP_162062676	train
WP_274721454	WP_274721454	val
WP_277207725	WP_274721454	val
WP_166014842	WP_274721454	val
WP_438708768	WP_274721454	val
WP_136735329	WP_136735329	train
WP_208895680	WP_208895680	test
WP_438705394	WP_208895680	test
WP_170894750	WP_208895680	test
WP_010320022	WP_208895680	test
WP_017043915	WP_208895680	test
WP_064625008	WP_208895680	test
WP_194574788	WP_208895680	test
WP_094131886	WP_208895680	test
WP_129532434	WP_208895680	test
WP_094165742	WP_208895680	test
WP_094150576	WP_208895680	test
WP_277435253	WP_208895680	test
WP_094500211	WP_208895680	test
WP_194662797	WP_208895680	test
WP_222715128	WP_208895680	test
WP_105976512	WP_208895680	test
WP_017044653	WP_208895680	test
WP_170889136	WP_208895680	test
WP_115339706	WP_208895680	test
WP_094143314	WP_208895680	test
WP_017047729	WP_208895680	test
WP_019281959	WP_208895680	test
WP_481064134	WP_208895680	test
WP_096036296	WP_208895680	test
WP_481064732	WP_208895680	test
WP_208891607	WP_208895680	test
WP_088721155	WP_208895680	test
WP_199871647	WP_208895680	test
WP_088732261	WP_208895680	test
WP_373433321	WP_208895680	test
WP_013857079	WP_208895680	test
WP_047690891	WP_208895680	test
WP_017049879	WP_208895680	test
WP_481062512	WP_208895680	test
WP_334202800	WP_208895680	test
WP_194565959	WP_208895680	test
WP_487111565	WP_487111565	train
WP_105935847	WP_105935847	train
WP_123323321	WP_105935847	train
WP_296043738	WP_105935847	train
WP_018692543	WP_018692543	val
WP_043084341	WP_043084341	test
WP_053518447	WP_043084341	test
WP_297198091	WP_043084341	test
WP_048286686	WP_043084341	test
WP_318392576	WP_318392576	test
WP_090459711	WP_318392576	test
WP_321987555	WP_318392576	test
WP_318375099	WP_318392576	test
WP_218337146	WP_318392576	test
WP_318356655	WP_318392576	test
WP_318365409	WP_318392576	test
WP_318385370	WP_318392576	test
WP_473275989	WP_318392576	test
WP_072568619	WP_318392576	test
WP_318388278	WP_318392576	test
WP_318363660	WP_318392576	test
WP_088218623	WP_318392576	test
WP_322838549	WP_322838549	val
WP_264443425	WP_264443425	train
WP_264251667	WP_264443425	train
WP_034821487	WP_264443425	train
WP_058774627	WP_264443425	train
WP_436381170	WP_264443425	train
WP_136546927	WP_264443425	train
WP_058959803	WP_264443425	train
WP_166718997	WP_264443425	train
WP_479394203	WP_264443425	train
WP_241797950	WP_264443425	train
WP_058771276	WP_264443425	train
WP_215800068	WP_264443425	train
WP_224931895	WP_264443425	train
WP_059012435	WP_264443425	train
WP_436339134	WP_264443425	train
WP_038646692	WP_264443425	train
WP_282996987	WP_264443425	train
WP_480309269	WP_264443425	train
WP_345829606	WP_264443425	train
WP_182058026	WP_264443425	train
WP_045814401	WP_264443425	train
WP_211726148	WP_264443425	train
WP_283215270	WP_264443425	train
WP_222986637	WP_264443425	train
WP_166710212	WP_264443425	train
WP_160867439	WP_264443425	train
WP_267410486	WP_264443425	train
WP_058758622	WP_264443425	train
WP_200570224	WP_264443425	train
WP_200679407	WP_264443425	train
WP_094110944	WP_264443425	train
WP_338671090	WP_264443425	train
WP_479398653	WP_264443425	train
WP_097097208	WP_264443425	train
WP_476148547	WP_264443425	train
WP_211728445	WP_264443425	train
WP_215480344	WP_264443425	train
WP_167138226	WP_264443425	train
WP_336766521	WP_264443425	train
WP_325967866	WP_264443425	train
WP_479414507	WP_264443425	train
WP_128600358	WP_264443425	train
WP_141495396	WP_264443425	train
WP_097117003	WP_264443425	train
WP_200536831	WP_264443425	train
WP_084934149	WP_264443425	train
WP_127834126	WP_264443425	train
WP_145888584	WP_264443425	train
WP_021510115	WP_264443425	train
WP_160833606	WP_264443425	train
WP_409389409	WP_409389409	train
WP_167432869	WP_409389409	train
WP_033787708	WP_409389409	train
WP_425019922	WP_409389409	train
WP_202939990	WP_409389409	train
WP_161736498	WP_409389409	train
WP_111140072	WP_409389409	train
WP_346545144	WP_409389409	train
WP_191919360	WP_409389409	train
WP_201251841	WP_409389409	train
WP_010244475	WP_409389409	train
WP_064691365	WP_409389409	train
WP_457173998	WP_409389409	train
WP_313925924	WP_409389409	train
WP_182500070	WP_409389409	train
WP_179895633	WP_409389409	train
WP_434147657	WP_409389409	train
WP_105099134	WP_409389409	train
WP_135908594	WP_409389409	train
WP_187493416	WP_409389409	train
WP_313678187	WP_409389409	train
WP_427103515	WP_409389409	train
WP_157352304	WP_409389409	train
WP_279767743	WP_409389409	train
WP_031591590	WP_409389409	train
WP_154926304	WP_409389409	train
WP_476141886	WP_409389409	train
WP_418795907	WP_409389409	train
WP_473791932	WP_409389409	train
WP_485523006	WP_409389409	train
WP_312121542	WP_409389409	train
WP_191938060	WP_409389409	train
WP_293771029	WP_409389409	train
WP_315311082	WP_409389409	train
WP_312041164	WP_409389409	train
WP_285720546	WP_409389409	train
WP_424994204	WP_409389409	train
WP_013358013	WP_409389409	train
WP_419138316	WP_409389409	train
WP_422881038	WP_409389409	train
WP_346556165	WP_409389409	train
WP_283547880	WP_409389409	train
WP_323170181	WP_409389409	train
WP_375716885	WP_409389409	train
WP_191922147	WP_409389409	train
WP_434745877	WP_409389409	train
WP_003853868	WP_409389409	train
WP_107319793	WP_409389409	train
WP_163843682	WP_409389409	train
WP_292992364	WP_409389409	train
WP_425013776	WP_409389409	train
WP_256849230	WP_409389409	train
WP_260058299	WP_409389409	train
WP_437381786	WP_409389409	train
WP_476158374	WP_409389409	train
WP_337027310	WP_409389409	train
WP_187494698	WP_409389409	train
WP_061901401	WP_409389409	train
WP_095707125	WP_409389409	train
WP_442796945	WP_409389409	train
WP_313651395	WP_409389409	train
WP_346460886	WP_409389409	train
WP_033757842	WP_409389409	train
WP_278496262	WP_409389409	train
WP_264366796	WP_409389409	train
WP_140917255	WP_409389409	train
WP_150037082	WP_409389409	train
WP_275219365	WP_409389409	train
WP_421665369	WP_409389409	train
WP_425027132	WP_409389409	train
WP_150010318	WP_409389409	train
WP_313699328	WP_409389409	train
WP_287635771	WP_409389409	train
WP_279856489	WP_409389409	train
WP_031374553	WP_409389409	train
WP_069728528	WP_409389409	train
WP_312054447	WP_409389409	train
WP_111207589	WP_409389409	train
WP_350769150	WP_409389409	train
WP_325974541	WP_409389409	train
WP_058958471	WP_409389409	train
WP_154928219	WP_409389409	train
WP_046101912	WP_409389409	train
WP_009089965	WP_409389409	train
WP_307570402	WP_409389409	train
WP_140925460	WP_409389409	train
WP_094119455	WP_409389409	train
WP_233988059	WP_409389409	train
WP_337012824	WP_409389409	train
WP_061062577	WP_409389409	train
WP_436370281	WP_409389409	train
WP_095848816	WP_095848816	val
WP_438596849	WP_095848816	val
WP_416262476	WP_095848816	val
WP_462616125	WP_095848816	val
WP_121552548	WP_095848816	val
WP_279023200	WP_095848816	val
WP_410428695	WP_410428695	test
WP_026742481	WP_410428695	test
WP_094109469	WP_410428695	test
WP_074727936	WP_410428695	test
WP_085651350	WP_410428695	test
WP_410421447	WP_410428695	test
WP_112131507	WP_410428695	test
WP_026739446	WP_410428695	test
WP_410407474	WP_410428695	test
WP_094106935	WP_410428695	test
WP_112103958	WP_410428695	test
WP_410440608	WP_410428695	test
WP_304168641	WP_410428695	test
WP_410409864	WP_410428695	test
WP_085684061	WP_410428695	test
WP_410411021	WP_410428695	test
WP_410418480	WP_410428695	test
WP_410442484	WP_410428695	test
WP_410430954	WP_410428695	test
WP_410415121	WP_410428695	test
WP_410451608	WP_410428695	test
WP_410439761	WP_410428695	test
WP_410426377	WP_410428695	test
WP_094100514	WP_410428695	test
WP_410444909	WP_410428695	test
WP_343871312	WP_343871312	val
WP_025903084	WP_343871312	val
WP_212712948	WP_343871312	val
WP_136988391	WP_136988391	train
WP_430476150	WP_430476150	train
WP_024524613	WP_430476150	train
WP_416711243	WP_430476150	train
WP_337977291	WP_430476150	train
WP_035603017	WP_430476150	train
WP_370555667	WP_430476150	train
WP_370557619	WP_430476150	train
WP_370550371	WP_430476150	train
WP_068871393	WP_430476150	train
WP_370545812	WP_430476150	train
WP_370548887	WP_430476150	train
WP_456195617	WP_430476150	train
WP_279509477	WP_430476150	train
WP_070244985	WP_430476150	train
WP_438333694	WP_430476150	train
WP_456190765	WP_430476150	train
WP_370558624	WP_430476150	train
WP_370554414	WP_430476150	train
WP_073382169	WP_430476150	train
WP_283294678	WP_430476150	train
WP_005285326	WP_430476150	train
WP_012848405	WP_430476150	train
WP_116603325	WP_430476150	train
WP_047060003	WP_430476150	train
WP_205438287	WP_430476150	train
WP_029095051	WP_029095051	val
WP_275388902	WP_275388902	train
WP_434465835	WP_275388902	train
WP_238099736	WP_275388902	train
WP_434460336	WP_275388902	train
WP_434472344	WP_275388902	train
WP_275346895	WP_275388902	train
WP_275383166	WP_275388902	train
WP_038208563	WP_275388902	train
WP_274718923	WP_275388902	train
WP_038254792	WP_275388902	train
WP_238126452	WP_275388902	train
WP_274725330	WP_275388902	train
WP_274714293	WP_275388902	train
WP_038197567	WP_275388902	train
WP_275351969	WP_275388902	train
WP_038243097	WP_275388902	train
WP_038214901	WP_275388902	train
WP_275357589	WP_275388902	train
WP_275386882	WP_275388902	train
WP_012988731	WP_275388902	train
WP_274712852	WP_275388902	train
WP_273577883	WP_275388902	train
WP_275377811	WP_275388902	train
WP_038183221	WP_275388902	train
WP_275366359	WP_275388902	train
WP_254850555	WP_275388902	train
WP_274724003	WP_275388902	train
WP_275361363	WP_275388902	train
WP_038224847	WP_275388902	train
WP_258086406	WP_275388902	train
WP_434467212	WP_275388902	train
WP_283125166	WP_283125166	train
WP_336193183	WP_283125166	train
WP_140179542	WP_283125166	train
WP_272657937	WP_283125166	train
WP_369120815	WP_283125166	train
WP_154624947	WP_283125166	train
WP_272577989	WP_283125166	train
WP_250000444	WP_283125166	train
WP_369476155	WP_283125166	train
WP_421667338	WP_283125166	train
WP_070928114	WP_283125166	train
WP_369513390	WP_283125166	train
WP_368877393	WP_283125166	train
WP_369119163	WP_283125166	train
WP_154625761	WP_283125166	train
WP_040133195	WP_283125166	train
WP_458047823	WP_283125166	train
WP_350587016	WP_283125166	train
WP_318576085	WP_283125166	train
WP_154598918	WP_283125166	train
WP_350572690	WP_283125166	train
WP_004920164	WP_283125166	train
WP_272526281	WP_283125166	train
WP_036940356	WP_283125166	train
WP_196717784	WP_283125166	train
WP_432701498	WP_283125166	train
WP_206088976	WP_283125166	train
WP_473774719	WP_283125166	train
WP_171830558	WP_283125166	train
WP_228858856	WP_228858856	val
WP_099125944	WP_228858856	val
WP_099111892	WP_228858856	val
WP_340611508	WP_228858856	val
WP_099123133	WP_228858856	val
WP_228863124	WP_228858856	val
WP_426577421	WP_228858856	val
WP_086953241	WP_228858856	val
WP_446469118	WP_228858856	val
WP_214177186	WP_214177186	train
WP_153642326	WP_214177186	train
WP_318668099	WP_214177186	train
WP_105369902	WP_214177186	train
WP_230061228	WP_214177186	train
WP_369452595	WP_214177186	train
WP_434691288	WP_214177186	train
WP_274765229	WP_214177186	train
WP_484535142	WP_214177186	train
WP_434999611	WP_214177186	train
WP_214231669	WP_214177186	train
WP_107680258	WP_214177186	train
WP_214050926	WP_214177186	train
WP_214167359	WP_214177186	train
WP_349416584	WP_214177186	train
WP_108657634	WP_214177186	train
WP_163622936	WP_214177186	train
WP_064483088	WP_214177186	train
WP_214183307	WP_214177186	train
WP_262861972	WP_214177186	train
WP_318668978	WP_214177186	train
WP_486407901	WP_214177186	train
WP_371004556	WP_214177186	train
WP_024473153	WP_214177186	train
WP_476428356	WP_214177186	train
WP_484545735	WP_214177186	train
WP_141178214	WP_214177186	train
WP_446850640	WP_214177186	train
WP_004239222	WP_214177186	train
WP_283623780	WP_214177186	train
WP_186848665	WP_214177186	train
WP_262864705	WP_214177186	train
WP_218454103	WP_214177186	train
WP_341263670	WP_214177186	train
WP_284025443	WP_214177186	train
WP_392497023	WP_214177186	train
WP_052927652	WP_214177186	train
WP_025153127	WP_214177186	train
WP_046893610	WP_214177186	train
WP_435346845	WP_214177186	train
WP_274369554	WP_214177186	train
WP_166707921	WP_214177186	train
WP_420173566	WP_214177186	train
WP_214192875	WP_214177186	train
WP_349418062	WP_214177186	train
WP_152696218	WP_214177186	train
WP_483727690	WP_214177186	train
WP_182108183	WP_214177186	train
WP_341258921	WP_214177186	train
WP_126323792	WP_214177186	train
WP_214218625	WP_214177186	train
WP_341265194	WP_214177186	train
WP_354632747	WP_214177186	train
WP_214182449	WP_214177186	train
WP_234598714	WP_214177186	train
WP_214208881	WP_214177186	train
WP_214271390	WP_214177186	train
WP_349474948	WP_214177186	train
WP_368889289	WP_214177186	train
WP_337137276	WP_214177186	train
WP_101924088	WP_214177186	train
WP_072868826	WP_214177186	train
WP_435339419	WP_214177186	train
WP_186723891	WP_214177186	train
WP_039044872	WP_039044872	train
WP_435131219	WP_039044872	train
WP_215789647	WP_039044872	train
WP_152146978	WP_039044872	train
WP_340310190	WP_039044872	train
WP_152113748	WP_039044872	train
WP_112865786	WP_039044872	train
WP_106910526	WP_039044872	train
WP_215805596	WP_039044872	train
WP_207541734	WP_039044872	train
WP_084977449	WP_039044872	train
WP_152138971	WP_039044872	train
WP_010863937	WP_039044872	train
WP_047709099	WP_039044872	train
WP_311756499	WP_039044872	train
WP_219256990	WP_039044872	train
WP_152117839	WP_039044872	train
WP_152128287	WP_039044872	train
WP_438634964	WP_438634964	val
WP_438623417	WP_438634964	val
WP_438641372	WP_438634964	val
WP_438642120	WP_438634964	val
WP_479535809	WP_438634964	val
WP_439437089	WP_439437089	test
WP_077577265	WP_439437089	test
WP_077522466	WP_439437089	test
WP_069362601	WP_439437089	test
WP_077461047	WP_439437089	test
WP_077772752	WP_439437089	test
WP_074212904	WP_439437089	test
WP_077607940	WP_439437089	test
WP_077638948	WP_439437089	test
WP_486667725	WP_439437089	test
WP_077774155	WP_439437089	test
WP_077577951	WP_439437089	test
WP_077606340	WP_439437089	test
WP_486676197	WP_439437089	test
WP_025738670	WP_439437089	test
WP_487252625	WP_439437089	test
WP_077458903	WP_439437089	test
WP_077600424	WP_439437089	test
WP_269600310	WP_439437089	test
WP_116644638	WP_439437089	test
WP_152796746	WP_439437089	test
WP_269579741	WP_439437089	test
WP_077667140	WP_439437089	test
WP_077647074	WP_439437089	test
WP_025673753	WP_439437089	test
WP_269587595	WP_439437089	test
WP_021023936	WP_439437089	test
WP_046073425	WP_439437089	test
WP_077673992	WP_439437089	test
WP_077669351	WP_439437089	test
WP_077485747	WP_439437089	test
WP_166915807	WP_166915807	test
WP_054419580	WP_054419580	train
WP_481251768	WP_054419580	train
WP_049365479	WP_054419580	train
WP_111327993	WP_054419580	train
WP_418601654	WP_054419580	train
WP_014065398	WP_054419580	train
WP_111386084	WP_054419580	train
WP_197545554	WP_054419580	train
WP_126471339	WP_054419580	train
WP_288329035	WP_054419580	train
WP_049376413	WP_054419580	train
WP_111303999	WP_054419580	train
WP_308605269	WP_054419580	train
WP_480069198	WP_054419580	train
WP_197544549	WP_054419580	train
WP_284173654	WP_054419580	train
WP_295661900	WP_054419580	train
WP_049373435	WP_054419580	train
WP_197546710	WP_054419580	train
WP_070582428	WP_054419580	train
WP_197543327	WP_054419580	train
WP_075875467	WP_054419580	train
WP_294790267	WP_054419580	train
WP_070775880	WP_054419580	train
WP_111407023	WP_054419580	train
WP_070592066	WP_054419580	train
WP_197560439	WP_054419580	train
WP_115003713	WP_054419580	train
WP_302997784	WP_054419580	train
WP_197559420	WP_054419580	train
WP_197555609	WP_054419580	train
WP_049374518	WP_054419580	train
WP_308569848	WP_054419580	train
WP_193451911	WP_054419580	train
WP_288505985	WP_054419580	train
WP_049380835	WP_054419580	train
WP_049355717	WP_054419580	train
WP_070712941	WP_054419580	train
WP_480040917	WP_054419580	train
WP_295653217	WP_054419580	train
WP_295657057	WP_054419580	train
WP_480042547	WP_054419580	train
WP_075916987	WP_054419580	train
WP_265469513	WP_054419580	train
WP_149785870	WP_054419580	train
WP_370766191	WP_054419580	train
WP_197569778	WP_054419580	train
WP_295650492	WP_054419580	train
WP_065243278	WP_054419580	train
WP_197562432	WP_054419580	train
WP_049363504	WP_054419580	train
WP_290914849	WP_054419580	train
WP_111327220	WP_054419580	train
WP_455936163	WP_054419580	train
WP_308568906	WP_054419580	train
WP_049368751	WP_054419580	train
WP_115179403	WP_054419580	train
WP_102704409	WP_054419580	train
WP_178161146	WP_054419580	train
WP_285267548	WP_054419580	train
WP_294840401	WP_054419580	train
WP_371447674	WP_054419580	train
WP_295673507	WP_054419580	train
WP_302482037	WP_054419580	train
WP_070867864	WP_054419580	train
WP_289901776	WP_054419580	train
WP_295665404	WP_054419580	train
WP_197542049	WP_054419580	train
WP_111315878	WP_054419580	train
WP_371485642	WP_054419580	train
WP_481250454	WP_054419580	train
WP_288533739	WP_054419580	train
WP_204696987	WP_054419580	train
WP_005696133	WP_054419580	train
WP_193476051	WP_054419580	train
WP_308602389	WP_054419580	train
WP_065244695	WP_054419580	train
WP_308565955	WP_054419580	train
WP_005697517	WP_054419580	train
WP_065285255	WP_054419580	train
WP_314722366	WP_054419580	train
WP_095177151	WP_054419580	train
WP_295668321	WP_054419580	train
WP_178410578	WP_054419580	train
WP_485920228	WP_054419580	train
WP_115912804	WP_054419580	train
WP_049370965	WP_054419580	train
WP_485951727	WP_054419580	train
WP_049384125	WP_054419580	train
WP_295743527	WP_054419580	train
WP_197553776	WP_054419580	train
WP_290992821	WP_054419580	train
WP_161157959	WP_161157959	train
WP_109318062	WP_109318062	train
WP_065236723	WP_065236723	val
WP_382375739	WP_065236723	val
WP_271142225	WP_065236723	val
WP_065238482	WP_065236723	val
WP_065234127	WP_065236723	val
WP_423091512	WP_423091512	train
WP_330933150	WP_423091512	train
WP_423071551	WP_423091512	train
WP_423103601	WP_423091512	train
WP_423069880	WP_423091512	train
WP_423080555	WP_423091512	train
WP_194750654	WP_423091512	train
WP_423075703	WP_423091512	train
WP_423107496	WP_423091512	train
WP_423102591	WP_423091512	train
WP_423080406	WP_423091512	train
WP_423098841	WP_423091512	train
WP_416094009	WP_423091512	train
WP_423100028	WP_423091512	train
WP_103852906	WP_423091512	train
WP_126372579	WP_423091512	train
WP_423074185	WP_423091512	train
WP_423101576	WP_423091512	train
WP_265753804	WP_423091512	train
WP_423110586	WP_423091512	train
WP_423096302	WP_423091512	train
WP_423112976	WP_423091512	train
WP_103854905	WP_423091512	train
WP_423082454	WP_423091512	train
WP_416086114	WP_423091512	train
WP_416091327	WP_423091512	train
WP_423101063	WP_423091512	train
WP_115249548	WP_423091512	train
WP_423110263	WP_423091512	train
WP_423104471	WP_423091512	train
WP_423105807	WP_423091512	train
WP_423087609	WP_423091512	train
WP_416082439	WP_423091512	train
WP_416081008	WP_423091512	train
WP_423093548	WP_423091512	train
WP_265756817	WP_423091512	train
WP_423073692	WP_423091512	train
WP_423090564	WP_423091512	train
WP_423095011	WP_423091512	train
WP_423110783	WP_423091512	train
WP_423084484	WP_423091512	train
WP_250363043	WP_423091512	train
WP_395897742	WP_423091512	train
WP_250350219	WP_423091512	train
WP_265761899	WP_423091512	train
WP_265778171	WP_423091512	train
WP_008220403	WP_008220403	train
WP_347785868	WP_008220403	train
WP_347598333	WP_008220403	train
WP_347692163	WP_008220403	train
WP_110479206	WP_110479206	train
WP_130230351	WP_110479206	train
WP_411607545	WP_110479206	train
WP_264243705	WP_110479206	train
WP_410685972	WP_110479206	train
WP_410678633	WP_110479206	train
WP_264255413	WP_110479206	train
WP_194742921	WP_110479206	train
WP_410682116	WP_110479206	train
WP_035685089	WP_110479206	train
WP_046098886	WP_110479206	train
WP_410680424	WP_110479206	train
WP_017805692	WP_110479206	train
WP_411593373	WP_110479206	train
WP_086326350	WP_086326350	val
WP_144091230	WP_086326350	val
WP_086287530	WP_086326350	val
WP_464321115	WP_086326350	val
WP_086308290	WP_086326350	val
WP_065602538	WP_086326350	val
WP_267345732	WP_086326350	val
WP_086271728	WP_086326350	val
WP_267340790	WP_086326350	val
WP_025315708	WP_086326350	val
WP_267354924	WP_086326350	val
WP_411638339	WP_086326350	val
WP_110454743	WP_086326350	val
WP_411635250	WP_086326350	val
WP_065739032	WP_086326350	val
WP_334320336	WP_086326350	val
WP_198228257	WP_086326350	val
WP_084390011	WP_086326350	val
WP_334323460	WP_086326350	val
WP_300316944	WP_300316944	test
WP_126752783	WP_300316944	test
WP_053952853	WP_300316944	test
WP_058579440	WP_300316944	test
WP_100690478	WP_300316944	test
WP_129496177	WP_300316944	test
WP_303732331	WP_300316944	test
WP_088768552	WP_300316944	test
WP_289117256	WP_300316944	test
WP_290609313	WP_300316944	test
WP_065233073	WP_065233073	train
WP_039083418	WP_065233073	train
WP_039145862	WP_065233073	train
WP_416101748	WP_065233073	train
WP_065231332	WP_065233073	train
WP_302507355	WP_065233073	train
WP_285093428	WP_065233073	train
WP_416073771	WP_065233073	train
WP_039089898	WP_065233073	train
WP_039166606	WP_065233073	train
WP_264780301	WP_065233073	train
WP_039139011	WP_065233073	train
WP_335803652	WP_065233073	train
WP_039096786	WP_065233073	train
WP_094933751	WP_065233073	train
WP_416103626	WP_065233073	train
WP_458004209	WP_065233073	train
WP_018346637	WP_065233073	train
WP_013747230	WP_065233073	train
WP_039164285	WP_065233073	train
WP_285096775	WP_065233073	train
WP_039154270	WP_065233073	train
WP_335798180	WP_065233073	train
WP_021461512	WP_065233073	train
WP_039150646	WP_065233073	train
WP_039081779	WP_065233073	train
WP_039158618	WP_065233073	train
WP_094873402	WP_065233073	train
WP_039168906	WP_065233073	train
WP_039171518	WP_065233073	train
WP_039091086	WP_065233073	train
WP_335798984	WP_065233073	train
WP_335800800	WP_065233073	train
WP_039142357	WP_065233073	train
WP_039135930	WP_065233073	train
WP_039086764	WP_065233073	train
WP_416074342	WP_065233073	train
WP_034913033	WP_034913033	train
WP_065568515	WP_034913033	train
WP_297223712	WP_034913033	train
WP_091122281	WP_034913033	train
WP_065576090	WP_034913033	train
WP_085164036	WP_034913033	train
WP_065626735	WP_034913033	train
WP_296317823	WP_034913033	train
WP_065607233	WP_034913033	train
WP_065575537	WP_034913033	train
WP_065590973	WP_034913033	train
WP_174798295	WP_034913033	train
WP_296300635	WP_034913033	train
WP_065609511	WP_034913033	train
WP_411591906	WP_034913033	train
WP_411588747	WP_034913033	train
WP_296207439	WP_034913033	train
WP_296301601	WP_034913033	train
WP_160425100	WP_034913033	train
WP_160412175	WP_034913033	train
WP_160409088	WP_034913033	train
WP_160399715	WP_034913033	train
WP_167421134	WP_167421134	val
WP_053410785	WP_167421134	val
WP_053393786	WP_167421134	val
WP_282177002	WP_167421134	val
WP_257083533	WP_167421134	val
WP_075709123	WP_167421134	val
WP_123782457	WP_167421134	val
WP_194435882	WP_167421134	val
WP_075648040	WP_167421134	val
WP_114765333	WP_167421134	val
WP_265689406	WP_265689406	test
WP_457524337	WP_265689406	test
WP_252030249	WP_265689406	test
WP_454453780	WP_454453780	train
WP_454446524	WP_454453780	train
WP_157403180	WP_454453780	train
WP_454444582	WP_454453780	train
WP_454452330	WP_454453780	train
WP_454450175	WP_454453780	train
WP_454463085	WP_454453780	train
WP_457409911	WP_454453780	train
WP_454462524	WP_454453780	train
WP_157393781	WP_454453780	train
WP_290522194	WP_290522194	val
WP_376922761	WP_290522194	val
WP_454905757	WP_290522194	val
WP_485861982	WP_290522194	val
WP_209362392	WP_290522194	val
WP_479744408	WP_290522194	val
WP_454901847	WP_290522194	val
WP_021616225	WP_290522194	val
WP_297929381	WP_290522194	val
WP_295975833	WP_290522194	val
WP_485860550	WP_290522194	val
WP_094038640	WP_094038640	train
WP_446836400	WP_094038640	train
WP_445398139	WP_094038640	train
WP_096779450	WP_094038640	train
WP_112404554	WP_112404554	val
WP_237291802	WP_112404554	val
WP_102986055	WP_112404554	val
WP_102952987	WP_112404554	val
WP_167412703	WP_112404554	val
WP_416919035	WP_112404554	val
WP_042481986	WP_112404554	val
WP_188232958	WP_112404554	val
WP_102967848	WP_112404554	val
WP_463597004	WP_112404554	val
WP_171137697	WP_112404554	val
WP_165311685	WP_112404554	val
WP_102963514	WP_112404554	val
WP_457510709	WP_112404554	val
WP_413111386	WP_413111386	val
WP_130252650	WP_130252650	train
WP_446302885	WP_130252650	train
WP_095430189	WP_130252650	train
WP_080538554	WP_130252650	train
WP_434078890	WP_130252650	train
WP_045595170	WP_130252650	train
WP_243301300	WP_130252650	train
WP_130198802	WP_130252650	train
WP_080540955	WP_130252650	train
WP_017790186	WP_130252650	train
WP_130200469	WP_130252650	train
WP_238834469	WP_130252650	train
WP_347367136	WP_130252650	train
WP_188011908	WP_130252650	train
WP_332160550	WP_130252650	train
WP_017421991	WP_130252650	train
WP_130350316	WP_130252650	train
WP_060531150	WP_130252650	train
WP_225463695	WP_130252650	train
WP_446321860	WP_130252650	train
WP_080526657	WP_130252650	train
WP_238818305	WP_130252650	train
WP_438045709	WP_130252650	train
WP_130349851	WP_130252650	train
WP_446292614	WP_130252650	train
WP_131069717	WP_130252650	train
WP_103189440	WP_130252650	train
WP_118893491	WP_130252650	train
WP_011080010	WP_130252650	train
WP_225464543	WP_130252650	train
WP_373042854	WP_130252650	train
WP_237286519	WP_130252650	train
WP_446320256	WP_130252650	train
WP_103163756	WP_130252650	train
WP_240114127	WP_130252650	train
WP_225456707	WP_130252650	train
WP_176298540	WP_130252650	train
WP_310948577	WP_130252650	train
WP_039446508	WP_130252650	train
WP_158105072	WP_130252650	train
WP_080536449	WP_130252650	train
WP_047109379	WP_130252650	train
WP_128824647	WP_130252650	train
WP_157401597	WP_130252650	train
WP_085761214	WP_130252650	train
WP_206638447	WP_130252650	train
WP_046027573	WP_130252650	train
WP_238813508	WP_130252650	train
WP_130242427	WP_130252650	train
WP_101958838	WP_130252650	train
WP_225449657	WP_130252650	train
WP_072603524	WP_130252650	train
WP_446318767	WP_130252650	train
WP_045620526	WP_130252650	train
WP_011150808	WP_130252650	train
WP_310956089	WP_130252650	train
WP_182289459	WP_130252650	train
WP_130309354	WP_130252650	train
WP_238826484	WP_130252650	train
WP_185891604	WP_130252650	train
WP_206636777	WP_130252650	train
WP_045621564	WP_130252650	train
WP_224657155	WP_130252650	train
WP_058667092	WP_130252650	train
WP_108676880	WP_130252650	train
WP_045628896	WP_130252650	train
WP_080609048	WP_130252650	train
WP_038939790	WP_130252650	train
WP_457874372	WP_130252650	train
WP_103185104	WP_130252650	train
WP_045590468	WP_130252650	train
WP_188047825	WP_130252650	train
WP_337837286	WP_130252650	train
WP_013571404	WP_130252650	train
WP_284159089	WP_130252650	train
WP_438047777	WP_130252650	train
WP_061058768	WP_130252650	train
WP_296299425	WP_296299425	train
WP_260656695	WP_296299425	train
WP_306523859	WP_296299425	train
WP_105025272	WP_105025272	train
WP_176680145	WP_105025272	train
WP_239830212	WP_105025272	train
WP_372125575	WP_105025272	train
WP_261884633	WP_105025272	train
WP_239848776	WP_105025272	train
WP_243583406	WP_105025272	train
WP_108186041	WP_105025272	train
WP_004736442	WP_105025272	train
WP_260256812	WP_105025272	train
WP_243578901	WP_105025272	train
WP_102450267	WP_105025272	train
WP_114633777	WP_105025272	train
WP_108189383	WP_105025272	train
WP_145565068	WP_105025272	train
WP_017076459	WP_105025272	train
WP_102557367	WP_105025272	train
WP_479274550	WP_105025272	train
WP_104214509	WP_105025272	train
WP_280541093	WP_105025272	train
WP_479303538	WP_105025272	train
WP_372266936	WP_105025272	train
WP_479306449	WP_105025272	train
WP_137372472	WP_105025272	train
WP_017104280	WP_105025272	train
WP_479298379	WP_105025272	train
WP_479302197	WP_105025272	train
WP_017085853	WP_105025272	train
WP_256798994	WP_105025272	train
WP_102462441	WP_105025272	train
WP_280603846	WP_105025272	train
WP_479301300	WP_105025272	train
WP_231900159	WP_105025272	train
WP_429768139	WP_105025272	train
WP_372337392	WP_105025272	train
WP_135454582	WP_105025272	train
WP_428812099	WP_105025272	train
WP_076668922	WP_105025272	train
WP_229633102	WP_105025272	train
WP_065103257	WP_105025272	train
WP_435247305	WP_105025272	train
WP_394248352	WP_105025272	train
WP_099165379	WP_105025272	train
WP_454442193	WP_105025272	train
WP_137357831	WP_105025272	train
WP_060467399	WP_105025272	train
WP_161752218	WP_105025272	train
WP_102507515	WP_105025272	train
WP_136979171	WP_105025272	train
WP_017055037	WP_105025272	train
WP_373938462	WP_105025272	train
WP_017062103	WP_105025272	train
WP_248336861	WP_105025272	train
WP_260809197	WP_105025272	train
WP_086713702	WP_105025272	train
WP_372383986	WP_105025272	train
WP_102546019	WP_105025272	train
WP_422488762	WP_105025272	train
WP_102460946	WP_105025272	train
WP_371707373	WP_105025272	train
WP_009846346	WP_105025272	train
WP_102257367	WP_105025272	train
WP_012603610	WP_105025272	train
WP_428757622	WP_105025272	train
WP_446575717	WP_105025272	train
WP_372068400	WP_105025272	train
WP_331440419	WP_105025272	train
WP_261903876	WP_105025272	train
WP_032549444	WP_105025272	train
WP_408694198	WP_105025272	train
WP_261883120	WP_105025272	train
WP_152468460	WP_105025272	train
WP_239840593	WP_105025272	train
WP_255231007	WP_105025272	train
WP_150895166	WP_105025272	train
WP_479260026	WP_105025272	train
WP_054547284	WP_105025272	train
WP_076679013	WP_105025272	train
WP_102442063	WP_105025272	train
WP_146450026	WP_105025272	train
WP_136978342	WP_105025272	train
WP_261837595	WP_105025272	train
WP_429748569	WP_105025272	train
WP_372091034	WP_105025272	train
WP_019820987	WP_105025272	train
WP_192889030	WP_105025272	train
WP_372136903	WP_105025272	train
WP_136982376	WP_105025272	train
WP_171366646	WP_105025272	train
WP_102423566	WP_105025272	train
WP_060982350	WP_105025272	train
WP_061018455	WP_105025272	train
WP_102278146	WP_105025272	train
WP_428781287	WP_105025272	train
WP_372103110	WP_105025272	train
WP_102290993	WP_105025272	train
WP_171308501	WP_105025272	train
WP_399694242	WP_105025272	train
WP_102498535	WP_105025272	train
WP_004737437	WP_105025272	train
WP_373942746	WP_105025272	train
WP_061034216	WP_105025272	train
WP_248369014	WP_105025272	train
WP_132743020	WP_105025272	train
WP_102464236	WP_105025272	train
WP_372156476	WP_105025272	train
WP_048616259	WP_105025272	train
WP_050648553	WP_105025272	train
WP_048607325	WP_105025272	train
WP_048612738	WP_105025272	train
WP_372256811	WP_105025272	train
WP_132970232	WP_105025272	train
WP_161678035	WP_105025272	train
WP_372102508	WP_105025272	train
WP_439146646	WP_105025272	train
WP_327783670	WP_105025272	train
WP_132968248	WP_105025272	train
WP_065101189	WP_105025272	train
WP_102360722	WP_105025272	train
WP_016768417	WP_105025272	train
WP_371713349	WP_105025272	train
WP_239961530	WP_105025272	train
WP_371720702	WP_105025272	train
WP_076650506	WP_105025272	train
WP_286293329	WP_105025272	train
WP_239831387	WP_105025272	train
WP_122053527	WP_105025272	train
WP_304569100	WP_105025272	train
WP_239930953	WP_105025272	train
WP_102286573	WP_105025272	train
WP_102567186	WP_105025272	train
WP_285402179	WP_105025272	train
WP_046222745	WP_105025272	train
WP_372101103	WP_105025272	train
WP_135383952	WP_105025272	train
WP_055319754	WP_105025272	train
WP_171732047	WP_105025272	train
WP_102434760	WP_105025272	train
WP_372116430	WP_105025272	train
WP_017111054	WP_105025272	train
WP_479255062	WP_105025272	train
WP_086049111	WP_105025272	train
WP_372109830	WP_105025272	train
WP_372147965	WP_105025272	train
WP_239918183	WP_105025272	train
WP_171733802	WP_105025272	train
WP_280554731	WP_105025272	train
WP_161685961	WP_105025272	train
WP_471632570	WP_105025272	train
WP_137001135	WP_105025272	train
WP_102398105	WP_105025272	train
WP_372108529	WP_105025272	train
WP_229647100	WP_105025272	train
WP_123309859	WP_105025272	train
WP_372170173	WP_105025272	train
WP_213865095	WP_105025272	train
WP_434565997	WP_105025272	train
WP_171730697	WP_105025272	train
WP_137033569	WP_105025272	train
WP_299687938	WP_105025272	train
WP_268671398	WP_105025272	train
WP_265973614	WP_105025272	train
WP_233893193	WP_105025272	train
WP_063524019	WP_105025272	train
WP_135380547	WP_105025272	train
WP_017099940	WP_105025272	train
WP_372073684	WP_105025272	train
WP_050643790	WP_105025272	train
WP_372164182	WP_105025272	train
WP_137007604	WP_105025272	train
WP_102455593	WP_105025272	train
WP_102571643	WP_105025272	train
WP_086775874	WP_105025272	train
WP_071463514	WP_071463514	train
WP_348660645	WP_071463514	train
WP_110572210	WP_071463514	train
WP_006955122	WP_071463514	train
WP_286681698	WP_071463514	train
WP_370215111	WP_071463514	train
WP_290613588	WP_071463514	train
WP_370259845	WP_071463514	train
WP_377247044	WP_377247044	val
WP_430455995	WP_377247044	val
WP_348734574	WP_377247044	val
WP_031571001	WP_377247044	val
WP_486368828	WP_377247044	val
WP_042041488	WP_042041488	test
WP_392443244	WP_042041488	test
WP_408788633	WP_042041488	test
WP_041999769	WP_042041488	test
WP_408772249	WP_042041488	test
WP_436467468	WP_042041488	test
WP_111874877	WP_042041488	test
WP_427260508	WP_042041488	test
WP_456689955	WP_042041488	test
WP_408746968	WP_042041488	test
WP_005899117	WP_042041488	test
WP_408796392	WP_042041488	test
WP_412779720	WP_412779720	train
WP_058628274	WP_412779720	train
WP_368165703	WP_412779720	train
WP_060585055	WP_412779720	train
WP_367580138	WP_412779720	train
WP_136613231	WP_412779720	train
WP_368164923	WP_412779720	train
WP_043597838	WP_412779720	train
WP_224162592	WP_412779720	train
WP_116632072	WP_116632072	test
WP_434996687	WP_434996687	val
WP_006712555	WP_434996687	val
WP_009384973	WP_434996687	val
WP_065430669	WP_434996687	val
WP_065545156	WP_434996687	val
WP_005600147	WP_434996687	val
WP_040991531	WP_434996687	val
WP_406734035	WP_434996687	val
WP_173244486	WP_173244486	train
WP_432307163	WP_173244486	train
WP_311905717	WP_173244486	train
WP_259520276	WP_173244486	train
WP_311899633	WP_173244486	train
WP_248991185	WP_173244486	train
WP_115334458	WP_173244486	train
WP_432334805	WP_173244486	train
WP_263179586	WP_173244486	train
WP_259482232	WP_173244486	train
WP_432324748	WP_173244486	train
WP_259578851	WP_173244486	train
WP_259541664	WP_173244486	train
WP_076499651	WP_173244486	train
WP_259503941	WP_173244486	train
WP_263199623	WP_173244486	train
WP_347097401	WP_173244486	train
WP_220774504	WP_173244486	train
WP_455349331	WP_173244486	train
WP_263256214	WP_173244486	train
WP_413495084	WP_173244486	train
WP_011919438	WP_173244486	train
WP_006081959	WP_173244486	train
WP_342901051	WP_173244486	train
WP_413484954	WP_173244486	train
WP_311890331	WP_173244486	train
WP_115014471	WP_173244486	train
WP_393942648	WP_173244486	train
WP_011789092	WP_173244486	train
WP_071939357	WP_173244486	train
WP_432329531	WP_173244486	train
WP_311999663	WP_173244486	train
WP_259510514	WP_173244486	train
WP_106650740	WP_173244486	train
WP_011847016	WP_173244486	train
WP_263211603	WP_173244486	train
WP_115405835	WP_173244486	train
WP_220777955	WP_173244486	train
WP_253987701	WP_173244486	train
WP_263138532	WP_173244486	train
WP_014610724	WP_173244486	train
WP_432394725	WP_173244486	train
WP_007647546	WP_173244486	train
WP_413473163	WP_173244486	train
WP_198780192	WP_173244486	train
WP_311990637	WP_173244486	train
WP_427748931	WP_173244486	train
WP_297897015	WP_173244486	train
WP_113940531	WP_173244486	train
WP_432356227	WP_173244486	train
WP_198572323	WP_173244486	train
WP_293628975	WP_173244486	train
WP_263207844	WP_173244486	train
WP_261762805	WP_173244486	train
WP_432360494	WP_173244486	train
WP_432312028	WP_173244486	train
WP_063884191	WP_173244486	train
WP_061783429	WP_173244486	train
WP_046003777	WP_046003777	val
WP_239393183	WP_046003777	val
WP_253046281	WP_046003777	val
WP_130244372	WP_046003777	val
WP_138551287	WP_046003777	val
WP_125718905	WP_046003777	val
WP_049864193	WP_046003777	val
WP_125564027	WP_046003777	val
WP_125782014	WP_046003777	val
WP_475197568	WP_046003777	val
WP_010381554	WP_046003777	val
WP_138546781	WP_046003777	val
WP_209052068	WP_046003777	val
WP_235411755	WP_046003777	val
WP_326384815	WP_046003777	val
WP_054016853	WP_046003777	val
WP_406663191	WP_406663191	test
WP_107304653	WP_107304653	val
WP_232600030	WP_107304653	val
WP_256382997	WP_107304653	val
WP_107275391	WP_107304653	val
WP_232574851	WP_107304653	val
WP_221942658	WP_107304653	val
WP_232568068	WP_107304653	val
WP_327768756	WP_107304653	val
WP_394165400	WP_107304653	val
WP_065194451	WP_107304653	val
WP_107211598	WP_107304653	val
WP_087819464	WP_107304653	val
WP_036795343	WP_107304653	val
WP_327765900	WP_107304653	val
WP_045041611	WP_107304653	val
WP_045026640	WP_107304653	val
WP_232602383	WP_107304653	val
WP_327770604	WP_107304653	val
WP_065192738	WP_107304653	val
WP_232610255	WP_107304653	val
WP_045035653	WP_107304653	val
WP_107198744	WP_107304653	val
WP_152652865	WP_107304653	val
WP_232613282	WP_107304653	val
WP_080173130	WP_107304653	val
WP_101767081	WP_107304653	val
WP_105026682	WP_107304653	val
WP_087843909	WP_107304653	val
WP_107239282	WP_107304653	val
WP_413516648	WP_107304653	val
WP_327761608	WP_107304653	val
WP_065189931	WP_107304653	val
WP_080156753	WP_107304653	val
WP_232573069	WP_107304653	val
WP_065173851	WP_107304653	val
WP_232606133	WP_107304653	val
WP_107189234	WP_107304653	val
WP_297475097	WP_107304653	val
WP_300929515	WP_300929515	val
WP_046519309	WP_300929515	val
WP_264346406	WP_300929515	val
WP_233077890	WP_300929515	val
WP_233006781	WP_300929515	val
WP_127021836	WP_300929515	val
WP_288740039	WP_300929515	val
WP_310273957	WP_300929515	val
WP_008898159	WP_300929515	val
WP_127684563	WP_300929515	val
WP_457906362	WP_300929515	val
WP_300996818	WP_300929515	val
WP_349586981	WP_349586981	test
WP_474851379	WP_349586981	test
WP_119501530	WP_349586981	test
WP_303574804	WP_349586981	test
WP_474844328	WP_349586981	test
WP_474881694	WP_349586981	test
WP_237465172	WP_237465172	val
WP_248970641	WP_248970641	test
WP_432399764	WP_248970641	test
WP_445773714	WP_248970641	test
WP_418357101	WP_248970641	test
WP_238103351	WP_248970641	test
WP_188741091	WP_248970641	test
WP_188920459	WP_248970641	test
WP_188925450	WP_248970641	test
WP_160056509	WP_248970641	test
WP_424532009	WP_248970641	test
WP_223418070	WP_248970641	test
WP_160793573	WP_160793573	test
WP_239872090	WP_160793573	test
WP_249253772	WP_160793573	test
WP_428636777	WP_160793573	test
WP_239884415	WP_160793573	test
WP_239850836	WP_160793573	test
WP_248977314	WP_160793573	test
WP_220042650	WP_160793573	test
WP_041511027	WP_160793573	test
WP_239879030	WP_160793573	test
WP_220081129	WP_160793573	test
WP_239897159	WP_160793573	test
WP_281213729	WP_160793573	test
WP_088904455	WP_160793573	test
WP_039232450	WP_039232450	train
WP_076026132	WP_039232450	train
WP_101564297	WP_039232450	train
WP_202265245	WP_039232450	train
WP_118495226	WP_039232450	train
WP_485165230	WP_039232450	train
WP_474856026	WP_039232450	train
WP_131095821	WP_039232450	train
WP_346993677	WP_039232450	train
WP_427270096	WP_039232450	train
WP_159117354	WP_039232450	train
WP_156078250	WP_039232450	train
WP_239220231	WP_039232450	train
WP_476080711	WP_039232450	train
WP_342324852	WP_039232450	train
WP_334058133	WP_039232450	train
WP_044056878	WP_039232450	train
WP_474831248	WP_039232450	train
WP_474376792	WP_039232450	train
WP_069944149	WP_039232450	train
WP_287149840	WP_039232450	train
WP_071959075	WP_039232450	train
WP_198815481	WP_039232450	train
WP_071814525	WP_039232450	train
WP_039229698	WP_039232450	train
WP_061094840	WP_039232450	train
WP_202942410	WP_039232450	train
WP_342286670	WP_039232450	train
WP_239244445	WP_039232450	train
WP_474368434	WP_039232450	train
WP_179983129	WP_039232450	train
WP_474872768	WP_039232450	train
WP_334036976	WP_039232450	train
WP_474370281	WP_039232450	train
WP_214996524	WP_039232450	train
WP_187447402	WP_039232450	train
WP_020744912	WP_039232450	train
WP_039223928	WP_039232450	train
WP_487127958	WP_039232450	train
WP_474807291	WP_039232450	train
WP_461850962	WP_039232450	train
WP_014979097	WP_039232450	train
WP_479382951	WP_039232450	train
WP_274743209	WP_039232450	train
WP_156086294	WP_039232450	train
WP_318487073	WP_039232450	train
WP_105931029	WP_039232450	train
WP_071951346	WP_039232450	train
WP_049589114	WP_039232450	train
WP_020743415	WP_039232450	train
WP_333969902	WP_039232450	train
WP_014976305	WP_039232450	train
WP_334018405	WP_039232450	train
WP_075176410	WP_039232450	train
WP_476073279	WP_039232450	train
WP_476054312	WP_039232450	train
WP_412727522	WP_039232450	train
WP_474808477	WP_039232450	train
WP_423077887	WP_039232450	train
WP_141153834	WP_039232450	train
WP_334015173	WP_039232450	train
WP_474377388	WP_039232450	train
WP_394220625	WP_039232450	train
WP_370137412	WP_039232450	train
WP_281715271	WP_039232450	train
WP_483952550	WP_039232450	train
WP_269916400	WP_039232450	train
WP_472996299	WP_039232450	train
WP_131136191	WP_039232450	train
WP_196897096	WP_039232450	train
WP_390375023	WP_039232450	train
WP_342312926	WP_039232450	train
WP_458726704	WP_039232450	train
WP_334047944	WP_039232450	train
WP_136781250	WP_039232450	train
WP_014949190	WP_039232450	train
WP_171338640	WP_039232450	train
WP_342317518	WP_039232450	train
WP_235061946	WP_235061946	val
WP_314879207	WP_314879207	train
WP_040216033	WP_314879207	train
WP_288320293	WP_314879207	train
WP_226395962	WP_314879207	train
WP_311418259	WP_314879207	train
WP_005709862	WP_314879207	train
WP_111313148	WP_314879207	train
WP_485966101	WP_314879207	train
WP_455012105	WP_314879207	train
WP_485949406	WP_314879207	train
WP_304109177	WP_314879207	train
WP_485953799	WP_314879207	train
WP_314344380	WP_314879207	train
WP_111353240	WP_314879207	train
WP_463676628	WP_314879207	train
WP_316448079	WP_314879207	train
WP_455483143	WP_314879207	train
WP_005706314	WP_314879207	train
WP_125253848	WP_125253848	test
WP_128729901	WP_125253848	test
WP_252095475	WP_125253848	test
WP_147389274	WP_125253848	test
WP_340070315	WP_125253848	test
WP_099641954	WP_125253848	test
WP_176031853	WP_125253848	test
WP_111913811	WP_111913811	val
WP_303503769	WP_303503769	val
WP_065108325	WP_303503769	val
WP_372000748	WP_303503769	val
WP_102476127	WP_303503769	val
WP_153913718	WP_303503769	val
WP_473679184	WP_303503769	val
WP_102528353	WP_303503769	val
WP_211028151	WP_303503769	val
WP_248983012	WP_303503769	val
WP_220755010	WP_303503769	val
WP_303446833	WP_303503769	val
WP_102531525	WP_303503769	val
WP_119968339	WP_303503769	val
WP_303516531	WP_303503769	val
WP_076536844	WP_303503769	val
WP_299574736	WP_303503769	val
WP_102440494	WP_303503769	val
WP_372005234	WP_303503769	val
WP_110074842	WP_110074842	test
WP_431667667	WP_110074842	test
WP_369743662	WP_110074842	test
WP_153825814	WP_110074842	test
WP_313932458	WP_110074842	test
WP_486756281	WP_110074842	test
WP_042318669	WP_042318669	train
WP_414238619	WP_042318669	train
WP_354651774	WP_042318669	train
WP_181669845	WP_042318669	train
WP_181671744	WP_042318669	train
WP_338341039	WP_042318669	train
WP_105283921	WP_042318669	train
WP_437153020	WP_042318669	train
WP_023207743	WP_042318669	train
WP_247258414	WP_042318669	train
WP_097358914	WP_042318669	train
WP_097368766	WP_042318669	train
WP_286109601	WP_042318669	train
WP_119002544	WP_042318669	train
WP_108615292	WP_042318669	train
WP_079984900	WP_042318669	train
WP_281920841	WP_042318669	train
WP_260403018	WP_042318669	train
WP_079950240	WP_042318669	train
WP_255121227	WP_042318669	train
WP_117148380	WP_042318669	train
WP_079958367	WP_042318669	train
WP_135420082	WP_042318669	train
WP_476655878	WP_042318669	train
WP_281778208	WP_042318669	train
WP_281900944	WP_042318669	train
WP_318759247	WP_042318669	train
WP_139778859	WP_042318669	train
WP_079970671	WP_042318669	train
WP_080154630	WP_042318669	train
WP_080103546	WP_042318669	train
WP_080076041	WP_042318669	train
WP_080189727	WP_042318669	train
WP_080036105	WP_042318669	train
WP_119505506	WP_042318669	train
WP_079937382	WP_042318669	train
WP_121584712	WP_042318669	train
WP_416707592	WP_042318669	train
WP_204192555	WP_042318669	train
WP_042308078	WP_042318669	train
WP_454730499	WP_042318669	train
WP_045443510	WP_042318669	train
WP_137350289	WP_042318669	train
WP_372363552	WP_042318669	train
WP_106107954	WP_042318669	train
WP_423060403	WP_042318669	train
WP_200006295	WP_042318669	train
WP_407599373	WP_042318669	train
WP_196004664	WP_042318669	train
WP_199998818	WP_042318669	train
WP_447214746	WP_042318669	train
WP_208744249	WP_042318669	train
WP_336240261	WP_042318669	train
WP_210958958	WP_042318669	train
WP_286611123	WP_042318669	train
WP_212025606	WP_042318669	train
WP_407197878	WP_042318669	train
WP_137381719	WP_042318669	train
WP_149618107	WP_042318669	train
WP_148361912	WP_042318669	train
WP_417632973	WP_042318669	train
WP_448842765	WP_042318669	train
WP_447571015	WP_042318669	train
WP_436537488	WP_042318669	train
WP_115489471	WP_042318669	train
WP_396527306	WP_042318669	train
WP_149691972	WP_042318669	train
WP_257749251	WP_042318669	train
WP_048211498	WP_042318669	train
WP_211924318	WP_042318669	train
WP_148977852	WP_042318669	train
WP_128611638	WP_042318669	train
WP_192465158	WP_042318669	train
WP_220708630	WP_042318669	train
WP_213730726	WP_042318669	train
WP_124021161	WP_042318669	train
WP_326925441	WP_042318669	train
WP_046155113	WP_042318669	train
WP_142972508	WP_042318669	train
WP_194210844	WP_042318669	train
WP_149281022	WP_042318669	train
WP_121540120	WP_042318669	train
WP_286520757	WP_042318669	train
WP_204529194	WP_042318669	train
WP_101742284	WP_042318669	train
WP_448890375	WP_042318669	train
WP_252655081	WP_042318669	train
WP_370607315	WP_042318669	train
WP_149607726	WP_042318669	train
WP_175330318	WP_042318669	train
WP_332067267	WP_042318669	train
WP_250010644	WP_042318669	train
WP_325757801	WP_042318669	train
WP_332067798	WP_042318669	train
WP_213706317	WP_042318669	train
WP_354649407	WP_042318669	train
WP_407198658	WP_042318669	train
WP_087878850	WP_042318669	train
WP_354647270	WP_042318669	train
WP_048224009	WP_042318669	train
WP_413595485	WP_042318669	train
WP_394951840	WP_042318669	train
WP_319857187	WP_042318669	train
WP_115601976	WP_042318669	train
WP_003833325	WP_042318669	train
WP_241176380	WP_042318669	train
WP_335282849	WP_042318669	train
WP_221666617	WP_042318669	train
WP_275258043	WP_042318669	train
WP_040233192	WP_042318669	train
WP_436330042	WP_042318669	train
WP_048240953	WP_042318669	train
WP_267445512	WP_042318669	train
WP_115455073	WP_042318669	train
WP_162648757	WP_042318669	train
WP_079223964	WP_042318669	train
WP_394946267	WP_042318669	train
WP_096890262	WP_042318669	train
WP_138828579	WP_042318669	train
WP_334258673	WP_042318669	train
WP_352488241	WP_042318669	train
WP_304699028	WP_042318669	train
WP_192468599	WP_042318669	train
WP_003020611	WP_042318669	train
WP_191605971	WP_042318669	train
WP_267453870	WP_042318669	train
WP_286552680	WP_042318669	train
WP_126317895	WP_042318669	train
WP_373885933	WP_042318669	train
WP_151532657	WP_042318669	train
WP_337084296	WP_042318669	train
WP_462983646	WP_042318669	train
WP_271450384	WP_042318669	train
WP_313850968	WP_042318669	train
WP_220758343	WP_042318669	train
WP_200100501	WP_042318669	train
WP_323527560	WP_042318669	train
WP_286626466	WP_042318669	train
WP_003840713	WP_042318669	train
WP_336227625	WP_042318669	train
WP_265640476	WP_042318669	train
WP_476580300	WP_042318669	train
WP_286576855	WP_042318669	train
WP_264859744	WP_042318669	train
WP_115643338	WP_042318669	train
WP_253686520	WP_042318669	train
WP_462566654	WP_042318669	train
WP_016150334	WP_042318669	train
WP_410734765	WP_042318669	train
WP_332079860	WP_042318669	train
WP_271440939	WP_042318669	train
WP_418229397	WP_042318669	train
WP_137348538	WP_042318669	train
WP_230131586	WP_042318669	train
WP_199969493	WP_042318669	train
WP_172742905	WP_042318669	train
WP_407207477	WP_042318669	train
WP_407201544	WP_042318669	train
WP_313848772	WP_042318669	train
WP_323536231	WP_042318669	train
WP_407205291	WP_042318669	train
WP_061068007	WP_042318669	train
WP_218659207	WP_042318669	train
WP_267457723	WP_042318669	train
WP_275378233	WP_042318669	train
WP_474042608	WP_042318669	train
WP_309470346	WP_042318669	train
WP_338457356	WP_042318669	train
WP_317679932	WP_042318669	train
WP_198579226	WP_042318669	train
WP_367144490	WP_042318669	train
WP_442341155	WP_042318669	train
WP_123267308	WP_042318669	train
WP_116359990	WP_042318669	train
WP_420269711	WP_042318669	train
WP_352439117	WP_042318669	train
WP_204551748	WP_042318669	train
WP_369706971	WP_042318669	train
WP_062934600	WP_042318669	train
WP_021240303	WP_042318669	train
WP_320737019	WP_042318669	train
WP_220425792	WP_042318669	train
WP_234649576	WP_042318669	train
WP_316941990	WP_042318669	train
WP_137047942	WP_042318669	train
WP_458661186	WP_042318669	train
WP_058659591	WP_042318669	train
WP_248099531	WP_042318669	train
WP_333016739	WP_042318669	train
WP_063866559	WP_042318669	train
WP_420984756	WP_042318669	train
WP_439162553	WP_042318669	train
WP_435077131	WP_042318669	train
WP_112778289	WP_042318669	train
WP_256044392	WP_042318669	train
WP_013096367	WP_042318669	train
WP_435342520	WP_042318669	train
WP_463696801	WP_042318669	train
WP_148390602	WP_042318669	train
WP_479416325	WP_042318669	train
WP_028018800	WP_042318669	train
WP_130027194	WP_042318669	train
WP_410384770	WP_042318669	train
WP_237423014	WP_042318669	train
WP_181216005	WP_042318669	train
WP_058658124	WP_042318669	train
WP_150391106	WP_042318669	train
WP_248226540	WP_042318669	train
WP_482451277	WP_042318669	train
WP_202783613	WP_042318669	train
WP_416136611	WP_042318669	train
WP_236330059	WP_042318669	train
WP_097535810	WP_042318669	train
WP_262788983	WP_042318669	train
WP_232945616	WP_042318669	train
WP_014070501	WP_042318669	train
WP_045333127	WP_042318669	train
WP_133294573	WP_042318669	train
WP_003856806	WP_042318669	train
WP_049006900	WP_042318669	train
WP_063409342	WP_042318669	train
WP_301233964	WP_042318669	train
WP_370964659	WP_042318669	train
WP_160890453	WP_042318669	train
WP_209337573	WP_042318669	train
WP_176610160	WP_042318669	train
WP_259384511	WP_042318669	train
WP_369395891	WP_042318669	train
WP_171935796	WP_042318669	train
WP_369396685	WP_042318669	train
WP_317578587	WP_042318669	train
WP_246916665	WP_042318669	train
WP_108453044	WP_042318669	train
WP_369706222	WP_042318669	train
WP_395312952	WP_042318669	train
WP_320736601	WP_042318669	train
WP_070533075	WP_042318669	train
WP_059360019	WP_042318669	train
WP_047955699	WP_042318669	train
WP_407820448	WP_042318669	train
WP_251884567	WP_042318669	train
WP_049012134	WP_042318669	train
WP_045355889	WP_042318669	train
WP_426728944	WP_042318669	train
WP_315685916	WP_042318669	train
WP_301509199	WP_042318669	train
WP_250116397	WP_042318669	train
WP_119937723	WP_042318669	train
WP_310816003	WP_042318669	train
WP_217186601	WP_042318669	train
WP_194516253	WP_042318669	train
WP_063453197	WP_042318669	train
WP_334400484	WP_042318669	train
WP_348597469	WP_042318669	train
WP_248260792	WP_042318669	train
WP_328737605	WP_042318669	train
WP_217073083	WP_042318669	train
WP_464354574	WP_042318669	train
WP_089600608	WP_042318669	train
WP_220424043	WP_042318669	train
WP_333537619	WP_042318669	train
WP_062938831	WP_042318669	train
WP_350361331	WP_042318669	train
WP_446493275	WP_042318669	train
WP_350363912	WP_042318669	train
WP_332944434	WP_042318669	train
WP_023300259	WP_042318669	train
WP_058684604	WP_042318669	train
WP_248246692	WP_042318669	train
WP_227879155	WP_042318669	train
WP_039266524	WP_042318669	train
WP_023616558	WP_042318669	train
WP_015570386	WP_042318669	train
WP_325818130	WP_042318669	train
WP_049022533	WP_042318669	train
WP_279257599	WP_042318669	train
WP_395303939	WP_042318669	train
WP_325798548	WP_042318669	train
WP_348582555	WP_042318669	train
WP_171846519	WP_042318669	train
WP_196342203	WP_042318669	train
WP_333065662	WP_042318669	train
WP_193528032	WP_042318669	train
WP_010431771	WP_042318669	train
WP_449555968	WP_042318669	train
WP_020690940	WP_042318669	train
WP_128311265	WP_042318669	train
WP_125366061	WP_042318669	train
WP_248058842	WP_042318669	train
WP_165556688	WP_042318669	train
WP_248186590	WP_042318669	train
WP_439211063	WP_042318669	train
WP_149385434	WP_042318669	train
WP_318594282	WP_042318669	train
WP_148419665	WP_042318669	train
WP_252071355	WP_042318669	train
WP_134350540	WP_042318669	train
WP_454534922	WP_042318669	train
WP_473212922	WP_042318669	train
WP_108417789	WP_042318669	train
WP_182404832	WP_042318669	train
WP_276169787	WP_042318669	train
WP_417644266	WP_042318669	train
WP_182381828	WP_042318669	train
WP_050860939	WP_042318669	train
WP_206805214	WP_042318669	train
WP_063154364	WP_042318669	train
WP_041909639	WP_042318669	train
WP_257440583	WP_042318669	train
WP_153681643	WP_042318669	train
WP_320728151	WP_042318669	train
WP_045630538	WP_042318669	train
WP_241510715	WP_042318669	train
WP_431646867	WP_042318669	train
WP_182061309	WP_042318669	train
WP_022648322	WP_042318669	train
WP_223537295	WP_042318669	train
WP_063149430	WP_042318669	train
WP_108367636	WP_042318669	train
WP_263069893	WP_042318669	train
WP_102752589	WP_042318669	train
WP_259829607	WP_042318669	train
WP_264863105	WP_042318669	train
WP_100170144	WP_042318669	train
WP_181368172	WP_042318669	train
WP_047647563	WP_042318669	train
WP_347939898	WP_042318669	train
WP_342863301	WP_042318669	train
WP_232928226	WP_042318669	train
WP_320717597	WP_042318669	train
WP_121339605	WP_042318669	train
WP_349397400	WP_042318669	train
WP_131632423	WP_042318669	train
WP_368525183	WP_042318669	train
WP_252043492	WP_042318669	train
WP_262769616	WP_042318669	train
WP_194304823	WP_042318669	train
WP_221702228	WP_042318669	train
WP_316468095	WP_042318669	train
WP_465284904	WP_042318669	train
WP_437117985	WP_042318669	train
WP_008502813	WP_042318669	train
WP_257273243	WP_042318669	train
WP_216280214	WP_042318669	train
WP_083021434	WP_042318669	train
WP_335264199	WP_042318669	train
WP_414149764	WP_042318669	train
WP_048223614	WP_042318669	train
WP_088208366	WP_042318669	train
WP_333191670	WP_042318669	train
WP_063933469	WP_042318669	train
WP_251275161	WP_042318669	train
WP_101737607	WP_042318669	train
WP_100166143	WP_042318669	train
WP_063138304	WP_042318669	train
WP_045335024	WP_042318669	train
WP_336665377	WP_042318669	train
WP_271086507	WP_042318669	train
WP_265190348	WP_042318669	train
WP_064326313	WP_042318669	train
WP_284966809	WP_042318669	train
WP_335277705	WP_042318669	train
WP_048029764	WP_042318669	train
WP_302235355	WP_042318669	train
WP_337284072	WP_042318669	train
WP_479437587	WP_042318669	train
WP_481229345	WP_042318669	train
WP_279258343	WP_042318669	train
WP_263609535	WP_042318669	train
WP_017384217	WP_042318669	train
WP_047348265	WP_042318669	train
WP_459920874	WP_042318669	train
WP_033145741	WP_042318669	train
WP_125913570	WP_042318669	train
WP_248031229	WP_042318669	train
WP_325846374	WP_042318669	train
WP_320723951	WP_042318669	train
WP_479983998	WP_042318669	train
WP_252046686	WP_042318669	train
WP_150144036	WP_042318669	train
WP_446187597	WP_042318669	train
WP_436328179	WP_042318669	train
WP_337285263	WP_042318669	train
WP_454534281	WP_042318669	train
WP_039270612	WP_042318669	train
WP_174339677	WP_042318669	train
WP_373225486	WP_042318669	train
WP_311825755	WP_042318669	train
WP_248233191	WP_042318669	train
WP_340346038	WP_042318669	train
WP_014832223	WP_042318669	train
WP_248276164	WP_042318669	train
WP_337276630	WP_042318669	train
WP_050862660	WP_042318669	train
WP_111965949	WP_042318669	train
WP_151712346	WP_042318669	train
WP_409248481	WP_042318669	train
WP_080329313	WP_042318669	train
WP_333119795	WP_042318669	train
WP_059291328	WP_042318669	train
WP_063840802	WP_042318669	train
WP_288790059	WP_042318669	train
WP_193806721	WP_042318669	train
WP_182400720	WP_042318669	train
WP_316083775	WP_042318669	train
WP_241174787	WP_042318669	train
WP_218726581	WP_042318669	train
WP_289451967	WP_042318669	train
WP_253377298	WP_042318669	train
WP_251998180	WP_042318669	train
WP_171857349	WP_042318669	train
WP_063861433	WP_042318669	train
WP_309176439	WP_042318669	train
WP_223560736	WP_042318669	train
WP_138013899	WP_042318669	train
WP_164955063	WP_042318669	train
WP_102892121	WP_042318669	train
WP_220719523	WP_042318669	train
WP_475395320	WP_042318669	train
WP_101865793	WP_042318669	train
WP_165464304	WP_042318669	train
WP_150311709	WP_042318669	train
WP_395029986	WP_042318669	train
WP_275153127	WP_042318669	train
WP_479985734	WP_042318669	train
WP_431645052	WP_042318669	train
WP_205919257	WP_042318669	train
WP_023292242	WP_042318669	train
WP_474482313	WP_042318669	train
WP_063616027	WP_042318669	train
WP_171857567	WP_042318669	train
WP_270291793	WP_042318669	train
WP_334759401	WP_042318669	train
WP_121423980	WP_042318669	train
WP_305869942	WP_042318669	train
WP_232962357	WP_042318669	train
WP_063441941	WP_042318669	train
WP_160863287	WP_042318669	train
WP_336666978	WP_042318669	train
WP_182410653	WP_042318669	train
WP_448875436	WP_042318669	train
WP_094948495	WP_042318669	train
WP_199116200	WP_042318669	train
WP_333090252	WP_042318669	train
WP_163330854	WP_042318669	train
WP_333074733	WP_042318669	train
WP_143345209	WP_042318669	train
WP_248223935	WP_042318669	train
WP_423400399	WP_042318669	train
WP_104950791	WP_042318669	train
WP_426739629	WP_042318669	train
WP_414965577	WP_042318669	train
WP_185791163	WP_042318669	train
WP_235148077	WP_042318669	train
WP_439037873	WP_042318669	train
WP_448657158	WP_042318669	train
WP_148401201	WP_042318669	train
WP_337281955	WP_042318669	train
WP_182383674	WP_042318669	train
WP_230351154	WP_042318669	train
WP_129251825	WP_042318669	train
WP_232944036	WP_042318669	train
WP_422700150	WP_042318669	train
WP_136343423	WP_042318669	train
WP_431617900	WP_042318669	train
WP_442780021	WP_042318669	train
WP_222566543	WP_042318669	train
WP_410380792	WP_042318669	train
WP_279796179	WP_042318669	train
WP_048210325	WP_042318669	train
WP_426719742	WP_042318669	train
WP_221550261	WP_042318669	train
WP_126795673	WP_042318669	train
WP_193543669	WP_042318669	train
WP_180250506	WP_042318669	train
WP_169722237	WP_042318669	train
WP_473721047	WP_042318669	train
WP_126347596	WP_042318669	train
WP_436352673	WP_042318669	train
WP_193362643	WP_042318669	train
WP_266177901	WP_042318669	train
WP_284950926	WP_042318669	train
WP_112780108	WP_042318669	train
WP_410379290	WP_042318669	train
WP_045620487	WP_042318669	train
WP_236348301	WP_042318669	train
WP_208584176	WP_042318669	train
WP_284593360	WP_042318669	train
WP_454712965	WP_042318669	train
WP_196356418	WP_042318669	train
WP_257713587	WP_042318669	train
WP_212474033	WP_042318669	train
WP_171932031	WP_042318669	train
WP_343645423	WP_042318669	train
WP_330752415	WP_042318669	train
WP_130626203	WP_042318669	train
WP_368542028	WP_042318669	train
WP_316336553	WP_042318669	train
WP_020882439	WP_042318669	train
WP_024907119	WP_042318669	train
WP_192987040	WP_042318669	train
WP_148385514	WP_042318669	train
WP_336667838	WP_042318669	train
WP_129256292	WP_042318669	train
WP_431640318	WP_042318669	train
WP_182930780	WP_042318669	train
WP_063452273	WP_042318669	train
WP_086524526	WP_042318669	train
WP_289467884	WP_042318669	train
WP_152081288	WP_042318669	train
WP_115875434	WP_042318669	train
WP_116339491	WP_042318669	train
WP_115465410	WP_042318669	train
WP_126325295	WP_042318669	train
WP_368746433	WP_042318669	train
WP_006175684	WP_042318669	train
WP_258767247	WP_042318669	train
WP_263033549	WP_042318669	train
WP_059309865	WP_042318669	train
WP_126546009	WP_042318669	train
WP_458472080	WP_042318669	train
WP_431644886	WP_042318669	train
WP_058685781	WP_042318669	train
WP_060614664	WP_042318669	train
WP_193131931	WP_042318669	train
WP_253178700	WP_042318669	train
WP_348595853	WP_042318669	train
WP_049121934	WP_042318669	train
WP_063448751	WP_042318669	train
WP_334786748	WP_042318669	train
WP_045281238	WP_042318669	train
WP_275146095	WP_042318669	train
WP_050736888	WP_042318669	train
WP_420240526	WP_042318669	train
WP_128334044	WP_042318669	train
WP_370971851	WP_042318669	train
WP_474216337	WP_042318669	train
WP_237844131	WP_042318669	train
WP_096946858	WP_042318669	train
WP_427025548	WP_042318669	train
WP_196354281	WP_042318669	train
WP_063924442	WP_042318669	train
WP_210875966	WP_042318669	train
WP_417063802	WP_042318669	train
WP_100168857	WP_042318669	train
WP_063427618	WP_042318669	train
WP_192984197	WP_042318669	train
WP_059365098	WP_042318669	train
WP_248265659	WP_042318669	train
WP_032640977	WP_042318669	train
WP_248189090	WP_042318669	train
WP_347001725	WP_042318669	train
WP_301003225	WP_042318669	train
WP_126495489	WP_042318669	train
WP_325813550	WP_042318669	train
WP_045341511	WP_042318669	train
WP_417634432	WP_042318669	train
WP_436324770	WP_042318669	train
WP_279794838	WP_042318669	train
WP_059387022	WP_042318669	train
WP_445349491	WP_042318669	train
WP_447290886	WP_042318669	train
WP_429052332	WP_042318669	train
WP_485453858	WP_042318669	train
WP_348557223	WP_042318669	train
WP_252093082	WP_042318669	train
WP_047725966	WP_042318669	train
WP_131492695	WP_042318669	train
WP_213842980	WP_042318669	train
WP_248205256	WP_042318669	train
WP_181619646	WP_042318669	train
WP_349396999	WP_042318669	train
WP_028013404	WP_042318669	train
WP_199008638	WP_042318669	train
WP_442360118	WP_042318669	train
WP_061772789	WP_042318669	train
WP_248062046	WP_042318669	train
WP_094916983	WP_042318669	train
WP_023330550	WP_042318669	train
WP_431637068	WP_042318669	train
WP_320700772	WP_042318669	train
WP_045336485	WP_042318669	train
WP_240609039	WP_042318669	train
WP_454531858	WP_042318669	train
WP_334277832	WP_042318669	train
WP_047740450	WP_042318669	train
WP_032622442	WP_042318669	train
WP_180251174	WP_042318669	train
WP_063146363	WP_042318669	train
WP_029883572	WP_042318669	train
WP_153907272	WP_042318669	train
WP_395279944	WP_042318669	train
WP_395999517	WP_042318669	train
WP_096151321	WP_042318669	train
WP_023312071	WP_042318669	train
WP_414243545	WP_042318669	train
WP_057061597	WP_042318669	train
WP_198739761	WP_042318669	train
WP_443349462	WP_042318669	train
WP_324271226	WP_042318669	train
WP_196344796	WP_042318669	train
WP_046619715	WP_042318669	train
WP_058651254	WP_042318669	train
WP_473719638	WP_042318669	train
WP_431630356	WP_042318669	train
WP_320732702	WP_042318669	train
WP_424634470	WP_042318669	train
WP_287810245	WP_042318669	train
WP_274239793	WP_042318669	train
WP_182271653	WP_042318669	train
WP_166715514	WP_042318669	train
WP_048979146	WP_042318669	train
WP_214579758	WP_042318669	train
WP_447280778	WP_042318669	train
WP_216356674	WP_042318669	train
WP_271074664	WP_042318669	train
WP_193037741	WP_042318669	train
WP_139936465	WP_042318669	train
WP_150056721	WP_042318669	train
WP_194385716	WP_042318669	train
WP_045908888	WP_042318669	train
WP_262821937	WP_042318669	train
WP_333520382	WP_042318669	train
WP_406767081	WP_042318669	train
WP_328728096	WP_042318669	train
WP_423122055	WP_042318669	train
WP_407218691	WP_042318669	train
WP_335267699	WP_042318669	train
WP_260662149	WP_042318669	train
WP_218307474	WP_042318669	train
WP_333489070	WP_042318669	train
WP_039263555	WP_042318669	train
WP_368537066	WP_042318669	train
WP_118282816	WP_042318669	train
WP_421001432	WP_042318669	train
WP_348592798	WP_042318669	train
WP_106105799	WP_042318669	train
WP_264880408	WP_042318669	train
WP_248039343	WP_042318669	train
WP_437748246	WP_042318669	train
WP_448637651	WP_042318669	train
WP_331410853	WP_042318669	train
WP_256066930	WP_042318669	train
WP_325759772	WP_042318669	train
WP_049133975	WP_042318669	train
WP_251994206	WP_042318669	train
WP_454535227	WP_042318669	train
WP_116328658	WP_042318669	train
WP_182265868	WP_042318669	train
WP_096168797	WP_042318669	train
WP_417649609	WP_042318669	train
WP_289442309	WP_042318669	train
WP_057072862	WP_042318669	train
WP_046887713	WP_042318669	train
WP_025756584	WP_042318669	train
WP_262777950	WP_042318669	train
WP_410386386	WP_042318669	train
WP_045329359	WP_042318669	train
WP_481239809	WP_042318669	train
WP_431621500	WP_042318669	train
WP_040017644	WP_042318669	train
WP_257247356	WP_042318669	train
WP_343440406	WP_042318669	train
WP_249576666	WP_042318669	train
WP_126517012	WP_042318669	train
WP_149367044	WP_042318669	train
WP_420257013	WP_042318669	train
WP_045345096	WP_042318669	train
WP_434246647	WP_042318669	train
WP_038419681	WP_042318669	train
WP_058681320	WP_042318669	train
WP_248248008	WP_042318669	train
WP_316379286	WP_042318669	train
WP_126533739	WP_042318669	train
WP_274413938	WP_042318669	train
WP_114977042	WP_042318669	train
WP_058608669	WP_042318669	train
WP_447210195	WP_042318669	train
WP_063429647	WP_042318669	train
WP_196345221	WP_042318669	train
WP_180255678	WP_042318669	train
WP_047651111	WP_042318669	train
WP_370731950	WP_042318669	train
WP_439216727	WP_042318669	train
WP_447288748	WP_042318669	train
WP_485453666	WP_042318669	train
WP_481241543	WP_042318669	train
WP_194500492	WP_042318669	train
WP_097540790	WP_042318669	train
WP_063436118	WP_042318669	train
WP_023344331	WP_042318669	train
WP_262789642	WP_042318669	train
WP_167211108	WP_042318669	train
WP_248183319	WP_042318669	train
WP_370956617	WP_042318669	train
WP_483543663	WP_042318669	train
WP_164474495	WP_042318669	train
WP_426747750	WP_042318669	train
WP_301241265	WP_042318669	train
WP_431623428	WP_042318669	train
WP_045400177	WP_042318669	train
WP_213774213	WP_042318669	train
WP_151884557	WP_042318669	train
WP_063150498	WP_042318669	train
WP_449557670	WP_042318669	train
WP_410026718	WP_042318669	train
WP_420973063	WP_042318669	train
WP_354646856	WP_042318669	train
WP_420293389	WP_042318669	train
WP_058648246	WP_042318669	train
WP_325841270	WP_042318669	train
WP_126519052	WP_042318669	train
WP_326466734	WP_042318669	train
WP_335260565	WP_042318669	train
WP_249564690	WP_042318669	train
WP_137273297	WP_042318669	train
WP_202773156	WP_042318669	train
WP_460262221	WP_042318669	train
WP_421625550	WP_042318669	train
WP_125321197	WP_042318669	train
WP_470296464	WP_042318669	train
WP_446489766	WP_042318669	train
WP_370940908	WP_042318669	train
WP_063162978	WP_042318669	train
WP_437138713	WP_042318669	train
WP_103133502	WP_042318669	train
WP_079902076	WP_042318669	train
WP_058112688	WP_042318669	train
WP_218206460	WP_042318669	train
WP_079817679	WP_042318669	train
WP_350389474	WP_042318669	train
WP_079944770	WP_042318669	train
WP_080225906	WP_042318669	train
WP_222985104	WP_042318669	train
WP_086151646	WP_042318669	train
WP_079956031	WP_042318669	train
WP_306341828	WP_042318669	train
WP_311042392	WP_042318669	train
WP_085048100	WP_042318669	train
WP_336284104	WP_042318669	train
WP_038640964	WP_042318669	train
WP_204526882	WP_042318669	train
WP_199978530	WP_042318669	train
WP_338843128	WP_042318669	train
WP_286519269	WP_042318669	train
WP_087053392	WP_042318669	train
WP_126524036	WP_042318669	train
WP_080164925	WP_042318669	train
WP_437141873	WP_042318669	train
WP_183059648	WP_042318669	train
WP_052894846	WP_042318669	train
WP_076737109	WP_042318669	train
WP_322967232	WP_042318669	train
WP_438251663	WP_042318669	train
WP_429473155	WP_042318669	train
WP_054173929	WP_042318669	train
WP_411018137	WP_042318669	train
WP_023243911	WP_042318669	train
WP_001633920	WP_042318669	train
WP_350394891	WP_042318669	train
WP_369529310	WP_042318669	train
WP_000513593	WP_042318669	train
WP_137075834	WP_042318669	train
WP_061873387	WP_042318669	train
WP_079981228	WP_042318669	train
WP_373446640	WP_042318669	train
WP_061371578	WP_042318669	train
WP_265310270	WP_042318669	train
WP_151116648	WP_042318669	train
WP_079944817	WP_042318669	train
WP_135401126	WP_042318669	train
WP_078164288	WP_042318669	train
WP_442236156	WP_042318669	train
WP_410958342	WP_042318669	train
WP_380988203	WP_042318669	train
WP_080219049	WP_042318669	train
WP_080090075	WP_042318669	train
WP_064013377	WP_042318669	train
WP_094914137	WP_042318669	train
WP_080213863	WP_042318669	train
WP_070793984	WP_042318669	train
WP_422662936	WP_042318669	train
WP_076927388	WP_042318669	train
WP_426682910	WP_042318669	train
WP_066038537	WP_042318669	train
WP_045161401	WP_042318669	train
WP_410957345	WP_042318669	train
WP_023212465	WP_042318669	train
WP_219135121	WP_042318669	train
WP_461550957	WP_042318669	train
WP_001527825	WP_042318669	train
WP_080195340	WP_042318669	train
WP_079976156	WP_042318669	train
WP_076928222	WP_042318669	train
WP_079954488	WP_042318669	train
WP_116525600	WP_042318669	train
WP_094445049	WP_042318669	train
WP_052939996	WP_042318669	train
WP_046093242	WP_042318669	train
WP_409161954	WP_042318669	train
WP_038391634	WP_042318669	train
WP_248622704	WP_042318669	train
WP_200053795	WP_042318669	train
WP_047463544	WP_042318669	train
WP_114847857	WP_042318669	train
WP_058669225	WP_042318669	train
WP_198448149	WP_042318669	train
WP_313851745	WP_042318669	train
WP_200075778	WP_042318669	train
WP_071258408	WP_042318669	train
WP_447210771	WP_042318669	train
WP_134769375	WP_042318669	train
WP_370906242	WP_042318669	train
WP_219937029	WP_042318669	train
WP_049011909	WP_042318669	train
WP_352475139	WP_042318669	train
WP_317356720	WP_042318669	train
WP_248637779	WP_042318669	train
WP_286468695	WP_042318669	train
WP_410735004	WP_042318669	train
WP_012132230	WP_042318669	train
WP_373671403	WP_042318669	train
WP_016153252	WP_042318669	train
WP_286453172	WP_042318669	train
WP_049269474	WP_042318669	train
WP_181630539	WP_042318669	train
WP_370916164	WP_042318669	train
WP_222186153	WP_042318669	train
WP_433639039	WP_042318669	train
WP_396040756	WP_042318669	train
WP_049259800	WP_042318669	train
WP_286480955	WP_042318669	train
WP_286455374	WP_042318669	train
WP_325788232	WP_042318669	train
WP_047061015	WP_042318669	train
WP_061820475	WP_042318669	train
WP_104919812	WP_042318669	train
WP_000513601	WP_042318669	train
WP_222692696	WP_042318669	train
WP_440284337	WP_042318669	train
WP_000513595	WP_042318669	train
WP_016506808	WP_042318669	train
WP_080187487	WP_042318669	train
WP_335285437	WP_042318669	train
WP_117218716	WP_042318669	train
WP_000513592	WP_042318669	train
WP_265322084	WP_042318669	train
WP_079842153	WP_042318669	train
WP_447418566	WP_042318669	train
WP_079831239	WP_042318669	train
WP_187789244	WP_042318669	train
WP_079919046	WP_042318669	train
WP_150362398	WP_042318669	train
WP_079773408	WP_042318669	train
WP_223671740	WP_042318669	train
WP_276294972	WP_042318669	train
WP_080625249	WP_042318669	train
WP_057517038	WP_042318669	train
WP_195293729	WP_042318669	train
WP_209072113	WP_042318669	train
WP_080221066	WP_042318669	train
WP_075810041	WP_042318669	train
WP_179678659	WP_042318669	train
WP_218657761	WP_042318669	train
WP_271444760	WP_042318669	train
WP_111306573	WP_042318669	train
WP_410398782	WP_042318669	train
WP_024154617	WP_042318669	train
WP_000513600	WP_042318669	train
WP_248900062	WP_042318669	train
WP_181199057	WP_042318669	train
WP_473775881	WP_042318669	train
WP_407254918	WP_042318669	train
WP_181811662	WP_042318669	train
WP_182257864	WP_042318669	train
WP_334330573	WP_042318669	train
WP_420059946	WP_042318669	train
WP_079951547	WP_042318669	train
WP_060545781	WP_042318669	train
WP_267263067	WP_042318669	train
WP_070810980	WP_042318669	train
WP_224229030	WP_042318669	train
WP_070810160	WP_042318669	train
WP_317187132	WP_042318669	train
WP_000513585	WP_042318669	train
WP_133086445	WP_042318669	train
WP_286596188	WP_042318669	train
WP_417313063	WP_042318669	train
WP_232166077	WP_042318669	train
WP_286633407	WP_042318669	train
WP_152404374	WP_042318669	train
WP_371896636	WP_042318669	train
WP_047657007	WP_042318669	train
WP_061585946	WP_042318669	train
WP_254521646	WP_042318669	train
WP_198900946	WP_042318669	train
WP_058818844	WP_042318669	train
WP_407190747	WP_042318669	train
WP_070828402	WP_042318669	train
WP_110313906	WP_042318669	train
WP_108629114	WP_042318669	train
WP_455309095	WP_042318669	train
WP_218711001	WP_042318669	train
WP_309312435	WP_042318669	train
WP_116750500	WP_042318669	train
WP_000513589	WP_042318669	train
WP_080193364	WP_042318669	train
WP_054079289	WP_042318669	train
WP_109740282	WP_042318669	train
WP_043000535	WP_042318669	train
WP_086512587	WP_042318669	train
WP_200040434	WP_042318669	train
WP_058588133	WP_042318669	train
WP_395242242	WP_042318669	train
WP_200016455	WP_042318669	train
WP_200119014	WP_042318669	train
WP_352489859	WP_042318669	train
WP_447208806	WP_042318669	train
WP_266167459	WP_042318669	train
WP_012905972	WP_042318669	train
WP_044257728	WP_042318669	train
WP_407153653	WP_042318669	train
WP_200105862	WP_042318669	train
WP_116545528	WP_042318669	train
WP_220771416	WP_042318669	train
WP_043016148	WP_042318669	train
WP_200084019	WP_042318669	train
WP_171859090	WP_042318669	train
WP_061077672	WP_042318669	train
WP_285922853	WP_042318669	train
WP_258441651	WP_042318669	train
WP_326976442	WP_042318669	train
WP_149508568	WP_042318669	train
WP_131064518	WP_042318669	train
WP_196010489	WP_042318669	train
WP_085429251	WP_042318669	train
WP_249895028	WP_042318669	train
WP_371354900	WP_042318669	train
WP_261913803	WP_042318669	train
WP_437152138	WP_042318669	train
WP_410677461	WP_042318669	train
WP_202038516	WP_042318669	train
WP_176203580	WP_042318669	train
WP_347485029	WP_042318669	train
WP_079798031	WP_042318669	train
WP_079789294	WP_042318669	train
WP_094299714	WP_042318669	train
WP_000513590	WP_042318669	train
WP_149457628	WP_042318669	train
WP_079788155	WP_042318669	train
WP_020976736	WP_042318669	train
WP_269701133	WP_042318669	train
WP_371356673	WP_042318669	train
WP_448846443	WP_042318669	train
WP_047365954	WP_042318669	train
WP_408604136	WP_042318669	train
WP_080183578	WP_042318669	train
WP_050959221	WP_042318669	train
WP_478383944	WP_042318669	train
WP_079843607	WP_042318669	train
WP_050955573	WP_042318669	train
WP_079960881	WP_042318669	train
WP_109255836	WP_042318669	train
WP_218733873	WP_042318669	train
WP_200109065	WP_042318669	train
WP_220393712	WP_042318669	train
WP_057109216	WP_042318669	train
WP_259363824	WP_042318669	train
WP_174349305	WP_042318669	train
WP_054170815	WP_042318669	train
WP_070810223	WP_042318669	train
WP_117345340	WP_042318669	train
WP_269699995	WP_042318669	train
WP_052869816	WP_042318669	train
WP_162383543	WP_042318669	train
WP_079805886	WP_042318669	train
WP_079819002	WP_042318669	train
WP_308741343	WP_042318669	train
WP_137363864	WP_042318669	train
WP_000513596	WP_042318669	train
WP_086126117	WP_042318669	train
WP_000513594	WP_042318669	train
WP_000513586	WP_042318669	train
WP_062600413	WP_042318669	train
WP_149516614	WP_042318669	train
WP_414438211	WP_042318669	train
WP_482834123	WP_042318669	train
WP_448848550	WP_042318669	train
WP_454518662	WP_042318669	train
WP_080211292	WP_042318669	train
WP_484341499	WP_042318669	train
WP_371063775	WP_042318669	train
WP_015606150	WP_042318669	train
WP_011264301	WP_042318669	train
WP_016505322	WP_042318669	train
WP_119503765	WP_042318669	train
WP_103283777	WP_042318669	train
WP_146716897	WP_042318669	train
WP_096756822	WP_042318669	train
WP_341517267	WP_042318669	train
WP_117342889	WP_042318669	train
WP_137399618	WP_042318669	train
WP_080206825	WP_042318669	train
WP_408508150	WP_042318669	train
WP_061873277	WP_042318669	train
WP_183062664	WP_042318669	train
WP_149410460	WP_042318669	train
WP_053529013	WP_042318669	train
WP_063390492	WP_042318669	train
WP_200057293	WP_042318669	train
WP_482855913	WP_042318669	train
WP_071685617	WP_042318669	train
WP_061873419	WP_042318669	train
WP_223666187	WP_042318669	train
WP_411006410	WP_042318669	train
WP_232795772	WP_042318669	train
WP_447398208	WP_042318669	train
WP_168156116	WP_042318669	train
WP_282873685	WP_042318669	train
WP_079952778	WP_042318669	train
WP_119037720	WP_042318669	train
WP_322499889	WP_042318669	train
WP_053216291	WP_042318669	train
WP_369568123	WP_042318669	train
WP_339495839	WP_042318669	train
WP_088730513	WP_042318669	train
WP_136150474	WP_042318669	train
WP_206163455	WP_042318669	train
WP_115258321	WP_042318669	train
WP_080205889	WP_042318669	train
WP_447350061	WP_042318669	train
WP_096812937	WP_042318669	train
WP_353318867	WP_042318669	train
WP_079951011	WP_042318669	train
WP_079974460	WP_042318669	train
WP_023246917	WP_042318669	train
WP_079780024	WP_042318669	train
WP_318049944	WP_042318669	train
WP_474457653	WP_042318669	train
WP_249575149	WP_042318669	train
WP_396502663	WP_042318669	train
WP_143551226	WP_042318669	train
WP_180491737	WP_042318669	train
WP_000513598	WP_042318669	train
WP_486572282	WP_042318669	train
WP_117380620	WP_042318669	train
WP_000513591	WP_042318669	train
WP_079839069	WP_042318669	train
WP_053868759	WP_042318669	train
WP_183063259	WP_042318669	train
WP_122030950	WP_042318669	train
WP_061429992	WP_042318669	train
WP_131350876	WP_042318669	train
WP_057518225	WP_042318669	train
WP_181673256	WP_042318669	train
WP_181588754	WP_042318669	train
WP_046481020	WP_042318669	train
WP_127201174	WP_042318669	train
WP_080166612	WP_042318669	train
WP_070811038	WP_042318669	train
WP_372432892	WP_042318669	train
WP_061104365	WP_042318669	train
WP_098065248	WP_042318669	train
WP_160956267	WP_042318669	train
WP_352434363	WP_042318669	train
WP_080223534	WP_042318669	train
WP_255126227	WP_042318669	train
WP_375093564	WP_042318669	train
WP_222688576	WP_042318669	train
WP_238470884	WP_042318669	train
WP_138163648	WP_042318669	train
WP_154023540	WP_042318669	train
WP_342716855	WP_042318669	train
WP_079807972	WP_042318669	train
WP_275055860	WP_042318669	train
WP_110497940	WP_042318669	train
WP_063890014	WP_042318669	train
WP_079903507	WP_042318669	train
WP_149493905	WP_042318669	train
WP_070810742	WP_042318669	train
WP_312640148	WP_042318669	train
WP_168993621	WP_042318669	train
WP_079786580	WP_042318669	train
WP_079956294	WP_042318669	train
WP_070801284	WP_042318669	train
WP_159121808	WP_042318669	train
WP_198802329	WP_042318669	train
WP_047071578	WP_042318669	train
WP_046080869	WP_042318669	train
WP_416859591	WP_042318669	train
WP_052934848	WP_042318669	train
WP_169023683	WP_042318669	train
WP_058814275	WP_042318669	train
WP_247258909	WP_042318669	train
WP_076927348	WP_042318669	train
WP_371359306	WP_042318669	train
WP_275375211	WP_042318669	train
WP_474750673	WP_042318669	train
WP_137347850	WP_042318669	train
WP_196209027	WP_042318669	train
WP_333155866	WP_042318669	train
WP_171923390	WP_042318669	train
WP_224939449	WP_042318669	train
WP_023206147	WP_042318669	train
WP_085375818	WP_042318669	train
WP_198870399	WP_042318669	train
WP_099825796	WP_042318669	train
WP_070811941	WP_042318669	train
WP_149420616	WP_042318669	train
WP_038395914	WP_042318669	train
WP_131341021	WP_042318669	train
WP_262785369	WP_042318669	train
WP_214575943	WP_042318669	train
WP_080204709	WP_042318669	train
WP_061378882	WP_042318669	train
WP_080102613	WP_042318669	train
WP_023138314	WP_042318669	train
WP_416456041	WP_042318669	train
WP_371068153	WP_042318669	train
WP_187789545	WP_042318669	train
WP_231279411	WP_042318669	train
WP_108631423	WP_042318669	train
WP_286630967	WP_042318669	train
WP_410750894	WP_042318669	train
WP_410393885	WP_042318669	train
WP_479977817	WP_042318669	train
WP_052932109	WP_042318669	train
WP_079969291	WP_042318669	train
WP_050951797	WP_042318669	train
WP_350369394	WP_042318669	train
WP_438796587	WP_042318669	train
WP_203436751	WP_042318669	train
WP_079970992	WP_042318669	train
WP_221922400	WP_042318669	train
WP_213132609	WP_042318669	train
WP_174360916	WP_042318669	train
WP_014884091	WP_042318669	train
WP_248236784	WP_042318669	train
WP_045135520	WP_042318669	train
WP_284554151	WP_042318669	train
WP_440090516	WP_042318669	train
WP_079972440	WP_042318669	train
WP_265273069	WP_042318669	train
WP_135416631	WP_042318669	train
WP_050947368	WP_042318669	train
WP_023184162	WP_042318669	train
WP_445439215	WP_042318669	train
WP_253251259	WP_042318669	train
WP_335802968	WP_042318669	train
WP_275342639	WP_042318669	train
WP_140039160	WP_042318669	train
WP_202100513	WP_042318669	train
WP_082242820	WP_042318669	train
WP_281771301	WP_042318669	train
WP_109267065	WP_042318669	train
WP_438256034	WP_042318669	train
WP_198081138	WP_042318669	train
WP_079774039	WP_042318669	train
WP_000513582	WP_042318669	train
WP_409291030	WP_042318669	train
WP_000513581	WP_042318669	train
WP_023240746	WP_042318669	train
WP_171803972	WP_042318669	train
WP_411014514	WP_042318669	train
WP_182157383	WP_042318669	train
WP_079837111	WP_042318669	train
WP_368940966	WP_042318669	train
WP_151219366	WP_042318669	train
WP_252838830	WP_042318669	train
WP_135321999	WP_042318669	train
WP_097178305	WP_042318669	train
WP_371067530	WP_042318669	train
WP_459202846	WP_042318669	train
WP_039503944	WP_042318669	train
WP_135421105	WP_042318669	train
WP_432659552	WP_042318669	train
WP_080077924	WP_042318669	train
WP_094964482	WP_042318669	train
WP_411009018	WP_042318669	train
WP_426468964	WP_042318669	train
WP_265279886	WP_042318669	train
WP_058115414	WP_042318669	train
WP_203361026	WP_042318669	train
WP_410680290	WP_042318669	train
WP_222701077	WP_042318669	train
WP_001649179	WP_042318669	train
WP_140031767	WP_042318669	train
WP_208211994	WP_042318669	train
WP_023213660	WP_042318669	train
WP_079971272	WP_042318669	train
WP_369791295	WP_042318669	train
WP_082326832	WP_042318669	train
WP_058673847	WP_042318669	train
WP_250856869	WP_042318669	train
WP_057526246	WP_042318669	train
WP_478313978	WP_478313978	val
WP_102103867	WP_102103867	train
WP_449547006	WP_102103867	train
WP_235133379	WP_102103867	train
WP_059179121	WP_102103867	train
WP_312154106	WP_102103867	train
WP_282495321	WP_102103867	train
WP_371972533	WP_102103867	train
WP_202713211	WP_102103867	train
WP_478335939	WP_102103867	train
WP_285146365	WP_102103867	train
WP_449568525	WP_102103867	train
WP_103949329	WP_102103867	train
WP_446029823	WP_102103867	train
WP_100779969	WP_102103867	train
WP_194512352	WP_102103867	train
WP_202673667	WP_102103867	train
WP_012017586	WP_102103867	train
WP_449554516	WP_102103867	train
WP_107703449	WP_102103867	train
WP_154125646	WP_102103867	train
WP_202693321	WP_102103867	train
WP_429920714	WP_102103867	train
WP_462830639	WP_102103867	train
WP_174343256	WP_102103867	train
WP_409255162	WP_102103867	train
WP_407437151	WP_102103867	train
WP_429184011	WP_102103867	train
WP_331389969	WP_102103867	train
WP_449576418	WP_102103867	train
WP_252687742	WP_102103867	train
WP_449545351	WP_102103867	train
WP_095282218	WP_102103867	train
WP_131487304	WP_102103867	train
WP_110875883	WP_110875883	val
WP_024551692	WP_110875883	val
WP_024556117	WP_110875883	val
WP_325939428	WP_110875883	val
WP_048887563	WP_110875883	val
WP_481638727	WP_110875883	val
WP_485885002	WP_485885002	train
WP_090084575	WP_485885002	train
WP_335255370	WP_485885002	train
WP_044175108	WP_485885002	train
WP_156567477	WP_485885002	train
WP_335256926	WP_485885002	train
WP_458043200	WP_485885002	train
WP_296432513	WP_485885002	train
WP_039076930	WP_485885002	train
WP_437430520	WP_485885002	train
WP_437891119	WP_485885002	train
WP_173634237	WP_173634237	val
WP_413653197	WP_413653197	test
WP_241624039	WP_241624039	train
WP_304371317	WP_241624039	train
WP_250332025	WP_241624039	train
WP_092673496	WP_241624039	train
WP_048912187	WP_241624039	train
WP_241610603	WP_241624039	train
WP_241606431	WP_241624039	train
WP_214216292	WP_241624039	train
WP_241595002	WP_241624039	train
WP_214235363	WP_241624039	train
WP_241583884	WP_241624039	train
WP_241644988	WP_241624039	train
WP_214219308	WP_241624039	train
WP_241578548	WP_241624039	train
WP_241572841	WP_241624039	train
WP_099822819	WP_241624039	train
WP_099141188	WP_099141188	val
WP_006812921	WP_006812921	val
WP_115164340	WP_006812921	val
WP_407901586	WP_006812921	val
WP_179896241	WP_006812921	val
WP_154603745	WP_006812921	val
WP_006658706	WP_006812921	val
WP_211885682	WP_006812921	val
WP_154626971	WP_006812921	val
WP_036956550	WP_006812921	val
WP_181477197	WP_006812921	val
WP_225575388	WP_006812921	val
WP_036979408	WP_006812921	val
WP_132495997	WP_006812921	val
WP_154601023	WP_006812921	val
WP_224057652	WP_006812921	val
WP_036965781	WP_006812921	val
WP_154639577	WP_006812921	val
WP_270104018	WP_006812921	val
WP_036963747	WP_006812921	val
WP_323086315	WP_006812921	val
WP_036975684	WP_006812921	val
WP_154635060	WP_006812921	val
WP_349487837	WP_006812921	val
WP_174888858	WP_174888858	test
WP_016856973	WP_174888858	test
WP_046493073	WP_174888858	test
WP_174888491	WP_174888858	test
WP_174891196	WP_174888858	test
WP_100103071	WP_174888858	test
WP_100096278	WP_174888858	test
WP_015874127	WP_174888858	test
WP_097032324	WP_097032324	val
WP_228403099	WP_228403099	test
WP_115322678	WP_228403099	test
WP_224046234	WP_228403099	test
WP_191134765	WP_228403099	test
WP_227798262	WP_228403099	test
WP_223668216	WP_228403099	test
WP_160530806	WP_228403099	test
WP_229509665	WP_228403099	test
WP_226690459	WP_228403099	test
WP_198191976	WP_198191976	val
WP_198200043	WP_198191976	val
WP_464319859	WP_198191976	val
WP_086320716	WP_198191976	val
WP_065613043	WP_198191976	val
WP_065578663	WP_198191976	val
WP_279084664	WP_198191976	val
WP_065651048	WP_198191976	val
WP_198195369	WP_198191976	val
WP_086363951	WP_198191976	val
WP_294883525	WP_198191976	val
WP_110447758	WP_198191976	val
WP_198220341	WP_198191976	val
WP_086360475	WP_198191976	val
WP_198215009	WP_198191976	val
WP_086362086	WP_198191976	val
WP_198198917	WP_198191976	val
WP_306242739	WP_198191976	val
WP_110453358	WP_198191976	val
WP_148363422	WP_148363422	test
WP_148325428	WP_148363422	test
WP_205766089	WP_148363422	test
WP_205768420	WP_148363422	test
WP_205773787	WP_148363422	test
WP_061886767	WP_148363422	test
WP_233115758	WP_148363422	test
WP_025298389	WP_148363422	test
WP_233143461	WP_148363422	test
WP_005544715	WP_148363422	test
WP_233117836	WP_148363422	test
WP_148327532	WP_148363422	test
WP_005576194	WP_148363422	test
WP_109853799	WP_148363422	test
WP_442538880	WP_148363422	test
WP_005556886	WP_148363422	test
WP_258248148	WP_148363422	test
WP_148341140	WP_148363422	test
WP_005538876	WP_148363422	test
WP_205770257	WP_148363422	test
WP_249847437	WP_148363422	test
WP_205768020	WP_148363422	test
WP_205778359	WP_148363422	test
WP_148333928	WP_148363422	test
WP_233118959	WP_148363422	test
WP_109422838	WP_148363422	test
WP_233113142	WP_148363422	test
WP_257797243	WP_148363422	test
WP_205775698	WP_148363422	test
WP_061886577	WP_148363422	test
WP_148345094	WP_148363422	test
WP_233112734	WP_148363422	test
WP_109077487	WP_148363422	test
WP_005568750	WP_148363422	test
WP_101627019	WP_101627019	val
WP_475405756	WP_475405756	val
WP_248262736	WP_475405756	val
WP_253619717	WP_475405756	val
WP_287797338	WP_475405756	val
WP_322407252	WP_475405756	val
WP_473790232	WP_475405756	val
WP_416511279	WP_475405756	val
WP_317496529	WP_475405756	val
WP_126782765	WP_475405756	val
WP_054486984	WP_475405756	val
WP_114981562	WP_475405756	val
WP_273025031	WP_475405756	val
WP_278354876	WP_475405756	val
WP_034820062	WP_475405756	val
WP_417440387	WP_475405756	val
WP_273023415	WP_475405756	val
WP_011234261	WP_475405756	val
WP_110012640	WP_475405756	val
WP_404398718	WP_475405756	val
WP_287816612	WP_475405756	val
WP_439222186	WP_475405756	val
WP_317504576	WP_475405756	val
WP_138600545	WP_138600545	val
WP_054561657	WP_138600545	val
WP_349561583	WP_138600545	val
WP_058585180	WP_138600545	val
WP_474311822	WP_138600545	val
WP_194441556	WP_138600545	val
WP_462147196	WP_138600545	val
WP_341804213	WP_138600545	val
WP_182396296	WP_138600545	val
WP_130051333	WP_138600545	val
WP_252948471	WP_138600545	val
WP_462180174	WP_138600545	val
WP_337115419	WP_138600545	val
WP_335991592	WP_138600545	val
WP_062564522	WP_138600545	val
WP_295512167	WP_138600545	val
WP_055020836	WP_138600545	val
WP_138558714	WP_138600545	val
WP_237118681	WP_138600545	val
WP_130149730	WP_138600545	val
WP_435558270	WP_138600545	val
WP_237115150	WP_138600545	val
WP_135924961	WP_138600545	val
WP_217876547	WP_138600545	val
WP_138615908	WP_138600545	val
WP_294086956	WP_138600545	val
WP_062568917	WP_138600545	val
WP_239964613	WP_138600545	val
WP_474325584	WP_138600545	val
WP_253038383	WP_138600545	val
WP_304636787	WP_138600545	val
WP_054551459	WP_138600545	val
WP_475206623	WP_138600545	val
WP_250659364	WP_138600545	val
WP_188727659	WP_138600545	val
WP_180311522	WP_138600545	val
WP_036968862	WP_138600545	val
WP_105174028	WP_138600545	val
WP_421967086	WP_138600545	val
WP_421419606	WP_138600545	val
WP_297330901	WP_138600545	val
WP_075593646	WP_138600545	val
WP_286258618	WP_138600545	val
WP_199529716	WP_138600545	val
WP_437615883	WP_437615883	val
WP_121574008	WP_121574008	train
WP_249246598	WP_121574008	train
WP_136167702	WP_121574008	train
WP_009112799	WP_121574008	train
WP_249232308	WP_121574008	train
WP_113041369	WP_113041369	train
WP_228901996	WP_113041369	train
WP_166303948	WP_113041369	train
WP_289993578	WP_113041369	train
WP_350404610	WP_113041369	train
WP_475847786	WP_113041369	train
WP_011146662	WP_113041369	train
WP_350386171	WP_113041369	train
WP_113025882	WP_113041369	train
WP_166286114	WP_113041369	train
WP_023045298	WP_113041369	train
WP_132354518	WP_113041369	train
WP_445374784	WP_113041369	train
WP_449591653	WP_113041369	train
WP_133812961	WP_113041369	train
WP_387628435	WP_113041369	train
WP_152961968	WP_113041369	train
WP_046976139	WP_113041369	train
WP_387464258	WP_113041369	train
WP_036846973	WP_113041369	train
WP_118986931	WP_113041369	train
WP_445493430	WP_113041369	train
WP_350304979	WP_113041369	train
WP_214052421	WP_113041369	train
WP_112879400	WP_113041369	train
WP_265377624	WP_113041369	train
WP_214087981	WP_113041369	train
WP_139656614	WP_113041369	train
WP_387689086	WP_113041369	train
WP_225815164	WP_113041369	train
WP_341500185	WP_113041369	train
WP_214039147	WP_113041369	train
WP_132343958	WP_113041369	train
WP_323836554	WP_113041369	train
WP_229000767	WP_113041369	train
WP_110090760	WP_113041369	train
WP_110087116	WP_113041369	train
WP_065388673	WP_113041369	train
WP_046397491	WP_113041369	train
WP_217471617	WP_113041369	train
WP_054475336	WP_113041369	train
WP_214068090	WP_113041369	train
WP_265513941	WP_113041369	train
WP_065822187	WP_113041369	train
WP_036768081	WP_113041369	train
WP_015834210	WP_113041369	train
WP_049581456	WP_113041369	train
WP_088374258	WP_113041369	train
WP_434524714	WP_113041369	train
WP_045958545	WP_045958545	test
WP_100288238	WP_100288238	train
WP_086433980	WP_086433980	test
WP_126783427	WP_126783427	test
WP_152430071	WP_152430071	train
WP_160926653	WP_152430071	train
WP_341663777	WP_152430071	train
WP_114787120	WP_152430071	train
WP_479677982	WP_152430071	train
WP_239171225	WP_152430071	train
WP_026375035	WP_026375035	train
WP_428660353	WP_428660353	train
WP_062688600	WP_428660353	train
WP_068328761	WP_428660353	train
WP_094955790	WP_428660353	train
WP_428461906	WP_428660353	train
WP_137167238	WP_137167238	train
WP_438675223	WP_438675223	test
WP_017025175	WP_017025175	val
WP_445766102	WP_445766102	train
WP_274054079	WP_274054079	val
WP_044841803	WP_274054079	val
WP_281558966	WP_274054079	val
WP_044832579	WP_274054079	val
WP_100657433	WP_100657433	test
WP_303551227	WP_303551227	test
WP_303515447	WP_303551227	test
WP_137674503	WP_303551227	test
WP_289365355	WP_289365355	train
WP_126506896	WP_126506896	val
WP_300001679	WP_300001679	test
WP_259047144	WP_300001679	test
WP_152319804	WP_152319804	val
WP_114195892	WP_114195892	test
WP_029685549	WP_029685549	val
WP_008911059	WP_008911059	val
WP_034613184	WP_034613184	train
WP_475321624	WP_475321624	val
WP_428772810	WP_428772810	test
WP_460883324	WP_460883324	test
WP_463948602	WP_460883324	test
WP_012073135	WP_012073135	test
WP_261835344	WP_261835344	test
WP_216782300	WP_216782300	val
WP_021708677	WP_021708677	train
WP_428449224	WP_428449224	test
WP_394392394	WP_394392394	val
WP_041418062	WP_394392394	val
WP_220111911	WP_394392394	val
WP_441836513	WP_441836513	train
WP_487190930	WP_441836513	train
WP_434659117	WP_434659117	train
WP_120816395	WP_120816395	val
WP_312284358	WP_120816395	val
WP_161616564	WP_120816395	val
WP_038257868	WP_120816395	val
WP_435953975	WP_435953975	val
WP_455427982	WP_435953975	val
WP_455547125	WP_435953975	val
WP_271124741	WP_435953975	val
WP_435930112	WP_435953975	val
WP_202303574	WP_435953975	val
WP_271126982	WP_435953975	val
WP_167606262	WP_435953975	val
WP_271132777	WP_435953975	val
WP_270145289	WP_435953975	val
WP_124024744	WP_435953975	val
WP_064511629	WP_435953975	val
WP_373977737	WP_435953975	val
WP_064546357	WP_435953975	val
WP_310607728	WP_435953975	val
WP_064554273	WP_435953975	val
WP_232863632	WP_435953975	val
WP_232903491	WP_435953975	val
WP_324116236	WP_435953975	val
WP_314143429	WP_435953975	val
WP_034455431	WP_435953975	val
WP_367596898	WP_435953975	val
WP_309878759	WP_435953975	val
WP_139876515	WP_435953975	val
WP_424589104	WP_435953975	val
WP_120062904	WP_435953975	val
WP_183269379	WP_435953975	val
WP_134182385	WP_435953975	val
WP_273213136	WP_435953975	val
WP_151993614	WP_435953975	val
WP_064558780	WP_435953975	val
WP_034495665	WP_435953975	val
WP_264624742	WP_264624742	train
WP_438815681	WP_264624742	train
WP_438813427	WP_264624742	train
WP_415672108	WP_264624742	train
WP_291973424	WP_264624742	train
WP_252317581	WP_264624742	train
WP_440864280	WP_264624742	train
WP_264650503	WP_264624742	train
WP_222160681	WP_264624742	train
WP_430359678	WP_264624742	train
WP_455870681	WP_264624742	train
WP_264642648	WP_264624742	train
WP_196907094	WP_264624742	train
WP_334472088	WP_334472088	test
WP_026821992	WP_334472088	test
WP_180559914	WP_334472088	test
WP_280626158	WP_334472088	test
WP_280548305	WP_334472088	test
WP_479372546	WP_334472088	test
WP_180816698	WP_334472088	test
WP_406934392	WP_334472088	test
WP_280937120	WP_334472088	test
WP_290604250	WP_334472088	test
WP_032115003	WP_334472088	test
WP_406942604	WP_334472088	test
WP_063655885	WP_334472088	test
WP_406930630	WP_334472088	test
WP_339053162	WP_334472088	test
WP_406931622	WP_334472088	test
WP_406936310	WP_334472088	test
WP_280628618	WP_334472088	test
WP_406938173	WP_334472088	test
WP_181994800	WP_334472088	test
WP_310510838	WP_334472088	test
WP_474452642	WP_334472088	test
WP_077662970	WP_077662970	test
WP_475139737	WP_077662970	test
WP_167314239	WP_077662970	test
WP_269598364	WP_077662970	test
WP_069590143	WP_077662970	test
WP_077480185	WP_077662970	test
WP_077456760	WP_077662970	test
WP_077676427	WP_077662970	test
WP_067566088	WP_067566088	train
WP_068713349	WP_068713349	test
WP_342608497	WP_068713349	test
WP_065556977	WP_065556977	val
WP_065564427	WP_065556977	val
WP_065619572	WP_065556977	val
WP_065582581	WP_065582581	val
WP_065566257	WP_065582581	val
WP_065580806	WP_065582581	val
WP_065641834	WP_065582581	val
WP_065589033	WP_065582581	val
WP_065653254	WP_065582581	val
WP_075539165	WP_065582581	val
WP_232768921	WP_232768921	test
WP_047043504	WP_047043504	test
WP_345014207	WP_345014207	train
WP_409420237	WP_345014207	train
WP_133539065	WP_133539065	val
WP_290572232	WP_133539065	val
WP_484117267	WP_133539065	val
WP_415836087	WP_415836087	train
WP_428477096	WP_428477096	test
WP_047875145	WP_428477096	test
WP_047976142	WP_047976142	val
WP_135055221	WP_047976142	val
WP_075609210	WP_075609210	train
WP_206575105	WP_206575105	val
WP_237124905	WP_237124905	val
WP_070984893	WP_237124905	val
WP_211990880	WP_211990880	train
WP_192456923	WP_192456923	train
WP_012765531	WP_192456923	train
WP_430259531	WP_430259531	train
WP_042843673	WP_430259531	train
WP_333986555	WP_430259531	train
WP_213637182	WP_430259531	train
WP_115167208	WP_430259531	train
WP_272670037	WP_430259531	train
WP_206086097	WP_430259531	train
WP_415886586	WP_430259531	train
WP_369106719	WP_430259531	train
WP_210844850	WP_430259531	train
WP_369486845	WP_430259531	train
WP_272693886	WP_430259531	train
WP_279862938	WP_430259531	train
WP_430252655	WP_430259531	train
WP_285315643	WP_430259531	train
WP_219247790	WP_430259531	train
WP_318836966	WP_430259531	train
WP_272573170	WP_430259531	train
WP_004911045	WP_430259531	train
WP_198633363	WP_430259531	train
WP_449059557	WP_430259531	train
WP_272538131	WP_430259531	train
WP_210815281	WP_430259531	train
WP_267750841	WP_430259531	train
WP_125893141	WP_430259531	train
WP_048607257	WP_430259531	train
WP_272686885	WP_430259531	train
WP_206276069	WP_430259531	train
WP_210847076	WP_430259531	train
WP_164455610	WP_430259531	train
WP_196718366	WP_430259531	train
WP_110591755	WP_430259531	train
WP_462879063	WP_430259531	train
WP_349489072	WP_430259531	train
WP_369311072	WP_430259531	train
WP_349489243	WP_430259531	train
WP_369484996	WP_430259531	train
WP_353241587	WP_430259531	train
WP_164528815	WP_430259531	train
WP_449312054	WP_430259531	train
WP_004254195	WP_430259531	train
WP_102138621	WP_430259531	train
WP_419402150	WP_430259531	train
WP_140172199	WP_430259531	train
WP_369469098	WP_430259531	train
WP_228677000	WP_430259531	train
WP_210844260	WP_430259531	train
WP_273838510	WP_430259531	train
WP_424403356	WP_424403356	train
WP_424407859	WP_424403356	train
WP_433186106	WP_433186106	train
WP_131977138	WP_131977138	val
WP_457914053	WP_457914053	val
WP_481707650	WP_481707650	train
WP_161455137	WP_481707650	train
WP_021704046	WP_481707650	train
WP_161453290	WP_481707650	train
WP_237362465	WP_237362465	train
WP_411271617	WP_411271617	train
WP_475516700	WP_475516700	val
WP_026016696	WP_026016696	train
WP_410794861	WP_410794861	train
WP_121268148	WP_121268148	test
WP_002443101	WP_002443101	test
WP_413730480	WP_413730480	val
WP_162365147	WP_413730480	val
WP_331121424	WP_413730480	val
WP_410015220	WP_413730480	val
WP_068907130	WP_068907130	val
WP_068444109	WP_068907130	val
WP_434719008	WP_068907130	val
WP_294106115	WP_068907130	val
WP_457913927	WP_457913927	test
WP_078219225	WP_078219225	train
WP_171754591	WP_171754591	test
WP_135710469	WP_135710469	train
WP_293731425	WP_135710469	train
WP_273391788	WP_135710469	train
WP_273396021	WP_135710469	train
WP_273315278	WP_135710469	train
WP_321119809	WP_135710469	train
WP_335857258	WP_335857258	train
WP_482319514	WP_335857258	train
WP_108540973	WP_335857258	train
WP_429058209	WP_335857258	train
WP_429033785	WP_335857258	train
WP_107683628	WP_335857258	train
WP_201937000	WP_335857258	train
WP_323930948	WP_335857258	train
WP_421271658	WP_335857258	train
WP_338455401	WP_335857258	train
WP_236360759	WP_335857258	train
WP_429035392	WP_335857258	train
WP_416032320	WP_335857258	train
WP_204477559	WP_335857258	train
WP_421294153	WP_335857258	train
WP_113740424	WP_335857258	train
WP_164536300	WP_335857258	train
WP_139473702	WP_335857258	train
WP_245133799	WP_335857258	train
WP_201994495	WP_335857258	train
WP_201991964	WP_335857258	train
WP_064340882	WP_335857258	train
WP_236563670	WP_335857258	train
WP_124928803	WP_335857258	train
WP_429117910	WP_335857258	train
WP_103252330	WP_335857258	train
WP_368175708	WP_335857258	train
WP_421260613	WP_335857258	train
WP_236347431	WP_335857258	train
WP_421312640	WP_335857258	train
WP_157162147	WP_335857258	train
WP_484651525	WP_335857258	train
WP_129503509	WP_335857258	train
WP_429078829	WP_335857258	train
WP_302245716	WP_335857258	train
WP_236342557	WP_335857258	train
WP_167567760	WP_335857258	train
WP_421283336	WP_335857258	train
WP_201907203	WP_335857258	train
WP_270820907	WP_335857258	train
WP_236284708	WP_335857258	train
WP_374879136	WP_335857258	train
WP_421337372	WP_335857258	train
WP_139410707	WP_335857258	train
WP_374840895	WP_335857258	train
WP_167574360	WP_335857258	train
WP_267519514	WP_335857258	train
WP_236325657	WP_335857258	train
WP_106842764	WP_335857258	train
WP_429158850	WP_335857258	train
WP_479751042	WP_335857258	train
WP_244776725	WP_335857258	train
WP_421250502	WP_335857258	train
WP_108612108	WP_335857258	train
WP_429139971	WP_335857258	train
WP_335874752	WP_335857258	train
WP_069554049	WP_335857258	train
WP_421316200	WP_335857258	train
WP_411240002	WP_335857258	train
WP_288729680	WP_335857258	train
WP_429062733	WP_335857258	train
WP_421328995	WP_335857258	train
WP_421306500	WP_335857258	train
WP_445985831	WP_335857258	train
WP_270905909	WP_335857258	train
WP_139493518	WP_335857258	train
WP_227274139	WP_335857258	train
WP_429112111	WP_335857258	train
WP_267511641	WP_335857258	train
WP_216975517	WP_335857258	train
WP_005334892	WP_335857258	train
WP_421354623	WP_335857258	train
WP_179902303	WP_335857258	train
WP_482316332	WP_335857258	train
WP_421332934	WP_335857258	train
WP_255912155	WP_335857258	train
WP_421334283	WP_335857258	train
WP_440006341	WP_335857258	train
WP_368210780	WP_335857258	train
WP_323935841	WP_335857258	train
WP_421250023	WP_335857258	train
WP_139442170	WP_335857258	train
WP_335819765	WP_335857258	train
WP_479749530	WP_335857258	train
WP_422839896	WP_335857258	train
WP_376888442	WP_335857258	train
WP_150389486	WP_335857258	train
WP_042054514	WP_335857258	train
WP_368195273	WP_335857258	train
WP_236767421	WP_335857258	train
WP_064339651	WP_335857258	train
WP_323896767	WP_335857258	train
WP_040098544	WP_335857258	train
WP_201989938	WP_335857258	train
WP_005347733	WP_335857258	train
WP_201957960	WP_335857258	train
WP_151286926	WP_335857258	train
WP_447772333	WP_335857258	train
WP_201943391	WP_335857258	train
WP_429144606	WP_335857258	train
WP_323928250	WP_335857258	train
WP_204383820	WP_335857258	train
WP_100653220	WP_335857258	train
WP_236269260	WP_335857258	train
WP_279461753	WP_335857258	train
WP_235462410	WP_335857258	train
WP_076491344	WP_335857258	train
WP_309506911	WP_335857258	train
WP_445982548	WP_335857258	train
WP_439978912	WP_335857258	train
WP_201902556	WP_335857258	train
WP_429017718	WP_335857258	train
WP_429131562	WP_335857258	train
WP_482310183	WP_335857258	train
WP_421245202	WP_335857258	train
WP_058055691	WP_335857258	train
WP_335865656	WP_335857258	train
WP_150995615	WP_335857258	train
WP_227342154	WP_335857258	train
WP_201987399	WP_335857258	train
WP_194495966	WP_335857258	train
WP_335818284	WP_335857258	train
WP_323916060	WP_335857258	train
WP_265775383	WP_335857258	train
WP_337072400	WP_335857258	train
WP_139463463	WP_335857258	train
WP_474401369	WP_335857258	train
WP_447836859	WP_335857258	train
WP_139476460	WP_335857258	train
WP_206874882	WP_335857258	train
WP_267528201	WP_335857258	train
WP_064335738	WP_335857258	train
WP_376868053	WP_335857258	train
WP_421205502	WP_335857258	train
WP_101529849	WP_335857258	train
WP_429075515	WP_335857258	train
WP_021229836	WP_335857258	train
WP_216961428	WP_335857258	train
WP_159144160	WP_335857258	train
WP_438540317	WP_335857258	train
WP_042020602	WP_335857258	train
WP_101318291	WP_335857258	train
WP_431361369	WP_335857258	train
WP_068977103	WP_335857258	train
WP_479317978	WP_335857258	train
WP_432453253	WP_432453253	train
WP_432463266	WP_432453253	train
WP_034773800	WP_034773800	val
WP_318935628	WP_034773800	val
WP_311576664	WP_311576664	train
WP_313909953	WP_313909953	test
WP_182694102	WP_182694102	train
WP_138578208	WP_182694102	train
WP_197118138	WP_182694102	train
WP_341592171	WP_182694102	train
WP_282114158	WP_182694102	train
WP_024034037	WP_182694102	train
WP_138683377	WP_182694102	train
WP_165727402	WP_182694102	train
WP_170071019	WP_182694102	train
WP_182779756	WP_182694102	train
WP_028835835	WP_182694102	train
WP_024603974	WP_182694102	train
WP_341616029	WP_182694102	train
WP_197192367	WP_182694102	train
WP_342877790	WP_182694102	train
WP_211015849	WP_182694102	train
WP_008466614	WP_182694102	train
WP_182768967	WP_182694102	train
WP_200220205	WP_182694102	train
WP_076923921	WP_182694102	train
WP_101164480	WP_182694102	train
WP_166421856	WP_182694102	train
WP_286247263	WP_182694102	train
WP_462673670	WP_182694102	train
WP_039489912	WP_182694102	train
WP_016899533	WP_182694102	train
WP_219421756	WP_182694102	train
WP_064385517	WP_182694102	train
WP_165721512	WP_182694102	train
WP_165742945	WP_182694102	train
WP_165735103	WP_182694102	train
WP_054982407	WP_182694102	train
WP_354629326	WP_182694102	train
WP_007375380	WP_182694102	train
WP_182197041	WP_182694102	train
WP_055014997	WP_182694102	train
WP_409425289	WP_182694102	train
WP_039036869	WP_182694102	train
WP_197110814	WP_182694102	train
WP_165724080	WP_182694102	train
WP_350314575	WP_182694102	train
WP_138686560	WP_182694102	train
WP_096041842	WP_182694102	train
WP_024599386	WP_182694102	train
WP_342879166	WP_182694102	train
WP_033039332	WP_182694102	train
WP_149592521	WP_182694102	train
WP_010555034	WP_182694102	train
WP_090492759	WP_182694102	train
WP_138613372	WP_182694102	train
WP_341607118	WP_182694102	train
WP_337151072	WP_182694102	train
WP_290187489	WP_182694102	train
WP_138562320	WP_182694102	train
WP_126006763	WP_182694102	train
WP_029773535	WP_182694102	train
WP_487202592	WP_182694102	train
WP_342875541	WP_182694102	train
WP_347154729	WP_182694102	train
WP_004587792	WP_182694102	train
WP_273588167	WP_182694102	train
WP_404487805	WP_182694102	train
WP_138586075	WP_182694102	train
WP_222714530	WP_182694102	train
WP_290173053	WP_182694102	train
WP_138765181	WP_182694102	train
WP_417668257	WP_182694102	train
WP_303429338	WP_182694102	train
WP_286888500	WP_182694102	train
WP_475606375	WP_182694102	train
WP_008134073	WP_182694102	train
WP_290173505	WP_182694102	train
WP_272451290	WP_182694102	train
WP_248451501	WP_182694102	train
WP_377114525	WP_182694102	train
WP_096739695	WP_182694102	train
WP_211000207	WP_182694102	train
WP_188160849	WP_182694102	train
WP_024590097	WP_182694102	train
WP_273586539	WP_182694102	train
WP_350585464	WP_182694102	train
WP_149602799	WP_182694102	train
WP_002959733	WP_182694102	train
WP_058551851	WP_182694102	train
WP_303546413	WP_182694102	train
WP_182733197	WP_182694102	train
WP_058404445	WP_182694102	train
WP_008131540	WP_182694102	train
WP_036982852	WP_182694102	train
WP_415635926	WP_182694102	train
WP_369620421	WP_182694102	train
WP_475222133	WP_182694102	train
WP_463241185	WP_182694102	train
WP_089347459	WP_182694102	train
WP_273046813	WP_182694102	train
WP_182770378	WP_182694102	train
WP_182672225	WP_182694102	train
WP_273611367	WP_182694102	train
WP_121637390	WP_182694102	train
WP_462879868	WP_182694102	train
WP_109874737	WP_182694102	train
WP_138530076	WP_182694102	train
WP_256845927	WP_182694102	train
WP_033102497	WP_182694102	train
WP_474700865	WP_182694102	train
WP_256850499	WP_182694102	train
WP_008166223	WP_182694102	train
WP_338363034	WP_182694102	train
WP_179806624	WP_182694102	train
WP_089368195	WP_182694102	train
WP_372762129	WP_182694102	train
WP_338411126	WP_182694102	train
WP_086994334	WP_182694102	train
WP_011328029	WP_182694102	train
WP_058373271	WP_182694102	train
WP_197108029	WP_182694102	train
WP_290193333	WP_182694102	train
WP_352298001	WP_182694102	train
WP_441833616	WP_182694102	train
WP_182677894	WP_182694102	train
WP_410194624	WP_410194624	train
WP_446833156	WP_446833156	train
WP_084257250	WP_084257250	test
WP_446230279	WP_084257250	test
WP_211645600	WP_211645600	train
WP_303563694	WP_211645600	train
WP_385876200	WP_385876200	val
WP_312453838	WP_312453838	train
WP_371243774	WP_371243774	train
WP_123800255	WP_371243774	train
WP_103795968	WP_371243774	train
WP_434123265	WP_371243774	train
WP_313118602	WP_371243774	train
WP_081138101	WP_371243774	train
WP_120454069	WP_371243774	train
WP_048781879	WP_371243774	train
WP_316135081	WP_371243774	train
WP_239315240	WP_371243774	train
WP_033790335	WP_371243774	train
WP_427106482	WP_371243774	train
WP_313619153	WP_371243774	train
WP_312062346	WP_371243774	train
WP_313588267	WP_371243774	train
WP_316555765	WP_371243774	train
WP_312112334	WP_371243774	train
WP_096073250	WP_371243774	train
WP_311784443	WP_371243774	train
WP_033746803	WP_371243774	train
WP_271153057	WP_371243774	train
WP_277269661	WP_371243774	train
WP_223497776	WP_223497776	train
WP_074029213	WP_223497776	train
WP_186528817	WP_223497776	train
WP_447883746	WP_223497776	train
WP_166732663	WP_223497776	train
WP_179246893	WP_223497776	train
WP_021181262	WP_223497776	train
WP_447881167	WP_223497776	train
WP_121606978	WP_223497776	train
WP_419235715	WP_223497776	train
WP_429617762	WP_223497776	train
WP_173409219	WP_223497776	train
WP_411755352	WP_223497776	train
WP_418337723	WP_223497776	train
WP_211136046	WP_223497776	train
WP_179250433	WP_223497776	train
WP_202672978	WP_223497776	train
WP_308870412	WP_223497776	train
WP_223535609	WP_223497776	train
WP_409486030	WP_223497776	train
WP_046808290	WP_223497776	train
WP_202727408	WP_223497776	train
WP_261467608	WP_223497776	train
WP_261458070	WP_223497776	train
WP_248947248	WP_223497776	train
WP_459402592	WP_223497776	train
WP_484384790	WP_223497776	train
WP_473187284	WP_223497776	train
WP_346825244	WP_223497776	train
WP_261145146	WP_223497776	train
WP_020827133	WP_223497776	train
WP_187961442	WP_223497776	train
WP_337047585	WP_223497776	train
WP_174574322	WP_223497776	train
WP_261280020	WP_223497776	train
WP_262242494	WP_223497776	train
WP_037399137	WP_223497776	train
WP_099785810	WP_223497776	train
WP_234584765	WP_223497776	train
WP_262198500	WP_223497776	train
WP_061795100	WP_223497776	train
WP_261146796	WP_223497776	train
WP_261115133	WP_223497776	train
WP_199636031	WP_223497776	train
WP_443003109	WP_223497776	train
WP_182822995	WP_223497776	train
WP_442229283	WP_223497776	train
WP_119802580	WP_223497776	train
WP_004945205	WP_223497776	train
WP_241922182	WP_223497776	train
WP_006321120	WP_223497776	train
WP_434460313	WP_223497776	train
WP_197767366	WP_223497776	train
WP_013813135	WP_223497776	train
WP_252960523	WP_223497776	train
WP_212560034	WP_223497776	train
WP_330761663	WP_223497776	train
WP_042784671	WP_223497776	train
WP_164057220	WP_223497776	train
WP_044551634	WP_223497776	train
WP_025119214	WP_223497776	train
WP_438690874	WP_223497776	train
WP_442999132	WP_223497776	train
WP_214513108	WP_214513108	train
WP_213992315	WP_214513108	train
WP_132921417	WP_214513108	train
WP_413724561	WP_214513108	train
WP_268073234	WP_268073234	test
WP_392562624	WP_392562624	train
WP_008488535	WP_008488535	train
WP_458602492	WP_458602492	val
WP_248995678	WP_458602492	val
WP_481080119	WP_481080119	test
WP_392559991	WP_392559991	train
WP_265694909	WP_265694909	test
WP_160648150	WP_265694909	test
WP_428430462	WP_265694909	test
WP_075766567	WP_265694909	test
WP_428452223	WP_265694909	test
WP_446519420	WP_265694909	test
WP_107272240	WP_265694909	test
WP_299014370	WP_265694909	test
WP_036798385	WP_265694909	test
WP_064602781	WP_265694909	test
WP_404402206	WP_404402206	test
WP_207353658	WP_207353658	val
WP_171758953	WP_171758953	test
