{"_wandb":{"runtime":573},"_timestamp":1.7470165362844903e+09,"train_loss":2.47506951491038,"total_flos":5.823154277056512e+15,"train/loss":2.4048,"train_steps_per_second":0.105,"train/global_step":60,"step":59,"eval/loss":2.402376890182495,"train_runtime":568.7998,"_runtime":573.239508634,"train_samples_per_second":263.326,"loss/train":0.15127111971378326,"train/learning_rate":2.4e-05,"train/epoch":19.8135593220339,"eval/samples_per_second":537.951,"_step":1020,"eval/runtime":2.6099,"train/grad_norm":18226.896484375,"eval/steps_per_second":4.215}