WP_097426177	100.000	100	865	865	867	0.0	1805	type I DNA topoisomerase [Escherichia coli]
WP_001297122	100.000	100	865	865	865	0.0	1805	MULTISPECIES: type I DNA topoisomerase [Enterobacteriaceae]
WP_089614871	100.000	100	865	865	874	0.0	1805	type I DNA topoisomerase [Escherichia coli]
WP_180478707	99.884	100	865	865	865	0.0	1804	type I DNA topoisomerase [Escherichia coli]
WP_097453058	99.884	100	865	865	865	0.0	1804	type I DNA topoisomerase [Escherichia coli]
WP_181674596	99.884	100	865	865	865	0.0	1804	type I DNA topoisomerase [Escherichia coli]
WP_187213353	99.884	100	865	865	865	0.0	1804	type I DNA topoisomerase [Escherichia coli]
WP_433819496	99.884	100	865	865	865	0.0	1804	type I DNA topoisomerase [Escherichia coli]
WP_094249227	99.884	100	865	865	865	0.0	1804	type I DNA topoisomerase [Escherichia coli]
WP_181678784	99.884	100	865	865	865	0.0	1804	type I DNA topoisomerase [Escherichia coli]
WP_097766031	99.884	100	865	865	865	0.0	1804	type I DNA topoisomerase [Escherichia coli]
WP_112039181	99.884	100	865	865	865	0.0	1804	type I DNA topoisomerase [Escherichia coli]
WP_115185544	99.884	100	865	865	865	0.0	1804	type I DNA topoisomerase [Escherichia coli]
WP_096982656	99.884	100	865	865	865	0.0	1804	type I DNA topoisomerase [Escherichia coli]
WP_100028632	99.884	100	865	865	865	0.0	1804	type I DNA topoisomerase [Escherichia coli]
WP_112979004	99.884	100	865	865	865	0.0	1804	type I DNA topoisomerase [Escherichia coli]
WP_032191162	99.884	100	865	865	865	0.0	1804	type I DNA topoisomerase [Escherichia coli]
WP_061348823	99.884	100	865	865	865	0.0	1804	type I DNA topoisomerase [Escherichia coli]
WP_340584467	99.884	100	865	865	865	0.0	1804	type I DNA topoisomerase [Escherichia coli]
WP_443462592	99.884	100	865	865	865	0.0	1804	type I DNA topoisomerase [Escherichia coli]
WP_115455889	99.884	100	865	865	865	0.0	1804	type I DNA topoisomerase [Escherichia coli]
WP_112039406	99.884	100	865	865	865	0.0	1804	type I DNA topoisomerase [Escherichia coli]
WP_462063882	99.884	100	865	865	865	0.0	1804	N/A
WP_061360079	99.884	100	865	865	865	0.0	1804	type I DNA topoisomerase [Escherichia coli]
WP_194523803	99.884	100	865	865	865	0.0	1804	type I DNA topoisomerase [Escherichia coli]
WP_097329986	99.884	100	865	865	865	0.0	1804	type I DNA topoisomerase [Escherichia coli]
WP_192856617	100.000	100	864	865	864	0.0	1804	type I DNA topoisomerase, partial [Escherichia coli]
WP_126709993	99.884	100	865	865	865	0.0	1804	type I DNA topoisomerase [Escherichia coli]
WP_282057851	99.884	100	865	865	865	0.0	1804	type I DNA topoisomerase [Escherichia coli]
WP_097743229	99.884	100	865	865	865	0.0	1804	type I DNA topoisomerase [Escherichia coli]
WP_057720002	99.884	100	865	865	865	0.0	1804	type I DNA topoisomerase [Escherichia coli]
WP_247143598	99.884	100	865	865	865	0.0	1804	type I DNA topoisomerase [Escherichia coli]
WP_088543100	99.884	100	865	865	865	0.0	1804	type I DNA topoisomerase [Escherichia coli]
WP_032280486	99.884	100	865	865	865	0.0	1804	type I DNA topoisomerase [Escherichia coli]
WP_426653086	99.884	100	865	865	865	0.0	1804	type I DNA topoisomerase [Escherichia coli]
WP_233334912	99.884	100	865	865	865	0.0	1804	type I DNA topoisomerase [Escherichia coli]
WP_311011633	99.884	100	865	865	865	0.0	1803	type I DNA topoisomerase [Escherichia coli]
WP_097737660	99.884	100	865	865	865	0.0	1803	type I DNA topoisomerase [Escherichia coli]
WP_473050847	99.884	100	865	865	865	0.0	1803	N/A
WP_367173414	99.884	100	865	865	865	0.0	1803	type I DNA topoisomerase [Escherichia coli]
WP_447490038	99.884	100	865	865	865	0.0	1803	type I DNA topoisomerase [Escherichia coli]
WP_258313836	99.884	100	865	865	865	0.0	1803	type I DNA topoisomerase [Escherichia coli]
WP_206245930	99.884	100	865	865	865	0.0	1803	type I DNA topoisomerase [Escherichia coli]
WP_232806482	99.884	100	865	865	865	0.0	1803	type I DNA topoisomerase [Escherichia coli]
WP_425747600	99.884	100	865	865	865	0.0	1803	type I DNA topoisomerase [Escherichia coli]
WP_001573409	99.884	100	865	865	865	0.0	1803	type I DNA topoisomerase [Escherichia coli]
WP_112049928	99.884	100	865	865	865	0.0	1803	type I DNA topoisomerase [Escherichia coli]
WP_096948356	99.884	100	865	865	865	0.0	1803	type I DNA topoisomerase [Escherichia coli]
WP_012421655	99.884	100	865	865	865	0.0	1803	MULTISPECIES: type I DNA topoisomerase [Shigella]
WP_410203555	99.884	100	865	865	865	0.0	1803	type I DNA topoisomerase [Escherichia coli]
WP_126492244	99.884	100	865	865	865	0.0	1803	type I DNA topoisomerase [Escherichia coli]
WP_097561735	99.884	100	865	865	865	0.0	1803	type I DNA topoisomerase [Escherichia coli]
WP_001347791	99.884	100	865	865	865	0.0	1803	type I DNA topoisomerase [Escherichia coli]
WP_331431295	99.884	100	865	865	865	0.0	1803	type I DNA topoisomerase [Escherichia coli]
WP_078166360	99.884	100	865	865	865	0.0	1803	type I DNA topoisomerase [Shigella boydii]
WP_065807689	99.884	100	865	865	865	0.0	1803	type I DNA topoisomerase [Escherichia coli]
WP_247145821	99.884	100	865	865	865	0.0	1803	type I DNA topoisomerase [Escherichia coli]
WP_001342100	100.000	100	864	865	867	0.0	1803	MULTISPECIES: type I DNA topoisomerase [Enterobacteriaceae]
WP_305865306	99.884	100	865	865	865	0.0	1803	type I DNA topoisomerase [Escherichia coli]
WP_167737002	99.884	100	865	865	865	0.0	1803	type I DNA topoisomerase [Escherichia coli]
WP_040089153	99.884	100	865	865	865	0.0	1803	type I DNA topoisomerase [Escherichia coli]
WP_216404963	99.884	100	865	865	865	0.0	1803	type I DNA topoisomerase [Escherichia sp. S2_ASV_4]
WP_387372041	99.884	100	865	865	865	0.0	1803	type I DNA topoisomerase [Escherichia coli]
WP_137538174	99.884	100	865	865	865	0.0	1803	type I DNA topoisomerase [Escherichia coli]
WP_089566857	99.884	100	865	865	865	0.0	1803	type I DNA topoisomerase [Escherichia coli]
WP_231337759	99.884	100	865	865	865	0.0	1803	type I DNA topoisomerase [Escherichia coli]
WP_130568304	99.884	100	865	865	865	0.0	1803	type I DNA topoisomerase [Escherichia coli]
WP_374057141	99.884	100	865	865	865	0.0	1803	type I DNA topoisomerase [Escherichia coli]
WP_201491825	99.884	100	865	865	865	0.0	1803	type I DNA topoisomerase [Escherichia coli]
WP_114435652	99.884	100	865	865	865	0.0	1803	type I DNA topoisomerase [Escherichia coli]
WP_064236980	99.884	100	865	865	865	0.0	1803	type I DNA topoisomerase [Escherichia coli]
WP_057696432	99.884	100	865	865	865	0.0	1803	type I DNA topoisomerase [Escherichia coli]
WP_119176830	99.884	100	865	865	865	0.0	1803	type I DNA topoisomerase [Shigella dysenteriae]
WP_109962601	99.884	100	865	865	865	0.0	1803	type I DNA topoisomerase [Escherichia coli]
WP_255399014	99.884	100	865	865	865	0.0	1803	type I DNA topoisomerase [Escherichia coli]
WP_205848708	99.884	100	865	865	865	0.0	1803	type I DNA topoisomerase [Escherichia coli]
WP_332142002	99.884	100	865	865	865	0.0	1803	type I DNA topoisomerase [Escherichia coli]
WP_089643733	99.884	100	865	865	865	0.0	1803	type I DNA topoisomerase [Escherichia coli]
WP_433288905	99.884	100	865	865	865	0.0	1803	type I DNA topoisomerase [Escherichia coli]
WP_160333669	99.884	100	865	865	865	0.0	1803	type I DNA topoisomerase [Escherichia coli]
WP_097438257	99.884	100	865	865	865	0.0	1803	type I DNA topoisomerase [Escherichia coli]
WP_191641545	99.884	100	865	865	865	0.0	1803	type I DNA topoisomerase [Escherichia coli]
WP_097412927	99.884	100	865	865	865	0.0	1803	type I DNA topoisomerase [Escherichia coli]
WP_115207242	99.884	100	865	865	865	0.0	1803	type I DNA topoisomerase [Escherichia coli]
WP_243050989	99.884	100	865	865	865	0.0	1803	type I DNA topoisomerase [Escherichia coli]
WP_426367246	99.884	100	865	865	865	0.0	1803	type I DNA topoisomerase [Escherichia coli]
WP_001428676	99.884	100	865	865	865	0.0	1803	type I DNA topoisomerase [Escherichia coli]
WP_242898438	99.884	100	865	865	865	0.0	1803	type I DNA topoisomerase [Escherichia coli]
WP_136768144	99.884	100	865	865	865	0.0	1803	type I DNA topoisomerase [Escherichia coli]
WP_066009294	99.884	100	865	865	865	0.0	1803	type I DNA topoisomerase [Escherichia coli]
WP_268582918	99.884	100	865	865	865	0.0	1803	type I DNA topoisomerase [Escherichia coli]
WP_247144513	99.884	100	865	865	865	0.0	1803	type I DNA topoisomerase [Escherichia coli]
WP_289643863	99.884	100	865	865	865	0.0	1803	type I DNA topoisomerase [uncultured Escherichia sp.]
WP_137528197	99.884	100	865	865	865	0.0	1803	type I DNA topoisomerase [Escherichia coli]
WP_236118841	99.884	100	865	865	865	0.0	1803	type I DNA topoisomerase [Escherichia coli]
WP_069904852	99.884	100	865	865	865	0.0	1803	type I DNA topoisomerase [Escherichia coli]
WP_236429410	99.884	100	865	865	865	0.0	1803	type I DNA topoisomerase [Escherichia coli]
WP_032261103	99.884	100	865	865	865	0.0	1803	type I DNA topoisomerase [Escherichia coli]
WP_001669681	99.884	100	865	865	865	0.0	1803	type I DNA topoisomerase [Escherichia coli]
WP_232395194	99.884	100	865	865	865	0.0	1803	type I DNA topoisomerase [Escherichia coli]
WP_461203675	99.884	100	865	865	865	0.0	1803	N/A
WP_001423441	99.884	100	865	865	865	0.0	1803	MULTISPECIES: type I DNA topoisomerase [Enterobacteriaceae]
WP_063628500	99.884	100	865	865	865	0.0	1803	type I DNA topoisomerase [Escherichia coli]
WP_347943668	99.884	100	865	865	865	0.0	1803	type I DNA topoisomerase [Escherichia coli]
WP_406584343	99.884	100	865	865	865	0.0	1803	type I DNA topoisomerase [Escherichia coli]
WP_097432349	99.884	100	865	865	865	0.0	1803	type I DNA topoisomerase [Escherichia coli]
WP_332999888	99.884	100	865	865	865	0.0	1803	type I DNA topoisomerase [Escherichia coli]
WP_032179017	99.884	100	865	865	865	0.0	1803	MULTISPECIES: type I DNA topoisomerase [Escherichia]
WP_089587500	99.884	100	865	865	865	0.0	1803	type I DNA topoisomerase [Escherichia coli]
WP_338386711	99.884	100	865	865	865	0.0	1803	type I DNA topoisomerase [Escherichia coli]
WP_484081941	99.884	100	865	865	865	0.0	1803	N/A
WP_032221027	99.884	100	865	865	865	0.0	1803	type I DNA topoisomerase [Escherichia coli]
WP_121868792	99.884	100	865	865	865	0.0	1803	type I DNA topoisomerase [Escherichia coli]
WP_421516011	99.884	100	865	865	865	0.0	1803	type I DNA topoisomerase [Escherichia coli]
WP_125269818	99.884	100	865	865	865	0.0	1803	type I DNA topoisomerase [Escherichia coli]
WP_282654204	99.884	100	865	865	865	0.0	1803	type I DNA topoisomerase [Escherichia coli]
WP_269542849	99.884	100	865	865	865	0.0	1803	N/A
WP_394780559	99.884	100	865	865	865	0.0	1803	type I DNA topoisomerase [Escherichia coli]
WP_136758401	99.884	100	865	865	865	0.0	1803	type I DNA topoisomerase [Escherichia coli]
WP_248786064	99.884	100	865	865	865	0.0	1803	type I DNA topoisomerase [Escherichia coli]
WP_160379793	99.884	100	865	865	865	0.0	1803	type I DNA topoisomerase [Escherichia coli]
WP_072643338	99.884	100	865	865	865	0.0	1803	type I DNA topoisomerase [Escherichia coli]
WP_001681014	99.884	100	865	865	865	0.0	1803	MULTISPECIES: type I DNA topoisomerase [Enterobacteriaceae]
WP_122367646	99.884	100	865	865	865	0.0	1803	type I DNA topoisomerase [Escherichia coli]
WP_087895482	99.884	100	865	865	865	0.0	1803	type I DNA topoisomerase [Escherichia coli]
WP_123873082	99.884	100	865	865	865	0.0	1803	type I DNA topoisomerase [Escherichia coli]
WP_021518705	99.884	100	865	865	865	0.0	1803	type I DNA topoisomerase [Escherichia coli]
WP_001541847	99.884	100	865	865	865	0.0	1803	type I DNA topoisomerase [Escherichia coli]
WP_330499393	99.884	100	865	865	865	0.0	1803	type I DNA topoisomerase [Escherichia coli]
WP_146313851	99.884	100	865	865	865	0.0	1803	type I DNA topoisomerase [Escherichia coli]
WP_054494245	99.884	100	865	865	865	0.0	1803	type I DNA topoisomerase [Escherichia coli]
WP_104731239	99.884	100	865	865	865	0.0	1803	type I DNA topoisomerase [Escherichia coli]
WP_329481949	99.884	100	865	865	865	0.0	1803	type I DNA topoisomerase [Escherichia coli]
WP_250346733	99.884	100	865	865	865	0.0	1803	type I DNA topoisomerase [Escherichia coli]
WP_353527156	99.884	100	865	865	865	0.0	1803	type I DNA topoisomerase [Escherichia coli]
WP_423410939	99.884	100	865	865	865	0.0	1803	type I DNA topoisomerase [Escherichia coli]
WP_414771148	99.884	100	865	865	865	0.0	1803	type I DNA topoisomerase [Escherichia coli]
WP_187173632	99.884	100	865	865	865	0.0	1803	type I DNA topoisomerase [Escherichia coli]
WP_140256037	99.884	100	865	865	865	0.0	1803	type I DNA topoisomerase [Escherichia coli]
WP_190300536	99.884	100	865	865	865	0.0	1803	type I DNA topoisomerase [Escherichia coli]
WP_001726005	99.884	100	865	865	865	0.0	1803	type I DNA topoisomerase [Escherichia coli]
WP_060460668	100.000	100	864	865	865	0.0	1803	type I DNA topoisomerase [Escherichia coli]
WP_001698223	99.884	100	865	865	865	0.0	1803	type I DNA topoisomerase [Escherichia coli]
WP_423705385	99.884	100	865	865	865	0.0	1803	type I DNA topoisomerase [Escherichia coli]
WP_113402806	99.884	100	865	865	865	0.0	1803	type I DNA topoisomerase [Escherichia coli]
WP_167817622	99.884	100	865	865	865	0.0	1803	type I DNA topoisomerase [Escherichia coli]
WP_302313090	99.884	100	865	865	865	0.0	1803	type I DNA topoisomerase [Escherichia coli]
WP_104806687	99.884	100	865	865	865	0.0	1803	type I DNA topoisomerase [Escherichia coli]
WP_284570736	99.884	100	865	865	865	0.0	1803	type I DNA topoisomerase [Escherichia coli]
WP_160539349	99.884	100	865	865	865	0.0	1803	type I DNA topoisomerase [Escherichia coli]
WP_322277592	99.884	100	865	865	865	0.0	1803	type I DNA topoisomerase [Escherichia coli]
WP_113642433	99.884	100	865	865	865	0.0	1803	type I DNA topoisomerase [Escherichia coli]
WP_289422044	99.884	100	865	865	865	0.0	1803	type I DNA topoisomerase [Escherichia coli]
WP_262009906	99.884	100	865	865	865	0.0	1803	type I DNA topoisomerase [Escherichia coli]
WP_264353673	99.884	100	865	865	865	0.0	1803	type I DNA topoisomerase [Escherichia coli]
WP_119186902	99.884	100	865	865	865	0.0	1803	type I DNA topoisomerase [Escherichia coli]
WP_118977504	99.884	100	865	865	865	0.0	1803	type I DNA topoisomerase [Escherichia coli]
WP_253144465	99.884	100	865	865	865	0.0	1803	type I DNA topoisomerase [Escherichia coli]
WP_334408750	99.884	100	865	865	865	0.0	1803	type I DNA topoisomerase [Escherichia coli]
WP_218794167	99.884	100	865	865	865	0.0	1803	type I DNA topoisomerase [Escherichia coli]
WP_289703131	99.884	100	865	865	865	0.0	1803	type I DNA topoisomerase [Escherichia coli]
WP_064562387	99.884	100	865	865	865	0.0	1803	type I DNA topoisomerase [Escherichia coli]
WP_047596462	99.884	100	865	865	865	0.0	1803	type I DNA topoisomerase [Escherichia coli]
WP_262941083	99.884	100	865	865	865	0.0	1803	type I DNA topoisomerase [Escherichia coli]
WP_241233303	99.884	100	865	865	865	0.0	1803	type I DNA topoisomerase [Escherichia coli]
WP_089626780	99.884	100	865	865	865	0.0	1803	type I DNA topoisomerase [Escherichia coli]
WP_222698304	99.884	100	865	865	865	0.0	1803	type I DNA topoisomerase [Escherichia coli]
WP_284095477	99.884	100	865	865	865	0.0	1803	type I DNA topoisomerase [Escherichia coli]
WP_097504823	99.884	100	865	865	865	0.0	1803	type I DNA topoisomerase [Escherichia coli]
WP_074014671	99.884	100	865	865	865	0.0	1803	type I DNA topoisomerase [Escherichia coli]
WP_103857512	99.884	100	865	865	865	0.0	1803	type I DNA topoisomerase [Escherichia coli]
WP_075328792	99.884	100	865	865	865	0.0	1803	type I DNA topoisomerase [Escherichia coli]
WP_225857789	99.884	100	865	865	865	0.0	1803	type I DNA topoisomerase [Escherichia coli]
WP_311017004	99.884	100	865	865	865	0.0	1803	type I DNA topoisomerase [Escherichia coli]
WP_069905730	99.884	100	865	865	865	0.0	1803	type I DNA topoisomerase [Escherichia coli]
WP_409386272	99.884	100	865	865	865	0.0	1803	type I DNA topoisomerase [Escherichia coli]
WP_089581943	99.884	100	865	865	865	0.0	1803	type I DNA topoisomerase [Escherichia coli]
WP_096321656	99.884	100	865	865	865	0.0	1803	type I DNA topoisomerase [Escherichia coli]
WP_032257049	99.884	100	865	865	865	0.0	1803	type I DNA topoisomerase [Escherichia coli]
WP_434105751	99.884	100	865	865	865	0.0	1803	type I DNA topoisomerase [Escherichia coli]
WP_061350308	99.884	100	865	865	865	0.0	1803	type I DNA topoisomerase [Escherichia coli]
WP_021552277	99.884	100	865	865	865	0.0	1803	type I DNA topoisomerase [Escherichia coli]
WP_316964735	99.884	100	865	865	865	0.0	1803	type I DNA topoisomerase [Escherichia coli]
WP_106486535	99.884	100	865	865	865	0.0	1803	type I DNA topoisomerase [Escherichia coli]
WP_069917268	99.884	100	865	865	865	0.0	1803	type I DNA topoisomerase [Escherichia coli]
WP_105076130	99.884	100	865	865	865	0.0	1803	type I DNA topoisomerase [Escherichia coli]
WP_256548006	99.884	100	865	865	865	0.0	1803	type I DNA topoisomerase [Escherichia coli]
WP_099373806	99.884	100	865	865	865	0.0	1803	type I DNA topoisomerase [Escherichia coli]
WP_471727126	99.884	100	865	865	865	0.0	1803	N/A
WP_121351260	99.884	100	865	865	865	0.0	1803	type I DNA topoisomerase [Escherichia coli]
WP_447564826	99.884	100	865	865	865	0.0	1803	type I DNA topoisomerase [Escherichia coli]
WP_089518695	99.884	100	865	865	865	0.0	1803	type I DNA topoisomerase [Escherichia coli]
WP_057777575	99.884	100	865	865	865	0.0	1803	type I DNA topoisomerase [Escherichia coli]
WP_447489792	99.884	100	865	865	865	0.0	1803	type I DNA topoisomerase [Escherichia coli]
WP_045149545	99.884	100	865	865	865	0.0	1803	type I DNA topoisomerase [Escherichia coli]
WP_042049273	99.884	100	865	865	865	0.0	1803	type I DNA topoisomerase [Escherichia coli]
WP_072646801	99.884	100	865	865	865	0.0	1803	type I DNA topoisomerase [Escherichia coli]
WP_096854949	99.884	100	865	865	865	0.0	1803	type I DNA topoisomerase [Escherichia coli]
WP_270369158	99.884	100	865	865	865	0.0	1803	type I DNA topoisomerase [Escherichia coli]
WP_001354108	99.884	100	865	865	865	0.0	1802	type I DNA topoisomerase [Escherichia coli]
WP_243044052	99.884	100	865	865	865	0.0	1802	type I DNA topoisomerase [Escherichia coli]
WP_238023918	99.884	100	865	865	865	0.0	1802	type I DNA topoisomerase [Escherichia coli]
WP_130525818	99.884	100	865	865	865	0.0	1802	type I DNA topoisomerase [Escherichia coli]
WP_225568209	99.884	100	865	865	865	0.0	1802	type I DNA topoisomerase [Escherichia coli]
WP_137549280	99.884	100	865	865	865	0.0	1802	type I DNA topoisomerase [Escherichia coli]
WP_063077576	99.884	100	865	865	865	0.0	1802	type I DNA topoisomerase [Escherichia coli]
WP_263766718	99.884	100	865	865	865	0.0	1802	type I DNA topoisomerase [Escherichia coli]
WP_077167861	99.884	100	865	865	865	0.0	1802	type I DNA topoisomerase [Escherichia coli]
WP_166488420	99.884	100	865	865	865	0.0	1802	type I DNA topoisomerase [Escherichia coli]
WP_137533932	99.884	100	865	865	865	0.0	1802	type I DNA topoisomerase [Escherichia coli]
WP_113411750	99.884	100	865	865	865	0.0	1802	type I DNA topoisomerase [Escherichia coli]
WP_163388228	99.884	100	865	865	865	0.0	1802	type I DNA topoisomerase [Escherichia coli]
WP_076751418	99.884	100	865	865	865	0.0	1802	type I DNA topoisomerase [Escherichia coli]
WP_203148526	99.884	100	865	865	865	0.0	1802	type I DNA topoisomerase [Escherichia coli]
WP_106888977	99.884	100	865	865	865	0.0	1802	type I DNA topoisomerase [Escherichia coli]
WP_254670933	99.884	100	865	865	865	0.0	1802	type I DNA topoisomerase [Escherichia coli]
WP_247178183	99.884	100	865	865	865	0.0	1802	type I DNA topoisomerase [Escherichia coli]
WP_247153410	99.884	100	865	865	865	0.0	1802	type I DNA topoisomerase [Escherichia coli]
WP_096970935	99.884	100	865	865	865	0.0	1802	type I DNA topoisomerase [Escherichia coli]
WP_311008941	99.884	100	865	865	865	0.0	1802	type I DNA topoisomerase [Escherichia coli]
WP_221684260	99.884	100	865	865	865	0.0	1802	MULTISPECIES: type I DNA topoisomerase [Escherichia]
WP_206343457	99.884	100	865	865	865	0.0	1802	type I DNA topoisomerase [Escherichia coli]
WP_413460872	99.884	100	865	865	865	0.0	1802	type I DNA topoisomerase [Escherichia coli]
WP_032342674	99.884	100	865	865	865	0.0	1802	type I DNA topoisomerase [Escherichia coli]
WP_147692244	99.884	100	865	865	865	0.0	1802	type I DNA topoisomerase [Escherichia coli]
WP_001326307	99.884	100	865	865	865	0.0	1802	MULTISPECIES: type I DNA topoisomerase [Enterobacteriaceae]
WP_222669901	99.884	100	865	865	865	0.0	1802	type I DNA topoisomerase [Escherichia coli]
WP_337227086	99.884	100	865	865	865	0.0	1802	type I DNA topoisomerase [Escherichia coli]
WP_276377001	99.884	100	865	865	865	0.0	1802	type I DNA topoisomerase [Escherichia coli]
WP_053900860	99.884	100	865	865	865	0.0	1802	type I DNA topoisomerase [Escherichia coli]
WP_097731269	99.884	100	865	865	865	0.0	1802	type I DNA topoisomerase [Escherichia coli]
WP_220410040	99.884	100	865	865	865	0.0	1802	type I DNA topoisomerase [Escherichia coli]
WP_097499381	99.884	100	865	865	865	0.0	1802	type I DNA topoisomerase [Escherichia coli]
WP_442677288	99.884	100	865	865	865	0.0	1802	type I DNA topoisomerase [Escherichia coli]
WP_001437686	99.884	100	865	865	865	0.0	1802	type I DNA topoisomerase [Escherichia coli]
WP_003915304	99.884	100	865	865	865	0.0	1802	type I DNA topoisomerase [Escherichia coli]
WP_044697417	99.884	100	865	865	865	0.0	1802	type I DNA topoisomerase [Escherichia coli]
WP_097416271	99.884	100	865	865	865	0.0	1802	type I DNA topoisomerase [Escherichia coli]
WP_063074346	99.884	100	865	865	865	0.0	1802	type I DNA topoisomerase [Escherichia coli]
WP_123912282	99.884	100	865	865	865	0.0	1802	type I DNA topoisomerase [Escherichia coli]
WP_089529374	99.884	100	865	865	865	0.0	1802	type I DNA topoisomerase [Escherichia coli]
WP_446188638	99.884	100	865	865	865	0.0	1802	type I DNA topoisomerase [Escherichia coli]
WP_115735524	99.884	100	865	865	865	0.0	1802	type I DNA topoisomerase [Escherichia coli]
WP_407981177	99.884	100	865	865	865	0.0	1802	type I DNA topoisomerase [Escherichia coli]
WP_310563366	99.884	100	865	865	865	0.0	1802	type I DNA topoisomerase [Escherichia coli]
WP_407109662	99.884	100	865	865	865	0.0	1802	type I DNA topoisomerase [Escherichia coli]
WP_050939467	99.884	100	865	865	865	0.0	1802	type I DNA topoisomerase [Escherichia coli]
WP_226478762	99.884	100	865	865	865	0.0	1802	type I DNA topoisomerase [Escherichia coli]
WP_105907838	99.884	100	865	865	865	0.0	1802	type I DNA topoisomerase [Escherichia coli]
WP_137515564	99.884	100	865	865	865	0.0	1802	type I DNA topoisomerase [Escherichia coli]
WP_085334235	99.884	100	865	865	865	0.0	1802	type I DNA topoisomerase [Escherichia coli]
WP_286629601	99.884	100	865	865	865	0.0	1802	type I DNA topoisomerase [Escherichia coli]
WP_163433315	99.884	100	865	865	865	0.0	1802	type I DNA topoisomerase [Escherichia coli]
WP_196317853	99.884	100	865	865	865	0.0	1802	type I DNA topoisomerase [Escherichia coli]
WP_097507272	99.884	100	865	865	865	0.0	1802	type I DNA topoisomerase [Escherichia coli]
WP_337453176	99.884	100	865	865	865	0.0	1802	type I DNA topoisomerase [Escherichia coli]
WP_096967778	99.884	100	865	865	865	0.0	1802	type I DNA topoisomerase [Escherichia coli]
WP_058128075	99.884	100	865	865	865	0.0	1802	type I DNA topoisomerase [Escherichia coli]
WP_112015207	99.884	100	865	865	865	0.0	1802	type I DNA topoisomerase [Escherichia coli]
WP_062865036	99.884	100	865	865	865	0.0	1802	type I DNA topoisomerase [Escherichia coli]
WP_098027822	99.884	100	865	865	865	0.0	1802	type I DNA topoisomerase [Escherichia coli]
WP_112917305	99.884	100	865	865	865	0.0	1802	type I DNA topoisomerase [Escherichia coli]
WP_136697595	99.884	100	865	865	865	0.0	1802	type I DNA topoisomerase [Escherichia coli]
WP_151325451	99.884	100	865	865	865	0.0	1802	type I DNA topoisomerase [Escherichia coli]
WP_089622992	99.884	100	865	865	865	0.0	1802	type I DNA topoisomerase [Escherichia coli]
WP_277204169	99.884	100	865	865	865	0.0	1802	type I DNA topoisomerase [Escherichia coli]
WP_053877708	99.884	100	865	865	865	0.0	1802	type I DNA topoisomerase [Escherichia coli]
WP_094316603	99.884	100	865	865	865	0.0	1802	MULTISPECIES: type I DNA topoisomerase [Enterobacteriaceae]
WP_101191328	99.884	100	865	865	865	0.0	1802	type I DNA topoisomerase [Escherichia coli]
WP_201489910	99.884	100	865	865	865	0.0	1802	type I DNA topoisomerase [Escherichia coli]
WP_265935175	99.884	100	865	865	865	0.0	1802	type I DNA topoisomerase [Escherichia coli]
WP_279967804	99.884	100	865	865	865	0.0	1802	type I DNA topoisomerase [Escherichia coli]
WP_284345531	99.884	100	865	865	865	0.0	1802	type I DNA topoisomerase [Escherichia coli]
WP_407979716	99.884	100	865	865	865	0.0	1802	type I DNA topoisomerase [Escherichia coli]
WP_047663626	99.884	100	865	865	865	0.0	1802	type I DNA topoisomerase [Escherichia coli]
WP_001468644	99.884	100	865	865	865	0.0	1802	type I DNA topoisomerase [Escherichia coli]
WP_040038412	99.884	100	865	865	865	0.0	1802	type I DNA topoisomerase [Escherichia coli]
WP_287167498	99.884	100	865	865	865	0.0	1802	type I DNA topoisomerase [Escherichia sp.]
WP_170908221	99.884	100	865	865	865	0.0	1802	type I DNA topoisomerase [Escherichia coli]
WP_001481542	99.884	100	865	865	865	0.0	1802	type I DNA topoisomerase [Escherichia coli]
WP_001482712	99.884	100	865	865	865	0.0	1802	type I DNA topoisomerase [Escherichia coli]
WP_222903777	99.884	100	865	865	865	0.0	1802	type I DNA topoisomerase [Escherichia coli]
WP_097296041	99.884	100	865	865	865	0.0	1802	type I DNA topoisomerase [Escherichia coli]
WP_001466145	99.884	100	865	865	865	0.0	1802	type I DNA topoisomerase [Escherichia coli]
WP_350422321	99.884	100	865	865	865	0.0	1802	type I DNA topoisomerase [Escherichia coli]
WP_338297467	99.884	100	865	865	865	0.0	1802	type I DNA topoisomerase [Escherichia coli]
WP_247165343	99.884	100	865	865	865	0.0	1802	type I DNA topoisomerase [Escherichia coli]
WP_136761015	99.884	100	865	865	865	0.0	1802	type I DNA topoisomerase [Escherichia coli]
WP_001583462	99.884	100	865	865	865	0.0	1802	type I DNA topoisomerase [Escherichia coli]
WP_001574321	99.884	100	865	865	865	0.0	1802	type I DNA topoisomerase [Escherichia coli]
WP_426853422	99.884	100	865	865	865	0.0	1802	type I DNA topoisomerase [Escherichia coli]
WP_097294803	99.884	100	865	865	865	0.0	1802	type I DNA topoisomerase [Escherichia coli]
WP_112019809	99.884	100	865	865	865	0.0	1802	type I DNA topoisomerase [Escherichia coli]
WP_073820680	99.884	100	865	865	865	0.0	1802	type I DNA topoisomerase [Escherichia coli]
WP_210173332	99.884	100	865	865	865	0.0	1802	type I DNA topoisomerase [Escherichia coli]
WP_257189850	99.884	100	865	865	865	0.0	1802	type I DNA topoisomerase [Escherichia coli]
WP_441103013	99.884	100	865	865	865	0.0	1802	type I DNA topoisomerase [Escherichia coli]
WP_465080875	99.769	100	865	865	865	0.0	1802	N/A
WP_001614507	99.884	100	865	865	865	0.0	1802	type I DNA topoisomerase [Escherichia coli]
WP_001298801	99.884	100	865	865	865	0.0	1802	type I DNA topoisomerase [Escherichia coli]
WP_116967962	99.884	100	865	865	865	0.0	1802	type I DNA topoisomerase [Escherichia coli]
WP_170900528	99.884	100	865	865	865	0.0	1802	type I DNA topoisomerase [Escherichia coli]
WP_405248900	99.769	100	865	865	865	0.0	1802	type I DNA topoisomerase [Escherichia coli]
WP_129541869	99.884	100	865	865	865	0.0	1802	type I DNA topoisomerase [Escherichia coli]
WP_231366968	99.884	100	865	865	865	0.0	1802	type I DNA topoisomerase [Escherichia coli]
WP_097680496	99.884	100	865	865	865	0.0	1802	type I DNA topoisomerase [Escherichia coli]
WP_349398136	99.884	100	865	865	865	0.0	1802	type I DNA topoisomerase [Escherichia coli]
WP_047086937	99.884	100	865	865	865	0.0	1802	MULTISPECIES: type I DNA topoisomerase [Escherichia]
WP_227899072	99.884	100	865	865	865	0.0	1802	type I DNA topoisomerase [Escherichia coli]
WP_267812607	99.884	100	865	865	865	0.0	1802	type I DNA topoisomerase [Escherichia coli]
WP_414738378	99.884	100	865	865	865	0.0	1802	type I DNA topoisomerase [Escherichia coli]
WP_416503181	99.884	100	865	865	865	0.0	1802	type I DNA topoisomerase [Escherichia coli]
WP_137595444	99.884	100	865	865	865	0.0	1802	type I DNA topoisomerase [Escherichia coli]
WP_210179557	99.884	100	865	865	865	0.0	1802	type I DNA topoisomerase [Escherichia coli]
WP_429872273	99.884	100	865	865	865	0.0	1802	type I DNA topoisomerase [Escherichia coli]
WP_057109924	99.884	100	865	865	865	0.0	1802	type I DNA topoisomerase [Escherichia coli]
WP_096960187	100.000	100	863	865	863	0.0	1802	type I DNA topoisomerase [Escherichia coli]
WP_089576709	99.884	100	865	865	865	0.0	1802	type I DNA topoisomerase [Escherichia coli]
WP_316945485	99.884	100	865	865	865	0.0	1802	type I DNA topoisomerase [Escherichia coli]
WP_063100160	99.884	100	865	865	865	0.0	1802	MULTISPECIES: type I DNA topoisomerase [Enterobacteriaceae]
WP_227168627	99.884	100	865	865	865	0.0	1802	type I DNA topoisomerase [Escherichia coli]
WP_311042392	99.884	100	865	865	865	0.0	1802	type I DNA topoisomerase [Escherichia coli]
WP_323621904	99.884	100	865	865	865	0.0	1802	type I DNA topoisomerase [Escherichia coli]
WP_125272887	99.884	100	865	865	865	0.0	1802	type I DNA topoisomerase [Escherichia coli]
WP_136792849	99.884	100	865	865	865	0.0	1802	type I DNA topoisomerase [Escherichia coli]
WP_096838835	99.884	100	865	865	865	0.0	1802	type I DNA topoisomerase [Escherichia coli]
WP_123135026	99.884	100	865	865	865	0.0	1802	type I DNA topoisomerase [Escherichia coli]
WP_473001896	99.884	100	865	865	865	0.0	1802	N/A
WP_159135345	99.884	100	865	865	865	0.0	1802	type I DNA topoisomerase [Escherichia coli]
WP_409230654	99.884	100	865	865	865	0.0	1802	type I DNA topoisomerase [Escherichia coli]
WP_472648825	99.884	100	865	865	865	0.0	1802	N/A
WP_264752354	99.884	100	865	865	865	0.0	1802	type I DNA topoisomerase [Escherichia coli]
WP_001593985	99.884	100	865	865	865	0.0	1802	type I DNA topoisomerase [Escherichia coli]
WP_167582759	99.884	100	865	865	865	0.0	1802	type I DNA topoisomerase [Escherichia coli]
WP_454086554	99.884	100	865	865	865	0.0	1802	type I DNA topoisomerase [Escherichia coli]
WP_196606116	99.884	100	865	865	865	0.0	1802	type I DNA topoisomerase [Escherichia coli]
WP_116585611	99.884	100	865	865	865	0.0	1802	type I DNA topoisomerase [Escherichia coli]
WP_032253403	99.884	100	865	865	865	0.0	1802	type I DNA topoisomerase [Escherichia coli]
WP_100029972	99.884	100	865	865	865	0.0	1802	type I DNA topoisomerase [Escherichia coli]
WP_095157902	99.884	100	865	865	865	0.0	1802	type I DNA topoisomerase [Escherichia coli]
WP_016239518	99.884	100	865	865	865	0.0	1802	type I DNA topoisomerase [Escherichia coli]
WP_001427498	99.884	100	865	865	865	0.0	1802	type I DNA topoisomerase [Escherichia coli]
WP_106404615	99.884	100	865	865	865	0.0	1802	type I DNA topoisomerase [Escherichia coli]
WP_108957935	99.884	100	865	865	865	0.0	1802	type I DNA topoisomerase [Escherichia coli]
WP_021570479	99.884	100	865	865	865	0.0	1802	type I DNA topoisomerase [Escherichia coli]
WP_226452336	99.769	100	865	865	865	0.0	1802	type I DNA topoisomerase [Escherichia coli]
WP_148119703	99.884	100	865	865	865	0.0	1802	type I DNA topoisomerase [Escherichia coli]
WP_112877440	99.884	100	865	865	865	0.0	1802	type I DNA topoisomerase [Escherichia coli]
WP_001295576	99.884	100	865	865	865	0.0	1802	MULTISPECIES: type I DNA topoisomerase [Enterobacteriaceae]
WP_103857084	99.884	100	865	865	865	0.0	1802	type I DNA topoisomerase [Escherichia coli]
WP_226210954	99.884	100	865	865	865	0.0	1802	type I DNA topoisomerase [Escherichia coli]
WP_426203289	99.884	100	865	865	865	0.0	1801	type I DNA topoisomerase [Shigella boydii]
WP_136499942	99.769	100	865	865	865	0.0	1801	type I DNA topoisomerase [Escherichia coli]
WP_136682147	99.769	100	865	865	865	0.0	1801	type I DNA topoisomerase [Escherichia coli]
WP_063121945	99.884	100	865	865	865	0.0	1801	type I DNA topoisomerase [Escherichia coli]
WP_097492185	99.884	100	865	865	865	0.0	1801	type I DNA topoisomerase [Escherichia coli]
WP_136731255	99.884	100	865	865	865	0.0	1801	type I DNA topoisomerase [Escherichia coli]
WP_367745798	99.884	100	865	865	865	0.0	1801	type I DNA topoisomerase [Escherichia coli]
WP_128472628	99.884	100	865	865	865	0.0	1801	type I DNA topoisomerase [Escherichia coli]
WP_115177131	99.884	100	865	865	865	0.0	1801	type I DNA topoisomerase [Escherichia coli]
WP_473255045	99.769	100	865	865	865	0.0	1801	N/A
WP_160465327	99.884	100	865	865	865	0.0	1801	type I DNA topoisomerase [Escherichia coli]
WP_205898086	99.769	100	865	865	865	0.0	1801	type I DNA topoisomerase [Escherichia coli]
WP_311007621	99.884	100	865	865	865	0.0	1801	type I DNA topoisomerase [Shigella boydii]
WP_447568113	99.769	100	865	865	865	0.0	1801	type I DNA topoisomerase [Escherichia coli]
WP_001553967	99.884	100	865	865	865	0.0	1801	type I DNA topoisomerase [Escherichia coli]
WP_197910568	99.769	100	865	865	865	0.0	1801	type I DNA topoisomerase [Escherichia coli]
WP_174592121	99.884	100	865	865	865	0.0	1801	type I DNA topoisomerase [Escherichia coli]
WP_447514428	99.884	100	865	865	865	0.0	1801	type I DNA topoisomerase [Escherichia coli]
WP_137568171	99.769	100	865	865	865	0.0	1801	type I DNA topoisomerase [Escherichia coli]
WP_152659661	99.884	100	865	865	865	0.0	1801	type I DNA topoisomerase [Escherichia coli]
WP_217823505	99.769	100	865	865	865	0.0	1801	type I DNA topoisomerase [Escherichia coli]
WP_438415388	99.884	100	865	865	865	0.0	1801	type I DNA topoisomerase [Escherichia coli]
WP_332382293	99.884	100	865	865	865	0.0	1801	type I DNA topoisomerase [Escherichia coli]
WP_459516600	99.884	100	865	865	865	0.0	1801	type I DNA topoisomerase [Escherichia coli]
WP_134778619	99.884	100	865	865	865	0.0	1801	type I DNA topoisomerase [Escherichia coli]
WP_419756846	99.884	100	865	865	865	0.0	1801	type I DNA topoisomerase [Escherichia coli]
WP_128458764	99.769	100	865	865	865	0.0	1801	type I DNA topoisomerase [Escherichia coli]
WP_123163264	99.884	100	865	865	865	0.0	1801	type I DNA topoisomerase [Escherichia coli]
WP_416259211	99.769	100	865	865	865	0.0	1801	type I DNA topoisomerase [Escherichia coli]
WP_240759377	99.884	100	865	865	865	0.0	1801	type I DNA topoisomerase [Escherichia coli]
WP_104696594	99.769	100	865	865	865	0.0	1801	type I DNA topoisomerase [Escherichia coli]
WP_311002028	99.769	100	865	865	865	0.0	1801	type I DNA topoisomerase [Escherichia coli]
WP_458583291	99.884	100	865	865	865	0.0	1801	type I DNA topoisomerase [Escherichia coli]
WP_094317408	99.884	100	865	865	865	0.0	1801	MULTISPECIES: type I DNA topoisomerase [Enterobacteriaceae]
WP_202851475	99.769	100	865	865	865	0.0	1801	type I DNA topoisomerase [Escherichia coli]
WP_001355506	99.884	100	865	865	865	0.0	1801	type I DNA topoisomerase [Escherichia coli]
WP_315630697	99.884	100	865	865	865	0.0	1801	type I DNA topoisomerase [Escherichia coli]
WP_149466854	99.884	100	865	865	865	0.0	1801	type I DNA topoisomerase [Escherichia coli]
WP_176261916	99.884	100	864	865	867	0.0	1801	type I DNA topoisomerase [Escherichia coli]
WP_163435180	99.769	100	864	865	865	0.0	1801	type I DNA topoisomerase [Escherichia coli]
WP_080317285	99.884	100	865	865	865	0.0	1801	type I DNA topoisomerase [Escherichia coli]
WP_368980229	99.884	100	865	865	865	0.0	1801	type I DNA topoisomerase [Escherichia coli]
WP_166432044	99.884	100	865	865	865	0.0	1801	type I DNA topoisomerase [Escherichia coli]
WP_001641657	99.884	100	865	865	865	0.0	1801	type I DNA topoisomerase [Escherichia coli]
WP_227901605	99.884	100	865	865	865	0.0	1801	type I DNA topoisomerase [Escherichia coli]
WP_001554983	99.884	100	865	865	865	0.0	1801	MULTISPECIES: type I DNA topoisomerase [Enterobacteriaceae]
WP_373344221	99.769	100	865	865	865	0.0	1801	type I DNA topoisomerase [Escherichia coli]
WP_179143703	99.884	100	865	865	865	0.0	1801	type I DNA topoisomerase [Escherichia coli]
WP_336491487	99.769	100	865	865	865	0.0	1801	type I DNA topoisomerase [Escherichia coli]
WP_272854357	99.884	100	865	865	865	0.0	1801	type I DNA topoisomerase [Escherichia coli]
WP_032359226	99.884	100	865	865	865	0.0	1801	type I DNA topoisomerase [Escherichia coli]
WP_369511418	99.884	100	865	865	865	0.0	1801	type I DNA topoisomerase [Escherichia coli]
WP_088540382	99.884	100	865	865	865	0.0	1801	type I DNA topoisomerase [Escherichia coli]
WP_187193804	99.884	100	865	865	865	0.0	1801	type I DNA topoisomerase [Escherichia coli]
WP_420509885	99.769	100	865	865	865	0.0	1801	type I DNA topoisomerase [Escherichia coli]
WP_052913447	99.884	100	865	865	865	0.0	1801	N/A
WP_059340867	99.769	100	865	865	865	0.0	1801	type I DNA topoisomerase [Escherichia coli]
WP_105463404	99.769	100	865	865	865	0.0	1801	type I DNA topoisomerase [Escherichia coli]
WP_053266738	99.884	100	865	865	865	0.0	1801	type I DNA topoisomerase [Escherichia coli]
WP_254672571	99.769	100	865	865	865	0.0	1801	type I DNA topoisomerase [Escherichia coli]
WP_127976814	99.884	100	865	865	865	0.0	1801	type I DNA topoisomerase [Escherichia coli]
WP_202255766	99.769	100	865	865	865	0.0	1801	type I DNA topoisomerase [Escherichia coli]
WP_102203548	99.884	100	865	865	865	0.0	1801	type I DNA topoisomerase [Escherichia coli]
WP_369764533	99.884	100	865	865	865	0.0	1801	type I DNA topoisomerase [Escherichia coli]
WP_196445778	99.884	100	865	865	865	0.0	1801	type I DNA topoisomerase [Escherichia coli]
WP_430993336	99.884	100	865	865	865	0.0	1801	type I DNA topoisomerase [Escherichia coli]
WP_198777397	99.769	100	865	865	865	0.0	1801	type I DNA topoisomerase [Escherichia coli]
WP_163426876	99.884	100	865	865	865	0.0	1801	type I DNA topoisomerase [Escherichia coli]
WP_001437935	99.884	100	864	865	867	0.0	1801	type I DNA topoisomerase [Escherichia coli]
WP_289266599	99.884	100	865	865	865	0.0	1801	type I DNA topoisomerase [Escherichia coli]
WP_446913412	99.884	100	865	865	865	0.0	1801	type I DNA topoisomerase [Escherichia coli]
WP_332254822	99.884	100	865	865	865	0.0	1801	type I DNA topoisomerase [Escherichia coli]
WP_097761299	99.884	100	865	865	865	0.0	1801	type I DNA topoisomerase [Escherichia coli]
WP_096117441	99.884	100	865	865	865	0.0	1801	type I DNA topoisomerase [Escherichia coli]
WP_272415908	99.769	100	865	865	865	0.0	1801	type I DNA topoisomerase [Escherichia coli]
WP_473704259	99.884	100	865	865	865	0.0	1801	N/A
WP_175147456	99.769	100	865	865	865	0.0	1801	type I DNA topoisomerase [Escherichia coli]
WP_373651008	99.884	100	865	865	865	0.0	1801	type I DNA topoisomerase [Escherichia coli]
WP_044808717	99.884	100	865	865	865	0.0	1801	type I DNA topoisomerase [Escherichia coli]
WP_169782417	99.884	100	865	865	865	0.0	1801	type I DNA topoisomerase [Escherichia coli]
WP_424700727	99.884	100	865	865	865	0.0	1801	type I DNA topoisomerase [Escherichia coli]
WP_194178961	99.884	100	865	865	865	0.0	1801	type I DNA topoisomerase [Escherichia coli]
WP_016247142	99.769	100	865	865	865	0.0	1801	type I DNA topoisomerase [Escherichia coli]
WP_250304337	99.884	100	865	865	865	0.0	1801	type I DNA topoisomerase [Escherichia coli]
WP_001761127	99.769	100	865	865	865	0.0	1801	type I DNA topoisomerase [Escherichia coli]
WP_289464768	99.884	100	864	865	864	0.0	1801	type I DNA topoisomerase, partial [Escherichia coli]
WP_310984986	99.769	100	865	865	865	0.0	1801	type I DNA topoisomerase [Escherichia coli]
WP_325883021	99.884	100	865	865	865	0.0	1801	type I DNA topoisomerase [Escherichia coli]
WP_023155299	99.884	100	865	865	865	0.0	1801	MULTISPECIES: type I DNA topoisomerase [Enterobacteriaceae]
WP_054486394	99.769	100	865	865	865	0.0	1801	type I DNA topoisomerase [Escherichia coli]
WP_069914431	99.884	100	865	865	865	0.0	1801	type I DNA topoisomerase [Escherichia coli]
WP_053882325	99.884	100	865	865	865	0.0	1801	type I DNA topoisomerase [Escherichia coli]
WP_135563249	99.769	100	865	865	865	0.0	1801	type I DNA topoisomerase [Escherichia coli]
WP_069914131	99.884	100	865	865	865	0.0	1801	type I DNA topoisomerase [Escherichia coli]
WP_032204508	99.884	100	865	865	865	0.0	1801	type I DNA topoisomerase [Escherichia coli]
WP_001372673	99.884	100	865	865	865	0.0	1801	type I DNA topoisomerase [Escherichia coli]
WP_111990485	99.884	100	865	865	865	0.0	1801	type I DNA topoisomerase [Escherichia coli]
WP_247182134	99.884	100	865	865	865	0.0	1801	type I DNA topoisomerase [Escherichia coli]
WP_137512136	99.769	100	865	865	865	0.0	1801	type I DNA topoisomerase [Escherichia coli]
WP_105285789	99.769	100	865	865	865	0.0	1801	MULTISPECIES: type I DNA topoisomerase [Escherichia]
WP_096999018	99.769	100	865	865	865	0.0	1801	type I DNA topoisomerase [Escherichia coli]
WP_105455593	99.769	100	865	865	865	0.0	1801	type I DNA topoisomerase [Escherichia coli]
WP_160193224	99.884	100	865	865	865	0.0	1801	type I DNA topoisomerase [Escherichia coli]
WP_311001712	99.884	100	865	865	865	0.0	1801	type I DNA topoisomerase [Escherichia coli]
WP_337089143	99.884	100	865	865	865	0.0	1801	type I DNA topoisomerase [Escherichia coli]
WP_105955866	99.769	100	865	865	865	0.0	1801	type I DNA topoisomerase [Escherichia coli]
WP_096955803	99.884	100	865	865	865	0.0	1801	type I DNA topoisomerase [Escherichia coli]
WP_053273715	99.769	100	865	865	865	0.0	1801	type I DNA topoisomerase [Escherichia coli]
WP_163450069	99.884	100	865	865	865	0.0	1801	type I DNA topoisomerase [Escherichia coli]
WP_407907601	99.769	100	865	865	865	0.0	1801	type I DNA topoisomerase [Escherichia coli]
WP_235635882	99.884	100	865	865	865	0.0	1801	type I DNA topoisomerase [Escherichia coli]
WP_140240041	99.884	100	865	865	865	0.0	1801	type I DNA topoisomerase, partial [Escherichia coli]
WP_407860731	99.769	100	865	865	865	0.0	1801	type I DNA topoisomerase [Escherichia coli]
WP_096178328	99.769	100	865	865	865	0.0	1801	type I DNA topoisomerase [Escherichia coli]
WP_027662585	99.769	100	865	865	865	0.0	1801	type I DNA topoisomerase [Escherichia coli]
WP_113926345	99.884	100	865	865	865	0.0	1801	type I DNA topoisomerase [Escherichia coli]
WP_271086764	99.769	100	865	865	865	0.0	1801	type I DNA topoisomerase [Escherichia coli]
WP_121851388	99.884	100	865	865	865	0.0	1801	type I DNA topoisomerase [Escherichia coli]
WP_115737693	99.769	100	865	865	865	0.0	1801	type I DNA topoisomerase [Escherichia coli]
WP_282871951	99.884	100	863	865	863	0.0	1801	type I DNA topoisomerase, partial [Escherichia coli]
WP_086660415	99.884	100	865	865	865	0.0	1801	type I DNA topoisomerase [Escherichia coli]
WP_239965035	99.769	100	865	865	865	0.0	1801	type I DNA topoisomerase [Escherichia coli]
WP_370561643	99.769	100	865	865	865	0.0	1801	type I DNA topoisomerase [Escherichia coli]
WP_327741066	99.884	100	865	865	865	0.0	1801	type I DNA topoisomerase [Escherichia coli]
WP_206053140	99.884	100	865	865	865	0.0	1801	type I DNA topoisomerase [Escherichia coli]
WP_416039761	99.884	100	865	865	865	0.0	1801	type I DNA topoisomerase [Escherichia coli]
WP_431082856	99.769	100	865	865	865	0.0	1801	type I DNA topoisomerase [Escherichia coli]
WP_001309471	99.769	100	865	865	865	0.0	1801	MULTISPECIES: type I DNA topoisomerase [Enterobacteriaceae]
WP_411961687	99.769	100	865	865	865	0.0	1801	type I DNA topoisomerase [Escherichia sp. F1]
WP_089538208	99.769	100	865	865	865	0.0	1801	type I DNA topoisomerase [Escherichia coli]
WP_257119995	99.769	100	865	865	865	0.0	1801	type I DNA topoisomerase [Escherichia coli]
WP_282992823	99.884	100	865	865	865	0.0	1801	type I DNA topoisomerase [Escherichia coli]
WP_204186033	99.769	100	865	865	865	0.0	1801	type I DNA topoisomerase [Escherichia coli]
WP_474951761	99.769	100	865	865	865	0.0	1801	N/A
WP_219371404	99.884	100	865	865	865	0.0	1801	type I DNA topoisomerase [Escherichia coli]
WP_024234990	99.769	100	865	865	865	0.0	1801	type I DNA topoisomerase [Escherichia coli]
WP_134239229	99.769	100	865	865	865	0.0	1801	type I DNA topoisomerase [Escherichia coli]
WP_458582410	99.884	100	865	865	865	0.0	1801	type I DNA topoisomerase [Escherichia coli]
WP_302308642	99.884	100	865	865	865	0.0	1801	type I DNA topoisomerase [Escherichia coli]
WP_099145180	99.769	100	865	865	865	0.0	1801	type I DNA topoisomerase [Escherichia coli]
WP_053921241	99.884	100	865	865	865	0.0	1801	type I DNA topoisomerase [Escherichia coli]
WP_222694071	99.884	100	865	865	865	0.0	1801	type I DNA topoisomerase [Escherichia coli]
WP_063101440	99.769	100	865	865	865	0.0	1801	type I DNA topoisomerase [Escherichia coli]
WP_236459775	99.769	100	865	865	865	0.0	1801	type I DNA topoisomerase [Escherichia coli]
WP_427810417	99.884	100	865	865	865	0.0	1801	type I DNA topoisomerase [Escherichia coli]
WP_001390153	99.884	100	864	865	867	0.0	1801	type I DNA topoisomerase [Escherichia coli]
WP_463478928	99.884	100	865	865	865	0.0	1801	N/A
WP_204653398	99.769	100	865	865	865	0.0	1801	type I DNA topoisomerase [Escherichia coli]
WP_001366271	99.769	100	865	865	865	0.0	1801	type I DNA topoisomerase [Escherichia coli]
WP_481986271	99.769	100	865	865	865	0.0	1801	N/A
WP_001704495	99.884	100	864	865	867	0.0	1801	type I DNA topoisomerase [Escherichia coli]
WP_128475606	99.769	100	865	865	865	0.0	1801	type I DNA topoisomerase [Escherichia coli]
WP_201473818	99.884	100	865	865	865	0.0	1801	type I DNA topoisomerase [Escherichia coli]
WP_239931908	99.884	100	865	865	865	0.0	1801	type I DNA topoisomerase [Escherichia coli]
WP_137539952	99.769	100	865	865	865	0.0	1801	type I DNA topoisomerase [Escherichia coli]
WP_054250542	99.769	100	865	865	865	0.0	1801	type I DNA topoisomerase [Escherichia coli]
WP_187180086	99.884	100	865	865	865	0.0	1801	type I DNA topoisomerase [Escherichia coli]
WP_264096411	99.884	100	865	865	865	0.0	1801	type I DNA topoisomerase [Escherichia coli]
WP_268602035	99.769	100	865	865	865	0.0	1801	type I DNA topoisomerase [Escherichia coli]
WP_186180494	99.769	100	865	865	865	0.0	1801	type I DNA topoisomerase [Escherichia coli]
WP_052906616	99.769	100	865	865	865	0.0	1801	type I DNA topoisomerase [Escherichia coli]
WP_001460827	99.884	100	865	865	865	0.0	1801	type I DNA topoisomerase [Escherichia coli]
WP_115199201	99.884	100	865	865	865	0.0	1801	type I DNA topoisomerase [Escherichia coli]
WP_241075381	99.884	100	865	865	865	0.0	1801	type I DNA topoisomerase [Escherichia coli]
WP_001684861	99.769	100	865	865	865	0.0	1801	type I DNA topoisomerase [Escherichia coli]
WP_105477184	99.769	100	865	865	865	0.0	1801	type I DNA topoisomerase [Escherichia coli]
WP_075631300	99.769	100	865	865	865	0.0	1801	type I DNA topoisomerase [Escherichia coli]
WP_473723877	99.769	100	865	865	865	0.0	1801	N/A
WP_001695925	99.884	100	864	865	867	0.0	1801	type I DNA topoisomerase [Escherichia coli]
WP_337233247	99.769	100	865	865	865	0.0	1801	type I DNA topoisomerase [Escherichia coli]
WP_096840875	99.769	100	865	865	865	0.0	1801	type I DNA topoisomerase [Escherichia coli]
WP_016235984	99.769	100	865	865	865	0.0	1801	type I DNA topoisomerase [Escherichia coli]
WP_202586373	99.769	100	865	865	865	0.0	1801	type I DNA topoisomerase [Escherichia coli]
WP_062864251	99.769	100	865	865	865	0.0	1801	type I DNA topoisomerase [Escherichia coli]
WP_222701077	99.769	100	865	865	865	0.0	1801	type I DNA topoisomerase [Escherichia coli]
WP_225371159	99.769	100	865	865	865	0.0	1801	type I DNA topoisomerase [Escherichia coli]
WP_192850006	99.884	100	863	865	863	0.0	1801	type I DNA topoisomerase, partial [Escherichia coli]
WP_087497953	99.769	100	865	865	865	0.0	1801	type I DNA topoisomerase [Escherichia coli]
WP_116987052	99.884	100	865	865	865	0.0	1801	type I DNA topoisomerase [Escherichia coli]
WP_171880468	99.769	100	865	865	865	0.0	1801	type I DNA topoisomerase [Escherichia coli]
WP_087757968	99.884	100	865	865	865	0.0	1801	type I DNA topoisomerase [Escherichia coli]
WP_423709150	99.884	100	865	865	865	0.0	1801	type I DNA topoisomerase [Escherichia coli]
WP_113472624	99.769	100	865	865	865	0.0	1801	type I DNA topoisomerase [Escherichia coli]
WP_146755864	99.769	100	865	865	865	0.0	1801	type I DNA topoisomerase [Shigella boydii]
WP_001682840	99.769	100	865	865	865	0.0	1801	type I DNA topoisomerase [Escherichia coli]
WP_028126135	99.769	100	865	865	865	0.0	1801	type I DNA topoisomerase [Escherichia coli]
WP_275212093	99.769	100	865	865	865	0.0	1801	type I DNA topoisomerase [Escherichia coli]
WP_052894802	99.769	100	865	865	865	0.0	1801	type I DNA topoisomerase [Escherichia coli]
WP_096942927	99.769	100	865	865	865	0.0	1801	type I DNA topoisomerase [Escherichia coli]
WP_414226237	99.769	100	865	865	865	0.0	1801	type I DNA topoisomerase [Escherichia coli]
WP_217609374	99.884	100	865	865	865	0.0	1801	type I DNA topoisomerase [Escherichia coli]
WP_180391706	99.884	100	865	865	865	0.0	1801	type I DNA topoisomerase [Escherichia coli]
WP_115424090	99.884	100	865	865	865	0.0	1801	type I DNA topoisomerase [Escherichia coli]
WP_097714040	99.769	100	865	865	865	0.0	1801	type I DNA topoisomerase [Escherichia coli]
WP_001383172	99.769	100	865	865	865	0.0	1801	type I DNA topoisomerase [Escherichia coli]
WP_277890106	99.769	100	865	865	865	0.0	1801	type I DNA topoisomerase [Escherichia coli]
WP_061351301	99.884	100	865	865	865	0.0	1801	type I DNA topoisomerase [Escherichia coli]
WP_308733392	99.769	100	865	865	865	0.0	1801	type I DNA topoisomerase [Escherichia coli]
WP_001339670	99.884	100	864	865	867	0.0	1801	MULTISPECIES: type I DNA topoisomerase [Enterobacteriaceae]
WP_088129661	99.769	100	865	865	865	0.0	1801	type I DNA topoisomerase [Escherichia coli]
WP_220675050	99.769	100	865	865	865	0.0	1801	type I DNA topoisomerase [Escherichia coli]
WP_078296783	99.769	100	865	865	865	0.0	1801	type I DNA topoisomerase [Escherichia coli]
WP_047085249	99.769	100	865	865	865	0.0	1801	type I DNA topoisomerase [Escherichia coli]
WP_192949776	99.884	100	864	865	864	0.0	1800	type I DNA topoisomerase, partial [Escherichia coli]
WP_264716559	99.769	100	865	865	865	0.0	1800	type I DNA topoisomerase [Escherichia coli]
WP_461212578	99.769	100	865	865	865	0.0	1800	N/A
WP_088542522	99.769	100	865	865	865	0.0	1800	type I DNA topoisomerase [Escherichia coli]
WP_100035334	99.884	100	865	865	865	0.0	1800	type I DNA topoisomerase [Escherichia coli]
WP_038988904	99.884	100	865	865	865	0.0	1800	MULTISPECIES: type I DNA topoisomerase [Escherichia]
WP_172695238	99.884	100	865	865	865	0.0	1800	type I DNA topoisomerase [Escherichia coli]
WP_045177202	99.769	100	865	865	865	0.0	1800	type I DNA topoisomerase [Escherichia coli]
WP_192854409	99.769	100	865	865	865	0.0	1800	type I DNA topoisomerase [Escherichia coli]
WP_187224980	99.769	100	865	865	865	0.0	1800	type I DNA topoisomerase [Escherichia coli]
WP_240078808	99.769	100	865	865	865	0.0	1800	type I DNA topoisomerase [Escherichia coli]
WP_462822171	99.769	100	865	865	865	0.0	1800	N/A
WP_032352450	99.769	100	865	865	865	0.0	1800	type I DNA topoisomerase [Escherichia coli]
WP_196064690	99.769	100	865	865	865	0.0	1800	type I DNA topoisomerase [Escherichia coli]
WP_421647791	99.769	100	865	865	865	0.0	1800	type I DNA topoisomerase [Escherichia coli]
WP_153643877	99.769	100	865	865	865	0.0	1800	type I DNA topoisomerase [Escherichia coli]
WP_097470280	99.769	100	865	865	865	0.0	1800	type I DNA topoisomerase [Escherichia coli]
WP_464289218	99.884	100	864	865	867	0.0	1800	N/A
WP_001361672	99.769	100	865	865	865	0.0	1800	MULTISPECIES: type I DNA topoisomerase [Escherichia]
WP_004991834	99.769	100	865	865	865	0.0	1800	type I DNA topoisomerase [Shigella boydii]
WP_332977571	99.769	100	865	865	865	0.0	1800	type I DNA topoisomerase [Escherichia coli]
WP_119172132	99.769	100	865	865	865	0.0	1800	MULTISPECIES: type I DNA topoisomerase [Shigella]
WP_097156398	99.769	100	865	865	865	0.0	1800	type I DNA topoisomerase [Escherichia coli]
WP_247083413	99.769	100	865	865	865	0.0	1800	type I DNA topoisomerase [Escherichia coli]
WP_161418317	99.769	100	865	865	865	0.0	1800	type I DNA topoisomerase [Escherichia coli]
WP_311040219	99.769	100	865	865	865	0.0	1800	type I DNA topoisomerase [Escherichia coli]
WP_370988044	99.884	100	865	865	865	0.0	1800	type I DNA topoisomerase [Escherichia coli]
WP_021580713	99.769	100	865	865	865	0.0	1800	MULTISPECIES: type I DNA topoisomerase [Enterobacteriaceae]
WP_003955190	99.769	100	865	865	865	0.0	1800	type I DNA topoisomerase [Escherichia coli]
WP_464288177	99.884	100	865	865	865	0.0	1800	N/A
WP_073533593	99.884	100	865	865	865	0.0	1800	type I DNA topoisomerase [Escherichia coli]
WP_044325484	99.769	100	865	865	865	0.0	1800	type I DNA topoisomerase [Escherichia coli]
WP_231451947	99.769	100	865	865	865	0.0	1800	type I DNA topoisomerase [Escherichia coli]
WP_150320998	99.769	100	865	865	865	0.0	1800	type I DNA topoisomerase [Escherichia coli]
WP_220417210	99.769	100	865	865	865	0.0	1800	type I DNA topoisomerase [Escherichia coli]
WP_001304419	99.769	100	865	865	865	0.0	1800	MULTISPECIES: type I DNA topoisomerase [Enterobacteriaceae]
WP_134799999	99.769	100	865	865	865	0.0	1800	MULTISPECIES: type I DNA topoisomerase [Shigella]
WP_135527765	99.769	100	865	865	865	0.0	1800	type I DNA topoisomerase [Escherichia coli]
WP_064226380	99.769	100	865	865	865	0.0	1800	type I DNA topoisomerase [Escherichia coli]
WP_089633091	99.884	100	865	865	865	0.0	1800	type I DNA topoisomerase [Escherichia coli]
WP_244051948	99.884	100	865	865	865	0.0	1800	type I DNA topoisomerase [Escherichia coli]
WP_187226248	99.884	100	865	865	865	0.0	1800	type I DNA topoisomerase [Escherichia coli]
WP_001382110	99.884	100	864	865	867	0.0	1800	type I DNA topoisomerase [Escherichia coli]
WP_063105276	99.884	100	865	865	865	0.0	1800	type I DNA topoisomerase [Escherichia coli]
WP_311237079	99.769	100	865	865	865	0.0	1800	type I DNA topoisomerase [Escherichia coli]
WP_001599360	99.884	100	865	865	865	0.0	1800	type I DNA topoisomerase [Escherichia coli]
WP_089552528	99.769	100	865	865	865	0.0	1800	type I DNA topoisomerase [Escherichia coli]
WP_106482636	99.769	100	865	865	865	0.0	1800	type I DNA topoisomerase [Escherichia coli]
WP_438897407	99.769	100	865	865	865	0.0	1800	type I DNA topoisomerase [Escherichia coli]
WP_001454855	99.769	100	865	865	865	0.0	1800	type I DNA topoisomerase [Escherichia coli]
WP_046640933	99.769	100	865	865	865	0.0	1800	type I DNA topoisomerase [Escherichia coli]
WP_185198969	99.884	100	865	865	865	0.0	1800	type I DNA topoisomerase [Escherichia coli]
WP_261628841	99.769	100	865	865	865	0.0	1800	type I DNA topoisomerase [Escherichia coli]
WP_106508295	99.769	100	865	865	865	0.0	1800	type I DNA topoisomerase [Escherichia coli]
WP_001707026	99.884	100	864	865	867	0.0	1800	type I DNA topoisomerase [Escherichia coli]
WP_343284150	99.769	100	865	865	865	0.0	1800	type I DNA topoisomerase [Escherichia coli]
WP_464290898	99.884	100	865	865	865	0.0	1800	N/A
WP_196315974	99.769	100	865	865	865	0.0	1800	type I DNA topoisomerase [Escherichia coli]
WP_106494858	99.884	100	865	865	865	0.0	1800	type I DNA topoisomerase [Escherichia coli]
WP_096907971	99.769	100	865	865	865	0.0	1800	type I DNA topoisomerase [Escherichia coli]
WP_226438863	99.884	100	865	865	865	0.0	1800	type I DNA topoisomerase [Escherichia coli]
WP_462600880	99.769	100	865	865	865	0.0	1800	N/A
WP_421520884	99.884	100	865	865	865	0.0	1800	type I DNA topoisomerase [Escherichia coli]
WP_114756056	99.884	100	865	865	865	0.0	1800	type I DNA topoisomerase [Escherichia coli]
WP_482424766	99.769	100	865	865	865	0.0	1800	N/A
WP_264717374	99.769	100	865	865	865	0.0	1800	type I DNA topoisomerase [Escherichia coli]
WP_447933312	99.769	100	865	865	865	0.0	1800	type I DNA topoisomerase [Shigella boydii]
WP_069191794	99.769	100	865	865	865	0.0	1800	type I DNA topoisomerase [Escherichia coli]
WP_230003292	99.769	100	865	865	865	0.0	1800	type I DNA topoisomerase [Escherichia coli]
WP_222698922	99.769	100	865	865	865	0.0	1800	type I DNA topoisomerase [Escherichia coli]
WP_119181350	99.769	100	865	865	865	0.0	1800	type I DNA topoisomerase [Shigella boydii]
WP_343121342	99.769	100	865	865	865	0.0	1800	type I DNA topoisomerase [Escherichia coli]
WP_053919506	99.769	100	865	865	865	0.0	1800	type I DNA topoisomerase [Escherichia coli]
WP_096886024	99.769	100	865	865	865	0.0	1800	type I DNA topoisomerase [Escherichia coli]
WP_005154109	99.653	100	865	865	865	0.0	1800	MULTISPECIES: type I DNA topoisomerase [Shigella]
WP_024237790	99.769	100	865	865	865	0.0	1800	type I DNA topoisomerase [Escherichia coli]
WP_369775429	99.769	100	865	865	865	0.0	1800	type I DNA topoisomerase [Escherichia coli]
WP_241461511	99.769	100	865	865	865	0.0	1800	type I DNA topoisomerase [Escherichia coli]
WP_414028607	99.769	100	865	865	865	0.0	1800	type I DNA topoisomerase [Escherichia coli]
WP_028131801	99.769	100	865	865	865	0.0	1800	type I DNA topoisomerase [Escherichia coli]
WP_032169931	99.653	100	865	865	865	0.0	1800	type I DNA topoisomerase [Escherichia coli]
WP_086185962	99.769	100	865	865	865	0.0	1800	MULTISPECIES: type I DNA topoisomerase [Enterobacteriaceae]
WP_458583020	99.769	100	865	865	865	0.0	1800	type I DNA topoisomerase [Escherichia coli]
WP_097498751	99.884	100	865	865	865	0.0	1800	type I DNA topoisomerase [Escherichia coli]
WP_060659251	99.769	100	865	865	865	0.0	1800	type I DNA topoisomerase [Escherichia coli]
WP_025759091	99.769	100	865	865	865	0.0	1800	MULTISPECIES: type I DNA topoisomerase [Shigella]
WP_247155361	99.769	100	865	865	865	0.0	1800	type I DNA topoisomerase [Escherichia coli]
WP_148500470	99.769	100	865	865	865	0.0	1800	type I DNA topoisomerase [Escherichia coli]
WP_155061021	99.769	100	865	865	865	0.0	1800	type I DNA topoisomerase [Escherichia coli]
WP_225377152	99.769	100	865	865	865	0.0	1800	type I DNA topoisomerase [Escherichia coli]
WP_116979454	99.884	100	865	865	865	0.0	1800	type I DNA topoisomerase [Escherichia coli]
WP_447540432	99.769	100	865	865	865	0.0	1800	type I DNA topoisomerase [Escherichia coli]
WP_158154947	99.769	100	865	865	865	0.0	1800	type I DNA topoisomerase [Escherichia coli]
WP_062883069	99.653	100	865	865	865	0.0	1800	type I DNA topoisomerase [Escherichia coli]
WP_126723186	99.769	100	865	865	865	0.0	1800	type I DNA topoisomerase [Escherichia coli]
WP_136146207	99.769	100	865	865	865	0.0	1800	type I DNA topoisomerase [Escherichia coli]
WP_001663866	99.884	100	865	865	865	0.0	1800	type I DNA topoisomerase [Escherichia coli]
WP_255399614	99.769	100	865	865	865	0.0	1800	type I DNA topoisomerase [Escherichia coli]
WP_320266429	99.769	100	865	865	865	0.0	1800	type I DNA topoisomerase [Escherichia coli]
WP_096320277	99.769	100	865	865	865	0.0	1800	type I DNA topoisomerase [Escherichia coli]
WP_340504580	99.653	100	865	865	865	0.0	1800	type I DNA topoisomerase [Escherichia coli]
WP_243053433	99.769	100	865	865	865	0.0	1800	type I DNA topoisomerase [Escherichia coli]
WP_136158911	99.769	100	865	865	865	0.0	1800	type I DNA topoisomerase [Escherichia coli]
WP_089631514	99.769	100	865	865	865	0.0	1800	type I DNA topoisomerase [Escherichia coli]
WP_215260982	99.769	100	865	865	865	0.0	1800	type I DNA topoisomerase [Escherichia coli]
WP_063269393	99.653	100	865	865	865	0.0	1800	type I DNA topoisomerase [Escherichia coli]
WP_001592150	99.884	100	865	865	865	0.0	1800	type I DNA topoisomerase [Escherichia coli]
WP_332188114	99.769	100	865	865	865	0.0	1800	type I DNA topoisomerase [Escherichia coli]
WP_096841399	99.769	100	865	865	865	0.0	1800	type I DNA topoisomerase [Escherichia coli]
WP_424701080	99.769	100	864	865	867	0.0	1800	type I DNA topoisomerase [Escherichia coli]
WP_053909235	99.769	100	865	865	865	0.0	1800	type I DNA topoisomerase [Escherichia coli]
WP_251287180	99.769	100	865	865	865	0.0	1800	type I DNA topoisomerase [Escherichia coli]
WP_065682936	99.653	100	865	865	865	0.0	1800	type I DNA topoisomerase [Escherichia coli]
WP_464359077	99.769	100	865	865	865	0.0	1800	N/A
WP_247171124	99.769	100	865	865	865	0.0	1800	type I DNA topoisomerase [Escherichia coli]
WP_247201421	99.653	100	865	865	865	0.0	1800	type I DNA topoisomerase [Escherichia coli]
WP_148119488	99.653	100	865	865	865	0.0	1800	type I DNA topoisomerase [Escherichia coli]
WP_176262646	99.653	100	865	865	865	0.0	1800	type I DNA topoisomerase [Escherichia sp. 94.0001]
WP_161412543	99.653	100	865	865	865	0.0	1800	type I DNA topoisomerase [Escherichia coli]
WP_012311849	99.653	100	865	865	865	0.0	1800	MULTISPECIES: type I DNA topoisomerase [Enterobacteriaceae]
WP_218722669	99.653	100	865	865	865	0.0	1800	type I DNA topoisomerase [Escherichia coli]
WP_001619376	99.769	100	865	865	865	0.0	1800	MULTISPECIES: type I DNA topoisomerase [Enterobacteriaceae]
WP_135144798	99.653	100	865	865	865	0.0	1800	MULTISPECIES: type I DNA topoisomerase [Enterobacteriaceae]
WP_033552514	99.653	100	865	865	865	0.0	1800	type I DNA topoisomerase [Escherichia coli]
WP_024262109	99.769	100	864	865	867	0.0	1800	type I DNA topoisomerase [Escherichia coli]
WP_115747162	99.653	100	865	865	865	0.0	1800	type I DNA topoisomerase [Escherichia coli]
WP_096879969	99.769	100	865	865	865	0.0	1800	type I DNA topoisomerase [Escherichia coli]
WP_034167620	99.769	100	865	865	865	0.0	1800	type I DNA topoisomerase [Escherichia coli]
WP_097316831	99.769	100	865	865	865	0.0	1800	type I DNA topoisomerase [Escherichia coli]
WP_106475120	99.769	100	865	865	865	0.0	1800	type I DNA topoisomerase [Escherichia coli]
WP_137516456	99.769	100	865	865	865	0.0	1800	type I DNA topoisomerase [Escherichia coli]
WP_101972917	99.769	100	865	865	865	0.0	1800	type I DNA topoisomerase [Escherichia coli]
WP_001385318	99.769	100	865	865	865	0.0	1800	type I DNA topoisomerase [Escherichia coli]
WP_114291302	99.884	100	865	865	865	0.0	1800	type I DNA topoisomerase [Escherichia coli]
WP_416044178	99.769	100	865	865	865	0.0	1800	type I DNA topoisomerase [Escherichia coli]
WP_024246437	99.769	100	865	865	865	0.0	1800	type I DNA topoisomerase [Escherichia coli]
WP_160456044	99.769	100	865	865	865	0.0	1800	type I DNA topoisomerase [Escherichia coli]
WP_001421248	99.654	100	868	865	868	0.0	1800	type I DNA topoisomerase [Escherichia coli]
WP_215271449	99.769	100	865	865	865	0.0	1800	type I DNA topoisomerase [Escherichia coli]
WP_447275239	99.653	100	865	865	865	0.0	1800	type I DNA topoisomerase [Escherichia coli]
WP_073506986	99.653	100	865	865	865	0.0	1800	type I DNA topoisomerase [Escherichia coli]
WP_241224313	99.769	100	865	865	865	0.0	1800	type I DNA topoisomerase [Escherichia coli]
WP_050016524	99.653	100	865	865	865	0.0	1800	type I DNA topoisomerase [Escherichia coli]
WP_033808261	99.769	100	865	865	865	0.0	1800	type I DNA topoisomerase [Escherichia coli]
WP_021572102	99.769	100	865	865	865	0.0	1800	type I DNA topoisomerase [Escherichia coli]
WP_097488802	99.769	100	865	865	865	0.0	1800	type I DNA topoisomerase [Escherichia coli]
WP_243194805	99.769	100	865	865	865	0.0	1800	type I DNA topoisomerase [Escherichia coli]
WP_366948843	99.769	100	865	865	865	0.0	1800	type I DNA topoisomerase [Escherichia coli]
WP_074463929	99.769	100	865	865	865	0.0	1800	type I DNA topoisomerase [Escherichia coli]
WP_137471433	99.769	100	865	865	865	0.0	1800	type I DNA topoisomerase [Escherichia coli]
WP_001518579	99.769	100	865	865	865	0.0	1800	type I DNA topoisomerase [Escherichia coli]
WP_285960002	99.769	100	865	865	865	0.0	1800	type I DNA topoisomerase [Escherichia coli]
WP_094308111	99.769	100	865	865	865	0.0	1800	type I DNA topoisomerase [Escherichia coli]
WP_001646990	99.769	100	865	865	865	0.0	1800	type I DNA topoisomerase [Escherichia coli]
WP_443651874	99.769	100	865	865	865	0.0	1800	type I DNA topoisomerase [Escherichia coli]
WP_075330273	99.769	100	865	865	865	0.0	1800	type I DNA topoisomerase [Shigella boydii]
WP_368493665	99.769	100	865	865	865	0.0	1800	type I DNA topoisomerase [Escherichia coli]
WP_001362355	99.769	100	865	865	865	0.0	1800	type I DNA topoisomerase [Escherichia coli]
WP_373343002	99.769	100	865	865	865	0.0	1800	type I DNA topoisomerase [Escherichia coli]
WP_407240213	99.769	100	865	865	865	0.0	1800	type I DNA topoisomerase [Escherichia coli]
WP_350425269	99.769	100	865	865	865	0.0	1800	type I DNA topoisomerase [Escherichia coli]
WP_460208702	99.769	100	865	865	865	0.0	1800	N/A
WP_141416369	99.769	100	865	865	865	0.0	1800	type I DNA topoisomerase [Escherichia coli]
WP_219369926	99.769	100	865	865	865	0.0	1800	type I DNA topoisomerase [Escherichia coli]
WP_233300805	99.769	100	865	865	865	0.0	1800	type I DNA topoisomerase [Escherichia coli]
WP_077507429	99.769	100	865	865	865	0.0	1800	type I DNA topoisomerase [Escherichia coli]
WP_097423819	99.769	100	865	865	865	0.0	1800	type I DNA topoisomerase [Escherichia coli]
WP_302324719	99.653	100	865	865	865	0.0	1800	type I DNA topoisomerase [Escherichia coli]
WP_325853464	99.653	100	865	865	865	0.0	1800	type I DNA topoisomerase [Escherichia coli]
WP_227910464	99.653	100	865	865	865	0.0	1799	type I DNA topoisomerase [Escherichia coli]
WP_064484550	99.769	100	865	865	865	0.0	1799	type I DNA topoisomerase [Escherichia coli]
WP_005068394	99.769	100	864	865	867	0.0	1799	type I DNA topoisomerase [Shigella flexneri]
WP_273660085	99.653	100	865	865	865	0.0	1799	type I DNA topoisomerase [Escherichia coli]
WP_001506205	99.769	100	865	865	865	0.0	1799	type I DNA topoisomerase [Escherichia coli]
WP_421644911	99.653	100	865	865	865	0.0	1799	type I DNA topoisomerase [Escherichia coli]
WP_019841512	99.769	100	865	865	865	0.0	1799	type I DNA topoisomerase [Escherichia coli]
WP_202793613	99.769	100	865	865	865	0.0	1799	type I DNA topoisomerase [Escherichia coli]
WP_220412840	99.653	100	865	865	865	0.0	1799	type I DNA topoisomerase [Escherichia coli]
WP_427798805	99.653	100	865	865	865	0.0	1799	type I DNA topoisomerase [Escherichia coli]
WP_225386287	99.653	100	865	865	865	0.0	1799	type I DNA topoisomerase [Escherichia coli]
WP_001714078	99.884	100	864	865	867	0.0	1799	type I DNA topoisomerase [Escherichia coli]
WP_097485546	99.769	100	865	865	865	0.0	1799	type I DNA topoisomerase [Escherichia coli]
WP_218075839	99.653	100	865	865	865	0.0	1799	type I DNA topoisomerase [Escherichia coli]
WP_182151873	99.653	100	865	865	865	0.0	1799	type I DNA topoisomerase [Escherichia coli]
WP_215462386	99.653	100	865	865	865	0.0	1799	type I DNA topoisomerase [Escherichia coli]
WP_045893060	99.769	100	865	865	865	0.0	1799	type I DNA topoisomerase [Escherichia coli]
WP_373335972	99.769	100	865	865	865	0.0	1799	type I DNA topoisomerase [Escherichia coli]
WP_348919045	99.653	100	865	865	865	0.0	1799	type I DNA topoisomerase [Escherichia coli]
WP_004970853	99.653	100	865	865	865	0.0	1799	type I DNA topoisomerase [Shigella boydii]
WP_436903858	99.653	100	865	865	865	0.0	1799	type I DNA topoisomerase [Escherichia coli]
WP_085693625	99.769	100	865	865	865	0.0	1799	type I DNA topoisomerase [Escherichia coli]
WP_130562903	99.769	100	865	865	865	0.0	1799	type I DNA topoisomerase [Escherichia coli]
WP_289693886	99.884	100	865	865	865	0.0	1799	type I DNA topoisomerase [Escherichia coli]
WP_001337939	99.653	100	865	865	865	0.0	1799	type I DNA topoisomerase [Escherichia coli]
WP_004998368	99.769	100	864	865	867	0.0	1799	type I DNA topoisomerase [Shigella boydii]
WP_171935419	99.769	100	865	865	865	0.0	1799	type I DNA topoisomerase [Escherichia coli]
WP_012601486	99.769	100	865	865	865	0.0	1799	type I DNA topoisomerase [Escherichia coli]
WP_042203615	99.769	100	865	865	865	0.0	1799	type I DNA topoisomerase [Escherichia coli]
WP_366961900	99.884	100	865	865	865	0.0	1799	type I DNA topoisomerase [Escherichia coli]
WP_001691736	99.769	100	865	865	865	0.0	1799	type I DNA topoisomerase [Escherichia coli]
WP_447219541	99.653	100	865	865	865	0.0	1799	type I DNA topoisomerase [Escherichia coli]
WP_220400654	99.653	100	865	865	865	0.0	1799	type I DNA topoisomerase [Escherichia coli]
WP_135115804	99.769	100	865	865	865	0.0	1799	type I DNA topoisomerase, partial [Escherichia coli]
WP_249859788	99.653	100	865	865	865	0.0	1799	type I DNA topoisomerase [Escherichia coli]
WP_395765647	99.769	100	865	865	865	0.0	1799	type I DNA topoisomerase [Escherichia coli]
WP_426847310	99.769	100	865	865	865	0.0	1799	type I DNA topoisomerase [Escherichia coli]
WP_099716442	99.653	100	865	865	865	0.0	1799	type I DNA topoisomerase [Escherichia coli]
WP_286502523	99.653	100	865	865	865	0.0	1799	type I DNA topoisomerase [Escherichia coli]
WP_001394200	99.769	100	865	865	865	0.0	1799	type I DNA topoisomerase [Escherichia coli]
WP_187227285	99.653	100	865	865	865	0.0	1799	type I DNA topoisomerase [Escherichia coli]
WP_159193901	99.769	100	865	865	865	0.0	1799	type I DNA topoisomerase [Escherichia coli]
WP_088144913	99.653	100	865	865	865	0.0	1799	type I DNA topoisomerase [Escherichia coli]
WP_225469297	99.653	100	865	865	865	0.0	1799	type I DNA topoisomerase [Escherichia coli]
WP_112033004	99.769	100	865	865	865	0.0	1799	type I DNA topoisomerase [Escherichia coli]
WP_152066611	99.769	100	865	865	865	0.0	1799	type I DNA topoisomerase [Shigella flexneri]
WP_353533309	99.653	100	865	865	865	0.0	1799	type I DNA topoisomerase [Escherichia coli]
WP_049595195	99.769	100	865	865	865	0.0	1799	type I DNA topoisomerase [Escherichia coli]
WP_284161482	99.653	100	865	865	865	0.0	1799	type I DNA topoisomerase [Escherichia coli]
WP_096169264	99.769	100	865	865	865	0.0	1799	type I DNA topoisomerase [Escherichia coli]
WP_001591966	99.653	100	865	865	865	0.0	1799	type I DNA topoisomerase [Escherichia coli]
WP_394599698	99.653	100	865	865	865	0.0	1799	type I DNA topoisomerase [Escherichia coli]
WP_097337272	99.653	100	865	865	865	0.0	1799	type I DNA topoisomerase [Escherichia coli]
WP_106509868	99.653	100	865	865	865	0.0	1799	MULTISPECIES: type I DNA topoisomerase [Escherichia]
WP_113262355	99.653	100	865	865	865	0.0	1799	type I DNA topoisomerase [Escherichia coli]
WP_047605417	99.653	100	865	865	865	0.0	1799	type I DNA topoisomerase [Escherichia coli]
WP_481243857	99.653	100	865	865	865	0.0	1799	N/A
WP_001526939	99.653	100	865	865	865	0.0	1799	type I DNA topoisomerase [Escherichia coli]
WP_459475326	99.653	100	865	865	865	0.0	1799	type I DNA topoisomerase [Escherichia coli]
WP_063611907	99.653	100	865	865	865	0.0	1799	type I DNA topoisomerase [Escherichia coli]
WP_220424713	99.769	100	865	865	865	0.0	1799	type I DNA topoisomerase [Escherichia coli]
WP_001703146	99.884	100	864	865	867	0.0	1799	type I DNA topoisomerase [Escherichia coli]
WP_226478857	99.653	100	865	865	865	0.0	1799	type I DNA topoisomerase [Escherichia coli]
WP_206783239	99.769	100	865	865	865	0.0	1799	type I DNA topoisomerase [Escherichia coli]
WP_001487192	99.769	100	865	865	865	0.0	1799	type I DNA topoisomerase [Escherichia coli]
WP_079399463	99.653	100	865	865	865	0.0	1799	type I DNA topoisomerase [Escherichia coli]
WP_220410894	99.769	100	865	865	865	0.0	1799	type I DNA topoisomerase [Escherichia coli]
WP_112042011	99.653	100	865	865	865	0.0	1799	type I DNA topoisomerase [Escherichia coli]
WP_089589552	99.769	100	865	865	865	0.0	1799	type I DNA topoisomerase [Escherichia coli]
WP_139618376	99.653	100	865	865	865	0.0	1799	type I DNA topoisomerase [Escherichia coli]
WP_001559015	99.653	100	865	865	865	0.0	1799	type I DNA topoisomerase [Escherichia coli]
WP_087902984	99.769	100	865	865	865	0.0	1799	type I DNA topoisomerase [Escherichia coli]
WP_456290716	99.653	100	865	865	865	0.0	1799	type I DNA topoisomerase [Escherichia coli]
WP_142440923	99.653	100	865	865	865	0.0	1799	type I DNA topoisomerase [Escherichia coli]
WP_332831117	99.653	100	865	865	865	0.0	1799	type I DNA topoisomerase [Escherichia coli]
WP_446848106	99.653	100	865	865	865	0.0	1799	type I DNA topoisomerase [Escherichia coli]
WP_001484824	99.769	100	865	865	865	0.0	1799	MULTISPECIES: type I DNA topoisomerase [Escherichia]
WP_005049701	99.769	100	865	865	865	0.0	1799	MULTISPECIES: type I DNA topoisomerase [Shigella]
WP_001359511	99.769	100	865	865	865	0.0	1799	type I DNA topoisomerase [Escherichia coli]
WP_021523431	99.653	100	865	865	865	0.0	1799	type I DNA topoisomerase [Escherichia coli]
WP_407903662	99.653	100	865	865	865	0.0	1799	type I DNA topoisomerase [Escherichia coli]
WP_063091024	99.653	100	865	865	865	0.0	1799	type I DNA topoisomerase [Escherichia coli]
WP_063116825	99.769	100	865	865	865	0.0	1799	type I DNA topoisomerase [Escherichia coli]
WP_229479233	99.769	100	865	865	865	0.0	1799	type I DNA topoisomerase [Escherichia coli]
WP_348918847	99.653	100	865	865	865	0.0	1799	type I DNA topoisomerase [Escherichia coli]
WP_368309389	99.769	100	865	865	865	0.0	1799	type I DNA topoisomerase [Escherichia coli]
WP_004093343	99.769	100	865	865	865	0.0	1799	type I DNA topoisomerase [Escherichia coli]
WP_142440402	99.653	100	865	865	865	0.0	1799	type I DNA topoisomerase [Escherichia coli]
WP_074657198	99.769	100	865	865	865	0.0	1799	type I DNA topoisomerase [Escherichia coli]
WP_136145658	99.769	100	865	865	865	0.0	1799	type I DNA topoisomerase [Escherichia coli]
WP_346714095	99.653	100	865	865	865	0.0	1799	type I DNA topoisomerase [Escherichia coli]
WP_039020811	99.653	100	865	865	865	0.0	1799	MULTISPECIES: type I DNA topoisomerase [Escherichia]
WP_029399852	99.653	100	865	865	865	0.0	1799	type I DNA topoisomerase [Escherichia coli]
WP_097767572	99.653	100	865	865	865	0.0	1799	type I DNA topoisomerase [Escherichia coli]
WP_282983516	99.769	100	865	865	865	0.0	1799	type I DNA topoisomerase [Escherichia coli]
WP_231528443	99.653	100	865	865	865	0.0	1799	type I DNA topoisomerase [Escherichia coli]
WP_236936462	99.653	100	865	865	865	0.0	1799	type I DNA topoisomerase [Escherichia coli]
WP_096247909	99.653	100	865	865	865	0.0	1799	type I DNA topoisomerase [Escherichia coli]
WP_105476623	99.769	100	865	865	865	0.0	1799	type I DNA topoisomerase [Escherichia coli]
WP_162032121	99.653	100	865	865	865	0.0	1799	type I DNA topoisomerase [Escherichia coli]
WP_005091745	99.769	100	864	865	867	0.0	1799	type I DNA topoisomerase [Shigella flexneri]
WP_181200097	99.769	100	865	865	865	0.0	1799	type I DNA topoisomerase [Escherichia coli]
WP_148465768	99.653	100	865	865	865	0.0	1799	type I DNA topoisomerase [Escherichia coli]
WP_059412130	99.653	100	865	865	865	0.0	1799	type I DNA topoisomerase [Escherichia coli]
WP_001705049	99.769	100	865	865	865	0.0	1799	type I DNA topoisomerase [Escherichia coli]
WP_113864426	99.653	100	865	865	865	0.0	1799	type I DNA topoisomerase [Escherichia coli]
WP_137505405	99.653	100	865	865	865	0.0	1799	type I DNA topoisomerase [Escherichia coli]
WP_001497537	99.769	100	865	865	865	0.0	1799	type I DNA topoisomerase [Escherichia coli]
WP_353524410	99.538	100	865	865	865	0.0	1798	type I DNA topoisomerase [Escherichia coli]
WP_187987395	99.769	100	865	865	865	0.0	1798	type I DNA topoisomerase [Escherichia coli]
WP_115439001	99.653	100	865	865	865	0.0	1798	type I DNA topoisomerase [Escherichia coli]
WP_237984063	99.653	100	865	865	865	0.0	1798	type I DNA topoisomerase [Escherichia coli]
WP_192954591	99.884	100	863	865	863	0.0	1798	type I DNA topoisomerase, partial [Escherichia coli]
WP_188155234	99.653	100	865	865	865	0.0	1798	type I DNA topoisomerase [Escherichia coli]
WP_001382542	99.769	100	865	865	865	0.0	1798	type I DNA topoisomerase [Escherichia coli]
WP_136160630	99.769	100	865	865	865	0.0	1798	type I DNA topoisomerase [Escherichia coli]
WP_247172460	99.653	100	865	865	865	0.0	1798	type I DNA topoisomerase [Escherichia coli]
WP_171284283	99.769	100	865	865	865	0.0	1798	type I DNA topoisomerase [Escherichia coli]
WP_088492132	99.653	100	865	865	865	0.0	1798	type I DNA topoisomerase [Escherichia coli]
WP_152928090	99.653	100	865	865	865	0.0	1798	type I DNA topoisomerase [Escherichia coli]
WP_445991295	99.769	100	865	865	865	0.0	1798	type I DNA topoisomerase [Escherichia coli]
WP_001353238	99.653	100	865	865	865	0.0	1798	MULTISPECIES: type I DNA topoisomerase [Escherichia]
WP_180238098	99.653	100	865	865	865	0.0	1798	type I DNA topoisomerase [Escherichia coli]
WP_089635203	99.653	100	865	865	865	0.0	1798	type I DNA topoisomerase [Escherichia coli]
WP_001718167	99.769	100	865	865	865	0.0	1798	type I DNA topoisomerase [Escherichia coli]
WP_097737416	99.769	100	865	865	865	0.0	1798	type I DNA topoisomerase [Escherichia coli]
WP_239612500	99.653	100	865	865	865	0.0	1798	MULTISPECIES: type I DNA topoisomerase [Enterobacteriaceae]
WP_349395210	99.769	100	865	865	865	0.0	1798	type I DNA topoisomerase [Escherichia coli]
WP_338756180	99.769	100	865	865	865	0.0	1798	type I DNA topoisomerase [Escherichia coli]
WP_136858844	99.653	100	865	865	865	0.0	1798	type I DNA topoisomerase [Escherichia coli]
WP_248798404	99.653	100	865	865	865	0.0	1798	type I DNA topoisomerase [Escherichia coli]
WP_032206808	99.769	100	865	865	865	0.0	1798	type I DNA topoisomerase [Escherichia coli]
WP_097432199	99.769	100	865	865	865	0.0	1798	type I DNA topoisomerase [Escherichia coli]
WP_063078917	99.653	100	865	865	865	0.0	1798	MULTISPECIES: type I DNA topoisomerase [Enterobacteriaceae]
WP_421640081	99.653	100	865	865	865	0.0	1798	type I DNA topoisomerase [Escherichia coli]
WP_136146511	99.769	100	865	865	865	0.0	1798	type I DNA topoisomerase [Escherichia coli]
WP_045894874	99.769	100	865	865	865	0.0	1798	type I DNA topoisomerase [Escherichia coli]
WP_261627966	99.653	100	865	865	865	0.0	1798	type I DNA topoisomerase [Escherichia coli]
WP_064237241	99.769	100	865	865	865	0.0	1798	type I DNA topoisomerase [Escherichia coli]
WP_402460260	99.884	100	865	865	864	0.0	1798	type I DNA topoisomerase [Escherichia coli]
WP_305873351	99.769	100	865	865	865	0.0	1798	type I DNA topoisomerase [Escherichia coli]
WP_001373327	99.769	100	865	865	865	0.0	1798	type I DNA topoisomerase [Escherichia coli]
WP_060707480	99.769	100	865	865	865	0.0	1798	type I DNA topoisomerase [Escherichia coli]
WP_097335995	99.769	100	865	865	865	0.0	1798	type I DNA topoisomerase [Escherichia coli]
WP_447470699	99.653	100	865	865	865	0.0	1798	type I DNA topoisomerase [Escherichia coli]
WP_113525321	99.653	100	865	865	865	0.0	1798	type I DNA topoisomerase [Escherichia coli]
WP_277176331	99.769	100	865	865	865	0.0	1798	type I DNA topoisomerase [Escherichia coli]
WP_178319806	99.653	100	865	865	865	0.0	1798	type I DNA topoisomerase [Escherichia coli]
WP_278280999	99.653	100	865	865	865	0.0	1798	type I DNA topoisomerase [Escherichia coli]
WP_281996681	99.653	100	865	865	865	0.0	1798	type I DNA topoisomerase [Escherichia coli]
WP_137507701	99.653	100	865	865	865	0.0	1798	type I DNA topoisomerase [Escherichia coli]
WP_348918604	99.653	100	865	865	865	0.0	1798	type I DNA topoisomerase [Escherichia coli]
WP_147706808	99.769	100	865	865	865	0.0	1798	type I DNA topoisomerase [Escherichia coli]
WP_042101137	99.769	100	865	865	865	0.0	1798	type I DNA topoisomerase [Escherichia coli]
WP_346673373	99.653	100	865	865	865	0.0	1798	type I DNA topoisomerase [Escherichia coli]
WP_266197323	99.653	100	865	865	865	0.0	1798	type I DNA topoisomerase [Escherichia coli]
WP_201489722	99.653	100	864	865	867	0.0	1798	type I DNA topoisomerase [Escherichia coli]
WP_461416116	99.769	100	865	865	865	0.0	1798	N/A
WP_160420521	99.653	100	865	865	865	0.0	1798	type I DNA topoisomerase [Escherichia coli]
WP_139615403	99.769	100	865	865	865	0.0	1798	type I DNA topoisomerase [Escherichia coli]
WP_027663457	99.769	100	865	865	865	0.0	1798	type I DNA topoisomerase [Escherichia coli]
WP_001360019	99.769	100	865	865	865	0.0	1798	type I DNA topoisomerase [Escherichia coli]
WP_112921228	99.653	100	865	865	865	0.0	1798	type I DNA topoisomerase [Escherichia coli]
WP_235246749	99.769	100	865	865	865	0.0	1798	type I DNA topoisomerase [Escherichia coli]
WP_435392190	99.653	100	865	865	865	0.0	1798	type I DNA topoisomerase [Escherichia coli]
WP_089518763	99.769	100	865	865	865	0.0	1798	type I DNA topoisomerase [Escherichia coli]
WP_115245290	99.769	100	865	865	865	0.0	1798	type I DNA topoisomerase [Escherichia coli]
WP_142438391	99.653	100	865	865	865	0.0	1798	type I DNA topoisomerase [Escherichia coli]
WP_003985132	99.769	100	865	865	865	0.0	1798	type I DNA topoisomerase [Escherichia coli]
WP_100679007	99.769	100	865	865	865	0.0	1798	type I DNA topoisomerase [Escherichia coli]
WP_311041163	99.769	100	865	865	865	0.0	1798	type I DNA topoisomerase [Escherichia coli]
WP_315747506	99.653	100	865	865	865	0.0	1798	type I DNA topoisomerase [Escherichia coli]
WP_407904566	99.769	100	864	865	867	0.0	1798	type I DNA topoisomerase [Escherichia coli]
WP_149917038	99.653	100	865	865	865	0.0	1798	type I DNA topoisomerase [Escherichia coli]
WP_289245588	99.653	100	865	865	865	0.0	1798	type I DNA topoisomerase [Escherichia coli]
WP_262950862	99.653	100	865	865	865	0.0	1798	type I DNA topoisomerase [Escherichia coli]
WP_024232160	99.653	100	865	865	865	0.0	1798	type I DNA topoisomerase [Escherichia coli]
WP_097439571	99.653	100	865	865	865	0.0	1798	N/A
WP_224154170	99.653	100	865	865	865	0.0	1798	type I DNA topoisomerase [Escherichia coli]
WP_112032765	99.653	100	865	865	865	0.0	1798	type I DNA topoisomerase [Escherichia coli]
WP_039025800	99.653	100	865	865	865	0.0	1798	type I DNA topoisomerase [Escherichia coli]
WP_244345692	99.653	100	865	865	865	0.0	1798	type I DNA topoisomerase [Escherichia coli]
WP_001538694	99.653	100	865	865	865	0.0	1798	type I DNA topoisomerase [Escherichia coli]
WP_128880474	99.653	100	865	865	865	0.0	1798	type I DNA topoisomerase [Shigella dysenteriae]
WP_142461072	99.653	100	865	865	865	0.0	1798	type I DNA topoisomerase [Escherichia coli]
WP_482449863	99.653	100	865	865	865	0.0	1798	N/A
WP_088170549	99.538	100	865	865	865	0.0	1798	type I DNA topoisomerase [Escherichia coli]
WP_308076810	99.653	100	865	865	865	0.0	1798	type I DNA topoisomerase [Escherichia coli]
WP_001484536	99.769	100	865	865	865	0.0	1798	type I DNA topoisomerase [Escherichia coli]
WP_021576142	99.653	100	865	865	865	0.0	1798	type I DNA topoisomerase [Escherichia coli]
WP_098728897	99.653	100	865	865	865	0.0	1798	type I DNA topoisomerase [Escherichia coli]
WP_414137758	99.653	100	865	865	865	0.0	1798	type I DNA topoisomerase [Escherichia coli]
WP_101918789	99.653	100	865	865	865	0.0	1798	type I DNA topoisomerase [Escherichia coli]
WP_230146779	99.653	100	865	865	865	0.0	1798	type I DNA topoisomerase [Escherichia coli]
WP_237441488	99.653	100	865	865	865	0.0	1798	type I DNA topoisomerase [Escherichia coli]
WP_021537199	99.653	100	865	865	865	0.0	1798	type I DNA topoisomerase [Escherichia coli]
WP_324700906	99.653	100	865	865	865	0.0	1798	type I DNA topoisomerase [Escherichia coli]
WP_115799430	99.653	100	865	865	865	0.0	1798	type I DNA topoisomerase [Escherichia coli]
WP_262243586	99.653	100	865	865	865	0.0	1798	type I DNA topoisomerase [Escherichia coli]
WP_261661125	99.653	100	865	865	865	0.0	1798	type I DNA topoisomerase [Escherichia coli]
WP_052978357	99.538	100	865	865	865	0.0	1798	type I DNA topoisomerase [Shigella sonnei]
WP_021518134	99.653	100	865	865	865	0.0	1798	type I DNA topoisomerase [Escherichia coli]
WP_097764383	99.653	100	865	865	865	0.0	1798	type I DNA topoisomerase [Escherichia coli]
WP_147699178	99.653	100	865	865	865	0.0	1798	type I DNA topoisomerase [Escherichia coli]
WP_395525703	99.769	100	865	865	865	0.0	1798	type I DNA topoisomerase [Escherichia coli]
WP_255401172	99.653	100	865	865	865	0.0	1798	type I DNA topoisomerase [Escherichia coli]
WP_097711832	99.653	100	865	865	865	0.0	1798	type I DNA topoisomerase [Escherichia coli]
WP_481243715	99.768	100	863	865	863	0.0	1798	N/A
WP_137583760	99.653	100	865	865	865	0.0	1798	type I DNA topoisomerase [Escherichia coli]
WP_257160795	99.769	100	865	865	865	0.0	1798	type I DNA topoisomerase [Escherichia coli]
WP_152030771	99.653	100	865	865	865	0.0	1798	type I DNA topoisomerase [Shigella flexneri]
WP_113488399	99.653	100	865	865	865	0.0	1798	type I DNA topoisomerase [Escherichia coli]
WP_022296446	99.653	100	865	865	865	0.0	1798	type I DNA topoisomerase [Escherichia coli]
WP_124035679	99.769	100	865	865	865	0.0	1798	type I DNA topoisomerase [Escherichia coli]
WP_438376706	99.769	100	865	865	865	0.0	1798	type I DNA topoisomerase [Escherichia coli]
WP_115204748	99.653	100	865	865	865	0.0	1798	type I DNA topoisomerase [Escherichia coli]
WP_016234290	99.653	100	865	865	865	0.0	1798	MULTISPECIES: type I DNA topoisomerase [Enterobacteriaceae]
WP_149842459	99.653	100	865	865	865	0.0	1798	type I DNA topoisomerase [Escherichia coli]
WP_204646080	99.653	100	865	865	865	0.0	1798	type I DNA topoisomerase [Escherichia coli]
WP_154054944	99.538	100	865	865	865	0.0	1798	type I DNA topoisomerase [Escherichia coli]
WP_203758921	99.653	100	865	865	865	0.0	1798	type I DNA topoisomerase [Escherichia coli]
WP_095501507	99.653	100	865	865	865	0.0	1798	type I DNA topoisomerase [Escherichia coli]
WP_447564200	99.653	100	865	865	865	0.0	1798	type I DNA topoisomerase [Escherichia coli]
WP_242818372	99.653	100	865	865	865	0.0	1798	N/A
WP_001680391	99.653	100	865	865	865	0.0	1798	type I DNA topoisomerase [Escherichia coli]
WP_486931611	99.653	100	865	865	865	0.0	1798	N/A
WP_001391746	99.769	100	865	865	865	0.0	1798	type I DNA topoisomerase [Escherichia coli]
WP_137469020	99.538	100	865	865	865	0.0	1798	type I DNA topoisomerase [Escherichia coli]
WP_024262211	99.653	100	865	865	865	0.0	1798	type I DNA topoisomerase [Escherichia coli]
WP_001560478	99.653	100	865	865	865	0.0	1798	type I DNA topoisomerase [Escherichia coli]
WP_032349710	99.769	100	865	865	865	0.0	1798	type I DNA topoisomerase [Escherichia coli]
WP_202789540	99.769	100	865	865	865	0.0	1798	type I DNA topoisomerase [Escherichia coli]
WP_332262991	99.538	100	865	865	865	0.0	1798	N/A
WP_439023289	99.653	100	865	865	865	0.0	1798	type I DNA topoisomerase [Escherichia coli]
WP_431697653	99.653	100	865	865	865	0.0	1798	type I DNA topoisomerase [Escherichia coli]
WP_204678087	99.653	100	865	865	865	0.0	1798	type I DNA topoisomerase [Escherichia coli]
WP_280948387	99.653	100	865	865	865	0.0	1798	type I DNA topoisomerase [Escherichia coli]
WP_119175098	99.653	100	865	865	865	0.0	1798	type I DNA topoisomerase [Shigella flexneri]
WP_446423502	99.653	100	865	865	865	0.0	1798	type I DNA topoisomerase [Escherichia coli]
WP_021516023	99.653	100	865	865	865	0.0	1798	type I DNA topoisomerase [Escherichia coli]
WP_094281469	99.653	100	865	865	865	0.0	1798	type I DNA topoisomerase [Escherichia coli]
WP_483662860	99.538	100	865	865	865	0.0	1798	N/A
WP_396123545	99.538	100	865	865	865	0.0	1798	type I DNA topoisomerase [Escherichia coli]
WP_096313214	100.000	100	861	865	861	0.0	1798	type I DNA topoisomerase, partial [Escherichia coli]
WP_148485620	99.653	100	865	865	865	0.0	1798	type I DNA topoisomerase [Escherichia coli]
WP_427815150	99.653	100	865	865	865	0.0	1798	type I DNA topoisomerase [Escherichia coli]
WP_113555054	99.653	100	865	865	865	0.0	1798	type I DNA topoisomerase [Escherichia coli]
WP_139506354	99.653	100	865	865	865	0.0	1798	type I DNA topoisomerase [Escherichia coli]
WP_189915256	99.653	100	865	865	865	0.0	1798	type I DNA topoisomerase [Escherichia coli]
WP_024212192	99.653	100	865	865	865	0.0	1798	MULTISPECIES: type I DNA topoisomerase [Escherichia]
WP_121926914	99.653	100	865	865	865	0.0	1798	type I DNA topoisomerase [Escherichia coli]
WP_148119586	99.653	100	865	865	865	0.0	1798	type I DNA topoisomerase [Escherichia coli]
WP_005074608	99.653	100	865	865	865	0.0	1798	MULTISPECIES: type I DNA topoisomerase [Shigella]
WP_154735936	99.769	100	865	865	865	0.0	1798	type I DNA topoisomerase [Escherichia coli]
WP_011378684	99.653	100	865	865	865	0.0	1798	type I DNA topoisomerase [Shigella dysenteriae]
WP_052945803	99.538	100	865	865	865	0.0	1798	type I DNA topoisomerase [Shigella sonnei]
WP_248787134	99.769	100	865	865	865	0.0	1798	type I DNA topoisomerase [Escherichia coli]
WP_243046681	99.653	100	865	865	865	0.0	1798	type I DNA topoisomerase [Escherichia coli]
WP_454770421	99.653	100	865	865	865	0.0	1798	type I DNA topoisomerase [Escherichia coli]
WP_112922984	99.653	100	865	865	865	0.0	1797	type I DNA topoisomerase [Escherichia coli]
WP_238004604	99.653	100	865	865	865	0.0	1797	type I DNA topoisomerase [Escherichia coli]
WP_001335024	99.653	100	865	865	865	0.0	1797	MULTISPECIES: type I DNA topoisomerase [Enterobacteriaceae]
WP_414768759	99.653	100	865	865	865	0.0	1797	type I DNA topoisomerase [Escherichia coli]
WP_097444033	99.653	100	865	865	865	0.0	1797	type I DNA topoisomerase [Escherichia coli]
WP_423271004	99.653	100	865	865	865	0.0	1797	type I DNA topoisomerase [Escherichia coli]
WP_311016568	99.653	100	865	865	865	0.0	1797	type I DNA topoisomerase [Shigella boydii]
WP_115761048	99.653	100	865	865	865	0.0	1797	type I DNA topoisomerase [Escherichia coli]
WP_442897870	99.653	100	865	865	865	0.0	1797	type I DNA topoisomerase [Escherichia coli]
WP_332139435	99.653	100	865	865	865	0.0	1797	type I DNA topoisomerase [Escherichia coli]
WP_276337399	99.653	100	865	865	865	0.0	1797	type I DNA topoisomerase [Escherichia coli]
WP_130236464	99.538	100	865	865	865	0.0	1797	MULTISPECIES: type I DNA topoisomerase [unclassified Escherichia]
WP_260232434	99.653	100	865	865	865	0.0	1797	type I DNA topoisomerase [Escherichia coli]
WP_283726749	99.538	100	865	865	865	0.0	1797	type I DNA topoisomerase [Shigella sonnei]
WP_001485714	99.769	100	865	865	865	0.0	1797	type I DNA topoisomerase [Escherichia coli]
WP_302305017	99.653	100	865	865	865	0.0	1797	type I DNA topoisomerase [Escherichia coli]
WP_042029466	99.538	100	865	865	865	0.0	1797	type I DNA topoisomerase [Escherichia coli]
WP_346708209	99.653	100	865	865	865	0.0	1797	type I DNA topoisomerase [Escherichia coli]
WP_094112740	99.653	100	865	865	865	0.0	1797	type I DNA topoisomerase [Shigella flexneri]
WP_112350513	99.653	100	865	865	865	0.0	1797	type I DNA topoisomerase [Shigella flexneri]
WP_248889884	99.538	100	865	865	865	0.0	1797	type I DNA topoisomerase [Escherichia coli]
WP_226875355	99.538	100	865	865	865	0.0	1797	MULTISPECIES: type I DNA topoisomerase [Enterobacteriaceae]
WP_089527054	99.653	100	865	865	865	0.0	1797	type I DNA topoisomerase [Escherichia coli]
WP_203739528	99.538	100	865	865	865	0.0	1797	type I DNA topoisomerase [Escherichia coli]
WP_071337709	99.653	100	865	865	865	0.0	1797	type I DNA topoisomerase [Escherichia coli]
WP_286040451	99.653	100	865	865	865	0.0	1797	type I DNA topoisomerase [Escherichia coli]
WP_170877827	99.653	100	865	865	865	0.0	1797	type I DNA topoisomerase [Escherichia coli]
WP_137506757	99.653	100	865	865	865	0.0	1797	type I DNA topoisomerase [Escherichia coli]
WP_302347522	99.653	100	865	865	865	0.0	1797	type I DNA topoisomerase [Escherichia coli]
WP_337451994	99.653	100	865	865	865	0.0	1797	type I DNA topoisomerase [Escherichia coli]
WP_112886542	99.653	100	865	865	865	0.0	1797	type I DNA topoisomerase [Escherichia coli]
WP_186184159	99.884	100	862	865	862	0.0	1797	type I DNA topoisomerase, partial [Escherichia coli]
WP_001643336	99.769	100	865	865	865	0.0	1797	type I DNA topoisomerase [Escherichia coli]
WP_277499301	99.653	100	865	865	865	0.0	1797	type I DNA topoisomerase [Escherichia coli]
WP_128613966	99.653	100	865	865	865	0.0	1797	type I DNA topoisomerase [Shigella flexneri]
WP_275284808	99.653	100	865	865	865	0.0	1797	type I DNA topoisomerase [Escherichia coli]
WP_023145287	99.538	100	865	865	865	0.0	1797	type I DNA topoisomerase [Escherichia coli]
WP_109551013	99.422	100	865	865	865	0.0	1797	type I DNA topoisomerase [Escherichia coli]
WP_137502456	99.653	100	865	865	865	0.0	1797	type I DNA topoisomerase [Escherichia coli]
WP_306341828	99.653	100	865	865	865	0.0	1797	type I DNA topoisomerase [Escherichia coli]
WP_473003672	99.653	100	865	865	865	0.0	1797	N/A
WP_167579782	99.653	100	865	865	865	0.0	1797	type I DNA topoisomerase [Escherichia coli]
WP_059337755	99.653	100	865	865	865	0.0	1797	type I DNA topoisomerase [Escherichia coli]
WP_141106124	99.653	100	865	865	865	0.0	1797	type I DNA topoisomerase [Shigella flexneri]
WP_169769151	99.653	100	865	865	865	0.0	1797	type I DNA topoisomerase [Escherichia coli]
WP_001397166	99.769	100	865	865	865	0.0	1797	type I DNA topoisomerase [Escherichia coli]
WP_024259893	99.653	100	865	865	865	0.0	1797	MULTISPECIES: type I DNA topoisomerase [Shigella]
WP_148463990	99.653	100	865	865	865	0.0	1797	type I DNA topoisomerase [Escherichia coli]
WP_193802880	99.538	100	865	865	865	0.0	1796	type I DNA topoisomerase [Escherichia coli]
WP_208064775	99.653	100	865	865	865	0.0	1796	N/A
WP_338231578	99.538	100	865	865	865	0.0	1796	type I DNA topoisomerase [Shigella flexneri]
WP_192849614	99.653	100	864	865	864	0.0	1796	type I DNA topoisomerase, partial [Escherichia coli]
WP_001298100	99.538	100	865	865	865	0.0	1796	type I DNA topoisomerase [Escherichia coli]
WP_128456570	99.653	100	865	865	865	0.0	1796	type I DNA topoisomerase [Escherichia coli]
WP_262018964	99.538	100	865	865	865	0.0	1796	type I DNA topoisomerase [Escherichia coli]
WP_338853103	99.653	100	865	865	865	0.0	1796	type I DNA topoisomerase [Escherichia coli]
WP_447534128	99.538	100	865	865	865	0.0	1796	type I DNA topoisomerase [Escherichia coli]
WP_447306014	99.769	100	864	865	867	0.0	1796	type I DNA topoisomerase [Escherichia coli]
WP_112901885	99.538	100	865	865	865	0.0	1796	type I DNA topoisomerase [Escherichia coli]
WP_157702382	99.653	100	865	865	865	0.0	1796	type I DNA topoisomerase [Escherichia coli]
WP_461861132	99.538	100	865	865	865	0.0	1796	N/A
WP_262010055	99.538	100	865	865	865	0.0	1796	type I DNA topoisomerase [Escherichia coli]
WP_113240210	99.653	100	865	865	865	0.0	1796	type I DNA topoisomerase [Escherichia coli]
WP_181679899	99.769	100	865	865	864	0.0	1796	type I DNA topoisomerase [Escherichia coli]
WP_438380882	99.653	100	865	865	865	0.0	1796	type I DNA topoisomerase [Escherichia coli]
WP_279435967	99.422	100	865	865	865	0.0	1796	type I DNA topoisomerase [Escherichia coli]
WP_261630464	99.538	100	865	865	865	0.0	1796	type I DNA topoisomerase [Escherichia coli]
WP_331332859	99.653	100	865	865	865	0.0	1796	type I DNA topoisomerase [Escherichia coli]
WP_407230237	99.538	100	865	865	865	0.0	1796	type I DNA topoisomerase [Escherichia coli]
WP_407237162	99.422	100	865	865	865	0.0	1796	type I DNA topoisomerase [Escherichia coli]
WP_389367345	99.538	100	865	865	865	0.0	1796	type I DNA topoisomerase [Escherichia coli]
WP_436403923	99.653	100	865	865	865	0.0	1796	type I DNA topoisomerase [Escherichia coli]
WP_458584222	99.653	100	865	865	865	0.0	1796	type I DNA topoisomerase [Escherichia coli]
WP_001661269	99.769	100	865	865	865	0.0	1796	type I DNA topoisomerase [Escherichia coli]
WP_001607265	99.538	100	865	865	865	0.0	1796	type I DNA topoisomerase [Escherichia coli]
WP_443462492	99.538	100	865	865	865	0.0	1796	type I DNA topoisomerase [Escherichia coli]
WP_218684166	99.538	100	865	865	865	0.0	1796	type I DNA topoisomerase [Escherichia coli]
WP_077543233	99.538	100	865	865	865	0.0	1796	type I DNA topoisomerase [Escherichia coli]
WP_311230540	99.653	100	865	865	865	0.0	1796	type I DNA topoisomerase [Escherichia coli]
WP_335802968	99.653	100	865	865	865	0.0	1796	type I DNA topoisomerase [Escherichia coli]
WP_001625658	99.653	100	865	865	865	0.0	1796	type I DNA topoisomerase [Escherichia coli]
WP_032292753	99.653	100	865	865	865	0.0	1796	type I DNA topoisomerase [Escherichia coli]
WP_438782855	99.538	100	865	865	865	0.0	1796	type I DNA topoisomerase [Escherichia coli]
WP_113349994	99.653	100	865	865	865	0.0	1796	type I DNA topoisomerase [Escherichia coli]
WP_052993784	99.538	100	865	865	865	0.0	1796	type I DNA topoisomerase [Shigella sonnei]
WP_269412837	99.538	100	865	865	865	0.0	1796	type I DNA topoisomerase [Escherichia coli]
WP_486510448	99.769	100	865	865	865	0.0	1796	N/A
WP_001698309	99.653	100	865	865	865	0.0	1796	type I DNA topoisomerase [Escherichia coli]
WP_119164766	99.653	100	865	865	865	0.0	1796	type I DNA topoisomerase [Shigella flexneri]
WP_001678703	99.653	100	865	865	865	0.0	1796	type I DNA topoisomerase [Escherichia coli]
WP_228362710	99.538	100	865	865	865	0.0	1796	MULTISPECIES: type I DNA topoisomerase [unclassified Shigella]
WP_285081104	99.768	100	863	865	863	0.0	1796	type I DNA topoisomerase, partial [Escherichia coli]
WP_404998961	99.538	100	865	865	865	0.0	1796	type I DNA topoisomerase [Escherichia coli]
WP_069907111	99.653	100	865	865	865	0.0	1796	type I DNA topoisomerase [Escherichia coli]
WP_366948134	99.538	100	865	865	865	0.0	1796	type I DNA topoisomerase [Escherichia coli]
WP_343119737	99.653	100	865	865	865	0.0	1796	type I DNA topoisomerase [Escherichia coli]
WP_128448741	99.538	100	865	865	865	0.0	1796	type I DNA topoisomerase [Escherichia coli]
WP_021550866	99.306	100	865	865	865	0.0	1795	MULTISPECIES: type I DNA topoisomerase [Escherichia]
WP_241328699	99.768	100	862	865	862	0.0	1795	type I DNA topoisomerase, partial [Escherichia coli]
WP_366949120	99.538	100	865	865	865	0.0	1795	type I DNA topoisomerase [Escherichia coli]
WP_112366248	99.538	100	865	865	865	0.0	1795	type I DNA topoisomerase [Shigella sonnei]
WP_115763372	99.538	100	865	865	865	0.0	1795	type I DNA topoisomerase [Escherichia coli]
WP_133458668	99.653	100	865	865	865	0.0	1795	type I DNA topoisomerase [Escherichia coli]
WP_169750412	99.538	100	865	865	865	0.0	1795	type I DNA topoisomerase [Escherichia coli]
WP_125112108	99.538	100	865	865	865	0.0	1795	type I DNA topoisomerase [Escherichia coli]
WP_033865378	99.653	100	865	865	865	0.0	1795	type I DNA topoisomerase [Escherichia coli]
WP_005023339	99.538	100	865	865	865	0.0	1795	type I DNA topoisomerase [Shigella dysenteriae]
WP_483647610	99.538	100	865	865	865	0.0	1795	N/A
WP_233399111	99.884	100	861	865	861	0.0	1795	type I DNA topoisomerase, partial [Escherichia coli]
WP_005032880	99.538	100	865	865	865	0.0	1795	MULTISPECIES: type I DNA topoisomerase [Shigella]
WP_139555671	99.538	100	865	865	865	0.0	1795	type I DNA topoisomerase [Escherichia coli]
WP_367008219	99.422	100	865	865	865	0.0	1795	type I DNA topoisomerase [Escherichia coli]
WP_014639162	99.306	100	865	865	865	0.0	1795	type I DNA topoisomerase [Escherichia coli]
WP_115194301	99.538	100	865	865	865	0.0	1795	type I DNA topoisomerase [Escherichia coli]
WP_032297743	99.653	100	865	865	865	0.0	1795	type I DNA topoisomerase [Escherichia coli]
WP_049094051	99.538	100	865	865	865	0.0	1795	type I DNA topoisomerase [Escherichia coli]
WP_039064846	99.653	100	865	865	865	0.0	1795	MULTISPECIES: type I DNA topoisomerase [Shigella]
WP_130222777	99.306	100	865	865	865	0.0	1795	type I DNA topoisomerase [Escherichia sp. E13S3]
WP_152031172	99.538	100	865	865	865	0.0	1795	type I DNA topoisomerase [Shigella flexneri]
WP_254685061	99.538	100	865	865	865	0.0	1795	type I DNA topoisomerase [Shigella flexneri]
WP_160379198	99.653	100	865	865	862	0.0	1795	type I DNA topoisomerase [Escherichia coli]
WP_081570128	99.538	100	865	865	865	0.0	1795	type I DNA topoisomerase [Escherichia coli]
WP_160448892	99.538	100	865	865	865	0.0	1795	type I DNA topoisomerase [Escherichia coli]
WP_075328268	98.969	100	873	865	873	0.0	1795	type I DNA topoisomerase [Shigella flexneri]
WP_254280938	99.538	100	865	865	865	0.0	1795	type I DNA topoisomerase [Escherichia coli]
WP_156666342	99.538	100	865	865	865	0.0	1794	type I DNA topoisomerase [Shigella flexneri]
WP_119177628	99.422	100	865	865	865	0.0	1794	type I DNA topoisomerase [Shigella dysenteriae]
WP_134812201	99.538	100	865	865	865	0.0	1794	type I DNA topoisomerase [Shigella sonnei]
WP_064527215	99.306	100	865	865	865	0.0	1794	MULTISPECIES: type I DNA topoisomerase [Escherichia]
WP_447390936	99.538	100	865	865	865	0.0	1794	type I DNA topoisomerase [Shigella flexneri]
WP_134798233	99.538	100	865	865	865	0.0	1794	type I DNA topoisomerase [Shigella flexneri]
WP_130208855	99.191	100	865	865	865	0.0	1794	MULTISPECIES: type I DNA topoisomerase [unclassified Escherichia]
WP_024212414	99.191	100	865	865	865	0.0	1794	MULTISPECIES: type I DNA topoisomerase [Escherichia]
WP_396125936	99.538	100	865	865	865	0.0	1793	type I DNA topoisomerase [Escherichia coli]
WP_025237092	99.306	100	865	865	865	0.0	1793	type I DNA topoisomerase [Escherichia albertii]
WP_119228377	99.538	100	865	865	865	0.0	1793	type I DNA topoisomerase [Shigella flexneri]
WP_134797136	99.538	100	865	865	865	0.0	1793	type I DNA topoisomerase [Shigella flexneri]
WP_059268211	99.191	100	865	865	865	0.0	1793	type I DNA topoisomerase [Escherichia albertii]
WP_426258934	99.538	100	865	865	865	0.0	1793	type I DNA topoisomerase [Shigella flexneri]
WP_348996957	99.191	100	865	865	865	0.0	1793	type I DNA topoisomerase [Escherichia albertii]
WP_192962928	99.767	99	860	865	860	0.0	1793	type I DNA topoisomerase, partial [Escherichia coli]
WP_010350249	99.191	100	865	865	865	0.0	1793	MULTISPECIES: type I DNA topoisomerase [Escherichia]
WP_044864065	99.306	100	865	865	865	0.0	1793	type I DNA topoisomerase [Escherichia coli]
WP_156675230	99.538	100	865	865	865	0.0	1793	type I DNA topoisomerase [Shigella flexneri]
WP_285959979	99.538	100	865	865	865	0.0	1793	type I DNA topoisomerase [Escherichia coli]
WP_059275760	99.191	100	865	865	865	0.0	1793	type I DNA topoisomerase [Escherichia albertii]
WP_096079871	98.073	100	882	865	882	0.0	1793	type I DNA topoisomerase [Escherichia coli]
WP_140235718	100.000	99	859	865	859	0.0	1793	type I DNA topoisomerase, partial [Escherichia coli]
WP_288770467	99.538	100	865	865	865	0.0	1792	type I DNA topoisomerase [uncultured Escherichia sp.]
WP_128484340	99.538	100	865	865	865	0.0	1792	type I DNA topoisomerase [Escherichia coli]
WP_447394891	99.538	100	865	865	865	0.0	1792	type I DNA topoisomerase [Shigella flexneri]
WP_124783278	99.191	100	865	865	865	0.0	1792	type I DNA topoisomerase [Escherichia albertii]
WP_325901789	99.191	100	865	865	865	0.0	1792	type I DNA topoisomerase [Escherichia whittamii]
WP_059241841	99.191	100	865	865	865	0.0	1792	type I DNA topoisomerase [Escherichia albertii]
WP_085460779	99.075	100	865	865	865	0.0	1792	MULTISPECIES: type I DNA topoisomerase [Escherichia]
WP_130259730	99.075	100	865	865	865	0.0	1792	MULTISPECIES: type I DNA topoisomerase [unclassified Escherichia]
WP_204619009	99.191	100	865	865	865	0.0	1792	type I DNA topoisomerase [Escherichia albertii]
WP_204628519	99.191	100	865	865	865	0.0	1792	type I DNA topoisomerase [Escherichia albertii]
WP_098402050	99.191	100	865	865	865	0.0	1792	type I DNA topoisomerase [Escherichia albertii]
WP_053002813	99.652	100	861	865	861	0.0	1792	type I DNA topoisomerase, partial [Shigella sonnei]
WP_105272672	99.075	100	865	865	865	0.0	1792	type I DNA topoisomerase [Escherichia sp. MOD1-EC7003]
WP_059228683	99.191	100	865	865	865	0.0	1792	type I DNA topoisomerase [Escherichia albertii]
WP_137325881	99.075	100	865	865	865	0.0	1791	type I DNA topoisomerase [Escherichia sp. MR]
WP_420899960	99.191	100	865	865	865	0.0	1791	type I DNA topoisomerase [Escherichia coli]
WP_138183146	99.075	100	865	865	865	0.0	1791	type I DNA topoisomerase [Escherichia sp. E3659]
WP_192951673	99.652	100	861	865	861	0.0	1791	type I DNA topoisomerase, partial [Escherichia coli]
WP_113649834	99.191	100	865	865	865	0.0	1791	type I DNA topoisomerase [Escherichia albertii]
WP_159386368	99.191	100	865	865	865	0.0	1791	type I DNA topoisomerase [Escherichia albertii]
WP_149451194	99.075	100	865	865	865	0.0	1791	type I DNA topoisomerase [Escherichia albertii]
WP_002462101	99.191	100	865	865	865	0.0	1791	type I DNA topoisomerase [Escherichia albertii]
WP_059239922	99.191	100	865	865	865	0.0	1791	type I DNA topoisomerase [Escherichia albertii]
WP_010332637	99.191	100	865	865	865	0.0	1791	type I DNA topoisomerase [Escherichia albertii]
WP_010355625	99.075	100	865	865	865	0.0	1791	MULTISPECIES: type I DNA topoisomerase [Escherichia]
WP_256877886	99.191	100	865	865	865	0.0	1791	type I DNA topoisomerase [Escherichia albertii]
WP_119179414	99.422	100	865	865	865	0.0	1790	type I DNA topoisomerase [Shigella sonnei]
WP_059258507	99.191	100	865	865	865	0.0	1790	type I DNA topoisomerase [Escherichia albertii]
WP_001516492	99.075	100	865	865	865	0.0	1790	MULTISPECIES: type I DNA topoisomerase [Escherichia]
WP_404410094	98.960	100	865	865	865	0.0	1790	type I DNA topoisomerase [Escherichia marmotae]
WP_233945808	99.075	100	865	865	865	0.0	1790	type I DNA topoisomerase [Escherichia albertii]
WP_105279728	98.960	100	865	865	865	0.0	1790	MULTISPECIES: type I DNA topoisomerase [Escherichia]
WP_010340715	99.191	100	865	865	865	0.0	1790	type I DNA topoisomerase [Escherichia albertii]
WP_059279416	99.075	100	865	865	865	0.0	1790	type I DNA topoisomerase [Escherichia albertii]
WP_150003811	99.075	100	865	865	865	0.0	1790	type I DNA topoisomerase [Escherichia albertii]
WP_433818219	98.960	100	865	865	865	0.0	1790	type I DNA topoisomerase [Escherichia marmotae]
WP_137650755	99.191	100	865	865	865	0.0	1789	type I DNA topoisomerase [Escherichia albertii]
WP_105241991	98.740	100	873	865	873	0.0	1789	MULTISPECIES: type I DNA topoisomerase [Shigella]
WP_141109152	99.191	100	865	865	865	0.0	1789	type I DNA topoisomerase [Escherichia albertii]
WP_396017558	99.191	100	865	865	865	0.0	1789	type I DNA topoisomerase [Escherichia albertii]
WP_311014755	99.306	100	865	865	862	0.0	1789	type I DNA topoisomerase [Escherichia coli]
WP_262930693	99.075	100	865	865	865	0.0	1789	type I DNA topoisomerase [Escherichia albertii]
WP_224171678	99.767	99	859	865	859	0.0	1789	type I DNA topoisomerase, partial [Escherichia coli]
WP_222691237	98.960	100	865	865	865	0.0	1789	type I DNA topoisomerase [Escherichia marmotae]
WP_033550377	99.422	100	865	865	862	0.0	1789	type I DNA topoisomerase [Escherichia coli]
WP_192855525	99.767	99	859	865	859	0.0	1789	type I DNA topoisomerase, partial [Escherichia coli]
WP_105263579	98.960	100	865	865	865	0.0	1789	MULTISPECIES: type I DNA topoisomerase [unclassified Escherichia]
WP_011069349	99.191	100	865	865	865	0.0	1789	type I DNA topoisomerase [Shigella flexneri]
WP_331328556	98.960	100	865	865	865	0.0	1789	type I DNA topoisomerase [Escherichia marmotae]
WP_181479248	98.960	100	865	865	865	0.0	1788	type I DNA topoisomerase [Escherichia marmotae]
WP_181474769	98.960	100	865	865	865	0.0	1788	type I DNA topoisomerase [Escherichia marmotae]
WP_000513601	98.844	100	865	865	865	0.0	1788	type I DNA topoisomerase [Escherichia fergusonii]
WP_340494168	99.075	100	865	865	865	0.0	1788	type I DNA topoisomerase [Escherichia albertii]
WP_255126227	98.728	100	865	865	865	0.0	1788	type I DNA topoisomerase [Escherichia fergusonii]
WP_262933146	99.075	100	865	865	865	0.0	1788	type I DNA topoisomerase [Escherichia albertii]
WP_308065925	98.960	100	865	865	865	0.0	1788	type I DNA topoisomerase [Escherichia marmotae]
WP_338341039	98.844	100	865	865	865	0.0	1787	type I DNA topoisomerase [Escherichia fergusonii]
WP_222692696	98.728	100	865	865	865	0.0	1787	type I DNA topoisomerase [Escherichia fergusonii]
WP_125317346	99.075	100	865	865	865	0.0	1787	type I DNA topoisomerase [Escherichia albertii]
WP_269718103	99.075	100	865	865	865	0.0	1787	type I DNA topoisomerase [Escherichia albertii]
WP_275342639	98.728	100	865	865	865	0.0	1787	type I DNA topoisomerase [Escherichia fergusonii]
WP_137576422	99.767	99	858	865	858	0.0	1787	type I DNA topoisomerase, partial [Escherichia coli]
WP_440284337	98.728	100	865	865	865	0.0	1786	type I DNA topoisomerase [Escherichia fergusonii]
WP_105283921	98.728	100	865	865	865	0.0	1786	type I DNA topoisomerase [Escherichia fergusonii]
WP_100210085	100.000	99	856	865	856	0.0	1786	type I DNA topoisomerase, partial [Escherichia coli]
WP_181669845	98.613	100	865	865	865	0.0	1786	type I DNA topoisomerase [Escherichia fergusonii]
WP_349324084	99.075	100	865	865	865	0.0	1786	type I DNA topoisomerase [Escherichia albertii]
WP_309212705	98.844	100	865	865	865	0.0	1786	type I DNA topoisomerase [Escherichia marmotae]
WP_439230711	98.728	100	865	865	865	0.0	1786	type I DNA topoisomerase [Escherichia fergusonii]
WP_104919812	98.613	100	865	865	865	0.0	1785	MULTISPECIES: type I DNA topoisomerase [Escherichia]
WP_375093564	98.613	100	865	865	865	0.0	1785	type I DNA topoisomerase [Escherichia fergusonii]
WP_000513600	98.613	100	865	865	865	0.0	1785	type I DNA topoisomerase [Escherichia fergusonii]
WP_192943815	99.767	99	857	865	857	0.0	1785	type I DNA topoisomerase, partial [Escherichia coli]
WP_248900062	98.497	100	865	865	865	0.0	1784	type I DNA topoisomerase [Escherichia fergusonii]
WP_181199057	98.497	100	865	865	865	0.0	1784	type I DNA topoisomerase [Escherichia fergusonii]
WP_473775881	98.497	100	865	865	865	0.0	1784	N/A
WP_181671744	98.497	100	865	865	865	0.0	1784	type I DNA topoisomerase [Escherichia fergusonii]
WP_319792650	99.883	99	856	865	870	0.0	1783	type I DNA topoisomerase [Escherichia coli]
WP_220766472	99.883	99	855	865	855	0.0	1783	type I DNA topoisomerase, partial [Escherichia coli]
WP_192950382	99.766	99	856	865	856	0.0	1783	type I DNA topoisomerase, partial [Escherichia coli]
WP_181588754	98.497	100	865	865	865	0.0	1783	type I DNA topoisomerase [Escherichia fergusonii]
WP_223666187	98.497	100	865	865	865	0.0	1783	type I DNA topoisomerase [Escherichia fergusonii]
WP_407254918	98.497	100	865	865	865	0.0	1782	type I DNA topoisomerase [Escherichia fergusonii]
WP_181811662	98.497	100	865	865	865	0.0	1782	type I DNA topoisomerase [Escherichia fergusonii]
WP_180491737	98.382	100	865	865	865	0.0	1782	type I DNA topoisomerase [Escherichia fergusonii]
WP_181673256	98.382	100	865	865	865	0.0	1781	type I DNA topoisomerase [Escherichia fergusonii]
WP_222688576	98.497	100	865	865	865	0.0	1781	type I DNA topoisomerase [Escherichia fergusonii]
WP_182257864	98.382	100	865	865	865	0.0	1781	type I DNA topoisomerase [Escherichia fergusonii]
WP_141223180	100.000	99	853	865	853	0.0	1779	type I DNA topoisomerase, partial [Escherichia coli]
WP_046080869	98.266	100	865	865	865	0.0	1778	type I DNA topoisomerase [Escherichia fergusonii]
WP_135561029	100.000	98	852	865	852	0.0	1778	type I DNA topoisomerase, partial [Escherichia coli]
WP_262035598	98.613	100	865	865	865	0.0	1775	type I DNA topoisomerase [Escherichia coli]
WP_052975063	99.648	99	853	865	853	0.0	1774	type I DNA topoisomerase, partial [Shigella sonnei]
WP_458620771	100.000	98	850	865	850	0.0	1772	type I DNA topoisomerase [Escherichia coli]
WP_192958487	99.765	98	851	865	851	0.0	1772	type I DNA topoisomerase, partial [Escherichia coli]
WP_482517003	99.764	98	849	865	853	0.0	1767	N/A
WP_192850280	100.000	98	846	865	846	0.0	1763	type I DNA topoisomerase, partial [Escherichia coli]
WP_289420208	99.764	98	846	865	846	0.0	1760	type I DNA topoisomerase, partial [Escherichia coli]
WP_167405553	100.000	98	845	865	845	0.0	1760	type I DNA topoisomerase, partial [Escherichia coli]
WP_012905972	96.879	100	865	865	865	0.0	1759	type I DNA topoisomerase [Citrobacter rodentium]
WP_252392729	99.763	98	845	865	845	0.0	1757	type I DNA topoisomerase, partial [Escherichia coli]
WP_336222277	96.879	100	865	865	865	0.0	1756	type I DNA topoisomerase [Citrobacter amalonaticus]
WP_103774691	96.763	100	865	865	865	0.0	1756	type I DNA topoisomerase [Citrobacter amalonaticus]
WP_220731537	100.000	97	843	865	843	0.0	1756	type I DNA topoisomerase, partial [Escherichia coli]
WP_042318669	96.647	100	865	865	865	0.0	1754	type I DNA topoisomerase [Citrobacter farmeri]
WP_414238619	96.532	100	865	865	865	0.0	1754	type I DNA topoisomerase [Citrobacter sp. ANG330]
WP_354651774	96.532	100	865	865	865	0.0	1754	type I DNA topoisomerase [Citrobacter amalonaticus]
WP_000513595	96.532	100	865	865	865	0.0	1753	MULTISPECIES: type I DNA topoisomerase [Salmonella]
WP_438375312	100.000	97	839	865	839	0.0	1753	type I DNA topoisomerase, partial [Escherichia coli]
WP_195293729	96.532	100	865	865	865	0.0	1753	type I DNA topoisomerase [Citrobacter farmeri]
WP_137432717	100.000	97	841	865	841	0.0	1753	type I DNA topoisomerase, partial [Escherichia coli]
WP_334330573	96.532	100	865	865	865	0.0	1752	type I DNA topoisomerase [Citrobacter farmeri]
WP_232166077	96.532	100	865	865	865	0.0	1752	type I DNA topoisomerase [Salmonella enterica]
WP_016506808	96.416	100	865	865	865	0.0	1752	type I DNA topoisomerase [Salmonella enterica]
WP_061077672	96.416	100	865	865	865	0.0	1752	MULTISPECIES: type I DNA topoisomerase [Citrobacter]
WP_285922853	96.416	100	865	865	865	0.0	1751	type I DNA topoisomerase [Citrobacter amalonaticus]
WP_322967232	96.416	100	865	865	865	0.0	1751	type I DNA topoisomerase [Salmonella enterica]
WP_174349305	96.416	100	865	865	865	0.0	1751	type I DNA topoisomerase [Citrobacter farmeri]
WP_000513596	96.416	100	865	865	865	0.0	1751	type I DNA topoisomerase [Salmonella enterica]
WP_484341499	96.532	100	865	865	865	0.0	1751	N/A
WP_000513593	96.416	100	865	865	865	0.0	1751	MULTISPECIES: type I DNA topoisomerase [Salmonella]
WP_042283444	96.301	100	865	865	865	0.0	1751	type I DNA topoisomerase [Citrobacter sedlakii]
WP_119037720	96.416	100	865	865	865	0.0	1751	type I DNA topoisomerase [Salmonella enterica]
WP_080187487	96.416	100	865	865	865	0.0	1751	type I DNA topoisomerase [Salmonella enterica]
WP_000513598	96.416	100	865	865	865	0.0	1751	type I DNA topoisomerase [Salmonella enterica]
WP_258441651	96.301	100	865	865	865	0.0	1751	type I DNA topoisomerase [Citrobacter amalonaticus]
WP_350369394	96.416	100	865	865	865	0.0	1751	type I DNA topoisomerase [Salmonella enterica]
WP_152404374	96.416	100	865	865	865	0.0	1751	type I DNA topoisomerase [Citrobacter telavivensis]
WP_135401126	96.301	100	865	865	865	0.0	1750	type I DNA topoisomerase [Salmonella enterica]
WP_078164288	96.301	100	865	865	865	0.0	1750	type I DNA topoisomerase [Salmonella enterica]
WP_061378882	96.416	100	865	865	865	0.0	1750	type I DNA topoisomerase [Salmonella enterica]
WP_052932109	96.301	100	865	865	865	0.0	1750	MULTISPECIES: type I DNA topoisomerase [Salmonella]
WP_380988203	96.301	100	865	865	865	0.0	1750	type I DNA topoisomerase [Salmonella sp. BAS-3]
WP_140039160	96.416	100	865	865	865	0.0	1750	type I DNA topoisomerase [Salmonella enterica]
WP_080219049	96.301	100	865	865	865	0.0	1750	type I DNA topoisomerase [Salmonella enterica]
WP_326976442	96.301	100	865	865	865	0.0	1750	N/A
WP_001649179	96.416	100	865	865	865	0.0	1750	MULTISPECIES: type I DNA topoisomerase [Salmonella]
WP_437153020	96.416	100	865	865	865	0.0	1750	type I DNA topoisomerase [Salmonella enterica]
WP_437138713	96.416	100	865	865	865	0.0	1750	type I DNA topoisomerase [Salmonella enterica]
WP_126524036	96.301	100	865	865	865	0.0	1750	MULTISPECIES: type I DNA topoisomerase [Salmonella]
WP_437141873	96.301	100	865	865	865	0.0	1750	type I DNA topoisomerase [Salmonella enterica]
WP_486572282	96.301	100	865	865	865	0.0	1750	N/A
WP_052894846	96.301	100	865	865	865	0.0	1750	type I DNA topoisomerase [Salmonella enterica]
WP_420059946	96.416	100	865	865	865	0.0	1750	type I DNA topoisomerase [Salmonella enterica]
WP_286633407	96.301	100	865	865	865	0.0	1750	type I DNA topoisomerase [Citrobacter sp. Ct235]
WP_079842153	96.301	100	865	865	865	0.0	1750	type I DNA topoisomerase [Salmonella enterica]
WP_050954815	96.416	100	865	865	878	0.0	1750	type I DNA topoisomerase [Salmonella enterica]
WP_076737109	96.301	100	865	865	865	0.0	1750	type I DNA topoisomerase [Salmonella enterica]
WP_079798031	96.185	100	865	865	865	0.0	1750	type I DNA topoisomerase [Salmonella enterica]
WP_438251663	96.301	100	865	865	865	0.0	1750	type I DNA topoisomerase [Salmonella enterica]
WP_054173929	96.301	100	865	865	865	0.0	1750	type I DNA topoisomerase [Salmonella enterica]
WP_023243911	96.301	100	865	865	865	0.0	1750	MULTISPECIES: type I DNA topoisomerase [Salmonella]
WP_350394891	96.301	100	865	865	865	0.0	1750	type I DNA topoisomerase [Salmonella enterica]
WP_137075834	96.301	100	865	865	865	0.0	1750	type I DNA topoisomerase [Salmonella enterica]
WP_061873387	96.301	100	865	865	865	0.0	1750	type I DNA topoisomerase [Salmonella enterica]
WP_322499889	96.416	100	865	865	865	0.0	1750	type I DNA topoisomerase [Salmonella enterica]
WP_094299714	96.185	100	865	865	865	0.0	1750	type I DNA topoisomerase [Salmonella enterica]
WP_061371578	96.301	100	865	865	865	0.0	1750	type I DNA topoisomerase [Salmonella enterica]
WP_046481020	96.301	100	865	865	865	0.0	1750	type I DNA topoisomerase [Citrobacter amalonaticus]
WP_151116648	96.301	100	865	865	865	0.0	1750	MULTISPECIES: type I DNA topoisomerase [Salmonella]
WP_198081138	96.301	100	865	865	865	0.0	1749	type I DNA topoisomerase [Salmonella enterica]
WP_416859591	96.301	100	865	865	865	0.0	1749	type I DNA topoisomerase [Salmonella sp. s57029]
WP_171923390	96.185	100	865	865	865	0.0	1749	type I DNA topoisomerase [Salmonella bongori]
WP_080102613	96.301	100	865	865	865	0.0	1749	type I DNA topoisomerase [Salmonella enterica]
WP_079969291	96.301	100	865	865	865	0.0	1749	type I DNA topoisomerase [Salmonella enterica]
WP_352445533	96.185	100	865	865	865	0.0	1749	type I DNA topoisomerase [Citrobacter sedlakii]
WP_082242820	96.301	100	865	865	865	0.0	1749	type I DNA topoisomerase [Salmonella enterica]
WP_373671403	96.185	100	865	865	865	0.0	1749	type I DNA topoisomerase [Citrobacter telavivensis]
WP_080077924	96.301	100	865	865	865	0.0	1749	type I DNA topoisomerase [Salmonella enterica]
WP_064013377	96.301	100	865	865	865	0.0	1749	type I DNA topoisomerase [Salmonella enterica]
WP_060571295	96.185	100	865	865	865	0.0	1749	MULTISPECIES: type I DNA topoisomerase [Citrobacter]
WP_103133502	96.301	100	865	865	865	0.0	1749	type I DNA topoisomerase [Salmonella enterica]
WP_080213863	96.301	100	865	865	865	0.0	1749	type I DNA topoisomerase [Salmonella enterica]
WP_079954488	96.416	100	865	865	865	0.0	1749	type I DNA topoisomerase [Salmonella enterica]
WP_335285437	96.301	100	865	865	865	0.0	1749	type I DNA topoisomerase [Salmonella enterica]
WP_209072113	96.301	100	865	865	865	0.0	1749	type I DNA topoisomerase [Salmonella enterica]
WP_079951547	96.301	100	865	865	865	0.0	1749	MULTISPECIES: type I DNA topoisomerase [Salmonella]
WP_047657007	96.301	100	865	865	865	0.0	1749	type I DNA topoisomerase [Salmonella enterica]
WP_309312435	96.301	100	865	865	865	0.0	1749	type I DNA topoisomerase [Salmonella enterica]
WP_149508568	96.301	100	865	865	865	0.0	1749	type I DNA topoisomerase [Salmonella enterica]
WP_043000535	96.416	100	865	865	865	0.0	1749	MULTISPECIES: type I DNA topoisomerase [Citrobacter]
WP_429473155	96.301	100	865	865	865	0.0	1749	type I DNA topoisomerase [Salmonella enterica]
WP_411018137	96.301	100	865	865	865	0.0	1749	type I DNA topoisomerase [Salmonella sp. 741265118_HBA]
WP_086126117	96.416	100	865	865	865	0.0	1749	type I DNA topoisomerase [Salmonella enterica]
WP_371063775	96.301	100	865	865	865	0.0	1749	type I DNA topoisomerase [Salmonella enterica]
WP_408508150	96.301	100	865	865	865	0.0	1749	type I DNA topoisomerase [Salmonella enterica]
WP_411006410	96.301	100	865	865	865	0.0	1749	MULTISPECIES: type I DNA topoisomerase [Salmonella]
WP_053216291	96.301	100	865	865	865	0.0	1749	type I DNA topoisomerase [Salmonella enterica]
WP_080205889	96.301	100	865	865	865	0.0	1749	type I DNA topoisomerase [Salmonella enterica]
WP_117380620	96.301	100	865	865	865	0.0	1749	type I DNA topoisomerase [Salmonella enterica]
WP_127201174	96.301	100	865	865	865	0.0	1749	type I DNA topoisomerase [Salmonella enterica]
WP_000513590	96.185	100	865	865	865	0.0	1749	type I DNA topoisomerase [Salmonella enterica]
WP_079903507	96.301	100	865	865	865	0.0	1749	type I DNA topoisomerase [Salmonella enterica]
WP_052934848	96.301	100	865	865	865	0.0	1749	type I DNA topoisomerase [Salmonella enterica]
WP_224939449	96.301	100	865	865	865	0.0	1749	type I DNA topoisomerase [Salmonella enterica]
WP_023138314	96.301	100	865	865	865	0.0	1749	MULTISPECIES: type I DNA topoisomerase [Salmonella]
WP_410958342	96.301	100	865	865	865	0.0	1749	MULTISPECIES: type I DNA topoisomerase [unclassified Salmonella]
WP_284554151	96.301	100	865	865	865	0.0	1749	type I DNA topoisomerase [Citrobacter sp. T1.2D-1]
WP_281771301	96.301	100	865	865	865	0.0	1749	type I DNA topoisomerase [Salmonella enterica]
WP_023234051	96.301	100	865	865	865	0.0	1749	MULTISPECIES: type I DNA topoisomerase [Salmonella]
WP_407153653	96.301	100	865	865	865	0.0	1749	type I DNA topoisomerase [Citrobacter amalonaticus]
WP_079976156	96.301	100	865	865	878	0.0	1749	type I DNA topoisomerase [Salmonella enterica]
WP_023207743	96.301	100	865	865	865	0.0	1749	type I DNA topoisomerase [Salmonella enterica]
WP_023213660	96.301	100	865	865	865	0.0	1749	MULTISPECIES: type I DNA topoisomerase [Salmonella]
WP_000513597	96.301	100	865	865	865	0.0	1749	MULTISPECIES: type I DNA topoisomerase [Salmonella]
WP_080164925	96.301	100	865	865	865	0.0	1749	type I DNA topoisomerase [Salmonella enterica]
WP_183059648	96.185	100	865	865	865	0.0	1749	type I DNA topoisomerase [Salmonella enterica]
WP_117218716	96.301	100	865	865	865	0.0	1749	type I DNA topoisomerase [Salmonella enterica]
WP_080221066	96.301	100	865	865	865	0.0	1749	type I DNA topoisomerase [Salmonella enterica]
WP_060545781	96.301	100	865	865	865	0.0	1749	type I DNA topoisomerase [Salmonella enterica]
WP_061585946	96.301	100	865	865	865	0.0	1749	type I DNA topoisomerase [Salmonella enterica]
WP_116750500	96.301	100	865	865	865	0.0	1749	type I DNA topoisomerase [Salmonella enterica]
WP_131064518	96.301	100	865	865	865	0.0	1749	type I DNA topoisomerase [Salmonella enterica]
WP_149457628	96.301	100	865	865	865	0.0	1749	type I DNA topoisomerase [Salmonella enterica]
WP_023240746	96.301	100	865	865	865	0.0	1749	type I DNA topoisomerase [Salmonella enterica]
WP_054170815	96.301	100	865	865	865	0.0	1749	type I DNA topoisomerase [Salmonella enterica]
WP_000513594	96.416	100	865	865	865	0.0	1749	MULTISPECIES: type I DNA topoisomerase [Salmonella]
WP_015606150	96.301	100	865	865	865	0.0	1749	type I DNA topoisomerase [Salmonella enterica]
WP_447330113	99.762	97	841	865	841	0.0	1749	type I DNA topoisomerase, partial [Escherichia coli]
WP_079981228	96.301	100	865	865	865	0.0	1749	MULTISPECIES: type I DNA topoisomerase [Salmonella]
WP_369568123	96.301	100	865	865	865	0.0	1749	type I DNA topoisomerase [Salmonella enterica]
WP_039503944	96.301	100	865	865	865	0.0	1749	MULTISPECIES: type I DNA topoisomerase [Salmonella]
WP_000513591	96.301	100	865	865	865	0.0	1749	type I DNA topoisomerase [Salmonella enterica]
WP_265310270	96.301	100	865	865	865	0.0	1749	type I DNA topoisomerase [Salmonella enterica]
WP_219135121	96.301	100	865	865	865	0.0	1749	type I DNA topoisomerase [Salmonella enterica]
WP_350389474	96.069	100	865	865	865	0.0	1749	MULTISPECIES: type I DNA topoisomerase [Salmonella]
WP_169023683	96.301	100	865	865	865	0.0	1749	type I DNA topoisomerase [Salmonella enterica]
WP_023206147	96.301	100	865	865	865	0.0	1749	type I DNA topoisomerase [Salmonella enterica]
WP_416456041	96.301	100	865	865	865	0.0	1749	type I DNA topoisomerase [Salmonella enterica]
WP_050951797	96.301	100	865	865	865	0.0	1749	type I DNA topoisomerase [Salmonella enterica]
WP_440090516	96.301	100	865	865	865	0.0	1749	type I DNA topoisomerase [Salmonella enterica]
WP_109267065	96.301	100	865	865	865	0.0	1749	type I DNA topoisomerase [Salmonella enterica]
WP_097178305	96.301	100	865	865	865	0.0	1749	type I DNA topoisomerase [Salmonella enterica]
WP_080090075	96.301	100	865	865	865	0.0	1749	type I DNA topoisomerase [Salmonella enterica]
WP_094914137	96.301	100	865	865	865	0.0	1749	type I DNA topoisomerase [Salmonella enterica]
WP_247258414	96.301	100	865	865	865	0.0	1749	type I DNA topoisomerase [Salmonella enterica]
WP_079902076	96.412	100	864	865	864	0.0	1749	type I DNA topoisomerase, partial [Salmonella enterica]
WP_070793984	96.301	100	865	865	865	0.0	1749	type I DNA topoisomerase [Salmonella enterica]
WP_116525600	96.301	100	865	865	865	0.0	1749	type I DNA topoisomerase [Salmonella enterica]
WP_045161401	96.185	100	865	865	865	0.0	1749	type I DNA topoisomerase [Salmonella enterica]
WP_075810041	96.301	100	865	865	865	0.0	1749	type I DNA topoisomerase [Salmonella enterica]
WP_267263067	96.301	100	865	865	865	0.0	1749	type I DNA topoisomerase [Salmonella enterica]
WP_254521646	96.301	100	865	865	865	0.0	1749	type I DNA topoisomerase [Salmonella enterica]
WP_000513589	96.301	100	865	865	865	0.0	1749	type I DNA topoisomerase [Salmonella enterica]
WP_196010489	96.301	100	865	865	865	0.0	1749	type I DNA topoisomerase [Citrobacter amalonaticus]
WP_079788155	96.301	100	865	865	865	0.0	1749	type I DNA topoisomerase [Salmonella enterica]
WP_080183578	96.301	100	865	865	865	0.0	1749	type I DNA topoisomerase [Salmonella enterica]
WP_070810223	96.301	100	865	865	865	0.0	1749	type I DNA topoisomerase [Salmonella enterica]
WP_001633920	96.301	100	865	865	865	0.0	1749	type I DNA topoisomerase [Salmonella enterica]
WP_080106450	96.301	100	865	865	865	0.0	1749	type I DNA topoisomerase [Salmonella enterica]
WP_079789294	96.069	100	865	865	865	0.0	1749	type I DNA topoisomerase [Salmonella enterica]
WP_181823096	96.069	100	865	865	865	0.0	1749	MULTISPECIES: type I DNA topoisomerase [Citrobacter]
WP_373446640	96.301	100	865	865	865	0.0	1749	type I DNA topoisomerase [Salmonella enterica]
WP_447350061	96.301	100	865	865	865	0.0	1749	type I DNA topoisomerase [Salmonella enterica]
WP_079839069	96.301	100	865	865	865	0.0	1749	type I DNA topoisomerase [Salmonella enterica]
WP_352475139	96.416	100	865	865	865	0.0	1749	type I DNA topoisomerase [Citrobacter koseri]
WP_079944817	96.301	100	865	865	865	0.0	1749	type I DNA topoisomerase [Salmonella enterica]
WP_149493905	96.301	100	865	865	865	0.0	1749	type I DNA topoisomerase [Salmonella enterica]
WP_058814275	96.301	100	865	865	865	0.0	1749	type I DNA topoisomerase [Salmonella enterica]
WP_085375818	96.301	100	865	865	865	0.0	1749	type I DNA topoisomerase [Salmonella enterica]
WP_442236156	96.301	100	865	865	865	0.0	1749	type I DNA topoisomerase [Salmonella enterica]
WP_438796587	96.301	100	865	865	865	0.0	1749	MULTISPECIES: type I DNA topoisomerase [unclassified Salmonella]
WP_079972440	96.301	100	865	865	865	0.0	1748	type I DNA topoisomerase [Salmonella enterica]
WP_438256034	96.185	100	865	865	865	0.0	1748	type I DNA topoisomerase [Salmonella enterica]
WP_371067530	96.301	100	865	865	865	0.0	1748	type I DNA topoisomerase [Salmonella enterica]
WP_094964482	96.301	100	865	865	865	0.0	1748	type I DNA topoisomerase [Salmonella enterica]
WP_140031767	96.185	100	865	865	865	0.0	1748	type I DNA topoisomerase [Salmonella enterica]
WP_097358914	96.301	100	865	865	865	0.0	1748	type I DNA topoisomerase [Salmonella enterica]
WP_058112688	96.301	100	865	865	865	0.0	1748	type I DNA topoisomerase [Salmonella enterica]
WP_422662936	96.301	100	865	865	865	0.0	1748	type I DNA topoisomerase [Salmonella enterica]
WP_094445049	96.301	100	865	865	865	0.0	1748	type I DNA topoisomerase [Salmonella enterica]
WP_000513592	96.301	100	865	865	865	0.0	1748	MULTISPECIES: type I DNA topoisomerase [Salmonella]
WP_179678659	96.301	100	865	865	865	0.0	1748	type I DNA topoisomerase [Salmonella enterica]
WP_079807972	96.069	100	865	865	865	0.0	1748	type I DNA topoisomerase [Salmonella enterica]
WP_198900946	96.301	100	865	865	865	0.0	1748	MULTISPECIES: type I DNA topoisomerase [Salmonella]
WP_080193364	96.301	100	865	865	865	0.0	1748	type I DNA topoisomerase [Salmonella enterica]
WP_085429251	96.301	100	865	865	865	0.0	1748	type I DNA topoisomerase [Salmonella enterica]
WP_200075778	96.416	100	865	865	865	0.0	1748	type I DNA topoisomerase [Citrobacter koseri]
WP_050959221	96.301	100	865	865	865	0.0	1748	type I DNA topoisomerase [Salmonella enterica]
WP_117345340	96.301	100	865	865	865	0.0	1748	type I DNA topoisomerase [Salmonella enterica]
WP_000513586	96.069	100	865	865	865	0.0	1748	type I DNA topoisomerase [Salmonella enterica]
WP_011264301	96.301	100	865	865	865	0.0	1748	type I DNA topoisomerase [Salmonella enterica]
WP_219937029	96.416	100	865	865	865	0.0	1748	type I DNA topoisomerase [Citrobacter koseri]
WP_232795772	96.301	100	865	865	865	0.0	1748	type I DNA topoisomerase [Salmonella enterica]
WP_339495839	96.301	100	865	865	865	0.0	1748	type I DNA topoisomerase [Salmonella enterica]
WP_096812937	96.301	100	865	865	865	0.0	1748	type I DNA topoisomerase [Salmonella enterica]
WP_161662020	99.762	97	840	865	840	0.0	1748	type I DNA topoisomerase, partial [Escherichia coli]
WP_353493427	96.069	100	865	865	865	0.0	1748	type I DNA topoisomerase [Citrobacter sedlakii]
WP_238470884	96.185	100	865	865	865	0.0	1748	type I DNA topoisomerase [Salmonella enterica]
WP_461550957	96.185	100	865	865	865	0.0	1748	N/A
WP_447208806	96.301	100	865	865	865	0.0	1748	type I DNA topoisomerase [Citrobacter amalonaticus]
WP_266167459	96.301	100	865	865	865	0.0	1748	type I DNA topoisomerase [Citrobacter amalonaticus]
WP_371068153	96.301	100	865	865	865	0.0	1748	type I DNA topoisomerase [Salmonella enterica]
WP_342005727	96.069	100	865	865	865	0.0	1748	type I DNA topoisomerase [Citrobacter sedlakii]
WP_371896636	96.185	100	865	865	865	0.0	1748	N/A
WP_079774039	96.069	100	865	865	865	0.0	1748	type I DNA topoisomerase [Salmonella bongori]
WP_459202846	96.185	100	865	865	865	0.0	1748	type I DNA topoisomerase [Salmonella enterica]
WP_200105862	96.416	100	865	865	865	0.0	1748	type I DNA topoisomerase [Citrobacter amalonaticus]
WP_208211994	96.185	100	865	865	865	0.0	1748	type I DNA topoisomerase [Salmonella sp. 32070601201500089SM]
WP_097368766	96.301	100	865	865	865	0.0	1748	type I DNA topoisomerase [Salmonella enterica]
WP_202100513	96.301	100	865	865	865	0.0	1748	type I DNA topoisomerase [Salmonella enterica]
WP_076927388	96.185	100	865	865	865	0.0	1748	type I DNA topoisomerase [Salmonella enterica]
WP_052939996	96.301	100	865	865	865	0.0	1748	type I DNA topoisomerase [Salmonella enterica]
WP_079831239	96.185	100	865	865	865	0.0	1748	type I DNA topoisomerase [Salmonella enterica]
WP_350396522	95.954	100	865	865	865	0.0	1748	type I DNA topoisomerase [Citrobacter sedlakii]
WP_070810980	96.301	100	865	865	865	0.0	1748	type I DNA topoisomerase [Salmonella enterica]
WP_058818844	96.301	100	865	865	865	0.0	1748	type I DNA topoisomerase [Salmonella enterica]
WP_054079289	96.301	100	865	865	865	0.0	1748	type I DNA topoisomerase [Salmonella enterica]
WP_249895028	96.185	100	865	865	865	0.0	1748	type I DNA topoisomerase [Salmonella enterica]
WP_410957345	96.185	100	865	865	865	0.0	1748	type I DNA topoisomerase [Salmonella sp. SAL04157]
WP_478383944	96.185	100	865	865	865	0.0	1748	N/A
WP_269699995	96.185	100	865	865	865	0.0	1748	type I DNA topoisomerase [Salmonella enterica]
WP_062600413	96.301	100	865	865	865	0.0	1748	type I DNA topoisomerase [Salmonella enterica]
WP_369529310	96.185	100	865	865	865	0.0	1748	type I DNA topoisomerase [Salmonella sp. NW229]
WP_000513582	95.954	100	865	865	865	0.0	1748	type I DNA topoisomerase [Salmonella bongori]
WP_447398208	96.301	100	865	865	865	0.0	1748	type I DNA topoisomerase [Salmonella enterica]
WP_023212465	96.185	100	865	865	865	0.0	1748	type I DNA topoisomerase [Salmonella enterica]
WP_353318867	96.301	100	865	865	865	0.0	1748	type I DNA topoisomerase [Salmonella enterica]
WP_053868759	96.301	100	865	865	865	0.0	1748	type I DNA topoisomerase [Salmonella enterica]
WP_080166612	96.301	100	865	865	865	0.0	1748	type I DNA topoisomerase [Salmonella enterica]
WP_138163648	96.185	100	865	865	865	0.0	1748	type I DNA topoisomerase [Salmonella enterica]
WP_070810742	96.301	100	865	865	865	0.0	1748	type I DNA topoisomerase [Salmonella enterica]
WP_303080275	96.301	100	865	865	865	0.0	1748	type I DNA topoisomerase [Salmonella enterica]
WP_198870399	96.301	100	865	865	865	0.0	1748	MULTISPECIES: type I DNA topoisomerase [Salmonella]
WP_187789545	96.185	100	865	865	865	0.0	1748	MULTISPECIES: type I DNA topoisomerase [Salmonella]
WP_203436751	96.301	100	865	865	865	0.0	1748	type I DNA topoisomerase [Salmonella enterica]
WP_265273069	96.301	100	865	865	865	0.0	1748	MULTISPECIES: type I DNA topoisomerase [Salmonella]
WP_409291030	96.301	100	865	865	865	0.0	1748	type I DNA topoisomerase [Salmonella enterica]
WP_135421105	96.185	100	865	865	865	0.0	1748	type I DNA topoisomerase [Salmonella enterica]
WP_411009018	96.301	100	865	865	865	0.0	1748	MULTISPECIES: type I DNA topoisomerase [unclassified Salmonella]
WP_079971272	96.185	100	865	865	865	0.0	1748	type I DNA topoisomerase [Salmonella enterica]
WP_286109601	96.301	100	865	865	865	0.0	1748	type I DNA topoisomerase [Salmonella enterica]
WP_218206460	96.069	100	865	865	865	0.0	1748	type I DNA topoisomerase [Salmonella enterica]
WP_070817026	96.301	100	865	865	865	0.0	1748	type I DNA topoisomerase [Salmonella enterica]
WP_046093242	96.069	100	865	865	865	0.0	1748	type I DNA topoisomerase [Salmonella enterica]
WP_187789244	96.185	100	865	865	865	0.0	1747	type I DNA topoisomerase [Salmonella sp. S094_02810]
WP_218657761	96.301	100	865	865	865	0.0	1747	type I DNA topoisomerase [Salmonella enterica]
WP_224229030	96.301	100	865	865	865	0.0	1747	type I DNA topoisomerase [Salmonella enterica]
WP_407190747	96.185	100	865	865	865	0.0	1747	type I DNA topoisomerase [Citrobacter amalonaticus]
WP_109740282	96.301	100	865	865	865	0.0	1747	MULTISPECIES: type I DNA topoisomerase [Citrobacter]
WP_371354900	96.185	100	865	865	865	0.0	1747	type I DNA topoisomerase [Salmonella sp. M175]
WP_020976736	96.185	100	865	865	865	0.0	1747	type I DNA topoisomerase [Salmonella enterica]
WP_079843607	96.301	100	865	865	865	0.0	1747	type I DNA topoisomerase [Salmonella enterica]
WP_086512587	96.301	100	865	865	865	0.0	1747	type I DNA topoisomerase [Citrobacter amalonaticus]
WP_200040434	96.301	100	865	865	865	0.0	1747	type I DNA topoisomerase [Citrobacter amalonaticus]
WP_016505322	96.301	100	865	865	865	0.0	1747	type I DNA topoisomerase [Salmonella enterica]
WP_061873277	96.301	100	865	865	865	0.0	1747	type I DNA topoisomerase [Salmonella enterica]
WP_168156116	96.301	100	865	865	865	0.0	1747	type I DNA topoisomerase [Salmonella enterica]
WP_088730513	96.301	100	865	865	865	0.0	1747	type I DNA topoisomerase [Salmonella enterica]
WP_200119014	96.301	100	865	865	865	0.0	1747	MULTISPECIES: type I DNA topoisomerase [Citrobacter]
WP_183063259	96.301	100	865	865	865	0.0	1747	type I DNA topoisomerase [Salmonella enterica]
WP_070811038	96.301	100	865	865	865	0.0	1747	type I DNA topoisomerase [Salmonella enterica]
WP_154023540	96.301	100	865	865	865	0.0	1747	type I DNA topoisomerase [Salmonella enterica]
WP_312640148	96.185	100	865	865	865	0.0	1747	type I DNA topoisomerase [Salmonella enterica]
WP_247258909	96.301	100	865	865	865	0.0	1747	type I DNA topoisomerase [Salmonella enterica]
WP_099825796	96.185	100	865	865	865	0.0	1747	type I DNA topoisomerase [Salmonella enterica]
WP_100250228	99.881	97	838	865	838	0.0	1747	type I DNA topoisomerase, partial [Escherichia coli]
WP_001527825	96.185	100	865	865	865	0.0	1747	MULTISPECIES: type I DNA topoisomerase [Salmonella]
WP_135416631	96.185	100	865	865	865	0.0	1747	type I DNA topoisomerase [Salmonella enterica]
WP_000513581	96.301	100	865	865	865	0.0	1747	type I DNA topoisomerase [Salmonella enterica]
WP_044257728	96.301	100	865	865	865	0.0	1747	N/A
WP_426468964	96.301	100	865	865	865	0.0	1747	type I DNA topoisomerase [Salmonella enterica]
WP_369791295	96.185	100	865	865	865	0.0	1747	type I DNA topoisomerase [Salmonella sp. 237J8]
WP_119002544	96.083	100	868	865	868	0.0	1747	type I DNA topoisomerase [Salmonella enterica]
WP_079944770	96.185	100	865	865	865	0.0	1747	type I DNA topoisomerase [Salmonella enterica]
WP_426682910	96.185	100	865	865	865	0.0	1747	type I DNA topoisomerase [Salmonella enterica]
WP_066038537	96.185	100	865	865	865	0.0	1747	MULTISPECIES: type I DNA topoisomerase [Salmonella]
WP_079919046	96.185	100	865	865	865	0.0	1747	type I DNA topoisomerase [Salmonella enterica]
WP_265322084	96.185	100	865	865	865	0.0	1747	MULTISPECIES: type I DNA topoisomerase [Salmonella]
WP_070810160	96.301	100	865	865	865	0.0	1747	type I DNA topoisomerase [Salmonella enterica]
WP_070828402	96.185	100	865	865	865	0.0	1747	type I DNA topoisomerase [Salmonella enterica]
WP_114847857	96.301	100	865	865	865	0.0	1747	MULTISPECIES: type I DNA topoisomerase [Citrobacter]
WP_086151646	96.301	100	865	865	865	0.0	1747	type I DNA topoisomerase [Salmonella enterica]
WP_269535795	95.954	100	865	865	865	0.0	1747	type I DNA topoisomerase [Citrobacter sedlakii]
WP_079819002	95.954	100	865	865	865	0.0	1747	type I DNA topoisomerase [Salmonella enterica]
WP_052869816	96.301	100	865	865	865	0.0	1747	type I DNA topoisomerase [Salmonella enterica]
WP_079817679	96.069	100	865	865	865	0.0	1747	type I DNA topoisomerase [Salmonella enterica]
WP_119503765	96.185	100	865	865	865	0.0	1746	type I DNA topoisomerase [Salmonella enterica]
WP_395242242	96.301	100	865	865	865	0.0	1746	type I DNA topoisomerase [Citrobacter sp. 70972423]
WP_447418566	96.185	100	865	865	865	0.0	1746	type I DNA topoisomerase [Salmonella enterica]
WP_136150474	96.185	100	865	865	865	0.0	1746	type I DNA topoisomerase [Salmonella enterica]
WP_079951011	96.185	100	865	865	865	0.0	1746	type I DNA topoisomerase [Salmonella enterica]
WP_122030950	96.185	100	865	865	865	0.0	1746	type I DNA topoisomerase [Salmonella enterica]
WP_372432892	96.185	100	865	865	865	0.0	1746	type I DNA topoisomerase [Salmonella enterica]
WP_342716855	95.954	100	865	865	865	0.0	1746	type I DNA topoisomerase [Salmonella enterica]
WP_168993621	96.185	100	865	865	865	0.0	1746	type I DNA topoisomerase [Salmonella enterica]
WP_076927348	96.185	100	865	865	865	0.0	1746	type I DNA topoisomerase [Salmonella enterica]
WP_070811941	96.301	100	865	865	865	0.0	1746	type I DNA topoisomerase [Salmonella enterica]
WP_231279411	96.185	100	865	865	865	0.0	1746	type I DNA topoisomerase [Salmonella enterica]
WP_420247789	95.954	100	865	865	865	0.0	1746	type I DNA topoisomerase [Citrobacter sedlakii]
WP_050947368	96.301	100	865	865	865	0.0	1746	type I DNA topoisomerase [Salmonella enterica]
WP_171803972	96.069	100	865	865	865	0.0	1746	type I DNA topoisomerase [Salmonella enterica]
WP_079786656	96.185	100	865	865	865	0.0	1746	MULTISPECIES: type I DNA topoisomerase [Salmonella]
WP_080195340	96.069	100	865	865	865	0.0	1746	type I DNA topoisomerase [Salmonella enterica]
WP_082326832	95.954	100	865	865	865	0.0	1746	type I DNA topoisomerase [Salmonella enterica]
WP_080189727	96.185	100	865	865	865	0.0	1746	type I DNA topoisomerase [Salmonella enterica]
WP_080225906	96.069	100	865	865	865	0.0	1746	type I DNA topoisomerase [Salmonella enterica]
WP_076928222	96.185	100	865	865	865	0.0	1746	type I DNA topoisomerase [Salmonella enterica]
WP_409161954	96.069	100	865	865	865	0.0	1746	type I DNA topoisomerase [Salmonella enterica]
WP_150362398	95.954	100	865	865	865	0.0	1746	type I DNA topoisomerase [Salmonella enterica]
WP_271444760	96.416	100	865	865	865	0.0	1746	type I DNA topoisomerase [Citrobacter sp. Awk 4]
WP_317187132	96.181	100	864	865	878	0.0	1746	type I DNA topoisomerase [Salmonella enterica]
WP_110313906	96.185	100	865	865	865	0.0	1746	type I DNA topoisomerase [Salmonella enterica]
WP_058669225	96.301	100	865	865	865	0.0	1746	MULTISPECIES: type I DNA topoisomerase [Citrobacter]
WP_261913803	96.185	100	865	865	865	0.0	1746	type I DNA topoisomerase [Salmonella enterica]
WP_269701133	96.185	100	865	865	865	0.0	1746	type I DNA topoisomerase [Salmonella enterica]
WP_050955573	96.083	100	868	865	868	0.0	1746	type I DNA topoisomerase [Salmonella enterica]
WP_071258408	96.301	100	865	865	865	0.0	1746	MULTISPECIES: type I DNA topoisomerase [Citrobacter]
WP_436857497	96.185	100	865	865	865	0.0	1746	type I DNA topoisomerase [Citrobacter tructae]
WP_058588133	96.301	100	865	865	865	0.0	1746	type I DNA topoisomerase [Citrobacter amalonaticus]
WP_183062664	96.185	100	865	865	865	0.0	1746	type I DNA topoisomerase [Salmonella enterica]
WP_100521864	96.301	100	865	865	865	0.0	1746	MULTISPECIES: type I DNA topoisomerase [Salmonella]
WP_079956031	96.185	100	865	865	865	0.0	1746	type I DNA topoisomerase [Salmonella enterica]
WP_079974460	95.954	100	865	865	865	0.0	1746	type I DNA topoisomerase [Salmonella enterica]
WP_368932706	95.954	100	865	865	865	0.0	1746	type I DNA topoisomerase [Citrobacter sp. RHB21-C01]
WP_061104365	96.185	100	865	865	865	0.0	1746	type I DNA topoisomerase [Salmonella enterica]
WP_275055860	96.185	100	865	865	865	0.0	1745	type I DNA topoisomerase [Citrobacter koseri]
WP_079786580	96.185	100	865	865	865	0.0	1745	type I DNA topoisomerase [Salmonella enterica]
WP_413178605	100.000	97	837	865	837	0.0	1745	type I DNA topoisomerase, partial [Escherichia coli]
WP_371359306	96.185	100	865	865	865	0.0	1745	MULTISPECIES: type I DNA topoisomerase [unclassified Salmonella]
WP_149420616	96.069	100	865	865	865	0.0	1745	type I DNA topoisomerase [Salmonella enterica]
WP_108631423	96.185	100	865	865	865	0.0	1745	type I DNA topoisomerase [Salmonella enterica]
WP_079970992	96.185	100	865	865	865	0.0	1745	type I DNA topoisomerase [Salmonella enterica]
WP_023184162	95.954	100	865	865	865	0.0	1745	type I DNA topoisomerase [Salmonella enterica]
WP_411014514	95.954	100	865	865	865	0.0	1745	type I DNA topoisomerase [Salmonella sp. 741265116_PST]
WP_076928071	96.185	100	865	865	865	0.0	1745	type I DNA topoisomerase [Salmonella enterica]
WP_265279886	96.185	100	865	865	865	0.0	1745	type I DNA topoisomerase [Salmonella enterica]
WP_058673847	96.069	100	865	865	865	0.0	1745	type I DNA topoisomerase [Salmonella enterica]
WP_080036105	96.185	100	865	865	865	0.0	1745	type I DNA topoisomerase [Salmonella enterica]
WP_269725886	96.069	100	865	865	865	0.0	1745	type I DNA topoisomerase [Salmonella enterica]
WP_097366103	96.069	100	865	865	865	0.0	1745	type I DNA topoisomerase [Salmonella enterica]
WP_038391634	95.954	100	865	865	865	0.0	1745	type I DNA topoisomerase [Salmonella bongori]
WP_079773408	95.954	100	865	865	865	0.0	1745	type I DNA topoisomerase [Salmonella bongori]
WP_111306573	96.185	100	865	865	865	0.0	1745	type I DNA topoisomerase [Salmonella enterica]
WP_000513585	96.069	100	865	865	865	0.0	1745	type I DNA topoisomerase [Salmonella enterica]
WP_108629114	96.185	100	865	865	865	0.0	1745	type I DNA topoisomerase [Salmonella enterica]
WP_116545528	96.404	100	862	865	862	0.0	1745	type I DNA topoisomerase, partial [Salmonella enterica]
WP_437152138	96.185	100	865	865	865	0.0	1745	type I DNA topoisomerase [Salmonella enterica]
WP_371356673	96.185	100	865	865	865	0.0	1745	type I DNA topoisomerase [Salmonella sp. M132]
WP_079960881	96.185	100	865	865	865	0.0	1744	type I DNA topoisomerase [Salmonella enterica]
WP_162383543	96.301	100	865	865	865	0.0	1744	type I DNA topoisomerase [Citrobacter sp. NCU1]
WP_447210771	96.069	100	865	865	865	0.0	1744	type I DNA topoisomerase [Citrobacter koseri]
WP_134769375	96.185	100	865	865	865	0.0	1744	type I DNA topoisomerase [Citrobacter koseri]
WP_149410460	96.069	100	865	865	865	0.0	1744	type I DNA topoisomerase [Salmonella enterica]
WP_282873685	96.185	100	865	865	865	0.0	1744	type I DNA topoisomerase [Salmonella enterica]
WP_049011909	96.185	100	865	865	865	0.0	1744	MULTISPECIES: type I DNA topoisomerase [Citrobacter]
WP_023246917	95.954	100	865	865	865	0.0	1744	MULTISPECIES: type I DNA topoisomerase [Salmonella]
WP_061429992	96.069	100	865	865	865	0.0	1744	type I DNA topoisomerase [Salmonella enterica]
WP_098065248	96.185	100	865	865	865	0.0	1744	type I DNA topoisomerase [Salmonella enterica]
WP_317356720	96.185	100	865	865	865	0.0	1744	type I DNA topoisomerase [Citrobacter koseri]
WP_079956294	96.189	100	866	865	866	0.0	1744	type I DNA topoisomerase [Salmonella enterica]
WP_275375211	96.069	100	865	865	865	0.0	1744	type I DNA topoisomerase [Citrobacter koseri]
WP_038395914	95.838	100	865	865	865	0.0	1744	type I DNA topoisomerase [Salmonella enterica]
WP_286468695	96.185	100	865	865	865	0.0	1744	MULTISPECIES: type I DNA topoisomerase [unclassified Citrobacter]
WP_181680599	96.185	100	865	865	865	0.0	1744	type I DNA topoisomerase [Citrobacter sp. RHB25-C09]
WP_012132230	96.185	100	865	865	865	0.0	1744	type I DNA topoisomerase [Citrobacter koseri]
WP_182157383	96.069	100	865	865	865	0.0	1744	type I DNA topoisomerase [Salmonella enterica]
WP_262812031	99.881	97	837	865	837	0.0	1744	type I DNA topoisomerase, partial [Escherichia coli]
WP_058115414	95.838	100	865	865	865	0.0	1743	type I DNA topoisomerase [Salmonella enterica]
WP_193582231	96.069	100	865	865	865	0.0	1743	type I DNA topoisomerase [Salmonella enterica]
WP_119505506	96.069	100	865	865	865	0.0	1743	type I DNA topoisomerase [Salmonella enterica]
WP_222985104	96.069	100	865	865	865	0.0	1743	type I DNA topoisomerase [Salmonella enterica]
WP_063390492	95.838	100	865	865	865	0.0	1743	type I DNA topoisomerase [Salmonella enterica]
WP_248622704	95.954	100	865	865	865	0.0	1743	type I DNA topoisomerase [Citrobacter koseri]
WP_223671740	95.954	100	865	865	865	0.0	1743	type I DNA topoisomerase [Salmonella enterica]
WP_200053795	96.069	100	865	865	865	0.0	1743	type I DNA topoisomerase [Citrobacter koseri]
WP_047463544	96.069	100	865	865	865	0.0	1743	MULTISPECIES: type I DNA topoisomerase [Citrobacter]
WP_483647959	96.069	100	865	865	865	0.0	1743	N/A
WP_198448149	96.185	100	865	865	865	0.0	1743	type I DNA topoisomerase [Citrobacter koseri]
WP_313851745	96.069	100	865	865	865	0.0	1742	type I DNA topoisomerase [Citrobacter koseri]
WP_289465217	99.761	97	837	865	837	0.0	1742	type I DNA topoisomerase, partial [Escherichia coli]
WP_109255836	96.065	100	864	865	867	0.0	1742	type I DNA topoisomerase [Salmonella enterica]
WP_079805886	95.723	100	865	865	865	0.0	1742	type I DNA topoisomerase [Salmonella enterica]
WP_149516614	96.069	100	865	865	865	0.0	1742	type I DNA topoisomerase [Salmonella enterica]
WP_370906242	96.069	100	865	865	865	0.0	1741	type I DNA topoisomerase [Citrobacter koseri]
WP_053529013	95.723	100	865	865	865	0.0	1741	type I DNA topoisomerase [Salmonella enterica]
WP_260864264	96.069	100	865	865	865	0.0	1741	type I DNA topoisomerase [Citrobacter sp. Marseille-Q6884]
WP_206163455	95.954	100	865	865	865	0.0	1741	MULTISPECIES: type I DNA topoisomerase [Citrobacter]
WP_079780024	95.838	100	865	865	865	0.0	1741	type I DNA topoisomerase [Salmonella enterica]
WP_199957683	95.723	100	865	865	865	0.0	1740	type I DNA topoisomerase [Citrobacter sedlakii]
WP_070825171	95.838	100	865	865	865	0.0	1740	type I DNA topoisomerase [Salmonella enterica]
WP_248637779	95.838	100	865	865	865	0.0	1740	type I DNA topoisomerase [Citrobacter koseri]
WP_070801284	95.723	100	865	865	865	0.0	1739	type I DNA topoisomerase [Salmonella enterica]
WP_474750673	95.723	100	865	865	865	0.0	1739	N/A
WP_410750894	96.069	100	865	865	865	0.0	1739	type I DNA topoisomerase [Citrobacter sp. U14242]
WP_286630967	96.069	100	865	865	865	0.0	1739	type I DNA topoisomerase [Citrobacter sp. Cu233]
WP_410735004	95.954	100	865	865	865	0.0	1739	type I DNA topoisomerase [Citrobacter koseri]
WP_049259800	95.838	100	865	865	865	0.0	1738	MULTISPECIES: type I DNA topoisomerase [Citrobacter]
WP_079837111	96.391	99	859	865	859	0.0	1738	type I DNA topoisomerase [Salmonella enterica]
WP_286455374	95.838	100	865	865	865	0.0	1737	type I DNA topoisomerase [Citrobacter sp. Cb004]
WP_203361026	95.723	100	865	865	865	0.0	1737	type I DNA topoisomerase [Citrobacter sp. R56]
WP_123267308	95.838	100	865	865	865	0.0	1737	type I DNA topoisomerase [Citrobacter portucalensis]
WP_079937382	95.723	100	865	865	865	0.0	1736	type I DNA topoisomerase [Citrobacter sp. A316]
WP_045443510	95.838	100	865	865	865	0.0	1736	MULTISPECIES: type I DNA topoisomerase [Citrobacter]
WP_043016148	95.838	100	865	865	865	0.0	1736	MULTISPECIES: type I DNA topoisomerase [Citrobacter]
WP_016153252	95.723	100	865	865	865	0.0	1736	MULTISPECIES: type I DNA topoisomerase [Citrobacter]
WP_286453172	95.723	100	865	865	865	0.0	1736	MULTISPECIES: type I DNA topoisomerase [unclassified Citrobacter]
WP_137381719	95.607	100	865	865	865	0.0	1736	type I DNA topoisomerase [Citrobacter sp. wls619]
WP_133086445	95.723	100	865	865	865	0.0	1736	MULTISPECIES: type I DNA topoisomerase [Citrobacter]
WP_149691972	95.723	100	865	865	865	0.0	1736	type I DNA topoisomerase [Citrobacter pasteurii]
WP_220771416	95.723	100	865	865	865	0.0	1736	type I DNA topoisomerase [Citrobacter europaeus]
WP_124021161	95.607	100	865	865	865	0.0	1735	type I DNA topoisomerase [Citrobacter youngae]
WP_194210844	95.723	100	865	865	865	0.0	1735	MULTISPECIES: type I DNA topoisomerase [Citrobacter]
WP_218733873	95.723	100	865	865	865	0.0	1735	type I DNA topoisomerase [Citrobacter braakii]
WP_308741343	95.607	100	865	865	865	0.0	1735	type I DNA topoisomerase [Citrobacter braakii]
WP_181630539	95.607	100	865	865	865	0.0	1735	MULTISPECIES: type I DNA topoisomerase [Citrobacter]
WP_370916164	95.607	100	865	865	865	0.0	1735	type I DNA topoisomerase [Citrobacter braakii]
WP_222186153	95.607	100	865	865	865	0.0	1735	MULTISPECIES: type I DNA topoisomerase [Citrobacter]
WP_115601976	95.723	100	865	865	865	0.0	1735	type I DNA topoisomerase [Citrobacter youngae]
WP_038640964	95.838	100	865	865	865	0.0	1735	MULTISPECIES: type I DNA topoisomerase [Citrobacter]
WP_318049944	95.607	100	865	865	865	0.0	1735	MULTISPECIES: type I DNA topoisomerase [unclassified Citrobacter]
WP_131350876	95.607	100	865	865	865	0.0	1735	MULTISPECIES: type I DNA topoisomerase [Citrobacter]
WP_160956267	95.838	100	865	865	865	0.0	1735	MULTISPECIES: type I DNA topoisomerase [Citrobacter]
WP_286552680	95.607	100	865	865	865	0.0	1735	MULTISPECIES: type I DNA topoisomerase [Citrobacter]
WP_271450384	95.723	100	865	865	865	0.0	1735	type I DNA topoisomerase [Citrobacter sp. Igbk 16]
WP_137347850	95.838	100	865	865	865	0.0	1735	MULTISPECIES: type I DNA topoisomerase [Citrobacter]
WP_131341021	95.607	100	865	865	865	0.0	1735	type I DNA topoisomerase [Citrobacter braakii]
WP_115643338	95.723	100	865	865	865	0.0	1735	MULTISPECIES: type I DNA topoisomerase [Citrobacter]
WP_271440939	95.838	100	865	865	865	0.0	1735	MULTISPECIES: type I DNA topoisomerase [unclassified Citrobacter]
WP_199969493	95.607	100	865	865	865	0.0	1734	MULTISPECIES: type I DNA topoisomerase [Citrobacter]
WP_286480955	95.607	100	865	865	865	0.0	1734	type I DNA topoisomerase [Citrobacter sp. Cb028]
WP_061068007	95.607	100	865	865	865	0.0	1734	MULTISPECIES: type I DNA topoisomerase [Citrobacter]
WP_338457356	95.723	100	865	865	865	0.0	1734	type I DNA topoisomerase [Citrobacter portucalensis]
WP_116359990	95.607	100	865	865	865	0.0	1734	MULTISPECIES: type I DNA topoisomerase [Citrobacter]
WP_204551748	95.723	100	865	865	865	0.0	1734	type I DNA topoisomerase [Citrobacter braakii]
WP_085048100	95.723	100	865	865	865	0.0	1734	MULTISPECIES: type I DNA topoisomerase [Citrobacter]
WP_094762083	95.607	100	865	865	865	0.0	1734	type I DNA topoisomerase [Citrobacter braakii]
WP_447214746	95.723	100	865	865	865	0.0	1734	type I DNA topoisomerase [Citrobacter pasteurii]
WP_276294972	95.376	100	865	865	865	0.0	1734	type I DNA topoisomerase [Citrobacter enshiensis]
WP_410398782	95.607	100	865	865	865	0.0	1734	type I DNA topoisomerase [Citrobacter braakii]
WP_447571015	95.723	100	865	865	865	0.0	1734	type I DNA topoisomerase [Citrobacter freundii complex sp. 2025EL-00176]
WP_257749251	95.723	100	865	865	865	0.0	1734	type I DNA topoisomerase [Citrobacter youngae]
WP_200084019	95.607	100	865	865	865	0.0	1734	MULTISPECIES: type I DNA topoisomerase [Citrobacter]
WP_410677461	95.607	100	865	865	865	0.0	1734	type I DNA topoisomerase [Citrobacter braakii]
WP_155107962	95.376	100	865	865	865	0.0	1734	type I DNA topoisomerase [Intestinirhabdus alba]
WP_200109065	95.607	100	865	865	865	0.0	1734	type I DNA topoisomerase [Citrobacter braakii]
WP_049269474	95.607	100	865	865	865	0.0	1734	MULTISPECIES: type I DNA topoisomerase [Citrobacter]
WP_414438211	95.607	100	865	865	865	0.0	1734	type I DNA topoisomerase [Citrobacter meridianamericanus]
WP_354649407	95.491	100	865	865	865	0.0	1734	type I DNA topoisomerase [Citrobacter portucalensis]
WP_048224009	95.491	100	865	865	865	0.0	1734	MULTISPECIES: type I DNA topoisomerase [Citrobacter]
WP_433639039	95.607	100	865	865	865	0.0	1734	type I DNA topoisomerase [Citrobacter braakii]
WP_040233192	95.723	100	865	865	865	0.0	1734	MULTISPECIES: type I DNA topoisomerase [Citrobacter]
WP_474457653	95.607	100	865	865	865	0.0	1734	N/A
WP_115455073	95.607	100	865	865	865	0.0	1734	MULTISPECIES: type I DNA topoisomerase [Citrobacter]
WP_352488241	95.607	100	865	865	865	0.0	1734	type I DNA topoisomerase [Citrobacter portucalensis]
WP_126317895	95.491	100	865	865	865	0.0	1734	MULTISPECIES: type I DNA topoisomerase [Citrobacter]
WP_087053392	95.723	100	865	865	865	0.0	1734	MULTISPECIES: type I DNA topoisomerase [Citrobacter]
WP_323527560	95.607	100	865	865	865	0.0	1733	type I DNA topoisomerase [Citrobacter youngae]
WP_262785369	95.838	100	865	865	865	0.0	1733	type I DNA topoisomerase [Citrobacter cronae]
WP_410393885	95.607	100	865	865	865	0.0	1733	type I DNA topoisomerase [Citrobacter braakii]
WP_221922400	95.723	100	865	865	865	0.0	1733	type I DNA topoisomerase [Citrobacter europaeus]
WP_172742905	95.607	100	865	865	865	0.0	1733	MULTISPECIES: type I DNA topoisomerase [Citrobacter]
WP_368940966	95.723	100	865	865	865	0.0	1733	type I DNA topoisomerase [Citrobacter werkmanii]
WP_432659552	95.607	100	865	865	865	0.0	1733	type I DNA topoisomerase [Citrobacter arsenatis]
WP_410680290	95.491	100	865	865	865	0.0	1733	type I DNA topoisomerase [Citrobacter braakii]
WP_204526882	95.723	100	865	865	865	0.0	1733	type I DNA topoisomerase [Citrobacter cronae]
WP_121584712	95.607	100	865	865	865	0.0	1733	MULTISPECIES: type I DNA topoisomerase [Citrobacter]
WP_199978530	95.723	100	865	865	865	0.0	1733	type I DNA topoisomerase [Citrobacter cronae]
WP_423060403	95.376	100	865	865	865	0.0	1733	type I DNA topoisomerase [Citrobacter portucalensis]
WP_325788232	95.723	100	865	865	865	0.0	1733	type I DNA topoisomerase [Citrobacter cronae]
WP_080625249	95.723	100	865	865	865	0.0	1733	type I DNA topoisomerase [Citrobacter europaeus]
WP_024154617	96.379	99	856	865	868	0.0	1733	type I DNA topoisomerase [Salmonella enterica]
WP_006684311	95.607	100	865	865	865	0.0	1733	type I DNA topoisomerase [Citrobacter youngae]
WP_048211498	95.607	100	865	865	865	0.0	1733	MULTISPECIES: type I DNA topoisomerase [Citrobacter]
WP_286519269	95.491	100	865	865	865	0.0	1733	MULTISPECIES: type I DNA topoisomerase [Citrobacter]
WP_202038516	95.491	100	865	865	865	0.0	1732	type I DNA topoisomerase [Citrobacter sp. RHBSTW-00671]
WP_448846443	95.607	100	865	865	865	0.0	1732	type I DNA topoisomerase [Citrobacter braakii]
WP_336284104	95.607	100	865	865	865	0.0	1732	type I DNA topoisomerase [Citrobacter arsenatis]
WP_370607315	95.607	100	865	865	865	0.0	1732	type I DNA topoisomerase [Citrobacter werkmanii]
WP_352434363	95.723	100	865	865	865	0.0	1732	type I DNA topoisomerase [Citrobacter cronae]
WP_103283777	95.491	100	865	865	865	0.0	1732	MULTISPECIES: type I DNA topoisomerase [Citrobacter]
WP_413595485	95.491	100	865	865	865	0.0	1732	type I DNA topoisomerase [Citrobacter youngae]
WP_003833325	95.491	100	865	865	865	0.0	1732	MULTISPECIES: type I DNA topoisomerase [Citrobacter]
WP_396040756	95.491	100	865	865	865	0.0	1732	type I DNA topoisomerase [Citrobacter braakii]
WP_249575149	95.723	100	865	865	865	0.0	1732	N/A
WP_162648757	95.491	100	865	865	865	0.0	1732	type I DNA topoisomerase [Citrobacter freundii]
WP_080223534	96.266	99	857	865	857	0.0	1732	type I DNA topoisomerase, partial [Salmonella enterica]
WP_110497940	95.723	100	865	865	865	0.0	1732	type I DNA topoisomerase [Citrobacter sp. CRE-46]
WP_159121808	95.723	100	865	865	865	0.0	1732	type I DNA topoisomerase [Citrobacter werkmanii]
WP_286626466	95.491	100	865	865	865	0.0	1732	type I DNA topoisomerase [Citrobacter sp. Cpa228]
WP_476580300	95.376	100	865	865	865	0.0	1732	N/A
WP_253686520	95.491	100	865	865	865	0.0	1732	MULTISPECIES: type I DNA topoisomerase [unclassified Citrobacter]
WP_418229397	95.376	100	865	865	865	0.0	1732	type I DNA topoisomerase [Citrobacter portucalensis]
WP_445439215	95.376	100	865	865	865	0.0	1732	type I DNA topoisomerase [Citrobacter portucalensis]
WP_323536231	95.491	100	865	865	865	0.0	1732	type I DNA topoisomerase [Citrobacter portucalensis]
WP_218659207	95.376	100	865	865	865	0.0	1732	type I DNA topoisomerase [Citrobacter portucalensis]
WP_317679932	95.723	100	865	865	865	0.0	1732	type I DNA topoisomerase [Citrobacter werkmanii]
WP_250856869	95.607	100	865	865	865	0.0	1732	type I DNA topoisomerase [Citrobacter sp. XT1-2-2]
WP_416707592	95.376	100	865	865	865	0.0	1732	type I DNA topoisomerase [Citrobacter portucalensis]
WP_338843128	95.607	100	865	865	865	0.0	1732	type I DNA topoisomerase [Citrobacter europaeus]
WP_200006295	95.723	100	865	865	865	0.0	1732	MULTISPECIES: type I DNA topoisomerase [Citrobacter]
WP_208744249	95.376	100	865	865	865	0.0	1732	type I DNA topoisomerase [Citrobacter portucalensis]
WP_286611123	95.376	100	865	865	865	0.0	1732	MULTISPECIES: type I DNA topoisomerase [Citrobacter]
WP_149618107	95.376	100	865	865	865	0.0	1732	N/A
WP_286596188	95.607	100	865	865	865	0.0	1732	type I DNA topoisomerase [Citrobacter sp. Cy070]
WP_455309095	95.491	100	865	865	865	0.0	1732	type I DNA topoisomerase [Citrobacter sp. ESY80]
WP_128611638	95.376	100	865	865	865	0.0	1732	type I DNA topoisomerase [Citrobacter portucalensis]
WP_326925441	95.491	100	865	865	865	0.0	1732	type I DNA topoisomerase [Citrobacter portucalensis]
WP_149281022	95.376	100	865	865	865	0.0	1731	MULTISPECIES: type I DNA topoisomerase [Citrobacter]
WP_101742284	95.491	100	865	865	865	0.0	1731	N/A
WP_137363864	95.491	100	865	865	865	0.0	1731	type I DNA topoisomerase [Citrobacter sp. wls716]
WP_325757801	95.376	100	865	865	865	0.0	1731	type I DNA topoisomerase [Citrobacter portucalensis]
WP_407198658	95.376	100	865	865	865	0.0	1731	type I DNA topoisomerase [Citrobacter portucalensis]
WP_394951840	95.376	100	865	865	865	0.0	1731	type I DNA topoisomerase [Citrobacter portucalensis]
WP_241176380	95.376	100	865	865	865	0.0	1731	type I DNA topoisomerase [Citrobacter portucalensis]
WP_150329495	99.880	96	831	865	831	0.0	1731	type I DNA topoisomerase, partial [Escherichia coli]
WP_252838830	95.376	100	865	865	865	0.0	1731	MULTISPECIES: type I DNA topoisomerase [Citrobacter]
WP_079223964	95.491	100	865	865	865	0.0	1731	type I DNA topoisomerase [Citrobacter werkmanii]
WP_304699028	95.607	100	865	865	865	0.0	1731	type I DNA topoisomerase [Citrobacter werkmanii]
WP_373885933	95.376	100	865	865	865	0.0	1731	type I DNA topoisomerase [Citrobacter portucalensis]
WP_198802329	95.376	100	865	865	865	0.0	1731	MULTISPECIES: type I DNA topoisomerase [Citrobacter]
WP_196209027	95.260	100	865	865	865	0.0	1731	type I DNA topoisomerase [Citrobacter sp. Res13-Sevr-PEB04-36]
WP_286576855	95.376	100	865	865	865	0.0	1731	type I DNA topoisomerase [Citrobacter sp. Cpo148]
WP_462566654	95.376	100	865	865	865	0.0	1731	N/A
WP_213132609	95.491	100	865	865	865	0.0	1731	type I DNA topoisomerase [Citrobacter sp. FP75]
WP_407207477	95.376	100	865	865	865	0.0	1731	type I DNA topoisomerase [Citrobacter portucalensis]
WP_151219366	95.491	100	865	865	865	0.0	1731	MULTISPECIES: type I DNA topoisomerase [Citrobacter]
WP_267457723	95.376	100	865	865	865	0.0	1731	type I DNA topoisomerase [Citrobacter portucalensis]
WP_198579226	95.376	100	865	865	865	0.0	1731	type I DNA topoisomerase [Citrobacter portucalensis]
WP_420269711	95.376	100	865	865	865	0.0	1731	type I DNA topoisomerase [Citrobacter portucalensis]
WP_204192555	95.376	100	865	865	865	0.0	1731	type I DNA topoisomerase [Citrobacter portucalensis]
WP_137350289	95.607	100	865	865	865	0.0	1730	MULTISPECIES: type I DNA topoisomerase [Citrobacter]
WP_407599373	95.376	100	865	865	865	0.0	1730	type I DNA topoisomerase [Citrobacter portucalensis]
WP_059040232	99.879	96	829	865	829	0.0	1730	type I DNA topoisomerase, partial [Escherichia coli]
WP_336240261	95.491	100	865	865	865	0.0	1730	type I DNA topoisomerase [Citrobacter werkmanii]
WP_212025606	95.376	100	865	865	865	0.0	1730	type I DNA topoisomerase [Citrobacter portucalensis]
WP_148361912	95.260	100	865	865	865	0.0	1730	type I DNA topoisomerase [Citrobacter portucalensis]
WP_436537488	95.376	100	865	865	865	0.0	1730	type I DNA topoisomerase [Citrobacter portucalensis]
WP_211924318	95.491	100	865	865	865	0.0	1730	type I DNA topoisomerase [Citrobacter freundii]
WP_192465158	95.491	100	865	865	865	0.0	1729	MULTISPECIES: type I DNA topoisomerase [Citrobacter]
WP_176203580	96.370	99	854	865	854	0.0	1729	type I DNA topoisomerase, partial [Salmonella enterica]
WP_121540120	95.491	100	865	865	865	0.0	1729	MULTISPECIES: type I DNA topoisomerase [Citrobacter]
WP_220393712	95.607	100	865	865	865	0.0	1729	type I DNA topoisomerase [Citrobacter sp. EC_71]
WP_149607726	95.376	100	865	865	865	0.0	1729	MULTISPECIES: type I DNA topoisomerase [Citrobacter]
WP_482834123	95.376	100	865	865	865	0.0	1729	N/A
WP_438342884	95.376	100	865	865	865	0.0	1729	type I DNA topoisomerase [Klebsiella pneumoniae]
WP_319857187	95.376	100	865	865	865	0.0	1729	type I DNA topoisomerase [Citrobacter portucalensis]
WP_335282849	95.376	100	865	865	865	0.0	1729	type I DNA topoisomerase [Citrobacter freundii]
WP_436330042	95.597	100	863	865	863	0.0	1729	type I DNA topoisomerase, partial [Citrobacter youngae]
WP_267445512	95.145	100	865	865	865	0.0	1729	type I DNA topoisomerase [Citrobacter portucalensis]
WP_394946267	95.260	100	865	865	865	0.0	1729	type I DNA topoisomerase [Citrobacter portucalensis]
WP_192468599	95.376	100	865	865	865	0.0	1728	type I DNA topoisomerase [Citrobacter freundii]
WP_151532657	95.376	100	865	865	865	0.0	1728	type I DNA topoisomerase [Citrobacter freundii]
WP_313850968	95.376	100	865	865	865	0.0	1728	type I DNA topoisomerase [Citrobacter freundii]
WP_003840713	95.376	100	865	865	865	0.0	1728	MULTISPECIES: type I DNA topoisomerase [Citrobacter]
WP_094132683	96.532	100	865	865	838	0.0	1728	type I DNA topoisomerase [Escherichia coli]
WP_016150334	95.260	100	865	865	865	0.0	1727	type I DNA topoisomerase [Citrobacter sp. KTE30]
WP_137348538	95.376	100	865	865	865	0.0	1727	type I DNA topoisomerase [Citrobacter sp. wls712]
WP_407201544	95.491	100	865	865	865	0.0	1727	type I DNA topoisomerase [Citrobacter werkmanii]
WP_135321999	95.376	100	865	865	865	0.0	1727	MULTISPECIES: type I DNA topoisomerase [Citrobacter]
WP_275378233	95.376	100	865	865	865	0.0	1727	MULTISPECIES: type I DNA topoisomerase [Citrobacter]
WP_367144490	95.260	100	865	865	865	0.0	1727	type I DNA topoisomerase [Citrobacter freundii]
WP_410772718	99.879	96	829	865	829	0.0	1727	type I DNA topoisomerase, partial [Escherichia coli]
WP_042308078	95.491	100	865	865	865	0.0	1727	MULTISPECIES: type I DNA topoisomerase [Citrobacter]
WP_372363552	95.260	100	865	865	865	0.0	1727	N/A
WP_196004664	95.260	100	865	865	865	0.0	1727	type I DNA topoisomerase [Citrobacter freundii]
WP_196615202	95.260	100	865	865	865	0.0	1727	type I DNA topoisomerase [Citrobacter freundii]
WP_134215468	95.260	100	865	865	865	0.0	1727	MULTISPECIES: type I DNA topoisomerase [Citrobacter]
WP_417632973	95.260	100	865	865	865	0.0	1727	type I DNA topoisomerase [Citrobacter freundii]
WP_115489471	95.260	100	865	865	865	0.0	1727	type I DNA topoisomerase [Citrobacter freundii]
WP_218711001	95.260	100	865	865	865	0.0	1727	type I DNA topoisomerase [Citrobacter braakii]
WP_171859090	95.260	100	865	865	865	0.0	1727	type I DNA topoisomerase [Citrobacter freundii]
WP_046155113	95.260	100	865	865	865	0.0	1726	MULTISPECIES: type I DNA topoisomerase [Citrobacter]
WP_286520757	95.260	100	865	865	865	0.0	1726	type I DNA topoisomerase [Citrobacter sp. Cf116]
WP_448890375	95.260	100	865	865	865	0.0	1726	type I DNA topoisomerase [Citrobacter freundii]
WP_175330318	95.260	100	865	865	865	0.0	1726	type I DNA topoisomerase [Citrobacter freundii]
WP_448848550	95.260	100	865	865	865	0.0	1726	type I DNA topoisomerase [Citrobacter freundii]
WP_087878850	95.260	100	865	865	865	0.0	1726	type I DNA topoisomerase [Citrobacter freundii]
WP_200057293	95.376	100	865	865	865	0.0	1726	type I DNA topoisomerase [Citrobacter freundii]
WP_221666617	95.260	100	865	865	865	0.0	1726	type I DNA topoisomerase [Citrobacter freundii]
WP_048240953	95.260	100	865	865	865	0.0	1726	MULTISPECIES: type I DNA topoisomerase [Citrobacter]
WP_396502663	95.260	100	865	865	865	0.0	1726	type I DNA topoisomerase [Citrobacter freundii]
WP_096890262	95.260	100	865	865	865	0.0	1726	type I DNA topoisomerase [Citrobacter freundii]
WP_003020611	95.260	100	865	865	865	0.0	1726	MULTISPECIES: type I DNA topoisomerase [Citrobacter]
WP_337084296	95.145	100	865	865	865	0.0	1726	type I DNA topoisomerase [Citrobacter freundii]
WP_220758343	95.260	100	865	865	865	0.0	1726	MULTISPECIES: type I DNA topoisomerase [Citrobacter]
WP_336227625	95.260	100	865	865	865	0.0	1726	type I DNA topoisomerase [Citrobacter freundii]
WP_264859744	95.260	100	865	865	865	0.0	1726	type I DNA topoisomerase [Citrobacter freundii]
WP_410734765	95.260	100	865	865	865	0.0	1726	type I DNA topoisomerase [Citrobacter freundii]
WP_230131586	95.260	100	865	865	865	0.0	1726	type I DNA topoisomerase [Citrobacter freundii]
WP_313848772	95.260	100	865	865	865	0.0	1726	type I DNA topoisomerase [Citrobacter freundii]
WP_407205291	95.260	100	865	865	865	0.0	1726	type I DNA topoisomerase [Citrobacter freundii]
WP_474042608	95.260	100	865	865	865	0.0	1726	N/A
WP_442341155	95.260	100	865	865	865	0.0	1726	type I DNA topoisomerase [Citrobacter freundii]
WP_352439117	95.260	100	865	865	865	0.0	1726	type I DNA topoisomerase [Citrobacter freundii]
WP_454730499	95.145	100	865	865	865	0.0	1725	type I DNA topoisomerase [Citrobacter freundii]
WP_106107954	95.260	100	865	865	865	0.0	1725	type I DNA topoisomerase [Citrobacter freundii]
WP_199998818	95.260	100	865	865	865	0.0	1725	type I DNA topoisomerase [Citrobacter freundii]
WP_139947644	100.000	96	827	865	827	0.0	1725	type I DNA topoisomerase, partial [Escherichia coli]
WP_210958958	95.260	100	865	865	865	0.0	1724	type I DNA topoisomerase [Citrobacter freundii]
WP_407197878	95.145	100	865	865	865	0.0	1724	type I DNA topoisomerase [Citrobacter freundii]
WP_448842765	95.145	100	865	865	865	0.0	1724	N/A
WP_396527306	95.376	100	865	865	865	0.0	1724	type I DNA topoisomerase [Citrobacter werkmanii]
WP_148977852	95.145	100	865	865	865	0.0	1724	type I DNA topoisomerase [Citrobacter freundii]
WP_220708630	95.260	100	865	865	865	0.0	1724	type I DNA topoisomerase [Citrobacter freundii]
WP_142972508	95.260	100	865	865	865	0.0	1724	type I DNA topoisomerase [Citrobacter freundii]
WP_204529194	95.145	100	865	865	865	0.0	1724	N/A
WP_057109216	95.145	100	865	865	865	0.0	1724	type I DNA topoisomerase [Citrobacter freundii]
WP_332067267	95.145	100	865	865	865	0.0	1724	type I DNA topoisomerase [Citrobacter freundii]
WP_332067798	95.145	100	865	865	865	0.0	1723	type I DNA topoisomerase [Citrobacter freundii]
WP_354647270	95.145	100	865	865	865	0.0	1723	type I DNA topoisomerase [Citrobacter freundii]
WP_313842564	95.145	100	865	865	865	0.0	1723	type I DNA topoisomerase [Citrobacter freundii]
WP_275258043	95.029	100	865	865	865	0.0	1723	type I DNA topoisomerase [Citrobacter freundii]
WP_252716711	99.638	96	828	865	828	0.0	1723	type I DNA topoisomerase, partial [Shigella sonnei]
WP_000513607	99.879	96	827	865	827	0.0	1722	type I DNA topoisomerase, partial [Escherichia coli]
WP_138828579	95.029	100	865	865	865	0.0	1722	type I DNA topoisomerase [Citrobacter freundii]
WP_191605971	95.029	100	865	865	865	0.0	1722	type I DNA topoisomerase [Citrobacter freundii]
WP_063890014	95.376	100	865	865	857	0.0	1721	type I DNA topoisomerase [Salmonella enterica]
WP_352489859	95.376	100	865	865	865	0.0	1721	type I DNA topoisomerase [Citrobacter amalonaticus]
WP_157276168	99.758	95	826	865	826	0.0	1718	type I DNA topoisomerase, partial [Escherichia coli]
WP_029883572	94.335	100	865	865	865	0.0	1716	MULTISPECIES: type I DNA topoisomerase [Enterobacter]
WP_261627589	99.757	95	824	865	855	0.0	1716	type I DNA topoisomerase, partial [Escherichia coli]
WP_139936465	94.220	100	865	865	865	0.0	1716	type I DNA topoisomerase [Enterobacter cloacae]
WP_253251259	96.113	98	849	865	849	0.0	1716	type I DNA topoisomerase [Salmonella enterica]
WP_137658672	100.000	95	822	865	822	0.0	1716	type I DNA topoisomerase, partial [Escherichia coli]
WP_057072862	94.451	100	865	865	865	0.0	1716	type I DNA topoisomerase [Enterobacter cloacae]
WP_038419681	94.335	100	865	865	865	0.0	1715	MULTISPECIES: type I DNA topoisomerase [Enterobacter]
WP_194500492	94.335	100	865	865	865	0.0	1715	type I DNA topoisomerase [Enterobacter cloacae]
WP_420973063	94.104	100	865	865	865	0.0	1714	type I DNA topoisomerase [Enterobacter cloacae]
WP_369706971	94.335	100	865	865	865	0.0	1714	MULTISPECIES: type I DNA topoisomerase [Enterobacter cloacae complex]
WP_256044392	94.104	100	865	865	865	0.0	1714	type I DNA topoisomerase [Enterobacter cloacae]
WP_097535810	94.335	100	865	865	865	0.0	1714	type I DNA topoisomerase [Enterobacter cloacae]
WP_108453044	94.220	100	865	865	865	0.0	1714	type I DNA topoisomerase [Enterobacter cloacae]
WP_310816003	94.220	100	865	865	865	0.0	1714	type I DNA topoisomerase [Enterobacter cloacae]
WP_058684604	94.220	100	865	865	865	0.0	1714	type I DNA topoisomerase [Enterobacter cloacae]
WP_020690940	94.220	100	865	865	865	0.0	1714	type I DNA topoisomerase [Enterobacter cloacae]
WP_182381828	94.335	100	865	865	865	0.0	1714	type I DNA topoisomerase [Enterobacter cloacae]
WP_102752589	94.220	100	865	865	865	0.0	1713	type I DNA topoisomerase [Enterobacter cloacae]
WP_437117985	94.220	100	865	865	865	0.0	1713	type I DNA topoisomerase [Enterobacter cloacae]
WP_284966809	94.220	100	865	865	865	0.0	1713	type I DNA topoisomerase [Enterobacter cloacae]
WP_252655081	94.682	100	865	865	865	0.0	1713	type I DNA topoisomerase [Citrobacter freundii]
WP_340346038	94.220	100	865	865	865	0.0	1713	type I DNA topoisomerase [Enterobacter cloacae]
WP_251998180	94.220	100	865	865	865	0.0	1713	type I DNA topoisomerase [Enterobacter cloacae]
WP_205919257	94.220	100	865	865	865	0.0	1713	type I DNA topoisomerase [Enterobacter cloacae]
WP_333090252	94.220	100	865	865	865	0.0	1713	type I DNA topoisomerase [Enterobacter cloacae]
WP_129251825	94.220	100	865	865	865	0.0	1713	MULTISPECIES: type I DNA topoisomerase [Enterobacter cloacae complex]
WP_473721047	94.220	100	865	865	865	0.0	1713	N/A
WP_130626203	94.220	100	865	865	865	0.0	1713	MULTISPECIES: type I DNA topoisomerase [Enterobacter]
WP_152081288	94.104	100	865	865	865	0.0	1713	MULTISPECIES: type I DNA topoisomerase [Enterobacter]
WP_348595853	94.220	100	865	865	865	0.0	1713	MULTISPECIES: type I DNA topoisomerase [Enterobacter cloacae complex]
WP_100168857	94.220	100	865	865	865	0.0	1712	type I DNA topoisomerase [Enterobacter cloacae]
WP_436324770	94.220	100	865	865	865	0.0	1712	type I DNA topoisomerase [Enterobacter cloacae]
WP_061772789	94.220	100	865	865	865	0.0	1712	type I DNA topoisomerase [Enterobacter cloacae]
WP_153907272	94.220	100	865	865	865	0.0	1712	type I DNA topoisomerase [Enterobacter cloacae]
WP_058651254	94.220	100	865	865	865	0.0	1712	MULTISPECIES: type I DNA topoisomerase [Enterobacter]
WP_150056721	94.220	100	865	865	865	0.0	1712	type I DNA topoisomerase [Enterobacter cloacae]
WP_118282816	94.104	100	865	865	865	0.0	1712	type I DNA topoisomerase [Enterobacter cloacae]
WP_046887713	94.104	100	865	865	865	0.0	1712	MULTISPECIES: type I DNA topoisomerase [Enterobacter]
WP_058681320	94.104	100	865	865	865	0.0	1712	MULTISPECIES: type I DNA topoisomerase [Enterobacter cloacae complex]
WP_097540790	94.104	100	865	865	865	0.0	1712	type I DNA topoisomerase [Enterobacter cloacae]
WP_354646856	94.104	100	865	865	865	0.0	1712	type I DNA topoisomerase [Enterobacter cloacae]
WP_062934600	94.104	100	865	865	865	0.0	1711	type I DNA topoisomerase [Enterobacter cloacae]
WP_013096367	94.220	100	865	865	865	0.0	1711	type I DNA topoisomerase [Enterobacter cloacae]
WP_262788983	94.104	100	865	865	865	0.0	1711	type I DNA topoisomerase [Enterobacter cloacae]
WP_369706222	94.220	100	865	865	865	0.0	1711	MULTISPECIES: type I DNA topoisomerase [Enterobacter cloacae complex]
WP_217186601	93.873	100	865	865	865	0.0	1711	type I DNA topoisomerase [Enterobacter soli]
WP_248246692	94.104	100	865	865	865	0.0	1711	type I DNA topoisomerase [Enterobacter roggenkampii]
WP_128311265	93.988	100	865	865	865	0.0	1711	type I DNA topoisomerase [Enterobacter cloacae]
WP_050860939	93.988	100	865	865	865	0.0	1710	type I DNA topoisomerase [Enterobacter cloacae]
WP_259829607	93.873	100	865	865	865	0.0	1710	type I DNA topoisomerase [Enterobacter sp. CP102]
WP_008502813	94.220	100	865	865	865	0.0	1710	MULTISPECIES: type I DNA topoisomerase [Enterobacter]
WP_335277705	93.988	100	865	865	865	0.0	1710	type I DNA topoisomerase [Enterobacter cloacae]
WP_248031229	94.104	100	865	865	865	0.0	1710	type I DNA topoisomerase [Enterobacter cloacae]
WP_014832223	93.988	100	865	865	865	0.0	1710	MULTISPECIES: type I DNA topoisomerase [Enterobacter]
WP_171857349	94.104	100	865	865	865	0.0	1710	type I DNA topoisomerase [Enterobacter cloacae]
WP_023292242	94.104	100	865	865	865	0.0	1709	MULTISPECIES: type I DNA topoisomerase [Enterobacter]
WP_163330854	93.988	100	865	865	865	0.0	1709	MULTISPECIES: type I DNA topoisomerase [Enterobacter]
WP_232944036	93.988	100	865	865	865	0.0	1709	type I DNA topoisomerase [Enterobacter cloacae]
WP_126347596	94.104	100	865	865	865	0.0	1709	type I DNA topoisomerase [Enterobacter cloacae]
WP_368542028	93.988	100	865	865	865	0.0	1709	type I DNA topoisomerase [Enterobacter soli]
WP_123922316	94.104	100	865	865	865	0.0	1709	type I DNA topoisomerase [Enterobacter roggenkampii]
WP_049121934	94.104	100	865	865	865	0.0	1709	MULTISPECIES: type I DNA topoisomerase [Enterobacter]
WP_063427618	93.988	100	865	865	865	0.0	1709	type I DNA topoisomerase [Enterobacter cloacae]
WP_279794838	94.104	100	865	865	865	0.0	1709	type I DNA topoisomerase [Enterobacter roggenkampii]
WP_248062046	93.988	100	865	865	865	0.0	1709	type I DNA topoisomerase [Enterobacter cloacae]
WP_395279944	93.873	100	865	865	865	0.0	1709	type I DNA topoisomerase [Enterobacter cloacae]
WP_473719638	93.988	100	865	865	865	0.0	1709	N/A
WP_194385716	93.873	100	865	865	865	0.0	1709	type I DNA topoisomerase [Enterobacter bugandensis]
WP_421001432	94.104	100	865	865	865	0.0	1709	type I DNA topoisomerase [Enterobacter roggenkampii]
WP_025756584	93.988	100	865	865	865	0.0	1708	MULTISPECIES: type I DNA topoisomerase [Enterobacter]
WP_248248008	93.988	100	865	865	865	0.0	1708	type I DNA topoisomerase [Enterobacter roggenkampii]
WP_063436118	94.220	100	865	865	865	0.0	1708	type I DNA topoisomerase [Enterobacter roggenkampii]
WP_420293389	93.873	100	865	865	865	0.0	1708	type I DNA topoisomerase [Enterobacter sp. BNK-22]
WP_021240303	93.988	100	865	865	865	0.0	1708	MULTISPECIES: type I DNA topoisomerase [Enterobacter]
WP_435342520	94.104	100	865	865	865	0.0	1708	type I DNA topoisomerase [Enterobacter roggenkampii]
WP_232945616	93.988	100	865	865	865	0.0	1708	type I DNA topoisomerase [Enterobacter roggenkampii]
WP_395312952	93.873	100	865	865	865	0.0	1708	type I DNA topoisomerase [Enterobacter sp. ECC-219]
WP_194516253	93.873	100	865	865	865	0.0	1708	type I DNA topoisomerase [Enterobacter cloacae]
WP_227879155	94.104	100	865	865	865	0.0	1708	type I DNA topoisomerase [Enterobacter cloacae complex sp. 2021EL-01169]
WP_125366061	93.873	100	865	865	865	0.0	1708	type I DNA topoisomerase [Enterobacter cloacae]
WP_206805214	93.988	100	865	865	865	0.0	1708	type I DNA topoisomerase [Enterobacter roggenkampii]
WP_264863105	93.988	100	865	865	865	0.0	1708	type I DNA topoisomerase [Enterobacter roggenkampii]
WP_257273243	93.757	100	865	865	865	0.0	1708	type I DNA topoisomerase [Enterobacter soli]
WP_337086678	99.756	95	820	865	820	0.0	1708	type I DNA topoisomerase, partial [Escherichia coli]
WP_325846374	93.873	100	865	865	865	0.0	1708	type I DNA topoisomerase [Enterobacter roggenkampii]
WP_248276164	93.873	100	865	865	865	0.0	1708	type I DNA topoisomerase [Enterobacter roggenkampii]
WP_063861433	93.873	100	865	865	865	0.0	1707	type I DNA topoisomerase [Enterobacter kobei]
WP_474482313	93.873	100	865	865	865	0.0	1707	N/A
WP_333074733	93.988	100	865	865	865	0.0	1707	type I DNA topoisomerase [Enterobacter roggenkampii]
WP_422700150	93.988	100	865	865	865	0.0	1707	type I DNA topoisomerase [Enterobacter roggenkampii]
WP_115258321	95.376	100	865	865	865	0.0	1707	type I DNA topoisomerase [Citrobacter sp. wls718]
WP_316336553	93.988	100	865	865	865	0.0	1707	type I DNA topoisomerase [Enterobacter sichuanensis]
WP_115875434	93.873	100	865	865	865	0.0	1707	type I DNA topoisomerase [Enterobacter sp. N18-03635]
WP_063448751	93.988	100	865	865	865	0.0	1707	type I DNA topoisomerase [Enterobacter roggenkampii]
WP_192984197	93.873	100	865	865	865	0.0	1707	MULTISPECIES: type I DNA topoisomerase [Enterobacter]
WP_059387022	93.988	100	865	865	865	0.0	1707	type I DNA topoisomerase [Enterobacter sichuanensis]
WP_094916983	93.873	100	865	865	865	0.0	1707	type I DNA topoisomerase [Enterobacter sichuanensis]
WP_163448912	94.104	100	865	865	865	0.0	1707	MULTISPECIES: type I DNA topoisomerase [Kluyvera]
WP_431630356	93.873	100	865	865	865	0.0	1707	type I DNA topoisomerase [Enterobacter roggenkampii]
WP_395030522	93.757	100	865	865	865	0.0	1707	type I DNA topoisomerase [Klebsiella aerogenes]
WP_348592798	94.104	100	865	865	865	0.0	1707	type I DNA topoisomerase [Enterobacter cloacae]
WP_106929035	94.104	100	865	865	865	0.0	1707	MULTISPECIES: type I DNA topoisomerase [Enterobacteriaceae]
WP_316379286	93.873	100	865	865	865	0.0	1707	type I DNA topoisomerase [Enterobacter chuandaensis]
WP_023344331	93.873	100	865	865	865	0.0	1707	MULTISPECIES: type I DNA topoisomerase [Enterobacter]
WP_443085883	93.295	100	865	865	865	0.0	1707	type I DNA topoisomerase [Vagococcus sp. WN89Y]
WP_320737019	93.873	100	865	865	865	0.0	1707	type I DNA topoisomerase [Enterobacter roggenkampii]
WP_463696801	93.873	100	865	865	865	0.0	1707	N/A
WP_248095842	93.873	100	865	865	865	0.0	1707	type I DNA topoisomerase [Enterobacter bugandensis]
WP_320736601	93.988	100	865	865	865	0.0	1707	type I DNA topoisomerase [Enterobacter roggenkampii]
WP_182934709	94.104	100	865	865	865	0.0	1707	type I DNA topoisomerase [Klebsiella sp. WP4-W18-ESBL-05]
WP_039266524	93.873	100	865	865	865	0.0	1707	type I DNA topoisomerase [Enterobacter sp. FB]
WP_248058842	93.988	100	865	865	865	0.0	1707	type I DNA topoisomerase [Enterobacter cloacae]
WP_063154364	93.873	100	865	865	865	0.0	1707	type I DNA topoisomerase [Enterobacter bugandensis]
WP_100170144	93.873	100	865	865	865	0.0	1707	type I DNA topoisomerase [Enterobacter bugandensis]
WP_216280214	93.873	100	865	865	865	0.0	1707	type I DNA topoisomerase [Enterobacter roggenkampii]
WP_048029764	93.873	100	865	865	865	0.0	1707	type I DNA topoisomerase [Enterobacter quasiroggenkampii]
WP_320723951	93.873	100	865	865	865	0.0	1707	type I DNA topoisomerase [Enterobacter roggenkampii]
WP_045374699	93.757	100	865	865	865	0.0	1707	type I DNA topoisomerase [Klebsiella aerogenes]
WP_309176439	93.873	100	865	865	865	0.0	1707	type I DNA topoisomerase [Enterobacter roggenkampii]
WP_349159518	93.757	100	865	865	865	0.0	1707	type I DNA topoisomerase [Klebsiella aerogenes]
WP_043953492	93.526	100	865	865	865	0.0	1707	type I DNA topoisomerase [Kosakonia radicincitans]
WP_136343423	93.873	100	865	865	865	0.0	1707	type I DNA topoisomerase [Enterobacter bugandensis]
WP_436352673	93.642	100	865	865	865	0.0	1706	type I DNA topoisomerase [Enterobacter soli]
WP_087449702	93.873	100	865	865	865	0.0	1706	type I DNA topoisomerase [Enterobacter roggenkampii]
WP_116339491	93.757	100	865	865	865	0.0	1706	type I DNA topoisomerase [Enterobacter cloacae]
WP_484132157	94.104	100	865	865	865	0.0	1706	N/A
WP_059365098	93.873	100	865	865	865	0.0	1706	MULTISPECIES: type I DNA topoisomerase [Enterobacter]
WP_445349491	93.873	100	865	865	865	0.0	1706	type I DNA topoisomerase [Enterobacter cloacae]
WP_045360425	93.642	100	865	865	865	0.0	1706	type I DNA topoisomerase [Klebsiella aerogenes]
WP_395999517	93.873	100	865	865	865	0.0	1706	type I DNA topoisomerase [Enterobacter cloacae]
WP_473329523	93.757	100	865	865	865	0.0	1706	N/A
WP_174360916	95.376	100	865	865	865	0.0	1706	type I DNA topoisomerase [Citrobacter gillenii]
WP_106105799	93.873	100	865	865	865	0.0	1706	type I DNA topoisomerase [Enterobacter roggenkampii]
WP_262777950	93.757	100	865	865	865	0.0	1706	type I DNA topoisomerase [Enterobacter quasiroggenkampii]
WP_126533739	93.757	100	865	865	865	0.0	1706	type I DNA topoisomerase [Enterobacter quasiroggenkampii]
WP_480164295	93.526	100	865	865	865	0.0	1706	N/A
WP_058648246	93.526	100	865	865	865	0.0	1706	type I DNA topoisomerase [Enterobacter hormaechei]
WP_420290044	93.873	100	865	865	865	0.0	1706	type I DNA topoisomerase [Enterobacter sp. BNK-13]
WP_064566066	93.526	100	865	865	865	0.0	1706	type I DNA topoisomerase [Kosakonia oryzae]
WP_014070501	93.642	100	865	865	865	0.0	1706	type I DNA topoisomerase [Enterobacter soli]
WP_271459113	93.988	100	865	865	865	0.0	1706	type I DNA topoisomerase [Kluyvera sp. Awk 3]
WP_063453197	93.873	100	865	865	865	0.0	1706	type I DNA topoisomerase [Enterobacter roggenkampii]
WP_023616558	93.873	100	865	865	865	0.0	1706	type I DNA topoisomerase [Enterobacter roggenkampii]
WP_165556688	93.873	100	865	865	865	0.0	1706	type I DNA topoisomerase [Enterobacter roggenkampii]
WP_041909639	93.757	100	865	865	865	0.0	1706	MULTISPECIES: type I DNA topoisomerase [Enterobacter]
WP_181368172	93.873	100	865	865	865	0.0	1706	type I DNA topoisomerase [Enterobacter roggenkampii]
WP_083021434	93.873	100	865	865	865	0.0	1706	type I DNA topoisomerase [Enterobacter cloacae]
WP_302235355	93.757	100	865	865	865	0.0	1706	MULTISPECIES: type I DNA topoisomerase [Enterobacter]
WP_071920884	93.526	100	865	865	865	0.0	1706	MULTISPECIES: type I DNA topoisomerase [Kosakonia]
WP_337276630	93.757	100	865	865	865	0.0	1706	type I DNA topoisomerase [Enterobacter bugandensis]
WP_223560736	93.873	100	865	865	865	0.0	1706	MULTISPECIES: type I DNA topoisomerase [unclassified Enterobacter]
WP_063616027	93.873	100	865	865	865	0.0	1706	type I DNA topoisomerase [Enterobacter roggenkampii]
WP_143345209	93.757	100	865	865	865	0.0	1706	MULTISPECIES: type I DNA topoisomerase [unclassified Enterobacter]
WP_431617900	93.988	100	865	865	865	0.0	1706	type I DNA topoisomerase [Enterobacter roggenkampii]
WP_193362643	93.873	100	865	865	865	0.0	1706	MULTISPECIES: type I DNA topoisomerase [Enterobacter cloacae complex]
WP_143551226	96.213	98	845	865	846	0.0	1705	type I DNA topoisomerase, partial [Salmonella enterica]
WP_115465410	93.873	100	865	865	865	0.0	1705	type I DNA topoisomerase [Enterobacter roggenkampii]
WP_334786748	93.988	100	865	865	865	0.0	1705	type I DNA topoisomerase [Enterobacter roggenkampii]
WP_117342889	95.260	100	865	865	865	0.0	1705	MULTISPECIES: type I DNA topoisomerase [Citrobacter]
WP_007371932	93.526	100	865	865	865	0.0	1705	MULTISPECIES: type I DNA topoisomerase [Kosakonia]
WP_023330550	93.757	100	865	865	865	0.0	1705	MULTISPECIES: type I DNA topoisomerase [Enterobacter]
WP_029740526	93.873	100	865	865	865	0.0	1705	MULTISPECIES: type I DNA topoisomerase [Enterobacter]
WP_320732702	93.873	100	865	865	865	0.0	1705	type I DNA topoisomerase [Enterobacter roggenkampii]
WP_045908888	93.757	100	865	865	865	0.0	1705	type I DNA topoisomerase [Enterobacter sp. NFIX58]
WP_264880408	93.873	100	865	865	865	0.0	1705	type I DNA topoisomerase [Enterobacter roggenkampii]
WP_059305404	93.526	100	865	865	865	0.0	1705	type I DNA topoisomerase [Klebsiella aerogenes]
WP_274413938	93.642	100	865	865	865	0.0	1705	type I DNA topoisomerase [Enterobacter kobei]
WP_262789642	93.757	100	865	865	865	0.0	1705	type I DNA topoisomerase [Enterobacter quasiroggenkampii]
WP_325841270	93.757	100	865	865	865	0.0	1705	type I DNA topoisomerase [Enterobacter quasiroggenkampii]
WP_248236784	93.642	100	865	865	865	0.0	1705	type I DNA topoisomerase [Enterobacter bugandensis]
WP_347291911	93.988	100	865	865	865	0.0	1705	type I DNA topoisomerase [Kluyvera georgiana]
WP_045333127	93.410	100	865	865	865	0.0	1705	MULTISPECIES: type I DNA topoisomerase [Enterobacter cloacae complex]
WP_070533075	93.873	100	865	865	865	0.0	1705	MULTISPECIES: type I DNA topoisomerase [Enterobacter]
WP_334400484	93.873	100	865	865	865	0.0	1705	type I DNA topoisomerase [Enterobacter sp. UNJFSC 003]
WP_015570386	93.526	100	865	865	865	0.0	1705	MULTISPECIES: type I DNA topoisomerase [Enterobacter]
WP_248186590	93.757	100	865	865	865	0.0	1705	type I DNA topoisomerase [Enterobacter bugandensis]
WP_064737150	93.757	100	865	865	865	0.0	1705	type I DNA topoisomerase [Klebsiella aerogenes]
WP_047647563	93.873	100	865	865	865	0.0	1705	type I DNA topoisomerase [Enterobacter asburiae]
WP_335264199	93.757	100	865	865	865	0.0	1705	type I DNA topoisomerase [Enterobacter asburiae]
WP_337284072	93.642	100	865	865	865	0.0	1705	type I DNA topoisomerase [Enterobacter kobei]
WP_479983998	93.757	100	865	865	865	0.0	1705	N/A
WP_407251071	93.526	100	865	865	865	0.0	1705	type I DNA topoisomerase [Klebsiella aerogenes]
WP_332980939	93.873	100	865	865	865	0.0	1705	MULTISPECIES: type I DNA topoisomerase [Enterobacter]
WP_267985318	93.642	100	865	865	865	0.0	1705	type I DNA topoisomerase [Klebsiella aerogenes]
WP_168979589	93.873	100	865	865	865	0.0	1705	type I DNA topoisomerase [Enterobacter asburiae]
WP_276850569	93.866	100	864	865	865	0.0	1704	type I DNA topoisomerase [Enterobacter oligotrophicus]
WP_266177901	93.642	100	865	865	865	0.0	1704	type I DNA topoisomerase [Enterobacter nematophilus]
WP_341517267	95.260	100	865	865	865	0.0	1704	type I DNA topoisomerase [Citrobacter gillenii]
WP_208658727	93.410	100	865	865	865	0.0	1704	type I DNA topoisomerase [Kosakonia sp. MUSA4]
WP_159125343	93.873	100	865	865	865	0.0	1704	type I DNA topoisomerase [Enterobacter roggenkampii]
WP_248265659	93.757	100	865	865	865	0.0	1704	type I DNA topoisomerase [Enterobacter roggenkampii]
WP_047071578	93.757	100	865	865	865	0.0	1704	type I DNA topoisomerase [Enterobacter roggenkampii]
WP_431637068	93.642	100	865	865	865	0.0	1704	type I DNA topoisomerase [Enterobacter kobei]
WP_045393156	93.642	100	865	865	865	0.0	1704	MULTISPECIES: type I DNA topoisomerase [Klebsiella]
WP_424634470	93.642	100	865	865	865	0.0	1704	type I DNA topoisomerase [Enterobacter cloacae complex sp. 2025EL-00065]
WP_325950591	93.526	100	865	865	865	0.0	1704	type I DNA topoisomerase [Klebsiella aerogenes]
WP_447744097	93.757	100	865	865	865	0.0	1704	type I DNA topoisomerase [Enterobacter asburiae]
WP_410386386	93.757	100	865	865	865	0.0	1704	type I DNA topoisomerase [Enterobacter ludwigii]
WP_114977042	93.873	100	865	865	865	0.0	1704	MULTISPECIES: type I DNA topoisomerase [Enterobacterales]
WP_167211108	93.757	100	865	865	865	0.0	1704	MULTISPECIES: type I DNA topoisomerase [Enterobacter]
WP_280150293	99.271	95	823	865	823	0.0	1704	type I DNA topoisomerase, partial [Escherichia coli]
WP_220425792	93.757	100	865	865	865	0.0	1704	type I DNA topoisomerase [Enterobacter roggenkampii]
WP_148390602	93.873	100	865	865	865	0.0	1704	type I DNA topoisomerase [Enterobacter roggenkampii]
WP_219322922	93.757	100	865	865	865	0.0	1704	type I DNA topoisomerase [Enterobacter asburiae]
WP_059360019	93.757	100	865	865	865	0.0	1704	MULTISPECIES: type I DNA topoisomerase [Enterobacter]
WP_416868638	93.988	100	865	865	865	0.0	1704	type I DNA topoisomerase [Kluyvera sp.]
WP_325818130	93.757	100	865	865	865	0.0	1704	MULTISPECIES: type I DNA topoisomerase [Enterobacter]
WP_439211063	93.526	100	865	865	865	0.0	1704	type I DNA topoisomerase [Enterobacter hormaechei]
WP_257440583	93.642	100	865	865	865	0.0	1704	type I DNA topoisomerase [Enterobacter kobei]
WP_347939898	93.642	100	865	865	865	0.0	1704	type I DNA topoisomerase [Enterobacter kobei]
WP_313768984	93.642	100	865	865	865	0.0	1704	type I DNA topoisomerase [Klebsiella aerogenes]
WP_325081304	93.642	100	865	865	865	0.0	1704	type I DNA topoisomerase [Klebsiella aerogenes]
WP_121931743	93.757	100	865	865	865	0.0	1704	MULTISPECIES: type I DNA topoisomerase [Enterobacter]
WP_050862660	93.757	100	865	865	865	0.0	1704	MULTISPECIES: type I DNA topoisomerase [Enterobacter]
WP_460419867	93.642	100	865	865	865	0.0	1704	N/A
WP_171857567	93.642	100	865	865	865	0.0	1704	type I DNA topoisomerase [Enterobacter kobei]
WP_248223935	93.642	100	865	865	865	0.0	1704	type I DNA topoisomerase [Enterobacter roggenkampii]
WP_442780021	93.642	100	865	865	865	0.0	1704	type I DNA topoisomerase [Enterobacter cancerogenus]
WP_284950926	93.410	100	865	865	865	0.0	1704	type I DNA topoisomerase [Enterobacter hormaechei]
WP_020882439	93.757	100	865	865	865	0.0	1704	MULTISPECIES: type I DNA topoisomerase [Enterobacter]
WP_126325295	93.757	100	865	865	865	0.0	1704	type I DNA topoisomerase [Enterobacter roggenkampii]
WP_267453870	94.451	100	865	865	865	0.0	1704	type I DNA topoisomerase [Citrobacter portucalensis]
WP_447551143	93.642	100	865	865	865	0.0	1704	type I DNA topoisomerase [Enterobacter sp. 186315]
WP_447290886	93.873	100	865	865	865	0.0	1704	type I DNA topoisomerase [Enterobacter sichuanensis]
WP_320700772	93.642	100	865	865	865	0.0	1704	type I DNA topoisomerase [Enterobacter bugandensis]
WP_411325044	93.526	100	865	865	865	0.0	1704	type I DNA topoisomerase [Klebsiella aerogenes]
WP_287810245	93.757	100	865	865	865	0.0	1704	type I DNA topoisomerase [Enterobacter sp.]
WP_262821937	93.757	100	865	865	865	0.0	1704	type I DNA topoisomerase [Enterobacter quasiroggenkampii]
WP_090120569	93.642	100	865	865	865	0.0	1704	type I DNA topoisomerase [Kosakonia arachidis]
WP_045329359	93.757	100	865	865	865	0.0	1704	MULTISPECIES: type I DNA topoisomerase [Enterobacter]
WP_058608669	93.642	100	865	865	865	0.0	1704	MULTISPECIES: type I DNA topoisomerase [Enterobacter]
WP_248183319	93.757	100	865	865	865	0.0	1704	type I DNA topoisomerase [Enterobacter asburiae]
WP_126519052	93.410	100	865	865	865	0.0	1704	MULTISPECIES: type I DNA topoisomerase [Enterobacter cloacae complex]
WP_234649576	93.757	100	865	865	865	0.0	1704	MULTISPECIES: type I DNA topoisomerase [Enterobacter]
WP_479416325	93.642	100	865	865	865	0.0	1704	N/A
WP_133294573	93.642	100	865	865	865	0.0	1704	MULTISPECIES: type I DNA topoisomerase [Enterobacter]
WP_348876432	93.526	100	865	865	865	0.0	1704	type I DNA topoisomerase [Klebsiella sp. CN_Kp073]
WP_348597469	93.642	100	865	865	865	0.0	1704	type I DNA topoisomerase [Enterobacter bugandensis]
WP_049022533	93.642	100	865	865	865	0.0	1704	MULTISPECIES: type I DNA topoisomerase [Enterobacter]
WP_432223881	93.642	100	865	865	865	0.0	1704	type I DNA topoisomerase [Enterobacter wuhouensis]
WP_153681643	93.642	100	865	865	865	0.0	1704	type I DNA topoisomerase [Enterobacter cancerogenus]
WP_342863301	93.642	100	865	865	865	0.0	1704	type I DNA topoisomerase [Enterobacter ludwigii]
WP_414149764	93.642	100	865	865	865	0.0	1704	type I DNA topoisomerase [Enterobacter sp. BNK-18]
WP_479437587	93.526	100	865	865	865	0.0	1704	N/A
WP_252046686	93.410	100	865	865	865	0.0	1704	N/A
WP_111965949	93.642	100	865	865	865	0.0	1704	type I DNA topoisomerase [Enterobacter sp. 148H3]
WP_138013899	93.642	100	865	865	865	0.0	1704	type I DNA topoisomerase [Enterobacter ludwigii]
WP_270291793	93.642	100	865	865	865	0.0	1704	type I DNA topoisomerase [Enterobacter ludwigii]
WP_096756822	95.145	100	865	865	865	0.0	1704	type I DNA topoisomerase [Citrobacter sp. wls711]
WP_222566543	93.642	100	865	865	865	0.0	1704	type I DNA topoisomerase [Enterobacter bugandensis]
WP_112780108	93.757	100	865	865	865	0.0	1704	MULTISPECIES: type I DNA topoisomerase [Enterobacter]
WP_024907119	93.642	100	865	865	865	0.0	1704	MULTISPECIES: type I DNA topoisomerase [Enterobacter]
WP_368746433	93.526	100	865	865	865	0.0	1704	type I DNA topoisomerase [Enterobacter cancerogenus]
WP_045281238	93.642	100	865	865	865	0.0	1704	MULTISPECIES: type I DNA topoisomerase [Enterobacter]
WP_032640977	93.757	100	865	865	865	0.0	1704	MULTISPECIES: type I DNA topoisomerase [Enterobacter cloacae complex]
WP_429052332	93.757	100	865	865	865	0.0	1704	MULTISPECIES: type I DNA topoisomerase [Enterobacter]
WP_464404767	93.873	100	865	865	865	0.0	1704	N/A
WP_063145052	93.757	100	865	865	865	0.0	1704	type I DNA topoisomerase [Enterobacter cloacae]
WP_274239793	93.642	100	865	865	865	0.0	1704	MULTISPECIES: type I DNA topoisomerase [Enterobacter]
WP_333520382	93.410	100	865	865	865	0.0	1704	type I DNA topoisomerase [Enterobacter hormaechei]
WP_248039343	93.642	100	865	865	865	0.0	1703	type I DNA topoisomerase [Enterobacter bugandensis]
WP_481239809	93.642	100	865	865	865	0.0	1703	N/A
WP_414746791	93.757	100	865	865	865	0.0	1703	type I DNA topoisomerase [Enterobacter sp. HK-058-C-ECC]
WP_316423408	93.526	100	865	865	865	0.0	1703	type I DNA topoisomerase [Klebsiella sp. 141153]
WP_326466734	93.642	100	865	865	865	0.0	1703	type I DNA topoisomerase [Enterobacter wuhouensis]
WP_316941990	93.757	100	865	865	865	0.0	1703	MULTISPECIES: type I DNA topoisomerase [unclassified Enterobacter]
WP_028018800	93.757	100	865	865	865	0.0	1703	MULTISPECIES: type I DNA topoisomerase [Enterobacter]
WP_003856806	93.410	100	865	865	865	0.0	1703	MULTISPECIES: type I DNA topoisomerase [Enterobacter]
WP_047955699	93.642	100	865	865	865	0.0	1703	type I DNA topoisomerase [Enterobacter ludwigii]
WP_248260792	93.757	100	865	865	865	0.0	1703	type I DNA topoisomerase [Enterobacter roggenkampii]
WP_086868681	93.179	100	865	865	865	0.0	1703	type I DNA topoisomerase [Kosakonia pseudosacchari]
WP_149385434	93.295	100	865	865	865	0.0	1703	type I DNA topoisomerase [Enterobacter hormaechei]
WP_320728151	93.642	100	865	865	865	0.0	1703	type I DNA topoisomerase [Enterobacter ludwigii]
WP_232928226	93.642	100	865	865	865	0.0	1703	type I DNA topoisomerase [Enterobacter bugandensis]
WP_048223614	93.757	100	865	865	865	0.0	1703	type I DNA topoisomerase [Enterobacter quasiroggenkampii]
WP_481229345	93.757	100	865	865	865	0.0	1703	N/A
WP_150144036	93.642	100	865	865	865	0.0	1703	type I DNA topoisomerase [Enterobacter bugandensis]
WP_484611759	93.757	100	865	865	865	0.0	1703	N/A
WP_164955063	93.642	100	865	865	865	0.0	1703	type I DNA topoisomerase [Enterobacter kobei]
WP_334759401	93.642	100	865	865	865	0.0	1703	type I DNA topoisomerase [Enterobacter kobei]
WP_423400399	93.410	100	865	865	865	0.0	1703	type I DNA topoisomerase [Enterobacter hormaechei]
WP_410380792	93.642	100	865	865	865	0.0	1703	type I DNA topoisomerase [Enterobacter ludwigii]
WP_221694603	93.526	100	865	865	865	0.0	1703	type I DNA topoisomerase [Klebsiella aerogenes]
WP_192987040	93.642	100	865	865	865	0.0	1703	MULTISPECIES: type I DNA topoisomerase [Enterobacter]
WP_006175684	93.642	100	865	865	865	0.0	1703	type I DNA topoisomerase [Enterobacter cancerogenus]
WP_275146095	93.295	100	865	865	865	0.0	1703	type I DNA topoisomerase [Enterobacter hormaechei]
WP_063444951	93.410	100	865	865	865	0.0	1703	type I DNA topoisomerase [Klebsiella aerogenes]
WP_137399618	95.145	100	865	865	865	0.0	1703	type I DNA topoisomerase [Citrobacter sp. wls613]
WP_045336485	93.295	100	865	865	865	0.0	1703	type I DNA topoisomerase [Enterobacter hormaechei]
WP_214575943	93.642	100	865	865	865	0.0	1703	type I DNA topoisomerase [Enterobacter dykesii]
WP_182271653	93.642	100	865	865	865	0.0	1703	type I DNA topoisomerase [Enterobacter sp. RHBSTW-00901]
WP_014884091	93.642	100	865	865	865	0.0	1703	MULTISPECIES: type I DNA topoisomerase [Enterobacter]
WP_437748246	93.526	100	865	865	865	0.0	1703	type I DNA topoisomerase [Enterobacter mori]
WP_431621500	93.410	100	865	865	865	0.0	1703	type I DNA topoisomerase [Enterobacter hormaechei]
WP_262805130	93.757	100	865	865	865	0.0	1703	type I DNA topoisomerase [Enterobacter quasiroggenkampii]
WP_370956617	93.410	100	865	865	865	0.0	1703	type I DNA topoisomerase [Enterobacter hormaechei]
WP_335260565	93.757	100	865	865	865	0.0	1703	type I DNA topoisomerase [Enterobacter roggenkampii]
WP_137047942	93.295	100	865	865	865	0.0	1703	type I DNA topoisomerase [Enterobacter hormaechei]
WP_130027194	93.295	100	865	865	865	0.0	1703	type I DNA topoisomerase [Enterobacter hormaechei]
WP_049006900	93.757	100	865	865	865	0.0	1703	type I DNA topoisomerase [Enterobacter cloacae]
WP_279281475	93.526	100	865	865	865	0.0	1703	type I DNA topoisomerase [Klebsiella aerogenes]
WP_328737605	93.295	100	865	865	865	0.0	1703	type I DNA topoisomerase [Enterobacter hormaechei]
WP_015366223	93.526	100	865	865	865	0.0	1703	MULTISPECIES: type I DNA topoisomerase [Klebsiella]
WP_318594282	93.642	100	865	865	865	0.0	1703	type I DNA topoisomerase [Enterobacter kobei]
WP_045630538	93.642	100	865	865	865	0.0	1703	type I DNA topoisomerase [Enterobacter bugandensis]
WP_320717597	93.642	100	865	865	865	0.0	1702	type I DNA topoisomerase [Enterobacter asburiae]
WP_088208366	93.526	100	865	865	865	0.0	1702	type I DNA topoisomerase [Enterobacter cancerogenus]
WP_247825486	93.757	100	865	865	865	0.0	1702	type I DNA topoisomerase [Enterobacter asburiae]
WP_446187597	93.526	100	865	865	865	0.0	1702	type I DNA topoisomerase [Enterobacter cancerogenus]
WP_151712346	93.642	100	865	865	865	0.0	1702	type I DNA topoisomerase [Enterobacter ludwigii]
WP_108684181	93.526	100	865	865	865	0.0	1702	type I DNA topoisomerase [Klebsiella aerogenes]
WP_121423980	93.757	100	865	865	865	0.0	1702	type I DNA topoisomerase [Enterobacter asburiae]
WP_104950791	93.642	100	865	865	865	0.0	1702	type I DNA topoisomerase [Enterobacter sp. SGAir0187]
WP_279796179	93.642	100	865	865	865	0.0	1702	type I DNA topoisomerase [Enterobacter ludwigii]
WP_410379290	93.642	100	865	865	865	0.0	1702	type I DNA topoisomerase [Enterobacter ludwigii]
WP_148385514	93.295	100	865	865	865	0.0	1702	type I DNA topoisomerase [Enterobacter hormaechei]
WP_258767247	93.295	100	865	865	865	0.0	1702	type I DNA topoisomerase [Enterobacter hormaechei]
WP_050736888	93.642	100	865	865	865	0.0	1702	MULTISPECIES: type I DNA topoisomerase [Enterobacter]
WP_248189090	93.642	100	865	865	865	0.0	1702	type I DNA topoisomerase [Enterobacter kobei]
WP_485453858	93.642	100	865	865	865	0.0	1702	N/A
WP_086538053	93.410	100	865	865	865	0.0	1702	type I DNA topoisomerase [Klebsiella aerogenes]
WP_478318226	93.410	100	865	865	865	0.0	1702	N/A
WP_334754973	93.757	100	865	865	865	0.0	1702	type I DNA topoisomerase [Enterobacter quasiroggenkampii]
WP_406767081	93.642	100	865	865	865	0.0	1702	type I DNA topoisomerase [Enterobacter ludwigii]
WP_448637651	93.757	100	865	865	865	0.0	1702	type I DNA topoisomerase [Enterobacter asburiae]
WP_040017644	93.642	100	865	865	865	0.0	1702	type I DNA topoisomerase [Enterobacter ludwigii]
WP_447210195	93.295	100	865	865	865	0.0	1702	type I DNA topoisomerase [Enterobacter hormaechei]
WP_483543663	93.526	100	865	865	865	0.0	1702	N/A
WP_249564690	93.642	100	865	865	865	0.0	1702	type I DNA topoisomerase [Enterobacter roggenkampii]
WP_032647574	93.526	100	865	865	865	0.0	1702	MULTISPECIES: type I DNA topoisomerase [unclassified Enterobacter]
WP_410384770	93.642	100	865	865	865	0.0	1702	type I DNA topoisomerase [Enterobacter ludwigii]
WP_063409342	93.642	100	865	865	865	0.0	1702	MULTISPECIES: type I DNA topoisomerase [Enterobacter cloacae complex]
WP_407820448	93.526	100	865	865	865	0.0	1702	type I DNA topoisomerase [Enterobacter pseudoroggenkampii]
WP_217073083	93.642	100	865	865	865	0.0	1702	type I DNA topoisomerase [Enterobacter asburiae]
WP_063422089	93.526	100	865	865	865	0.0	1702	type I DNA topoisomerase [Klebsiella aerogenes]
WP_417313063	93.642	100	865	865	865	0.0	1702	type I DNA topoisomerase [Enterobacter sp.]
WP_117025852	93.410	100	865	865	865	0.0	1702	type I DNA topoisomerase [Klebsiella aerogenes]
WP_121339605	93.642	100	865	865	865	0.0	1702	MULTISPECIES: type I DNA topoisomerase [Enterobacter]
WP_043084341	93.295	100	865	865	865	0.0	1702	type I DNA topoisomerase [Pluralibacter gergoviae]
WP_279258343	93.642	100	865	865	865	0.0	1702	type I DNA topoisomerase [Enterobacter ludwigii]
WP_436328179	93.642	100	865	865	865	0.0	1702	type I DNA topoisomerase [Enterobacter kobei]
WP_409248481	93.410	100	865	865	865	0.0	1702	type I DNA topoisomerase [Enterobacter hormaechei]
WP_410794861	93.526	100	865	865	865	0.0	1702	type I DNA topoisomerase [Klebsiella aerogenes]
WP_320719782	93.642	100	865	865	865	0.0	1702	type I DNA topoisomerase [Enterobacter asburiae]
WP_426739629	93.295	100	865	865	865	0.0	1702	type I DNA topoisomerase [Enterobacter cloacae complex sp. 379A2]
WP_079952778	96.552	97	841	865	841	0.0	1702	type I DNA topoisomerase, partial [Salmonella enterica]
WP_431649702	93.410	100	865	865	865	0.0	1702	type I DNA topoisomerase [Enterobacter hormaechei]
WP_333049845	93.642	100	865	865	865	0.0	1702	type I DNA topoisomerase [Enterobacter cloacae]
WP_263033549	93.410	100	865	865	865	0.0	1702	type I DNA topoisomerase [Enterobacter hormaechei]
WP_420240526	93.295	100	865	865	865	0.0	1702	type I DNA topoisomerase [Enterobacter intestinihominis]
WP_347001725	93.295	100	865	865	865	0.0	1702	type I DNA topoisomerase [Enterobacter hormaechei]
WP_348557223	93.526	100	865	865	865	0.0	1702	type I DNA topoisomerase [Enterobacter mori]
WP_240609039	93.642	100	865	865	865	0.0	1702	type I DNA topoisomerase [Enterobacter asburiae]
WP_096151321	93.526	100	865	865	865	0.0	1702	type I DNA topoisomerase [Enterobacter asburiae]
WP_166715514	93.410	100	865	865	865	0.0	1702	type I DNA topoisomerase [Enterobacter sp. Tr-810]
WP_430916037	93.642	100	865	865	865	0.0	1702	type I DNA topoisomerase [Klebsiella sp. 141251]
WP_212769663	93.410	100	865	865	865	0.0	1702	type I DNA topoisomerase [Klebsiella aerogenes]
WP_257247356	93.526	100	865	865	865	0.0	1702	MULTISPECIES: type I DNA topoisomerase [unclassified Enterobacter]
WP_063429647	93.642	100	865	865	865	0.0	1702	MULTISPECIES: type I DNA topoisomerase [Enterobacter]
WP_164474495	93.295	100	865	865	865	0.0	1702	type I DNA topoisomerase [Enterobacter hormaechei]
WP_137273297	93.410	100	865	865	865	0.0	1702	type I DNA topoisomerase [Enterobacter cancerogenus]
WP_458661186	93.526	100	865	865	865	0.0	1702	type I DNA topoisomerase [Enterobacter mori]
WP_237423014	93.642	100	865	865	865	0.0	1702	type I DNA topoisomerase [Enterobacter cloacae complex sp. ECC445]
WP_301233964	93.295	100	865	865	865	0.0	1702	type I DNA topoisomerase [Enterobacter hormaechei]
WP_251884567	93.526	100	865	865	865	0.0	1702	type I DNA topoisomerase [Enterobacter ludwigii]
WP_072383743	93.526	100	865	865	865	0.0	1702	MULTISPECIES: type I DNA topoisomerase [Klebsiella]
WP_279257599	93.642	100	865	865	865	0.0	1702	type I DNA topoisomerase [Enterobacter ludwigii]
WP_148419665	93.410	100	865	865	865	0.0	1702	MULTISPECIES: type I DNA topoisomerase [Enterobacter]
WP_193940668	93.757	100	865	865	865	0.0	1702	type I DNA topoisomerase [Enterobacter asburiae]
WP_349397400	93.295	100	865	865	865	0.0	1702	type I DNA topoisomerase [Enterobacter hormaechei]
WP_333191670	93.526	100	865	865	865	0.0	1702	type I DNA topoisomerase [Enterobacter ludwigii]
WP_263609535	93.526	100	865	865	865	0.0	1702	type I DNA topoisomerase [Enterobacter wuhouensis]
WP_337285263	93.526	100	865	865	865	0.0	1702	type I DNA topoisomerase [Enterobacter cancerogenus]
WP_080329313	93.410	100	865	865	865	0.0	1702	MULTISPECIES: type I DNA topoisomerase [Enterobacter cloacae complex]
WP_102892121	93.642	100	865	865	865	0.0	1702	type I DNA topoisomerase [Enterobacter bugandensis]
WP_236903263	93.642	100	865	865	865	0.0	1702	type I DNA topoisomerase [Enterobacter asburiae]
WP_395202241	93.410	100	865	865	865	0.0	1702	type I DNA topoisomerase [Klebsiella aerogenes]
WP_048210325	93.295	100	865	865	865	0.0	1702	type I DNA topoisomerase [Enterobacter hormaechei]
WP_045620487	93.642	100	865	865	865	0.0	1702	MULTISPECIES: type I DNA topoisomerase [Enterobacter]
WP_336667838	93.526	100	865	865	865	0.0	1702	type I DNA topoisomerase [Enterobacter asburiae]
WP_059309865	93.642	100	865	865	865	0.0	1701	MULTISPECIES: type I DNA topoisomerase [Enterobacter cloacae complex]
WP_128334044	93.526	100	865	865	865	0.0	1701	type I DNA topoisomerase [Enterobacter asburiae]
WP_301003225	93.295	100	865	865	865	0.0	1701	type I DNA topoisomerase [Enterobacter hormaechei]
WP_252093082	93.526	100	865	865	865	0.0	1701	type I DNA topoisomerase [Enterobacter vonholyi]
WP_454531858	93.295	100	865	865	865	0.0	1701	MULTISPECIES: type I DNA topoisomerase [Enterobacter]
WP_023312071	93.642	100	865	865	865	0.0	1701	MULTISPECIES: type I DNA topoisomerase [Enterobacter]
WP_048286686	93.295	100	865	865	865	0.0	1701	type I DNA topoisomerase [Pluralibacter gergoviae]
WP_328728096	93.642	100	865	865	865	0.0	1701	type I DNA topoisomerase [Enterobacter bugandensis]
WP_331410853	93.410	100	865	865	865	0.0	1701	type I DNA topoisomerase [Enterobacter soli]
WP_343440406	93.295	100	865	865	865	0.0	1701	type I DNA topoisomerase [Enterobacter hormaechei]
WP_196345221	93.295	100	865	865	865	0.0	1701	type I DNA topoisomerase [Enterobacter hormaechei]
WP_426747750	93.295	100	865	865	865	0.0	1701	type I DNA topoisomerase [Enterobacter cloacae complex sp. 383C1]
WP_163374533	93.410	100	865	865	865	0.0	1701	type I DNA topoisomerase [Klebsiella aerogenes]
WP_052281646	93.757	100	865	865	865	0.0	1701	type I DNA topoisomerase [Kluyvera genomosp. 1]
WP_181216005	93.642	100	865	865	865	0.0	1701	type I DNA topoisomerase [Enterobacter sp. RHBSTW-00975]
WP_320483568	93.410	100	865	865	865	0.0	1701	type I DNA topoisomerase [Klebsiella aerogenes]
WP_049012134	93.642	100	865	865	865	0.0	1701	type I DNA topoisomerase [Enterobacter kobei]
WP_464354574	93.642	100	865	865	865	0.0	1701	N/A
WP_395303939	93.526	100	865	865	865	0.0	1701	type I DNA topoisomerase [Enterobacter sp. ECC-019]
WP_252071355	93.526	100	865	865	865	0.0	1701	type I DNA topoisomerase [Enterobacter kobei]
WP_310825293	93.295	100	865	865	865	0.0	1701	type I DNA topoisomerase [Pseudenterobacter timonensis]
WP_131632423	93.410	100	865	865	865	0.0	1701	type I DNA topoisomerase [Enterobacter wuhouensis]
WP_347485029	93.526	100	865	865	865	0.0	1701	type I DNA topoisomerase [Enterobacter sp. HNDS-6]
WP_017384217	93.295	100	865	865	865	0.0	1701	MULTISPECIES: type I DNA topoisomerase [Enterobacter]
WP_420275037	93.526	100	865	865	865	0.0	1701	type I DNA topoisomerase [Enterobacter asburiae]
WP_333119795	93.526	100	865	865	865	0.0	1701	type I DNA topoisomerase [Enterobacter wuhouensis]
WP_149288736	93.410	100	865	865	865	0.0	1701	type I DNA topoisomerase [Kosakonia radicincitans]
WP_146716897	95.145	100	865	865	865	0.0	1701	type I DNA topoisomerase [Citrobacter sp. TBCS-14]
WP_414965577	93.179	100	865	865	865	0.0	1701	type I DNA topoisomerase [Enterobacter hormaechei]
WP_335246456	93.526	100	865	865	865	0.0	1701	type I DNA topoisomerase [Enterobacter asburiae]
WP_236348301	93.410	100	865	865	865	0.0	1701	type I DNA topoisomerase [Enterobacter cancerogenus]
WP_129256292	93.295	100	865	865	865	0.0	1701	MULTISPECIES: type I DNA topoisomerase [unclassified Enterobacter cloacae complex]
WP_126546009	93.526	100	865	865	865	0.0	1701	MULTISPECIES: type I DNA topoisomerase [Enterobacter]
WP_370971851	93.526	100	865	865	865	0.0	1701	type I DNA topoisomerase [Enterobacter wuhouensis]
WP_126495489	93.179	100	865	865	865	0.0	1701	type I DNA topoisomerase [Enterobacter hormaechei]
WP_047725966	93.179	100	865	865	865	0.0	1701	type I DNA topoisomerase [Enterobacter hormaechei]
WP_163334499	93.410	100	865	865	865	0.0	1701	type I DNA topoisomerase [Klebsiella aerogenes]
WP_316552426	93.410	100	865	865	865	0.0	1701	type I DNA topoisomerase [Klebsiella aerogenes]
WP_048979146	93.526	100	865	865	865	0.0	1701	MULTISPECIES: type I DNA topoisomerase [Enterobacter]
WP_433635992	93.757	100	865	865	865	0.0	1701	type I DNA topoisomerase [Kluyvera georgiana]
WP_256066930	93.526	100	865	865	865	0.0	1701	MULTISPECIES: type I DNA topoisomerase [Enterobacter cloacae complex]
WP_249576666	93.526	100	865	865	865	0.0	1701	MULTISPECIES: type I DNA topoisomerase [Enterobacter]
WP_180255678	93.295	100	865	865	865	0.0	1701	type I DNA topoisomerase [Enterobacter hormaechei]
WP_193111006	93.410	100	865	865	865	0.0	1701	type I DNA topoisomerase [Klebsiella aerogenes]
WP_202773156	93.526	100	865	865	865	0.0	1701	type I DNA topoisomerase [Enterobacter asburiae]
WP_058659591	93.295	100	865	865	865	0.0	1701	MULTISPECIES: type I DNA topoisomerase [Enterobacter cloacae complex]
WP_058658124	93.295	100	865	865	865	0.0	1701	MULTISPECIES: type I DNA topoisomerase [Enterobacter cloacae complex]
WP_370964659	93.526	100	865	865	865	0.0	1701	type I DNA topoisomerase [Enterobacter wuhouensis]
WP_045355889	93.526	100	865	865	865	0.0	1701	type I DNA topoisomerase [Enterobacter asburiae]
WP_089600608	93.410	100	865	865	865	0.0	1701	type I DNA topoisomerase [Enterobacter mori]
WP_325798548	93.526	100	865	865	865	0.0	1701	type I DNA topoisomerase [Enterobacter asburiae]
WP_134350540	93.526	100	865	865	865	0.0	1701	MULTISPECIES: type I DNA topoisomerase [Enterobacteriaceae]
WP_241510715	93.526	100	865	865	865	0.0	1701	type I DNA topoisomerase [Enterobacter asburiae]
WP_045135520	93.526	100	865	865	865	0.0	1701	MULTISPECIES: type I DNA topoisomerase [Enterobacter cloacae complex]
WP_063933469	93.295	100	865	865	865	0.0	1701	type I DNA topoisomerase [Enterobacter hormaechei]
WP_047348265	93.526	100	865	865	865	0.0	1701	type I DNA topoisomerase [Enterobacter genomosp. O]
WP_454534281	93.179	100	865	865	865	0.0	1701	MULTISPECIES: type I DNA topoisomerase [Enterobacter]
WP_059291328	93.295	100	865	865	865	0.0	1701	type I DNA topoisomerase [Enterobacter hormaechei]
WP_023335949	93.526	100	865	865	865	0.0	1700	type I DNA topoisomerase [Enterobacter sp. MGH 24]
WP_305869942	93.179	100	865	865	865	0.0	1700	type I DNA topoisomerase [Enterobacter hormaechei]
WP_185791163	93.526	100	865	865	865	0.0	1700	type I DNA topoisomerase [Enterobacter ludwigii]
WP_426719742	93.179	100	865	865	865	0.0	1700	MULTISPECIES: type I DNA topoisomerase [Enterobacter cloacae complex]
WP_208584176	93.526	100	865	865	865	0.0	1700	type I DNA topoisomerase [Enterobacter kobei]
WP_108443049	93.410	100	865	865	865	0.0	1700	type I DNA topoisomerase [Klebsiella aerogenes]
WP_458472080	93.295	100	865	865	865	0.0	1700	type I DNA topoisomerase [Enterobacter hormaechei]
WP_474216337	93.410	100	865	865	865	0.0	1700	N/A
WP_142461576	93.179	100	865	865	865	0.0	1700	type I DNA topoisomerase [Klebsiella spallanzanii]
WP_015705739	93.410	100	865	865	865	0.0	1700	type I DNA topoisomerase [Klebsiella aerogenes]
WP_065357584	93.642	100	865	865	865	0.0	1700	type I DNA topoisomerase [Kluyvera georgiana]
WP_414243545	93.295	100	865	865	865	0.0	1700	type I DNA topoisomerase [Enterobacter hormaechei]
WP_479977817	93.526	100	865	865	865	0.0	1700	N/A
WP_423122055	93.526	100	865	865	865	0.0	1700	type I DNA topoisomerase [Enterobacter kobei]
WP_311379858	93.295	100	865	865	865	0.0	1700	type I DNA topoisomerase [Enterobacter hormaechei]
WP_126517012	93.295	100	865	865	865	0.0	1700	type I DNA topoisomerase [Enterobacter hormaechei]
WP_047651111	93.526	100	865	865	865	0.0	1700	MULTISPECIES: type I DNA topoisomerase [Enterobacter]
WP_301241265	93.295	100	865	865	865	0.0	1700	type I DNA topoisomerase [Enterobacter hormaechei]
WP_196521850	93.410	100	865	865	865	0.0	1700	type I DNA topoisomerase [Klebsiella aerogenes]
WP_248099531	93.526	100	865	865	865	0.0	1700	type I DNA topoisomerase [Enterobacter chengduensis]
WP_150391106	93.179	100	865	865	865	0.0	1700	type I DNA topoisomerase [Enterobacter hormaechei]
WP_160890453	93.526	100	865	865	865	0.0	1700	MULTISPECIES: type I DNA topoisomerase [Enterobacter cloacae complex]
WP_426728944	93.295	100	865	865	865	0.0	1700	type I DNA topoisomerase [Enterobacter cloacae complex sp. 358K9]
WP_220424043	93.295	100	865	865	865	0.0	1700	type I DNA topoisomerase [Enterobacter hormaechei]
WP_348582555	93.642	100	865	865	865	0.0	1700	type I DNA topoisomerase [Enterobacter asburiae]
WP_454534922	93.179	100	865	865	865	0.0	1700	type I DNA topoisomerase [Enterobacter hormaechei]
WP_415989226	93.642	100	865	865	865	0.0	1700	type I DNA topoisomerase [Kluyvera cryocrescens]
WP_157195288	93.410	100	865	865	865	0.0	1700	type I DNA topoisomerase [Klebsiella aerogenes]
WP_251275161	93.179	100	865	865	865	0.0	1700	type I DNA topoisomerase [Enterobacter hormaechei]
WP_459920874	93.526	100	865	865	865	0.0	1700	N/A
WP_259363824	93.526	100	865	865	865	0.0	1700	type I DNA topoisomerase [Enterobacter kobei]
WP_063840802	93.295	100	865	865	865	0.0	1700	type I DNA topoisomerase [Enterobacter hormaechei]
WP_454518662	93.526	100	865	865	865	0.0	1700	type I DNA topoisomerase [Enterobacter kobei]
WP_232962357	93.179	100	865	865	865	0.0	1700	type I DNA topoisomerase [Enterobacter hormaechei]
WP_235148077	93.179	100	865	865	865	0.0	1700	type I DNA topoisomerase [Enterobacter hormaechei]
WP_053518447	93.179	100	865	865	865	0.0	1700	type I DNA topoisomerase [Pluralibacter gergoviae]
WP_284593360	93.410	100	865	865	865	0.0	1700	type I DNA topoisomerase [Enterobacter asburiae]
WP_431640318	93.295	100	865	865	865	0.0	1700	type I DNA topoisomerase [Enterobacter hormaechei]
WP_431644886	93.179	100	865	865	865	0.0	1700	type I DNA topoisomerase [Enterobacter hormaechei]
WP_237844131	93.410	100	865	865	865	0.0	1700	type I DNA topoisomerase [Enterobacter mori]
WP_348558012	93.526	100	865	865	865	0.0	1700	type I DNA topoisomerase [Enterobacter asburiae]
WP_032642185	93.526	100	865	865	865	0.0	1700	type I DNA topoisomerase [Enterobacter sp. EGD-HP1]
WP_333155866	93.526	100	865	865	865	0.0	1700	type I DNA topoisomerase [Enterobacter kobei]
WP_057061597	93.526	100	865	865	865	0.0	1700	type I DNA topoisomerase [Enterobacter asburiae]
WP_214579758	93.410	100	865	865	865	0.0	1700	type I DNA topoisomerase [Enterobacter asburiae]
WP_407218691	93.295	100	865	865	865	0.0	1700	type I DNA topoisomerase [Enterobacter hormaechei]
WP_325759772	93.410	100	865	865	865	0.0	1700	type I DNA topoisomerase [Enterobacter asburiae]
WP_149367044	93.526	100	865	865	865	0.0	1700	MULTISPECIES: type I DNA topoisomerase [Enterobacter]
WP_370731950	93.526	100	865	865	865	0.0	1700	type I DNA topoisomerase [Enterobacter sp. KB-221C9]
WP_431623428	93.295	100	865	865	865	0.0	1700	type I DNA topoisomerase [Enterobacter hormaechei]
WP_460262221	93.410	100	865	865	865	0.0	1700	N/A
WP_333016739	93.295	100	865	865	865	0.0	1700	type I DNA topoisomerase [Enterobacter chuandaensis]
WP_248226540	93.642	100	865	865	865	0.0	1700	type I DNA topoisomerase [Enterobacter asburiae]
WP_209337573	93.179	100	865	865	865	0.0	1700	type I DNA topoisomerase [Enterobacter hormaechei]
WP_097401100	93.064	100	865	865	865	0.0	1700	type I DNA topoisomerase [Kosakonia pseudosacchari]
WP_333537619	93.295	100	865	865	865	0.0	1700	type I DNA topoisomerase [Enterobacter hormaechei]
WP_171846519	93.295	100	865	865	865	0.0	1700	type I DNA topoisomerase [Enterobacter hormaechei]
WP_102789975	93.526	100	865	865	865	0.0	1700	type I DNA topoisomerase [Enterobacter asburiae]
WP_431646867	93.295	100	865	865	865	0.0	1700	type I DNA topoisomerase [Enterobacter hormaechei]
WP_368525183	93.410	100	865	865	865	0.0	1700	type I DNA topoisomerase [Enterobacter asburiae]
WP_101737607	93.410	100	865	865	865	0.0	1700	type I DNA topoisomerase [Enterobacter cancerogenus]
WP_047365954	93.526	100	865	865	865	0.0	1700	type I DNA topoisomerase [Enterobacter kobei]
WP_039270612	93.179	100	865	865	865	0.0	1699	type I DNA topoisomerase [Enterobacter hormaechei]
WP_288790059	93.179	100	865	865	865	0.0	1699	type I DNA topoisomerase [uncultured Enterobacter sp.]
WP_220719523	93.295	100	865	865	865	0.0	1699	type I DNA topoisomerase [Enterobacter hormaechei]
WP_063441941	93.410	100	865	865	865	0.0	1699	MULTISPECIES: type I DNA topoisomerase [Enterobacter]
WP_131413344	92.948	100	865	865	865	0.0	1699	MULTISPECIES: type I DNA topoisomerase [Kosakonia]
WP_087867611	93.410	100	865	865	865	0.0	1699	type I DNA topoisomerase [Klebsiella aerogenes]
WP_136034892	93.064	100	865	865	865	0.0	1699	type I DNA topoisomerase [Klebsiella africana]
WP_322553201	93.064	100	865	865	865	0.0	1699	type I DNA topoisomerase [Kosakonia sacchari]
WP_058685781	93.295	100	865	865	865	0.0	1699	type I DNA topoisomerase [Enterobacter hormaechei]
WP_096946858	93.295	100	865	865	865	0.0	1699	type I DNA topoisomerase [Enterobacter hormaechei]
WP_332963577	93.526	100	865	865	865	0.0	1699	type I DNA topoisomerase [Enterobacter asburiae]
WP_131492695	93.179	100	865	865	865	0.0	1699	type I DNA topoisomerase [Enterobacter hormaechei]
WP_334277832	93.295	100	865	865	865	0.0	1699	type I DNA topoisomerase [Enterobacter hormaechei]
WP_064546022	93.642	100	865	865	865	0.0	1699	type I DNA topoisomerase [Kluyvera georgiana]
WP_447280778	93.179	100	865	865	865	0.0	1699	type I DNA topoisomerase [Enterobacter hormaechei]
WP_335267699	93.179	100	865	865	865	0.0	1699	type I DNA topoisomerase [Enterobacter hormaechei]
WP_049133975	93.179	100	865	865	865	0.0	1699	type I DNA topoisomerase [Enterobacter hormaechei]
WP_420257013	93.179	100	865	865	865	0.0	1699	type I DNA topoisomerase [Enterobacter intestinihominis]
WP_333496377	93.526	100	865	865	865	0.0	1699	type I DNA topoisomerase [Kluyvera sp. CHPC 1.251]
WP_109843960	93.526	100	865	865	865	0.0	1699	type I DNA topoisomerase [Enterobacter sp. CGMCC 5087]
WP_421625550	93.179	100	865	865	865	0.0	1699	MULTISPECIES: type I DNA topoisomerase [Enterobacter cloacae complex]
WP_416015630	93.526	100	865	865	865	0.0	1699	type I DNA topoisomerase [Kluyvera cryocrescens]
WP_071685617	95.145	100	865	865	865	0.0	1699	type I DNA topoisomerase [Citrobacter freundii]
WP_176610160	93.295	100	865	865	865	0.0	1699	MULTISPECIES: type I DNA topoisomerase [Enterobacter cloacae complex]
WP_315685916	93.410	100	865	865	865	0.0	1699	type I DNA topoisomerase [Enterobacter cloacae]
WP_062938831	93.179	100	865	865	865	0.0	1699	type I DNA topoisomerase [Enterobacter hormaechei]
WP_196342203	93.179	100	865	865	865	0.0	1699	type I DNA topoisomerase [Enterobacter hormaechei]
WP_473212922	93.410	100	865	865	865	0.0	1699	N/A
WP_182061309	93.295	100	865	865	865	0.0	1699	type I DNA topoisomerase [Enterobacter sp. RHBSTW-00175]
WP_252043492	93.410	100	865	865	865	0.0	1699	type I DNA topoisomerase [Enterobacter asburiae]
WP_100166143	93.410	100	865	865	865	0.0	1699	MULTISPECIES: type I DNA topoisomerase [Enterobacter]
WP_142514237	93.064	100	865	865	865	0.0	1699	MULTISPECIES: type I DNA topoisomerase [Klebsiella]
WP_174339677	93.179	100	865	865	865	0.0	1699	type I DNA topoisomerase [Enterobacter sp. JMULE2]
WP_061279486	93.526	100	865	865	865	0.0	1699	type I DNA topoisomerase [Kluyvera cryocrescens]
WP_475395320	93.179	100	865	865	865	0.0	1699	N/A
WP_160863287	93.295	100	865	865	865	0.0	1699	MULTISPECIES: type I DNA topoisomerase [Enterobacter]
WP_049847628	93.295	100	865	865	865	0.0	1699	type I DNA topoisomerase [Trabulsiella odontotermitis]
WP_221550261	93.410	100	865	865	865	0.0	1699	type I DNA topoisomerase [Enterobacter sp. RIT637]
WP_454712965	93.526	100	865	865	865	0.0	1699	type I DNA topoisomerase [Enterobacter kobei]
WP_182930780	93.410	100	865	865	865	0.0	1699	type I DNA topoisomerase [Enterobacter asburiae]
WP_060614664	93.179	100	865	865	865	0.0	1699	type I DNA topoisomerase [Enterobacter hormaechei]
WP_427025548	93.295	100	865	865	865	0.0	1699	type I DNA topoisomerase [Enterobacter hormaechei]
WP_325813550	93.526	100	865	865	865	0.0	1699	type I DNA topoisomerase [Enterobacter vonholyi]
WP_213842980	93.295	100	865	865	865	0.0	1699	type I DNA topoisomerase [Enterobacter hormaechei]
WP_017457189	92.948	100	865	865	865	0.0	1699	type I DNA topoisomerase [Kosakonia sacchari]
WP_198739761	93.179	100	865	865	865	0.0	1699	type I DNA topoisomerase [Enterobacter hormaechei]
WP_216356674	93.410	100	865	865	865	0.0	1699	type I DNA topoisomerase [Enterobacter quasimori]
WP_260662149	93.410	100	865	865	865	0.0	1699	type I DNA topoisomerase [Enterobacter mori]
WP_251994206	93.295	100	865	865	865	0.0	1699	N/A
WP_045345096	93.179	100	865	865	865	0.0	1699	type I DNA topoisomerase [Enterobacter hormaechei]
WP_439216727	93.526	100	865	865	865	0.0	1699	type I DNA topoisomerase [Enterobacter bugandensis]
WP_045400177	93.526	100	865	865	865	0.0	1699	type I DNA topoisomerase [Enterobacter asburiae]
WP_125321197	93.179	100	865	865	865	0.0	1699	type I DNA topoisomerase [Enterobacter hormaechei]
WP_063866559	93.064	100	865	865	865	0.0	1699	MULTISPECIES: type I DNA topoisomerase [Enterobacter]
WP_482451277	93.410	100	865	865	865	0.0	1699	N/A
WP_259384511	93.179	100	865	865	865	0.0	1699	type I DNA topoisomerase [Enterobacter hormaechei]
WP_301509199	93.410	100	865	865	865	0.0	1699	type I DNA topoisomerase [Enterobacter asburiae]
WP_350361331	93.179	100	865	865	865	0.0	1699	type I DNA topoisomerase [Enterobacter hormaechei]
WP_333065662	93.295	100	865	865	865	0.0	1699	type I DNA topoisomerase [Enterobacter mori]
WP_289891751	92.948	100	865	865	865	0.0	1699	MULTISPECIES: type I DNA topoisomerase [Kosakonia]
WP_016495870	93.064	100	865	865	865	0.0	1699	MULTISPECIES: type I DNA topoisomerase [Enterobacteriaceae]
WP_062774628	93.526	100	865	865	865	0.0	1699	type I DNA topoisomerase [Kluyvera intermedia]
WP_049856171	93.295	100	865	865	865	0.0	1699	type I DNA topoisomerase [Trabulsiella odontotermitis]
WP_033145741	93.410	100	865	865	865	0.0	1699	MULTISPECIES: type I DNA topoisomerase [Enterobacter]
WP_250584053	93.526	100	865	865	864	0.0	1699	type I DNA topoisomerase [Leclercia adecarboxylata]
WP_045508058	93.064	100	865	865	865	0.0	1699	MULTISPECIES: type I DNA topoisomerase [Kosakonia]
WP_101865793	93.526	100	865	865	865	0.0	1699	type I DNA topoisomerase [Enterobacter bugandensis]
WP_336666978	93.295	100	865	865	865	0.0	1699	type I DNA topoisomerase [Enterobacter mori]
WP_482855913	95.145	100	865	865	865	0.0	1699	N/A
WP_126795673	93.410	100	865	865	865	0.0	1699	type I DNA topoisomerase [Enterobacter asburiae]
WP_196356418	93.179	100	865	865	865	0.0	1699	type I DNA topoisomerase [Enterobacter hormaechei]
WP_320741671	93.295	100	865	865	865	0.0	1699	type I DNA topoisomerase [Enterobacter mori]
WP_039056062	92.948	100	865	865	865	0.0	1699	type I DNA topoisomerase [Enterobacter sp. Bisph1]
WP_125357703	93.179	100	865	865	865	0.0	1698	type I DNA topoisomerase [Enterobacter hormaechei]
WP_045341511	93.179	100	865	865	865	0.0	1698	type I DNA topoisomerase [Enterobacter hormaechei]
WP_248205256	93.526	100	865	865	865	0.0	1698	type I DNA topoisomerase [Enterobacter asburiae]
WP_047740450	93.179	100	865	865	865	0.0	1698	type I DNA topoisomerase [Enterobacter hormaechei]
WP_090137459	93.179	100	865	865	865	0.0	1698	type I DNA topoisomerase [Kosakonia oryziphila]
WP_257709305	92.948	100	865	865	865	0.0	1698	type I DNA topoisomerase [Klebsiella variicola]
WP_218307474	93.410	100	865	865	865	0.0	1698	MULTISPECIES: type I DNA topoisomerase [Enterobacter]
WP_454535227	93.179	100	865	865	865	0.0	1698	type I DNA topoisomerase [Enterobacter hormaechei]
WP_455648469	93.526	100	865	865	865	0.0	1698	type I DNA topoisomerase [Kluyvera sp.]
WP_136087416	92.948	100	865	865	865	0.0	1698	type I DNA topoisomerase [Klebsiella variicola]
WP_213774213	93.179	100	865	865	865	0.0	1698	type I DNA topoisomerase [Enterobacter hormaechei]
WP_470296464	93.295	100	865	865	865	0.0	1698	N/A
WP_420984756	93.410	100	865	865	865	0.0	1698	type I DNA topoisomerase [Enterobacter mori]
WP_202783613	93.526	100	865	865	865	0.0	1698	type I DNA topoisomerase [Enterobacter asburiae]
WP_142465726	92.948	100	865	865	865	0.0	1698	type I DNA topoisomerase [Klebsiella spallanzanii]
WP_047061015	93.410	100	865	865	865	0.0	1698	type I DNA topoisomerase [Enterobacter asburiae]
WP_446493275	93.295	100	865	865	865	0.0	1698	type I DNA topoisomerase [Enterobacter sp. C4G1]
WP_142982820	93.064	100	865	865	865	0.0	1698	type I DNA topoisomerase [Klebsiella spallanzanii]
WP_108417789	93.295	100	865	865	865	0.0	1698	type I DNA topoisomerase [Enterobacter mori]
WP_022648322	93.179	100	865	865	865	0.0	1698	MULTISPECIES: type I DNA topoisomerase [Enterobacter]
WP_262769616	93.410	100	865	865	865	0.0	1698	type I DNA topoisomerase [Enterobacter asburiae]
WP_063138304	93.179	100	865	865	865	0.0	1698	type I DNA topoisomerase [Enterobacter hormaechei]
WP_032656725	93.410	100	865	865	865	0.0	1698	MULTISPECIES: type I DNA topoisomerase [Enterobacter]
WP_373225486	93.295	100	865	865	865	0.0	1698	MULTISPECIES: type I DNA topoisomerase [Enterobacter cloacae complex]
WP_193806721	93.410	100	865	865	865	0.0	1698	type I DNA topoisomerase [Enterobacter asburiae]
WP_165464304	92.948	100	865	865	865	0.0	1698	type I DNA topoisomerase [Enterobacter cloacae]
WP_182410653	93.064	100	865	865	865	0.0	1698	type I DNA topoisomerase [Enterobacter hormaechei]
WP_439037873	93.179	100	865	865	865	0.0	1698	type I DNA topoisomerase [Enterobacter hormaechei]
WP_473712665	93.410	100	865	865	865	0.0	1698	N/A
WP_257713587	93.179	100	865	865	865	0.0	1698	type I DNA topoisomerase [Enterobacter hormaechei]
WP_063452273	92.948	100	865	865	865	0.0	1698	type I DNA topoisomerase [Enterobacter genomosp. S]
WP_193131931	93.179	100	865	865	865	0.0	1698	type I DNA topoisomerase [Enterobacter hormaechei]
WP_196354281	93.295	100	865	865	865	0.0	1698	type I DNA topoisomerase [Enterobacter asburiae]
WP_039031854	93.757	100	865	865	864	0.0	1698	MULTISPECIES: type I DNA topoisomerase [Enterobacteriaceae]
WP_181619646	93.295	100	865	865	865	0.0	1698	MULTISPECIES: type I DNA topoisomerase [Enterobacteriaceae]
WP_160270043	93.064	100	865	865	865	0.0	1698	type I DNA topoisomerase [Kosakonia sacchari]
WP_443349462	93.295	100	865	865	865	0.0	1698	type I DNA topoisomerase [Enterobacter chuandaensis]
WP_221256081	93.064	100	865	865	865	0.0	1698	MULTISPECIES: type I DNA topoisomerase [Enterobacter]
WP_333489070	93.179	100	865	865	865	0.0	1698	type I DNA topoisomerase [Enterobacter hormaechei]
WP_116328658	93.179	100	865	865	865	0.0	1698	type I DNA topoisomerase [Enterobacter hormaechei]
WP_434246647	93.064	100	865	865	865	0.0	1698	type I DNA topoisomerase [Enterobacter hormaechei]
WP_114314733	93.873	100	865	865	864	0.0	1698	MULTISPECIES: type I DNA topoisomerase [unclassified Leclercia]
WP_151884557	93.179	100	865	865	865	0.0	1697	type I DNA topoisomerase [Enterobacter hormaechei]
WP_446489766	93.410	100	865	865	865	0.0	1697	type I DNA topoisomerase [Enterobacter asburiae]
WP_439162553	93.179	100	865	865	865	0.0	1697	type I DNA topoisomerase [Enterobacter hormaechei]
WP_047353322	93.064	100	865	865	865	0.0	1697	type I DNA topoisomerase [Enterobacter hormaechei]
WP_369395891	93.179	100	865	865	865	0.0	1697	type I DNA topoisomerase [Enterobacter hormaechei]
WP_065368399	92.832	100	865	865	865	0.0	1697	type I DNA topoisomerase [Kosakonia sacchari]
WP_350363912	93.064	100	865	865	865	0.0	1697	type I DNA topoisomerase [Enterobacter hormaechei]
WP_193528032	92.948	100	865	865	865	0.0	1697	MULTISPECIES: type I DNA topoisomerase [Enterobacter]
WP_182404832	93.064	100	865	865	865	0.0	1697	type I DNA topoisomerase [Enterobacter hormaechei]
WP_223537295	93.295	100	865	865	865	0.0	1697	type I DNA topoisomerase [Enterobacter asburiae]
WP_194304823	93.295	100	865	865	865	0.0	1697	type I DNA topoisomerase [Enterobacter asburiae]
WP_045335024	93.064	100	865	865	865	0.0	1697	type I DNA topoisomerase [Enterobacter hormaechei]
WP_316517875	93.310	100	867	865	867	0.0	1697	type I DNA topoisomerase [Klebsiella aerogenes]
WP_311825755	93.179	100	865	865	865	0.0	1697	type I DNA topoisomerase [Enterobacter hormaechei]
WP_182400720	93.179	100	865	865	865	0.0	1697	MULTISPECIES: type I DNA topoisomerase [Enterobacter]
WP_150311709	93.179	100	865	865	865	0.0	1697	type I DNA topoisomerase [Enterobacter hormaechei]
WP_448875436	93.179	100	865	865	865	0.0	1697	type I DNA topoisomerase [Enterobacter hormaechei]
WP_448657158	93.179	100	865	865	865	0.0	1697	type I DNA topoisomerase [Enterobacter hormaechei]
WP_221925368	92.948	100	865	865	865	0.0	1697	type I DNA topoisomerase [Enterobacter hormaechei]
WP_212474033	93.295	100	865	865	865	0.0	1697	type I DNA topoisomerase [Enterobacter mori]
WP_086524526	93.064	100	865	865	865	0.0	1697	type I DNA topoisomerase [Enterobacter hormaechei]
WP_154680204	93.295	100	865	865	865	0.0	1697	type I DNA topoisomerase [Klebsiella oxytoca]
WP_103822246	93.757	100	865	865	864	0.0	1697	MULTISPECIES: type I DNA topoisomerase [Leclercia]
WP_185666031	93.410	100	865	865	865	0.0	1697	type I DNA topoisomerase [Kluyvera sichuanensis]
WP_349396999	93.064	100	865	865	865	0.0	1697	type I DNA topoisomerase [Enterobacter hormaechei]
WP_032622442	93.064	100	865	865	865	0.0	1697	type I DNA topoisomerase [Enterobacter hormaechei]
WP_324271226	93.064	100	865	865	865	0.0	1697	type I DNA topoisomerase [Enterobacter hormaechei]
WP_349402903	93.179	100	865	865	865	0.0	1697	type I DNA topoisomerase [Enterobacter hormaechei]
WP_436874347	92.948	100	865	865	865	0.0	1697	type I DNA topoisomerase [Kosakonia sacchari]
WP_229532845	92.948	100	865	865	865	0.0	1697	type I DNA topoisomerase [Klebsiella variicola]
WP_224422252	92.948	100	865	865	865	0.0	1697	type I DNA topoisomerase [Klebsiella quasivariicola]
WP_447288748	93.295	100	865	865	865	0.0	1697	type I DNA topoisomerase [Enterobacter mori]
WP_063150498	93.064	100	865	865	865	0.0	1697	MULTISPECIES: type I DNA topoisomerase [Enterobacter]
WP_370940908	93.064	100	865	865	865	0.0	1697	type I DNA topoisomerase [Enterobacter hormaechei]
WP_061708999	93.295	100	865	865	865	0.0	1697	type I DNA topoisomerase [Pseudenterobacter timonensis]
WP_416136611	93.064	100	865	865	865	0.0	1697	type I DNA topoisomerase [Enterobacter hormaechei]
WP_171935796	93.064	100	865	865	865	0.0	1697	MULTISPECIES: type I DNA topoisomerase [Enterobacter]
WP_250116397	93.064	100	865	865	865	0.0	1697	type I DNA topoisomerase [Enterobacter hormaechei]
WP_220440561	93.410	100	865	865	865	0.0	1697	type I DNA topoisomerase [Kluyvera sp. EC_51]
WP_281074577	92.832	100	865	865	865	0.0	1697	type I DNA topoisomerase [Klebsiella quasivariicola]
WP_191152559	93.757	100	865	865	864	0.0	1697	type I DNA topoisomerase [Leclercia adecarboxylata]
WP_063149430	93.179	100	865	865	865	0.0	1697	MULTISPECIES: type I DNA topoisomerase [Enterobacter]
WP_221702228	93.295	100	865	865	865	0.0	1697	type I DNA topoisomerase [Enterobacter sp. Y17]
WP_336665377	93.295	100	865	865	865	0.0	1697	type I DNA topoisomerase [Enterobacter asburiae]
WP_156654653	93.757	100	865	865	864	0.0	1697	MULTISPECIES: type I DNA topoisomerase [Leclercia]
WP_006810845	93.064	100	865	865	865	0.0	1697	MULTISPECIES: type I DNA topoisomerase [Enterobacter cloacae complex]
WP_481985540	99.755	94	815	865	815	0.0	1697	N/A
WP_395029986	93.064	100	865	865	865	0.0	1697	type I DNA topoisomerase [Enterobacter hormaechei]
WP_094948495	92.948	100	865	865	865	0.0	1697	type I DNA topoisomerase [Enterobacter hormaechei]
WP_148401201	93.295	100	865	865	865	0.0	1697	type I DNA topoisomerase [Enterobacter mori]
WP_193543669	93.064	100	865	865	865	0.0	1697	MULTISPECIES: type I DNA topoisomerase [Enterobacter cloacae complex]
WP_171932031	93.064	100	865	865	865	0.0	1697	type I DNA topoisomerase [Enterobacter hormaechei]
WP_410998915	93.410	100	865	865	865	0.0	1697	type I DNA topoisomerase [Kluyvera sp. 142486]
WP_112216482	92.948	100	865	865	865	0.0	1697	type I DNA topoisomerase [Klebsiella huaxiensis]
WP_063924442	93.179	100	865	865	865	0.0	1697	type I DNA topoisomerase [Enterobacter hormaechei]
WP_462983646	95.401	98	848	865	848	0.0	1697	N/A
WP_028013404	93.410	100	865	865	865	0.0	1696	type I DNA topoisomerase [Enterobacter bugandensis]
WP_420172354	93.642	100	865	865	864	0.0	1696	type I DNA topoisomerase [Leclercia adecarboxylata]
WP_250376273	92.832	100	865	865	865	0.0	1696	type I DNA topoisomerase [Klebsiella variicola]
WP_271074664	93.064	100	865	865	865	0.0	1696	MULTISPECIES: type I DNA topoisomerase [Enterobacter cloacae complex]
WP_039263555	93.295	100	865	865	865	0.0	1696	MULTISPECIES: type I DNA topoisomerase [Enterobacter]
WP_159339437	93.642	100	865	865	864	0.0	1696	MULTISPECIES: type I DNA topoisomerase [Leclercia]
WP_264971788	92.717	100	865	865	865	0.0	1696	type I DNA topoisomerase [Klebsiella variicola]
WP_485453666	92.948	100	865	865	865	0.0	1696	N/A
WP_265002567	92.832	100	865	865	865	0.0	1696	MULTISPECIES: type I DNA topoisomerase [Klebsiella]
WP_265908075	92.832	100	865	865	865	0.0	1696	type I DNA topoisomerase [Klebsiella variicola]
WP_175272997	92.832	100	865	865	865	0.0	1696	type I DNA topoisomerase [Kosakonia sacchari]
WP_236330059	92.948	100	865	865	865	0.0	1696	type I DNA topoisomerase [Enterobacter quasihormaechei]
WP_369396685	93.179	100	865	865	865	0.0	1696	type I DNA topoisomerase [Enterobacter hormaechei]
WP_119937723	93.295	100	865	865	865	0.0	1696	type I DNA topoisomerase [Enterobacter huaxiensis]
WP_368287293	93.410	100	865	865	865	0.0	1696	type I DNA topoisomerase [Kluyvera intermedia]
WP_010431771	93.295	100	865	865	865	0.0	1696	type I DNA topoisomerase [Enterobacter mori]
WP_276169787	93.064	100	865	865	865	0.0	1696	MULTISPECIES: type I DNA topoisomerase [Enterobacter cloacae complex]
WP_108367636	93.064	100	865	865	865	0.0	1696	type I DNA topoisomerase [Enterobacter hormaechei]
WP_316468095	93.179	100	865	865	865	0.0	1696	MULTISPECIES: type I DNA topoisomerase [Enterobacter]
WP_271086507	92.948	100	865	865	865	0.0	1696	type I DNA topoisomerase [Enterobacter hormaechei]
WP_166514056	93.295	100	865	865	865	0.0	1696	MULTISPECIES: type I DNA topoisomerase [unclassified Kluyvera]
WP_473478621	93.642	100	865	865	864	0.0	1696	N/A
WP_316083775	93.064	100	865	865	865	0.0	1696	MULTISPECIES: type I DNA topoisomerase [Enterobacter]
WP_275153127	93.064	100	865	865	865	0.0	1696	type I DNA topoisomerase [Enterobacter hormaechei]
WP_132510763	92.717	100	865	865	865	0.0	1696	type I DNA topoisomerase [Raoultella ornithinolytica]
WP_337281955	93.064	100	865	865	865	0.0	1696	type I DNA topoisomerase [Enterobacter hormaechei]
WP_180250506	93.064	100	865	865	865	0.0	1696	type I DNA topoisomerase [Enterobacter hormaechei]
WP_343645423	93.295	100	865	865	865	0.0	1696	type I DNA topoisomerase [Enterobacter sp.]
WP_032611192	93.642	100	865	865	864	0.0	1696	MULTISPECIES: type I DNA topoisomerase [Leclercia]
WP_281078318	92.948	100	865	865	865	0.0	1696	type I DNA topoisomerase [Klebsiella quasivariicola]
WP_210875966	93.064	100	865	865	865	0.0	1696	type I DNA topoisomerase [Enterobacter hormaechei]
WP_025714303	92.948	100	865	865	865	0.0	1696	MULTISPECIES: type I DNA topoisomerase [Klebsiella]
WP_199008638	93.064	100	865	865	865	0.0	1696	type I DNA topoisomerase [Enterobacter hormaechei]
WP_008807785	92.832	100	865	865	865	0.0	1696	MULTISPECIES: type I DNA topoisomerase [Klebsiella]
WP_196344796	93.064	100	865	865	865	0.0	1696	type I DNA topoisomerase [Enterobacter hormaechei]
WP_193037741	92.948	100	865	865	865	0.0	1696	type I DNA topoisomerase [Enterobacter cloacae complex sp. I2]
WP_420060658	92.832	100	865	865	865	0.0	1696	type I DNA topoisomerase [Klebsiella variicola]
WP_136086617	92.832	100	865	865	865	0.0	1696	type I DNA topoisomerase [Klebsiella variicola]
WP_430889945	93.179	100	865	865	865	0.0	1696	type I DNA topoisomerase [Kosakonia oryzendophytica]
WP_332102424	92.832	100	865	865	865	0.0	1696	type I DNA topoisomerase [Klebsiella variicola]
WP_040075361	93.064	100	865	865	865	0.0	1696	MULTISPECIES: type I DNA topoisomerase [Leclercia]
WP_063162978	93.064	100	865	865	865	0.0	1696	MULTISPECIES: type I DNA topoisomerase [Enterobacter cloacae complex]
WP_435077131	93.064	100	865	865	865	0.0	1696	type I DNA topoisomerase [Enterobacter hormaechei]
WP_139537982	92.832	100	865	865	865	0.0	1695	type I DNA topoisomerase [Klebsiella spallanzanii]
WP_110216527	92.832	100	865	865	865	0.0	1695	type I DNA topoisomerase [Klebsiella variicola]
WP_486335594	92.717	100	865	865	865	0.0	1695	N/A
WP_332944434	93.179	100	865	865	865	0.0	1695	type I DNA topoisomerase [Enterobacter hormaechei]
WP_181482505	92.948	100	865	865	865	0.0	1695	MULTISPECIES: type I DNA topoisomerase [Klebsiella]
WP_419387588	92.717	100	865	865	865	0.0	1695	type I DNA topoisomerase [Klebsiella variicola]
WP_263069893	93.295	100	865	865	865	0.0	1695	type I DNA topoisomerase [Enterobacter huaxiensis]
WP_433763094	93.642	100	865	865	864	0.0	1695	type I DNA topoisomerase [Leclercia adecarboxylata]
WP_265190348	93.064	100	865	865	865	0.0	1695	type I DNA topoisomerase [Enterobacter hormaechei]
WP_340224588	92.832	100	865	865	865	0.0	1695	type I DNA topoisomerase [Kosakonia sacchari]
WP_248233191	93.295	100	865	865	865	0.0	1695	type I DNA topoisomerase [Enterobacter asburiae]
WP_241174787	93.295	100	865	865	865	0.0	1695	type I DNA topoisomerase [Enterobacter asburiae]
WP_287654485	92.948	100	865	865	865	0.0	1695	type I DNA topoisomerase [Enterobacter sp.]
WP_199116200	93.179	100	865	865	865	0.0	1695	type I DNA topoisomerase [Enterobacter hormaechei]
WP_312453838	92.948	100	865	865	865	0.0	1695	type I DNA topoisomerase [Pseudescherichia sp.]
WP_220022329	92.717	100	865	865	865	0.0	1695	type I DNA topoisomerase [Klebsiella variicola]
WP_330752415	93.179	100	865	865	865	0.0	1695	type I DNA topoisomerase [Enterobacter mori]
WP_286126958	92.832	100	865	865	865	0.0	1695	type I DNA topoisomerase [Klebsiella variicola]
WP_251346838	92.832	100	865	865	865	0.0	1695	type I DNA topoisomerase [Klebsiella variicola]
WP_100781363	92.717	100	865	865	865	0.0	1695	MULTISPECIES: type I DNA topoisomerase [Klebsiella]
WP_417634432	93.064	100	865	865	865	0.0	1695	type I DNA topoisomerase [Enterobacter hormaechei]
WP_333498399	93.295	100	865	865	865	0.0	1695	MULTISPECIES: type I DNA topoisomerase [Kluyvera]
WP_350435422	93.295	100	865	865	865	0.0	1695	type I DNA topoisomerase [Pseudocitrobacter faecalis]
WP_080204709	96.539	97	838	865	838	0.0	1695	type I DNA topoisomerase, partial [Salmonella enterica]
WP_077226987	93.642	100	865	865	864	0.0	1695	type I DNA topoisomerase [Leclercia adecarboxylata]
WP_325929876	93.410	100	865	865	864	0.0	1695	type I DNA topoisomerase [Leclercia adecarboxylata]
WP_182265868	93.295	100	865	865	865	0.0	1695	type I DNA topoisomerase [Enterobacter asburiae]
WP_286809123	92.948	100	865	865	865	0.0	1695	type I DNA topoisomerase [Leclercia sp. UBA2479]
WP_012542049	92.717	100	865	865	865	0.0	1695	MULTISPECIES: type I DNA topoisomerase [Klebsiella]
WP_103179888	93.642	100	865	865	864	0.0	1695	type I DNA topoisomerase [Leclercia sp. LSNIH1]
WP_110196096	92.717	100	865	865	865	0.0	1695	type I DNA topoisomerase [Klebsiella variicola]
WP_112778289	93.295	100	865	865	865	0.0	1695	MULTISPECIES: type I DNA topoisomerase [Enterobacter cloacae complex]
WP_108475619	93.295	100	865	865	865	0.0	1695	type I DNA topoisomerase [Pseudocitrobacter sp. RIT415]
WP_317578587	92.948	100	865	865	865	0.0	1695	type I DNA topoisomerase [Enterobacter hormaechei]
WP_297120801	93.295	100	865	865	865	0.0	1695	type I DNA topoisomerase [uncultured Enterobacter sp.]
WP_117130937	92.832	100	865	865	865	0.0	1695	type I DNA topoisomerase [Klebsiella variicola]
WP_431650576	92.948	100	865	865	865	0.0	1695	type I DNA topoisomerase [Enterobacter hormaechei]
WP_417644266	93.064	100	865	865	865	0.0	1695	type I DNA topoisomerase [Enterobacter hormaechei]
WP_263100684	93.064	100	865	865	865	0.0	1695	type I DNA topoisomerase [Kosakonia sp. ML.JS2a]
WP_447337092	92.832	100	865	865	865	0.0	1695	type I DNA topoisomerase [Klebsiella variicola]
WP_064180156	92.717	100	865	865	865	0.0	1695	type I DNA topoisomerase [Klebsiella variicola]
WP_059307714	93.526	100	865	865	864	0.0	1695	MULTISPECIES: type I DNA topoisomerase [Leclercia]
WP_220676268	93.064	100	865	865	865	0.0	1695	type I DNA topoisomerase [Klebsiella pasteurii]
WP_218726581	93.064	100	865	865	865	0.0	1695	type I DNA topoisomerase [Enterobacter chuandaensis]
WP_244345677	92.832	100	865	865	865	0.0	1695	type I DNA topoisomerase [Klebsiella variicola]
WP_213923757	92.717	100	865	865	865	0.0	1695	type I DNA topoisomerase [Klebsiella variicola]
WP_182383674	93.295	100	865	865	865	0.0	1695	MULTISPECIES: type I DNA topoisomerase [Enterobacter]
WP_484134387	92.717	100	865	865	865	0.0	1695	N/A
WP_445298018	93.179	100	865	865	865	0.0	1695	type I DNA topoisomerase [Klebsiella michiganensis]
WP_289467884	93.064	100	865	865	865	0.0	1695	type I DNA topoisomerase [Enterobacter hormaechei]
WP_253178700	93.064	100	865	865	865	0.0	1694	type I DNA topoisomerase [Enterobacter mori]
WP_457896050	92.832	100	865	865	865	0.0	1694	type I DNA topoisomerase [Klebsiella quasipneumoniae]
WP_336996003	92.948	100	865	865	865	0.0	1694	type I DNA topoisomerase [Leclercia sp. UBA7405]
WP_096834448	92.717	100	865	865	865	0.0	1694	type I DNA topoisomerase [Klebsiella variicola]
WP_312410107	92.832	100	865	865	865	0.0	1694	type I DNA topoisomerase [Pseudescherichia sp.]
WP_046619715	92.948	100	865	865	865	0.0	1694	type I DNA topoisomerase [Enterobacter hormaechei]
WP_177334830	92.717	100	865	865	865	0.0	1694	type I DNA topoisomerase [Klebsiella variicola]
WP_113858675	93.295	100	865	865	865	0.0	1694	type I DNA topoisomerase [Pseudocitrobacter faecalis]
WP_096168797	93.163	100	863	865	863	0.0	1694	type I DNA topoisomerase, partial [Enterobacter hormaechei]
WP_049112416	93.064	100	865	865	865	0.0	1694	MULTISPECIES: type I DNA topoisomerase [Klebsiella]
WP_481241543	93.064	100	865	865	865	0.0	1694	N/A
WP_014229012	93.064	100	865	865	865	0.0	1694	MULTISPECIES: type I DNA topoisomerase [Klebsiella]
WP_197347170	92.948	100	865	865	865	0.0	1694	type I DNA topoisomerase [Enterobacter hormaechei]
WP_325945642	93.064	100	865	865	865	0.0	1694	type I DNA topoisomerase [Leclercia pneumoniae]
WP_407732677	93.179	100	865	865	865	0.0	1694	type I DNA topoisomerase [Pseudocitrobacter faecalis]
WP_246916665	93.179	100	865	865	865	0.0	1694	type I DNA topoisomerase [Enterobacter asburiae]
WP_473360043	93.179	100	865	865	865	0.0	1694	N/A
WP_023300259	92.948	100	865	865	865	0.0	1694	type I DNA topoisomerase [Enterobacter hormaechei]
WP_249881734	92.832	100	865	865	865	0.0	1694	type I DNA topoisomerase [Kosakonia sp. R1.Fl]
WP_148850029	93.064	100	865	865	865	0.0	1694	type I DNA topoisomerase [Klebsiella michiganensis]
WP_404652353	92.486	100	865	865	865	0.0	1694	type I DNA topoisomerase [Raoultella terrigena]
WP_331839958	92.601	100	865	865	865	0.0	1694	type I DNA topoisomerase [Raoultella terrigena]
WP_064370427	92.948	100	865	865	865	0.0	1694	type I DNA topoisomerase [Klebsiella oxytoca]
WP_126506896	92.948	100	865	865	865	0.0	1694	type I DNA topoisomerase [Enterobacter hormaechei]
WP_312226919	92.948	100	865	865	865	0.0	1694	type I DNA topoisomerase [Pseudescherichia sp.]
WP_404527989	93.642	100	865	865	864	0.0	1694	type I DNA topoisomerase [Leclercia adecarboxylata]
WP_479985734	93.064	100	865	865	865	0.0	1694	N/A
WP_165459343	92.717	100	865	865	865	0.0	1694	type I DNA topoisomerase [Klebsiella variicola]
WP_131001956	92.717	100	865	865	865	0.0	1694	type I DNA topoisomerase [Klebsiella variicola]
WP_169722237	93.064	100	865	865	865	0.0	1694	type I DNA topoisomerase [Enterobacter hormaechei]
WP_479457692	92.832	100	865	865	865	0.0	1694	N/A
WP_103820028	92.832	100	865	865	865	0.0	1694	MULTISPECIES: type I DNA topoisomerase [Enterobacteriaceae]
WP_334258673	95.047	98	848	865	848	0.0	1694	type I DNA topoisomerase, partial [Citrobacter portucalensis]
WP_014838214	92.948	100	865	865	865	0.0	1694	MULTISPECIES: type I DNA topoisomerase [Klebsiella]
WP_064165659	92.717	100	865	865	865	0.0	1694	type I DNA topoisomerase [Klebsiella variicola]
WP_117128375	92.717	100	865	865	865	0.0	1694	type I DNA topoisomerase [Klebsiella variicola]
WP_180251174	93.064	100	865	865	865	0.0	1694	type I DNA topoisomerase [Enterobacter hormaechei]
WP_368482380	92.717	100	865	865	865	0.0	1694	type I DNA topoisomerase [Klebsiella variicola]
WP_404680465	92.601	100	865	865	865	0.0	1694	type I DNA topoisomerase [Raoultella terrigena]
WP_269316611	92.717	100	865	865	865	0.0	1694	type I DNA topoisomerase [Klebsiella variicola]
WP_417649609	93.064	100	865	865	865	0.0	1694	type I DNA topoisomerase [Enterobacter hormaechei]
WP_123551331	92.486	100	865	865	865	0.0	1694	type I DNA topoisomerase [Raoultella terrigena]
WP_180254684	92.717	100	865	865	865	0.0	1694	type I DNA topoisomerase [Klebsiella variicola]
WP_042394310	92.832	100	865	865	865	0.0	1694	type I DNA topoisomerase [Pseudescherichia vulneris]
WP_097405904	92.832	100	865	865	865	0.0	1694	type I DNA topoisomerase [Kosakonia sacchari]
WP_202861951	92.832	100	865	865	865	0.0	1694	type I DNA topoisomerase [Klebsiella oxytoca]
WP_110273502	92.832	100	865	865	865	0.0	1694	type I DNA topoisomerase [Klebsiella oxytoca]
WP_257198434	92.948	100	865	865	865	0.0	1694	N/A
WP_054178485	92.948	100	865	865	865	0.0	1694	type I DNA topoisomerase [Trabulsiella odontotermitis]
WP_311103085	92.948	100	865	865	865	0.0	1694	type I DNA topoisomerase [Klebsiella pasteurii]
WP_374732407	92.717	100	865	865	865	0.0	1694	type I DNA topoisomerase [Klebsiella variicola]
WP_211775000	92.717	100	865	865	865	0.0	1694	type I DNA topoisomerase [Klebsiella quasipneumoniae]
WP_154056685	92.832	100	865	865	865	0.0	1694	type I DNA topoisomerase [Pseudescherichia vulneris]
WP_162121612	92.948	100	865	865	865	0.0	1694	type I DNA topoisomerase [Klebsiella michiganensis]
WP_064166623	92.717	100	865	865	865	0.0	1694	type I DNA topoisomerase [Klebsiella variicola]
WP_142470899	92.948	100	865	865	865	0.0	1694	type I DNA topoisomerase [Klebsiella pasteurii]
WP_185185505	92.717	100	865	865	865	0.0	1694	type I DNA topoisomerase [Klebsiella variicola]
WP_281084082	92.832	100	865	865	865	0.0	1694	type I DNA topoisomerase [Klebsiella quasivariicola]
WP_228666196	92.832	100	865	865	865	0.0	1694	type I DNA topoisomerase [Klebsiella variicola]
WP_180248332	92.717	100	865	865	865	0.0	1693	type I DNA topoisomerase [Klebsiella variicola]
WP_142480765	92.948	100	865	865	865	0.0	1693	type I DNA topoisomerase [Klebsiella pasteurii]
WP_222665721	92.717	100	865	865	865	0.0	1693	type I DNA topoisomerase [Klebsiella variicola]
WP_049153074	92.717	100	865	865	865	0.0	1693	type I DNA topoisomerase [Klebsiella variicola]
WP_348795247	93.064	100	865	865	865	0.0	1693	type I DNA topoisomerase [Klebsiella sp. JN_Kp124]
WP_159869334	92.486	100	865	865	865	0.0	1693	MULTISPECIES: type I DNA topoisomerase [Raoultella]
WP_050887669	92.717	100	865	865	865	0.0	1693	type I DNA topoisomerase [Klebsiella variicola]
WP_218408388	92.717	100	865	865	865	0.0	1693	type I DNA topoisomerase [Klebsiella variicola]
WP_421558872	93.179	100	865	865	865	0.0	1693	type I DNA topoisomerase [Pseudocitrobacter faecalis]
WP_201208392	92.948	100	865	865	865	0.0	1693	type I DNA topoisomerase [Klebsiella michiganensis]
WP_274489819	92.717	100	865	865	865	0.0	1693	type I DNA topoisomerase [Klebsiella variicola]
WP_241783135	92.486	100	865	865	865	0.0	1693	type I DNA topoisomerase [Raoultella terrigena]
WP_284123188	92.832	100	865	865	865	0.0	1693	type I DNA topoisomerase [Klebsiella sp. K4-172]
WP_101856736	92.717	100	865	865	865	0.0	1693	type I DNA topoisomerase [Klebsiella variicola]
WP_112011676	93.179	100	865	865	865	0.0	1693	type I DNA topoisomerase [Enterobacter sp. RIT418]
WP_200550844	92.717	100	865	865	865	0.0	1693	type I DNA topoisomerase [Kosakonia sp. LAM2021]
WP_189623247	93.179	100	865	865	865	0.0	1693	type I DNA topoisomerase [Pseudocitrobacter faecalis]
WP_087832807	92.832	100	865	865	865	0.0	1693	type I DNA topoisomerase [Klebsiella quasipneumoniae]
WP_262266697	92.717	100	865	865	865	0.0	1693	type I DNA topoisomerase [Klebsiella variicola]
WP_478313978	92.832	100	865	865	865	0.0	1693	N/A
WP_345756041	92.717	100	865	865	865	0.0	1693	type I DNA topoisomerase [Klebsiella variicola]
WP_061820475	96.651	97	836	865	836	0.0	1693	type I DNA topoisomerase, partial [Salmonella enterica]
WP_004101389	92.832	100	865	865	865	0.0	1693	MULTISPECIES: type I DNA topoisomerase [Klebsiella]
WP_226324028	92.717	100	865	865	865	0.0	1693	type I DNA topoisomerase [Klebsiella variicola]
WP_022065862	92.717	100	865	865	865	0.0	1693	type I DNA topoisomerase [Klebsiella variicola]
WP_024359426	92.948	100	865	865	865	0.0	1693	MULTISPECIES: type I DNA topoisomerase [Klebsiella]
WP_465284904	93.064	100	865	865	865	0.0	1693	N/A
WP_254732663	92.717	100	865	865	865	0.0	1693	MULTISPECIES: type I DNA topoisomerase [Klebsiella]
WP_125913570	93.064	100	865	865	865	0.0	1693	type I DNA topoisomerase [Enterobacter huaxiensis]
WP_076945386	92.486	100	865	865	865	0.0	1693	MULTISPECIES: type I DNA topoisomerase [Raoultella]
WP_265001843	92.717	100	865	865	865	0.0	1693	type I DNA topoisomerase [Klebsiella variicola]
WP_110185165	92.717	100	865	865	865	0.0	1693	type I DNA topoisomerase [Klebsiella variicola]
WP_232695808	92.717	100	865	865	865	0.0	1693	type I DNA topoisomerase [Klebsiella variicola]
WP_323091922	92.717	100	865	865	865	0.0	1693	type I DNA topoisomerase [Klebsiella variicola]
WP_313111549	92.832	100	865	865	865	0.0	1693	type I DNA topoisomerase [Pseudescherichia sp.]
WP_134525716	92.486	100	865	865	865	0.0	1693	type I DNA topoisomerase [Raoultella terrigena]
WP_395035078	92.948	100	865	865	865	0.0	1693	type I DNA topoisomerase [Klebsiella michiganensis]
WP_415980737	93.179	100	865	865	865	0.0	1693	type I DNA topoisomerase [Kluyvera sichuanensis]
WP_415996169	93.179	100	865	865	865	0.0	1693	type I DNA topoisomerase [Kluyvera sichuanensis]
WP_309354322	92.832	100	865	865	865	0.0	1692	type I DNA topoisomerase [Klebsiella pneumoniae]
WP_268107815	92.717	100	865	865	865	0.0	1692	type I DNA topoisomerase [Pseudescherichia vulneris]
WP_063146363	92.948	100	865	865	865	0.0	1692	type I DNA topoisomerase [Enterobacter hormaechei]
WP_277138838	92.717	100	865	865	865	0.0	1692	type I DNA topoisomerase [Klebsiella variicola]
WP_323111093	92.717	100	865	865	865	0.0	1692	type I DNA topoisomerase [Klebsiella variicola]
WP_061496199	92.832	100	865	865	865	0.0	1692	MULTISPECIES: type I DNA topoisomerase [Kosakonia]
WP_171878851	92.717	100	865	865	865	0.0	1692	type I DNA topoisomerase [Klebsiella quasipneumoniae]
WP_275256765	92.717	100	865	865	865	0.0	1692	MULTISPECIES: type I DNA topoisomerase [Klebsiella]
WP_132726450	92.948	100	865	865	865	0.0	1692	type I DNA topoisomerase [Raoultella sp. BIGb0138]
WP_200913677	92.948	100	865	865	865	0.0	1692	type I DNA topoisomerase [Klebsiella michiganensis]
WP_392527586	92.948	100	865	865	865	0.0	1692	type I DNA topoisomerase [Klebsiella sp. WSY_19]
WP_426729120	92.948	100	865	865	865	0.0	1692	type I DNA topoisomerase [Klebsiella pasteurii]
WP_109213862	92.717	100	865	865	865	0.0	1692	type I DNA topoisomerase [Klebsiella variicola]
WP_311103221	92.948	100	865	865	865	0.0	1692	type I DNA topoisomerase [Klebsiella michiganensis]
WP_426778453	92.717	100	865	865	865	0.0	1692	type I DNA topoisomerase [Klebsiella quasipneumoniae]
WP_023289334	92.717	100	865	865	865	0.0	1692	MULTISPECIES: type I DNA topoisomerase [Klebsiella]
WP_041145185	92.370	100	865	865	865	0.0	1692	type I DNA topoisomerase [Raoultella ornithinolytica]
WP_434645565	92.717	100	865	865	865	0.0	1692	type I DNA topoisomerase [Raoultella planticola]
WP_112070477	92.832	100	865	865	865	0.0	1692	type I DNA topoisomerase [Klebsiella grimontii]
WP_181334485	92.832	100	865	865	865	0.0	1692	type I DNA topoisomerase [Klebsiella grimontii]
WP_285125839	93.410	100	865	865	864	0.0	1692	type I DNA topoisomerase [Leclercia adecarboxylata]
WP_265670408	92.832	100	865	865	865	0.0	1692	type I DNA topoisomerase [Klebsiella grimontii]
WP_123707647	92.486	100	865	865	865	0.0	1692	type I DNA topoisomerase [Raoultella terrigena]
WP_419097273	92.717	100	865	865	865	0.0	1692	type I DNA topoisomerase [Trabulsiella odontotermitis]
WP_279866954	93.410	100	865	865	864	0.0	1692	type I DNA topoisomerase [Leclercia adecarboxylata]
WP_080206825	96.301	97	838	865	839	0.0	1692	type I DNA topoisomerase, partial [Salmonella enterica]
WP_447566729	99.754	94	813	865	813	0.0	1692	type I DNA topoisomerase, partial [Escherichia coli]
WP_195440158	92.832	100	865	865	865	0.0	1692	type I DNA topoisomerase [Klebsiella oxytoca]
WP_130958544	92.832	100	865	865	865	0.0	1692	type I DNA topoisomerase [Klebsiella pneumoniae]
WP_312209529	92.717	100	865	865	865	0.0	1692	type I DNA topoisomerase [Pseudescherichia sp.]
WP_004203874	92.717	100	865	865	865	0.0	1692	MULTISPECIES: type I DNA topoisomerase [Klebsiella]
WP_224256177	92.832	100	865	865	865	0.0	1692	type I DNA topoisomerase [Klebsiella grimontii]
WP_097357630	92.717	100	865	865	865	0.0	1692	type I DNA topoisomerase [Raoultella ornithinolytica]
WP_200518740	92.948	100	865	865	865	0.0	1692	type I DNA topoisomerase [Klebsiella michiganensis]
WP_154022455	92.717	100	865	865	865	0.0	1692	MULTISPECIES: type I DNA topoisomerase [Klebsiella]
WP_042944939	92.948	100	865	865	865	0.0	1692	type I DNA topoisomerase [Klebsiella michiganensis]
WP_217311703	92.717	100	865	865	865	0.0	1692	type I DNA topoisomerase [Klebsiella quasipneumoniae]
WP_186521529	92.832	100	865	865	865	0.0	1692	type I DNA topoisomerase [Klebsiella pneumoniae]
WP_130944824	92.717	100	865	865	865	0.0	1692	type I DNA topoisomerase [Klebsiella quasipneumoniae]
WP_312686716	92.717	100	865	865	865	0.0	1692	MULTISPECIES: type I DNA topoisomerase [unclassified Kosakonia]
WP_035892922	93.179	100	865	865	865	0.0	1692	type I DNA topoisomerase [Kluyvera ascorbata]
WP_038154321	92.601	100	865	865	865	0.0	1692	type I DNA topoisomerase [Trabulsiella guamensis]
WP_102084814	92.717	100	865	865	865	0.0	1692	type I DNA topoisomerase [Klebsiella pneumoniae]
WP_462610167	92.717	100	865	865	865	0.0	1692	N/A
WP_319078733	92.717	100	865	865	865	0.0	1692	type I DNA topoisomerase [Klebsiella pneumoniae]
WP_163595565	92.601	100	865	865	865	0.0	1692	type I DNA topoisomerase [Klebsiella variicola]
WP_142482439	92.832	100	865	865	865	0.0	1692	type I DNA topoisomerase [Klebsiella pneumoniae]
WP_161505641	92.832	100	865	865	865	0.0	1692	type I DNA topoisomerase [Klebsiella michiganensis]
WP_250949803	92.717	100	865	865	865	0.0	1692	type I DNA topoisomerase [Klebsiella pneumoniae]
WP_274729118	92.601	100	865	865	865	0.0	1692	type I DNA topoisomerase [Klebsiella quasipneumoniae]
WP_105890149	92.717	100	865	865	865	0.0	1692	type I DNA topoisomerase [Klebsiella oxytoca]
WP_032749439	92.948	100	865	865	865	0.0	1692	MULTISPECIES: type I DNA topoisomerase [Klebsiella]
WP_371182499	93.179	100	865	865	865	0.0	1692	type I DNA topoisomerase [Enterobacter sp. KBR-315C3_2022]
WP_369281204	92.601	100	865	865	865	0.0	1692	type I DNA topoisomerase [Klebsiella quasipneumoniae]
WP_373637796	92.717	100	865	865	865	0.0	1692	type I DNA topoisomerase [Klebsiella variicola]
WP_072122582	92.717	100	865	865	865	0.0	1692	type I DNA topoisomerase [Klebsiella variicola]
WP_163525061	92.717	100	865	865	865	0.0	1692	MULTISPECIES: type I DNA topoisomerase [Klebsiella]
WP_195606962	92.717	100	865	865	865	0.0	1692	type I DNA topoisomerase [Klebsiella oxytoca]
WP_224997432	92.601	100	865	865	865	0.0	1692	type I DNA topoisomerase [Klebsiella quasipneumoniae]
WP_109547469	92.601	100	865	865	865	0.0	1691	MULTISPECIES: type I DNA topoisomerase [Klebsiella]
WP_154956306	92.832	100	865	865	865	0.0	1691	type I DNA topoisomerase [Klebsiella grimontii]
WP_368996077	92.601	100	865	865	865	0.0	1691	type I DNA topoisomerase [Klebsiella quasipneumoniae]
WP_095097060	92.486	100	865	865	865	0.0	1691	MULTISPECIES: type I DNA topoisomerase [Raoultella]
WP_337014764	93.526	100	865	865	864	0.0	1691	type I DNA topoisomerase [Leclercia sp. AS011]
WP_336852564	92.717	100	865	865	865	0.0	1691	type I DNA topoisomerase [Pseudescherichia vulneris]
WP_241508758	92.601	100	865	865	865	0.0	1691	type I DNA topoisomerase [Klebsiella quasipneumoniae]
WP_484138792	92.948	100	865	865	865	0.0	1691	N/A
WP_302881666	92.832	100	865	865	865	0.0	1691	type I DNA topoisomerase [Klebsiella pneumoniae]
WP_270031340	92.948	100	865	865	865	0.0	1691	type I DNA topoisomerase [Klebsiella michiganensis]
WP_102006179	92.601	100	865	865	865	0.0	1691	type I DNA topoisomerase [Klebsiella quasipneumoniae]
WP_224235119	92.832	100	865	865	865	0.0	1691	type I DNA topoisomerase [Klebsiella grimontii]
WP_208310626	92.601	100	865	865	865	0.0	1691	type I DNA topoisomerase [Klebsiella quasipneumoniae]
WP_148853035	92.832	100	865	865	865	0.0	1691	type I DNA topoisomerase [Klebsiella grimontii]
WP_165813029	92.601	100	865	865	865	0.0	1691	type I DNA topoisomerase [Klebsiella variicola]
WP_152651296	92.601	100	865	865	865	0.0	1691	type I DNA topoisomerase [Klebsiella quasipneumoniae]
WP_004850155	92.832	100	865	865	865	0.0	1691	MULTISPECIES: type I DNA topoisomerase [Klebsiella]
WP_368479403	92.832	100	865	865	865	0.0	1691	type I DNA topoisomerase [Kluyvera sp. STS39-E]
WP_427065351	92.717	100	865	865	865	0.0	1691	type I DNA topoisomerase [Klebsiella pneumoniae]
WP_322358347	92.601	100	865	865	865	0.0	1691	type I DNA topoisomerase [Klebsiella quasipneumoniae]
WP_142472242	92.717	100	865	865	865	0.0	1691	type I DNA topoisomerase [Klebsiella oxytoca]
WP_348864568	92.717	100	865	865	865	0.0	1691	type I DNA topoisomerase [Klebsiella sp. GG_Kp173]
WP_395594927	93.064	100	865	865	865	0.0	1691	type I DNA topoisomerase [Kluyvera chengduensis]
WP_316937647	92.601	100	865	865	865	0.0	1691	type I DNA topoisomerase [Klebsiella quasipneumoniae]
WP_281163769	92.601	100	865	865	865	0.0	1691	type I DNA topoisomerase [Klebsiella quasipneumoniae]
WP_346804712	92.717	100	865	865	865	0.0	1691	type I DNA topoisomerase [Klebsiella pneumoniae]
WP_049093147	92.601	100	865	865	865	0.0	1691	type I DNA topoisomerase [Klebsiella quasipneumoniae]
WP_435341152	92.601	100	865	865	865	0.0	1691	type I DNA topoisomerase [Klebsiella quasipneumoniae]
WP_128878373	92.370	100	865	865	865	0.0	1691	type I DNA topoisomerase [Raoultella sp. BIGb0149]
WP_004861033	92.601	100	865	865	865	0.0	1691	MULTISPECIES: type I DNA topoisomerase [Raoultella]
WP_110243538	92.601	100	865	865	865	0.0	1691	type I DNA topoisomerase [Klebsiella quasipneumoniae]
WP_275018029	92.601	100	865	865	865	0.0	1691	type I DNA topoisomerase [Klebsiella variicola]
WP_186933602	92.601	100	865	865	865	0.0	1691	type I DNA topoisomerase [Klebsiella quasipneumoniae]
WP_060591022	92.601	100	865	865	865	0.0	1691	type I DNA topoisomerase [Klebsiella quasipneumoniae]
WP_211777196	92.601	100	865	865	865	0.0	1691	type I DNA topoisomerase [Klebsiella sp. 54]
WP_087848749	92.601	100	865	865	865	0.0	1691	MULTISPECIES: type I DNA topoisomerase [Klebsiella]
WP_325083491	92.601	100	865	865	865	0.0	1691	type I DNA topoisomerase [Klebsiella quasipneumoniae]
WP_135800377	92.717	100	865	865	865	0.0	1691	type I DNA topoisomerase [Klebsiella oxytoca]
WP_224253396	92.832	100	865	865	865	0.0	1691	type I DNA topoisomerase [Klebsiella grimontii]
WP_315406598	93.064	100	865	865	865	0.0	1691	type I DNA topoisomerase [Kluyvera ascorbata]
WP_224331340	92.832	100	865	865	865	0.0	1691	type I DNA topoisomerase [Klebsiella grimontii]
WP_219676135	92.832	100	865	865	865	0.0	1691	type I DNA topoisomerase [Klebsiella grimontii]
WP_335893048	92.601	100	865	865	865	0.0	1691	type I DNA topoisomerase [Klebsiella quasipneumoniae]
WP_410334768	92.601	100	865	865	865	0.0	1691	type I DNA topoisomerase [Klebsiella quasipneumoniae]
WP_070182682	92.717	100	865	865	865	0.0	1691	type I DNA topoisomerase [Klebsiella pneumoniae]
WP_201367770	92.832	100	865	865	865	0.0	1691	type I DNA topoisomerase [Klebsiella grimontii]
WP_154923198	92.832	100	865	865	865	0.0	1691	type I DNA topoisomerase [Klebsiella grimontii]
WP_131487304	92.601	100	865	865	865	0.0	1691	type I DNA topoisomerase [Lelliottia amnigena]
WP_411175772	92.601	100	865	865	865	0.0	1691	type I DNA topoisomerase [Klebsiella oxytoca]
WP_285280285	92.717	100	865	865	865	0.0	1691	type I DNA topoisomerase [Klebsiella pneumoniae]
WP_279934369	92.832	100	865	865	865	0.0	1691	type I DNA topoisomerase [Klebsiella grimontii]
WP_192417617	92.717	100	865	865	865	0.0	1691	type I DNA topoisomerase [Klebsiella pneumoniae]
WP_434641725	92.601	100	865	865	865	0.0	1691	type I DNA topoisomerase [Klebsiella sp. I138]
WP_043521232	92.601	100	865	865	865	0.0	1691	MULTISPECIES: type I DNA topoisomerase [Klebsiella]
WP_136070347	92.601	100	865	865	865	0.0	1691	type I DNA topoisomerase [Klebsiella quasipneumoniae]
WP_312656652	93.179	100	865	865	865	0.0	1691	type I DNA topoisomerase [Kluyvera ascorbata]
WP_224324642	92.717	100	865	865	865	0.0	1691	MULTISPECIES: type I DNA topoisomerase [Klebsiella]
WP_117046371	92.717	100	865	865	865	0.0	1691	type I DNA topoisomerase [Klebsiella pneumoniae]
WP_135719522	92.601	100	865	865	865	0.0	1691	type I DNA topoisomerase [Klebsiella quasipneumoniae]
WP_434659117	92.717	100	865	865	865	0.0	1691	type I DNA topoisomerase [Klebsiella sp. MISC125]
WP_322254049	92.601	100	865	865	865	0.0	1691	type I DNA topoisomerase [Klebsiella quasipneumoniae]
WP_283283735	92.717	100	865	865	865	0.0	1691	type I DNA topoisomerase [Trabulsiella odontotermitis]
WP_323079749	92.601	100	865	865	865	0.0	1691	type I DNA topoisomerase [Klebsiella quasipneumoniae]
WP_270036829	92.717	100	865	865	865	0.0	1691	type I DNA topoisomerase [Klebsiella quasipneumoniae]
WP_332096966	92.601	100	865	865	865	0.0	1691	type I DNA topoisomerase [Klebsiella quasipneumoniae]
WP_224263000	92.717	100	865	865	865	0.0	1691	type I DNA topoisomerase [Klebsiella oxytoca]
WP_373442807	92.832	100	865	865	865	0.0	1691	type I DNA topoisomerase [Klebsiella pneumoniae]
WP_117134206	92.601	100	865	865	865	0.0	1691	type I DNA topoisomerase [Klebsiella quasipneumoniae]
WP_012968444	92.601	100	865	865	865	0.0	1691	type I DNA topoisomerase [Klebsiella variicola]
WP_284488168	92.832	100	865	865	865	0.0	1690	type I DNA topoisomerase [Klebsiella michiganensis]
WP_174343256	92.601	100	865	865	865	0.0	1690	type I DNA topoisomerase [Lelliottia amnigena]
WP_373349166	92.717	100	865	865	865	0.0	1690	type I DNA topoisomerase [Klebsiella oxytoca]
WP_309316704	92.717	100	865	865	865	0.0	1690	type I DNA topoisomerase [Klebsiella quasipneumoniae]
WP_104895334	92.486	100	865	865	865	0.0	1690	type I DNA topoisomerase [Raoultella ornithinolytica]
WP_334079862	92.601	100	865	865	865	0.0	1690	type I DNA topoisomerase [Klebsiella quasipneumoniae]
WP_480091987	92.717	100	865	865	865	0.0	1690	N/A
WP_319794248	92.717	100	865	865	865	0.0	1690	type I DNA topoisomerase [Klebsiella oxytoca]
WP_265004065	92.601	100	865	865	865	0.0	1690	type I DNA topoisomerase [Klebsiella variicola]
WP_123650516	93.064	100	865	865	865	0.0	1690	type I DNA topoisomerase [Kluyvera ascorbata]
WP_117102185	92.832	100	865	865	865	0.0	1690	type I DNA topoisomerase [Klebsiella pneumoniae]
WP_480129600	92.717	100	865	865	865	0.0	1690	N/A
WP_407266354	92.601	100	865	865	865	0.0	1690	type I DNA topoisomerase [Klebsiella quasipneumoniae]
WP_165470248	92.717	100	865	865	865	0.0	1690	type I DNA topoisomerase [Klebsiella pneumoniae]
WP_480062255	92.717	100	865	865	865	0.0	1690	N/A
WP_474023576	92.717	100	865	865	865	0.0	1690	N/A
WP_474525252	92.717	100	865	865	865	0.0	1690	N/A
WP_333849312	93.410	100	865	865	864	0.0	1690	type I DNA topoisomerase [Leclercia sp.]
WP_023316755	92.717	100	865	865	865	0.0	1690	type I DNA topoisomerase [Klebsiella pneumoniae]
WP_447540148	92.832	100	865	865	865	0.0	1690	type I DNA topoisomerase [Klebsiella grimontii]
WP_130942250	92.601	100	865	865	865	0.0	1690	type I DNA topoisomerase [Klebsiella quasipneumoniae]
WP_108703922	92.717	100	865	865	865	0.0	1690	type I DNA topoisomerase [Klebsiella oxytoca]
WP_473760565	92.601	100	865	865	865	0.0	1690	N/A
WP_103814051	92.948	100	865	865	865	0.0	1690	type I DNA topoisomerase [Klebsiella michiganensis]
WP_310662105	92.601	100	865	865	865	0.0	1690	type I DNA topoisomerase [Klebsiella pneumoniae]
WP_125342895	92.601	100	865	865	865	0.0	1690	type I DNA topoisomerase [Klebsiella pneumoniae]
WP_152842466	92.601	100	865	865	865	0.0	1690	type I DNA topoisomerase [Klebsiella quasipneumoniae]
WP_128335574	92.601	100	865	865	865	0.0	1690	type I DNA topoisomerase [Klebsiella quasipneumoniae]
WP_002901763	92.717	100	865	865	865	0.0	1690	MULTISPECIES: type I DNA topoisomerase [Klebsiella]
WP_334076467	92.601	100	865	865	865	0.0	1690	type I DNA topoisomerase [Klebsiella quasipneumoniae]
WP_373853246	92.717	100	865	865	865	0.0	1690	type I DNA topoisomerase [Klebsiella pneumoniae]
WP_454787022	92.601	100	865	865	865	0.0	1690	type I DNA topoisomerase [Klebsiella quasipneumoniae]
WP_462830639	92.717	100	865	865	865	0.0	1690	N/A
WP_445129607	92.486	100	865	865	865	0.0	1690	type I DNA topoisomerase [Raoultella ornithinolytica]
WP_270502941	93.064	100	865	865	865	0.0	1690	type I DNA topoisomerase [Kluyvera ascorbata]
WP_431001669	92.717	100	865	865	865	0.0	1690	type I DNA topoisomerase [Klebsiella pneumoniae]
WP_420272373	92.832	100	865	865	865	0.0	1690	type I DNA topoisomerase [Klebsiella michiganensis]
WP_163615968	92.717	100	865	865	865	0.0	1690	type I DNA topoisomerase [Klebsiella pneumoniae]
WP_349600326	93.064	100	865	865	865	0.0	1690	MULTISPECIES: type I DNA topoisomerase [Kluyvera]
WP_178944412	92.601	100	865	865	865	0.0	1690	type I DNA topoisomerase [Klebsiella quasipneumoniae]
WP_423130814	92.601	100	865	865	865	0.0	1690	type I DNA topoisomerase [Klebsiella quasipneumoniae]
WP_064278866	92.717	100	865	865	865	0.0	1690	type I DNA topoisomerase [Klebsiella pneumoniae]
WP_337241455	92.717	100	865	865	865	0.0	1690	type I DNA topoisomerase [Klebsiella sp. CLS1-2]
WP_340530578	92.601	100	865	865	865	0.0	1690	type I DNA topoisomerase [Pseudescherichia vulneris]
WP_483561815	92.486	100	865	865	865	0.0	1690	N/A
WP_395164629	92.601	100	865	865	865	0.0	1690	type I DNA topoisomerase [Klebsiella pneumoniae]
WP_117135155	92.486	100	865	865	865	0.0	1690	type I DNA topoisomerase [Klebsiella quasipneumoniae]
WP_117044812	92.601	100	865	865	865	0.0	1690	type I DNA topoisomerase [Klebsiella pneumoniae]
WP_147733776	92.601	100	865	865	865	0.0	1690	type I DNA topoisomerase [Klebsiella quasipneumoniae]
WP_239725469	92.601	100	865	865	865	0.0	1690	type I DNA topoisomerase [Klebsiella pneumoniae]
WP_237373234	92.254	100	865	865	865	0.0	1690	type I DNA topoisomerase [Raoultella terrigena]
WP_064156868	92.717	100	865	865	865	0.0	1690	type I DNA topoisomerase [Klebsiella pneumoniae]
WP_434137888	92.486	100	865	865	865	0.0	1690	type I DNA topoisomerase [Klebsiella quasipneumoniae]
WP_431540559	92.601	100	865	865	865	0.0	1690	type I DNA topoisomerase [Klebsiella quasipneumoniae]
WP_086618141	92.601	100	865	865	865	0.0	1690	type I DNA topoisomerase [Klebsiella pneumoniae]
WP_312995842	93.295	100	865	865	864	0.0	1690	type I DNA topoisomerase [Leclercia sp.]
WP_431645052	92.832	100	865	865	865	0.0	1690	type I DNA topoisomerase [Enterobacter hormaechei]
WP_486514583	92.601	100	865	865	865	0.0	1690	N/A
WP_208527116	92.486	100	865	865	865	0.0	1690	type I DNA topoisomerase [Klebsiella quasipneumoniae]
WP_117263829	92.601	100	865	865	865	0.0	1690	type I DNA topoisomerase [Klebsiella pneumoniae]
WP_243810975	92.601	100	865	865	865	0.0	1690	type I DNA topoisomerase [Klebsiella quasipneumoniae]
WP_374026572	92.601	100	865	865	865	0.0	1690	type I DNA topoisomerase [Klebsiella quasipneumoniae]
WP_144814877	92.601	100	865	865	865	0.0	1690	MULTISPECIES: type I DNA topoisomerase [Enterobacteriaceae]
WP_065805816	92.601	100	865	865	865	0.0	1690	type I DNA topoisomerase [Klebsiella quasipneumoniae]
WP_447954451	92.832	100	865	865	865	0.0	1690	type I DNA topoisomerase [Klebsiella grimontii]
WP_136084525	92.486	100	865	865	865	0.0	1690	MULTISPECIES: type I DNA topoisomerase [Klebsiella]
WP_436914331	92.717	100	865	865	865	0.0	1690	type I DNA topoisomerase [Klebsiella pneumoniae]
WP_276097393	92.601	100	865	865	865	0.0	1690	type I DNA topoisomerase [Klebsiella quasipneumoniae]
WP_285811254	92.717	100	865	865	865	0.0	1690	type I DNA topoisomerase [Klebsiella pneumoniae]
WP_117259954	92.717	100	865	865	865	0.0	1689	type I DNA topoisomerase [Klebsiella pneumoniae]
WP_447541393	92.601	100	865	865	865	0.0	1689	type I DNA topoisomerase [Klebsiella pneumoniae]
WP_331389969	92.486	100	865	865	865	0.0	1689	type I DNA topoisomerase [Lelliottia amnigena]
WP_251848894	92.742	100	868	865	868	0.0	1689	MULTISPECIES: type I DNA topoisomerase [Atlantibacter]
WP_239613454	92.486	100	865	865	865	0.0	1689	type I DNA topoisomerase [Raoultella ornithinolytica]
WP_264923534	92.486	100	865	865	865	0.0	1689	type I DNA topoisomerase [Klebsiella quasipneumoniae]
WP_200303093	92.601	100	865	865	865	0.0	1689	type I DNA topoisomerase [Klebsiella pneumoniae]
WP_117078993	92.717	100	865	865	865	0.0	1689	type I DNA topoisomerase [Klebsiella pneumoniae]
WP_221347328	92.486	100	865	865	865	0.0	1689	type I DNA topoisomerase [Klebsiella quasipneumoniae]
WP_191678197	92.601	100	865	865	865	0.0	1689	type I DNA topoisomerase [Klebsiella pneumoniae]
WP_429914503	92.601	100	865	865	865	0.0	1689	type I DNA topoisomerase [Klebsiella pneumoniae]
WP_064151908	92.601	100	865	865	865	0.0	1689	MULTISPECIES: type I DNA topoisomerase [Klebsiella]
WP_149464605	93.064	100	865	865	865	0.0	1689	MULTISPECIES: type I DNA topoisomerase [Pseudocitrobacter]
WP_373447926	92.601	100	865	865	865	0.0	1689	type I DNA topoisomerase [Klebsiella pneumoniae]
WP_463732625	92.486	100	865	865	865	0.0	1689	N/A
WP_130973450	92.717	100	865	865	865	0.0	1689	type I DNA topoisomerase [Klebsiella pneumoniae]
WP_072420358	92.486	100	865	865	865	0.0	1689	type I DNA topoisomerase [Klebsiella quasipneumoniae]
WP_480079309	92.717	100	865	865	865	0.0	1689	N/A
WP_260990179	92.486	100	865	865	865	0.0	1689	type I DNA topoisomerase [Raoultella ornithinolytica]
WP_155009479	92.486	100	865	865	865	0.0	1689	type I DNA topoisomerase [Klebsiella quasipneumoniae]
WP_323083092	92.601	100	865	865	865	0.0	1689	type I DNA topoisomerase [Klebsiella quasipneumoniae]
WP_407798687	92.486	100	865	865	865	0.0	1689	type I DNA topoisomerase [Raoultella ornithinolytica]
WP_135721045	92.601	100	865	865	865	0.0	1689	type I DNA topoisomerase [Klebsiella quasipneumoniae]
WP_255893324	92.601	100	865	865	865	0.0	1689	type I DNA topoisomerase [Klebsiella quasipneumoniae]
WP_284129455	92.601	100	865	865	865	0.0	1689	type I DNA topoisomerase [Klebsiella sp. K4-170]
WP_259602137	92.601	100	865	865	865	0.0	1689	type I DNA topoisomerase [Klebsiella quasipneumoniae]
WP_115700814	92.717	100	865	865	865	0.0	1689	MULTISPECIES: type I DNA topoisomerase [Klebsiella]
WP_371334249	92.601	100	865	865	865	0.0	1689	type I DNA topoisomerase [Klebsiella quasipneumoniae]
WP_048323904	92.601	100	865	865	865	0.0	1689	type I DNA topoisomerase [Klebsiella quasipneumoniae]
WP_087872805	92.601	100	865	865	865	0.0	1689	type I DNA topoisomerase [Klebsiella pneumoniae]
WP_104896955	92.486	100	865	865	865	0.0	1689	type I DNA topoisomerase [Raoultella ornithinolytica]
WP_104896248	92.486	100	865	865	865	0.0	1689	type I DNA topoisomerase [Raoultella ornithinolytica]
WP_475008791	92.601	100	865	865	865	0.0	1689	N/A
WP_370608394	92.717	100	865	865	865	0.0	1689	type I DNA topoisomerase [Klebsiella pneumoniae]
WP_160543623	92.601	100	865	865	865	0.0	1689	type I DNA topoisomerase [Klebsiella pneumoniae]
WP_252687742	92.601	100	865	865	865	0.0	1689	type I DNA topoisomerase [Lelliottia amnigena]
WP_200549520	92.601	100	865	865	865	0.0	1689	type I DNA topoisomerase [Klebsiella pneumoniae]
WP_117372876	92.601	100	865	865	865	0.0	1689	type I DNA topoisomerase [Klebsiella pneumoniae]
WP_305212583	92.601	100	865	865	865	0.0	1689	type I DNA topoisomerase [Klebsiella pneumoniae]
WP_114505628	92.601	100	865	865	865	0.0	1689	type I DNA topoisomerase [Klebsiella pneumoniae]
WP_137442166	92.717	100	865	865	865	0.0	1689	type I DNA topoisomerase [Klebsiella pneumoniae]
WP_420266487	92.717	100	865	865	865	0.0	1689	type I DNA topoisomerase [Klebsiella pneumoniae]
WP_115660510	92.601	100	865	865	865	0.0	1689	type I DNA topoisomerase [Klebsiella quasipneumoniae]
WP_187551200	92.601	100	865	865	865	0.0	1689	type I DNA topoisomerase [Klebsiella pneumoniae]
WP_109938594	92.486	100	865	865	865	0.0	1689	type I DNA topoisomerase [Klebsiella quasipneumoniae]
WP_073553171	92.601	100	865	865	865	0.0	1689	type I DNA topoisomerase [Klebsiella pneumoniae]
WP_186962308	92.717	100	865	865	865	0.0	1689	type I DNA topoisomerase [Klebsiella pneumoniae]
WP_481811354	92.601	100	865	865	865	0.0	1689	N/A
WP_116954423	92.601	100	865	865	865	0.0	1689	type I DNA topoisomerase [Klebsiella pneumoniae]
WP_195807554	92.601	100	865	865	865	0.0	1689	type I DNA topoisomerase [Klebsiella pneumoniae]
WP_193427610	92.717	100	865	865	865	0.0	1689	type I DNA topoisomerase [Klebsiella pneumoniae]
WP_331320352	92.717	100	865	865	865	0.0	1689	type I DNA topoisomerase [Klebsiella pneumoniae]
WP_106993153	93.295	100	865	865	864	0.0	1689	MULTISPECIES: type I DNA topoisomerase [Leclercia]
WP_101999799	92.601	100	865	865	865	0.0	1689	type I DNA topoisomerase [Klebsiella pneumoniae]
WP_159209633	92.601	100	865	865	865	0.0	1689	type I DNA topoisomerase [Klebsiella pneumoniae]
WP_040243794	92.717	100	865	865	865	0.0	1689	type I DNA topoisomerase [Klebsiella pneumoniae]
WP_154060087	92.832	100	865	865	865	0.0	1689	type I DNA topoisomerase [Klebsiella grimontii]
WP_421052187	92.486	100	865	865	865	0.0	1689	type I DNA topoisomerase [Klebsiella quasipneumoniae]
WP_210780356	92.601	100	865	865	865	0.0	1689	type I DNA topoisomerase [Klebsiella pneumoniae]
WP_411300380	92.486	100	865	865	865	0.0	1689	type I DNA topoisomerase [Klebsiella sp. 1SOBk11mer]
WP_004179471	92.601	100	865	865	865	0.0	1689	MULTISPECIES: type I DNA topoisomerase [Klebsiella]
WP_265796255	92.486	100	865	865	865	0.0	1689	type I DNA topoisomerase [Raoultella ornithinolytica]
WP_088884026	92.486	100	865	865	865	0.0	1689	type I DNA topoisomerase [Raoultella ornithinolytica]
WP_339354582	92.601	100	865	865	865	0.0	1689	type I DNA topoisomerase [Klebsiella pneumoniae]
WP_353378061	92.601	100	865	865	865	0.0	1689	type I DNA topoisomerase [Klebsiella pneumoniae]
WP_135724079	92.601	100	865	865	865	0.0	1689	type I DNA topoisomerase [Klebsiella pneumoniae]
WP_223366719	92.601	100	865	865	865	0.0	1689	type I DNA topoisomerase [Klebsiella pneumoniae]
WP_203559837	92.601	100	865	865	865	0.0	1689	type I DNA topoisomerase [Klebsiella pneumoniae]
WP_135721411	92.717	100	865	865	865	0.0	1689	type I DNA topoisomerase [Klebsiella pneumoniae]
WP_319881867	92.601	100	865	865	865	0.0	1689	type I DNA topoisomerase [Klebsiella pneumoniae]
WP_102000497	92.601	100	865	865	865	0.0	1689	type I DNA topoisomerase [Klebsiella pneumoniae]
WP_484495610	92.601	100	865	865	865	0.0	1689	N/A
WP_243237761	92.601	100	865	865	865	0.0	1689	type I DNA topoisomerase [Klebsiella pneumoniae]
WP_069196944	92.601	100	865	865	865	0.0	1689	type I DNA topoisomerase [Klebsiella pneumoniae]
WP_407346152	92.708	100	864	865	865	0.0	1689	type I DNA topoisomerase [Klebsiella pneumoniae]
WP_208692711	92.486	100	865	865	865	0.0	1689	MULTISPECIES: type I DNA topoisomerase [Klebsiella]
WP_406573333	92.601	100	865	865	865	0.0	1689	type I DNA topoisomerase [Klebsiella pneumoniae]
WP_335270329	92.717	100	865	865	865	0.0	1689	type I DNA topoisomerase [Klebsiella oxytoca]
WP_229579162	92.601	100	865	865	865	0.0	1689	type I DNA topoisomerase [Klebsiella pneumoniae]
WP_043865257	92.627	100	868	865	868	0.0	1689	type I DNA topoisomerase [Atlantibacter hermannii]
WP_141410726	92.601	100	865	865	865	0.0	1689	type I DNA topoisomerase [Klebsiella pneumoniae]
WP_116701358	92.601	100	865	865	865	0.0	1689	type I DNA topoisomerase [Klebsiella pneumoniae]
WP_117257210	92.601	100	865	865	865	0.0	1689	type I DNA topoisomerase [Klebsiella pneumoniae]
WP_064870171	92.601	100	865	865	865	0.0	1689	type I DNA topoisomerase [Klebsiella pneumoniae]
WP_064153402	92.601	100	865	865	865	0.0	1689	type I DNA topoisomerase [Klebsiella pneumoniae]
WP_141490166	92.601	100	865	865	865	0.0	1689	MULTISPECIES: type I DNA topoisomerase [Klebsiella]
WP_117240840	92.601	100	865	865	865	0.0	1689	type I DNA topoisomerase [Klebsiella pneumoniae]
WP_259615654	92.601	100	865	865	865	0.0	1689	type I DNA topoisomerase [Klebsiella pneumoniae]
WP_475001078	92.601	100	865	865	865	0.0	1689	N/A
WP_135720131	92.601	100	865	865	865	0.0	1689	type I DNA topoisomerase [Klebsiella pneumoniae]
WP_135664017	92.601	100	865	865	865	0.0	1689	type I DNA topoisomerase [Klebsiella pneumoniae]
WP_181591646	92.601	100	865	865	865	0.0	1689	type I DNA topoisomerase [Klebsiella pneumoniae]
WP_086555652	92.601	100	865	865	865	0.0	1689	type I DNA topoisomerase [Klebsiella pneumoniae]
WP_430914200	92.601	100	865	865	865	0.0	1689	type I DNA topoisomerase [Klebsiella sp. T2]
WP_255046615	92.601	100	865	865	865	0.0	1689	type I DNA topoisomerase [Klebsiella pneumoniae]
WP_086549646	92.601	100	865	865	865	0.0	1689	type I DNA topoisomerase [Klebsiella pneumoniae]
WP_110223907	92.601	100	865	865	865	0.0	1689	type I DNA topoisomerase [Klebsiella pneumoniae]
WP_437874203	92.601	100	865	865	865	0.0	1689	type I DNA topoisomerase [Klebsiella pneumoniae]
WP_448943825	92.717	100	865	865	865	0.0	1689	type I DNA topoisomerase [Klebsiella michiganensis]
WP_449545351	92.486	100	865	865	865	0.0	1689	type I DNA topoisomerase [Lelliottia amnigena]
WP_151502827	92.601	100	865	865	865	0.0	1689	MULTISPECIES: type I DNA topoisomerase [Klebsiella]
WP_218792909	92.601	100	865	865	865	0.0	1689	type I DNA topoisomerase [Klebsiella pneumoniae]
WP_480093787	92.601	100	865	865	865	0.0	1689	N/A
WP_163622101	92.601	100	865	865	865	0.0	1689	type I DNA topoisomerase [Klebsiella pneumoniae]
WP_334648524	92.601	100	865	865	865	0.0	1689	type I DNA topoisomerase [Klebsiella pneumoniae]
WP_059179121	92.601	100	865	865	865	0.0	1689	MULTISPECIES: type I DNA topoisomerase [Lelliottia]
WP_065907336	92.601	100	865	865	865	0.0	1689	type I DNA topoisomerase [Klebsiella pneumoniae]
WP_102000212	92.601	100	865	865	865	0.0	1689	type I DNA topoisomerase [Klebsiella pneumoniae]
WP_326380770	92.601	100	865	865	865	0.0	1689	type I DNA topoisomerase [Klebsiella pneumoniae]
WP_180851733	92.601	100	865	865	865	0.0	1689	type I DNA topoisomerase [Klebsiella pneumoniae]
WP_421168259	92.601	100	865	865	865	0.0	1689	type I DNA topoisomerase [Klebsiella pneumoniae]
WP_040168960	92.601	100	865	865	865	0.0	1689	type I DNA topoisomerase [Klebsiella pneumoniae]
WP_395534066	92.601	100	865	865	865	0.0	1689	type I DNA topoisomerase [Klebsiella pneumoniae]
WP_211843568	92.486	100	865	865	865	0.0	1689	type I DNA topoisomerase [Raoultella ornithinolytica]
WP_223398036	92.601	100	865	865	865	0.0	1689	type I DNA topoisomerase [Klebsiella pneumoniae]
WP_330981895	92.494	100	866	865	867	0.0	1689	MULTISPECIES: type I DNA topoisomerase [Enterobacterales]
WP_107646713	92.601	100	865	865	865	0.0	1689	type I DNA topoisomerase [Klebsiella pneumoniae]
WP_411173569	92.601	100	865	865	865	0.0	1689	type I DNA topoisomerase [Klebsiella pneumoniae]
WP_064179410	92.601	100	865	865	865	0.0	1689	MULTISPECIES: type I DNA topoisomerase [Klebsiella]
WP_196536156	92.601	100	865	865	865	0.0	1689	type I DNA topoisomerase [Klebsiella pneumoniae]
WP_263060695	92.601	100	865	865	865	0.0	1689	type I DNA topoisomerase [Klebsiella pneumoniae]
WP_103527697	92.601	100	865	865	865	0.0	1689	type I DNA topoisomerase [Klebsiella pneumoniae]
WP_202693321	92.486	100	865	865	865	0.0	1689	type I DNA topoisomerase [Lelliottia amnigena]
WP_480107182	92.601	100	865	865	865	0.0	1689	N/A
WP_326933298	92.717	100	865	865	865	0.0	1689	type I DNA topoisomerase [Klebsiella oxytoca]
WP_256816999	92.601	100	865	865	865	0.0	1689	type I DNA topoisomerase [Klebsiella pneumoniae]
WP_087704245	92.601	100	865	865	865	0.0	1689	type I DNA topoisomerase [Klebsiella pneumoniae]
WP_372703569	92.601	100	865	865	865	0.0	1689	type I DNA topoisomerase [Klebsiella pneumoniae]
WP_117065105	92.601	100	865	865	865	0.0	1689	type I DNA topoisomerase [Klebsiella pneumoniae]
WP_250177930	92.601	100	865	865	865	0.0	1689	type I DNA topoisomerase [Klebsiella pneumoniae]
WP_160552567	92.601	100	865	865	865	0.0	1689	type I DNA topoisomerase [Klebsiella pneumoniae]
WP_122051392	92.601	100	865	865	865	0.0	1689	MULTISPECIES: type I DNA topoisomerase [Klebsiella]
WP_413698194	92.486	100	865	865	865	0.0	1689	type I DNA topoisomerase [Raoultella ornithinolytica]
WP_222893791	92.601	100	865	865	865	0.0	1689	type I DNA topoisomerase [Klebsiella pneumoniae]
WP_040226445	92.601	100	865	865	865	0.0	1689	type I DNA topoisomerase [Klebsiella pneumoniae]
WP_334650817	92.601	100	865	865	865	0.0	1689	type I DNA topoisomerase [Klebsiella pneumoniae]
WP_316077590	92.486	100	865	865	865	0.0	1689	type I DNA topoisomerase [Klebsiella pneumoniae]
WP_267695295	92.601	100	865	865	865	0.0	1689	type I DNA topoisomerase [Klebsiella pneumoniae]
WP_152659825	92.601	100	865	865	865	0.0	1689	type I DNA topoisomerase [Klebsiella pneumoniae]
WP_135716682	92.601	100	865	865	865	0.0	1689	type I DNA topoisomerase [Klebsiella pneumoniae]
WP_256820027	92.601	100	865	865	865	0.0	1689	type I DNA topoisomerase [Klebsiella pneumoniae]
WP_260197931	92.601	100	865	865	865	0.0	1689	type I DNA topoisomerase [Klebsiella pneumoniae]
WP_049593225	92.717	100	865	865	865	0.0	1689	type I DNA topoisomerase [Klebsiella oxytoca]
WP_226327838	92.486	100	865	865	865	0.0	1689	type I DNA topoisomerase [Klebsiella quasipneumoniae]
WP_040176937	92.601	100	865	865	865	0.0	1689	type I DNA topoisomerase [Klebsiella pneumoniae]
WP_185775714	92.601	100	865	865	865	0.0	1689	type I DNA topoisomerase [Klebsiella pneumoniae]
WP_117140750	92.486	100	865	865	865	0.0	1689	type I DNA topoisomerase [Klebsiella quasipneumoniae]
WP_045855064	92.254	100	865	865	865	0.0	1689	type I DNA topoisomerase [Raoultella terrigena]
WP_135729451	92.601	100	865	865	865	0.0	1689	type I DNA topoisomerase [Klebsiella pneumoniae]
WP_370429837	92.601	100	865	865	865	0.0	1689	type I DNA topoisomerase [Klebsiella pneumoniae]
WP_020802463	92.601	100	865	865	865	0.0	1689	type I DNA topoisomerase [Klebsiella pneumoniae]
WP_418286333	92.601	100	865	865	865	0.0	1689	type I DNA topoisomerase [Klebsiella pneumoniae]
WP_161205809	92.601	100	865	865	865	0.0	1689	type I DNA topoisomerase [Klebsiella pneumoniae]
WP_211800658	92.717	100	865	865	865	0.0	1689	type I DNA topoisomerase [Klebsiella michiganensis]
WP_336581409	92.601	100	865	865	865	0.0	1689	type I DNA topoisomerase [Klebsiella quasipneumoniae]
WP_255923306	92.601	100	865	865	865	0.0	1689	type I DNA topoisomerase [Klebsiella pneumoniae]
WP_264252361	92.601	100	865	865	865	0.0	1689	type I DNA topoisomerase [Klebsiella pneumoniae]
WP_458293943	92.601	100	865	865	865	0.0	1689	type I DNA topoisomerase [Klebsiella pneumoniae]
WP_410042024	92.601	100	865	865	865	0.0	1689	type I DNA topoisomerase [Klebsiella pneumoniae]
WP_068815111	92.601	100	865	865	865	0.0	1689	type I DNA topoisomerase [Klebsiella pneumoniae]
WP_125275916	92.601	100	865	865	865	0.0	1689	type I DNA topoisomerase [Klebsiella pneumoniae]
WP_277457522	92.601	100	865	865	865	0.0	1689	type I DNA topoisomerase [Klebsiella pneumoniae]
WP_411797309	92.601	100	865	865	865	0.0	1688	type I DNA topoisomerase [Klebsiella pneumoniae]
WP_305199972	92.601	100	865	865	865	0.0	1688	type I DNA topoisomerase [Klebsiella pneumoniae]
WP_038257868	92.717	100	865	865	865	0.0	1688	type I DNA topoisomerase [Yokenella regensburgei]
WP_265688933	92.601	100	865	865	865	0.0	1688	type I DNA topoisomerase [Klebsiella pneumoniae]
WP_082229234	92.601	100	865	865	865	0.0	1688	type I DNA topoisomerase [Klebsiella pneumoniae]
WP_160544617	92.601	100	865	865	865	0.0	1688	type I DNA topoisomerase [Klebsiella pneumoniae]
WP_032434376	92.717	100	865	865	865	0.0	1688	MULTISPECIES: type I DNA topoisomerase [Klebsiella]
WP_243234287	92.486	100	865	865	865	0.0	1688	type I DNA topoisomerase [Klebsiella pneumoniae]
WP_130979966	92.601	100	865	865	865	0.0	1688	type I DNA topoisomerase [Klebsiella pneumoniae]
WP_136666037	92.486	100	865	865	865	0.0	1688	type I DNA topoisomerase [Klebsiella pneumoniae]
WP_449273176	92.601	100	865	865	865	0.0	1688	type I DNA topoisomerase [Klebsiella pneumoniae]
WP_040151502	92.601	100	865	865	865	0.0	1688	type I DNA topoisomerase [Klebsiella pneumoniae]
WP_234631485	92.486	100	865	865	865	0.0	1688	type I DNA topoisomerase [Klebsiella pneumoniae]
WP_289455742	92.601	100	865	865	865	0.0	1688	type I DNA topoisomerase [Klebsiella pneumoniae]
WP_087703999	92.601	100	865	865	865	0.0	1688	type I DNA topoisomerase [Klebsiella pneumoniae]
WP_004210738	92.601	100	865	865	865	0.0	1688	MULTISPECIES: type I DNA topoisomerase [Klebsiella]
WP_065805057	92.601	100	865	865	865	0.0	1688	type I DNA topoisomerase [Klebsiella pneumoniae]
WP_264975187	92.486	100	865	865	865	0.0	1688	type I DNA topoisomerase [Klebsiella quasipneumoniae]
WP_109234062	92.601	100	865	865	865	0.0	1688	type I DNA topoisomerase [Klebsiella pneumoniae]
WP_160555596	92.601	100	865	865	865	0.0	1688	type I DNA topoisomerase [Klebsiella pneumoniae]
WP_306504688	92.601	100	865	865	865	0.0	1688	type I DNA topoisomerase [Klebsiella pneumoniae]
WP_115217107	92.601	100	865	865	865	0.0	1688	type I DNA topoisomerase [Klebsiella pneumoniae]
WP_465055990	92.601	100	865	865	865	0.0	1688	N/A
WP_032435399	92.601	100	865	865	865	0.0	1688	MULTISPECIES: type I DNA topoisomerase [Klebsiella]
WP_343721403	92.370	100	865	865	865	0.0	1688	MULTISPECIES: type I DNA topoisomerase [Klebsiella]
WP_234263774	92.601	100	865	865	865	0.0	1688	type I DNA topoisomerase [Klebsiella pneumoniae]
WP_117097286	92.601	100	865	865	865	0.0	1688	type I DNA topoisomerase [Klebsiella pneumoniae]
WP_213220152	92.601	100	865	865	865	0.0	1688	type I DNA topoisomerase [Klebsiella pneumoniae]
WP_371192030	92.601	100	865	865	865	0.0	1688	type I DNA topoisomerase [Klebsiella pneumoniae]
WP_048267103	92.601	100	865	865	865	0.0	1688	type I DNA topoisomerase [Klebsiella pneumoniae]
WP_275553016	92.601	100	865	865	865	0.0	1688	type I DNA topoisomerase [Klebsiella pneumoniae]
WP_117265831	92.601	100	865	865	865	0.0	1688	type I DNA topoisomerase [Klebsiella pneumoniae]
WP_261648175	92.486	100	865	865	865	0.0	1688	type I DNA topoisomerase [Klebsiella pneumoniae]
WP_135707868	92.601	100	865	865	865	0.0	1688	type I DNA topoisomerase [Klebsiella pneumoniae]
WP_438915350	92.601	100	865	865	865	0.0	1688	type I DNA topoisomerase [Klebsiella pneumoniae]
WP_430913544	92.601	100	865	865	865	0.0	1688	type I DNA topoisomerase [Klebsiella sp. K128]
WP_310673393	92.486	100	865	865	865	0.0	1688	type I DNA topoisomerase [Klebsiella pneumoniae]
WP_270832760	92.486	100	865	865	865	0.0	1688	type I DNA topoisomerase [Klebsiella pneumoniae]
WP_347793415	92.948	100	865	865	865	0.0	1688	type I DNA topoisomerase [Pseudocitrobacter cyperus]
WP_284972733	92.627	100	868	865	868	0.0	1688	type I DNA topoisomerase [Atlantibacter hermannii]
WP_192906086	92.601	100	865	865	865	0.0	1688	type I DNA topoisomerase [Klebsiella pneumoniae]
WP_218785454	92.601	100	865	865	865	0.0	1688	type I DNA topoisomerase [Klebsiella pneumoniae]
WP_232203240	92.601	100	865	865	865	0.0	1688	type I DNA topoisomerase [Klebsiella pneumoniae]
WP_094081368	92.601	100	865	865	865	0.0	1688	type I DNA topoisomerase [Klebsiella pneumoniae]
WP_141444984	92.601	100	865	865	865	0.0	1688	type I DNA topoisomerase [Klebsiella pneumoniae]
WP_268162950	92.601	100	865	865	865	0.0	1688	type I DNA topoisomerase [Klebsiella pneumoniae]
WP_181469616	92.601	100	865	865	865	0.0	1688	type I DNA topoisomerase [Klebsiella pneumoniae]
WP_394871727	92.601	100	865	865	865	0.0	1688	type I DNA topoisomerase [Klebsiella pneumoniae]
WP_203283643	92.601	100	865	865	865	0.0	1688	type I DNA topoisomerase [Klebsiella pneumoniae]
WP_284123375	92.486	100	865	865	865	0.0	1688	type I DNA topoisomerase [Klebsiella sp. K4-50]
WP_105329747	92.601	100	865	865	865	0.0	1688	type I DNA topoisomerase [Klebsiella pneumoniae]
WP_065518547	92.601	100	865	865	865	0.0	1688	MULTISPECIES: type I DNA topoisomerase [Klebsiella]
WP_114501796	92.486	100	865	865	865	0.0	1688	type I DNA topoisomerase [Klebsiella pneumoniae]
WP_087830411	92.601	100	865	865	865	0.0	1688	type I DNA topoisomerase [Klebsiella pneumoniae]
WP_071556720	92.601	100	865	865	865	0.0	1688	MULTISPECIES: type I DNA topoisomerase [Klebsiella]
WP_200995511	92.601	100	865	865	865	0.0	1688	type I DNA topoisomerase [Klebsiella pneumoniae]
WP_407244149	92.601	100	865	865	865	0.0	1688	type I DNA topoisomerase [Klebsiella pneumoniae]
WP_110248295	92.601	100	865	865	865	0.0	1688	type I DNA topoisomerase [Klebsiella pneumoniae]
WP_420256962	92.486	100	865	865	865	0.0	1688	type I DNA topoisomerase [Klebsiella quasipneumoniae]
WP_004112425	92.601	100	865	865	865	0.0	1688	type I DNA topoisomerase [Klebsiella oxytoca]
WP_334645403	92.601	100	865	865	865	0.0	1688	type I DNA topoisomerase [Klebsiella pneumoniae]
WP_420267646	92.717	100	865	865	865	0.0	1688	type I DNA topoisomerase [Klebsiella pneumoniae]
WP_087836526	92.601	100	865	865	865	0.0	1688	type I DNA topoisomerase [Klebsiella pneumoniae]
WP_232698908	92.486	100	865	865	865	0.0	1688	type I DNA topoisomerase [Klebsiella quasipneumoniae]
WP_148621440	92.601	100	865	865	865	0.0	1688	type I DNA topoisomerase [Klebsiella pneumoniae]
WP_406571793	92.601	100	865	865	865	0.0	1688	type I DNA topoisomerase [Klebsiella pneumoniae]
WP_343473232	92.601	100	865	865	865	0.0	1688	type I DNA topoisomerase [Klebsiella pneumoniae]
WP_480105104	92.601	100	865	865	865	0.0	1688	N/A
WP_445554564	92.601	100	865	865	865	0.0	1688	type I DNA topoisomerase [Klebsiella pneumoniae]
WP_410165861	92.601	100	865	865	865	0.0	1688	type I DNA topoisomerase [Klebsiella pneumoniae]
WP_274920795	92.601	100	865	865	865	0.0	1688	type I DNA topoisomerase [Klebsiella quasipneumoniae]
WP_310958634	92.717	100	865	865	865	0.0	1688	type I DNA topoisomerase [Klebsiella pneumoniae]
WP_447522091	92.601	100	865	865	865	0.0	1688	type I DNA topoisomerase [Klebsiella pneumoniae]
WP_325924888	92.601	100	865	865	865	0.0	1688	type I DNA topoisomerase [Klebsiella pneumoniae]
WP_141964810	92.370	100	865	865	865	0.0	1688	type I DNA topoisomerase [Klebsiella electrica]
WP_228362468	92.601	100	865	865	865	0.0	1688	type I DNA topoisomerase [Klebsiella pneumoniae]
WP_436899908	92.601	100	865	865	865	0.0	1688	type I DNA topoisomerase [Klebsiella pneumoniae]
WP_124990282	92.601	100	865	865	865	0.0	1688	type I DNA topoisomerase [Klebsiella pneumoniae]
WP_408604136	96.639	96	833	865	833	0.0	1688	type I DNA topoisomerase, partial [Salmonella enterica]
WP_478335939	92.486	100	865	865	865	0.0	1688	N/A
WP_473806535	92.486	100	865	865	865	0.0	1688	N/A
WP_186919470	92.601	100	865	865	865	0.0	1688	type I DNA topoisomerase [Klebsiella pneumoniae]
WP_107320662	92.601	100	865	865	865	0.0	1688	type I DNA topoisomerase [Klebsiella pneumoniae]
WP_313478221	92.627	100	868	865	868	0.0	1688	type I DNA topoisomerase [Atlantibacter hermannii]
WP_414477393	92.601	100	865	865	865	0.0	1688	type I DNA topoisomerase [Klebsiella pneumoniae]
WP_474533263	92.601	100	865	865	865	0.0	1688	N/A
WP_323068025	92.486	100	865	865	865	0.0	1688	type I DNA topoisomerase [Klebsiella quasipneumoniae]
WP_065889043	92.601	100	865	865	865	0.0	1688	type I DNA topoisomerase [Klebsiella pneumoniae]
WP_218390156	92.486	100	865	865	865	0.0	1688	type I DNA topoisomerase [Klebsiella pneumoniae]
WP_039076930	92.370	100	865	865	865	0.0	1688	MULTISPECIES: type I DNA topoisomerase [Enterobacteriaceae]
WP_480148069	92.486	100	865	865	865	0.0	1688	N/A
WP_241506355	92.601	100	865	865	865	0.0	1688	type I DNA topoisomerase [Klebsiella pneumoniae]
WP_480130568	92.601	100	865	865	865	0.0	1688	N/A
WP_380233301	92.601	100	865	865	865	0.0	1688	type I DNA topoisomerase [Klebsiella pneumoniae]
WP_316570600	92.601	100	865	865	865	0.0	1688	type I DNA topoisomerase [Klebsiella pneumoniae]
WP_420523580	92.601	100	865	865	865	0.0	1688	type I DNA topoisomerase [Klebsiella pneumoniae]
WP_048987759	92.601	100	865	865	865	0.0	1688	MULTISPECIES: type I DNA topoisomerase [Klebsiella]
WP_306580661	92.601	100	865	865	865	0.0	1688	type I DNA topoisomerase [Klebsiella pneumoniae]
WP_447116924	92.486	100	865	865	865	0.0	1688	type I DNA topoisomerase [Klebsiella quasipneumoniae]
WP_462497064	92.486	100	865	865	865	0.0	1688	N/A
WP_117088480	92.601	100	865	865	865	0.0	1688	type I DNA topoisomerase [Klebsiella pneumoniae]
WP_095221592	92.486	100	865	865	865	0.0	1688	type I DNA topoisomerase [Klebsiella pneumoniae]
WP_341800925	92.601	100	865	865	865	0.0	1688	type I DNA topoisomerase [Klebsiella pneumoniae]
WP_135727294	92.601	100	865	865	865	0.0	1688	type I DNA topoisomerase [Klebsiella pneumoniae]
WP_117268660	92.601	100	865	865	865	0.0	1688	type I DNA topoisomerase [Klebsiella pneumoniae]
WP_335255370	92.370	100	865	865	865	0.0	1688	type I DNA topoisomerase [Phytobacter diazotrophicus]
WP_303688129	92.601	100	865	865	865	0.0	1688	type I DNA topoisomerase [Klebsiella pneumoniae]
WP_020321645	92.601	100	865	865	865	0.0	1688	type I DNA topoisomerase [Klebsiella pneumoniae]
WP_371888397	92.601	100	865	865	865	0.0	1688	type I DNA topoisomerase [Klebsiella pneumoniae]
WP_202713211	92.486	100	865	865	865	0.0	1688	type I DNA topoisomerase [Lelliottia amnigena]
WP_369505291	92.601	100	865	865	865	0.0	1688	type I DNA topoisomerase [Klebsiella pneumoniae]
WP_462811676	92.601	100	865	865	865	0.0	1688	N/A
WP_211598463	92.601	100	865	865	865	0.0	1688	type I DNA topoisomerase [Klebsiella pneumoniae]
WP_262661416	93.295	100	865	865	864	0.0	1688	type I DNA topoisomerase [Leclercia tamurae]
WP_087867954	92.601	100	865	865	865	0.0	1688	type I DNA topoisomerase [Klebsiella pneumoniae]
WP_242184447	92.601	100	865	865	865	0.0	1688	type I DNA topoisomerase [Klebsiella pneumoniae]
WP_101985150	92.601	100	865	865	865	0.0	1688	type I DNA topoisomerase [Klebsiella pneumoniae]
WP_432490688	92.601	100	865	865	865	0.0	1688	type I DNA topoisomerase [Klebsiella pneumoniae]
WP_268000618	92.486	100	865	865	865	0.0	1687	type I DNA topoisomerase [Klebsiella pneumoniae]
WP_205439838	92.486	100	865	865	865	0.0	1687	type I DNA topoisomerase [Klebsiella quasipneumoniae]
WP_313714796	92.512	100	868	865	868	0.0	1687	type I DNA topoisomerase [Atlantibacter hermannii]
WP_407260991	92.601	100	865	865	865	0.0	1687	type I DNA topoisomerase [Klebsiella pneumoniae]
WP_204779811	92.601	100	865	865	865	0.0	1687	type I DNA topoisomerase [Klebsiella pneumoniae]
WP_110225254	92.601	100	865	865	865	0.0	1687	type I DNA topoisomerase [Klebsiella pneumoniae]
WP_407437151	92.486	100	865	865	865	0.0	1687	type I DNA topoisomerase [Lelliottia sp.]
WP_181590170	92.601	100	865	865	865	0.0	1687	type I DNA topoisomerase [Klebsiella pneumoniae]
WP_274786645	92.486	100	865	865	865	0.0	1687	type I DNA topoisomerase [Klebsiella quasipneumoniae]
WP_458721814	92.486	100	865	865	865	0.0	1687	type I DNA topoisomerase [Klebsiella pneumoniae]
WP_160545351	92.601	100	865	865	865	0.0	1687	type I DNA topoisomerase [Klebsiella pneumoniae]
WP_309470346	95.374	97	843	865	843	0.0	1687	type I DNA topoisomerase, partial [Citrobacter sp.]
WP_267694899	92.486	100	865	865	865	0.0	1687	type I DNA topoisomerase [Klebsiella pneumoniae]
WP_446499345	92.486	100	865	865	865	0.0	1687	type I DNA topoisomerase [Klebsiella pneumoniae]
WP_312167422	92.512	100	868	865	868	0.0	1687	type I DNA topoisomerase [Atlantibacter hermannii]
WP_283825587	92.254	100	865	865	865	0.0	1687	type I DNA topoisomerase [Raoultella sp. Ech2A]
WP_125488812	92.601	100	865	865	865	0.0	1687	type I DNA topoisomerase [Klebsiella pneumoniae]
WP_218811671	92.486	100	865	865	865	0.0	1687	type I DNA topoisomerase [Klebsiella quasipneumoniae]
WP_406822448	92.486	100	865	865	865	0.0	1687	type I DNA topoisomerase [Raoultella ornithinolytica]
WP_109231346	92.601	100	865	865	865	0.0	1687	type I DNA topoisomerase [Klebsiella pneumoniae]
WP_285210197	92.601	100	865	865	865	0.0	1687	type I DNA topoisomerase [Klebsiella pneumoniae]
WP_462619395	92.601	100	865	865	865	0.0	1687	N/A
WP_407245968	92.601	100	865	865	865	0.0	1687	type I DNA topoisomerase [Klebsiella pneumoniae]
WP_002437344	92.512	100	868	865	868	0.0	1687	type I DNA topoisomerase [Atlantibacter hermannii]
WP_271147273	92.601	100	865	865	865	0.0	1687	type I DNA topoisomerase [Klebsiella pneumoniae]
WP_317978304	92.601	100	865	865	865	0.0	1687	type I DNA topoisomerase [Klebsiella pneumoniae]
WP_111211630	92.601	100	865	865	865	0.0	1687	type I DNA topoisomerase [Klebsiella pneumoniae]
WP_410291759	92.601	100	865	865	865	0.0	1687	type I DNA topoisomerase [Klebsiella oxytoca]
WP_447342481	92.486	100	865	865	865	0.0	1687	type I DNA topoisomerase [Klebsiella pneumoniae]
WP_335256926	92.370	100	865	865	865	0.0	1687	type I DNA topoisomerase [Phytobacter diazotrophicus]
WP_086556241	92.601	100	865	865	865	0.0	1687	type I DNA topoisomerase [Klebsiella pneumoniae]
WP_201519253	92.601	100	865	865	865	0.0	1687	type I DNA topoisomerase [Klebsiella pneumoniae]
WP_296432513	92.254	100	865	865	865	0.0	1687	MULTISPECIES: type I DNA topoisomerase [unclassified Phytobacter]
WP_032688111	92.486	100	865	865	865	0.0	1687	MULTISPECIES: type I DNA topoisomerase [Raoultella]
WP_371901411	92.601	100	865	865	865	0.0	1687	type I DNA topoisomerase [Klebsiella pneumoniae]
WP_411547825	92.601	100	865	865	865	0.0	1687	type I DNA topoisomerase [Klebsiella pneumoniae]
WP_447340610	92.601	100	865	865	865	0.0	1687	type I DNA topoisomerase [Klebsiella pneumoniae]
WP_227112575	92.601	100	865	865	865	0.0	1687	type I DNA topoisomerase [Klebsiella pneumoniae]
WP_220398020	92.627	100	868	865	868	0.0	1687	type I DNA topoisomerase [Atlantibacter hermannii]
WP_080787205	92.486	100	865	865	865	0.0	1687	type I DNA topoisomerase [Klebsiella pneumoniae]
WP_159198760	92.486	100	865	865	865	0.0	1687	type I DNA topoisomerase [Klebsiella pneumoniae]
WP_286103469	92.601	100	865	865	865	0.0	1687	type I DNA topoisomerase [Klebsiella pneumoniae]
WP_447541150	92.601	100	865	865	865	0.0	1687	type I DNA topoisomerase [Klebsiella pneumoniae]
WP_064182657	92.486	100	865	865	865	0.0	1687	type I DNA topoisomerase [Klebsiella pneumoniae]
WP_171482818	92.601	100	865	865	865	0.0	1687	type I DNA topoisomerase [Klebsiella pneumoniae]
WP_117101477	92.601	100	865	865	865	0.0	1687	type I DNA topoisomerase [Klebsiella pneumoniae]
WP_142474303	92.601	100	865	865	865	0.0	1687	type I DNA topoisomerase [Klebsiella pneumoniae]
WP_019705470	92.486	100	865	865	865	0.0	1687	type I DNA topoisomerase [Klebsiella pneumoniae]
WP_449547006	92.486	100	865	865	865	0.0	1687	type I DNA topoisomerase [Lelliottia amnigena]
WP_090084575	92.370	100	865	865	865	0.0	1687	type I DNA topoisomerase [Phytobacter palmae]
WP_186931997	92.601	100	865	865	865	0.0	1687	type I DNA topoisomerase [Klebsiella pneumoniae]
WP_446698268	92.512	100	868	865	869	0.0	1687	type I DNA topoisomerase, partial [Atlantibacter hermannii]
WP_117264315	92.601	100	865	865	865	0.0	1687	type I DNA topoisomerase [Klebsiella pneumoniae]
WP_339353709	92.601	100	865	865	865	0.0	1687	type I DNA topoisomerase [Klebsiella pneumoniae]
WP_283001468	92.486	100	865	865	865	0.0	1687	type I DNA topoisomerase [Klebsiella pneumoniae]
WP_420529289	92.601	100	865	865	865	0.0	1687	type I DNA topoisomerase [Klebsiella pneumoniae]
WP_231312180	93.179	100	865	865	864	0.0	1687	MULTISPECIES: type I DNA topoisomerase [Leclercia]
WP_211596642	92.601	100	865	865	865	0.0	1687	type I DNA topoisomerase [Klebsiella pneumoniae]
WP_142502063	92.717	100	865	865	865	0.0	1687	type I DNA topoisomerase [Klebsiella sp. 2680]
WP_454787502	92.601	100	865	865	865	0.0	1687	type I DNA topoisomerase [Klebsiella pneumoniae]
WP_064153530	92.486	100	865	865	865	0.0	1687	MULTISPECIES: type I DNA topoisomerase [Klebsiella]
WP_104513716	92.601	100	865	865	865	0.0	1687	type I DNA topoisomerase [Klebsiella pneumoniae]
WP_094334481	92.370	100	865	865	865	0.0	1687	type I DNA topoisomerase [Klebsiella quasipneumoniae]
WP_313072108	92.512	100	868	865	868	0.0	1687	type I DNA topoisomerase [Atlantibacter hermannii]
WP_410164706	92.486	100	865	865	865	0.0	1687	type I DNA topoisomerase [Klebsiella pneumoniae]
WP_423274527	92.601	100	865	865	865	0.0	1687	type I DNA topoisomerase [Klebsiella pneumoniae complex sp. WS2436]
WP_255158714	92.601	100	865	865	865	0.0	1687	type I DNA topoisomerase [Klebsiella pneumoniae]
WP_151584969	93.503	100	862	865	866	0.0	1687	type I DNA topoisomerase [Leclercia adecarboxylata]
WP_313069356	92.627	100	868	865	868	0.0	1687	type I DNA topoisomerase [Atlantibacter hermannii]
WP_048291530	92.601	100	865	865	865	0.0	1687	type I DNA topoisomerase [Klebsiella pneumoniae]
WP_226340443	92.601	100	865	865	865	0.0	1687	type I DNA topoisomerase [Klebsiella pneumoniae]
WP_160211706	92.486	100	865	865	865	0.0	1687	type I DNA topoisomerase [Klebsiella quasipneumoniae]
WP_458039417	92.486	100	865	865	865	0.0	1687	type I DNA topoisomerase [Klebsiella pneumoniae]
WP_423131408	92.486	100	865	865	865	0.0	1687	type I DNA topoisomerase [Klebsiella quasipneumoniae]
WP_240730422	92.486	100	865	865	865	0.0	1687	type I DNA topoisomerase [Klebsiella pneumoniae]
WP_410112566	92.601	100	865	865	865	0.0	1687	type I DNA topoisomerase [Klebsiella pneumoniae]
WP_163922397	92.370	100	865	865	865	0.0	1687	MULTISPECIES: type I DNA topoisomerase [Raoultella]
WP_125326822	92.601	100	865	865	865	0.0	1687	type I DNA topoisomerase [Klebsiella pneumoniae]
WP_374894773	92.486	100	865	865	865	0.0	1687	type I DNA topoisomerase [Klebsiella pneumoniae]
WP_404659646	92.494	100	866	865	867	0.0	1687	type I DNA topoisomerase [Scandinavium sp. NPDC088450]
WP_411306351	92.601	100	865	865	865	0.0	1687	type I DNA topoisomerase [Klebsiella pneumoniae]
WP_235133379	92.370	100	865	865	865	0.0	1687	type I DNA topoisomerase [Lelliottia amnigena]
WP_117038863	92.601	100	865	865	865	0.0	1687	type I DNA topoisomerase [Klebsiella pneumoniae]
WP_094313631	92.601	100	865	865	865	0.0	1687	type I DNA topoisomerase [Klebsiella pneumoniae]
WP_370925392	92.601	100	865	865	865	0.0	1687	type I DNA topoisomerase [Klebsiella pneumoniae]
WP_182971283	92.486	100	865	865	865	0.0	1687	type I DNA topoisomerase [Klebsiella quasipneumoniae]
WP_222699356	92.486	100	865	865	865	0.0	1687	type I DNA topoisomerase [Klebsiella quasipneumoniae]
WP_194433267	92.601	100	865	865	865	0.0	1687	type I DNA topoisomerase [Klebsiella pneumoniae]
WP_373947530	92.486	100	865	865	865	0.0	1687	type I DNA topoisomerase [Klebsiella pneumoniae]
WP_274892070	92.601	100	865	865	865	0.0	1687	type I DNA topoisomerase [Klebsiella pneumoniae]
WP_120816395	92.601	100	865	865	865	0.0	1687	type I DNA topoisomerase [Yokenella regensburgei]
WP_283008488	92.486	100	865	865	865	0.0	1687	type I DNA topoisomerase [Klebsiella pneumoniae]
WP_229581618	92.601	100	865	865	865	0.0	1687	type I DNA topoisomerase [Klebsiella pneumoniae]
WP_180863785	92.601	100	865	865	865	0.0	1687	type I DNA topoisomerase [Klebsiella pneumoniae]
WP_373630148	92.486	100	865	865	865	0.0	1687	type I DNA topoisomerase [Klebsiella pneumoniae]
WP_012017586	92.370	100	865	865	865	0.0	1687	type I DNA topoisomerase [Enterobacter sp. 638]
WP_312284358	92.601	100	865	865	865	0.0	1687	type I DNA topoisomerase [Yokenella regensburgei]
WP_318042373	92.601	100	865	865	865	0.0	1687	type I DNA topoisomerase [Klebsiella pneumoniae]
WP_440081239	92.486	100	865	865	865	0.0	1687	type I DNA topoisomerase [Klebsiella pneumoniae]
WP_096608895	92.601	100	865	865	865	0.0	1687	type I DNA topoisomerase [Klebsiella pneumoniae]
WP_064172388	92.601	100	865	865	865	0.0	1687	type I DNA topoisomerase [Klebsiella pneumoniae]
WP_234506040	92.948	100	865	865	865	0.0	1687	type I DNA topoisomerase [Kluyvera intermedia]
WP_221012827	92.486	100	865	865	865	0.0	1687	type I DNA topoisomerase [Klebsiella pneumoniae]
WP_461236079	92.486	100	865	865	865	0.0	1687	N/A
WP_480121855	92.601	100	865	865	865	0.0	1687	N/A
WP_447391915	92.601	100	865	865	865	0.0	1687	type I DNA topoisomerase [Klebsiella pneumoniae]
WP_447341494	92.601	100	865	865	865	0.0	1687	type I DNA topoisomerase [Klebsiella pneumoniae]
WP_305231587	92.486	100	865	865	865	0.0	1687	type I DNA topoisomerase [Klebsiella pneumoniae]
WP_462184253	92.486	100	865	865	865	0.0	1687	N/A
WP_400184203	92.601	100	865	865	865	0.0	1687	type I DNA topoisomerase [Klebsiella pneumoniae]
WP_192955482	92.601	100	865	865	865	0.0	1687	type I DNA topoisomerase [Klebsiella pneumoniae]
WP_138362670	92.717	100	865	865	865	0.0	1687	type I DNA topoisomerase [Klebsiella indica]
WP_149127979	92.486	100	865	865	865	0.0	1687	type I DNA topoisomerase [Klebsiella pneumoniae]
WP_420522899	92.601	100	865	865	865	0.0	1687	type I DNA topoisomerase [Klebsiella pneumoniae]
WP_153944198	92.601	100	865	865	865	0.0	1686	type I DNA topoisomerase [Klebsiella pneumoniae]
WP_312925057	92.396	100	868	865	868	0.0	1686	type I DNA topoisomerase [Atlantibacter hermannii]
WP_117029727	92.601	100	865	865	865	0.0	1686	type I DNA topoisomerase [Klebsiella pneumoniae]
WP_369308187	92.486	100	865	865	865	0.0	1686	type I DNA topoisomerase [Klebsiella pneumoniae]
WP_458266467	92.601	100	865	865	865	0.0	1686	type I DNA topoisomerase [Klebsiella pneumoniae]
WP_479455981	92.486	100	865	865	865	0.0	1686	N/A
WP_087483090	92.486	100	865	865	865	0.0	1686	type I DNA topoisomerase [Klebsiella pneumoniae]
WP_391487256	93.179	100	865	865	864	0.0	1686	type I DNA topoisomerase [Leclercia tamurae]
WP_414599960	92.601	100	865	865	865	0.0	1686	type I DNA topoisomerase [Klebsiella pneumoniae]
WP_410139585	92.486	100	865	865	865	0.0	1686	type I DNA topoisomerase [Klebsiella pneumoniae]
WP_369776202	92.601	100	865	865	865	0.0	1686	type I DNA topoisomerase [Klebsiella pneumoniae]
WP_446029823	92.486	100	865	865	865	0.0	1686	type I DNA topoisomerase [Lelliottia amnigena]
WP_117096398	92.601	100	865	865	865	0.0	1686	type I DNA topoisomerase [Klebsiella pneumoniae]
WP_290256893	92.601	100	865	865	865	0.0	1686	type I DNA topoisomerase [Klebsiella pneumoniae]
WP_473731345	92.601	100	865	865	865	0.0	1686	N/A
WP_309355740	92.601	100	865	865	865	0.0	1686	type I DNA topoisomerase [Klebsiella pneumoniae]
WP_368760590	92.799	100	861	865	861	0.0	1686	type I DNA topoisomerase [Klebsiella quasipneumoniae]
WP_313610214	92.396	100	868	865	868	0.0	1686	type I DNA topoisomerase [Atlantibacter hermannii]
WP_232552590	92.486	100	865	865	865	0.0	1686	type I DNA topoisomerase [Klebsiella pneumoniae]
WP_458914554	92.601	100	865	865	865	0.0	1686	type I DNA topoisomerase [Klebsiella pneumoniae]
WP_125285519	92.601	100	865	865	865	0.0	1686	type I DNA topoisomerase [Klebsiella pneumoniae]
WP_316938892	92.486	100	865	865	865	0.0	1686	type I DNA topoisomerase [Raoultella planticola]
WP_480120116	92.601	100	865	865	865	0.0	1686	N/A
WP_434585215	92.370	100	865	865	865	0.0	1686	type I DNA topoisomerase [Klebsiella sp. R390]
WP_047370484	92.254	100	865	865	865	0.0	1686	MULTISPECIES: type I DNA topoisomerase [Enterobacteriaceae]
WP_258334823	92.601	100	865	865	865	0.0	1686	type I DNA topoisomerase [Klebsiella pneumoniae]
WP_282813169	92.486	100	865	865	865	0.0	1686	type I DNA topoisomerase [Klebsiella pneumoniae]
WP_434668678	92.370	100	865	865	865	0.0	1686	type I DNA topoisomerase [Klebsiella sp. B345]
WP_217324971	92.370	100	865	865	865	0.0	1686	type I DNA topoisomerase [Klebsiella quasipneumoniae]
WP_416225061	92.486	100	865	865	865	0.0	1686	type I DNA topoisomerase [Klebsiella pneumoniae]
WP_165430816	92.512	100	868	865	868	0.0	1686	type I DNA topoisomerase [Atlantibacter hermannii]
WP_220265816	93.318	100	868	865	868	0.0	1686	type I DNA topoisomerase [Enterobacter sp. Colony194]
WP_159196466	92.486	100	865	865	865	0.0	1686	type I DNA topoisomerase [Klebsiella pneumoniae]
WP_117068547	92.601	100	865	865	865	0.0	1686	type I DNA topoisomerase [Klebsiella pneumoniae]
WP_480114815	92.486	100	865	865	865	0.0	1686	N/A
WP_228368418	92.601	100	865	865	865	0.0	1686	type I DNA topoisomerase [Klebsiella pneumoniae]
WP_255079442	92.370	100	865	865	865	0.0	1686	type I DNA topoisomerase [Klebsiella pneumoniae]
WP_117240561	92.370	100	865	865	865	0.0	1686	type I DNA topoisomerase [Klebsiella pneumoniae]
WP_069345382	92.486	100	865	865	865	0.0	1686	type I DNA topoisomerase [Klebsiella pneumoniae]
WP_476703131	92.486	100	865	865	865	0.0	1686	N/A
WP_115196838	92.486	100	865	865	865	0.0	1686	type I DNA topoisomerase [Klebsiella pneumoniae]
WP_289451967	92.915	100	861	865	861	0.0	1686	type I DNA topoisomerase, partial [Enterobacter hormaechei]
WP_447519871	92.486	100	865	865	865	0.0	1686	type I DNA topoisomerase [Klebsiella pneumoniae]
WP_414795685	92.601	100	865	865	865	0.0	1686	type I DNA topoisomerase [Klebsiella pneumoniae]
WP_126476744	92.486	100	865	865	865	0.0	1686	type I DNA topoisomerase [Klebsiella pneumoniae]
WP_369121986	92.477	100	864	865	865	0.0	1686	type I DNA topoisomerase [Raoultella planticola]
WP_267716499	92.486	100	865	865	865	0.0	1686	type I DNA topoisomerase [Klebsiella pneumoniae]
WP_160703664	92.254	100	865	865	865	0.0	1686	MULTISPECIES: type I DNA topoisomerase [unclassified Raoultella]
WP_318356655	92.486	100	865	865	865	0.0	1686	type I DNA topoisomerase [Enterobacter sp.]
WP_426814956	92.254	100	865	865	865	0.0	1685	type I DNA topoisomerase [Klebsiella sp. WOUb02]
WP_480057278	92.486	100	865	865	865	0.0	1685	N/A
WP_312773540	92.512	100	868	865	868	0.0	1685	type I DNA topoisomerase [Atlantibacter hermannii]
WP_160124524	92.370	100	865	865	865	0.0	1685	type I DNA topoisomerase [Klebsiella sp. Q2]
WP_232553835	92.486	100	865	865	865	0.0	1685	type I DNA topoisomerase [Klebsiella pneumoniae]
WP_135725347	92.486	100	865	865	865	0.0	1685	type I DNA topoisomerase [Klebsiella pneumoniae]
WP_427651689	92.370	100	865	865	865	0.0	1685	type I DNA topoisomerase [Raoultella planticola]
WP_161616564	92.601	100	865	865	865	0.0	1685	type I DNA topoisomerase [Yokenella regensburgei]
WP_312187701	93.179	100	865	865	864	0.0	1685	type I DNA topoisomerase [Leclercia sp.]
WP_123754039	92.370	100	865	865	865	0.0	1685	MULTISPECIES: type I DNA topoisomerase [Enterobacteriaceae]
WP_150341105	92.370	100	865	865	865	0.0	1685	type I DNA topoisomerase [Raoultella planticola]
WP_480104065	92.486	100	865	865	865	0.0	1685	N/A
WP_318392576	92.370	100	865	865	865	0.0	1685	type I DNA topoisomerase [Enterobacter sp.]
WP_090459711	92.370	100	865	865	865	0.0	1685	MULTISPECIES: type I DNA topoisomerase [unclassified Enterobacter]
WP_480128171	92.486	100	865	865	865	0.0	1685	N/A
WP_193796056	92.254	100	865	865	865	0.0	1685	type I DNA topoisomerase [Citrobacter sp. BDA59-3]
WP_167588561	92.486	100	865	865	865	0.0	1685	type I DNA topoisomerase [Klebsiella pneumoniae]
WP_103279445	92.139	100	865	865	865	0.0	1685	type I DNA topoisomerase [Phytobacter ursingii]
WP_282495321	92.486	100	865	865	865	0.0	1685	MULTISPECIES: type I DNA topoisomerase [Lelliottia]
WP_312582351	92.512	100	868	865	868	0.0	1685	type I DNA topoisomerase [Atlantibacter hermannii]
WP_313079610	92.948	100	865	865	864	0.0	1685	type I DNA topoisomerase [Atlantibacter sp.]
WP_340215617	92.486	100	865	865	865	0.0	1685	type I DNA topoisomerase [Klebsiella pneumoniae]
WP_411545731	92.486	100	865	865	865	0.0	1684	type I DNA topoisomerase [Klebsiella pneumoniae]
WP_324700799	92.486	100	865	865	865	0.0	1684	type I DNA topoisomerase [Klebsiella pneumoniae]
WP_253377298	92.717	100	865	865	865	0.0	1684	type I DNA topoisomerase [unidentified bacterial endosymbiont]
WP_285238167	92.139	100	865	865	865	0.0	1684	type I DNA topoisomerase [Klebsiella electrica]
WP_125341888	92.486	100	865	865	865	0.0	1684	type I DNA topoisomerase [Klebsiella pneumoniae]
WP_230351154	92.370	100	865	865	865	0.0	1684	type I DNA topoisomerase [Lelliottia sp. WAP21]
WP_449554516	92.370	100	865	865	865	0.0	1684	type I DNA topoisomerase [Lelliottia amnigena]
WP_313758865	92.396	100	868	865	868	0.0	1684	type I DNA topoisomerase [Atlantibacter hermannii]
WP_131050202	92.139	100	865	865	865	0.0	1684	type I DNA topoisomerase [Klebsiella electrica]
WP_318365409	92.486	100	865	865	865	0.0	1684	type I DNA topoisomerase [Enterobacter sp.]
WP_480134003	92.486	100	865	865	865	0.0	1684	N/A
WP_142489805	92.948	100	865	865	864	0.0	1684	type I DNA topoisomerase [Leclercia adecarboxylata]
WP_069346773	92.486	100	865	865	865	0.0	1684	type I DNA topoisomerase [Klebsiella pneumoniae]
WP_229221832	92.023	100	865	865	865	0.0	1684	type I DNA topoisomerase [Phytobacter ursingii]
WP_427064122	92.486	100	865	865	865	0.0	1684	type I DNA topoisomerase [Klebsiella pneumoniae]
WP_313119950	92.396	100	868	865	868	0.0	1684	type I DNA topoisomerase [Atlantibacter hermannii]
WP_368537066	93.295	100	865	865	865	0.0	1684	type I DNA topoisomerase [Enterobacter hormaechei]
WP_062741074	92.486	100	865	865	865	0.0	1684	type I DNA topoisomerase [[Enterobacter] lignolyticus]
WP_156263959	93.064	100	865	865	864	0.0	1684	type I DNA topoisomerase [Leclercia sp. 119287]
WP_438683633	92.379	100	866	865	867	0.0	1684	type I DNA topoisomerase [Scandinavium sp.]
WP_318388278	92.370	100	865	865	865	0.0	1684	type I DNA topoisomerase [Enterobacter sp.]
WP_110245831	92.486	100	865	865	865	0.0	1684	type I DNA topoisomerase [Klebsiella pneumoniae]
WP_410161815	92.370	100	865	865	865	0.0	1683	type I DNA topoisomerase [Klebsiella pneumoniae]
WP_102103867	92.486	100	865	865	865	0.0	1683	MULTISPECIES: type I DNA topoisomerase [unclassified Lelliottia]
WP_312140590	92.281	100	868	865	868	0.0	1683	type I DNA topoisomerase [Atlantibacter hermannii]
WP_183171540	92.627	100	868	865	868	0.0	1683	MULTISPECIES: type I DNA topoisomerase [Atlantibacter]
WP_312154106	92.486	100	865	865	865	0.0	1683	type I DNA topoisomerase [Lelliottia nimipressuralis]
WP_449555968	92.370	100	865	865	865	0.0	1682	type I DNA topoisomerase [Huaxiibacter chinensis]
WP_165462993	92.512	100	868	865	868	0.0	1682	type I DNA topoisomerase [Atlantibacter sp.]
WP_476627604	92.139	100	865	865	865	0.0	1682	N/A
WP_044175108	91.908	100	865	865	865	0.0	1682	type I DNA topoisomerase [Phytobacter massiliensis]
WP_156567477	91.908	100	865	865	865	0.0	1682	type I DNA topoisomerase [Phytobacter massiliensis]
WP_191974668	92.370	100	865	865	865	0.0	1682	type I DNA topoisomerase [Klebsiella pneumoniae]
WP_285146365	92.370	100	865	865	865	0.0	1682	type I DNA topoisomerase [Lelliottia wanjuensis]
WP_271284178	92.486	100	865	865	865	0.0	1682	type I DNA topoisomerase [Silvania hatchlandensis]
WP_121268148	92.139	100	865	865	865	0.0	1682	type I DNA topoisomerase [Enterobacter sp. R1(2018)]
WP_100779969	92.370	100	865	865	865	0.0	1682	MULTISPECIES: type I DNA topoisomerase [Lelliottia]
WP_194512352	92.370	100	865	865	865	0.0	1682	type I DNA topoisomerase [Lelliottia nimipressuralis]
WP_013366501	92.370	100	865	865	865	0.0	1682	type I DNA topoisomerase [[Enterobacter] lignolyticus]
WP_331851261	92.254	100	865	865	865	0.0	1682	type I DNA topoisomerase [Raoultella lignicola]
WP_107703449	92.370	100	865	865	865	0.0	1681	type I DNA topoisomerase [Lelliottia sp. WB101]
WP_318385370	92.254	100	865	865	865	0.0	1681	type I DNA topoisomerase [Enterobacter sp.]
WP_429920714	92.370	100	865	865	865	0.0	1681	type I DNA topoisomerase [Lelliottia nimipressuralis]
WP_100683927	92.023	100	865	865	865	0.0	1681	type I DNA topoisomerase [Raoultella sp. T31]
WP_442360118	92.254	100	865	865	865	0.0	1681	type I DNA topoisomerase [Huaxiibacter chinensis]
WP_409255162	92.370	100	865	865	865	0.0	1681	type I DNA topoisomerase [Lelliottia nimipressuralis]
WP_313436941	92.281	100	868	865	868	0.0	1681	type I DNA topoisomerase [Atlantibacter hermannii]
WP_312310960	92.396	100	868	865	868	0.0	1681	type I DNA topoisomerase [Atlantibacter sp.]
WP_429184011	92.370	100	865	865	865	0.0	1681	type I DNA topoisomerase [Lelliottia sp. 489]
WP_161658838	92.396	100	868	865	868	0.0	1680	type I DNA topoisomerase [Atlantibacter hermannii]
WP_449576418	92.254	100	865	865	865	0.0	1680	type I DNA topoisomerase [Lelliottia nimipressuralis]
WP_095282218	92.370	100	865	865	865	0.0	1680	type I DNA topoisomerase [Lelliottia aquatilis]
WP_449557670	92.139	100	865	865	865	0.0	1680	type I DNA topoisomerase [Huaxiibacter chinensis]
WP_313021317	92.166	100	868	865	868	0.0	1680	type I DNA topoisomerase [Atlantibacter hermannii]
WP_438676058	92.370	100	865	865	865	0.0	1680	type I DNA topoisomerase [Silvania sp.]
WP_117073801	92.370	100	865	865	862	0.0	1679	type I DNA topoisomerase [Klebsiella pneumoniae]
WP_253897103	92.486	100	865	865	865	0.0	1679	type I DNA topoisomerase [Pseudocitrobacter vendiensis]
WP_321987555	93.526	100	865	865	865	0.0	1679	type I DNA topoisomerase [Enterobacter sp. PGRG2]
WP_271267506	92.370	100	865	865	865	0.0	1679	type I DNA topoisomerase [Silvania confinis]
WP_316149574	93.015	99	859	865	859	0.0	1679	type I DNA topoisomerase [Kluyvera ascorbata]
WP_094419788	92.948	100	865	865	865	0.0	1679	MULTISPECIES: type I DNA topoisomerase [Kosakonia]
WP_187798907	92.948	100	865	865	865	0.0	1679	type I DNA topoisomerase [Kosakonia sp. SMBL-WEM22]
WP_371972533	92.254	100	865	865	865	0.0	1679	type I DNA topoisomerase [Lelliottia nimipressuralis]
WP_064326313	92.139	100	865	865	865	0.0	1679	type I DNA topoisomerase [Huaxiibacter chinensis]
WP_265716370	92.254	100	865	865	865	0.0	1679	type I DNA topoisomerase [Klebsiella pneumoniae]
WP_449568525	92.254	100	865	865	865	0.0	1679	type I DNA topoisomerase [Lelliottia nimipressuralis]
WP_103949329	92.254	100	865	865	865	0.0	1678	MULTISPECIES: type I DNA topoisomerase [Lelliottia]
WP_312737452	92.166	100	868	865	868	0.0	1678	type I DNA topoisomerase [Atlantibacter hermannii]
WP_125294365	92.281	100	868	865	868	0.0	1678	type I DNA topoisomerase [Atlantibacter subterraneus]
WP_202673667	92.370	100	865	865	865	0.0	1678	type I DNA topoisomerase [Lelliottia aquatilis]
WP_076769924	92.948	100	865	865	865	0.0	1678	type I DNA topoisomerase [Kosakonia cowanii]
WP_312382981	92.281	100	868	865	868	0.0	1678	type I DNA topoisomerase [Atlantibacter subterraneus]
WP_305208321	92.948	100	865	865	865	0.0	1678	type I DNA topoisomerase [Kosakonia cowanii]
WP_483558901	93.064	100	865	865	865	0.0	1678	N/A
WP_297198091	92.023	100	865	865	865	0.0	1677	type I DNA topoisomerase [uncultured Pluralibacter sp.]
WP_139966266	92.832	100	865	865	865	0.0	1677	type I DNA topoisomerase [Kosakonia cowanii]
WP_277172061	92.948	100	865	865	865	0.0	1677	type I DNA topoisomerase [Kosakonia cowanii]
WP_480070905	92.023	100	865	865	865	0.0	1677	N/A
WP_023478680	92.948	100	865	865	865	0.0	1677	MULTISPECIES: type I DNA topoisomerase [Kosakonia]
WP_200133615	92.832	100	865	865	865	0.0	1677	MULTISPECIES: type I DNA topoisomerase [Kosakonia]
WP_254488433	92.281	100	868	865	868	0.0	1677	type I DNA topoisomerase [Atlantibacter subterraneus]
WP_312739921	92.023	100	865	865	865	0.0	1677	type I DNA topoisomerase [Cedecea neteri]
WP_313667637	92.396	100	868	865	868	0.0	1677	type I DNA topoisomerase [Atlantibacter sp.]
WP_433691382	92.832	100	865	865	865	0.0	1676	type I DNA topoisomerase [Kosakonia cowanii]
WP_318363660	93.410	100	865	865	865	0.0	1676	type I DNA topoisomerase [Enterobacter sp.]
WP_057526246	96.735	96	827	865	827	0.0	1676	type I DNA topoisomerase, partial [Salmonella enterica]
WP_217048526	92.254	100	865	865	865	0.0	1676	type I DNA topoisomerase [Klebsiella pneumoniae]
WP_124968209	92.832	100	865	865	865	0.0	1676	type I DNA topoisomerase [Kosakonia sp. CCTCC M2018092]
WP_334654124	92.541	99	858	865	858	0.0	1676	type I DNA topoisomerase, partial [Klebsiella pneumoniae]
WP_419979877	92.601	100	865	865	865	0.0	1675	type I DNA topoisomerase [Kosakonia cowanii]
WP_318375099	93.295	100	865	865	865	0.0	1675	type I DNA topoisomerase [Enterobacter sp.]
WP_024551692	91.917	100	866	865	866	0.0	1675	type I DNA topoisomerase [Franconibacter helveticus]
WP_200580226	92.717	100	865	865	865	0.0	1675	MULTISPECIES: type I DNA topoisomerase [Kosakonia]
WP_194208429	91.676	100	865	865	865	0.0	1675	type I DNA topoisomerase [Superficieibacter sp. 1612_C1]
WP_061277535	92.023	100	865	865	865	0.0	1675	type I DNA topoisomerase [Cedecea neteri]
WP_175340608	91.445	100	865	865	866	0.0	1675	type I DNA topoisomerase [Jejuibacter sp. L23]
WP_312978929	91.935	100	868	865	868	0.0	1675	type I DNA topoisomerase [Atlantibacter sp.]
WP_128482868	92.717	100	865	865	865	0.0	1675	type I DNA topoisomerase [Kosakonia cowanii]
WP_462456246	91.676	100	865	865	865	0.0	1675	N/A
WP_080211292	96.614	96	827	865	827	0.0	1675	type I DNA topoisomerase, partial [Salmonella enterica]
WP_429175852	92.717	100	865	865	865	0.0	1675	type I DNA topoisomerase [Kosakonia sp. 1610]
WP_458677963	92.717	100	865	865	865	0.0	1675	type I DNA topoisomerase [Kosakonia cowanii]
WP_438257013	92.139	100	865	865	865	0.0	1674	type I DNA topoisomerase [Klebsiella pneumoniae]
WP_103676541	91.561	100	865	865	865	0.0	1674	type I DNA topoisomerase [Superficieibacter electus]
WP_230494482	99.875	92	799	865	799	0.0	1673	type I DNA topoisomerase, partial [Escherichia coli]
WP_154125646	91.792	100	865	865	865	0.0	1673	type I DNA topoisomerase [Lelliottia sp. CFBP8978]
WP_293493357	91.792	100	865	865	865	0.0	1673	type I DNA topoisomerase [Pluralibacter sp.]
WP_474801307	91.935	100	868	865	868	0.0	1673	N/A
WP_462979996	92.601	100	865	865	865	0.0	1673	N/A
WP_435930112	92.717	100	865	865	865	0.0	1673	type I DNA topoisomerase [Dryocola sharpae]
WP_138097736	91.329	100	865	865	866	0.0	1672	type I DNA topoisomerase [Jejuibacter calystegiae]
WP_473275989	93.295	100	865	865	865	0.0	1672	N/A
WP_072568619	93.295	100	865	865	865	0.0	1672	type I DNA topoisomerase [Enterobacter sp. SA187]
WP_264384166	92.486	100	865	865	865	0.0	1672	type I DNA topoisomerase [Siccibacter colletis]
WP_414163530	91.561	100	865	865	865	0.0	1672	type I DNA topoisomerase [Superficieibacter sp. BNK-5]
WP_167606262	92.601	100	865	865	865	0.0	1672	type I DNA topoisomerase [Cedecea colo]
WP_276164762	91.445	100	865	865	865	0.0	1671	type I DNA topoisomerase [Superficieibacter sp. HKU1]
WP_088218623	92.948	100	865	865	865	0.0	1671	type I DNA topoisomerase [Enterobacter kobei]
WP_312946882	91.445	100	865	865	865	0.0	1671	type I DNA topoisomerase [Superficieibacter sp.]
WP_487138232	93.083	99	853	865	853	0.0	1671	N/A
WP_110875883	90.732	100	874	865	874	0.0	1671	type I DNA topoisomerase [Franconibacter helveticus]
WP_313795555	92.370	100	865	865	865	0.0	1671	type I DNA topoisomerase [Siccibacter colletis]
WP_354517474	92.601	100	865	865	865	0.0	1671	type I DNA topoisomerase [Klebsiella pneumoniae]
WP_057517038	96.723	95	824	865	824	0.0	1671	type I DNA topoisomerase, partial [Salmonella enterica]
WP_426449019	92.254	100	865	865	865	0.0	1670	type I DNA topoisomerase [Siccibacter colletis]
WP_024556117	91.801	100	866	865	866	0.0	1670	MULTISPECIES: type I DNA topoisomerase [Franconibacter]
WP_218337146	92.832	100	865	865	865	0.0	1670	type I DNA topoisomerase [Enterobacter sp. ENT03]
WP_487154511	93.075	98	852	865	852	0.0	1670	N/A
WP_373977737	91.792	100	865	865	865	0.0	1670	type I DNA topoisomerase [Buttiauxella noackiae]
WP_064554273	91.792	100	865	865	865	0.0	1670	type I DNA topoisomerase [Buttiauxella noackiae]
WP_435953975	92.486	100	865	865	865	0.0	1669	type I DNA topoisomerase [Dryocola baronae]
WP_032084999	100.000	92	800	865	800	0.0	1669	type I DNA topoisomerase, partial [Escherichia coli]
WP_314143429	91.676	100	865	865	865	0.0	1669	type I DNA topoisomerase [Buttiauxella noackiae]
WP_034455431	91.792	100	865	865	865	0.0	1669	type I DNA topoisomerase [Buttiauxella noackiae]
WP_367596898	91.676	100	865	865	865	0.0	1668	type I DNA topoisomerase [Buttiauxella gaviniae]
WP_476479327	92.370	100	865	865	865	0.0	1668	N/A
WP_325939428	91.686	100	866	865	866	0.0	1668	type I DNA topoisomerase [Franconibacter daqui]
WP_048887563	91.686	100	866	865	866	0.0	1668	MULTISPECIES: type I DNA topoisomerase [Franconibacter]
WP_110808998	91.792	100	865	865	865	0.0	1668	type I DNA topoisomerase [Cronobacter sakazakii]
WP_481638727	91.686	100	866	865	866	0.0	1668	N/A
WP_045782768	91.329	100	865	865	865	0.0	1668	type I DNA topoisomerase [Cedecea neteri]
WP_166863571	91.445	100	865	865	865	0.0	1668	type I DNA topoisomerase [Enterobacter sp. Cy-643]
WP_284127656	91.908	100	865	865	865	0.0	1667	type I DNA topoisomerase [Klebsiella sp. K4-74]
WP_032971091	91.676	100	865	865	865	0.0	1667	MULTISPECIES: type I DNA topoisomerase [Cronobacter]
WP_105607869	91.676	100	865	865	865	0.0	1667	type I DNA topoisomerase [Cronobacter sakazakii]
WP_126355978	91.561	100	865	865	865	0.0	1667	type I DNA topoisomerase [Cedecea lapagei]
WP_054624726	91.792	100	865	865	865	0.0	1667	type I DNA topoisomerase [Cronobacter sakazakii]
WP_271126982	92.370	100	865	865	865	0.0	1666	type I DNA topoisomerase [Dryocola boscaweniae]
WP_038471906	91.561	100	865	865	865	0.0	1666	type I DNA topoisomerase [Cedecea neteri]
WP_049840483	91.329	100	865	865	865	0.0	1666	type I DNA topoisomerase [Klebsiella sp. RIT-PI-d]
WP_176983322	91.561	100	865	865	865	0.0	1666	type I DNA topoisomerase [Cedecea sp. P7760]
WP_034495665	91.561	100	865	865	865	0.0	1666	MULTISPECIES: type I DNA topoisomerase [Buttiauxella]
WP_032992965	91.561	100	865	865	865	0.0	1666	type I DNA topoisomerase [Cronobacter malonaticus]
WP_105628005	91.561	100	865	865	865	0.0	1666	type I DNA topoisomerase [Cronobacter malonaticus]
WP_004387669	91.676	100	865	865	865	0.0	1666	MULTISPECIES: type I DNA topoisomerase [Cronobacter]
WP_041460856	91.561	100	865	865	865	0.0	1665	type I DNA topoisomerase [Cronobacter sakazakii]
WP_312626622	92.601	100	865	865	866	0.0	1665	MULTISPECIES: type I DNA topoisomerase [unclassified Scandinavium]
WP_123346492	91.214	100	865	865	865	0.0	1665	MULTISPECIES: type I DNA topoisomerase [unclassified Enterobacter]
WP_331636338	91.445	100	865	865	865	0.0	1665	type I DNA topoisomerase [Cedecea sp.]
WP_105579508	91.561	100	865	865	865	0.0	1665	type I DNA topoisomerase [Cronobacter sakazakii]
WP_104658163	91.561	100	865	865	865	0.0	1665	type I DNA topoisomerase [Cronobacter sakazakii]
WP_110798146	91.676	100	865	865	865	0.0	1665	type I DNA topoisomerase [Cronobacter sakazakii]
WP_024562448	91.908	100	865	865	865	0.0	1665	type I DNA topoisomerase [Siccibacter turicensis]
WP_148736215	91.561	100	865	865	865	0.0	1665	type I DNA topoisomerase [Cronobacter sakazakii]
WP_105573314	91.561	100	865	865	865	0.0	1665	type I DNA topoisomerase [Cronobacter sakazakii]
WP_319703777	91.561	100	865	865	865	0.0	1665	type I DNA topoisomerase [Cronobacter sakazakii]
WP_088274917	91.561	100	865	865	865	0.0	1665	type I DNA topoisomerase [Cronobacter sakazakii]
WP_375528918	91.561	100	865	865	865	0.0	1665	type I DNA topoisomerase [Cedecea selenatireducens]
WP_175567553	91.561	100	865	865	865	0.0	1665	type I DNA topoisomerase [Cronobacter sakazakii]
WP_104676997	91.561	100	865	865	865	0.0	1665	type I DNA topoisomerase [Cronobacter sakazakii]
WP_032981332	91.561	100	865	865	865	0.0	1665	type I DNA topoisomerase [Cronobacter malonaticus]
WP_097641288	91.561	100	865	865	865	0.0	1665	MULTISPECIES: type I DNA topoisomerase [Cronobacter]
WP_110792080	91.445	100	865	865	865	0.0	1665	type I DNA topoisomerase [Cronobacter sakazakii]
WP_271124741	92.254	100	865	865	865	0.0	1665	type I DNA topoisomerase [Dryocola boscaweniae]
WP_241703412	91.561	100	865	865	865	0.0	1664	type I DNA topoisomerase [Cronobacter sakazakii]
WP_447522013	92.486	100	865	865	865	0.0	1664	type I DNA topoisomerase [Klebsiella pneumoniae]
WP_319048765	91.445	100	865	865	865	0.0	1664	type I DNA topoisomerase [Cronobacter malonaticus]
WP_130098630	91.792	100	865	865	865	0.0	1664	type I DNA topoisomerase [Siccibacter turicensis]
WP_085036933	91.561	100	865	865	865	0.0	1664	type I DNA topoisomerase [Cronobacter sakazakii]
WP_437891119	91.098	100	865	865	865	0.0	1664	type I DNA topoisomerase [Phytobacter sp. V91]
WP_370903449	91.676	100	865	865	865	0.0	1664	type I DNA topoisomerase [Cronobacter sakazakii]
WP_087637624	93.059	98	850	865	850	0.0	1664	type I DNA topoisomerase, partial [Klebsiella pneumoniae]
WP_426345965	91.561	100	865	865	865	0.0	1664	type I DNA topoisomerase [Cronobacter universalis]
WP_032984924	91.561	100	865	865	865	0.0	1664	type I DNA topoisomerase [Cronobacter condimenti]
WP_325774180	91.561	100	865	865	865	0.0	1664	type I DNA topoisomerase [Cronobacter malonaticus]
WP_104668997	91.561	100	865	865	865	0.0	1664	type I DNA topoisomerase [Cronobacter sakazakii]
WP_032983347	91.561	100	865	865	865	0.0	1664	type I DNA topoisomerase [Cronobacter malonaticus]
WP_097647679	91.445	100	865	865	865	0.0	1664	type I DNA topoisomerase [Cronobacter sakazakii]
WP_312616078	91.445	100	865	865	865	0.0	1664	type I DNA topoisomerase [Cronobacter malonaticus]
WP_039303632	92.023	100	865	865	865	0.0	1664	type I DNA topoisomerase [Cedecea neteri]
WP_044593861	91.445	100	865	865	865	0.0	1664	type I DNA topoisomerase [Cronobacter sakazakii]
WP_161571415	91.561	100	865	865	865	0.0	1663	type I DNA topoisomerase [Cronobacter malonaticus]
WP_105577126	91.445	100	865	865	865	0.0	1663	type I DNA topoisomerase [Cronobacter sakazakii]
WP_105625244	91.561	100	865	865	865	0.0	1663	type I DNA topoisomerase [Cronobacter sakazakii]
WP_312611771	91.445	100	865	865	865	0.0	1663	type I DNA topoisomerase [Cronobacter sakazakii]
WP_172569830	91.329	100	865	865	865	0.0	1663	type I DNA topoisomerase [Cedecea sp. FDAARGOS_727]
WP_063265668	91.561	100	865	865	865	0.0	1663	type I DNA topoisomerase [Cronobacter sakazakii]
WP_008461318	92.023	100	865	865	865	0.0	1663	MULTISPECIES: type I DNA topoisomerase [Enterobacteriaceae]
WP_105551845	91.445	100	865	865	865	0.0	1663	type I DNA topoisomerase [Cronobacter sakazakii]
WP_309878759	91.445	100	865	865	865	0.0	1663	type I DNA topoisomerase [Buttiauxella selenatireducens]
WP_436892791	91.676	100	865	865	865	0.0	1663	type I DNA topoisomerase [Siccibacter turicensis]
WP_216374711	91.214	100	865	865	865	0.0	1663	type I DNA topoisomerase [Cedecea davisae]
WP_097570704	91.561	100	865	865	865	0.0	1663	type I DNA topoisomerase [Cronobacter sakazakii]
WP_395490904	91.214	100	865	865	865	0.0	1663	type I DNA topoisomerase [Cedecea davisae]
WP_110811910	91.561	100	865	865	865	0.0	1662	type I DNA topoisomerase [Cronobacter sakazakii]
WP_447519803	92.370	100	865	865	865	0.0	1662	type I DNA topoisomerase [Klebsiella pneumoniae]
WP_085017099	91.561	100	865	865	865	0.0	1662	type I DNA topoisomerase [Cronobacter sakazakii]
WP_227317218	91.329	100	865	865	865	0.0	1662	type I DNA topoisomerase [Cedecea davisae]
WP_032805444	91.445	100	865	865	865	0.0	1662	type I DNA topoisomerase [Cronobacter universalis]
WP_437430520	91.792	100	865	865	865	0.0	1662	MULTISPECIES: type I DNA topoisomerase [Enterobacteriaceae]
WP_325763270	91.445	100	865	865	865	0.0	1662	type I DNA topoisomerase [Cronobacter sakazakii]
WP_080781322	91.561	100	865	865	865	0.0	1662	type I DNA topoisomerase [Cronobacter sakazakii]
WP_105611053	91.445	100	865	865	865	0.0	1662	type I DNA topoisomerase [Cronobacter malonaticus]
WP_410778819	100.000	92	796	865	796	0.0	1662	type I DNA topoisomerase, partial [Escherichia coli]
WP_276640913	91.792	100	865	865	865	0.0	1662	type I DNA topoisomerase [Siccibacter turicensis]
WP_271132777	92.023	100	865	865	865	0.0	1662	type I DNA topoisomerase [Dryocola clanedunensis]
WP_106876948	91.792	100	865	865	865	0.0	1662	type I DNA topoisomerase [Siccibacter turicensis]
WP_270145289	91.561	100	865	865	865	0.0	1662	type I DNA topoisomerase [Buttiauxella sp. WJP83]
WP_485885002	91.792	100	865	865	865	0.0	1661	N/A
WP_283005799	91.561	100	865	865	865	0.0	1661	type I DNA topoisomerase [Cronobacter universalis]
WP_105607351	91.445	100	865	865	865	0.0	1661	type I DNA topoisomerase [Cronobacter sakazakii]
WP_085540010	91.792	100	865	865	865	0.0	1661	type I DNA topoisomerase [Cedecea sp. NFIX57]
WP_285278393	91.676	100	865	865	857	0.0	1661	type I DNA topoisomerase [Klebsiella pneumoniae]
WP_124024744	91.329	100	865	865	865	0.0	1661	type I DNA topoisomerase [Buttiauxella warmboldiae]
WP_064511629	91.329	100	865	865	865	0.0	1661	type I DNA topoisomerase [Buttiauxella gaviniae]
WP_394448181	91.792	100	865	865	866	0.0	1661	type I DNA topoisomerase [Scandinavium sp. M-37]
WP_064546357	91.329	100	865	865	865	0.0	1660	MULTISPECIES: type I DNA topoisomerase [Buttiauxella]
WP_232863632	91.214	100	865	865	865	0.0	1660	MULTISPECIES: type I DNA topoisomerase [unclassified Buttiauxella]
WP_232903491	91.214	100	865	865	865	0.0	1660	type I DNA topoisomerase [Buttiauxella sp. W03-F01]
WP_279046323	91.214	100	865	865	865	0.0	1660	type I DNA topoisomerase [Cedecea davisae]
WP_039294073	91.792	100	865	865	865	0.0	1660	type I DNA topoisomerase [Cedecea neteri]
WP_336997952	93.499	98	846	865	845	0.0	1660	type I DNA topoisomerase, partial [Leclercia sp. M50]
WP_455427982	91.908	100	865	865	865	0.0	1660	type I DNA topoisomerase [Dryocola sp. LX212]
WP_458043200	91.792	100	865	865	865	0.0	1660	type I DNA topoisomerase [Phytobacter sp. AG2a]
WP_319630123	91.792	100	865	865	866	0.0	1660	type I DNA topoisomerase [Scandinavium lactucae]
WP_180208627	91.329	100	865	865	865	0.0	1660	type I DNA topoisomerase [Cronobacter sakazakii]
WP_057518225	96.703	95	819	865	819	0.0	1660	type I DNA topoisomerase, partial [Salmonella enterica]
WP_455547125	91.792	100	865	865	865	0.0	1660	type I DNA topoisomerase [Dryocola clanedunensis]
WP_342325284	92.023	100	865	865	865	0.0	1660	type I DNA topoisomerase [Kosakonia calanthes]
WP_202303574	91.908	100	865	865	865	0.0	1659	type I DNA topoisomerase [Dryocola clanedunensis]
WP_424589104	91.329	100	865	865	865	0.0	1659	type I DNA topoisomerase [Buttiauxella sp.]
WP_161588697	91.214	100	865	865	865	0.0	1659	type I DNA topoisomerase [Cronobacter turicensis]
WP_120062904	91.214	100	865	865	865	0.0	1659	type I DNA topoisomerase [Buttiauxella izardii]
WP_183269379	91.214	100	865	865	865	0.0	1659	type I DNA topoisomerase [Buttiauxella sp. A111]
WP_146378666	91.214	100	865	865	865	0.0	1659	type I DNA topoisomerase [Cronobacter turicensis]
WP_134182385	91.214	100	865	865	865	0.0	1659	type I DNA topoisomerase [Buttiauxella sp. BIGb0552]
WP_151993614	91.098	100	865	865	865	0.0	1659	type I DNA topoisomerase [Buttiauxella massiliensis]
WP_064558780	90.983	100	865	865	865	0.0	1658	type I DNA topoisomerase [Buttiauxella brennerae]
WP_105581370	91.098	100	865	865	865	0.0	1658	type I DNA topoisomerase [Cronobacter turicensis]
WP_165154374	91.098	100	865	865	865	0.0	1658	MULTISPECIES: type I DNA topoisomerase [unclassified Cronobacter]
WP_373329887	91.098	100	865	865	865	0.0	1658	type I DNA topoisomerase [Cronobacter turicensis]
WP_319786895	91.676	100	865	865	866	0.0	1658	type I DNA topoisomerase [Scandinavium lactucae]
WP_016536693	91.214	100	865	865	865	0.0	1657	type I DNA topoisomerase [Cedecea davisae]
WP_075198592	91.098	100	865	865	865	0.0	1657	type I DNA topoisomerase [Cronobacter turicensis]
WP_283984737	91.098	100	865	865	865	0.0	1657	type I DNA topoisomerase [Cronobacter turicensis]
WP_161577861	90.983	100	865	865	865	0.0	1657	type I DNA topoisomerase [Cronobacter turicensis]
WP_373327940	91.098	100	865	865	865	0.0	1657	type I DNA topoisomerase [Cronobacter turicensis]
WP_419387912	93.034	98	847	865	875	0.0	1656	type I DNA topoisomerase [Klebsiella pneumoniae]
WP_310607728	90.867	100	865	865	865	0.0	1656	type I DNA topoisomerase [Buttiauxella brennerae]
WP_015741453	90.983	100	865	865	865	0.0	1656	type I DNA topoisomerase [Cronobacter turicensis]
WP_324116236	90.867	100	865	865	865	0.0	1656	type I DNA topoisomerase [Buttiauxella sp.]
WP_311889334	91.561	100	865	865	865	0.0	1656	type I DNA topoisomerase [Cedecea neteri]
WP_284027950	90.983	100	865	865	865	0.0	1656	type I DNA topoisomerase [Cronobacter turicensis]
WP_175571529	90.983	100	865	865	865	0.0	1655	type I DNA topoisomerase [Cronobacter turicensis]
WP_048329914	93.238	97	843	865	843	0.0	1655	type I DNA topoisomerase, partial [Klebsiella variicola]
WP_282899315	90.867	100	865	865	865	0.0	1655	type I DNA topoisomerase [Cronobacter turicensis]
WP_139498834	99.748	92	794	865	794	0.0	1654	N/A
WP_105623843	91.561	100	865	865	865	0.0	1654	type I DNA topoisomerase [Cronobacter malonaticus]
WP_249031411	90.520	100	865	865	865	0.0	1654	type I DNA topoisomerase [Tenebrionicola larvae]
WP_038862609	91.676	100	865	865	865	0.0	1654	type I DNA topoisomerase [Cronobacter muytjensii]
WP_139876515	91.561	100	865	865	865	0.0	1653	type I DNA topoisomerase [Buttiauxella sp. B2]
WP_075193075	91.561	100	865	865	865	0.0	1652	type I DNA topoisomerase [Cronobacter muytjensii]
WP_161581041	91.561	100	865	865	865	0.0	1652	type I DNA topoisomerase [Cronobacter muytjensii]
WP_282830645	91.445	100	865	865	865	0.0	1652	type I DNA topoisomerase [Cronobacter muytjensii]
WP_419361289	91.792	100	865	865	865	0.0	1652	type I DNA topoisomerase [Cronobacter dublinensis]
WP_269725396	92.023	100	865	865	829	0.0	1652	type I DNA topoisomerase [Salmonella enterica]
WP_238714052	90.405	100	865	865	865	0.0	1651	MULTISPECIES: type I DNA topoisomerase [Tenebrionibacter/Tenebrionicola group]
WP_273213136	91.706	99	856	865	856	0.0	1651	type I DNA topoisomerase, partial [Buttiauxella noackiae]
WP_038871634	91.792	100	865	865	865	0.0	1651	type I DNA topoisomerase [Cronobacter dublinensis]
WP_139033279	91.214	100	865	865	856	0.0	1651	type I DNA topoisomerase [Klebsiella pneumoniae]
WP_395583596	91.792	100	865	865	865	0.0	1651	type I DNA topoisomerase [Cronobacter dublinensis]
WP_038883495	91.792	100	865	865	865	0.0	1651	type I DNA topoisomerase [Cronobacter dublinensis]
WP_282982114	91.676	100	865	865	865	0.0	1651	type I DNA topoisomerase [Cronobacter dublinensis]
WP_038887553	91.792	100	865	865	865	0.0	1651	type I DNA topoisomerase [Cronobacter dublinensis]
WP_336281044	91.676	100	865	865	865	0.0	1650	type I DNA topoisomerase [Cronobacter dublinensis]
WP_171998241	91.445	100	865	865	865	0.0	1650	MULTISPECIES: type I DNA topoisomerase [Cronobacter]
WP_105652152	91.792	100	865	865	865	0.0	1650	type I DNA topoisomerase [Cronobacter dublinensis]
WP_426726240	91.676	100	865	865	865	0.0	1650	type I DNA topoisomerase [Cronobacter dublinensis]
WP_316350894	91.676	100	865	865	865	0.0	1650	type I DNA topoisomerase [Cronobacter dublinensis]
WP_232798632	91.329	100	865	865	856	0.0	1650	type I DNA topoisomerase [Klebsiella pneumoniae]
WP_457827590	91.676	100	865	865	865	0.0	1649	type I DNA topoisomerase [Cronobacter dublinensis]
WP_047091085	100.000	91	790	865	790	0.0	1649	type I DNA topoisomerase, partial [Escherichia coli]
WP_105634091	91.676	100	865	865	865	0.0	1649	type I DNA topoisomerase [Cronobacter dublinensis]
WP_105648543	91.676	100	865	865	865	0.0	1648	type I DNA topoisomerase [Cronobacter dublinensis]
WP_064593902	90.993	100	866	865	865	0.0	1648	type I DNA topoisomerase [Mangrovibacter phragmitis]
WP_105719592	91.676	100	865	865	865	0.0	1648	type I DNA topoisomerase [Cronobacter dublinensis]
WP_036105439	90.993	100	866	865	865	0.0	1647	type I DNA topoisomerase [Mangrovibacter sp. MFB070]
WP_284008640	91.676	100	865	865	865	0.0	1647	type I DNA topoisomerase [Cronobacter dublinensis]
WP_487163232	93.103	97	841	865	841	0.0	1647	N/A
WP_110025119	90.993	100	866	865	865	0.0	1646	type I DNA topoisomerase [Mangrovibacter plantisponsor]
WP_258987237	91.098	100	865	865	866	0.0	1646	type I DNA topoisomerase [Scandinavium hiltneri]
WP_367170931	93.103	97	841	865	841	0.0	1645	type I DNA topoisomerase, partial [Klebsiella michiganensis]
WP_475292798	90.553	100	868	865	869	0.0	1645	N/A
WP_159758836	90.983	100	865	865	866	0.0	1644	type I DNA topoisomerase [Scandinavium tedordense]
WP_159774540	90.983	100	865	865	866	0.0	1643	type I DNA topoisomerase [Scandinavium manionii]
WP_097161091	91.024	100	869	865	870	0.0	1642	type I DNA topoisomerase [Enterobacter sp. CC120223-11]
WP_226570516	91.224	100	866	865	865	0.0	1642	type I DNA topoisomerase [Mangrovibacter yixingensis]
WP_084997653	91.442	99	853	865	853	0.0	1642	type I DNA topoisomerase, partial [Cronobacter sakazakii]
WP_110507929	90.867	100	865	865	866	0.0	1641	type I DNA topoisomerase [Scandinavium goeteborgense]
WP_289442309	93.525	96	834	865	834	0.0	1641	type I DNA topoisomerase, partial [Enterobacter asburiae]
WP_258995329	90.751	100	865	865	866	0.0	1640	type I DNA topoisomerase [Scandinavium hiltneri]
WP_038860066	90.647	100	866	865	866	0.0	1640	type I DNA topoisomerase [Cronobacter sakazakii]
WP_258967526	90.867	100	865	865	866	0.0	1640	type I DNA topoisomerase [Scandinavium manionii]
WP_199013292	89.364	100	865	865	865	0.0	1639	type I DNA topoisomerase [Shimwellia pseudoproteus]
WP_322838549	90.058	100	865	865	865	0.0	1638	type I DNA topoisomerase [Erwinia sp. HR93]
WP_166500653	91.676	100	865	865	865	0.0	1636	type I DNA topoisomerase [Cronobacter dublinensis]
WP_259047144	89.017	100	865	865	865	0.0	1635	type I DNA topoisomerase [Klebsiella sp. BIGb0407]
WP_042067134	99.745	91	785	865	785	0.0	1635	type I DNA topoisomerase, partial [Escherichia coli]
WP_195775466	93.054	97	835	865	835	0.0	1635	type I DNA topoisomerase, partial [Klebsiella pneumoniae]
WP_079831769	96.273	93	805	865	805	0.0	1634	type I DNA topoisomerase, partial [Salmonella enterica]
WP_058910271	90.289	100	865	865	865	0.0	1633	type I DNA topoisomerase [Entomohabitans teleogrylli]
WP_329702166	89.838	100	866	865	867	0.0	1633	type I DNA topoisomerase [Scandinavium sp.]
WP_262832619	99.617	91	784	865	784	0.0	1632	type I DNA topoisomerase, partial [Escherichia coli]
WP_213730726	95.706	94	815	865	815	0.0	1631	type I DNA topoisomerase, partial [Citrobacter freundii]
WP_250552561	99.745	91	783	865	783	0.0	1630	type I DNA topoisomerase, partial [Escherichia coli]
WP_300001679	88.902	100	865	865	865	0.0	1630	type I DNA topoisomerase [uncultured Cedecea sp.]
WP_140026601	99.872	90	782	865	782	0.0	1630	type I DNA topoisomerase, partial [Escherichia coli]
WP_261785957	100.000	90	780	865	780	0.0	1629	type I DNA topoisomerase, partial [Escherichia coli]
WP_211990880	88.208	100	865	865	865	0.0	1627	type I DNA topoisomerase [Citrobacter sp. JGM124]
WP_002443101	89.401	100	868	865	868	0.0	1627	type I DNA topoisomerase [Shimwellia blattae]
WP_251004392	100.000	90	778	865	778	0.0	1625	type I DNA topoisomerase, partial [Escherichia coli]
WP_250383957	100.000	90	777	865	777	0.0	1622	type I DNA topoisomerase, partial [Escherichia coli]
WP_139778859	96.750	92	800	865	802	0.0	1622	type I DNA topoisomerase, partial [Salmonella enterica]
WP_079970671	96.625	92	800	865	800	0.0	1620	type I DNA topoisomerase, partial [Salmonella enterica]
WP_439212151	88.439	100	865	865	865	0.0	1619	MULTISPECIES: type I DNA topoisomerase [Duffyella]
WP_067430985	88.555	100	865	865	865	0.0	1619	type I DNA topoisomerase [Duffyella gerundensis]
WP_031935302	99.743	90	777	865	777	0.0	1618	type I DNA topoisomerase, partial [Escherichia coli]
WP_225701636	88.439	100	865	865	865	0.0	1617	type I DNA topoisomerase [Duffyella gerundensis]
WP_312240575	87.746	100	865	865	865	0.0	1613	type I DNA topoisomerase [Pantoea sp.]
WP_308978937	93.382	94	816	865	816	0.0	1610	type I DNA topoisomerase, partial [Klebsiella aerogenes]
WP_397214631	87.399	100	865	865	865	0.0	1608	type I DNA topoisomerase [Pantoea osteomyelitidis]
WP_075181891	87.283	100	865	865	865	0.0	1608	type I DNA topoisomerase [Pantoea sp. 1.19]
WP_084875105	87.760	100	866	865	866	0.0	1607	MULTISPECIES: type I DNA topoisomerase [Pantoea]
WP_320751500	93.943	94	809	865	809	0.0	1603	type I DNA topoisomerase, partial [Enterobacter roggenkampii]
WP_208715222	87.529	100	866	865	866	0.0	1603	type I DNA topoisomerase [Pantoea cypripedii]
WP_013509246	87.875	100	866	865	866	0.0	1602	type I DNA topoisomerase [Pantoea sp. At-9b]
WP_021183094	87.529	100	866	865	866	0.0	1601	MULTISPECIES: type I DNA topoisomerase [Pantoea]
WP_160621148	88.256	99	860	865	862	0.0	1600	type I DNA topoisomerase [Mixta intestinalis]
WP_128600358	88.208	100	865	865	865	0.0	1599	type I DNA topoisomerase [Pantoea wallisii]
WP_127834126	88.092	100	865	865	865	0.0	1598	MULTISPECIES: type I DNA topoisomerase [Pantoea]
WP_145888584	88.208	100	865	865	865	0.0	1598	type I DNA topoisomerase [Candidatus Pantoea soli]
WP_021510115	87.977	100	865	865	865	0.0	1597	type I DNA topoisomerase [Pantoea dispersa]
WP_264443425	87.977	100	865	865	865	0.0	1597	MULTISPECIES: type I DNA topoisomerase [Pantoea]
WP_264251667	87.977	100	865	865	865	0.0	1597	type I DNA topoisomerase [Pantoea dispersa]
WP_141175441	88.023	99	860	865	862	0.0	1597	type I DNA topoisomerase [Mixta tenebrionis]
WP_058774627	87.977	100	865	865	865	0.0	1596	MULTISPECIES: type I DNA topoisomerase [Pantoea]
WP_136546927	87.977	100	865	865	865	0.0	1596	type I DNA topoisomerase [Pantoea sp. R102]
WP_317189091	100.000	88	763	865	763	0.0	1596	type I DNA topoisomerase, partial [Escherichia coli]
WP_166718997	87.977	100	865	865	865	0.0	1596	type I DNA topoisomerase [Pantoea sp. Cy-640]
WP_241797950	87.977	100	865	865	865	0.0	1596	type I DNA topoisomerase [Pantoea dispersa]
WP_058771276	87.977	100	865	865	865	0.0	1596	type I DNA topoisomerase [Pantoea dispersa]
WP_215800068	87.977	100	865	865	865	0.0	1595	MULTISPECIES: type I DNA topoisomerase [Pantoea]
WP_175964810	99.608	89	766	865	766	0.0	1595	type I DNA topoisomerase, partial [Escherichia coli]
WP_059012435	87.977	100	865	865	865	0.0	1595	type I DNA topoisomerase [Pantoea dispersa]
WP_480309269	87.861	100	865	865	865	0.0	1595	N/A
WP_211726148	87.977	100	865	865	865	0.0	1595	type I DNA topoisomerase [Pantoea dispersa]
WP_249543101	99.738	88	764	865	764	0.0	1594	type I DNA topoisomerase, partial [Escherichia coli]
WP_222986637	87.977	100	865	865	865	0.0	1594	type I DNA topoisomerase [Pantoea dispersa]
WP_336795889	86.952	100	866	865	866	0.0	1594	type I DNA topoisomerase [Erwinia aphidicola]
WP_267410486	87.861	100	865	865	865	0.0	1594	type I DNA topoisomerase [Pantoea sp. GM_Pan_4]
WP_058758622	87.861	100	865	865	865	0.0	1594	type I DNA topoisomerase [Pantoea dispersa]
WP_038625919	87.674	99	860	865	862	0.0	1594	type I DNA topoisomerase [Mixta calida]
WP_241922182	86.936	100	865	865	865	0.0	1594	type I DNA topoisomerase [Serratia plymuthica]
WP_426767910	86.836	100	866	865	866	0.0	1593	type I DNA topoisomerase [Erwinia aphidicola]
WP_097097208	87.630	100	865	865	865	0.0	1593	type I DNA topoisomerase [Candidatus Pantoea floridensis]
WP_215480344	87.861	100	865	865	865	0.0	1593	type I DNA topoisomerase [Pantoea sp. B270]
WP_336767630	87.514	100	865	865	865	0.0	1593	type I DNA topoisomerase [Pantoea endophytica]
WP_115456984	87.861	100	865	865	864	0.0	1593	type I DNA topoisomerase [Enterobacillus tribolii]
WP_048915957	86.836	100	866	865	866	0.0	1593	MULTISPECIES: type I DNA topoisomerase [Erwinia]
WP_336766521	87.861	100	865	865	865	0.0	1593	type I DNA topoisomerase [Pantoea dispersa]
WP_325967866	87.630	100	865	865	865	0.0	1593	type I DNA topoisomerase [Pantoea dispersa]
WP_200543741	86.936	100	865	865	865	0.0	1593	type I DNA topoisomerase [Erwinia sp. S38]
WP_141495396	87.861	100	865	865	865	0.0	1593	type I DNA topoisomerase [Pantoea dispersa]
WP_101764270	87.514	100	865	865	865	0.0	1592	MULTISPECIES: type I DNA topoisomerase [Pantoea]
WP_104957452	87.674	99	860	865	862	0.0	1592	type I DNA topoisomerase [Mixta gaviniae]
WP_128174624	86.358	100	865	865	865	0.0	1592	type I DNA topoisomerase [[Pantoea] beijingensis]
WP_256696558	87.399	100	865	865	865	0.0	1592	type I DNA topoisomerase [Pantoea trifolii]
WP_052975458	99.608	88	765	865	765	0.0	1592	type I DNA topoisomerase, partial [Shigella sonnei]
WP_480363982	87.182	100	866	865	866	0.0	1592	N/A
WP_332628200	87.399	100	865	865	865	0.0	1592	type I DNA topoisomerase [Pantoea sp. T14]
WP_061718784	87.399	100	865	865	865	0.0	1592	type I DNA topoisomerase [Pantoea trifolii]
WP_333897397	87.558	99	860	865	862	0.0	1592	type I DNA topoisomerase [Mixta calida]
WP_205064426	86.821	100	865	865	865	0.0	1592	type I DNA topoisomerase [Pantoea coffeiphila]
WP_222182248	87.514	100	865	865	865	0.0	1592	type I DNA topoisomerase [Pantoea sp. DY-15]
WP_192234007	87.399	100	865	865	865	0.0	1592	type I DNA topoisomerase [Pantoea sp. PNT03]
WP_008106525	87.399	100	865	865	865	0.0	1592	MULTISPECIES: type I DNA topoisomerase [Pantoea]
WP_105595192	86.821	100	865	865	865	0.0	1592	type I DNA topoisomerase [Pantoea coffeiphila]
WP_345829606	87.514	100	865	865	865	0.0	1592	MULTISPECIES: type I DNA topoisomerase [unclassified Pantoea]
WP_176969984	87.399	100	865	865	865	0.0	1592	type I DNA topoisomerase [Pantoea sp. B9002]
WP_166710212	87.861	100	865	865	865	0.0	1592	type I DNA topoisomerase [Pantoea sp. Ap-870]
WP_099754618	86.836	100	866	865	866	0.0	1591	type I DNA topoisomerase [Erwinia aphidicola]
WP_371243774	87.746	100	865	865	865	0.0	1591	type I DNA topoisomerase [Pantoea sp. KPR_PJ]
WP_338506469	86.721	100	866	865	866	0.0	1591	type I DNA topoisomerase [Erwinia aphidicola]
WP_200559574	86.821	100	865	865	865	0.0	1591	type I DNA topoisomerase [Erwinia sp. S43]
WP_338671090	87.861	100	865	865	865	0.0	1591	type I DNA topoisomerase [Pantoea dispersa]
WP_347497566	94.368	92	799	865	799	0.0	1591	type I DNA topoisomerase, partial [Enterobacter cloacae]
WP_265298052	87.399	100	865	865	865	0.0	1591	type I DNA topoisomerase [Pantoea sp. JK]
WP_191149374	86.721	100	866	865	866	0.0	1591	type I DNA topoisomerase [Erwinia aphidicola]
WP_230048585	86.721	100	866	865	866	0.0	1590	type I DNA topoisomerase [Erwinia aphidicola]
WP_179450701	87.283	100	865	865	865	0.0	1590	type I DNA topoisomerase [Enterobacter sp. Sphag1F]
WP_377724956	87.399	100	865	865	865	0.0	1590	type I DNA topoisomerase [Pantoea sp. GCM10028869]
WP_288499188	86.721	100	866	865	866	0.0	1590	type I DNA topoisomerase [uncultured Erwinia sp.]
WP_271459709	87.399	100	865	865	865	0.0	1590	type I DNA topoisomerase [Pantoea leporis]
WP_312181787	87.283	100	865	865	865	0.0	1590	type I DNA topoisomerase [Pantoea sp. CTOTU46764]
WP_264546714	86.821	100	865	865	865	0.0	1590	type I DNA topoisomerase [Erwinia sp. INIA01]
WP_409075694	87.283	100	865	865	865	0.0	1590	type I DNA topoisomerase [Pantoea phytostimulans]
WP_277977433	87.168	100	865	865	865	0.0	1590	type I DNA topoisomerase [Pantoea endophytica]
WP_130835117	86.474	100	865	865	865	0.0	1590	type I DNA topoisomerase [[Erwinia] mediterraneensis]
WP_154156298	87.399	100	865	865	865	0.0	1590	type I DNA topoisomerase [Pantoea sp. S18]
WP_150016228	87.630	100	865	865	865	0.0	1589	type I DNA topoisomerase [Pantoea sp. M_9]
WP_173634237	88.386	99	861	865	866	0.0	1589	type I DNA topoisomerase [Paramixta manurensis]
WP_007892424	87.514	100	865	865	865	0.0	1589	MULTISPECIES: type I DNA topoisomerase [Pantoea]
WP_039384579	87.630	100	865	865	865	0.0	1589	MULTISPECIES: type I DNA topoisomerase [Pantoea]
WP_222210347	87.283	100	865	865	865	0.0	1589	type I DNA topoisomerase [Pantoea sp. DY-5]
WP_104085016	87.630	100	865	865	865	0.0	1589	MULTISPECIES: type I DNA topoisomerase [unclassified Pantoea]
WP_336203008	86.721	100	866	865	866	0.0	1588	type I DNA topoisomerase [Erwinia aphidicola]
WP_343553547	87.399	100	865	865	865	0.0	1588	type I DNA topoisomerase [Pantoea sp.]
WP_243077832	87.168	100	865	865	865	0.0	1588	type I DNA topoisomerase [Pantoea sp. MQR6]
WP_224931895	87.283	100	865	865	865	0.0	1588	MULTISPECIES: type I DNA topoisomerase [unclassified Pantoea]
WP_455843663	87.168	100	865	865	865	0.0	1588	type I DNA topoisomerase [Pantoea agglomerans]
WP_413713273	87.746	100	865	865	865	0.0	1588	type I DNA topoisomerase [Serratia marcescens]
WP_426981753	87.209	99	860	865	862	0.0	1588	MULTISPECIES: type I DNA topoisomerase [unclassified Pantoea]
WP_073534743	87.746	100	865	865	865	0.0	1587	type I DNA topoisomerase [Serratia marcescens]
WP_312663817	87.168	100	865	865	865	0.0	1587	type I DNA topoisomerase [Pantoea sp. CTOTU49201]
WP_426972439	87.209	99	860	865	862	0.0	1587	type I DNA topoisomerase [Pantoea sp. FN0307]
WP_200570224	87.283	100	865	865	865	0.0	1587	type I DNA topoisomerase [Erwinia sp. S63]
WP_094110944	87.630	100	865	865	865	0.0	1587	type I DNA topoisomerase [Pantoea eucrina]
WP_206196462	87.630	100	865	865	865	0.0	1587	type I DNA topoisomerase [Serratia ureilytica]
WP_455853263	87.283	100	865	865	865	0.0	1587	type I DNA topoisomerase [Pantoea endophytica]
WP_476148547	87.168	100	865	865	865	0.0	1587	N/A
WP_048982038	93.095	94	811	865	811	0.0	1587	type I DNA topoisomerase, partial [Klebsiella pneumoniae]
WP_071668860	87.514	100	865	865	865	0.0	1587	MULTISPECIES: type I DNA topoisomerase [Pantoea]
WP_197812528	87.630	100	865	865	865	0.0	1587	type I DNA topoisomerase [Serratia marcescens]
WP_130017375	87.630	100	865	865	865	0.0	1587	MULTISPECIES: type I DNA topoisomerase [Serratia]
WP_228206210	87.630	100	865	865	865	0.0	1587	type I DNA topoisomerase [Serratia ureilytica]
WP_311784443	87.630	100	865	865	865	0.0	1587	MULTISPECIES: type I DNA topoisomerase [Pantoea]
WP_479414507	87.399	100	865	865	865	0.0	1587	N/A
WP_042784671	87.630	100	865	865	865	0.0	1587	MULTISPECIES: type I DNA topoisomerase [Serratia]
WP_419686623	87.746	100	865	865	865	0.0	1587	type I DNA topoisomerase [Serratia marcescens]
WP_094460779	87.630	100	865	865	865	0.0	1587	MULTISPECIES: type I DNA topoisomerase [Serratia]
WP_442999132	87.630	100	865	865	865	0.0	1587	type I DNA topoisomerase [Serratia ureilytica]
WP_103795968	87.746	100	865	865	865	0.0	1587	MULTISPECIES: type I DNA topoisomerase [Pantoea]
WP_166713252	87.052	100	865	865	865	0.0	1586	type I DNA topoisomerase [Hafnia paralvei]
WP_015378045	87.630	100	865	865	865	0.0	1586	MULTISPECIES: type I DNA topoisomerase [Serratia]
WP_322192960	87.630	100	865	865	865	0.0	1586	type I DNA topoisomerase [Serratia marcescens]
WP_058959803	87.283	100	865	865	865	0.0	1586	type I DNA topoisomerase [Type-E symbiont of Plautia stali]
WP_164057220	87.630	100	865	865	865	0.0	1586	MULTISPECIES: type I DNA topoisomerase [Serratia]
WP_342121528	87.630	100	865	865	865	0.0	1586	type I DNA topoisomerase [Serratia nevei]
WP_421127907	87.514	100	865	865	865	0.0	1586	type I DNA topoisomerase [Serratia marcescens]
WP_444796154	87.630	100	865	865	865	0.0	1586	type I DNA topoisomerase [Serratia marcescens]
WP_261115133	87.514	100	865	865	865	0.0	1586	type I DNA topoisomerase [Serratia entomophila]
WP_038881773	87.630	100	865	865	865	0.0	1586	MULTISPECIES: type I DNA topoisomerase [Serratia]
WP_261424791	87.630	100	865	865	865	0.0	1586	MULTISPECIES: type I DNA topoisomerase [Serratia]
WP_483817487	87.052	100	865	865	865	0.0	1586	N/A
WP_004930691	87.630	100	865	865	865	0.0	1586	MULTISPECIES: type I DNA topoisomerase [Serratia]
WP_346403090	87.630	100	865	865	865	0.0	1586	type I DNA topoisomerase [Serratia marcescens]
WP_292971277	87.283	100	865	865	865	0.0	1586	type I DNA topoisomerase [Pantoea sp. UBA4549]
WP_412555888	87.514	100	865	865	865	0.0	1585	type I DNA topoisomerase [Serratia ureilytica]
WP_197776244	87.514	100	865	865	865	0.0	1585	type I DNA topoisomerase [Serratia ureilytica]
WP_289775311	87.168	100	865	865	865	0.0	1585	type I DNA topoisomerase [Mixta mediterraneensis]
WP_065649269	87.283	100	865	865	865	0.0	1585	type I DNA topoisomerase [Pantoea eucrina]
WP_089194835	87.514	100	865	865	865	0.0	1585	MULTISPECIES: type I DNA topoisomerase [Serratia]
WP_318161126	87.514	100	865	865	865	0.0	1585	type I DNA topoisomerase [Serratia marcescens]
WP_241172817	87.514	100	865	865	865	0.0	1585	type I DNA topoisomerase [Serratia marcescens]
WP_103829575	87.514	100	865	865	865	0.0	1585	type I DNA topoisomerase [Serratia marcescens]
WP_063990039	87.514	100	865	865	865	0.0	1585	type I DNA topoisomerase [Serratia marcescens]
WP_232759946	86.936	100	865	865	865	0.0	1585	MULTISPECIES: type I DNA topoisomerase [unclassified Pantoea]
WP_412158871	87.283	100	865	865	865	0.0	1585	type I DNA topoisomerase [Pantoea sp. SIMBA_079]
WP_008813642	86.936	100	865	865	865	0.0	1585	MULTISPECIES: type I DNA topoisomerase [Hafnia]
WP_097117003	87.168	100	865	865	865	0.0	1585	type I DNA topoisomerase [Pantoea sp. GL120224-02]
WP_033647571	87.514	100	865	865	865	0.0	1585	MULTISPECIES: type I DNA topoisomerase [Serratia]
WP_308342559	87.514	100	865	865	865	0.0	1585	type I DNA topoisomerase [Serratia marcescens]
WP_160833606	87.283	100	865	865	865	0.0	1585	MULTISPECIES: type I DNA topoisomerase [Pantoea]
WP_064772188	99.868	88	759	865	759	0.0	1585	type I DNA topoisomerase, partial [Escherichia coli]
WP_137385882	87.168	100	865	865	865	0.0	1585	type I DNA topoisomerase [Pantoea sp. SO10]
WP_050137857	86.223	100	871	865	871	0.0	1585	type I DNA topoisomerase [Yersinia enterocolitica]
WP_332500503	86.936	100	865	865	865	0.0	1585	type I DNA topoisomerase [Hafnia sp.]
WP_253334398	87.630	100	865	865	865	0.0	1585	type I DNA topoisomerase [Serratia nevei]
WP_120454069	87.514	100	865	865	865	0.0	1585	MULTISPECIES: type I DNA topoisomerase [Pantoea]
WP_414946081	87.514	100	865	865	865	0.0	1585	type I DNA topoisomerase [Serratia marcescens]
WP_099785810	87.514	100	865	865	865	0.0	1585	MULTISPECIES: type I DNA topoisomerase [unclassified Serratia (in: enterobacteria)]
WP_343180266	87.514	100	865	865	865	0.0	1585	type I DNA topoisomerase [Serratia nevei]
WP_025159788	87.514	100	865	865	865	0.0	1585	MULTISPECIES: type I DNA topoisomerase [Serratia]
WP_239315240	87.630	100	865	865	865	0.0	1585	MULTISPECIES: type I DNA topoisomerase [unclassified Pantoea]
WP_152319804	86.163	99	860	865	870	0.0	1585	type I DNA topoisomerase [Erwinia endophytica]
WP_281041400	87.514	100	865	865	865	0.0	1585	type I DNA topoisomerase [Serratia bockelmannii]
WP_439069077	87.514	100	865	865	865	0.0	1585	type I DNA topoisomerase [Serratia nevei]
WP_442987054	87.514	100	865	865	865	0.0	1585	type I DNA topoisomerase [Serratia bockelmannii]
WP_413715203	87.514	100	865	865	865	0.0	1585	type I DNA topoisomerase [Serratia ureilytica]
WP_122016339	87.630	100	865	865	865	0.0	1585	MULTISPECIES: type I DNA topoisomerase [Serratia]
WP_342099620	87.514	100	865	865	865	0.0	1585	type I DNA topoisomerase [Serratia bockelmannii]
WP_342143885	87.514	100	865	865	865	0.0	1585	type I DNA topoisomerase [Serratia nevei]
WP_252960523	87.399	100	865	865	865	0.0	1585	type I DNA topoisomerase [Serratia entomophila]
WP_148875341	87.514	100	865	865	865	0.0	1584	type I DNA topoisomerase [Serratia marcescens]
WP_211728445	87.168	100	865	865	865	0.0	1584	type I DNA topoisomerase [Pantoea sp. JGM49]
WP_448174937	87.514	100	865	865	865	0.0	1584	type I DNA topoisomerase [Serratia marcescens]
WP_333550441	87.514	100	865	865	865	0.0	1584	type I DNA topoisomerase [Serratia marcescens]
WP_031374553	87.052	100	865	865	865	0.0	1584	MULTISPECIES: type I DNA topoisomerase [Pantoea]
WP_102984582	87.630	100	865	865	865	0.0	1584	type I DNA topoisomerase [Serratia marcescens]
WP_442536681	87.514	100	865	865	865	0.0	1584	type I DNA topoisomerase [Serratia sp. CY81593]
WP_415421869	87.514	100	865	865	865	0.0	1584	type I DNA topoisomerase [Serratia marcescens]
WP_312054447	87.052	100	865	865	865	0.0	1584	type I DNA topoisomerase [Pantoea brenneri]
WP_117187763	87.630	100	865	865	865	0.0	1584	MULTISPECIES: type I DNA topoisomerase [Serratia]
WP_198793154	87.514	100	865	865	865	0.0	1584	type I DNA topoisomerase [Serratia ureilytica]
WP_193549371	87.514	100	865	865	865	0.0	1584	MULTISPECIES: type I DNA topoisomerase [Serratia]
WP_089186055	87.514	100	865	865	865	0.0	1584	type I DNA topoisomerase [Serratia marcescens]
WP_243810271	87.514	100	865	865	865	0.0	1584	type I DNA topoisomerase [Serratia marcescens]
WP_434123265	87.861	100	865	865	865	0.0	1584	type I DNA topoisomerase [Pantoea phyllosphaerae]
WP_338556185	86.860	99	860	865	904	0.0	1584	MULTISPECIES: type I DNA topoisomerase [unclassified Erwinia]
WP_149559237	87.514	100	865	865	865	0.0	1584	type I DNA topoisomerase [Serratia marcescens]
WP_141998214	87.514	100	865	865	865	0.0	1584	type I DNA topoisomerase [Serratia marcescens]
WP_325961773	87.514	100	865	865	865	0.0	1584	type I DNA topoisomerase [Serratia marcescens]
WP_103686635	87.630	100	865	865	865	0.0	1584	type I DNA topoisomerase [Serratia marcescens]
WP_342192505	87.514	100	865	865	865	0.0	1584	type I DNA topoisomerase [Serratia ureilytica]
WP_350983740	87.514	100	865	865	865	0.0	1584	type I DNA topoisomerase [Serratia marcescens]
WP_410214059	87.630	100	865	865	865	0.0	1584	type I DNA topoisomerase [Serratia marcescens]
WP_166730058	87.514	100	865	865	865	0.0	1584	type I DNA topoisomerase [Serratia marcescens]
WP_427106482	87.746	100	865	865	865	0.0	1584	type I DNA topoisomerase [Pantoea septica]
WP_142590322	87.514	100	865	865	865	0.0	1584	type I DNA topoisomerase [Serratia marcescens]
WP_197831333	87.514	100	865	865	865	0.0	1584	type I DNA topoisomerase [Serratia marcescens]
WP_160867439	87.283	100	865	865	865	0.0	1584	type I DNA topoisomerase [Pantoea sp. Taur]
WP_287145553	87.399	100	865	865	865	0.0	1584	MULTISPECIES: type I DNA topoisomerase [Serratia]
WP_094119455	86.936	100	865	865	865	0.0	1584	type I DNA topoisomerase [Pantoea conspicua]
WP_312062346	87.746	100	865	865	865	0.0	1584	type I DNA topoisomerase [Pantoea septica]
WP_313588267	87.861	100	865	865	865	0.0	1584	type I DNA topoisomerase [Pantoea septica]
WP_442991626	87.514	100	865	865	865	0.0	1584	type I DNA topoisomerase [Serratia bockelmannii]
WP_338909870	87.514	100	865	865	865	0.0	1584	type I DNA topoisomerase [Serratia marcescens]
WP_408878371	86.821	100	865	865	865	0.0	1584	type I DNA topoisomerase [Hafnia paralvei]
WP_308343770	87.399	100	865	865	865	0.0	1584	type I DNA topoisomerase [Serratia marcescens]
WP_412088525	87.514	100	865	865	865	0.0	1584	type I DNA topoisomerase [Serratia marcescens]
WP_421105449	87.514	100	865	865	865	0.0	1584	MULTISPECIES: type I DNA topoisomerase [Serratia]
WP_130954423	86.821	100	865	865	865	0.0	1584	type I DNA topoisomerase [Hafnia paralvei]
WP_277495921	87.514	100	865	865	865	0.0	1584	type I DNA topoisomerase [Serratia marcescens]
WP_197754327	87.399	100	865	865	865	0.0	1583	MULTISPECIES: type I DNA topoisomerase [Serratia]
WP_271153057	87.399	100	865	865	865	0.0	1583	type I DNA topoisomerase [Pantoea piersonii]
WP_145555594	86.108	100	871	865	871	0.0	1583	type I DNA topoisomerase [Yersinia canariae]
WP_476106106	87.052	100	865	865	865	0.0	1583	N/A
WP_261464820	87.514	100	865	865	865	0.0	1583	type I DNA topoisomerase [Serratia marcescens]
WP_342890065	87.514	100	865	865	865	0.0	1583	type I DNA topoisomerase [Serratia marcescens]
WP_141968496	87.514	100	865	865	865	0.0	1583	MULTISPECIES: type I DNA topoisomerase [Serratia]
WP_105082720	87.052	100	865	865	865	0.0	1583	type I DNA topoisomerase [Pantoea ananatis]
WP_308347854	87.514	100	865	865	865	0.0	1583	type I DNA topoisomerase [Serratia marcescens]
WP_085819476	87.514	100	865	865	865	0.0	1583	type I DNA topoisomerase [Serratia marcescens]
WP_421095672	87.514	100	865	865	865	0.0	1583	MULTISPECIES: type I DNA topoisomerase [Serratia]
WP_074025883	87.399	100	865	865	865	0.0	1583	type I DNA topoisomerase [Serratia marcescens]
WP_041035352	87.399	100	865	865	865	0.0	1583	type I DNA topoisomerase [Serratia marcescens]
WP_234584765	87.399	100	865	865	865	0.0	1583	type I DNA topoisomerase [Serratia entomophila]
WP_317524437	87.514	100	865	865	865	0.0	1583	type I DNA topoisomerase [Serratia marcescens]
WP_123800255	87.399	100	865	865	865	0.0	1583	type I DNA topoisomerase [Candidatus Pantoea deserta]
WP_481421943	87.399	100	865	865	865	0.0	1583	N/A
WP_197808779	87.514	100	865	865	865	0.0	1583	type I DNA topoisomerase [Serratia ureilytica]
WP_029570068	87.052	100	865	865	865	0.0	1583	MULTISPECIES: type I DNA topoisomerase [Pantoea]
WP_050080744	86.009	100	872	865	872	0.0	1583	MULTISPECIES: type I DNA topoisomerase [Yersinia]
WP_333551398	87.399	100	865	865	865	0.0	1583	type I DNA topoisomerase [Serratia marcescens]
WP_005169368	86.108	100	871	865	871	0.0	1583	type I DNA topoisomerase [Yersinia enterocolitica]
WP_442990534	87.399	100	865	865	865	0.0	1583	type I DNA topoisomerase [Serratia marcescens]
WP_342909335	86.628	99	860	865	869	0.0	1583	type I DNA topoisomerase [Erwinia sp. P7711]
WP_318790283	86.628	99	860	865	869	0.0	1583	type I DNA topoisomerase [Erwinia sp. MMLR14_017]
WP_060417865	87.514	100	865	865	865	0.0	1583	type I DNA topoisomerase [Serratia marcescens]
WP_197796858	87.514	100	865	865	865	0.0	1583	type I DNA topoisomerase [Serratia ureilytica]
WP_072136813	86.936	100	865	865	865	0.0	1583	type I DNA topoisomerase [Pantoea ananatis]
WP_033634748	87.399	100	865	865	865	0.0	1583	type I DNA topoisomerase [Serratia marcescens]
WP_060439819	87.514	100	865	865	865	0.0	1583	type I DNA topoisomerase [Serratia marcescens]
WP_070717694	86.821	100	865	865	865	0.0	1583	MULTISPECIES: type I DNA topoisomerase [Hafnia]
WP_069728528	87.052	100	865	865	865	0.0	1583	MULTISPECIES: type I DNA topoisomerase [Pantoea]
WP_446287521	87.500	100	864	865	865	0.0	1583	type I DNA topoisomerase [Serratia marcescens]
WP_033746803	87.514	100	865	865	865	0.0	1583	type I DNA topoisomerase [Pantoea sp. NGS-ED-1003]
WP_333511735	87.514	100	865	865	865	0.0	1583	type I DNA topoisomerase [Serratia marcescens]
WP_047567162	87.399	100	865	865	865	0.0	1583	MULTISPECIES: type I DNA topoisomerase [Serratia]
WP_421665369	87.052	100	865	865	865	0.0	1583	MULTISPECIES: type I DNA topoisomerase [Pantoea]
WP_394948867	87.514	100	865	865	865	0.0	1583	type I DNA topoisomerase [Serratia marcescens]
WP_039565854	87.514	100	865	865	865	0.0	1583	MULTISPECIES: type I DNA topoisomerase [Serratia]
WP_338807935	87.283	100	865	865	865	0.0	1583	type I DNA topoisomerase [Serratia marcescens]
WP_427662035	87.514	100	865	865	865	0.0	1583	type I DNA topoisomerase [Serratia bockelmannii]
WP_287635771	86.936	100	865	865	865	0.0	1583	type I DNA topoisomerase [Pantoea sp.]
WP_443006868	87.399	100	865	865	865	0.0	1583	type I DNA topoisomerase [Serratia marcescens]
WP_048781879	87.746	100	865	865	865	0.0	1583	MULTISPECIES: type I DNA topoisomerase [Pantoea]
WP_316135081	87.746	100	865	865	865	0.0	1582	type I DNA topoisomerase [Pantoea sp.]
WP_279856489	86.936	100	865	865	865	0.0	1582	type I DNA topoisomerase [Pantoea brenneri]
WP_280631536	87.514	100	865	865	865	0.0	1582	type I DNA topoisomerase [Serratia marcescens]
WP_437615883	86.836	100	866	865	866	0.0	1582	type I DNA topoisomerase [Erwinia sp. V71]
WP_443003109	87.399	100	865	865	865	0.0	1582	type I DNA topoisomerase [Serratia marcescens]
WP_182058026	87.168	100	865	865	865	0.0	1582	type I DNA topoisomerase [Pantoea sp. ME81]
WP_411748623	87.399	100	865	865	865	0.0	1582	type I DNA topoisomerase [Serratia marcescens]
WP_157352304	86.041	100	874	865	874	0.0	1582	type I DNA topoisomerase [Pantoea agglomerans]
WP_038877308	87.514	100	865	865	865	0.0	1582	type I DNA topoisomerase [Serratia marcescens]
WP_031591590	86.041	100	874	865	874	0.0	1582	MULTISPECIES: type I DNA topoisomerase [Pantoea]
WP_261125566	87.399	100	865	865	865	0.0	1582	type I DNA topoisomerase [Serratia marcescens]
WP_191938060	86.041	100	874	865	874	0.0	1582	type I DNA topoisomerase [Pantoea agglomerans]
WP_424994204	86.041	100	874	865	874	0.0	1582	type I DNA topoisomerase [Pantoea agglomerans]
WP_233988059	86.821	100	865	865	865	0.0	1582	MULTISPECIES: type I DNA topoisomerase [Pantoea]
WP_175319883	86.821	100	865	865	865	0.0	1582	type I DNA topoisomerase [Hafnia paralvei]
WP_191922147	86.041	100	874	865	874	0.0	1582	type I DNA topoisomerase [Pantoea agglomerans]
WP_080154630	96.415	90	781	865	781	0.0	1582	type I DNA topoisomerase, partial [Salmonella enterica]
WP_163843682	85.927	100	874	865	874	0.0	1582	type I DNA topoisomerase [Pantoea agglomerans]
WP_249891184	86.860	99	860	865	862	0.0	1582	type I DNA topoisomerase [Mixta hanseatica]
WP_234721837	87.283	100	865	865	865	0.0	1582	type I DNA topoisomerase [Serratia marcescens]
WP_187494698	85.927	100	874	865	874	0.0	1582	type I DNA topoisomerase [Pantoea agglomerans]
WP_346460886	85.927	100	874	865	874	0.0	1582	type I DNA topoisomerase [Pantoea agglomerans]
WP_333548573	87.399	100	865	865	865	0.0	1582	type I DNA topoisomerase [Serratia marcescens]
WP_261146796	87.283	100	865	865	865	0.0	1582	type I DNA topoisomerase [Serratia entomophila]
WP_188240269	87.399	100	865	865	865	0.0	1582	MULTISPECIES: type I DNA topoisomerase [Serratia]
WP_440502459	87.399	100	865	865	865	0.0	1582	type I DNA topoisomerase [Serratia sarumanii]
WP_057642978	85.894	100	872	865	872	0.0	1582	MULTISPECIES: type I DNA topoisomerase [Yersinia]
WP_045832147	87.168	100	865	865	865	0.0	1582	type I DNA topoisomerase [Pantoea sp. BL1]
WP_380178000	88.023	99	860	865	873	0.0	1582	type I DNA topoisomerase [Pantoea sp. sgz302252]
WP_261145146	87.283	100	865	865	865	0.0	1582	type I DNA topoisomerase [Serratia entomophila]
WP_241438732	87.514	100	865	865	865	0.0	1582	type I DNA topoisomerase [Serratia ureilytica]
WP_013025933	86.936	100	865	865	865	0.0	1582	MULTISPECIES: type I DNA topoisomerase [Pantoea]
WP_164106203	87.399	100	865	865	865	0.0	1582	type I DNA topoisomerase [Serratia marcescens]
WP_098904548	85.894	100	872	865	872	0.0	1582	type I DNA topoisomerase [Yersinia frederiksenii]
WP_211130492	87.399	100	865	865	865	0.0	1582	type I DNA topoisomerase [Serratia surfactantfaciens]
WP_033790335	87.630	100	865	865	865	0.0	1582	MULTISPECIES: type I DNA topoisomerase [Pantoea]
WP_024968195	87.630	100	865	865	877	0.0	1582	type I DNA topoisomerase [Pantoea sp. IMH]
WP_045814401	87.168	100	865	865	865	0.0	1582	type I DNA topoisomerase [Pantoea sp. SM3]
WP_283215270	87.052	100	865	865	865	0.0	1582	type I DNA topoisomerase [Pantoea sp. EABMAA-21]
WP_333539204	87.514	100	865	865	865	0.0	1582	type I DNA topoisomerase [Serratia marcescens]
WP_309149480	87.399	100	865	865	865	0.0	1581	type I DNA topoisomerase [Serratia marcescens]
WP_137475916	99.736	88	759	865	759	0.0	1581	type I DNA topoisomerase, partial [Escherichia coli]
WP_210526262	86.821	100	865	865	865	0.0	1581	type I DNA topoisomerase [Pantoea ananatis]
WP_197767366	87.399	100	865	865	865	0.0	1581	MULTISPECIES: type I DNA topoisomerase [Serratia]
WP_154928219	86.821	100	865	865	865	0.0	1581	MULTISPECIES: type I DNA topoisomerase [Pantoea]
WP_316555765	87.630	100	865	865	865	0.0	1581	type I DNA topoisomerase [Pantoea sp.]
WP_108087694	85.894	100	872	865	872	0.0	1581	type I DNA topoisomerase [Yersinia massiliensis]
WP_206114837	86.936	100	865	865	865	0.0	1581	type I DNA topoisomerase [Pantoea ananatis]
WP_279752980	86.936	100	865	865	865	0.0	1581	type I DNA topoisomerase [Pantoea ananatis]
WP_110003390	86.821	100	865	865	865	0.0	1581	type I DNA topoisomerase [Pantoea ananatis]
WP_137269388	86.163	99	860	865	866	0.0	1581	type I DNA topoisomerase [Erwinia persicina]
WP_049557333	85.878	100	871	865	871	0.0	1581	type I DNA topoisomerase [Yersinia kristensenii]
WP_061901401	85.927	100	874	865	874	0.0	1581	MULTISPECIES: type I DNA topoisomerase [Pantoea]
WP_247103113	86.821	100	865	865	865	0.0	1581	type I DNA topoisomerase [Pantoea ananatis]
WP_033757842	85.927	100	874	865	874	0.0	1581	type I DNA topoisomerase [Pantoea agglomerans]
WP_028722826	86.936	100	865	865	865	0.0	1581	type I DNA topoisomerase [Pantoea ananatis]
WP_306205584	86.512	99	860	865	869	0.0	1581	type I DNA topoisomerase [Erwinia pyri]
WP_147198170	87.442	99	860	865	870	0.0	1581	MULTISPECIES: type I DNA topoisomerase [unclassified Pantoea]
WP_197652931	87.399	100	865	865	865	0.0	1581	MULTISPECIES: type I DNA topoisomerase [Serratia]
WP_034821487	86.821	100	865	865	865	0.0	1581	type I DNA topoisomerase [Enterobacter cancerogenus]
WP_145509019	86.338	100	871	865	871	0.0	1581	type I DNA topoisomerase [Yersinia alsatica]
WP_202939990	85.927	100	874	865	874	0.0	1581	type I DNA topoisomerase [Pantoea agglomerans]
WP_111207589	86.821	100	865	865	865	0.0	1581	MULTISPECIES: type I DNA topoisomerase [Pantoea]
WP_479394203	87.168	100	865	865	865	0.0	1581	N/A
WP_420071552	86.108	100	871	865	871	0.0	1581	type I DNA topoisomerase [Yersinia sp. 1252 StPb PI]
WP_010244475	85.927	100	874	865	874	0.0	1580	MULTISPECIES: type I DNA topoisomerase [Pantoea]
WP_457173998	85.927	100	874	865	874	0.0	1580	type I DNA topoisomerase [Pantoea agglomerans]
WP_076940201	87.514	100	865	865	865	0.0	1580	type I DNA topoisomerase [Serratia oryzae]
WP_058958471	86.705	100	865	865	865	0.0	1580	MULTISPECIES: type I DNA topoisomerase [Pantoea]
WP_058708088	87.283	100	865	865	865	0.0	1580	type I DNA topoisomerase [Pantoea stewartii]
WP_005191581	85.993	100	871	865	871	0.0	1580	type I DNA topoisomerase [Yersinia intermedia]
WP_083158916	85.993	100	871	865	871	0.0	1580	MULTISPECIES: type I DNA topoisomerase [unclassified Yersinia (in: enterobacteria)]
WP_279767743	85.812	100	874	865	874	0.0	1580	type I DNA topoisomerase [Pantoea sp. GD03673]
WP_333553542	87.283	100	865	865	865	0.0	1580	type I DNA topoisomerase [Serratia marcescens]
WP_253453832	87.052	100	865	865	872	0.0	1580	MULTISPECIES: type I DNA topoisomerase [Erwinia]
WP_293771029	85.812	100	874	865	874	0.0	1580	MULTISPECIES: type I DNA topoisomerase [Pantoea]
WP_479398653	86.936	100	865	865	865	0.0	1580	N/A
WP_422881038	85.812	100	874	865	874	0.0	1580	type I DNA topoisomerase [Pantoea agglomerans]
WP_046101912	86.821	100	865	865	865	0.0	1580	type I DNA topoisomerase [Pantoea anthophila]
WP_434745877	86.156	100	874	865	874	0.0	1580	type I DNA topoisomerase [Candidatus Pantoea rara]
WP_047713457	86.821	100	865	865	865	0.0	1580	type I DNA topoisomerase [Pantoea ananatis]
WP_352410057	86.860	99	860	865	862	0.0	1580	type I DNA topoisomerase [Mixta sp. BE291]
WP_105088167	86.821	100	865	865	865	0.0	1580	type I DNA topoisomerase [Pantoea ananatis]
WP_337262375	87.514	100	865	865	865	0.0	1580	MULTISPECIES: type I DNA topoisomerase [unclassified Serratia (in: enterobacteria)]
WP_085117037	86.821	100	865	865	865	0.0	1580	type I DNA topoisomerase [Serratia proteamaculans]
WP_333511932	87.399	100	865	865	865	0.0	1580	type I DNA topoisomerase [Serratia marcescens]
WP_369894662	87.442	99	860	865	872	0.0	1580	type I DNA topoisomerase [Erwinia aeris]
WP_087817887	86.338	100	871	865	871	0.0	1580	type I DNA topoisomerase [Yersinia alsatica]
WP_425027132	85.927	100	874	865	874	0.0	1580	type I DNA topoisomerase [Pantoea agglomerans]
WP_050085450	85.993	100	871	865	871	0.0	1580	type I DNA topoisomerase [Yersinia intermedia]
WP_409389409	85.812	100	874	865	874	0.0	1580	type I DNA topoisomerase [Pantoea agglomerans]
WP_346825244	87.168	100	865	865	865	0.0	1580	type I DNA topoisomerase [Serratia inhibens]
WP_167432869	85.698	100	874	865	874	0.0	1580	MULTISPECIES: type I DNA topoisomerase [Pantoea]
WP_442229283	86.936	100	865	865	865	0.0	1580	type I DNA topoisomerase [Serratia quinivorans]
WP_111140072	85.812	100	874	865	874	0.0	1580	type I DNA topoisomerase [Pantoea graminicola]
WP_087815688	85.993	100	871	865	871	0.0	1580	type I DNA topoisomerase [Yersinia intermedia]
WP_110145586	86.821	100	865	865	865	0.0	1579	type I DNA topoisomerase [Pantoea ananatis]
WP_350769150	86.705	100	865	865	865	0.0	1579	type I DNA topoisomerase [Pantoea anthophila]
WP_313925924	85.812	100	874	865	874	0.0	1579	type I DNA topoisomerase [Pantoea agglomerans]
WP_182500070	85.812	100	874	865	874	0.0	1579	type I DNA topoisomerase [Pantoea agglomerans]
WP_436339134	87.052	100	865	865	865	0.0	1579	type I DNA topoisomerase [Pantoea sp. C8B4]
WP_182822995	86.936	100	865	865	865	0.0	1579	MULTISPECIES: type I DNA topoisomerase [Serratia]
WP_264238415	86.821	100	865	865	865	0.0	1579	type I DNA topoisomerase [Pantoea ananatis]
WP_261256648	86.705	100	865	865	865	0.0	1579	type I DNA topoisomerase [Serratia proteamaculans]
WP_313619153	87.514	100	865	865	865	0.0	1579	type I DNA topoisomerase [Pantoea septica]
WP_154926304	85.927	100	874	865	874	0.0	1579	MULTISPECIES: type I DNA topoisomerase [unclassified Pantoea]
WP_200679407	87.052	100	865	865	865	0.0	1579	type I DNA topoisomerase [Pantoea sp. S61]
WP_315311082	85.927	100	874	865	874	0.0	1579	type I DNA topoisomerase [Pantoea vagans]
WP_034897251	86.628	99	860	865	869	0.0	1579	type I DNA topoisomerase [Erwinia typographi]
WP_346556165	85.812	100	874	865	874	0.0	1579	type I DNA topoisomerase [Pantoea agglomerans]
WP_312112334	87.514	100	865	865	865	0.0	1579	type I DNA topoisomerase [Pantoea septica]
WP_481113138	85.878	100	871	865	871	0.0	1579	N/A
WP_096073250	87.514	100	865	865	865	0.0	1579	MULTISPECIES: type I DNA topoisomerase [Pantoea]
WP_094859889	87.283	100	865	865	865	0.0	1579	MULTISPECIES: type I DNA topoisomerase [Serratia]
WP_256849230	85.927	100	874	865	874	0.0	1579	type I DNA topoisomerase [Pantoea sp. Fr-CA_6]
WP_437381786	85.812	100	874	865	874	0.0	1579	type I DNA topoisomerase [Pantoea agglomerans]
WP_095707125	85.812	100	874	865	874	0.0	1579	type I DNA topoisomerase [Pantoea vagans]
WP_080608247	85.993	100	871	865	871	0.0	1579	MULTISPECIES: type I DNA topoisomerase [Yersinia]
WP_307570402	86.590	100	865	865	865	0.0	1579	type I DNA topoisomerase [Pantoea anthophila]
WP_264366796	85.812	100	874	865	874	0.0	1579	type I DNA topoisomerase [Pantoea sp. RG18]
WP_205955346	87.052	100	865	865	865	0.0	1579	type I DNA topoisomerase [Pantoea stewartii]
WP_313699328	86.041	100	874	865	874	0.0	1579	type I DNA topoisomerase [Pantoea sp.]
WP_193404322	86.936	100	865	865	865	0.0	1579	type I DNA topoisomerase [Mixta mediterraneensis]
WP_413653197	86.259	100	866	865	866	0.0	1579	type I DNA topoisomerase [Pantoea sp. B65]
WP_033787708	85.812	100	874	865	874	0.0	1579	type I DNA topoisomerase [Pantoea agglomerans]
WP_124232665	86.047	99	860	865	870	0.0	1579	type I DNA topoisomerase [Erwinia psidii]
WP_210461655	86.821	100	865	865	865	0.0	1579	type I DNA topoisomerase [Pantoea ananatis]
WP_179246893	87.112	100	869	865	869	0.0	1579	type I DNA topoisomerase [Serratia fonticola]
WP_191919360	85.812	100	874	865	874	0.0	1579	type I DNA topoisomerase [Pantoea agglomerans]
WP_110982759	86.821	100	865	865	865	0.0	1579	type I DNA topoisomerase [Pantoea ananatis]
WP_034933050	87.442	99	860	865	870	0.0	1579	type I DNA topoisomerase [Erwinia mallotivora]
WP_063879769	86.821	100	865	865	865	0.0	1579	MULTISPECIES: type I DNA topoisomerase [Pantoea]
WP_038646692	86.936	100	865	865	865	0.0	1579	type I DNA topoisomerase [Pantoea rwandensis]
WP_300958358	86.821	100	865	865	865	0.0	1579	type I DNA topoisomerase [Pantoea ananatis]
WP_022623213	86.821	100	865	865	865	0.0	1579	type I DNA topoisomerase [Pantoea ananatis]
WP_187493416	85.812	100	874	865	874	0.0	1578	type I DNA topoisomerase [Pantoea agglomerans]
WP_119802580	86.936	100	865	865	865	0.0	1578	type I DNA topoisomerase [Serratia inhibens]
WP_004945205	87.052	100	865	865	865	0.0	1578	MULTISPECIES: type I DNA topoisomerase [Serratia]
WP_476141886	85.698	100	874	865	874	0.0	1578	N/A
WP_473791932	85.812	100	874	865	874	0.0	1578	N/A
WP_105087562	86.821	100	865	865	865	0.0	1578	type I DNA topoisomerase [Pantoea ananatis]
WP_399670087	86.474	100	865	865	865	0.0	1578	MULTISPECIES: type I DNA topoisomerase [unclassified Serratia (in: enterobacteria)]
WP_336140259	87.442	99	860	865	873	0.0	1578	type I DNA topoisomerase [Erwinia sp. CGal63]
WP_061062577	86.590	100	865	865	865	0.0	1578	type I DNA topoisomerase [Pantoea vagans]
WP_003853868	85.927	100	874	865	874	0.0	1578	MULTISPECIES: type I DNA topoisomerase [Pantoea]
WP_212560034	87.052	100	865	865	865	0.0	1578	type I DNA topoisomerase [Serratia plymuthica]
WP_292992364	86.041	100	874	865	874	0.0	1578	type I DNA topoisomerase [Pantoea sp.]
WP_414073997	86.590	100	865	865	865	0.0	1578	type I DNA topoisomerase [Serratia proteamaculans]
WP_476158374	85.927	100	874	865	874	0.0	1578	N/A
WP_009089965	86.590	100	865	865	865	0.0	1578	type I DNA topoisomerase [Pantoea sp. Sc1]
WP_049608775	85.649	100	871	865	871	0.0	1578	type I DNA topoisomerase [Yersinia pekkanenii]
WP_044551634	86.936	100	865	865	865	0.0	1578	type I DNA topoisomerase [Serratia liquefaciens]
WP_271296440	85.878	100	871	865	871	0.0	1578	type I DNA topoisomerase [Yersinia intermedia]
WP_318424154	86.474	100	865	865	865	0.0	1578	type I DNA topoisomerase [Serratia proteamaculans]
WP_156294391	87.399	100	865	865	865	0.0	1578	type I DNA topoisomerase [Serratia oryzae]
WP_011816400	86.108	100	871	865	871	0.0	1578	type I DNA topoisomerase [Yersinia enterocolitica]
WP_037415810	86.621	100	867	865	867	0.0	1578	type I DNA topoisomerase [Serratia grimesii]
WP_312043470	87.399	100	865	865	872	0.0	1578	type I DNA topoisomerase [Erwinia sp.]
WP_012145384	86.358	100	865	865	865	0.0	1578	MULTISPECIES: type I DNA topoisomerase [Serratia]
WP_099062866	86.705	100	865	865	865	0.0	1578	MULTISPECIES: type I DNA topoisomerase [Serratia]
WP_480279212	86.705	100	865	865	865	0.0	1578	N/A
WP_322542301	86.590	100	865	865	865	0.0	1578	MULTISPECIES: type I DNA topoisomerase [Pantoea]
WP_455562247	100.000	87	756	865	756	0.0	1578	type I DNA topoisomerase, partial [Escherichia sp.]
WP_064691365	85.812	100	874	865	874	0.0	1578	type I DNA topoisomerase [Pantoea agglomerans]
WP_325974541	86.705	100	865	865	865	0.0	1578	type I DNA topoisomerase [Pantoea anthophila]
WP_301251642	86.936	100	865	865	872	0.0	1578	MULTISPECIES: type I DNA topoisomerase [Erwinia]
WP_333541679	87.168	100	865	865	865	0.0	1578	type I DNA topoisomerase [Serratia marcescens]
WP_006119337	87.168	100	865	865	865	0.0	1578	MULTISPECIES: type I DNA topoisomerase [Pantoea]
WP_313678187	85.698	100	874	865	874	0.0	1578	type I DNA topoisomerase [Pantoea vagans]
WP_472930856	86.705	100	865	865	865	0.0	1578	N/A
WP_058701831	87.168	100	865	865	865	0.0	1578	type I DNA topoisomerase [Pantoea stewartii]
WP_418795907	85.812	100	874	865	874	0.0	1578	MULTISPECIES: type I DNA topoisomerase [unclassified Pantoea]
WP_261284754	86.590	100	865	865	865	0.0	1578	type I DNA topoisomerase [Serratia proteamaculans]
WP_312041164	85.927	100	874	865	874	0.0	1578	type I DNA topoisomerase [Pantoea eucalypti]
WP_013358013	85.698	100	874	865	874	0.0	1578	MULTISPECIES: type I DNA topoisomerase [Pantoea]
WP_017346259	87.168	100	865	865	865	0.0	1578	type I DNA topoisomerase [Pantoea sp. A4]
WP_323170181	85.812	100	874	865	874	0.0	1578	type I DNA topoisomerase [Pantoea agglomerans]
WP_158784955	87.209	99	860	865	870	0.0	1578	type I DNA topoisomerase [Pantoea sp. BAV 3049]
WP_145535939	86.108	100	871	865	871	0.0	1578	type I DNA topoisomerase [Yersinia thracica]
WP_425013776	85.812	100	874	865	874	0.0	1578	type I DNA topoisomerase [Pantoea agglomerans]
WP_259005591	86.590	100	865	865	865	0.0	1578	type I DNA topoisomerase [Serratia sp. AKBS12]
WP_370734097	86.936	100	865	865	872	0.0	1578	type I DNA topoisomerase [Erwinia sp. STN24]
WP_442796945	85.698	100	874	865	874	0.0	1578	type I DNA topoisomerase [Pantoea vagans]
WP_445650729	86.474	100	865	865	865	0.0	1577	MULTISPECIES: type I DNA topoisomerase [unclassified Serratia (in: enterobacteria)]
WP_278496262	85.698	100	874	865	874	0.0	1577	type I DNA topoisomerase [Pantoea vagans]
WP_140917255	85.698	100	874	865	874	0.0	1577	type I DNA topoisomerase [Pantoea deleyi]
WP_150010318	85.698	100	874	865	874	0.0	1577	MULTISPECIES: type I DNA topoisomerase [unclassified Pantoea]
WP_140925460	86.590	100	865	865	865	0.0	1577	type I DNA topoisomerase [Pantoea anthophila]
WP_096010529	86.705	100	865	865	865	0.0	1577	type I DNA topoisomerase [Pantoea allii]
WP_313118602	87.514	100	865	865	865	0.0	1577	type I DNA topoisomerase [Pantoea septica]
WP_425019922	85.812	100	874	865	874	0.0	1577	type I DNA topoisomerase [Pantoea agglomerans]
WP_161736498	85.812	100	874	865	874	0.0	1577	MULTISPECIES: type I DNA topoisomerase [Pantoea]
WP_050134403	86.223	100	871	865	871	0.0	1577	type I DNA topoisomerase [Yersinia alsatica]
WP_346545144	85.812	100	874	865	874	0.0	1577	type I DNA topoisomerase [Pantoea agglomerans]
WP_263794040	86.705	100	865	865	865	0.0	1577	type I DNA topoisomerase [Pantoea ananatis]
WP_053142850	86.628	99	860	865	894	0.0	1577	type I DNA topoisomerase [Erwinia billingiae]
WP_282498867	87.052	100	865	865	865	0.0	1577	type I DNA topoisomerase [Pantoea stewartii]
WP_367167216	87.326	99	860	865	870	0.0	1577	type I DNA topoisomerase [Erwinia papayae]
WP_179895633	85.927	100	874	865	874	0.0	1577	type I DNA topoisomerase [Pantoea sp. WMus005]
WP_105099134	85.927	100	874	865	874	0.0	1577	type I DNA topoisomerase [Pantoea sp. MHSD4]
WP_112348460	86.590	100	865	865	865	0.0	1577	type I DNA topoisomerase [Serratia proteamaculans]
WP_283227800	86.705	100	865	865	865	0.0	1577	type I DNA topoisomerase [Pantoea sp. EA-12]
WP_013202386	86.628	99	860	865	894	0.0	1577	MULTISPECIES: type I DNA topoisomerase [Erwiniaceae]
WP_342656798	86.705	100	865	865	865	0.0	1577	type I DNA topoisomerase [Pantoea sp. RSPAM1]
WP_174849629	86.108	100	871	865	871	0.0	1577	type I DNA topoisomerase [Yersinia artesiana]
WP_125287714	86.936	100	865	865	872	0.0	1577	type I DNA topoisomerase [Erwinia sp. 198]
WP_145586947	86.108	100	871	865	871	0.0	1577	type I DNA topoisomerase [Yersinia rochesterensis]
WP_172912552	87.052	100	865	865	865	0.0	1577	type I DNA topoisomerase [Pantoea stewartii]
WP_151037323	86.628	99	860	865	894	0.0	1577	type I DNA topoisomerase [Erwinia billingiae]
WP_135316793	86.358	100	865	865	865	0.0	1577	MULTISPECIES: type I DNA topoisomerase [Serratia]
WP_375716885	85.698	100	874	865	874	0.0	1577	type I DNA topoisomerase [Pantoea deleyi]
WP_145606054	85.878	100	871	865	871	0.0	1577	type I DNA topoisomerase [Yersinia intermedia]
WP_038633076	86.108	100	871	865	871	0.0	1577	MULTISPECIES: type I DNA topoisomerase [Yersinia]
WP_436370281	86.705	100	865	865	865	0.0	1577	type I DNA topoisomerase [Pantoea sp. C2G6]
WP_260058299	85.698	100	874	865	874	0.0	1577	type I DNA topoisomerase [Pantoea sp. XY16]
WP_337027310	85.812	100	874	865	874	0.0	1577	type I DNA topoisomerase [Pantoea eucalypti]
WP_261424076	86.474	100	865	865	865	0.0	1577	type I DNA topoisomerase [Serratia proteamaculans]
WP_330761663	86.936	100	865	865	865	0.0	1577	MULTISPECIES: type I DNA topoisomerase [unclassified Serratia (in: enterobacteria)]
WP_050114502	85.993	100	871	865	871	0.0	1577	type I DNA topoisomerase [Yersinia thracica]
WP_150037082	85.698	100	874	865	874	0.0	1577	MULTISPECIES: type I DNA topoisomerase [Pantoea]
WP_289345885	87.052	100	865	865	865	0.0	1576	type I DNA topoisomerase [Pantoea stewartii]
WP_218994486	86.705	100	865	865	865	0.0	1576	type I DNA topoisomerase [Pantoea allii]
WP_087768977	85.993	100	871	865	871	0.0	1576	type I DNA topoisomerase [Yersinia hibernica]
WP_145590976	86.108	100	871	865	871	0.0	1576	type I DNA topoisomerase [Yersinia rochesterensis]
WP_134824261	86.628	99	860	865	894	0.0	1576	type I DNA topoisomerase [Erwinia sp. QL-Z3]
WP_436381170	86.474	100	865	865	865	0.0	1576	type I DNA topoisomerase [Candidatus Pantoea formicae]
WP_185199391	87.052	100	865	865	865	0.0	1576	MULTISPECIES: type I DNA topoisomerase [Pantoea]
WP_262242494	86.821	100	865	865	865	0.0	1576	type I DNA topoisomerase [Serratia liquefaciens]
WP_379888537	87.209	99	860	865	870	0.0	1576	type I DNA topoisomerase [Erwinia mallotivora]
WP_262189863	86.505	100	867	865	867	0.0	1576	type I DNA topoisomerase [Serratia grimesii]
WP_265553507	86.505	100	867	865	867	0.0	1576	MULTISPECIES: type I DNA topoisomerase [Serratia]
WP_159678367	85.993	100	871	865	871	0.0	1576	type I DNA topoisomerase [Yersinia canariae]
WP_367143964	86.936	100	865	865	865	0.0	1576	type I DNA topoisomerase [Pantoea stewartii]
WP_135908594	85.584	100	874	865	874	0.0	1576	type I DNA topoisomerase [Pantoea vagans]
WP_430693266	86.705	100	865	865	865	0.0	1576	type I DNA topoisomerase [Pantoea allii]
WP_261437028	86.590	100	865	865	865	0.0	1576	type I DNA topoisomerase [Serratia proteamaculans]
WP_434460313	86.936	100	865	865	865	0.0	1576	type I DNA topoisomerase [Serratia plymuthica]
WP_430699845	86.705	100	865	865	865	0.0	1576	type I DNA topoisomerase [Pantoea allii]
WP_186426985	86.505	100	867	865	867	0.0	1576	type I DNA topoisomerase [Serratia grimesii]
WP_013813135	86.936	100	865	865	865	0.0	1576	MULTISPECIES: type I DNA topoisomerase [Serratia]
WP_076706626	85.993	100	871	865	871	0.0	1576	type I DNA topoisomerase [Yersinia enterocolitica]
WP_006321120	86.821	100	865	865	865	0.0	1576	MULTISPECIES: type I DNA topoisomerase [Serratia]
WP_279023200	86.936	100	865	865	865	0.0	1576	MULTISPECIES: type I DNA topoisomerase [Gibbsiella]
WP_179250433	86.766	100	869	865	869	0.0	1576	type I DNA topoisomerase [Serratia fonticola]
WP_115185162	86.505	100	867	865	867	0.0	1576	type I DNA topoisomerase [Serratia grimesii]
WP_167138226	86.474	100	865	865	865	0.0	1576	type I DNA topoisomerase [Candidatus Pantoea formicae]
WP_167014224	87.052	100	865	865	865	0.0	1576	type I DNA topoisomerase [Candidatus Pantoea multigeneris]
WP_261162810	86.505	100	867	865	867	0.0	1576	type I DNA topoisomerase [Serratia grimesii]
WP_261666580	87.326	99	860	865	870	0.0	1576	type I DNA topoisomerase [Erwinia mallotivora]
WP_261458070	86.766	100	869	865	869	0.0	1576	type I DNA topoisomerase [Serratia fonticola]
WP_200536831	86.821	100	865	865	865	0.0	1576	type I DNA topoisomerase [Erwinia sp. S59]
WP_338629078	85.878	100	871	865	871	0.0	1576	type I DNA topoisomerase [Yersinia intermedia]
WP_187795798	99.735	87	756	865	757	0.0	1576	type I DNA topoisomerase, partial [Escherichia coli]
WP_139773599	96.277	90	779	865	779	0.0	1576	type I DNA topoisomerase, partial [Salmonella enterica]
WP_283355720	86.705	100	865	865	865	0.0	1576	type I DNA topoisomerase [Pantoea allii]
WP_479994875	86.628	99	860	865	894	0.0	1576	N/A
WP_081138101	87.168	100	865	865	865	0.0	1576	MULTISPECIES: type I DNA topoisomerase [Pantoea]
WP_145538190	85.878	100	871	865	871	0.0	1575	type I DNA topoisomerase [Yersinia kristensenii]
WP_020827133	86.821	100	865	865	865	0.0	1575	MULTISPECIES: type I DNA topoisomerase [Serratia]
WP_219656079	85.878	100	871	865	871	0.0	1575	type I DNA topoisomerase [Yersinia kristensenii]
WP_037399137	86.936	100	865	865	865	0.0	1575	MULTISPECIES: type I DNA topoisomerase [unclassified Serratia (in: enterobacteria)]
WP_187961442	86.821	100	865	865	865	0.0	1575	type I DNA topoisomerase [Serratia liquefaciens]
WP_021181262	86.766	100	869	865	869	0.0	1575	MULTISPECIES: type I DNA topoisomerase [Serratia]
WP_260453041	87.544	99	859	865	859	0.0	1575	type I DNA topoisomerase, partial [Serratia marcescens]
WP_199636031	86.936	100	865	865	865	0.0	1575	type I DNA topoisomerase [Serratia sp. PAMC26656]
WP_145495032	85.780	100	872	865	872	0.0	1575	type I DNA topoisomerase [Yersinia massiliensis]
WP_346567437	86.512	99	860	865	894	0.0	1575	type I DNA topoisomerase [Erwinia billingiae]
WP_283379061	86.705	100	865	865	865	0.0	1575	type I DNA topoisomerase [Pantoea allii]
WP_429617762	86.651	100	869	865	869	0.0	1575	MULTISPECIES: type I DNA topoisomerase [unclassified Serratia (in: enterobacteria)]
WP_058969934	86.590	100	865	865	865	0.0	1575	type I DNA topoisomerase [Type-D symbiont of Plautia stali]
WP_455863741	86.512	99	860	865	894	0.0	1575	type I DNA topoisomerase [Pantoea agglomerans]
WP_485523006	85.812	100	874	865	874	0.0	1575	N/A
WP_285720546	85.355	100	874	865	874	0.0	1575	MULTISPECIES: type I DNA topoisomerase [Pantoea]
WP_407627494	85.878	100	871	865	871	0.0	1575	type I DNA topoisomerase [Yersinia kristensenii]
WP_337012824	86.474	100	865	865	865	0.0	1575	type I DNA topoisomerase [Pantoea sp. AS142]
WP_004390854	85.878	100	871	865	871	0.0	1575	type I DNA topoisomerase [Yersinia kristensenii]
WP_205960172	86.936	100	865	865	865	0.0	1575	type I DNA topoisomerase [Pantoea stewartii]
WP_107319793	85.584	100	874	865	874	0.0	1575	type I DNA topoisomerase [Pantoea vagans]
WP_242365004	85.878	100	871	865	871	0.0	1575	type I DNA topoisomerase [Yersinia enterocolitica]
WP_205956491	86.936	100	865	865	865	0.0	1575	type I DNA topoisomerase [Pantoea stewartii]
WP_057620580	85.878	100	871	865	871	0.0	1575	type I DNA topoisomerase [Yersinia enterocolitica]
WP_013649945	85.878	100	871	865	871	0.0	1575	type I DNA topoisomerase [Yersinia enterocolitica]
WP_075338693	85.878	100	871	865	871	0.0	1575	type I DNA topoisomerase [Yersinia enterocolitica]
WP_084934149	86.358	100	865	865	865	0.0	1575	type I DNA topoisomerase [Pantoea rwandensis]
WP_049606639	86.009	100	872	865	872	0.0	1575	type I DNA topoisomerase [Yersinia mollaretii]
WP_261280020	86.821	100	865	865	865	0.0	1575	type I DNA topoisomerase [Serratia liquefaciens]
WP_392430739	85.878	100	871	865	871	0.0	1575	type I DNA topoisomerase [Yersinia fenwicki]
WP_074029213	86.766	100	869	865	869	0.0	1575	type I DNA topoisomerase [Serratia fonticola]
WP_338626430	85.878	100	871	865	871	0.0	1575	type I DNA topoisomerase [Yersinia enterocolitica]
WP_166732663	86.651	100	869	865	869	0.0	1575	type I DNA topoisomerase [Serratia fonticola]
WP_019079493	85.878	100	871	865	871	0.0	1575	MULTISPECIES: type I DNA topoisomerase [Yersinia]
WP_039334683	86.590	100	865	865	865	0.0	1575	MULTISPECIES: type I DNA topoisomerase [Pantoea]
WP_050095445	85.763	100	871	865	871	0.0	1575	type I DNA topoisomerase [Yersinia kristensenii]
WP_005165857	85.878	100	871	865	871	0.0	1574	type I DNA topoisomerase [Yersinia enterocolitica]
WP_447881167	86.651	100	869	865	869	0.0	1574	type I DNA topoisomerase [Serratia fonticola]
WP_427264923	85.763	100	871	865	871	0.0	1574	type I DNA topoisomerase [Yersinia enterocolitica]
WP_005278299	85.780	100	872	865	872	0.0	1574	MULTISPECIES: type I DNA topoisomerase [Yersinia]
WP_033741827	87.052	100	865	865	865	0.0	1574	type I DNA topoisomerase [Pantoea stewartii]
WP_164482002	87.052	100	865	865	865	0.0	1574	type I DNA topoisomerase [Pantoea stewartii]
WP_004712146	85.993	100	871	865	871	0.0	1574	type I DNA topoisomerase [Yersinia frederiksenii]
WP_205950301	87.052	100	865	865	865	0.0	1574	type I DNA topoisomerase [Pantoea stewartii]
WP_254461670	85.878	100	871	865	871	0.0	1574	type I DNA topoisomerase [Yersinia enterocolitica]
WP_145541315	85.993	100	871	865	871	0.0	1574	type I DNA topoisomerase [Yersinia alsatica]
WP_447486524	85.878	100	871	865	871	0.0	1574	type I DNA topoisomerase [Yersinia enterocolitica]
WP_209633820	86.390	100	867	865	867	0.0	1574	type I DNA topoisomerase [Serratia sp. PL17]
WP_100700626	86.243	100	865	865	865	0.0	1574	type I DNA topoisomerase [Pantoea rodasii]
WP_211136046	86.651	100	869	865	869	0.0	1574	type I DNA topoisomerase [Serratia sp. PL7]
WP_153860243	86.127	100	865	865	865	0.0	1574	type I DNA topoisomerase [Serratia proteamaculans]
WP_458818854	85.763	100	871	865	871	0.0	1574	type I DNA topoisomerase [Yersinia enterocolitica]
WP_129938210	86.590	100	865	865	865	0.0	1574	type I DNA topoisomerase [Serratia proteamaculans]
WP_223535609	86.766	100	869	865	869	0.0	1574	type I DNA topoisomerase [Serratia sp. JSRIV004]
WP_050299907	85.993	100	871	865	871	0.0	1574	type I DNA topoisomerase [Yersinia frederiksenii]
WP_439306816	85.763	100	871	865	871	0.0	1574	type I DNA topoisomerase [Yersinia enterocolitica]
WP_099529037	85.649	100	871	865	871	0.0	1574	type I DNA topoisomerase [Yersinia kristensenii]
WP_135255389	87.427	99	859	865	859	0.0	1574	type I DNA topoisomerase [Serratia marcescens]
WP_174574322	86.705	100	865	865	865	0.0	1573	MULTISPECIES: type I DNA topoisomerase [Serratia]
WP_275219365	85.240	100	874	865	874	0.0	1573	type I DNA topoisomerase [Pantoea vagans]
WP_410026718	93.492	92	799	865	799	0.0	1573	type I DNA topoisomerase, partial [Enterobacter hormaechei]
WP_248947248	86.536	100	869	865	869	0.0	1573	type I DNA topoisomerase [Serratia silvae]
WP_186528817	86.651	100	869	865	869	0.0	1573	type I DNA topoisomerase [Serratia fonticola]
WP_447883746	86.651	100	869	865	869	0.0	1573	type I DNA topoisomerase [Serratia fonticola]
WP_219649230	85.763	100	871	865	871	0.0	1573	type I DNA topoisomerase [Yersinia enterocolitica]
WP_145518823	85.894	100	872	865	872	0.0	1573	type I DNA topoisomerase [Yersinia mollaretii]
WP_308378282	87.529	99	858	865	858	0.0	1573	type I DNA topoisomerase, partial [Serratia marcescens]
WP_427264108	85.763	100	871	865	871	0.0	1573	type I DNA topoisomerase [Yersinia enterocolitica]
WP_201251841	85.584	100	874	865	874	0.0	1573	type I DNA topoisomerase [Pantoea sp. S62]
WP_473187284	86.821	100	865	865	865	0.0	1573	N/A
WP_019210093	85.665	100	872	865	872	0.0	1573	MULTISPECIES: type I DNA topoisomerase [Yersinia]
WP_369402647	86.936	100	865	865	865	0.0	1573	type I DNA topoisomerase [Serratia marcescens]
WP_434147657	85.698	100	874	865	874	0.0	1573	type I DNA topoisomerase [Pantoea agglomerans]
WP_050163358	85.763	100	871	865	871	0.0	1573	type I DNA topoisomerase [Yersinia enterocolitica]
WP_419235715	86.651	100	869	865	869	0.0	1573	type I DNA topoisomerase [Serratia fonticola]
WP_025796836	86.358	100	865	865	865	0.0	1573	MULTISPECIES: type I DNA topoisomerase [Hafniaceae]
WP_262959117	87.052	100	865	865	865	0.0	1573	type I DNA topoisomerase [Pantoea stewartii]
WP_263697527	85.763	100	871	865	871	0.0	1573	type I DNA topoisomerase [Yersinia enterocolitica]
WP_418337723	86.651	100	869	865	869	0.0	1573	type I DNA topoisomerase [Serratia fonticola]
WP_458809047	85.763	100	871	865	871	0.0	1573	type I DNA topoisomerase [Yersinia enterocolitica]
WP_337047585	86.705	100	865	865	865	0.0	1573	type I DNA topoisomerase [Serratia liquefaciens]
WP_283547880	85.469	100	874	865	874	0.0	1573	type I DNA topoisomerase [Pantoea sp. Lij88]
WP_050101311	85.878	100	871	865	871	0.0	1573	type I DNA topoisomerase [Yersinia vastinensis]
WP_411935922	85.763	100	871	865	871	0.0	1573	type I DNA topoisomerase [Yersinia enterocolitica]
WP_308870412	86.766	100	869	865	869	0.0	1573	type I DNA topoisomerase [Serratia fonticola]
WP_049607240	85.550	100	872	865	872	0.0	1573	type I DNA topoisomerase [Yersinia massiliensis]
WP_046808290	86.651	100	869	865	869	0.0	1573	type I DNA topoisomerase [Serratia fonticola]
WP_145553325	85.665	100	872	865	872	0.0	1573	type I DNA topoisomerase [Yersinia bercovieri]
WP_313651395	85.469	100	874	865	874	0.0	1573	type I DNA topoisomerase [Pantoea sp.]
WP_321147793	87.529	99	858	865	858	0.0	1573	type I DNA topoisomerase, partial [Serratia marcescens]
WP_088499704	86.705	100	865	865	865	0.0	1573	type I DNA topoisomerase [Serratia odorifera]
WP_050141654	85.894	100	872	865	872	0.0	1572	type I DNA topoisomerase [Yersinia mollaretii]
WP_424690708	86.047	99	860	865	904	0.0	1572	type I DNA topoisomerase [Erwinia sp.]
WP_130955818	86.358	100	865	865	865	0.0	1572	type I DNA topoisomerase [Hafnia alvei]
WP_239849422	85.763	100	871	865	871	0.0	1572	type I DNA topoisomerase [Yersinia enterocolitica]
WP_130999151	86.358	100	865	865	865	0.0	1572	type I DNA topoisomerase [Hafnia alvei]
WP_050132490	85.878	100	871	865	871	0.0	1572	type I DNA topoisomerase [Yersinia frederiksenii]
WP_427239123	85.763	100	871	865	871	0.0	1572	type I DNA topoisomerase [Yersinia enterocolitica]
WP_342079117	85.763	100	871	865	871	0.0	1572	type I DNA topoisomerase [Yersinia enterocolitica]
WP_484384790	86.821	100	865	865	865	0.0	1572	N/A
WP_050140606	85.878	100	871	865	871	0.0	1572	type I DNA topoisomerase [Yersinia vastinensis]
WP_078001455	86.512	99	860	865	862	0.0	1572	type I DNA topoisomerase [Izhakiella australiensis]
WP_447489404	85.878	100	871	865	871	0.0	1572	type I DNA topoisomerase [Yersinia enterocolitica]
WP_462616125	86.705	100	865	865	865	0.0	1571	N/A
WP_121606978	86.536	100	869	865	869	0.0	1571	MULTISPECIES: type I DNA topoisomerase [Serratia]
WP_227734286	85.878	100	871	865	871	0.0	1571	type I DNA topoisomerase [Yersinia proxima]
WP_077174760	85.878	100	871	865	871	0.0	1571	type I DNA topoisomerase [Yersinia proxima]
WP_145489703	85.665	100	872	865	872	0.0	1571	type I DNA topoisomerase [Yersinia aleksiciae]
WP_234559862	86.243	100	865	865	865	0.0	1571	type I DNA topoisomerase [Obesumbacterium proteus]
WP_223497776	86.254	100	873	865	873	0.0	1571	type I DNA topoisomerase [Serratia sp. JSRIV001]
WP_312121542	85.469	100	874	865	874	0.0	1571	type I DNA topoisomerase [Pantoea vagans]
WP_050125155	85.665	100	872	865	872	0.0	1571	type I DNA topoisomerase [Yersinia aleksiciae]
WP_419138316	85.584	100	874	865	874	0.0	1571	type I DNA topoisomerase [Pantoea sp. R13S299]
WP_338644800	85.665	100	872	865	872	0.0	1571	type I DNA topoisomerase [Yersinia bercovieri]
WP_246759680	87.674	99	860	865	872	0.0	1571	MULTISPECIES: type I DNA topoisomerase [Erwinia]
WP_103009768	86.243	100	865	865	865	0.0	1571	type I DNA topoisomerase [Hafnia alvei]
WP_099704794	86.163	99	860	865	862	0.0	1571	MULTISPECIES: type I DNA topoisomerase [unclassified Erwinia]
WP_409486030	86.651	100	869	865	869	0.0	1571	type I DNA topoisomerase [Serratia sp. J2]
WP_202727408	86.651	100	869	865	869	0.0	1571	type I DNA topoisomerase [Serratia fonticola]
WP_130988003	86.243	100	865	865	865	0.0	1571	type I DNA topoisomerase [Hafnia alvei]
WP_052899107	86.390	100	867	865	867	0.0	1571	type I DNA topoisomerase [Winslowiella iniecta]
WP_408579642	85.649	100	871	865	871	0.0	1571	type I DNA topoisomerase [Yersinia enterocolitica]
WP_092874678	86.163	99	860	865	862	0.0	1570	type I DNA topoisomerase [Izhakiella capsodis]
WP_168403416	85.202	100	865	865	865	0.0	1570	type I DNA topoisomerase [Erwinia amylovora]
WP_016266190	85.763	100	871	865	871	0.0	1570	type I DNA topoisomerase [Yersinia enterocolitica]
WP_313882885	86.243	100	865	865	865	0.0	1570	type I DNA topoisomerase [Hafnia alvei]
WP_095848816	86.474	100	865	865	865	0.0	1570	type I DNA topoisomerase [Gibbsiella quercinecans]
WP_115348397	86.243	100	865	865	865	0.0	1570	type I DNA topoisomerase [Hafnia alvei]
WP_101825621	87.514	100	865	865	865	0.0	1570	type I DNA topoisomerase [Chimaeribacter coloradensis]
WP_265621301	85.682	100	873	865	873	0.0	1570	type I DNA topoisomerase [Yersinia intermedia]
WP_212585647	85.550	100	872	865	872	0.0	1570	type I DNA topoisomerase [Yersinia sp. Marseille-Q3913]
WP_128451535	85.763	100	871	865	871	0.0	1570	type I DNA topoisomerase [Yersinia sp. 2105 StPb PI]
WP_342904899	86.936	100	865	865	877	0.0	1570	type I DNA topoisomerase [Erwinia sp. P6884]
WP_438596849	86.590	100	865	865	865	0.0	1570	type I DNA topoisomerase [Gibbsiella quercinecans]
WP_416262476	86.474	100	865	865	865	0.0	1570	type I DNA topoisomerase [Gibbsiella quercinecans]
WP_278809823	86.243	100	865	865	865	0.0	1570	type I DNA topoisomerase [Obesumbacterium proteus]
WP_121552548	86.474	100	865	865	865	0.0	1570	type I DNA topoisomerase [Gibbsiella quercinecans]
WP_034949065	86.744	99	860	865	870	0.0	1570	type I DNA topoisomerase [Erwinia oleae]
WP_427103515	85.355	100	874	865	874	0.0	1570	type I DNA topoisomerase [Pantoea sp. NSTU24]
WP_428943145	87.326	99	860	865	877	0.0	1569	type I DNA topoisomerase [Pantoea sp. FN060301]
WP_173409219	86.536	100	869	865	869	0.0	1569	MULTISPECIES: type I DNA topoisomerase [Serratia]
WP_411755352	86.536	100	869	865	869	0.0	1569	type I DNA topoisomerase [Serratia sp. (in: enterobacteria)]
WP_061795100	87.514	100	865	865	865	0.0	1569	MULTISPECIES: type I DNA topoisomerase [Serratia]
WP_054888184	85.550	100	872	865	872	0.0	1569	type I DNA topoisomerase [Yersinia aleksiciae]
WP_004876200	85.665	100	872	865	872	0.0	1569	type I DNA topoisomerase [Yersinia mollaretii]
WP_079834193	95.764	90	779	865	780	0.0	1569	type I DNA topoisomerase, partial [Salmonella enterica]
WP_049526834	85.649	100	871	865	871	0.0	1569	type I DNA topoisomerase [Yersinia enterocolitica]
WP_050156146	85.649	100	871	865	871	0.0	1569	type I DNA topoisomerase [Yersinia enterocolitica]
WP_202672978	86.536	100	869	865	869	0.0	1569	type I DNA topoisomerase [Serratia fonticola]
WP_168404795	85.087	100	865	865	865	0.0	1569	type I DNA topoisomerase [Erwinia amylovora]
WP_049648509	85.550	100	872	865	872	0.0	1569	type I DNA topoisomerase [Yersinia mollaretii]
WP_261467608	86.536	100	869	865	869	0.0	1569	type I DNA topoisomerase [Serratia fonticola]
WP_034915106	86.512	99	860	865	870	0.0	1568	type I DNA topoisomerase [Erwinia sp. 9145]
WP_168394839	85.087	100	865	865	865	0.0	1568	type I DNA topoisomerase [Erwinia amylovora]
WP_136155996	86.127	100	865	865	865	0.0	1568	type I DNA topoisomerase [Brenneria roseae]
WP_260454249	87.485	99	855	865	855	0.0	1568	type I DNA topoisomerase, partial [Serratia marcescens]
WP_432320665	85.534	100	871	865	871	0.0	1568	type I DNA topoisomerase [Yersinia enterocolitica]
WP_279156093	86.243	100	865	865	864	0.0	1567	type I DNA topoisomerase [Obesumbacterium proteus]
WP_168386000	85.087	100	865	865	865	0.0	1567	type I DNA topoisomerase [Erwinia amylovora]
WP_459402592	86.705	100	865	865	865	0.0	1567	type I DNA topoisomerase [Serratia sp. D1N4]
WP_313852167	86.275	100	867	865	867	0.0	1567	MULTISPECIES: type I DNA topoisomerase [Winslowiella]
WP_024910790	86.705	100	865	865	865	0.0	1567	type I DNA topoisomerase [Chania multitudinisentens]
WP_004157737	84.971	100	865	865	865	0.0	1567	type I DNA topoisomerase [Erwinia amylovora]
WP_338855483	86.821	100	865	865	861	0.0	1566	type I DNA topoisomerase [Serratia marcescens]
WP_099336704	84.855	100	865	865	865	0.0	1566	type I DNA topoisomerase [Erwinia amylovora]
WP_168393160	84.971	100	865	865	865	0.0	1566	type I DNA topoisomerase [Erwinia amylovora]
WP_380673521	86.358	100	865	865	865	0.0	1566	type I DNA topoisomerase [Serratia aquatilis]
WP_099349900	84.971	100	865	865	865	0.0	1566	type I DNA topoisomerase [Erwinia amylovora]
WP_275555802	87.558	99	860	865	862	0.0	1566	type I DNA topoisomerase [Mixta sp. Marseille-Q2659]
WP_114195892	86.936	100	865	865	865	0.0	1566	type I DNA topoisomerase [Edaphovirga cremea]
WP_396130483	86.358	100	865	865	865	0.0	1566	type I DNA topoisomerase [Ewingella allii]
WP_262198500	87.399	100	865	865	865	0.0	1566	type I DNA topoisomerase [Serratia ficaria]
WP_137763310	86.821	100	865	865	864	0.0	1565	type I DNA topoisomerase [Nissabacter sp. SGAir0207]
WP_123329580	86.474	100	865	865	865	0.0	1565	type I DNA topoisomerase [Erwinia sp. JUb26]
WP_099319684	84.855	100	865	865	865	0.0	1564	type I DNA topoisomerase [Erwinia amylovora]
WP_481125306	86.821	100	865	865	864	0.0	1564	N/A
WP_139771635	96.244	89	772	865	775	0.0	1563	type I DNA topoisomerase, partial [Salmonella enterica]
WP_056238324	86.127	100	865	865	865	0.0	1563	MULTISPECIES: type I DNA topoisomerase [unclassified Erwinia]
WP_101814521	87.168	100	865	865	865	0.0	1563	type I DNA topoisomerase [Chimaeribacter californicus]
WP_133841908	86.474	100	865	865	865	0.0	1563	MULTISPECIES: type I DNA topoisomerase [Erwinia]
WP_339507375	86.474	100	865	865	865	0.0	1563	type I DNA topoisomerase [Erwinia sp. MYb416]
WP_212815450	86.358	100	865	865	865	0.0	1563	type I DNA topoisomerase [Erwinia rhapontici]
WP_410411021	84.971	100	865	865	865	0.0	1563	type I DNA topoisomerase [Lonsdalea quercina]
WP_004715579	85.075	100	871	865	871	0.0	1563	type I DNA topoisomerase [Yersinia rohdei]
WP_353502352	86.243	100	865	865	865	0.0	1563	MULTISPECIES: type I DNA topoisomerase [Ewingella]
WP_081523235	99.733	86	748	865	748	0.0	1563	type I DNA topoisomerase, partial [Escherichia coli]
WP_405260701	86.358	100	865	865	865	0.0	1563	type I DNA topoisomerase [Erwinia sp. AnSW2-5]
WP_455819864	86.243	100	865	865	865	0.0	1562	type I DNA topoisomerase [Pseudomonas cerasi]
WP_200642480	86.358	100	865	865	865	0.0	1562	MULTISPECIES: type I DNA topoisomerase [Enterobacterales]
WP_049633410	84.960	100	871	865	875	0.0	1562	type I DNA topoisomerase [Yersinia aldovae]
WP_049615794	85.075	100	871	865	871	0.0	1562	type I DNA topoisomerase [Yersinia rohdei]
WP_346573857	86.279	99	860	865	866	0.0	1562	type I DNA topoisomerase [Erwinia sp. Eh17-17]
WP_112165687	86.358	100	865	865	865	0.0	1562	type I DNA topoisomerase [Rahnella inusitata]
WP_431021776	86.474	100	865	865	865	0.0	1562	type I DNA topoisomerase [Erwinia rhapontici]
WP_129951555	86.590	100	865	865	865	0.0	1561	MULTISPECIES: type I DNA topoisomerase [Rahnella]
WP_074727936	84.971	100	865	865	865	0.0	1561	type I DNA topoisomerase [Lonsdalea quercina]
WP_152198267	86.243	100	865	865	865	0.0	1561	type I DNA topoisomerase [Rouxiella sp. S1S-2]
WP_154751094	86.243	100	865	865	865	0.0	1561	type I DNA topoisomerase [Erwinia sorbitola]
WP_227534579	86.358	100	865	865	865	0.0	1561	type I DNA topoisomerase [Erwinia rhapontici]
WP_034790972	86.127	100	865	865	865	0.0	1561	type I DNA topoisomerase [Ewingella americana]
WP_225088064	86.590	100	865	865	865	0.0	1561	type I DNA topoisomerase [Pectobacterium colocasium]
WP_101076878	86.474	100	865	865	865	0.0	1561	type I DNA topoisomerase [Rahnella sp. AA]
WP_121574008	86.243	100	865	865	865	0.0	1560	type I DNA topoisomerase [Brenneria alni]
WP_217147387	86.590	100	865	865	865	0.0	1560	MULTISPECIES: type I DNA topoisomerase [Rahnella]
WP_122095507	86.243	100	865	865	865	0.0	1560	MULTISPECIES: type I DNA topoisomerase [Rahnella]
WP_191932483	86.395	99	860	865	866	0.0	1560	type I DNA topoisomerase [Erwinia persicina]
WP_185689877	86.127	100	865	865	865	0.0	1560	type I DNA topoisomerase [Ewingella americana]
WP_319847723	86.590	100	865	865	865	0.0	1560	type I DNA topoisomerase [Pectobacterium carotovorum]
WP_213050833	86.243	100	865	865	865	0.0	1560	type I DNA topoisomerase [Rahnella inusitata]
WP_100937207	86.012	100	865	865	865	0.0	1560	type I DNA topoisomerase [Ewingella americana]
WP_350239116	86.474	100	865	865	865	0.0	1560	type I DNA topoisomerase [Pectobacterium colocasium]
WP_072930721	86.936	100	865	865	865	0.0	1560	MULTISPECIES: type I DNA topoisomerase [Yersiniaceae]
WP_410409864	84.855	100	865	865	865	0.0	1560	type I DNA topoisomerase [Lonsdalea quercina]
WP_134279066	99.866	86	748	865	748	0.0	1560	type I DNA topoisomerase, partial [Escherichia coli]
WP_264495635	85.896	100	865	865	865	0.0	1560	type I DNA topoisomerase [Pectobacterium cacticida]
WP_411569682	85.896	100	865	865	865	0.0	1559	type I DNA topoisomerase [Pectobacterium cacticida]
WP_013575912	86.474	100	865	865	865	0.0	1559	MULTISPECIES: type I DNA topoisomerase [Rahnella]
WP_410451608	84.855	100	865	865	865	0.0	1559	type I DNA topoisomerase [Lonsdalea quercina]
WP_085071604	86.977	99	860	865	862	0.0	1559	type I DNA topoisomerase [Pantoea alhagi]
WP_217216218	86.474	100	865	865	865	0.0	1559	type I DNA topoisomerase [Rahnella aceris]
WP_337893764	86.012	100	865	865	865	0.0	1559	type I DNA topoisomerase [Erwinia sp. SLM-02]
WP_015697113	86.474	100	865	865	865	0.0	1559	type I DNA topoisomerase [Rahnella aquatilis]
WP_062743152	86.279	99	860	865	866	0.0	1559	type I DNA topoisomerase [Erwinia persicina]
WP_339457842	86.243	100	865	865	865	0.0	1558	type I DNA topoisomerase [Erwinia sp. MYb375]
WP_334512983	85.896	100	865	865	865	0.0	1558	type I DNA topoisomerase [Pectobacterium cacticida]
WP_410428695	84.624	100	865	865	865	0.0	1558	type I DNA topoisomerase [Lonsdalea quercina]
WP_132965974	86.474	100	865	865	865	0.0	1558	MULTISPECIES: type I DNA topoisomerase [Rahnella]
WP_409160170	86.358	100	865	865	865	0.0	1558	type I DNA topoisomerase [Pectobacterium sp. B2J-2]
WP_049596013	85.304	100	871	865	875	0.0	1558	type I DNA topoisomerase [Yersinia aldovae]
WP_315710816	85.665	100	865	865	865	0.0	1558	type I DNA topoisomerase [Brenneria uluponensis]
WP_413528657	86.127	100	865	865	865	0.0	1558	type I DNA topoisomerase [Rahnella inusitata]
WP_485612290	86.127	100	865	865	865	0.0	1558	N/A
WP_226054480	84.775	100	867	865	867	0.0	1558	type I DNA topoisomerase [Dickeya dadantii]
WP_169404435	86.243	100	865	865	865	0.0	1558	type I DNA topoisomerase [Rouxiella aceris]
WP_037034469	86.358	100	865	865	865	0.0	1558	type I DNA topoisomerase [Rahnella sp. WP5]
WP_263059606	86.474	100	865	865	865	0.0	1558	type I DNA topoisomerase [Pectobacterium sp. F1-1]
WP_309368642	86.358	100	865	865	865	0.0	1558	type I DNA topoisomerase [Rouxiella aceris]
WP_021015979	85.665	100	865	865	865	0.0	1558	type I DNA topoisomerase [Prodigiosinella confusarubida]
WP_112103958	84.393	100	865	865	865	0.0	1557	MULTISPECIES: type I DNA topoisomerase [Lonsdalea]
WP_120161421	86.474	100	865	865	865	0.0	1557	MULTISPECIES: type I DNA topoisomerase [Rahnella]
WP_410440608	84.740	100	865	865	865	0.0	1557	type I DNA topoisomerase [Lonsdalea quercina]
WP_145563918	85.189	100	871	865	875	0.0	1557	type I DNA topoisomerase [Yersinia aldovae]
WP_420073955	85.814	99	860	865	860	0.0	1557	type I DNA topoisomerase, partial [Yersinia sp. 2544 StPb PI]
WP_414067897	86.127	100	865	865	865	0.0	1557	type I DNA topoisomerase [Rahnella inusitata]
WP_055770543	86.127	100	865	865	865	0.0	1557	type I DNA topoisomerase [Rouxiella silvae]
WP_455814756	85.896	100	865	865	865	0.0	1557	type I DNA topoisomerase [Pseudomonas graminis]
WP_475651853	85.665	100	865	865	865	0.0	1557	N/A
WP_410418480	84.509	100	865	865	865	0.0	1557	type I DNA topoisomerase [Lonsdalea quercina]
WP_410430954	84.740	100	865	865	865	0.0	1557	type I DNA topoisomerase [Lonsdalea quercina]
WP_250650049	86.977	99	860	865	862	0.0	1557	type I DNA topoisomerase [Pantoea alhagi]
WP_165057142	86.590	100	865	865	865	0.0	1557	type I DNA topoisomerase [Rahnella contaminans]
WP_410439761	84.509	100	865	865	865	0.0	1556	type I DNA topoisomerase [Lonsdalea quercina]
WP_410426377	84.509	100	865	865	865	0.0	1556	type I DNA topoisomerase [Lonsdalea quercina]
WP_039344991	86.127	100	865	865	865	0.0	1556	type I DNA topoisomerase [Pectobacterium fontis]
WP_017493823	86.012	100	865	865	865	0.0	1556	type I DNA topoisomerase [Rouxiella badensis]
WP_269130480	86.012	100	865	865	865	0.0	1556	type I DNA topoisomerase [Rouxiella badensis]
WP_410444909	84.509	100	865	865	865	0.0	1556	type I DNA topoisomerase [Lonsdalea quercina]
WP_152325943	86.474	100	865	865	865	0.0	1556	MULTISPECIES: type I DNA topoisomerase [Rahnella]
WP_026742481	84.855	100	865	865	865	0.0	1556	type I DNA topoisomerase [Lonsdalea quercina]
WP_042545939	85.075	100	871	865	875	0.0	1556	type I DNA topoisomerase [Yersinia aldovae]
WP_410421447	84.509	100	865	865	865	0.0	1556	type I DNA topoisomerase [Lonsdalea quercina]
WP_129639847	86.358	100	865	865	865	0.0	1556	type I DNA topoisomerase [Rahnella variigena]
WP_208950459	86.474	100	865	865	865	0.0	1556	type I DNA topoisomerase [Rahnella sp. ChDrAdgB13]
WP_338637614	86.163	99	860	865	866	0.0	1556	type I DNA topoisomerase [Erwinia persicina]
WP_064513656	85.075	100	871	865	871	0.0	1555	MULTISPECIES: type I DNA topoisomerase [Yersinia]
WP_026739446	84.509	100	865	865	865	0.0	1555	type I DNA topoisomerase [Lonsdalea quercina]
WP_012667988	85.549	100	865	865	865	0.0	1555	type I DNA topoisomerase [Erwinia pyrifoliae]
WP_410407474	84.393	100	865	865	865	0.0	1555	type I DNA topoisomerase [Lonsdalea quercina]
WP_045046682	85.896	100	865	865	865	0.0	1555	type I DNA topoisomerase [Rouxiella chamberiensis]
WP_137713682	85.780	100	865	865	865	0.0	1555	type I DNA topoisomerase [Brenneria rubrifaciens]
WP_025903084	84.624	100	865	865	865	0.0	1555	MULTISPECIES: type I DNA topoisomerase [Tatumella]
WP_217175194	86.243	100	865	865	865	0.0	1555	type I DNA topoisomerase [Rahnella bonaserana]
WP_210176762	84.651	100	873	865	873	0.0	1555	type I DNA topoisomerase [Dickeya oryzae]
WP_140471580	85.780	100	865	865	865	0.0	1555	type I DNA topoisomerase [Ewingella americana]
WP_217150670	86.474	100	865	865	865	0.0	1555	type I DNA topoisomerase [Rahnella ecdela]
WP_207968040	85.534	100	871	865	871	0.0	1555	type I DNA topoisomerase [Yersinia pseudotuberculosis]
WP_342700795	84.651	100	873	865	873	0.0	1555	MULTISPECIES: type I DNA topoisomerase [Dickeya]
WP_050090658	85.534	100	871	865	871	0.0	1555	type I DNA topoisomerase [Yersinia pseudotuberculosis]
WP_085684061	84.277	100	865	865	865	0.0	1555	MULTISPECIES: type I DNA topoisomerase [Lonsdalea]
WP_410442484	84.393	100	865	865	865	0.0	1555	type I DNA topoisomerase [Lonsdalea quercina]
WP_410415121	84.509	100	865	865	865	0.0	1555	type I DNA topoisomerase [Lonsdalea quercina]
WP_212712948	84.393	100	865	865	865	0.0	1555	type I DNA topoisomerase [Tatumella sp. JGM118]
WP_033848486	85.534	100	871	865	871	0.0	1555	MULTISPECIES: type I DNA topoisomerase [Yersinia pseudotuberculosis complex]
WP_049598252	85.189	100	871	865	871	0.0	1555	type I DNA topoisomerase [Yersinia nurmii]
WP_120130942	86.127	100	865	865	865	0.0	1555	type I DNA topoisomerase [Rahnella woolbedingensis]
WP_145475988	85.419	100	871	865	871	0.0	1555	type I DNA topoisomerase [Yersinia similis]
WP_038908015	84.651	100	873	865	873	0.0	1555	type I DNA topoisomerase [Dickeya oryzae]
WP_195812561	86.358	100	865	865	865	0.0	1555	MULTISPECIES: type I DNA topoisomerase [Rahnella]
WP_210183022	84.536	100	873	865	873	0.0	1554	type I DNA topoisomerase [Dickeya parazeae]
WP_343871312	84.393	100	865	865	865	0.0	1554	type I DNA topoisomerase [Tatumella terrea]
WP_094109469	84.393	100	865	865	865	0.0	1554	type I DNA topoisomerase [Lonsdalea iberica]
WP_220177812	84.536	100	873	865	873	0.0	1554	type I DNA topoisomerase [Dickeya zeae]
WP_120506802	86.243	100	865	865	865	0.0	1554	type I DNA topoisomerase [Rahnella bruchi]
WP_224717509	86.127	100	865	865	865	0.0	1554	type I DNA topoisomerase [Pectobacterium versatile]
WP_095921673	86.012	100	865	865	865	0.0	1554	type I DNA topoisomerase [Rahnella victoriana]
WP_109054023	86.243	100	865	865	865	0.0	1554	type I DNA topoisomerase [Brenneria roseae]
WP_172287675	85.549	100	865	865	865	0.0	1553	MULTISPECIES: type I DNA topoisomerase [unclassified Brenneria]
WP_012105105	85.419	100	871	865	871	0.0	1553	MULTISPECIES: type I DNA topoisomerase [Yersinia pseudotuberculosis complex]
WP_236306326	84.422	100	873	865	873	0.0	1553	type I DNA topoisomerase [Dickeya zeae]
WP_282996987	87.663	97	843	865	843	0.0	1553	type I DNA topoisomerase, partial [Pantoea sp. Pa-EAmG]
WP_025383880	85.304	100	871	865	871	0.0	1553	type I DNA topoisomerase [Yersinia similis]
WP_408068235	85.419	100	871	865	871	0.0	1553	type I DNA topoisomerase [Yersinia pseudotuberculosis]
WP_038399844	85.419	100	871	865	871	0.0	1553	type I DNA topoisomerase [Yersinia pseudotuberculosis]
WP_224651763	86.127	100	865	865	865	0.0	1553	type I DNA topoisomerase [Pectobacterium versatile]
WP_131693327	86.012	100	865	865	865	0.0	1553	MULTISPECIES: type I DNA topoisomerase [Rahnella]
WP_050117545	85.419	100	871	865	871	0.0	1553	type I DNA topoisomerase [Yersinia pseudotuberculosis]
WP_070134325	84.988	100	866	865	866	0.0	1553	type I DNA topoisomerase [Candidatus Erwinia dacicola]
WP_038825724	85.419	100	871	865	871	0.0	1553	type I DNA topoisomerase [Yersinia pseudotuberculosis]
WP_459176550	85.665	100	865	865	865	0.0	1553	type I DNA topoisomerase [Ewingella americana]
WP_458854573	85.419	100	871	865	871	0.0	1553	type I DNA topoisomerase [Yersinia pseudotuberculosis]
WP_115115389	85.534	100	871	865	871	0.0	1553	type I DNA topoisomerase [Yersinia pseudotuberculosis]
WP_080103546	96.606	89	766	865	766	0.0	1553	type I DNA topoisomerase, partial [Salmonella enterica]
WP_410149464	86.243	100	865	865	865	0.0	1553	type I DNA topoisomerase [Rahnella selenatireducens]
WP_009112799	85.665	100	865	865	865	0.0	1552	MULTISPECIES: type I DNA topoisomerase [Brenneria]
WP_248587616	84.536	100	873	865	873	0.0	1552	type I DNA topoisomerase [Dickeya zeae]
WP_463736619	85.896	100	865	865	865	0.0	1552	N/A
WP_094100514	84.277	100	865	865	865	0.0	1552	type I DNA topoisomerase [Lonsdalea iberica]
WP_210193742	84.422	100	873	865	873	0.0	1552	type I DNA topoisomerase [Dickeya oryzae]
WP_121588903	85.202	100	865	865	865	0.0	1552	type I DNA topoisomerase [Brenneria goodwinii]
WP_249232308	85.549	100	865	865	865	0.0	1551	type I DNA topoisomerase [Brenneria tiliae]
WP_253001194	84.536	100	873	865	873	0.0	1551	type I DNA topoisomerase [Dickeya oryzae]
WP_126286954	85.419	100	871	865	871	0.0	1551	type I DNA topoisomerase [Yersinia pseudotuberculosis]
WP_267144928	85.797	100	866	865	867	0.0	1551	type I DNA topoisomerase [Winslowiella arboricola]
WP_414066129	86.243	100	865	865	865	0.0	1551	type I DNA topoisomerase [Rahnella inusitata]
WP_011192446	85.304	100	871	865	871	0.0	1551	type I DNA topoisomerase [Yersinia pseudotuberculosis]
WP_061323630	86.736	100	867	865	867	0.0	1551	type I DNA topoisomerase [Serratia rubidaea]
WP_168362520	84.422	100	873	865	873	0.0	1551	type I DNA topoisomerase [Dickeya zeae]
WP_015672512	86.736	100	867	865	867	0.0	1551	MULTISPECIES: type I DNA topoisomerase [Serratia]
WP_260453800	87.352	98	846	865	846	0.0	1551	type I DNA topoisomerase, partial [Serratia marcescens]
WP_349889351	85.797	100	866	865	866	0.0	1551	type I DNA topoisomerase [Pectobacterium aroidearum]
WP_012884779	84.422	100	873	865	873	0.0	1551	MULTISPECIES: type I DNA topoisomerase [Dickeya]
WP_094106935	84.162	100	865	865	865	0.0	1551	type I DNA topoisomerase [Lonsdalea populi]
WP_042524917	84.386	100	871	865	871	0.0	1551	type I DNA topoisomerase [Yersinia ruckeri]
WP_168365724	84.307	100	873	865	873	0.0	1551	type I DNA topoisomerase [Dickeya zeae]
WP_016941328	84.307	100	873	865	873	0.0	1550	type I DNA topoisomerase [Dickeya zeae]
WP_249246598	85.434	100	865	865	865	0.0	1550	type I DNA topoisomerase [Brenneria tiliae]
WP_105231312	86.505	100	867	865	867	0.0	1550	MULTISPECIES: type I DNA topoisomerase [Serratia]
WP_210175662	84.422	100	873	865	873	0.0	1550	type I DNA topoisomerase [Dickeya oryzae]
WP_052988062	99.597	86	745	865	745	0.0	1550	type I DNA topoisomerase, partial [Shigella sonnei]
WP_038823909	85.304	100	871	865	871	0.0	1550	type I DNA topoisomerase [Yersinia pseudotuberculosis]
WP_226092556	84.422	100	873	865	873	0.0	1550	type I DNA topoisomerase [Dickeya oryzae]
WP_039473052	85.681	100	866	865	866	0.0	1550	type I DNA topoisomerase [Pectobacterium carotovorum]
WP_103058435	86.395	99	860	865	862	0.0	1550	type I DNA topoisomerase [Mixta theicola]
WP_271878556	86.358	100	865	865	865	0.0	1550	type I DNA topoisomerase [Pectobacterium sp. A5351]
WP_349871914	85.797	100	866	865	866	0.0	1550	type I DNA topoisomerase [Pectobacterium aroidearum]
WP_106461609	85.189	100	871	865	871	0.0	1550	type I DNA topoisomerase [Yersinia pseudotuberculosis]
WP_038904398	84.422	100	873	865	873	0.0	1550	type I DNA topoisomerase [Dickeya zeae]
WP_042870498	84.198	100	867	865	867	0.0	1550	type I DNA topoisomerase [Dickeya poaceiphila]
WP_438690874	85.829	100	868	865	868	0.0	1550	type I DNA topoisomerase [Serratia sp. (in: enterobacteria)]
WP_010295184	85.681	100	866	865	866	0.0	1550	type I DNA topoisomerase [Pectobacterium carotovorum]
WP_193398602	85.896	100	865	865	865	0.0	1550	type I DNA topoisomerase [Pectobacterium quasiaquaticum]
WP_440507183	87.352	98	846	865	846	0.0	1550	type I DNA topoisomerase, partial [Serratia nevei]
WP_286637166	87.352	98	846	865	846	0.0	1550	type I DNA topoisomerase, partial [Serratia marcescens]
WP_039358543	85.335	100	866	865	866	0.0	1550	type I DNA topoisomerase [Pectobacterium actinidiae]
WP_038925913	84.307	100	873	865	873	0.0	1550	type I DNA topoisomerase [Dickeya oryzae]
WP_039489493	85.681	100	866	865	866	0.0	1550	type I DNA topoisomerase [Pectobacterium odoriferum]
WP_323663856	85.681	100	866	865	866	0.0	1550	type I DNA topoisomerase [Pectobacterium carotovorum]
WP_317697015	86.358	100	865	865	865	0.0	1549	type I DNA topoisomerase [Serratia sp. UGAL515B_01]
WP_019845082	84.307	100	873	865	873	0.0	1549	type I DNA topoisomerase [Dickeya zeae]
WP_102801741	84.307	100	873	865	873	0.0	1549	type I DNA topoisomerase [Dickeya zeae]
WP_168639893	84.083	100	867	865	867	0.0	1549	type I DNA topoisomerase [Dickeya sp. CFBP 2040]
WP_017799901	85.797	100	866	865	867	0.0	1549	type I DNA topoisomerase [Winslowiella toletana]
WP_224552565	86.012	100	865	865	865	0.0	1549	type I DNA topoisomerase [Pectobacterium versatile]
WP_180741029	86.012	100	865	865	865	0.0	1549	MULTISPECIES: type I DNA topoisomerase [Pectobacterium]
WP_318759247	96.597	88	764	865	764	0.0	1549	type I DNA topoisomerase, partial [Salmonella enterica]
WP_336870100	85.797	100	866	865	866	0.0	1549	MULTISPECIES: type I DNA topoisomerase [Pectobacterium]
WP_212602385	86.621	100	867	865	867	0.0	1549	type I DNA topoisomerase [Serratia rubidaea]
WP_039531544	85.566	100	866	865	866	0.0	1549	type I DNA topoisomerase [Pectobacterium carotovorum]
WP_023639723	84.307	100	873	865	873	0.0	1549	type I DNA topoisomerase [Dickeya zeae]
WP_136167702	85.780	100	865	865	865	0.0	1549	type I DNA topoisomerase [Brenneria corticis]
WP_474084659	85.780	100	865	865	865	0.0	1548	N/A
WP_123767253	85.189	100	871	865	871	0.0	1548	type I DNA topoisomerase [Yersinia pseudotuberculosis]
WP_256711742	85.566	100	866	865	866	0.0	1548	type I DNA topoisomerase [Pectobacterium carotovorum]
WP_332740022	85.434	100	865	865	865	0.0	1548	type I DNA topoisomerase [Rouxiella sp. T17]
WP_321166047	87.337	98	845	865	845	0.0	1548	type I DNA topoisomerase, partial [Serratia nevei]
WP_458817752	93.997	91	783	865	783	0.0	1548	type I DNA topoisomerase, partial [Enterobacter bugandensis]
WP_275070463	85.219	100	866	865	866	0.0	1548	type I DNA topoisomerase [Pectobacterium actinidiae]
WP_319602492	85.087	100	865	865	865	0.0	1548	MULTISPECIES: type I DNA topoisomerase [unclassified Brenneria]
WP_349916264	85.566	100	866	865	866	0.0	1548	type I DNA topoisomerase [Pectobacterium aroidearum]
WP_180776823	85.566	100	866	865	866	0.0	1548	type I DNA topoisomerase [Pectobacterium aroidearum]
WP_336827850	85.566	100	866	865	866	0.0	1548	type I DNA topoisomerase [Pectobacterium carotovorum]
WP_203066527	86.390	100	867	865	867	0.0	1548	type I DNA topoisomerase [Serratia sp. Tan611]
WP_335472018	85.566	100	866	865	866	0.0	1548	type I DNA topoisomerase [Pectobacterium carotovorum]
WP_484591297	86.621	100	867	865	867	0.0	1548	N/A
WP_025119214	85.829	100	868	865	868	0.0	1548	MULTISPECIES: type I DNA topoisomerase [unclassified Serratia (in: enterobacteria)]
WP_161528989	85.681	100	866	865	866	0.0	1548	type I DNA topoisomerase [Pectobacterium odoriferum]
WP_002210622	85.189	100	871	865	871	0.0	1548	MULTISPECIES: type I DNA topoisomerase [Yersinia pseudotuberculosis complex]
WP_125232708	85.566	100	866	865	866	0.0	1547	type I DNA topoisomerase [Pectobacterium versatile]
WP_103162025	85.681	100	866	865	866	0.0	1547	type I DNA topoisomerase [Pectobacterium odoriferum]
WP_182099697	85.566	100	866	865	866	0.0	1547	MULTISPECIES: type I DNA topoisomerase [Pectobacterium]
WP_336841531	85.566	100	866	865	866	0.0	1547	type I DNA topoisomerase [Pectobacterium carotovorum]
WP_258575798	85.549	100	865	865	865	0.0	1547	type I DNA topoisomerase [Candidatus Pantoea persica]
WP_048697270	85.434	100	865	865	865	0.0	1547	type I DNA topoisomerase [Erwinia piriflorinigrans]
WP_336855401	85.566	100	866	865	866	0.0	1547	type I DNA topoisomerase [Pectobacterium carotovorum]
WP_038913983	84.307	100	873	865	873	0.0	1547	type I DNA topoisomerase [Dickeya zeae]
WP_109225186	85.566	100	866	865	866	0.0	1546	type I DNA topoisomerase [Pectobacterium versatile]
WP_161509289	85.566	100	866	865	866	0.0	1546	type I DNA topoisomerase [Pectobacterium carotovorum]
WP_323641544	85.566	100	866	865	866	0.0	1546	type I DNA topoisomerase [Pectobacterium carotovorum]
WP_336859073	85.566	100	866	865	866	0.0	1546	type I DNA topoisomerase [Pectobacterium versatile]
WP_103860717	85.566	100	866	865	866	0.0	1546	MULTISPECIES: type I DNA topoisomerase [Pectobacterium]
WP_234049202	84.386	100	871	865	871	0.0	1546	type I DNA topoisomerase [Yersinia ruckeri]
WP_130623693	85.566	100	866	865	866	0.0	1546	type I DNA topoisomerase [Pectobacterium versatile]
WP_015840249	85.450	100	866	865	866	0.0	1546	MULTISPECIES: type I DNA topoisomerase [Pectobacterium]
WP_342411723	85.450	100	866	865	866	0.0	1546	type I DNA topoisomerase [Pectobacterium aroidearum]
WP_252748805	84.162	100	865	865	865	0.0	1546	type I DNA topoisomerase [Serratia symbiotica]
WP_194430172	85.566	100	866	865	866	0.0	1546	type I DNA topoisomerase [Pectobacterium carotovorum]
WP_205559031	85.450	100	866	865	866	0.0	1546	type I DNA topoisomerase [Pectobacterium brasiliense]
WP_104921654	86.243	100	865	865	865	0.0	1546	type I DNA topoisomerase [Rahnella sikkimica]
WP_016589524	85.189	100	871	865	871	0.0	1546	type I DNA topoisomerase [Yersinia pestis]
WP_038242556	84.730	100	871	865	871	0.0	1546	type I DNA topoisomerase [Yersinia ruckeri]
WP_422794402	85.780	100	865	865	865	0.0	1546	type I DNA topoisomerase [Rouxiella sp. Mn2063]
WP_211026952	85.566	100	866	865	866	0.0	1546	type I DNA topoisomerase [Pectobacterium versatile]
WP_225180997	85.566	100	866	865	866	0.0	1546	type I DNA topoisomerase [Pectobacterium aroidearum]
WP_039496180	85.450	100	866	865	866	0.0	1546	type I DNA topoisomerase [Pectobacterium brasiliense]
WP_323639082	85.219	100	866	865	866	0.0	1546	type I DNA topoisomerase [Pectobacterium polonicum]
WP_181828514	85.450	100	866	865	866	0.0	1546	MULTISPECIES: type I DNA topoisomerase [Pectobacterium]
WP_233967974	85.450	100	866	865	866	0.0	1545	type I DNA topoisomerase [Pectobacterium polaris]
WP_188471734	85.335	100	866	865	866	0.0	1545	type I DNA topoisomerase [Hafnia psychrotolerans]
WP_181844991	85.450	100	866	865	866	0.0	1545	type I DNA topoisomerase [Pectobacterium aroidearum]
WP_233980777	85.450	100	866	865	866	0.0	1545	type I DNA topoisomerase [Pectobacterium versatile]
WP_174876834	85.450	100	866	865	866	0.0	1545	type I DNA topoisomerase [Pectobacterium polaris]
WP_130637800	85.450	100	866	865	866	0.0	1545	type I DNA topoisomerase [Pectobacterium versatile]
WP_205595124	85.450	100	866	865	866	0.0	1545	type I DNA topoisomerase [Pectobacterium brasiliense]
WP_180783813	85.450	100	866	865	866	0.0	1545	type I DNA topoisomerase [Pectobacterium versatile]
WP_119880092	85.450	100	866	865	866	0.0	1545	type I DNA topoisomerase [Pectobacterium versatile]
WP_119874231	85.450	100	866	865	866	0.0	1545	MULTISPECIES: type I DNA topoisomerase [Pectobacterium]
WP_252616803	85.450	100	866	865	866	0.0	1545	type I DNA topoisomerase [Pectobacterium versatile]
WP_137739688	85.219	100	866	865	866	0.0	1545	type I DNA topoisomerase [Pectobacterium polonicum]
WP_349922733	85.450	100	866	865	866	0.0	1545	type I DNA topoisomerase [Pectobacterium aroidearum]
WP_390216477	85.318	100	865	865	865	0.0	1545	type I DNA topoisomerase [Brenneria goodwinii]
WP_349856694	85.450	100	866	865	866	0.0	1545	type I DNA topoisomerase [Pectobacterium aroidearum]
WP_040155054	84.615	100	871	865	871	0.0	1545	type I DNA topoisomerase [Yersinia ruckeri]
WP_040035700	85.450	100	866	865	866	0.0	1545	type I DNA topoisomerase [Pectobacterium brasiliense]
WP_203450462	85.450	100	866	865	866	0.0	1545	type I DNA topoisomerase [Pectobacterium brasiliense]
WP_038919025	84.660	100	867	865	867	0.0	1545	MULTISPECIES: type I DNA topoisomerase [Dickeya]
WP_233989297	85.450	100	866	865	866	0.0	1544	type I DNA topoisomerase [Pectobacterium brasiliense]
WP_400361680	85.335	100	866	865	866	0.0	1544	type I DNA topoisomerase [Pectobacterium brasiliense]
WP_390255012	85.318	100	865	865	865	0.0	1544	type I DNA topoisomerase [Brenneria goodwinii]
WP_233986621	85.450	100	866	865	866	0.0	1544	type I DNA topoisomerase [Pectobacterium versatile]
WP_180784301	85.450	100	866	865	866	0.0	1544	type I DNA topoisomerase [Pectobacterium brasiliense]
WP_108935103	100.000	85	739	865	739	0.0	1544	type I DNA topoisomerase, partial [Escherichia coli]
WP_010275225	85.450	100	866	865	866	0.0	1544	MULTISPECIES: type I DNA topoisomerase [Pectobacterium]
WP_374069461	84.429	100	867	865	867	0.0	1544	type I DNA topoisomerase [Dickeya dadantii]
WP_267260592	84.615	100	871	865	871	0.0	1544	type I DNA topoisomerase [Yersinia ruckeri]
WP_107759349	84.660	100	867	865	867	0.0	1544	type I DNA topoisomerase [Dickeya sp. Secpp 1600]
WP_095699439	85.450	100	866	865	866	0.0	1543	type I DNA topoisomerase [Pectobacterium polaris]
WP_264088736	85.318	100	865	865	865	0.0	1543	type I DNA topoisomerase [Brenneria izbisi]
WP_327613507	84.740	100	865	865	865	0.0	1543	type I DNA topoisomerase [Brenneria populi]
WP_205568288	85.335	100	866	865	866	0.0	1543	type I DNA topoisomerase [Pectobacterium brasiliense]
WP_000513603	99.730	86	741	865	741	0.0	1543	type I DNA topoisomerase, partial [Escherichia coli]
WP_048638915	85.202	100	865	865	865	0.0	1543	type I DNA topoisomerase [Brenneria goodwinii]
WP_102117633	85.450	100	866	865	866	0.0	1543	type I DNA topoisomerase [Pectobacterium aquaticum]
WP_205537877	85.450	100	866	865	866	0.0	1543	type I DNA topoisomerase [Pectobacterium brasiliense]
WP_119888852	85.450	100	866	865	866	0.0	1543	type I DNA topoisomerase [Pectobacterium polaris]
WP_038832236	85.075	100	871	865	871	0.0	1543	type I DNA topoisomerase [Yersinia pestis]
WP_349908336	85.450	100	866	865	866	0.0	1543	type I DNA topoisomerase [Pectobacterium brasiliense]
WP_205542392	85.104	100	866	865	866	0.0	1543	type I DNA topoisomerase [Pectobacterium punjabense]
WP_400374901	85.335	100	866	865	866	0.0	1543	type I DNA topoisomerase [Pectobacterium sp. CHL-2024]
WP_390226038	85.318	100	865	865	865	0.0	1543	type I DNA topoisomerase [Brenneria goodwinii]
WP_049853975	84.544	100	867	865	867	0.0	1543	type I DNA topoisomerase [Dickeya fangzhongdai]
WP_122792581	99.865	85	739	865	739	0.0	1543	type I DNA topoisomerase, partial [Escherichia coli]
WP_258884957	85.104	100	866	865	866	0.0	1543	type I DNA topoisomerase [Pectobacterium polonicum]
WP_261390831	87.292	97	842	865	842	0.0	1543	type I DNA topoisomerase, partial [Serratia marcescens]
WP_349926132	85.335	100	866	865	866	0.0	1543	type I DNA topoisomerase [Pectobacterium jejuense]
WP_014915357	85.335	100	866	865	866	0.0	1543	MULTISPECIES: type I DNA topoisomerase [Pectobacterium]
WP_445499625	85.335	100	866	865	866	0.0	1543	type I DNA topoisomerase [Pectobacterium brasiliense]
WP_277516696	85.450	100	866	865	866	0.0	1543	type I DNA topoisomerase [Pectobacterium polaris]
WP_248594011	84.615	100	871	865	871	0.0	1542	type I DNA topoisomerase [Yersinia ruckeri]
WP_095834109	85.087	100	865	865	865	0.0	1542	type I DNA topoisomerase [Brenneria goodwinii]
WP_416121297	86.012	100	865	865	865	0.0	1542	type I DNA topoisomerase [Rahnella sp. PCH160]
WP_240585315	85.335	100	866	865	866	0.0	1542	type I DNA topoisomerase [Pectobacterium sp. PL64]
WP_039517280	85.335	100	866	865	866	0.0	1542	MULTISPECIES: type I DNA topoisomerase [Pectobacterium]
WP_107170394	84.988	100	866	865	866	0.0	1542	type I DNA topoisomerase [Pectobacterium punjabense]
WP_409308820	84.544	100	867	865	867	0.0	1542	type I DNA topoisomerase [Pectobacterium sp. B1J-3]
WP_129707899	85.335	100	866	865	866	0.0	1542	type I DNA topoisomerase [Pectobacterium zantedeschiae]
WP_209126844	84.429	100	867	865	867	0.0	1542	type I DNA topoisomerase [Dickeya fangzhongdai]
WP_145579393	85.280	98	856	865	856	0.0	1542	type I DNA topoisomerase [Yersinia massiliensis]
WP_013317897	84.314	100	867	865	867	0.0	1542	type I DNA topoisomerase [Dickeya dadantii]
WP_225582758	85.450	100	866	865	866	0.0	1542	type I DNA topoisomerase [Pectobacterium brasiliense]
WP_483279638	85.335	100	866	865	866	0.0	1542	N/A
WP_132455404	85.467	100	867	865	867	0.0	1542	type I DNA topoisomerase [Samsonia erythrinae]
WP_275209260	85.335	100	866	865	866	0.0	1542	type I DNA topoisomerase [Pectobacterium polaris]
WP_205550510	85.335	100	866	865	866	0.0	1541	type I DNA topoisomerase [Pectobacterium jejuense]
WP_006709699	83.737	100	867	865	867	0.0	1541	type I DNA topoisomerase [Serratia symbiotica]
WP_205567079	85.335	100	866	865	866	0.0	1541	type I DNA topoisomerase [Pectobacterium brasiliense]
WP_400352627	85.335	100	866	865	866	0.0	1541	type I DNA topoisomerase [Pectobacterium jejuense]
WP_077245282	84.314	100	867	865	867	0.0	1541	type I DNA topoisomerase [Dickeya dadantii]
WP_039549548	85.219	100	866	865	866	0.0	1541	type I DNA topoisomerase [Pectobacterium brasiliense]
WP_048256980	85.335	100	866	865	866	0.0	1541	type I DNA topoisomerase [Pectobacterium brasiliense]
WP_327616735	84.740	100	865	865	865	0.0	1541	type I DNA topoisomerase [Brenneria populi]
WP_219681219	85.335	100	866	865	866	0.0	1541	type I DNA topoisomerase [Pectobacterium polaris]
WP_113867268	85.202	100	865	865	865	0.0	1541	type I DNA topoisomerase [Brenneria salicis]
WP_208230973	85.434	100	865	865	865	0.0	1541	type I DNA topoisomerase [Brenneria izadpanahii]
WP_234256903	84.873	100	866	865	866	0.0	1541	type I DNA topoisomerase [Pectobacterium sp. IFB5596]
WP_400350192	85.335	100	866	865	866	0.0	1541	type I DNA topoisomerase [Pectobacterium parvum]
WP_192456923	84.810	100	869	865	868	0.0	1541	type I DNA topoisomerase [Musicola keenii]
WP_039480851	85.219	100	866	865	866	0.0	1541	MULTISPECIES: type I DNA topoisomerase [Pectobacterium]
WP_336710483	85.219	100	866	865	866	0.0	1541	type I DNA topoisomerase [Pectobacterium aroidearum]
WP_411559310	85.219	100	866	865	866	0.0	1541	type I DNA topoisomerase [Pectobacterium brasiliense]
WP_171850863	84.198	100	867	865	867	0.0	1540	type I DNA topoisomerase [Dickeya dadantii]
WP_038893575	84.960	100	871	865	875	0.0	1540	type I DNA topoisomerase [Yersinia pestis]
WP_261849821	84.988	100	866	865	866	0.0	1540	type I DNA topoisomerase [Pectobacterium araliae]
WP_213992315	84.162	100	865	865	862	0.0	1540	type I DNA topoisomerase [Sodalis sp. dw_96]
WP_336862764	85.219	100	866	865	866	0.0	1540	type I DNA topoisomerase [Pectobacterium brasiliense]
WP_172872003	92.875	91	786	865	787	0.0	1540	type I DNA topoisomerase, partial [Klebsiella variicola]
WP_027712113	84.491	100	864	865	867	0.0	1540	type I DNA topoisomerase [Dickeya chrysanthemi]
WP_400337161	85.219	100	866	865	866	0.0	1540	type I DNA topoisomerase [Pectobacterium sp. CHL-2024]
WP_127958355	84.296	100	866	865	864	0.0	1540	type I DNA topoisomerase [Serratia microhaemolytica]
WP_410015220	84.162	100	865	865	862	0.0	1540	MULTISPECIES: type I DNA topoisomerase [unclassified Sodalis (in: enterobacteria)]
WP_216282872	84.198	100	867	865	867	0.0	1540	type I DNA topoisomerase [Dickeya dadantii]
WP_038922768	84.198	100	867	865	867	0.0	1540	type I DNA topoisomerase [Dickeya dadantii]
WP_033071499	85.219	100	866	865	866	0.0	1540	type I DNA topoisomerase [Pectobacterium parmentieri]
WP_042859807	84.198	100	867	865	867	0.0	1540	type I DNA topoisomerase [Dickeya sp. NCPPB 3274]
WP_205604874	85.219	100	866	865	866	0.0	1540	type I DNA topoisomerase [Pectobacterium brasiliense]
WP_413724561	84.162	100	865	865	862	0.0	1540	MULTISPECIES: type I DNA topoisomerase [unclassified Sodalis (in: enterobacteria)]
WP_033568758	84.198	100	867	865	867	0.0	1540	type I DNA topoisomerase [Dickeya undicola]
WP_205534547	85.219	100	866	865	866	0.0	1540	type I DNA topoisomerase [Pectobacterium brasiliense]
WP_085651350	84.509	100	865	865	865	0.0	1539	type I DNA topoisomerase [Lonsdalea britannica]
WP_400275875	85.104	100	866	865	866	0.0	1539	type I DNA topoisomerase [Pectobacterium sp. CHL-2024]
WP_268197315	85.104	100	866	865	866	0.0	1539	type I DNA topoisomerase [Pectobacterium brasiliense]
WP_038658773	84.314	100	867	865	867	0.0	1539	type I DNA topoisomerase [Dickeya fangzhongdai]
WP_039276197	85.219	100	866	865	866	0.0	1539	type I DNA topoisomerase [Pectobacterium brasiliense]
WP_205554518	85.104	100	866	865	866	0.0	1539	type I DNA topoisomerase [Pectobacterium brasiliense]
WP_349895030	84.988	100	866	865	866	0.0	1539	type I DNA topoisomerase [Pectobacterium brasiliense]
WP_012769871	84.259	100	864	865	867	0.0	1539	MULTISPECIES: type I DNA topoisomerase [Dickeya]
WP_048260152	85.104	100	866	865	866	0.0	1539	type I DNA topoisomerase [Pectobacterium peruviense]
WP_341613050	84.988	100	866	865	866	0.0	1538	type I DNA topoisomerase [Pectobacterium punjabense]
WP_039693966	84.198	100	867	865	867	0.0	1538	type I DNA topoisomerase [Dickeya fangzhongdai]
WP_413730480	84.046	100	865	865	862	0.0	1538	MULTISPECIES: type I DNA topoisomerase [unclassified Sodalis (in: enterobacteria)]
WP_171852742	84.083	100	867	865	867	0.0	1538	type I DNA topoisomerase [Dickeya dadantii]
WP_040266076	84.277	100	865	865	865	0.0	1538	type I DNA topoisomerase [Serratia symbiotica]
WP_289431618	84.144	100	864	865	867	0.0	1538	type I DNA topoisomerase [Dickeya chrysanthemi]
WP_304168641	84.393	100	865	865	865	0.0	1538	type I DNA topoisomerase [Lonsdalea britannica]
WP_321157474	87.262	97	840	865	840	0.0	1538	type I DNA topoisomerase, partial [Serratia nevei]
WP_039310266	85.219	100	866	865	866	0.0	1538	type I DNA topoisomerase [Pectobacterium atrosepticum]
WP_194174192	99.729	85	737	865	737	0.0	1538	type I DNA topoisomerase, partial [Escherichia coli]
WP_160743914	84.277	100	865	865	865	0.0	1538	type I DNA topoisomerase [Serratia symbiotica]
WP_440530085	87.158	97	841	865	841	0.0	1538	type I DNA topoisomerase, partial [Serratia sarumanii]
WP_211025597	85.104	100	866	865	866	0.0	1537	type I DNA topoisomerase [Pectobacterium versatile]
WP_132921417	84.046	100	865	865	862	0.0	1537	type I DNA topoisomerase [Sodalis ligni]
WP_011093844	85.104	100	866	865	866	0.0	1537	type I DNA topoisomerase [Pectobacterium atrosepticum]
WP_080076041	96.447	88	760	865	761	0.0	1537	type I DNA topoisomerase, partial [Salmonella enterica]
WP_150434082	85.087	100	865	865	865	0.0	1537	type I DNA topoisomerase [Affinibrenneria salicis]
WP_100016920	85.104	100	866	865	866	0.0	1537	type I DNA topoisomerase [Pectobacterium brasiliense]
WP_014699936	85.104	100	866	865	866	0.0	1537	type I DNA topoisomerase [Pectobacterium parmentieri]
WP_015730472	85.104	100	866	865	866	0.0	1536	type I DNA topoisomerase [Pectobacterium parmentieri]
WP_015871044	83.931	100	865	865	866	0.0	1536	type I DNA topoisomerase [Edwardsiella ictaluri]
WP_039299944	85.104	100	866	865	866	0.0	1536	type I DNA topoisomerase [Pectobacterium betavasculorum]
WP_136988391	84.302	99	860	865	862	0.0	1536	type I DNA topoisomerase [Martelella alba]
WP_012765531	84.580	100	869	865	868	0.0	1536	type I DNA topoisomerase [Musicola paradisiaca]
WP_337977291	84.740	100	865	865	866	0.0	1536	type I DNA topoisomerase [Edwardsiella tarda]
WP_005968653	85.104	100	866	865	866	0.0	1536	type I DNA topoisomerase [Pectobacterium wasabiae]
WP_370557619	84.740	100	865	865	866	0.0	1535	type I DNA topoisomerase [Edwardsiella tarda]
WP_226052313	83.968	100	867	865	867	0.0	1535	type I DNA topoisomerase [Dickeya chrysanthemi]
WP_211045423	84.988	100	866	865	866	0.0	1535	type I DNA topoisomerase [Pectobacterium versatile]
WP_370548887	84.740	100	865	865	866	0.0	1535	type I DNA topoisomerase [Edwardsiella tarda]
WP_456195617	84.740	100	865	865	866	0.0	1535	type I DNA topoisomerase [Edwardsiella tarda]
WP_025919080	84.988	100	866	865	866	0.0	1535	type I DNA topoisomerase [Pectobacterium parmentieri]
WP_039291757	84.873	100	866	865	866	0.0	1535	type I DNA topoisomerase [Pectobacterium atrosepticum]
WP_438333694	84.740	100	865	865	866	0.0	1535	type I DNA topoisomerase [Edwardsiella tarda]
WP_147095803	87.247	97	839	865	839	0.0	1535	type I DNA topoisomerase, partial [Serratia marcescens]
WP_370558624	84.855	100	865	865	866	0.0	1535	type I DNA topoisomerase [Edwardsiella tarda]
WP_016192569	85.465	99	860	865	870	0.0	1535	type I DNA topoisomerase [Erwinia tracheiphila]
WP_214513108	84.046	100	865	865	862	0.0	1535	type I DNA topoisomerase [Sodalis ligni]
WP_329821587	99.728	85	736	865	736	0.0	1535	type I DNA topoisomerase, partial [Escherichia coli]
WP_400409124	84.988	100	866	865	866	0.0	1534	type I DNA topoisomerase [Pectobacterium versatile]
WP_261830881	83.931	100	865	865	861	0.0	1534	type I DNA topoisomerase [Leminorella grimontii]
WP_342098546	85.104	100	866	865	866	0.0	1534	type I DNA topoisomerase [Pectobacterium betavasculorum]
WP_009636003	85.780	100	865	865	865	0.0	1534	type I DNA topoisomerase [Serratia sp. M24T3]
WP_005285326	84.740	100	865	865	866	0.0	1534	type I DNA topoisomerase [Edwardsiella tarda]
WP_162365147	83.931	100	865	865	862	0.0	1534	type I DNA topoisomerase [Acerihabitans arboris]
WP_369788381	85.780	100	865	865	865	0.0	1534	type I DNA topoisomerase [Rouxiella sp. WC2420]
WP_012441352	85.233	99	860	865	866	0.0	1534	type I DNA topoisomerase [Erwinia tasmaniensis]
WP_061770752	84.046	100	865	865	865	0.0	1534	type I DNA topoisomerase [Serratia symbiotica]
WP_285287351	92.857	91	784	865	784	0.0	1533	type I DNA topoisomerase, partial [Klebsiella pneumoniae]
WP_047060003	84.740	100	865	865	866	0.0	1533	type I DNA topoisomerase [Edwardsiella tarda]
WP_027273071	84.046	100	865	865	861	0.0	1533	type I DNA topoisomerase [Leminorella grimontii]
WP_230609991	84.046	100	865	865	862	0.0	1533	type I DNA topoisomerase [Limnobaculum eriocheiris]
WP_205438287	84.740	100	865	865	866	0.0	1533	type I DNA topoisomerase [Edwardsiella tarda]
WP_233480709	85.349	99	860	865	870	0.0	1533	type I DNA topoisomerase [Erwinia tracheiphila]
WP_430476150	84.873	100	866	865	866	0.0	1533	type I DNA topoisomerase [Edwardsiella tarda]
WP_416711243	84.740	100	865	865	866	0.0	1533	type I DNA topoisomerase [Edwardsiella tarda]
WP_035603017	84.740	100	865	865	866	0.0	1533	type I DNA topoisomerase [Edwardsiella tarda]
WP_370555667	84.740	100	865	865	866	0.0	1533	type I DNA topoisomerase [Edwardsiella tarda]
WP_370550371	84.873	100	866	865	866	0.0	1533	type I DNA topoisomerase [Edwardsiella tarda]
WP_068871393	84.873	100	866	865	866	0.0	1533	type I DNA topoisomerase [Edwardsiella tarda]
WP_370545812	84.624	100	865	865	866	0.0	1532	type I DNA topoisomerase [Edwardsiella tarda]
WP_040000940	83.852	100	867	865	867	0.0	1532	type I DNA topoisomerase [Dickeya chrysanthemi]
WP_049040400	96.063	88	762	865	762	0.0	1532	type I DNA topoisomerase, partial [Citrobacter braakii]
WP_279509477	84.624	100	865	865	866	0.0	1532	type I DNA topoisomerase [Edwardsiella tarda]
WP_029685549	83.468	100	865	865	865	0.0	1532	type I DNA topoisomerase [Tatumella saanichensis]
WP_456190765	84.624	100	865	865	866	0.0	1532	type I DNA topoisomerase [Edwardsiella tarda]
WP_395755048	83.699	100	865	865	866	0.0	1532	type I DNA topoisomerase [Edwardsiella ictaluri]
WP_370554414	84.624	100	865	865	866	0.0	1531	type I DNA topoisomerase [Edwardsiella tarda]
WP_242753394	83.852	100	867	865	867	0.0	1531	type I DNA topoisomerase [Dickeya dianthicola]
WP_074821306	83.468	100	865	865	860	0.0	1531	type I DNA topoisomerase [Pragia fontium]
WP_038020773	83.815	100	865	865	865	0.0	1531	type I DNA topoisomerase [Tatumella morbirosei]
WP_047780812	83.468	100	865	865	860	0.0	1531	type I DNA topoisomerase [Pragia fontium]
WP_022633521	83.852	100	867	865	867	0.0	1530	type I DNA topoisomerase [Dickeya solani]
WP_023491655	84.971	100	865	865	865	0.0	1530	type I DNA topoisomerase [Serratia sp. DD3]
WP_130591135	83.815	100	865	865	862	0.0	1530	type I DNA topoisomerase [Limnobaculum zhutongyuii]
WP_264650503	84.642	100	866	865	863	0.0	1530	type I DNA topoisomerase [Candidatus Symbiopectobacterium sp. NZEC151]
WP_222160681	84.642	100	866	865	863	0.0	1530	type I DNA topoisomerase [Symbiopectobacterium purcellii]
WP_218465942	83.815	100	865	865	862	0.0	1529	MULTISPECIES: type I DNA topoisomerase [Limnobaculum]
WP_016596023	85.035	99	862	865	862	0.0	1529	type I DNA topoisomerase, partial [Yersinia pestis]
WP_140920835	83.815	100	865	865	862	0.0	1529	type I DNA topoisomerase [Limnobaculum xujianqingii]
WP_473197689	84.855	100	865	865	865	0.0	1529	N/A
WP_057083369	83.852	100	867	865	867	0.0	1528	type I DNA topoisomerase [Dickeya solani]
WP_228398031	83.815	100	865	865	862	0.0	1528	type I DNA topoisomerase [Limnobaculum xujianqingii]
WP_035341963	83.160	100	867	865	865	0.0	1528	MULTISPECIES: type I DNA topoisomerase [Dickeya]
WP_336678789	83.737	100	867	865	867	0.0	1528	type I DNA topoisomerase [Dickeya dianthicola]
WP_264642648	84.527	100	866	865	863	0.0	1528	type I DNA topoisomerase [Candidatus Symbiopectobacterium sp. NZEC127]
WP_024524613	84.162	100	865	865	866	0.0	1528	type I DNA topoisomerase [Edwardsiella hoshinae]
WP_102093501	92.830	90	781	865	781	0.0	1528	type I DNA topoisomerase, partial [Klebsiella pneumoniae]
WP_438815681	84.527	100	866	865	863	0.0	1527	type I DNA topoisomerase [Symbiopectobacterium sp.]
WP_484379980	84.855	100	865	865	865	0.0	1527	N/A
WP_413738776	83.584	100	865	865	860	0.0	1527	MULTISPECIES: type I DNA topoisomerase [unclassified Sodalis (in: enterobacteria)]
WP_034165152	84.855	100	865	865	866	0.0	1527	MULTISPECIES: type I DNA topoisomerase [Edwardsiella]
WP_192991276	83.737	100	867	865	867	0.0	1527	type I DNA topoisomerase [Dickeya dianthicola]
WP_125259555	82.778	100	871	865	870	0.0	1527	type I DNA topoisomerase [Dickeya lacustris]
WP_038911200	83.986	100	868	865	868	0.0	1526	type I DNA topoisomerase [Dickeya dadantii]
WP_070244985	84.046	100	865	865	866	0.0	1526	type I DNA topoisomerase [Edwardsiella hoshinae]
WP_008911059	83.237	100	865	865	864	0.0	1526	type I DNA topoisomerase [Providencia burhodogranariea]
WP_264624742	84.527	100	866	865	863	0.0	1526	type I DNA topoisomerase [Candidatus Symbiopectobacterium sp. NZEC135]
WP_087488478	83.295	100	868	865	868	0.0	1526	type I DNA topoisomerase [Tatumella citrea]
WP_024105897	83.622	100	867	865	867	0.0	1526	type I DNA topoisomerase [Dickeya dianthicola]
WP_440864280	84.296	100	866	865	863	0.0	1525	type I DNA topoisomerase [Symbiopectobacterium purcellii]
WP_024108762	83.622	100	867	865	867	0.0	1525	type I DNA topoisomerase [Dickeya dianthicola]
WP_073382169	84.624	100	865	865	866	0.0	1524	type I DNA topoisomerase [Edwardsiella piscicida]
WP_283294678	84.740	100	865	865	866	0.0	1524	type I DNA topoisomerase [Edwardsiella anguillarum]
WP_212707839	83.121	100	865	865	865	0.0	1524	type I DNA topoisomerase [Tatumella sp. JGM130]
WP_294906525	83.180	100	868	865	868	0.0	1524	type I DNA topoisomerase [Tatumella sp. UBA2305]
WP_212711669	83.121	100	865	865	865	0.0	1524	MULTISPECIES: type I DNA topoisomerase [unclassified Tatumella]
WP_012848405	84.509	100	865	865	866	0.0	1523	type I DNA topoisomerase [Edwardsiella piscicida]
WP_331121424	84.046	100	865	865	862	0.0	1523	type I DNA topoisomerase [Acerihabitans sp.]
WP_212710591	83.006	100	865	865	865	0.0	1522	MULTISPECIES: type I DNA topoisomerase [unclassified Tatumella]
WP_343877491	83.006	100	865	865	865	0.0	1521	type I DNA topoisomerase [Tatumella punctata]
WP_171950428	99.863	84	730	865	730	0.0	1521	type I DNA topoisomerase, partial [Escherichia coli]
WP_116603325	84.393	100	865	865	866	0.0	1520	type I DNA topoisomerase [Edwardsiella piscicida]
WP_261845653	83.562	100	876	865	876	0.0	1520	type I DNA topoisomerase [Pectobacterium carotovorum]
WP_290391807	100.000	84	728	865	728	0.0	1519	type I DNA topoisomerase, partial [uncultured Escherichia sp.]
WP_131863432	83.353	100	865	865	862	0.0	1519	type I DNA topoisomerase [Biostraticola tofi]
WP_216422383	95.762	87	755	865	755	0.0	1519	type I DNA topoisomerase, partial [Citrobacter sp. S55_ASV_140]
WP_430359678	83.834	100	866	865	863	0.0	1518	type I DNA topoisomerase [Symbiopectobacterium sp. RP]
WP_455870681	84.065	100	866	865	863	0.0	1518	type I DNA topoisomerase [Symbiopectobacterium sp. Eva_TO]
WP_025422046	83.353	100	865	865	862	0.0	1518	MULTISPECIES: type I DNA topoisomerase [Sodalis]
WP_029095051	83.622	100	867	865	867	0.0	1517	type I DNA topoisomerase [Budvicia aquatica]
WP_151435029	81.618	100	865	865	865	0.0	1517	MULTISPECIES: type I DNA topoisomerase [Proteus]
WP_333901315	93.864	89	766	865	766	0.0	1516	type I DNA topoisomerase, partial [Enterobacter wuhouensis]
WP_116166740	83.333	100	876	865	876	0.0	1516	type I DNA topoisomerase [Pectobacterium aquaticum]
WP_415672108	84.101	100	868	865	865	0.0	1515	type I DNA topoisomerase [Symbiopectobacterium sp.]
WP_206086097	82.851	99	863	865	868	0.0	1514	MULTISPECIES: type I DNA topoisomerase [Providencia]
WP_052973597	99.588	84	728	865	728	0.0	1514	type I DNA topoisomerase, partial [Shigella sonnei]
WP_308824248	83.237	100	865	865	862	0.0	1514	type I DNA topoisomerase [Sodalis praecaptivus]
WP_196565964	81.503	100	865	865	865	0.0	1514	type I DNA topoisomerase [Proteus alimentorum]
WP_154624947	83.605	99	860	865	864	0.0	1514	MULTISPECIES: type I DNA topoisomerase [Providencia]
WP_196907094	84.180	100	866	865	863	0.0	1514	type I DNA topoisomerase [Candidatus Symbiopectobacterium sp. 'North America']
WP_135270101	100.000	84	726	865	726	0.0	1514	type I DNA topoisomerase, partial [Escherichia coli]
WP_349438925	81.387	100	865	865	865	0.0	1514	type I DNA topoisomerase [Proteus sp. fly-1008]
WP_099075313	81.387	100	865	865	865	0.0	1514	type I DNA topoisomerase [Proteus alimentorum]
WP_069369237	81.503	100	865	865	865	0.0	1514	MULTISPECIES: type I DNA topoisomerase [Enterobacterales]
WP_219247790	82.966	99	863	865	868	0.0	1513	MULTISPECIES: type I DNA topoisomerase [Providencia]
WP_272577989	83.488	99	860	865	864	0.0	1513	MULTISPECIES: type I DNA topoisomerase [unclassified Providencia]
WP_165124067	81.503	100	865	865	865	0.0	1513	type I DNA topoisomerase [Proteus sp. ZN5]
WP_072068002	81.387	100	865	865	865	0.0	1513	MULTISPECIES: type I DNA topoisomerase [Proteus]
WP_250000444	83.488	99	860	865	864	0.0	1513	MULTISPECIES: type I DNA topoisomerase [Providencia]
WP_248620632	81.387	100	865	865	865	0.0	1513	type I DNA topoisomerase [Proteus columbae]
WP_438808801	82.890	100	865	865	862	0.0	1513	type I DNA topoisomerase [Sodalis sp. (in: enterobacteria)]
WP_196556050	81.387	100	865	865	865	0.0	1513	type I DNA topoisomerase [Proteus terrae]
WP_161706602	81.503	100	865	865	865	0.0	1513	MULTISPECIES: type I DNA topoisomerase [Proteus]
WP_075672092	81.387	100	865	865	865	0.0	1513	MULTISPECIES: type I DNA topoisomerase [Proteus]
WP_349460423	81.272	100	865	865	865	0.0	1513	type I DNA topoisomerase [Proteus terrae]
WP_353241587	82.966	99	863	865	868	0.0	1513	type I DNA topoisomerase [Providencia sp.]
WP_108899290	82.659	100	865	865	862	0.0	1512	type I DNA topoisomerase [Limnobaculum parvum]
WP_312927959	92.516	90	775	865	775	0.0	1512	type I DNA topoisomerase, partial [Pseudescherichia sp.]
WP_368877393	83.488	99	860	865	864	0.0	1512	type I DNA topoisomerase [Providencia vermicola]
WP_086953241	82.659	100	865	865	865	0.0	1512	type I DNA topoisomerase [Xenorhabdus innexi]
WP_345995456	83.121	100	865	865	862	0.0	1512	type I DNA topoisomerase [Sodalis praecaptivus subsp. spalangiae]
WP_052977845	99.587	84	727	865	727	0.0	1512	type I DNA topoisomerase, partial [Shigella sonnei]
WP_273838510	82.851	99	863	865	868	0.0	1512	type I DNA topoisomerase [Providencia rettgeri]
WP_166303948	83.353	100	865	865	866	0.0	1511	type I DNA topoisomerase [Photorhabdus cinerea]
WP_198812929	81.387	100	865	865	865	0.0	1511	type I DNA topoisomerase [Proteus penneri]
WP_109408755	81.387	100	865	865	865	0.0	1511	MULTISPECIES: type I DNA topoisomerase [Proteus]
WP_088495696	81.387	100	865	865	865	0.0	1511	type I DNA topoisomerase [Proteus terrae]
WP_196734323	81.387	100	865	865	865	0.0	1511	type I DNA topoisomerase [Proteus columbae]
WP_161748199	81.387	100	865	865	865	0.0	1511	MULTISPECIES: type I DNA topoisomerase [Proteus]
WP_272657937	83.488	99	860	865	864	0.0	1511	MULTISPECIES: type I DNA topoisomerase [Providencia]
WP_369120815	83.372	99	860	865	864	0.0	1511	type I DNA topoisomerase [Providencia vermicola]
WP_109394333	81.387	100	865	865	865	0.0	1511	type I DNA topoisomerase [Proteus terrae]
WP_166506653	82.197	100	865	865	862	0.0	1511	type I DNA topoisomerase [Sodalis glossinidius]
WP_274725330	82.659	100	865	865	863	0.0	1511	type I DNA topoisomerase [Xenorhabdus bovienii]
WP_072062505	81.387	100	865	865	865	0.0	1511	MULTISPECIES: type I DNA topoisomerase [Proteus]
WP_430252655	82.619	99	863	865	868	0.0	1510	type I DNA topoisomerase [Providencia vermicola]
WP_109400377	81.387	100	865	865	865	0.0	1510	type I DNA topoisomerase [Proteus sp. TJ1640]
WP_272573170	82.735	99	863	865	868	0.0	1510	type I DNA topoisomerase [Providencia sp. PROV259]
WP_161710883	81.387	100	865	865	865	0.0	1510	MULTISPECIES: type I DNA topoisomerase [Proteus]
WP_011411228	82.197	100	865	865	862	0.0	1510	type I DNA topoisomerase [Sodalis glossinidius]
WP_194952407	81.387	100	865	865	865	0.0	1510	MULTISPECIES: type I DNA topoisomerase [Proteus]
WP_247851139	81.156	100	865	865	865	0.0	1510	type I DNA topoisomerase [Proteus vulgaris]
WP_260798075	81.272	100	865	865	865	0.0	1510	type I DNA topoisomerase [Proteus terrae]
WP_241648543	82.081	100	865	865	865	0.0	1509	type I DNA topoisomerase [Rosenbergiella collisarenosi]
WP_198622324	81.156	100	865	865	865	0.0	1509	MULTISPECIES: type I DNA topoisomerase [Proteus]
WP_198691178	82.890	100	865	865	865	0.0	1509	type I DNA topoisomerase [Xenorhabdus lircayensis]
WP_369311072	82.966	99	863	865	868	0.0	1509	type I DNA topoisomerase [Providencia rettgeri]
WP_109850018	81.387	100	865	865	865	0.0	1509	MULTISPECIES: type I DNA topoisomerase [Proteus]
WP_015834210	83.237	100	865	865	866	0.0	1509	MULTISPECIES: type I DNA topoisomerase [Photorhabdus]
WP_368468289	81.272	100	865	865	865	0.0	1509	type I DNA topoisomerase [Proteus sp. STS61-E]
WP_111740213	82.543	100	865	865	862	0.0	1509	type I DNA topoisomerase [Leminorella richardii]
WP_274724003	82.543	100	865	865	863	0.0	1509	type I DNA topoisomerase [Xenorhabdus bovienii]
WP_214195223	81.965	100	865	865	865	0.0	1509	type I DNA topoisomerase [Rosenbergiella collisarenosi]
WP_434524714	83.237	100	865	865	866	0.0	1509	type I DNA topoisomerase [Photorhabdus asymbiotica]
WP_349421462	81.272	100	865	865	865	0.0	1509	type I DNA topoisomerase [Proteus terrae]
WP_100158177	81.272	100	865	865	865	0.0	1508	type I DNA topoisomerase [Proteus columbae]
WP_023582278	81.272	100	865	865	865	0.0	1508	MULTISPECIES: type I DNA topoisomerase [Proteus]
WP_109372365	81.156	100	865	865	865	0.0	1508	MULTISPECIES: type I DNA topoisomerase [Proteus]
WP_291973424	83.603	100	866	865	863	0.0	1508	type I DNA topoisomerase [Candidatus Symbiopectobacterium sp.]
WP_166541309	81.040	100	865	865	865	0.0	1508	type I DNA topoisomerase [Proteus sp. G2669]
WP_036937101	81.387	100	865	865	865	0.0	1508	type I DNA topoisomerase [Proteus vulgaris]
WP_274718923	82.659	100	865	865	863	0.0	1508	type I DNA topoisomerase [Xenorhabdus bovienii]
WP_071430018	81.965	100	865	865	865	0.0	1508	type I DNA topoisomerase [Rosenbergiella collisarenosi]
WP_319938123	83.006	100	865	865	865	0.0	1508	type I DNA topoisomerase [Xenorhabdus littoralis]
WP_198619564	81.156	100	865	865	865	0.0	1508	MULTISPECIES: type I DNA topoisomerase [Proteus]
WP_074023533	83.121	100	865	865	865	0.0	1508	type I DNA topoisomerase [Xenorhabdus eapokensis]
WP_274714293	82.428	100	865	865	863	0.0	1508	type I DNA topoisomerase [Xenorhabdus bovienii]
WP_013184437	83.140	99	860	865	865	0.0	1508	type I DNA topoisomerase [Xenorhabdus nematophila]
WP_275351969	82.543	100	865	865	863	0.0	1507	type I DNA topoisomerase [Xenorhabdus bovienii]
WP_092508881	83.699	100	865	865	865	0.0	1507	type I DNA topoisomerase [Xenorhabdus mauleonii]
WP_109397359	81.156	100	865	865	865	0.0	1507	type I DNA topoisomerase [Proteus faecis]
WP_159564286	82.584	100	867	865	867	0.0	1507	type I DNA topoisomerase [Budvicia diplopodorum]
WP_036940356	83.372	99	860	865	864	0.0	1507	MULTISPECIES: type I DNA topoisomerase [Providencia]
WP_249717860	81.156	100	865	865	865	0.0	1507	type I DNA topoisomerase [Proteus faecis]
WP_285714372	81.156	100	865	865	865	0.0	1507	type I DNA topoisomerase [Proteus vulgaris]
WP_087802490	81.272	100	865	865	865	0.0	1507	MULTISPECIES: type I DNA topoisomerase [Proteus]
WP_275357589	82.543	100	865	865	863	0.0	1507	type I DNA topoisomerase [Xenorhabdus bovienii]
WP_274712852	82.543	100	865	865	863	0.0	1507	type I DNA topoisomerase [Xenorhabdus bovienii]
WP_432701498	83.256	99	860	865	864	0.0	1507	type I DNA topoisomerase [Providencia stuartii]
WP_368887702	81.040	100	865	865	865	0.0	1507	type I DNA topoisomerase [Proteus columbae]
WP_025245756	82.543	100	865	865	862	0.0	1506	type I DNA topoisomerase [Candidatus Sodalis pierantonii]
WP_010845973	83.140	99	860	865	865	0.0	1506	type I DNA topoisomerase [Xenorhabdus nematophila]
WP_206088976	83.256	99	860	865	864	0.0	1506	type I DNA topoisomerase [Providencia stuartii]
WP_275361363	82.543	100	865	865	863	0.0	1506	type I DNA topoisomerase [Xenorhabdus bovienii]
WP_473774719	83.256	99	860	865	864	0.0	1506	N/A
WP_319925101	83.006	100	865	865	865	0.0	1506	type I DNA topoisomerase [Xenorhabdus littoralis]
WP_171830558	83.256	99	860	865	864	0.0	1506	type I DNA topoisomerase [Providencia stuartii]
WP_154625761	83.256	99	860	865	864	0.0	1506	type I DNA topoisomerase [Providencia stuartii]
WP_036768081	83.468	100	865	865	866	0.0	1506	type I DNA topoisomerase [Photorhabdus australis]
WP_438813427	83.256	100	866	865	863	0.0	1506	type I DNA topoisomerase [Symbiopectobacterium sp.]
WP_040133195	83.256	99	860	865	864	0.0	1506	type I DNA topoisomerase [Providencia stuartii]
WP_458047823	83.256	99	860	865	864	0.0	1506	type I DNA topoisomerase [Providencia stuartii]
WP_350587016	83.256	99	860	865	864	0.0	1506	type I DNA topoisomerase [Providencia stuartii]
WP_187654615	83.121	100	865	865	865	0.0	1506	type I DNA topoisomerase [Xenorhabdus sp. PB62.4]
WP_318576085	83.372	99	860	865	864	0.0	1506	type I DNA topoisomerase [Providencia stuartii]
WP_154598918	83.256	99	860	865	864	0.0	1506	type I DNA topoisomerase [Providencia stuartii]
WP_325932089	81.156	100	865	865	865	0.0	1506	type I DNA topoisomerase [Proteus cibi]
WP_115370258	81.156	100	865	865	865	0.0	1506	type I DNA topoisomerase [Proteus vulgaris]
WP_252317581	83.718	100	866	865	863	0.0	1505	MULTISPECIES: type I DNA topoisomerase [Symbiopectobacterium]
WP_038259937	82.659	100	865	865	865	0.0	1505	type I DNA topoisomerase [Xenorhabdus cabanillasii]
WP_350572690	83.256	99	860	865	864	0.0	1505	type I DNA topoisomerase [Providencia stuartii]
WP_406703870	81.705	100	880	865	877	0.0	1505	type I DNA topoisomerase [Sodalis sp. (in: enterobacteria)]
WP_272526281	83.256	99	860	865	864	0.0	1505	type I DNA topoisomerase [Providencia sp. PROV189]
WP_187649261	82.890	100	865	865	865	0.0	1505	type I DNA topoisomerase [Xenorhabdus indica]
WP_099114796	83.121	100	865	865	865	0.0	1505	type I DNA topoisomerase [Xenorhabdus miraniensis]
WP_337240493	81.040	100	865	865	865	0.0	1505	type I DNA topoisomerase [Proteus faecis]
WP_286439938	81.272	100	865	865	865	0.0	1504	type I DNA topoisomerase [Proteus vulgaris]
WP_367964903	82.890	100	865	865	865	0.0	1504	type I DNA topoisomerase [Xenorhabdus sp. SGI246]
WP_275386882	82.428	100	865	865	863	0.0	1504	type I DNA topoisomerase [Xenorhabdus bovienii]
WP_323865335	82.659	100	865	865	865	0.0	1504	type I DNA topoisomerase [Xenorhabdus cabanillasii]
WP_311751804	81.040	100	865	865	865	0.0	1504	type I DNA topoisomerase [Proteus columbae]
WP_311750765	81.112	100	863	865	882	0.0	1504	type I DNA topoisomerase [Proteus columbae]
WP_124743586	80.809	100	865	865	865	0.0	1504	type I DNA topoisomerase [Proteus mirabilis]
WP_275377811	82.312	100	865	865	863	0.0	1504	type I DNA topoisomerase [Xenorhabdus bovienii]
WP_275366359	82.312	100	865	865	863	0.0	1504	type I DNA topoisomerase [Xenorhabdus bovienii]
WP_054475336	83.237	100	865	865	866	0.0	1504	type I DNA topoisomerase [Photorhabdus heterorhabditis]
WP_258086406	82.312	100	865	865	863	0.0	1504	type I DNA topoisomerase [Xenorhabdus bovienii]
WP_103004754	81.156	100	865	865	865	0.0	1504	type I DNA topoisomerase [Proteus vulgaris]
WP_413689442	80.809	100	865	865	865	0.0	1504	type I DNA topoisomerase [Proteus mirabilis]
WP_004248126	80.694	100	865	865	865	0.0	1503	MULTISPECIES: type I DNA topoisomerase [Proteus]
WP_434465835	82.197	100	865	865	863	0.0	1503	type I DNA topoisomerase [Xenorhabdus bovienii]
WP_108716977	80.694	100	865	865	865	0.0	1503	MULTISPECIES: type I DNA topoisomerase [Proteus]
WP_275346895	82.428	100	865	865	863	0.0	1503	type I DNA topoisomerase [Xenorhabdus bovienii]
WP_304371317	81.618	100	865	865	865	0.0	1503	type I DNA topoisomerase [Tatumella ptyseos]
WP_099132394	82.543	100	865	865	865	0.0	1503	MULTISPECIES: type I DNA topoisomerase [Xenorhabdus]
WP_074012510	82.775	100	865	865	862	0.0	1503	type I DNA topoisomerase [Candidatus Sodalis sp. SoCistrobi]
WP_250332025	81.734	100	865	865	865	0.0	1503	type I DNA topoisomerase [Rosenbergiella epipactidis]
WP_369504385	80.809	100	865	865	865	0.0	1503	type I DNA topoisomerase [Proteus mirabilis]
WP_273548243	82.775	100	865	865	865	0.0	1503	type I DNA topoisomerase [Xenorhabdus khoisanae]
WP_340616942	83.006	100	865	865	865	0.0	1503	type I DNA topoisomerase [Xenorhabdus entomophaga]
WP_214087981	82.659	100	865	865	866	0.0	1503	type I DNA topoisomerase [Photorhabdus noenieputensis]
WP_099125944	83.353	100	865	865	865	0.0	1503	type I DNA topoisomerase [Xenorhabdus stockiae]
WP_004920164	83.140	99	860	865	864	0.0	1503	MULTISPECIES: type I DNA topoisomerase [Providencia]
WP_115826942	82.659	100	865	865	865	0.0	1503	type I DNA topoisomerase [Xenorhabdus cabanillasii]
WP_283533941	80.809	100	865	865	865	0.0	1503	type I DNA topoisomerase [Proteus mirabilis]
WP_038243097	82.312	100	865	865	863	0.0	1503	type I DNA topoisomerase [Xenorhabdus bovienii]
WP_338805266	83.237	100	865	865	865	0.0	1503	type I DNA topoisomerase [Xenorhabdus griffiniae]
WP_214212194	81.272	100	865	865	865	0.0	1503	type I DNA topoisomerase [Rosenbergiella australiborealis]
WP_214216292	81.618	100	865	865	865	0.0	1503	type I DNA topoisomerase [Rosenbergiella epipactidis]
WP_060559033	80.809	100	865	865	865	0.0	1503	type I DNA topoisomerase [Proteus mirabilis]
WP_047678148	82.659	100	865	865	865	0.0	1503	MULTISPECIES: type I DNA topoisomerase [Xenorhabdus]
WP_241607517	81.272	100	865	865	865	0.0	1503	type I DNA topoisomerase [Rosenbergiella australiborealis]
WP_273577883	82.197	100	865	865	863	0.0	1503	type I DNA topoisomerase [Xenorhabdus aichiensis]
WP_339036529	82.428	100	865	865	865	0.0	1503	type I DNA topoisomerase [Serratia symbiotica]
WP_070928114	83.256	99	860	865	864	0.0	1503	type I DNA topoisomerase [Providencia stuartii]
WP_038183221	82.312	100	865	865	863	0.0	1503	type I DNA topoisomerase [Xenorhabdus bovienii]
WP_214219308	81.618	100	865	865	865	0.0	1503	type I DNA topoisomerase [Rosenbergiella nectarea]
WP_038224847	82.312	100	865	865	863	0.0	1502	type I DNA topoisomerase [Xenorhabdus bovienii]
WP_047964257	82.659	100	865	865	865	0.0	1502	type I DNA topoisomerase [Xenorhabdus khoisanae]
WP_149127533	80.809	100	865	865	865	0.0	1502	type I DNA topoisomerase [Proteus mirabilis]
WP_099822819	81.618	100	865	865	865	0.0	1502	type I DNA topoisomerase [Tatumella sp. OPLPL6]
WP_275388902	82.197	100	865	865	863	0.0	1502	type I DNA topoisomerase [Xenorhabdus bovienii]
WP_238099736	82.197	100	865	865	863	0.0	1502	type I DNA topoisomerase [Xenorhabdus bovienii]
WP_434460336	82.197	100	865	865	863	0.0	1502	type I DNA topoisomerase [Xenorhabdus bovienii]
WP_273631551	80.578	100	865	865	865	0.0	1502	type I DNA topoisomerase [Proteus mirabilis]
WP_086110402	82.312	100	865	865	865	0.0	1502	type I DNA topoisomerase [Xenorhabdus vietnamensis]
WP_140179542	83.256	99	860	865	864	0.0	1502	MULTISPECIES: type I DNA topoisomerase [Providencia]
WP_286448764	80.974	100	862	865	865	0.0	1501	type I DNA topoisomerase [Proteus mirabilis]
WP_165715147	80.694	100	865	865	865	0.0	1501	type I DNA topoisomerase [Proteus mirabilis]
WP_238126452	82.197	100	865	865	863	0.0	1501	type I DNA topoisomerase [Xenorhabdus bovienii]
WP_113041369	82.794	100	866	865	867	0.0	1501	MULTISPECIES: type I DNA topoisomerase [Photorhabdus]
WP_348854418	80.578	100	865	865	865	0.0	1501	type I DNA topoisomerase [Proteus mirabilis]
WP_415210127	82.428	100	865	865	862	0.0	1501	type I DNA topoisomerase [Sodalis sp. (in: enterobacteria)]
WP_058336137	80.694	100	865	865	865	0.0	1501	MULTISPECIES: type I DNA topoisomerase [Proteus]
WP_135092017	80.694	100	865	865	865	0.0	1501	MULTISPECIES: type I DNA topoisomerase [Proteus]
WP_323857797	82.890	100	865	865	865	0.0	1501	type I DNA topoisomerase [Xenorhabdus doucetiae]
WP_099111892	83.237	100	865	865	865	0.0	1501	type I DNA topoisomerase [Xenorhabdus sp. KJ12.1]
WP_046397491	82.890	100	865	865	866	0.0	1501	type I DNA topoisomerase [Photorhabdus hindustanensis]
WP_196717784	83.023	99	860	865	864	0.0	1501	type I DNA topoisomerase [Providencia stuartii]
WP_161778815	80.578	100	865	865	865	0.0	1501	type I DNA topoisomerase [Proteus sp. G2675]
WP_217471617	82.890	100	865	865	866	0.0	1501	type I DNA topoisomerase [Photorhabdus akhurstii]
WP_368881827	80.809	100	865	865	865	0.0	1501	type I DNA topoisomerase [Proteus mirabilis]
WP_241595002	81.618	100	865	865	865	0.0	1501	type I DNA topoisomerase [Rosenbergiella epipactidis]
WP_004243046	80.694	100	865	865	865	0.0	1501	MULTISPECIES: type I DNA topoisomerase [Proteus]
WP_319929647	83.353	100	865	865	865	0.0	1501	type I DNA topoisomerase [Xenorhabdus santafensis]
WP_241583884	81.618	100	865	865	865	0.0	1501	type I DNA topoisomerase [Rosenbergiella epipactidis]
WP_168725650	80.694	100	865	865	865	0.0	1501	type I DNA topoisomerase [Proteus mirabilis]
WP_197570600	80.694	100	865	865	865	0.0	1501	type I DNA topoisomerase [Proteus mirabilis]
WP_237386730	82.197	100	865	865	865	0.0	1501	type I DNA topoisomerase [Xenorhabdus sp. Sc-CR9]
WP_113976566	80.694	100	865	865	865	0.0	1501	type I DNA topoisomerase [Proteus mirabilis]
WP_241578548	81.387	100	865	865	865	0.0	1501	type I DNA topoisomerase [Rosenbergiella nectarea]
WP_241572841	81.503	100	865	865	865	0.0	1501	type I DNA topoisomerase [Rosenbergiella nectarea]
WP_476641610	80.578	100	865	865	865	0.0	1501	N/A
WP_283125166	83.256	99	860	865	864	0.0	1501	type I DNA topoisomerase [Providencia stuartii]
WP_228901996	82.794	100	866	865	867	0.0	1501	MULTISPECIES: type I DNA topoisomerase [Photorhabdus]
WP_434472344	82.197	100	865	865	863	0.0	1501	type I DNA topoisomerase [Xenorhabdus bovienii]
WP_336193183	83.140	99	860	865	864	0.0	1501	type I DNA topoisomerase [Providencia stuartii]
WP_275383166	82.081	100	865	865	863	0.0	1501	type I DNA topoisomerase [Xenorhabdus bovienii]
WP_196726817	80.578	100	865	865	865	0.0	1501	type I DNA topoisomerase [Proteus mirabilis]
WP_212551750	80.578	100	865	865	865	0.0	1501	type I DNA topoisomerase [Proteus mirabilis]
WP_099118996	82.659	100	865	865	865	0.0	1500	type I DNA topoisomerase [Xenorhabdus ishibashii]
WP_110090760	82.775	100	865	865	866	0.0	1500	type I DNA topoisomerase [Photorhabdus akhurstii]
WP_430257706	80.694	100	865	865	865	0.0	1500	type I DNA topoisomerase [Proteus mirabilis]
WP_016261235	84.888	97	847	865	847	0.0	1500	type I DNA topoisomerase, partial [Yersinia pestis]
WP_048912187	81.618	100	865	865	865	0.0	1500	type I DNA topoisomerase [Rosenbergiella epipactidis]
WP_038197567	82.197	100	865	865	863	0.0	1500	type I DNA topoisomerase [Xenorhabdus bovienii]
WP_045970886	82.775	100	865	865	865	0.0	1500	type I DNA topoisomerase [Xenorhabdus doucetiae]
WP_241610603	81.618	100	865	865	865	0.0	1500	type I DNA topoisomerase [Rosenbergiella epipactidis]
WP_065822187	83.121	100	865	865	866	0.0	1500	type I DNA topoisomerase [Photorhabdus australis]
WP_241606431	81.503	100	865	865	865	0.0	1500	type I DNA topoisomerase [Rosenbergiella epipactidis]
WP_409547266	80.836	100	861	865	861	0.0	1500	type I DNA topoisomerase [Proteus mirabilis]
WP_340611508	83.006	100	865	865	865	0.0	1500	type I DNA topoisomerase [Xenorhabdus bharatensis]
WP_210847076	82.870	100	864	865	868	0.0	1500	MULTISPECIES: type I DNA topoisomerase [Providencia]
WP_038214901	82.197	100	865	865	863	0.0	1500	type I DNA topoisomerase [Xenorhabdus bovienii]
WP_323476683	82.081	100	865	865	861	0.0	1500	type I DNA topoisomerase [Acerihabitans sp. TG2]
WP_369476155	83.140	99	860	865	864	0.0	1500	type I DNA topoisomerase [Providencia manganoxydans]
WP_349463207	81.156	100	865	865	865	0.0	1500	type I DNA topoisomerase [Proteus hauseri]
WP_241644988	81.503	100	865	865	865	0.0	1500	type I DNA topoisomerase [Rosenbergiella metrosideri]
WP_273582180	82.775	100	865	865	865	0.0	1500	type I DNA topoisomerase [Xenorhabdus sp. PR6a]
WP_369513390	83.140	99	860	865	864	0.0	1500	type I DNA topoisomerase [Providencia manganoxydans]
WP_254850555	82.197	100	865	865	863	0.0	1500	type I DNA topoisomerase [Xenorhabdus bovienii]
WP_269602296	80.578	100	865	865	865	0.0	1499	type I DNA topoisomerase [Proteus mirabilis]
WP_326368792	80.578	100	865	865	865	0.0	1499	type I DNA topoisomerase [Proteus mirabilis]
WP_434467212	82.081	100	865	865	863	0.0	1499	type I DNA topoisomerase [Xenorhabdus bovienii]
WP_369119163	83.140	99	860	865	864	0.0	1499	type I DNA topoisomerase [Providencia manganoxydans]
WP_042843673	82.870	100	864	865	868	0.0	1499	MULTISPECIES: type I DNA topoisomerase [Providencia]
WP_241624039	81.503	100	865	865	865	0.0	1499	type I DNA topoisomerase [Rosenbergiella epipactidis]
WP_214052421	82.775	100	865	865	866	0.0	1499	type I DNA topoisomerase [Photorhabdus caribbeanensis]
WP_235363408	87.453	93	805	865	805	0.0	1499	type I DNA topoisomerase, partial [Serratia marcescens]
WP_229000767	82.775	100	865	865	866	0.0	1499	type I DNA topoisomerase [Photorhabdus aegyptia]
WP_038208563	82.081	100	865	865	863	0.0	1499	type I DNA topoisomerase [Xenorhabdus bovienii]
WP_323871990	82.775	100	865	865	865	0.0	1499	type I DNA topoisomerase [Xenorhabdus doucetiae]
WP_185160351	80.578	100	865	865	865	0.0	1499	type I DNA topoisomerase [Proteus mirabilis]
WP_279060763	92.539	88	764	865	764	0.0	1499	type I DNA topoisomerase, partial [Lelliottia amnigena]
WP_159262436	80.578	100	865	865	865	0.0	1499	type I DNA topoisomerase [Proteus mirabilis]
WP_152964616	80.578	100	865	865	865	0.0	1499	type I DNA topoisomerase [Proteus mirabilis]
WP_110087116	82.775	100	865	865	866	0.0	1499	type I DNA topoisomerase [Photorhabdus akhurstii]
WP_092673496	81.503	100	865	865	865	0.0	1499	type I DNA topoisomerase [Rosenbergiella nectarea]
WP_387521070	80.578	100	865	865	865	0.0	1499	type I DNA topoisomerase [Proteus mirabilis]
WP_369362076	80.578	100	865	865	865	0.0	1499	type I DNA topoisomerase [Proteus mirabilis]
WP_139656614	82.659	100	865	865	866	0.0	1499	type I DNA topoisomerase [Photorhabdus luminescens]
WP_259693887	80.578	100	865	865	865	0.0	1499	type I DNA topoisomerase [Proteus mirabilis]
WP_449059557	82.639	100	864	865	868	0.0	1499	type I DNA topoisomerase [Providencia sp. AGC89]
WP_155289876	80.578	100	865	865	865	0.0	1499	type I DNA topoisomerase [Proteus mirabilis]
WP_210815281	82.870	100	864	865	868	0.0	1499	type I DNA topoisomerase [Providencia rettgeri]
WP_048607257	82.755	100	864	865	868	0.0	1498	MULTISPECIES: type I DNA topoisomerase [Providencia]
WP_228863124	83.006	100	865	865	865	0.0	1498	type I DNA topoisomerase [Xenorhabdus sp. PB30.3]
WP_215670901	82.659	100	865	865	862	0.0	1498	type I DNA topoisomerase [Candidatus Sodalis endolongispinus]
WP_368879049	80.462	100	865	865	865	0.0	1498	type I DNA topoisomerase [Proteus mirabilis]
WP_277270177	80.578	100	865	865	865	0.0	1498	type I DNA topoisomerase [Proteus mirabilis]
WP_421667338	83.140	99	860	865	864	0.0	1498	type I DNA topoisomerase [Providencia manganoxydans]
WP_214039147	82.659	100	865	865	866	0.0	1498	type I DNA topoisomerase [Photorhabdus akhurstii]
WP_426577421	83.006	100	865	865	865	0.0	1498	type I DNA topoisomerase [Xenorhabdus stockiae]
WP_410920233	80.578	100	865	865	865	0.0	1498	type I DNA topoisomerase [Proteus mirabilis]
WP_047256160	81.387	100	865	865	864	0.0	1498	type I DNA topoisomerase [Moellerella wisconsensis]
WP_419402150	82.755	100	864	865	868	0.0	1498	type I DNA topoisomerase [Providencia sp. VP23HZSY-1]
WP_445493430	83.237	100	865	865	866	0.0	1498	type I DNA topoisomerase [Photorhabdus sp. SF281]
WP_338882368	83.006	100	865	865	865	0.0	1497	type I DNA topoisomerase [Xenorhabdus sp. TH1]
WP_008915752	81.787	99	862	865	867	0.0	1497	type I DNA topoisomerase [Providencia sneebia]
WP_228858856	82.890	100	865	865	865	0.0	1497	type I DNA topoisomerase [Xenorhabdus sp. PB61.4]
WP_099141188	82.543	100	865	865	865	0.0	1497	type I DNA topoisomerase [Xenorhabdus kozodoii]
WP_273557614	82.890	100	865	865	865	0.0	1497	type I DNA topoisomerase [Xenorhabdus griffiniae]
WP_337252367	81.387	100	865	865	864	0.0	1497	type I DNA topoisomerase [Moellerella wisconsensis]
WP_016604913	84.852	97	845	865	845	0.0	1497	type I DNA topoisomerase, partial [Yersinia pestis]
WP_064719827	81.084	100	867	865	867	0.0	1497	type I DNA topoisomerase [Proteus hauseri]
WP_189759548	83.006	100	865	865	865	0.0	1497	type I DNA topoisomerase [Xenorhabdus griffiniae]
WP_387507116	80.347	100	865	865	865	0.0	1497	type I DNA topoisomerase [Proteus mirabilis]
WP_049236182	80.578	100	865	865	865	0.0	1497	type I DNA topoisomerase [Proteus mirabilis]
WP_369507944	80.578	100	865	865	865	0.0	1497	type I DNA topoisomerase [Proteus mirabilis]
WP_272693886	82.735	99	863	865	868	0.0	1496	type I DNA topoisomerase [Providencia sp. PROV036]
WP_279862938	82.755	100	864	865	868	0.0	1496	MULTISPECIES: type I DNA topoisomerase [Providencia]
WP_430259531	82.851	99	863	865	868	0.0	1496	type I DNA topoisomerase [Providencia sp. Me31A]
WP_387689086	82.428	100	865	865	866	0.0	1496	type I DNA topoisomerase [Photorhabdus sp. RM71S]
WP_129040788	81.084	100	867	865	867	0.0	1496	type I DNA topoisomerase [Proteus hauseri]
WP_340615047	83.121	100	865	865	865	0.0	1496	type I DNA topoisomerase [Xenorhabdus thailandensis]
WP_460408097	80.347	100	865	865	865	0.0	1496	N/A
WP_368871459	80.578	100	865	865	865	0.0	1496	type I DNA topoisomerase [Proteus mirabilis]
WP_099123133	83.256	99	860	865	865	0.0	1496	type I DNA topoisomerase [Xenorhabdus sp. KK7.4]
WP_193847891	83.121	100	865	865	865	0.0	1496	type I DNA topoisomerase [Xenorhabdus sp. BG5]
WP_152961968	83.006	100	865	865	866	0.0	1496	type I DNA topoisomerase [Photorhabdus khanii]
WP_316459605	93.808	88	759	865	759	0.0	1496	type I DNA topoisomerase, partial [Enterobacter sp.]
WP_341500185	82.543	100	865	865	866	0.0	1496	type I DNA topoisomerase [Photorhabdus sp. P32]
WP_214235363	81.272	100	865	865	865	0.0	1496	type I DNA topoisomerase [Rosenbergiella gaditana]
WP_313489092	93.026	88	760	865	760	0.0	1496	type I DNA topoisomerase, partial [Atlantibacter hermannii]
WP_442533714	87.021	94	809	865	825	0.0	1496	type I DNA topoisomerase, partial [Serratia sp. CY74664]
WP_036846973	82.890	100	865	865	866	0.0	1496	type I DNA topoisomerase [Photorhabdus khanii]
WP_164528815	82.735	99	863	865	868	0.0	1496	MULTISPECIES: type I DNA topoisomerase [Providencia]
WP_069315847	82.428	100	865	865	865	0.0	1496	type I DNA topoisomerase [Xenorhabdus hominickii]
WP_049581456	82.543	100	865	865	866	0.0	1495	MULTISPECIES: type I DNA topoisomerase [Photorhabdus]
WP_132343958	82.543	100	865	865	866	0.0	1495	type I DNA topoisomerase [Photorhabdus luminescens]
WP_214068090	82.312	100	865	865	866	0.0	1495	type I DNA topoisomerase [Photorhabdus hainanensis]
WP_113025882	82.543	100	865	865	866	0.0	1495	type I DNA topoisomerase [Photorhabdus laumondii]
WP_446469118	82.890	100	865	865	865	0.0	1495	type I DNA topoisomerase [Xenorhabdus stockiae]
WP_289993578	82.543	100	865	865	866	0.0	1495	type I DNA topoisomerase [Photorhabdus laumondii]
WP_166286114	82.775	100	865	865	866	0.0	1495	type I DNA topoisomerase [Photorhabdus stackebrandtii]
WP_209028656	82.775	100	865	865	865	0.0	1495	type I DNA topoisomerase [Xenorhabdus budapestensis]
WP_115167208	82.619	99	863	865	868	0.0	1495	MULTISPECIES: type I DNA topoisomerase [Providencia]
WP_350404610	82.312	100	865	865	866	0.0	1495	type I DNA topoisomerase [Photorhabdus laumondii]
WP_112879400	82.312	100	865	865	866	0.0	1494	MULTISPECIES: type I DNA topoisomerase [Photorhabdus]
WP_438805678	81.734	100	865	865	862	0.0	1494	type I DNA topoisomerase [Sodalis sp. (in: enterobacteria)]
WP_369106719	82.639	100	864	865	868	0.0	1494	type I DNA topoisomerase [Providencia huaxiensis]
WP_265377624	82.428	100	865	865	866	0.0	1494	type I DNA topoisomerase [Photorhabdus aballayi]
WP_265513941	82.428	100	865	865	866	0.0	1494	type I DNA topoisomerase [Photorhabdus luminescens]
WP_132354518	82.890	100	865	865	866	0.0	1494	type I DNA topoisomerase [Photorhabdus khanii]
WP_099135250	82.659	100	865	865	865	0.0	1494	type I DNA topoisomerase [Xenorhabdus budapestensis]
WP_074018838	82.775	100	865	865	865	0.0	1494	type I DNA topoisomerase [Xenorhabdus thuongxuanensis]
WP_139922666	100.000	83	717	865	717	0.0	1494	type I DNA topoisomerase, partial [Escherichia coli]
WP_036979408	82.949	99	868	865	872	0.0	1494	type I DNA topoisomerase [Providencia alcalifaciens]
WP_004911045	82.619	99	863	865	868	0.0	1494	MULTISPECIES: type I DNA topoisomerase [Providencia]
WP_065388673	82.543	100	865	865	866	0.0	1494	type I DNA topoisomerase [Photorhabdus namnaonensis]
WP_323853599	82.659	100	865	865	865	0.0	1494	type I DNA topoisomerase [Xenorhabdus koppenhoeferi]
WP_011146662	82.428	100	865	865	866	0.0	1494	MULTISPECIES: type I DNA topoisomerase [Photorhabdus]
WP_387628435	83.006	100	865	865	866	0.0	1494	type I DNA topoisomerase [Photorhabdus sp. RM322S]
WP_225815164	82.197	100	865	865	866	0.0	1494	type I DNA topoisomerase [Photorhabdus antumapuensis]
WP_046976139	82.890	100	865	865	865	0.0	1493	MULTISPECIES: type I DNA topoisomerase [Photorhabdus]
WP_196718366	82.619	99	863	865	868	0.0	1493	MULTISPECIES: type I DNA topoisomerase [Providencia]
WP_110591755	82.735	99	863	865	868	0.0	1493	type I DNA topoisomerase [Providencia rettgeri]
WP_349489243	82.503	99	863	865	868	0.0	1493	type I DNA topoisomerase [Providencia rettgeri]
WP_350386171	82.312	100	865	865	866	0.0	1493	MULTISPECIES: type I DNA topoisomerase [Photorhabdus]
WP_449312054	82.735	99	863	865	868	0.0	1493	type I DNA topoisomerase [Providencia hangzhouensis]
WP_086112578	82.775	100	865	865	865	0.0	1493	type I DNA topoisomerase [Xenorhabdus beddingii]
WP_004254195	82.735	99	863	865	868	0.0	1493	MULTISPECIES: type I DNA topoisomerase [Providencia]
WP_088374258	82.428	100	865	865	866	0.0	1493	type I DNA topoisomerase [Photorhabdus luminescens]
WP_140172199	82.735	99	863	865	868	0.0	1493	MULTISPECIES: type I DNA topoisomerase [Providencia]
WP_228677000	82.735	99	863	865	868	0.0	1493	MULTISPECIES: type I DNA topoisomerase [Providencia]
WP_323836554	82.197	100	865	865	866	0.0	1493	type I DNA topoisomerase [Photorhabdus africana]
WP_179896241	82.110	99	872	865	872	0.0	1493	type I DNA topoisomerase [Providencia alcalifaciens]
WP_213637182	82.503	99	863	865	868	0.0	1493	type I DNA topoisomerase [Providencia rettgeri]
WP_273550331	82.543	100	865	865	865	0.0	1492	type I DNA topoisomerase [Xenorhabdus sp. IM139775]
WP_272670037	82.619	99	863	865	868	0.0	1492	MULTISPECIES: type I DNA topoisomerase [unclassified Providencia]
WP_415886586	82.503	99	863	865	868	0.0	1492	type I DNA topoisomerase [Providencia rettgeri]
WP_023045298	82.775	100	865	865	865	0.0	1492	type I DNA topoisomerase [Photorhabdus temperata]
WP_193017257	80.462	100	865	865	865	0.0	1492	MULTISPECIES: type I DNA topoisomerase [Gammaproteobacteria]
WP_038254792	81.850	100	865	865	863	0.0	1492	type I DNA topoisomerase [Xenorhabdus bovienii]
WP_210844850	82.503	99	863	865	868	0.0	1492	type I DNA topoisomerase [Providencia rettgeri]
WP_374050678	82.890	100	865	865	865	0.0	1492	type I DNA topoisomerase [Xenorhabdus taiwanensis]
WP_016679553	84.798	97	842	865	842	0.0	1492	type I DNA topoisomerase, partial [Yersinia pestis]
WP_273574738	82.543	100	865	865	865	0.0	1492	type I DNA topoisomerase [Xenorhabdus anantnagensis]
WP_340619888	83.159	100	861	865	865	0.0	1492	type I DNA topoisomerase [Xenorhabdus siamensis]
WP_256743642	91.569	89	771	865	771	0.0	1492	type I DNA topoisomerase, partial [Cronobacter sakazakii]
WP_318836966	82.503	99	863	865	868	0.0	1492	MULTISPECIES: type I DNA topoisomerase [unclassified Providencia]
WP_198633363	82.619	99	863	865	868	0.0	1492	type I DNA topoisomerase [Providencia rettgeri]
WP_475847786	82.312	100	865	865	866	0.0	1491	N/A
WP_048795138	87.610	92	799	865	816	0.0	1491	type I DNA topoisomerase, partial [Serratia sp. 506_PEND]
WP_272538131	82.503	99	863	865	868	0.0	1491	MULTISPECIES: type I DNA topoisomerase [unclassified Providencia]
WP_267750841	82.503	99	863	865	868	0.0	1491	type I DNA topoisomerase [Providencia rettgeri]
WP_272686885	82.619	99	863	865	868	0.0	1491	MULTISPECIES: type I DNA topoisomerase [unclassified Providencia]
WP_036965781	82.110	99	872	865	872	0.0	1491	type I DNA topoisomerase [Providencia alcalifaciens]
WP_164455610	82.619	99	863	865	868	0.0	1491	MULTISPECIES: type I DNA topoisomerase [Providencia]
WP_012988731	81.882	100	861	865	863	0.0	1491	type I DNA topoisomerase [Xenorhabdus bovienii]
WP_462879063	82.619	99	863	865	868	0.0	1491	N/A
WP_369484996	82.619	99	863	865	868	0.0	1491	type I DNA topoisomerase [Providencia huaxiensis]
WP_036963747	81.995	99	872	865	872	0.0	1490	MULTISPECIES: type I DNA topoisomerase [Providencia]
WP_036975684	81.995	99	872	865	872	0.0	1490	type I DNA topoisomerase [Providencia alcalifaciens]
WP_154635060	81.995	99	872	865	872	0.0	1490	type I DNA topoisomerase [Providencia alcalifaciens]
WP_102138621	82.619	99	863	865	868	0.0	1490	MULTISPECIES: type I DNA topoisomerase [Providencia]
WP_481089230	82.659	100	865	865	865	0.0	1490	N/A
WP_006661696	81.995	99	872	865	872	0.0	1490	MULTISPECIES: type I DNA topoisomerase [Providencia]
WP_369469098	82.619	99	863	865	868	0.0	1490	type I DNA topoisomerase [Providencia huaxiensis]
WP_210844260	82.619	99	863	865	868	0.0	1490	MULTISPECIES: type I DNA topoisomerase [Providencia]
WP_092552998	82.312	100	865	865	865	0.0	1489	type I DNA topoisomerase [Xenorhabdus koppenhoeferi]
WP_333986555	82.503	99	863	865	868	0.0	1489	type I DNA topoisomerase [Providencia huaxiensis]
WP_006658706	81.995	99	872	865	872	0.0	1489	type I DNA topoisomerase [Providencia alcalifaciens]
WP_273555397	82.428	100	865	865	865	0.0	1489	type I DNA topoisomerase [Xenorhabdus yunnanensis]
WP_323852150	83.391	99	861	865	866	0.0	1489	type I DNA topoisomerase [Xenorhabdus szentirmaii]
WP_323867466	83.391	99	861	865	866	0.0	1489	type I DNA topoisomerase [Xenorhabdus szentirmaii]
WP_092518521	82.428	100	865	865	865	0.0	1488	type I DNA topoisomerase [Xenorhabdus japonica]
WP_016594614	84.762	96	840	865	840	0.0	1488	type I DNA topoisomerase, partial [Yersinia pestis]
WP_066753390	80.831	100	866	865	866	0.0	1488	type I DNA topoisomerase [Proteus myxofaciens]
WP_369486845	82.503	99	863	865	868	0.0	1488	type I DNA topoisomerase [Providencia huaxiensis]
WP_318375523	93.883	87	752	865	752	0.0	1488	type I DNA topoisomerase, partial [Enterobacter sp.]
WP_045958545	82.093	99	860	865	865	0.0	1488	type I DNA topoisomerase [Xenorhabdus poinarii]
WP_445374784	82.428	100	865	865	866	0.0	1488	type I DNA topoisomerase [Photorhabdus tasmaniensis]
WP_449591653	82.428	100	865	865	866	0.0	1488	type I DNA topoisomerase [Photorhabdus tasmaniensis]
WP_285315643	82.271	99	863	865	868	0.0	1487	type I DNA topoisomerase [Providencia rettgeri]
WP_440717892	92.651	88	762	865	762	0.0	1487	type I DNA topoisomerase, partial [Klebsiella pneumoniae]
WP_099138107	83.275	99	861	865	866	0.0	1487	type I DNA topoisomerase [Xenorhabdus szentirmaii]
WP_133812961	82.428	100	865	865	866	0.0	1487	type I DNA topoisomerase [Photorhabdus tasmaniensis]
WP_154601023	81.766	99	872	865	872	0.0	1486	type I DNA topoisomerase [Providencia alcalifaciens]
WP_125893141	82.271	99	863	865	868	0.0	1486	MULTISPECIES: type I DNA topoisomerase [Providencia]
WP_206276069	82.387	99	863	865	868	0.0	1486	MULTISPECIES: type I DNA topoisomerase [Providencia]
WP_038233626	83.275	99	861	865	866	0.0	1486	type I DNA topoisomerase [Xenorhabdus szentirmaii]
WP_387464258	82.428	100	865	865	866	0.0	1486	type I DNA topoisomerase [Photorhabdus sp. RM323S]
WP_323868914	83.275	99	861	865	866	0.0	1486	type I DNA topoisomerase [Xenorhabdus szentirmaii]
WP_349489072	82.503	99	863	865	868	0.0	1486	type I DNA topoisomerase [Providencia huaxiensis]
WP_348987384	82.312	100	865	865	865	0.0	1484	type I DNA topoisomerase [Xenorhabdus sp. SGI240]
WP_476655878	96.322	85	734	865	734	0.0	1484	N/A
WP_118986931	81.618	100	865	865	866	0.0	1484	type I DNA topoisomerase [Photorhabdus sp. CRCIA-P01]
WP_053908294	81.503	100	865	865	864	0.0	1484	type I DNA topoisomerase [Moellerella wisconsensis]
WP_038928411	84.726	96	838	865	838	0.0	1483	type I DNA topoisomerase, partial [Yersinia pestis]
WP_049127857	92.754	88	759	865	759	0.0	1482	type I DNA topoisomerase, partial [Klebsiella oxytoca]
WP_443704441	92.338	88	757	865	757	0.0	1481	type I DNA topoisomerase, partial [Raoultella planticola]
WP_294106115	81.149	100	870	865	869	0.0	1481	type I DNA topoisomerase [Providencia sp.]
WP_434719008	81.149	100	870	865	869	0.0	1481	type I DNA topoisomerase [Providencia sp. Je.9.19]
WP_321157397	87.531	92	794	865	794	0.0	1480	type I DNA topoisomerase, partial [Serratia nevei]
WP_049026611	99.440	83	714	865	723	0.0	1480	type I DNA topoisomerase, partial [Escherichia coli]
WP_350304979	82.312	100	865	865	865	0.0	1480	type I DNA topoisomerase [Photorhabdus viridis]
WP_068444109	81.692	99	863	865	868	0.0	1479	MULTISPECIES: type I DNA topoisomerase [Providencia]
WP_006812921	82.353	99	867	865	871	0.0	1479	MULTISPECIES: type I DNA topoisomerase [Providencia]
WP_047770954	81.850	100	865	865	865	0.0	1479	MULTISPECIES: type I DNA topoisomerase [Xenorhabdus]
WP_230061228	80.925	100	865	865	862	0.0	1478	type I DNA topoisomerase [Morganella morganii]
WP_369452595	81.040	100	865	865	862	0.0	1478	type I DNA topoisomerase [Morganella morganii]
WP_484535142	80.809	100	865	865	862	0.0	1477	N/A
WP_107680258	80.925	100	865	865	862	0.0	1477	MULTISPECIES: type I DNA topoisomerase [Morganella]
WP_349416584	80.809	100	865	865	862	0.0	1477	type I DNA topoisomerase [Morganella morganii]
WP_066596358	80.000	100	865	865	862	0.0	1477	type I DNA topoisomerase [Sodalis-like endosymbiont of Proechinophthirus fluctus]
WP_115164340	82.122	99	867	865	871	0.0	1477	type I DNA topoisomerase [Providencia rustigianii]
WP_225575388	81.881	99	872	865	872	0.0	1477	type I DNA topoisomerase [Providencia alcalifaciens]
WP_371004556	80.809	100	865	865	862	0.0	1477	type I DNA topoisomerase [Morganella morganii]
WP_484545735	80.809	100	865	865	862	0.0	1477	N/A
WP_068907130	81.576	99	863	865	868	0.0	1477	type I DNA topoisomerase [Providencia heimbachae]
WP_283623780	80.809	100	865	865	862	0.0	1477	type I DNA topoisomerase [Morganella morganii]
WP_218454103	80.925	100	865	865	862	0.0	1476	type I DNA topoisomerase [Morganella morganii]
WP_117148380	96.438	84	730	865	730	0.0	1476	type I DNA topoisomerase, partial [Salmonella enterica]
WP_052927652	80.809	100	865	865	862	0.0	1476	type I DNA topoisomerase [Morganella morganii]
WP_046893610	80.809	100	865	865	862	0.0	1476	type I DNA topoisomerase [Morganella morganii]
WP_166707921	80.809	100	865	865	862	0.0	1476	type I DNA topoisomerase [Morganella morganii]
WP_349418062	80.694	100	865	865	862	0.0	1476	type I DNA topoisomerase [Morganella morganii]
WP_407901586	82.238	99	867	865	871	0.0	1476	type I DNA topoisomerase [Providencia rustigianii]
WP_182108183	80.809	100	865	865	862	0.0	1476	type I DNA topoisomerase [Morganella morganii]
WP_312274407	92.185	87	755	865	755	0.0	1475	type I DNA topoisomerase, partial [Pseudescherichia sp.]
WP_126323792	80.809	100	865	865	862	0.0	1475	type I DNA topoisomerase [Morganella morganii]
WP_323086315	81.766	99	872	865	872	0.0	1475	type I DNA topoisomerase [Providencia alcalifaciens]
WP_064277449	92.348	88	758	865	758	0.0	1475	type I DNA topoisomerase, partial [Klebsiella pneumoniae]
WP_234598714	80.809	100	865	865	862	0.0	1475	type I DNA topoisomerase [Morganella morganii]
WP_214271390	80.694	100	865	865	862	0.0	1475	type I DNA topoisomerase [Morganella morganii]
WP_368889289	80.925	100	865	865	862	0.0	1475	type I DNA topoisomerase [Morganella morganii]
WP_337137276	80.809	100	865	865	862	0.0	1474	type I DNA topoisomerase [Morganella morganii]
WP_072868826	80.694	100	865	865	862	0.0	1474	type I DNA topoisomerase [Morganella morganii]
WP_186723891	80.694	100	865	865	862	0.0	1474	type I DNA topoisomerase [Morganella morganii]
WP_154603745	81.881	99	872	865	872	0.0	1474	MULTISPECIES: type I DNA topoisomerase [Providencia]
WP_153642326	80.809	100	865	865	862	0.0	1474	type I DNA topoisomerase [Morganella morganii]
WP_211885682	81.766	99	872	865	872	0.0	1474	MULTISPECIES: type I DNA topoisomerase [unclassified Providencia]
WP_154626971	81.881	99	872	865	872	0.0	1474	MULTISPECIES: type I DNA topoisomerase [unclassified Providencia]
WP_434691288	80.694	100	865	865	862	0.0	1474	type I DNA topoisomerase [Morganella sp. Je.2.23]
WP_434999611	80.694	100	865	865	862	0.0	1473	type I DNA topoisomerase [Morganella morganii]
WP_214050926	80.809	100	865	865	862	0.0	1473	type I DNA topoisomerase [Morganella morganii]
WP_108657634	80.694	100	865	865	862	0.0	1473	type I DNA topoisomerase [Morganella morganii]
WP_064483088	80.694	100	865	865	862	0.0	1473	type I DNA topoisomerase [Morganella morganii]
WP_181477197	81.766	99	872	865	872	0.0	1473	type I DNA topoisomerase [Providencia rettgeri]
WP_318668978	80.809	100	865	865	862	0.0	1473	type I DNA topoisomerase [Morganella morganii]
WP_024473153	80.694	100	865	865	862	0.0	1472	type I DNA topoisomerase [Morganella morganii]
WP_141178214	80.694	100	865	865	862	0.0	1472	type I DNA topoisomerase [Morganella morganii]
WP_004239222	80.694	100	865	865	862	0.0	1472	MULTISPECIES: type I DNA topoisomerase [Morganella]
WP_186848665	80.578	100	865	865	862	0.0	1472	type I DNA topoisomerase [Morganella morganii]
WP_416359020	92.247	88	761	865	761	0.0	1472	type I DNA topoisomerase, partial [Atlantibacter subterraneus]
WP_284025443	80.578	100	865	865	862	0.0	1472	type I DNA topoisomerase [Morganella morganii]
WP_224057652	81.651	99	872	865	872	0.0	1472	type I DNA topoisomerase [Providencia alcalifaciens]
WP_435346845	80.694	100	865	865	862	0.0	1472	type I DNA topoisomerase [Morganella morganii]
WP_420173566	80.694	100	865	865	862	0.0	1472	type I DNA topoisomerase [Morganella morganii]
WP_152696218	80.694	100	865	865	862	0.0	1472	type I DNA topoisomerase [Morganella morganii]
WP_483727690	80.694	100	865	865	862	0.0	1472	N/A
WP_341258921	80.578	100	865	865	862	0.0	1471	type I DNA topoisomerase [Morganella morganii]
WP_214218625	80.578	100	865	865	862	0.0	1471	type I DNA topoisomerase [Morganella morganii]
WP_354632747	80.694	100	865	865	862	0.0	1471	MULTISPECIES: type I DNA topoisomerase [Morganella]
WP_214182449	80.578	100	865	865	862	0.0	1471	type I DNA topoisomerase [Morganella morganii]
WP_214208881	80.578	100	865	865	862	0.0	1471	type I DNA topoisomerase [Morganella morganii]
WP_349474948	80.578	100	865	865	862	0.0	1471	type I DNA topoisomerase [Morganella morganii]
WP_281900944	96.561	84	727	865	727	0.0	1471	type I DNA topoisomerase, partial [Salmonella enterica]
WP_101924088	80.578	100	865	865	862	0.0	1471	type I DNA topoisomerase [Morganella morganii]
WP_435339419	80.578	100	865	865	862	0.0	1471	type I DNA topoisomerase [Morganella morganii]
WP_349487837	81.651	99	872	865	872	0.0	1471	type I DNA topoisomerase [Providencia alcalifaciens]
WP_214177186	80.578	100	865	865	862	0.0	1471	type I DNA topoisomerase [Morganella morganii]
WP_016596749	84.615	95	832	865	832	0.0	1471	type I DNA topoisomerase, partial [Yersinia pestis]
WP_318668099	80.578	100	865	865	862	0.0	1471	type I DNA topoisomerase [Morganella morganii]
WP_105369902	80.578	100	865	865	862	0.0	1471	type I DNA topoisomerase [Morganella morganii]
WP_036956550	81.651	99	872	865	872	0.0	1471	MULTISPECIES: type I DNA topoisomerase [Providencia]
WP_274765229	80.578	100	865	865	862	0.0	1471	type I DNA topoisomerase [Morganella morganii]
WP_214231669	80.578	100	865	865	862	0.0	1471	type I DNA topoisomerase [Morganella morganii]
WP_214167359	80.578	100	865	865	862	0.0	1471	type I DNA topoisomerase [Morganella morganii]
WP_163622936	80.578	100	865	865	862	0.0	1471	type I DNA topoisomerase [Morganella morganii]
WP_214183307	80.578	100	865	865	862	0.0	1470	type I DNA topoisomerase [Morganella morganii]
WP_262861972	80.462	100	865	865	862	0.0	1470	type I DNA topoisomerase [Morganella morganii]
WP_486407901	80.578	100	865	865	862	0.0	1470	N/A
WP_476428356	80.578	100	865	865	862	0.0	1470	N/A
WP_446850640	80.578	100	865	865	862	0.0	1470	type I DNA topoisomerase [Morganella morganii]
WP_132495997	81.537	99	872	865	872	0.0	1470	MULTISPECIES: type I DNA topoisomerase [Providencia]
WP_262864705	80.462	100	865	865	862	0.0	1470	MULTISPECIES: type I DNA topoisomerase [Morganella]
WP_341263670	80.578	100	865	865	862	0.0	1469	type I DNA topoisomerase [Morganella morganii]
WP_392497023	80.462	100	865	865	862	0.0	1469	MULTISPECIES: type I DNA topoisomerase [Morganella]
WP_025153127	80.462	100	865	865	862	0.0	1469	type I DNA topoisomerase [Morganella morganii]
WP_274369554	80.462	100	865	865	862	0.0	1469	type I DNA topoisomerase [Morganella morganii]
WP_214192875	80.578	100	865	865	862	0.0	1468	type I DNA topoisomerase [Morganella morganii]
WP_154639577	81.422	99	872	865	872	0.0	1468	type I DNA topoisomerase [Providencia sp. wls1916]
WP_270104018	81.537	99	872	865	872	0.0	1468	type I DNA topoisomerase [Providencia sp. PROV188]
WP_439221683	99.858	82	705	865	705	0.0	1467	type I DNA topoisomerase, partial [Escherichia coli]
WP_341265194	80.462	100	865	865	862	0.0	1466	type I DNA topoisomerase [Morganella morganii]
WP_116794828	92.543	87	751	865	751	0.0	1466	type I DNA topoisomerase, partial [Klebsiella pneumoniae]
WP_373347088	99.858	81	704	865	704	0.0	1465	type I DNA topoisomerase, partial [Escherichia coli]
WP_413482628	80.392	100	867	865	866	0.0	1464	type I DNA topoisomerase [Morganella psychrotolerans]
WP_413491940	80.161	100	867	865	866	0.0	1463	type I DNA topoisomerase [Morganella psychrotolerans]
WP_067406336	80.392	100	867	865	866	0.0	1462	type I DNA topoisomerase [Morganella psychrotolerans]
WP_250840792	92.400	87	750	865	750	0.0	1462	type I DNA topoisomerase, partial [Klebsiella pneumoniae]
WP_333120230	94.166	85	737	865	737	0.0	1461	type I DNA topoisomerase, partial [Enterobacter bugandensis]
WP_067364616	80.046	100	867	865	866	0.0	1461	type I DNA topoisomerase [Morganella psychrotolerans]
WP_410773525	98.590	82	709	865	709	0.0	1460	type I DNA topoisomerase, partial [Escherichia coli]
WP_333119474	93.758	85	737	865	737	0.0	1457	type I DNA topoisomerase, partial [Enterobacter bugandensis]
WP_052968815	99.571	81	699	865	699	0.0	1457	type I DNA topoisomerase, partial [Shigella sonnei]
WP_152128287	79.267	100	873	865	871	0.0	1457	type I DNA topoisomerase [Plesiomonas shigelloides]
WP_039044872	79.267	100	873	865	871	0.0	1456	MULTISPECIES: type I DNA topoisomerase [Plesiomonas]
WP_435131219	79.381	100	873	865	871	0.0	1456	type I DNA topoisomerase [Plesiomonas shigelloides]
WP_215789647	79.267	100	873	865	871	0.0	1456	type I DNA topoisomerase [Plesiomonas shigelloides]
WP_152146978	79.267	100	873	865	871	0.0	1456	type I DNA topoisomerase [Plesiomonas shigelloides]
WP_342220925	79.540	100	870	865	872	0.0	1456	type I DNA topoisomerase [Candidatus Fukatsuia endosymbiont of Tuberolachnus salignus]
WP_288015259	87.516	91	785	865	782	0.0	1456	type I DNA topoisomerase, partial [Mixta sp.]
WP_340310190	79.267	100	873	865	871	0.0	1455	type I DNA topoisomerase [Plesiomonas shigelloides]
WP_072549608	79.540	100	870	865	872	0.0	1455	MULTISPECIES: type I DNA topoisomerase [Candidatus Fukatsuia]
WP_152113748	79.267	100	873	865	871	0.0	1455	type I DNA topoisomerase [Plesiomonas shigelloides]
WP_112865786	79.152	100	873	865	871	0.0	1454	type I DNA topoisomerase [Plesiomonas shigelloides]
WP_106910526	79.152	100	873	865	871	0.0	1454	type I DNA topoisomerase [Plesiomonas shigelloides]
WP_215805596	79.152	100	873	865	871	0.0	1454	type I DNA topoisomerase [Plesiomonas shigelloides]
WP_207541734	79.152	100	873	865	871	0.0	1454	type I DNA topoisomerase [Plesiomonas shigelloides]
WP_084977449	79.038	100	873	865	871	0.0	1454	type I DNA topoisomerase [Plesiomonas shigelloides]
WP_152138971	79.493	99	868	865	871	0.0	1454	type I DNA topoisomerase [Plesiomonas shigelloides]
WP_010863937	79.152	100	873	865	871	0.0	1454	type I DNA topoisomerase [Plesiomonas shigelloides]
WP_047709099	79.152	100	873	865	871	0.0	1454	type I DNA topoisomerase [Plesiomonas sp. ZOR0011]
WP_311756499	79.152	100	873	865	871	0.0	1454	type I DNA topoisomerase [Plesiomonas shigelloides]
WP_219256990	79.152	100	873	865	871	0.0	1453	type I DNA topoisomerase [Plesiomonas shigelloides]
WP_152117839	79.152	100	873	865	871	0.0	1453	type I DNA topoisomerase [Plesiomonas shigelloides]
WP_417063802	92.973	86	740	865	740	0.0	1452	type I DNA topoisomerase, partial [Enterobacter hormaechei]
WP_016599731	84.653	94	821	865	821	0.0	1449	type I DNA topoisomerase, partial [Yersinia pestis]
WP_486533209	92.463	86	743	865	743	0.0	1447	N/A
WP_023375566	95.944	83	715	865	715	0.0	1446	type I DNA topoisomerase, partial [Salmonella enterica]
WP_309150118	86.885	92	793	865	793	0.0	1445	type I DNA topoisomerase, partial [Serratia marcescens]
WP_406702821	79.075	100	865	865	862	0.0	1445	type I DNA topoisomerase [Sodalis sp. (in: enterobacteria)]
WP_213673011	87.613	90	775	865	775	0.0	1442	type I DNA topoisomerase, partial [Serratia marcescens]
WP_080229596	96.203	82	711	865	711	0.0	1442	type I DNA topoisomerase, partial [Salmonella enterica]
WP_219102971	99.855	80	689	865	689	0.0	1440	type I DNA topoisomerase, partial [Escherichia coli]
WP_214338471	87.056	91	788	865	788	0.0	1438	type I DNA topoisomerase, partial [Serratia marcescens]
WP_095885144	92.402	85	737	865	737	0.0	1436	type I DNA topoisomerase, partial [Klebsiella pneumoniae]
WP_406930630	77.739	100	867	865	866	0.0	1435	type I DNA topoisomerase [Arsenophonus nasoniae]
WP_406931622	77.739	100	867	865	866	0.0	1435	type I DNA topoisomerase [Arsenophonus nasoniae]
WP_406936310	77.624	100	867	865	866	0.0	1435	type I DNA topoisomerase [Arsenophonus apicola]
WP_280628618	77.739	100	867	865	866	0.0	1435	type I DNA topoisomerase [Arsenophonus nasoniae]
WP_406938173	77.624	100	867	865	866	0.0	1435	type I DNA topoisomerase [Arsenophonus apicola]
WP_069185355	100.000	79	686	865	686	0.0	1434	type I DNA topoisomerase, partial [Escherichia coli]
WP_277269661	87.980	90	782	865	782	0.0	1434	type I DNA topoisomerase, partial [Pantoea septica]
WP_026821992	77.624	100	867	865	866	0.0	1433	type I DNA topoisomerase [Arsenophonus nasoniae]
WP_180559914	77.509	100	867	865	866	0.0	1432	MULTISPECIES: type I DNA topoisomerase [Arsenophonus]
WP_280626158	77.509	100	867	865	866	0.0	1432	type I DNA topoisomerase [Arsenophonus nasoniae]
WP_047621968	96.176	82	706	865	706	0.0	1431	type I DNA topoisomerase, partial [Salmonella enterica]
WP_280548305	77.624	100	867	865	866	0.0	1431	type I DNA topoisomerase [Arsenophonus sp. aPb]
WP_479372546	77.509	100	867	865	866	0.0	1431	N/A
WP_079984900	96.469	82	708	865	708	0.0	1429	type I DNA topoisomerase, partial [Salmonella enterica]
WP_418394793	87.047	89	772	865	772	0.0	1429	type I DNA topoisomerase, partial [Yersinia sp. LJYL362]
WP_406934392	77.393	100	867	865	866	0.0	1428	type I DNA topoisomerase [Arsenophonus nasoniae]
WP_280937120	77.393	100	867	865	866	0.0	1428	type I DNA topoisomerase [Arsenophonus apicola]
WP_339058261	77.460	100	874	865	874	0.0	1427	type I DNA topoisomerase [Candidatus Regiella endosymbiont of Tuberolachnus salignus]
WP_290604250	76.817	100	867	865	866	0.0	1427	type I DNA topoisomerase [Arsenophonus sp. ENCA]
WP_079950240	96.464	82	707	865	707	0.0	1427	type I DNA topoisomerase, partial [Salmonella enterica]
WP_334472088	76.932	100	867	865	867	0.0	1426	type I DNA topoisomerase [Arsenophonus sp. PmNCSU2021_1]
WP_176487883	77.460	100	874	865	874	0.0	1425	type I DNA topoisomerase [Candidatus Regiella insecticola]
WP_117616406	92.360	85	733	865	733	0.0	1425	type I DNA topoisomerase, partial [Klebsiella pneumoniae]
WP_338265541	99.709	79	687	865	687	0.0	1425	type I DNA topoisomerase, partial [Escherichia coli]
WP_006704667	77.460	100	874	865	874	0.0	1425	type I DNA topoisomerase [Candidatus Regiella insecticola]
WP_032115003	77.047	100	867	865	866	0.0	1425	type I DNA topoisomerase [Candidatus Arsenophonus nilaparvatae]
WP_318628749	92.350	85	732	865	732	0.0	1425	type I DNA topoisomerase, partial [Klebsiella pneumoniae]
WP_079958367	96.322	82	707	865	707	0.0	1425	type I DNA topoisomerase, partial [Salmonella enterica]
WP_406942604	77.047	100	867	865	866	0.0	1424	type I DNA topoisomerase [Arsenophonus sp.]
WP_310510838	76.932	100	867	865	866	0.0	1424	type I DNA topoisomerase [Arsenophonus sp.]
WP_479535809	77.638	100	872	865	871	0.0	1424	N/A
WP_063655885	77.047	100	867	865	866	0.0	1424	type I DNA topoisomerase [Candidatus Arsenophonus triatominarum]
WP_174888491	76.125	100	867	865	873	0.0	1424	type I DNA topoisomerase [Candidatus Williamhamiltonella defendens]
WP_080101121	96.017	81	703	865	703	0.0	1423	type I DNA topoisomerase, partial [Salmonella enterica]
WP_174891196	76.009	100	867	865	873	0.0	1422	type I DNA topoisomerase [Candidatus Williamhamiltonella defendens]
WP_281778208	96.454	82	705	865	705	0.0	1421	type I DNA topoisomerase, partial [Salmonella enterica]
WP_250818987	92.466	84	730	865	730	0.0	1421	type I DNA topoisomerase, partial [Klebsiella pneumoniae]
WP_339053162	76.817	100	867	865	866	0.0	1421	type I DNA topoisomerase [Arsenophonus endosymbiont of Crataerina pallida]
WP_046660009	99.854	79	684	865	684	0.0	1420	type I DNA topoisomerase, partial [Escherichia coli]
WP_100103071	75.894	100	867	865	873	0.0	1420	type I DNA topoisomerase [Candidatus Williamhamiltonella defendens]
WP_438623417	77.523	100	872	865	871	0.0	1420	type I DNA topoisomerase [Plesiomonas sp.]
WP_438641372	77.523	100	872	865	871	0.0	1420	type I DNA topoisomerase [Plesiomonas sp.]
WP_100096278	75.894	100	867	865	873	0.0	1420	MULTISPECIES: type I DNA topoisomerase [Candidatus Williamhamiltonella]
WP_015874127	75.894	100	867	865	873	0.0	1420	type I DNA topoisomerase [Candidatus Williamhamiltonella defendens]
WP_438634964	77.231	100	874	865	873	0.0	1417	type I DNA topoisomerase [Plesiomonas sp.]
WP_174888858	75.779	100	867	865	873	0.0	1417	type I DNA topoisomerase [Candidatus Williamhamiltonella defendens]
WP_438642120	77.294	100	872	865	871	0.0	1416	type I DNA topoisomerase [Plesiomonas sp.]
WP_108615292	96.302	81	703	865	703	0.0	1415	type I DNA topoisomerase, partial [Salmonella enterica]
WP_016856973	75.779	100	867	865	873	0.0	1414	type I DNA topoisomerase [Candidatus Williamhamiltonella defendens]
WP_430652070	92.276	84	725	865	725	0.0	1412	type I DNA topoisomerase, partial [Huaxiibacter chinensis]
WP_442977602	96.121	80	696	865	696	0.0	1410	type I DNA topoisomerase, partial [Salmonella enterica]
WP_180816698	76.240	100	867	865	866	0.0	1410	type I DNA topoisomerase [Arsenophonus endosymbiont of Aphis craccivora]
WP_281920841	96.423	81	699	865	699	0.0	1410	type I DNA topoisomerase, partial [Salmonella enterica]
WP_046493073	75.548	100	867	865	873	0.0	1410	type I DNA topoisomerase [Candidatus Williamhamiltonella defendens]
WP_260403018	96.148	81	701	865	701	0.0	1410	type I DNA topoisomerase, partial [Salmonella enterica]
WP_181994800	76.273	100	864	865	874	0.0	1410	type I DNA topoisomerase [Arsenophonus endosymbiont of Bemisia tabaci]
WP_061872998	96.011	81	702	865	710	0.0	1407	type I DNA topoisomerase, partial [Salmonella enterica]
WP_438454516	96.110	80	694	865	694	0.0	1406	type I DNA topoisomerase, partial [Salmonella enterica]
WP_255121227	95.609	82	706	865	727	0.0	1404	type I DNA topoisomerase, partial [Salmonella enterica]
WP_474452642	76.009	100	867	865	866	0.0	1404	N/A
WP_250010644	95.056	82	708	865	708	0.0	1401	type I DNA topoisomerase, partial [Citrobacter youngae]
WP_213706317	95.448	81	703	865	703	0.0	1399	type I DNA topoisomerase, partial [Citrobacter freundii]
WP_159932289	76.532	100	865	865	865	0.0	1399	type I DNA topoisomerase [Pantoea sp. Nvir]
WP_220444774	96.226	80	689	865	689	0.0	1397	type I DNA topoisomerase, partial [Salmonella enterica]
WP_061873419	96.392	80	693	865	693	0.0	1397	type I DNA topoisomerase, partial [Salmonella enterica]
WP_134413319	99.701	77	669	865	669	0.0	1397	type I DNA topoisomerase, partial [Escherichia coli]
WP_200016455	96.254	80	694	865	694	0.0	1396	type I DNA topoisomerase, partial [Citrobacter amalonaticus]
WP_277105879	93.069	82	707	865	707	0.0	1393	type I DNA topoisomerase, partial [Enterobacter hormaechei]
WP_158379358	74.510	100	867	865	873	0.0	1392	type I DNA topoisomerase [Candidatus Williamhamiltonella defendens]
WP_198260277	100.000	77	664	865	664	0.0	1392	type I DNA topoisomerase, partial [Escherichia coli]
WP_158366330	74.394	100	867	865	873	0.0	1392	type I DNA topoisomerase [Candidatus Williamhamiltonella defendens]
WP_135420082	95.292	81	701	865	707	0.0	1392	type I DNA topoisomerase, partial [Salmonella enterica]
WP_220443527	96.377	80	690	865	690	0.0	1392	type I DNA topoisomerase, partial [Salmonella enterica]
WP_085334440	92.329	83	717	865	717	0.0	1391	type I DNA topoisomerase, partial [Klebsiella pneumoniae]
WP_080222906	96.210	79	686	865	686	0.0	1390	type I DNA topoisomerase, partial [Salmonella enterica]
WP_368764729	92.318	83	716	865	716	0.0	1389	type I DNA topoisomerase, partial [Klebsiella pneumoniae]
WP_314155035	85.903	88	759	865	759	0.0	1389	type I DNA topoisomerase, partial [Rouxiella badensis]
WP_252860943	99.549	77	665	865	665	0.0	1389	type I DNA topoisomerase, partial [Shigella sonnei]
WP_200100501	95.415	81	698	865	698	0.0	1388	type I DNA topoisomerase, partial [Citrobacter freundii]
WP_023256988	96.366	80	688	865	688	0.0	1386	type I DNA topoisomerase, partial [Salmonella enterica]
WP_265640476	95.382	80	693	865	693	0.0	1383	type I DNA topoisomerase, partial [Citrobacter portucalensis]
WP_131139950	92.286	82	713	865	713	0.0	1382	type I DNA topoisomerase, partial [Klebsiella pneumoniae]
WP_332079860	95.122	81	697	865	697	0.0	1382	type I DNA topoisomerase, partial [Citrobacter freundii]
WP_153909047	91.436	84	724	865	724	0.0	1382	type I DNA topoisomerase, partial [Klebsiella pneumoniae]
WP_109205241	96.215	79	687	865	687	0.0	1382	type I DNA topoisomerase, partial [Salmonella enterica]
WP_119163449	99.552	77	670	865	670	0.0	1382	type I DNA topoisomerase, partial [Shigella flexneri]
WP_086141795	96.361	79	687	865	687	0.0	1382	type I DNA topoisomerase, partial [Salmonella enterica]
WP_061585988	96.356	79	686	865	686	0.0	1381	type I DNA topoisomerase, partial [Salmonella enterica]
WP_108629455	96.210	79	686	865	686	0.0	1380	type I DNA topoisomerase, partial [Salmonella enterica]
WP_086151847	96.356	79	686	865	686	0.0	1379	type I DNA topoisomerase, partial [Salmonella enterica]
WP_149466091	96.210	79	686	865	686	0.0	1379	type I DNA topoisomerase, partial [Salmonella enterica]
WP_309519997	99.545	76	660	865	660	0.0	1377	type I DNA topoisomerase, partial [Escherichia coli]
WP_155085847	100.000	77	663	865	663	0.0	1376	type I DNA topoisomerase, partial [Escherichia coli]
WP_131100102	92.113	82	710	865	710	0.0	1375	type I DNA topoisomerase, partial [Klebsiella quasipneumoniae]
WP_099085204	92.254	82	710	865	710	0.0	1375	type I DNA topoisomerase, partial [Klebsiella pneumoniae]
WP_093317751	74.312	100	872	865	873	0.0	1375	type I DNA topoisomerase [Thorsellia anophelis]
WP_213976597	87.432	86	740	865	740	0.0	1374	type I DNA topoisomerase, partial [Serratia marcescens]
WP_331385941	96.340	79	683	865	683	0.0	1374	type I DNA topoisomerase, partial [Salmonella enterica]
WP_329808552	92.439	81	701	865	729	0.0	1373	type I DNA topoisomerase, partial [Klebsiella pneumoniae]
WP_069044386	96.193	79	683	865	683	0.0	1372	type I DNA topoisomerase, partial [Salmonella enterica]
WP_059355798	93.162	81	702	865	702	0.0	1372	type I DNA topoisomerase, partial [Klebsiella aerogenes]
WP_047658707	96.334	79	682	865	682	0.0	1370	type I DNA topoisomerase, partial [Salmonella enterica]
WP_079837934	96.329	79	681	865	681	0.0	1368	type I DNA topoisomerase, partial [Salmonella enterica]
WP_191608677	95.203	80	688	865	688	0.0	1365	type I DNA topoisomerase, partial [Citrobacter freundii]
WP_200020359	95.342	79	687	865	687	0.0	1365	type I DNA topoisomerase, partial [Citrobacter freundii]
WP_080183074	96.137	78	673	865	673	0.0	1364	type I DNA topoisomerase, partial [Salmonella enterica]
WP_130563469	92.199	82	705	865	705	0.0	1364	type I DNA topoisomerase, partial [Klebsiella pneumoniae]
WP_127663833	95.197	79	687	865	687	0.0	1363	N/A
WP_142304118	92.068	82	706	865	714	0.0	1363	type I DNA topoisomerase, partial [Klebsiella pneumoniae]
WP_079838832	96.131	78	672	865	676	0.0	1363	type I DNA topoisomerase, partial [Salmonella enterica]
WP_097032324	75.260	100	865	865	868	0.0	1363	type I DNA topoisomerase [Sodalis endosymbiont of Henestaris halophilus]
WP_080073168	96.131	78	672	865	672	0.0	1363	type I DNA topoisomerase, partial [Salmonella enterica]
WP_079900162	95.988	78	673	865	673	0.0	1362	type I DNA topoisomerase, partial [Salmonella enterica]
WP_228372013	95.994	78	674	865	674	0.0	1362	type I DNA topoisomerase, partial [Salmonella enterica]
WP_213709478	95.190	79	686	865	686	0.0	1361	type I DNA topoisomerase, partial [Citrobacter freundii]
WP_213750196	95.328	79	685	865	685	0.0	1360	type I DNA topoisomerase, partial [Citrobacter freundii]
WP_113778888	92.308	81	702	865	702	0.0	1360	type I DNA topoisomerase, partial [Klebsiella pneumoniae]
WP_475009368	92.176	81	703	865	703	0.0	1360	N/A
WP_080212333	96.165	78	678	865	678	0.0	1359	type I DNA topoisomerase, partial [Salmonella enterica]
WP_119171229	100.000	75	647	865	647	0.0	1359	type I DNA topoisomerase, partial [Shigella dysenteriae]
WP_067567297	73.788	100	866	865	862	0.0	1359	type I DNA topoisomerase [Candidatus Hoaglandella endobia]
WP_213758345	95.322	79	684	865	684	0.0	1358	type I DNA topoisomerase, partial [Citrobacter freundii]
WP_220438633	96.119	77	670	865	670	0.0	1358	type I DNA topoisomerase, partial [Salmonella enterica]
WP_153793083	92.297	81	701	865	701	0.0	1358	type I DNA topoisomerase, partial [Klebsiella pneumoniae]
WP_213750139	95.182	79	685	865	688	0.0	1358	type I DNA topoisomerase, partial [Citrobacter freundii]
WP_112131507	83.509	88	758	865	758	0.0	1357	type I DNA topoisomerase, partial [Lonsdalea populi]
WP_392565076	73.356	100	867	865	869	0.0	1356	type I DNA topoisomerase [Utexia brackfieldae]
WP_005762130	73.853	100	872	865	868	0.0	1356	type I DNA topoisomerase [Pasteurella dagmatis]
WP_230542734	92.286	81	700	865	700	0.0	1356	type I DNA topoisomerase, partial [Klebsiella pneumoniae]
WP_423243791	95.315	79	683	865	685	0.0	1355	type I DNA topoisomerase, partial [Citrobacter freundii]
WP_130091210	99.543	76	656	865	656	0.0	1355	type I DNA topoisomerase, partial [Escherichia coli]
WP_106775777	96.296	78	675	865	675	0.0	1355	type I DNA topoisomerase, partial [Salmonella enterica]
WP_079837558	96.012	78	677	865	679	0.0	1355	type I DNA topoisomerase, partial [Salmonella enterica]
WP_149466751	96.148	78	675	865	675	0.0	1355	type I DNA topoisomerase, partial [Salmonella enterica]
WP_137518589	99.695	76	655	865	655	0.0	1355	type I DNA topoisomerase, partial [Escherichia coli]
WP_047066985	93.074	80	693	865	693	0.0	1353	type I DNA topoisomerase, partial [Klebsiella aerogenes]
WP_077662970	73.672	99	866	865	877	0.0	1353	type I DNA topoisomerase [Salinivibrio proteolyticus]
WP_475139737	73.557	99	866	865	877	0.0	1353	N/A
WP_457913927	73.055	100	861	865	865	0.0	1353	type I DNA topoisomerase [Candidatus Gillettellia adelgis]
WP_058845369	95.168	79	683	865	686	0.0	1352	type I DNA topoisomerase, partial [Citrobacter freundii]
WP_340127536	92.143	81	700	865	700	0.0	1352	type I DNA topoisomerase, partial [Klebsiella pneumoniae]
WP_167314239	73.441	99	866	865	877	0.0	1352	type I DNA topoisomerase [Salinivibrio costicola]
WP_108628894	96.142	78	674	865	674	0.0	1352	type I DNA topoisomerase, partial [Salmonella enterica]
WP_103527756	92.264	81	698	865	698	0.0	1351	type I DNA topoisomerase, partial [Klebsiella pneumoniae]
WP_269598364	73.441	99	866	865	877	0.0	1351	type I DNA topoisomerase [Salinivibrio proteolyticus]
WP_031524090	91.938	82	707	865	707	0.0	1351	type I DNA topoisomerase, partial [Siccibacter colletis]
WP_069590143	73.441	99	866	865	877	0.0	1351	MULTISPECIES: type I DNA topoisomerase [unclassified Salinivibrio]
WP_431833005	95.161	79	682	865	682	0.0	1350	type I DNA topoisomerase, partial [Citrobacter freundii]
WP_077480185	73.557	99	866	865	877	0.0	1350	MULTISPECIES: type I DNA topoisomerase [unclassified Salinivibrio]
WP_077456760	73.441	99	866	865	877	0.0	1350	type I DNA topoisomerase [Salinivibrio sp. IB872]
WP_077647074	73.441	99	866	865	876	0.0	1350	type I DNA topoisomerase [Salinivibrio sp. IB643]
WP_457161711	73.249	100	871	865	868	0.0	1350	type I DNA topoisomerase [Pasteurella sp. P03HT]
WP_061157114	100.000	75	650	865	650	0.0	1350	type I DNA topoisomerase, partial [Escherichia coli]
WP_279511201	92.120	81	698	865	698	0.0	1350	type I DNA topoisomerase, partial [Klebsiella pneumoniae]
WP_021023936	73.326	99	866	865	876	0.0	1349	N/A
WP_104011207	92.120	81	698	865	698	0.0	1349	type I DNA topoisomerase, partial [Klebsiella pneumoniae]
WP_073557227	92.253	81	697	865	697	0.0	1349	type I DNA topoisomerase, partial [Klebsiella pneumoniae]
WP_213314729	95.441	79	680	865	680	0.0	1349	N/A
WP_273023723	74.362	100	862	865	861	0.0	1348	type I DNA topoisomerase [Rheinheimera sp.]
WP_077676427	73.441	99	866	865	877	0.0	1348	type I DNA topoisomerase [Salinivibrio proteolyticus]
WP_077669351	73.210	99	866	865	876	0.0	1348	MULTISPECIES: type I DNA topoisomerase [Salinivibrio]
WP_226690459	72.445	100	871	865	868	0.0	1348	type I DNA topoisomerase, partial [Pasteurella canis]
WP_439437089	73.210	99	866	865	876	0.0	1348	type I DNA topoisomerase [Salinivibrio costicola]
WP_077577265	73.210	99	866	865	876	0.0	1348	MULTISPECIES: type I DNA topoisomerase [unclassified Salinivibrio]
WP_126471339	73.249	100	871	865	868	0.0	1347	type I DNA topoisomerase [Haemophilus parainfluenzae]
WP_483430759	74.362	100	862	865	861	0.0	1347	N/A
WP_077461047	73.210	99	866	865	876	0.0	1347	type I DNA topoisomerase [Salinivibrio sp. AR647]
WP_115322678	72.445	100	871	865	868	0.0	1347	type I DNA topoisomerase [Pasteurella canis]
WP_224046234	72.445	100	871	865	868	0.0	1347	type I DNA topoisomerase [Pasteurella canis]
WP_103527390	92.241	80	696	865	696	0.0	1347	type I DNA topoisomerase, partial [Klebsiella pneumoniae]
WP_230818907	74.246	100	862	865	861	0.0	1347	type I DNA topoisomerase [Rheinheimera aquimaris]
WP_191134765	72.216	100	871	865	868	0.0	1346	type I DNA topoisomerase [Pasteurella canis]
WP_486667725	73.210	99	866	865	876	0.0	1346	N/A
WP_475148622	74.130	100	862	865	861	0.0	1346	N/A
WP_049355717	73.134	100	871	865	868	0.0	1346	type I DNA topoisomerase [Haemophilus parainfluenzae]
WP_160412175	72.612	100	869	865	869	0.0	1345	MULTISPECIES: type I DNA topoisomerase [unclassified Gilliamella]
WP_417706434	74.246	100	862	865	861	0.0	1345	type I DNA topoisomerase [Rheinheimera aquimaris]
WP_132966565	72.936	100	872	865	868	0.0	1345	type I DNA topoisomerase [Testudinibacter aquarius]
WP_149785870	73.134	100	871	865	868	0.0	1345	type I DNA topoisomerase [Haemophilus parainfluenzae]
WP_134056295	74.130	100	862	865	861	0.0	1345	type I DNA topoisomerase [Rheinheimera aquimaris]
WP_227798262	72.331	100	871	865	868	0.0	1345	type I DNA topoisomerase [Pasteurella canis]
WP_223668216	72.331	100	871	865	868	0.0	1345	type I DNA topoisomerase [Pasteurella canis]
WP_226767009	74.014	100	862	865	861	0.0	1345	type I DNA topoisomerase [Rheinheimera aquimaris]
WP_269579741	73.095	99	866	865	876	0.0	1345	type I DNA topoisomerase [Salinivibrio kushneri]
WP_160530806	72.331	100	871	865	868	0.0	1345	type I DNA topoisomerase [Pasteurella canis]
WP_016597622	85.986	85	735	865	735	0.0	1345	type I DNA topoisomerase, partial [Yersinia pestis]
WP_269587595	73.095	99	866	865	876	0.0	1344	type I DNA topoisomerase [Salinivibrio kushneri]
WP_073591391	92.230	80	695	865	695	0.0	1344	type I DNA topoisomerase, partial [Klebsiella pneumoniae]
WP_139611353	72.821	100	872	865	868	0.0	1344	type I DNA topoisomerase [Testudinibacter sp. TR-2022]
WP_040976355	73.479	100	871	865	868	0.0	1343	type I DNA topoisomerase [Necropsobacter massiliensis]
WP_229509665	72.331	100	871	865	868	0.0	1343	type I DNA topoisomerase [Pasteurella canis]
WP_044862322	100.000	75	647	865	647	0.0	1343	type I DNA topoisomerase, partial [Escherichia coli]
WP_080087806	96.073	77	662	865	662	0.0	1343	type I DNA topoisomerase, partial [Salmonella enterica]
WP_308602389	72.905	100	871	865	868	0.0	1343	type I DNA topoisomerase [uncultured Haemophilus sp.]
WP_160399715	72.612	100	869	865	869	0.0	1343	MULTISPECIES: type I DNA topoisomerase [unclassified Gilliamella]
WP_295668321	72.675	100	871	865	868	0.0	1342	type I DNA topoisomerase [uncultured Haemophilus sp.]
WP_485951727	72.675	100	871	865	868	0.0	1342	N/A
WP_166915807	72.811	100	868	865	869	0.0	1342	type I DNA topoisomerase [Zophobihabitans entericus]
WP_228403099	72.216	100	871	865	868	0.0	1342	type I DNA topoisomerase [Pasteurella canis]
WP_139614396	72.706	100	872	865	868	0.0	1342	type I DNA topoisomerase [Testudinibacter sp. TR-2022]
WP_069362601	72.748	99	866	865	876	0.0	1341	type I DNA topoisomerase [Salinivibrio sp. SS3]
WP_077772752	73.095	99	866	865	876	0.0	1341	type I DNA topoisomerase [Salinivibrio sharmensis]
WP_074212904	72.864	99	866	865	876	0.0	1341	type I DNA topoisomerase [Salinivibrio sp. ES.052]
WP_077638948	73.095	99	866	865	876	0.0	1341	MULTISPECIES: type I DNA topoisomerase [Salinivibrio]
WP_197546710	72.675	100	871	865	868	0.0	1341	type I DNA topoisomerase [Haemophilus parainfluenzae]
WP_077464574	73.020	100	871	865	868	0.0	1341	type I DNA topoisomerase [Rodentibacter caecimuris]
WP_160425100	72.382	100	869	865	869	0.0	1341	type I DNA topoisomerase [Gilliamella sp. Pas-s27]
WP_077774155	72.979	99	866	865	876	0.0	1341	type I DNA topoisomerase [Salinivibrio sp. MA427]
WP_067566088	73.023	99	860	865	864	0.0	1341	type I DNA topoisomerase [Candidatus Doolittlea endobia]
WP_077577951	73.095	99	866	865	876	0.0	1340	MULTISPECIES: type I DNA topoisomerase [unclassified Salinivibrio]
WP_295653217	72.560	100	871	865	868	0.0	1340	type I DNA topoisomerase [uncultured Haemophilus sp.]
WP_073547015	92.208	80	693	865	693	0.0	1340	type I DNA topoisomerase, partial [Klebsiella pneumoniae]
WP_160409088	72.382	100	869	865	869	0.0	1340	MULTISPECIES: type I DNA topoisomerase [unclassified Gilliamella]
WP_487252625	72.633	99	866	865	876	0.0	1340	N/A
WP_132342525	92.063	80	693	865	693	0.0	1340	type I DNA topoisomerase, partial [Klebsiella pneumoniae]
WP_295650492	72.560	100	871	865	868	0.0	1340	type I DNA topoisomerase [uncultured Haemophilus sp.]
WP_379096858	72.592	100	872	865	868	0.0	1340	type I DNA topoisomerase [Pasteurella oralis]
WP_152796746	72.864	99	866	865	876	0.0	1340	type I DNA topoisomerase [Salinivibrio sp. VYel1]
WP_077667140	73.210	99	866	865	876	0.0	1340	type I DNA topoisomerase [Salinivibrio sp. PR6]
WP_285267548	72.560	100	871	865	868	0.0	1340	type I DNA topoisomerase [Haemophilus sp. UMB1048]
WP_371447674	72.560	100	871	865	868	0.0	1340	type I DNA topoisomerase [Haemophilus sp. 27098_8_127]
WP_289901776	72.675	100	871	865	868	0.0	1340	MULTISPECIES: type I DNA topoisomerase [Haemophilus]
WP_101775042	72.592	100	872	865	868	0.0	1340	type I DNA topoisomerase [Pasteurella oralis]
WP_111315878	72.560	100	871	865	868	0.0	1340	type I DNA topoisomerase [Haemophilus parainfluenzae]
WP_046073425	73.095	99	866	865	876	0.0	1339	type I DNA topoisomerase [Salinivibrio sp. KP-1]
WP_065244695	72.560	100	871	865	868	0.0	1339	type I DNA topoisomerase [Haemophilus sp. CCUG 60358]
WP_223804264	92.197	80	692	865	692	0.0	1339	type I DNA topoisomerase, partial [Klebsiella pneumoniae]
WP_178410578	72.560	100	871	865	868	0.0	1339	type I DNA topoisomerase [uncultured Haemophilus sp.]
WP_049384125	72.445	100	871	865	868	0.0	1339	type I DNA topoisomerase [Haemophilus parainfluenzae]
WP_054419580	72.445	100	871	865	868	0.0	1339	type I DNA topoisomerase [Haemophilus parainfluenzae]
WP_418601654	72.560	100	871	865	868	0.0	1338	type I DNA topoisomerase [Haemophilus sp.]
WP_077522466	72.517	99	866	865	876	0.0	1338	type I DNA topoisomerase [Salinivibrio kushneri]
WP_252384121	100.000	74	644	865	644	0.0	1338	type I DNA topoisomerase, partial [Escherichia coli]
WP_208121422	72.874	100	870	865	866	0.0	1338	type I DNA topoisomerase [Spirabiliibacterium mucosae]
WP_411623119	72.203	100	867	865	866	0.0	1338	MULTISPECIES: type I DNA topoisomerase [unclassified Gilliamella]
WP_066112773	71.986	100	871	865	868	0.0	1338	type I DNA topoisomerase [Gallibacterium salpingitidis]
WP_294829166	72.088	100	867	865	866	0.0	1338	type I DNA topoisomerase [uncultured Gilliamella sp.]
WP_070582428	72.445	100	871	865	868	0.0	1338	MULTISPECIES: type I DNA topoisomerase [unclassified Haemophilus]
WP_075875467	72.445	100	871	865	868	0.0	1338	type I DNA topoisomerase [Haemophilus parainfluenzae]
WP_197560439	72.560	100	871	865	868	0.0	1338	type I DNA topoisomerase [Haemophilus parainfluenzae]
WP_302997784	72.445	100	871	865	868	0.0	1338	type I DNA topoisomerase [uncultured Haemophilus sp.]
WP_188026472	74.104	99	865	865	869	0.0	1338	type I DNA topoisomerase [Tolumonas osonensis]
WP_070712941	72.331	100	871	865	868	0.0	1338	MULTISPECIES: type I DNA topoisomerase [Haemophilus]
WP_077606340	72.979	99	866	865	876	0.0	1338	type I DNA topoisomerase [Salinivibrio sp. ML290]
WP_486676197	72.517	99	866	865	876	0.0	1338	N/A
WP_075916987	72.445	100	871	865	868	0.0	1338	type I DNA topoisomerase [Haemophilus parainfluenzae]
WP_077458903	72.748	99	866	865	876	0.0	1338	type I DNA topoisomerase [Salinivibrio kushneri]
WP_077600424	72.517	99	866	865	876	0.0	1338	type I DNA topoisomerase [Salinivibrio kushneri]
WP_065243278	72.445	100	871	865	868	0.0	1338	type I DNA topoisomerase [Haemophilus parainfluenzae]
WP_205768020	72.936	100	872	865	868	0.0	1337	type I DNA topoisomerase [Aggregatibacter actinomycetemcomitans]
WP_103854905	72.905	100	871	865	868	0.0	1337	type I DNA topoisomerase [Avibacterium endocarditidis]
WP_102704409	72.445	100	871	865	868	0.0	1337	type I DNA topoisomerase [Haemophilus parainfluenzae]
WP_267359913	72.088	100	867	865	866	0.0	1337	MULTISPECIES: type I DNA topoisomerase [unclassified Gilliamella]
WP_295673507	72.445	100	871	865	868	0.0	1337	type I DNA topoisomerase [uncultured Haemophilus sp.]
WP_295665404	72.445	100	871	865	868	0.0	1337	type I DNA topoisomerase [uncultured Haemophilus sp.]
WP_197542049	72.445	100	871	865	868	0.0	1337	type I DNA topoisomerase [Haemophilus parainfluenzae]
WP_371485642	72.675	100	871	865	868	0.0	1337	type I DNA topoisomerase [Haemophilus parainfluenzae]
WP_061886577	72.821	100	872	865	868	0.0	1337	type I DNA topoisomerase [Aggregatibacter actinomycetemcomitans]
WP_077673992	72.402	99	866	865	876	0.0	1337	type I DNA topoisomerase [Salinivibrio kushneri]
WP_347598333	73.295	100	865	865	861	0.0	1337	type I DNA topoisomerase [Rheinheimera fenheensis]
WP_485920228	72.331	100	871	865	868	0.0	1337	N/A
WP_295743527	72.331	100	871	865	868	0.0	1337	type I DNA topoisomerase [uncultured Haemophilus sp.]
WP_481251768	72.331	100	871	865	868	0.0	1337	N/A
WP_014065398	72.331	100	871	865	868	0.0	1337	type I DNA topoisomerase [Haemophilus parainfluenzae]
WP_288329035	72.560	100	871	865	868	0.0	1337	type I DNA topoisomerase [uncultured Haemophilus sp.]
WP_308605269	72.445	100	871	865	868	0.0	1337	type I DNA topoisomerase [uncultured Haemophilus sp.]
WP_197544549	72.331	100	871	865	868	0.0	1337	type I DNA topoisomerase [Haemophilus parainfluenzae]
WP_020804553	92.185	80	691	865	691	0.0	1337	type I DNA topoisomerase, partial [Klebsiella pneumoniae]
WP_077607940	72.402	99	866	865	876	0.0	1337	type I DNA topoisomerase [Salinivibrio sp. IB282]
WP_066109284	71.986	100	871	865	868	0.0	1337	type I DNA topoisomerase [Gallibacterium salpingitidis]
WP_220215113	72.088	100	867	865	866	0.0	1337	type I DNA topoisomerase [Gilliamella sp. ESL0441]
WP_294790267	72.592	100	872	865	868	0.0	1337	type I DNA topoisomerase [uncultured Haemophilus sp.]
WP_423102591	72.790	100	871	865	868	0.0	1337	type I DNA topoisomerase [Avibacterium gallinarum]
WP_197559420	72.445	100	871	865	868	0.0	1337	type I DNA topoisomerase [Haemophilus parainfluenzae]
WP_193451911	72.445	100	871	865	868	0.0	1336	type I DNA topoisomerase [Haemophilus parainfluenzae]
WP_480040917	72.331	100	871	865	868	0.0	1336	N/A
WP_005556886	72.821	100	872	865	868	0.0	1336	type I DNA topoisomerase [Aggregatibacter actinomycetemcomitans]
WP_065558284	71.972	100	867	865	866	0.0	1336	type I DNA topoisomerase [Gilliamella sp. wkB308]
WP_434355448	72.402	99	866	865	872	0.0	1336	type I DNA topoisomerase [Parasalinivibrio latis]
WP_370766191	72.331	100	871	865	868	0.0	1336	type I DNA topoisomerase [Haemophilus sp.]
WP_205310284	74.014	100	862	865	861	0.0	1336	type I DNA topoisomerase [Rheinheimera maricola]
WP_197562432	72.706	100	872	865	868	0.0	1336	type I DNA topoisomerase [Haemophilus parainfluenzae]
WP_116644638	72.402	99	866	865	876	0.0	1336	type I DNA topoisomerase [Salinivibrio sp. HTSP]
WP_308568906	72.331	100	871	865	868	0.0	1336	type I DNA topoisomerase [uncultured Haemophilus sp.]
WP_178161146	72.445	100	871	865	868	0.0	1336	type I DNA topoisomerase [uncultured Haemophilus sp.]
WP_065619572	71.857	100	867	865	866	0.0	1336	type I DNA topoisomerase [Gilliamella sp. wkB108]
WP_302482037	72.445	100	871	865	868	0.0	1336	type I DNA topoisomerase [uncultured Haemophilus sp.]
WP_416082439	72.905	100	871	865	868	0.0	1336	MULTISPECIES: type I DNA topoisomerase [Avibacterium]
WP_474172053	74.014	100	862	865	861	0.0	1336	N/A
WP_205775698	72.821	100	872	865	868	0.0	1336	type I DNA topoisomerase [Aggregatibacter actinomycetemcomitans]
WP_288533739	72.331	100	871	865	868	0.0	1336	type I DNA topoisomerase [uncultured Haemophilus sp.]
WP_308565955	72.331	100	871	865	868	0.0	1335	type I DNA topoisomerase [uncultured Haemophilus sp.]
WP_314722366	72.362	100	872	865	868	0.0	1335	type I DNA topoisomerase [Haemophilus pittmaniae]
WP_115912804	72.101	100	871	865	868	0.0	1335	type I DNA topoisomerase [Haemophilus parainfluenzae]
WP_109077487	72.706	100	872	865	868	0.0	1335	type I DNA topoisomerase [Aggregatibacter kilianii]
WP_161157959	71.972	99	867	865	874	0.0	1335	MULTISPECIES: type I DNA topoisomerase [Vibrio]
WP_111386084	72.216	100	871	865	868	0.0	1335	type I DNA topoisomerase [Haemophilus parainfluenzae]
WP_250363043	72.905	100	871	865	867	0.0	1335	type I DNA topoisomerase [Avibacterium sp. 21-595]
WP_480069198	72.331	100	871	865	868	0.0	1335	N/A
WP_423103601	72.790	100	871	865	868	0.0	1335	type I DNA topoisomerase [Avibacterium avium]
WP_267350793	71.972	100	867	865	866	0.0	1335	MULTISPECIES: type I DNA topoisomerase [unclassified Gilliamella]
WP_295661900	72.331	100	871	865	868	0.0	1335	type I DNA topoisomerase [Haemophilus sp.]
WP_417636534	95.252	78	674	865	674	0.0	1335	type I DNA topoisomerase, partial [Citrobacter freundii]
WP_094279036	71.968	100	874	865	875	0.0	1335	type I DNA topoisomerase [Oceanimonas baumannii]
WP_103556045	92.041	80	691	865	691	0.0	1335	type I DNA topoisomerase, partial [Klebsiella pneumoniae]
WP_070775880	72.445	100	871	865	868	0.0	1335	type I DNA topoisomerase [Haemophilus sp. HMSC068C11]
WP_423080406	72.675	100	871	865	868	0.0	1335	type I DNA topoisomerase [Avibacterium avium]
WP_097545087	92.174	80	690	865	690	0.0	1335	type I DNA topoisomerase, partial [Klebsiella pneumoniae]
WP_197555609	72.331	100	871	865	868	0.0	1335	type I DNA topoisomerase [Haemophilus parainfluenzae]
WP_068713349	72.581	99	868	865	875	0.0	1335	type I DNA topoisomerase [Vibrio tritonius]
WP_173500600	74.014	100	862	865	861	0.0	1335	type I DNA topoisomerase [Rheinheimera lutimaris]
WP_250350219	72.905	100	871	865	867	0.0	1335	MULTISPECIES: type I DNA topoisomerase [unclassified Avibacterium]
WP_410194624	73.763	100	869	865	880	0.0	1335	type I DNA topoisomerase [Motilimonas sp. KMU-193]
WP_265469513	72.331	100	871	865	868	0.0	1334	type I DNA topoisomerase [Haemophilus parainfluenzae]
WP_197569778	72.216	100	871	865	868	0.0	1334	type I DNA topoisomerase [Haemophilus parainfluenzae]
WP_269600310	72.402	99	866	865	876	0.0	1334	type I DNA topoisomerase [Salinivibrio kushneri]
WP_049363504	72.331	100	871	865	868	0.0	1334	MULTISPECIES: type I DNA topoisomerase [Haemophilus]
WP_423096302	72.706	100	872	865	868	0.0	1334	type I DNA topoisomerase [Avibacterium avium]
WP_049368751	72.560	100	871	865	868	0.0	1334	type I DNA topoisomerase [Haemophilus parainfluenzae]
WP_416086114	72.905	100	871	865	868	0.0	1334	MULTISPECIES: type I DNA topoisomerase [Avibacterium]
WP_373099949	72.560	100	871	865	868	0.0	1334	MULTISPECIES: type I DNA topoisomerase [Pasteurellaceae]
WP_070867864	72.331	100	871	865	868	0.0	1334	type I DNA topoisomerase [Haemophilus sp. HMSC71H05]
WP_416081008	72.560	100	871	865	868	0.0	1334	type I DNA topoisomerase [Avibacterium gallinarum]
WP_294965629	72.203	100	867	865	866	0.0	1334	type I DNA topoisomerase [uncultured Gilliamella sp.]
WP_290609313	73.356	100	867	865	871	0.0	1334	type I DNA topoisomerase [Idiomarina sp.]
WP_204696987	72.331	100	871	865	868	0.0	1334	type I DNA topoisomerase [Haemophilus parainfluenzae]
WP_166837959	73.410	100	865	865	861	0.0	1334	type I DNA topoisomerase [Rheinheimera pleomorphica]
WP_347692163	73.179	100	865	865	861	0.0	1334	type I DNA topoisomerase [Rheinheimera fenheensis]
WP_077485747	72.517	99	866	865	876	0.0	1334	type I DNA topoisomerase [Salinivibrio sp. ML323]
WP_197553776	72.477	100	872	865	868	0.0	1333	type I DNA topoisomerase [Haemophilus parainfluenzae]
WP_119121493	99.843	74	636	865	636	0.0	1333	type I DNA topoisomerase, partial [Escherichia coli]
WP_109318062	72.171	99	866	865	873	0.0	1333	type I DNA topoisomerase [Vibrio albus]
WP_197545554	72.477	100	872	865	868	0.0	1333	type I DNA topoisomerase [Haemophilus parainfluenzae]
WP_049376413	72.216	100	871	865	868	0.0	1333	type I DNA topoisomerase [Haemophilus parainfluenzae]
WP_174797181	71.461	100	869	865	869	0.0	1333	type I DNA topoisomerase [Gilliamella sp. ESL0250]
WP_342608497	72.581	99	868	865	875	0.0	1333	type I DNA topoisomerase [Vibrio tritonius]
WP_347785868	73.179	100	865	865	861	0.0	1333	type I DNA topoisomerase [Rheinheimera fenheensis]
WP_061886767	72.706	100	872	865	868	0.0	1333	type I DNA topoisomerase [Aggregatibacter actinomycetemcomitans]
WP_197543327	72.331	100	871	865	868	0.0	1333	type I DNA topoisomerase [Haemophilus parainfluenzae]
WP_065552309	99.534	74	644	865	644	0.0	1333	type I DNA topoisomerase, partial [Shigella sonnei]
WP_111407023	72.101	100	871	865	868	0.0	1333	type I DNA topoisomerase [Haemophilus parainfluenzae]
WP_102955861	72.592	100	872	865	868	0.0	1333	type I DNA topoisomerase [Pasteurella multocida]
WP_239960228	72.517	99	866	865	877	0.0	1333	type I DNA topoisomerase [Vibrio brasiliensis]
WP_288505985	72.216	100	871	865	868	0.0	1333	type I DNA topoisomerase [uncultured Haemophilus sp.]
WP_115299661	72.592	100	872	865	868	0.0	1333	type I DNA topoisomerase [Pasteurella multocida]
WP_295657057	72.477	100	872	865	868	0.0	1333	type I DNA topoisomerase [uncultured Haemophilus sp.]
WP_102812184	92.163	80	689	865	689	0.0	1333	type I DNA topoisomerase, partial [Klebsiella pneumoniae]
WP_249984641	72.592	100	872	865	868	0.0	1333	type I DNA topoisomerase [Pasteurella multocida]
WP_217393022	72.780	99	867	865	877	0.0	1333	MULTISPECIES: type I DNA topoisomerase [Photobacterium]
WP_065634647	71.511	100	867	865	866	0.0	1333	type I DNA topoisomerase [Gilliamella sp. wkB292]
WP_160432097	71.346	100	869	865	869	0.0	1333	type I DNA topoisomerase [Gilliamella sp. Pas-s25]
WP_065639088	71.346	100	869	865	869	0.0	1333	type I DNA topoisomerase [Gilliamella sp. App6-5]
WP_111327220	72.216	100	871	865	868	0.0	1333	type I DNA topoisomerase [Haemophilus parainfluenzae]
WP_115179403	72.331	100	871	865	868	0.0	1333	type I DNA topoisomerase [Haemophilus parainfluenzae]
WP_416091327	72.790	100	871	865	868	0.0	1333	type I DNA topoisomerase [Avibacterium avium]
WP_294840401	72.331	100	871	865	868	0.0	1333	type I DNA topoisomerase [uncultured Haemophilus sp.]
WP_205778359	72.706	100	872	865	868	0.0	1333	type I DNA topoisomerase [Aggregatibacter actinomycetemcomitans]
WP_423093548	72.560	100	871	865	868	0.0	1333	type I DNA topoisomerase [Avibacterium volantium]
WP_198220341	72.088	100	867	865	866	0.0	1333	MULTISPECIES: type I DNA topoisomerase [unclassified Gilliamella]
WP_261895764	72.005	99	868	865	875	0.0	1333	type I DNA topoisomerase [Vibrio porteresiae]
WP_005696133	72.216	100	871	865	868	0.0	1332	type I DNA topoisomerase [Haemophilus parainfluenzae]
WP_423073692	72.675	100	871	865	868	0.0	1332	type I DNA topoisomerase [Avibacterium avium]
WP_249983908	72.821	100	872	865	868	0.0	1332	type I DNA topoisomerase [Pasteurella multocida]
WP_049370965	72.248	100	872	865	868	0.0	1332	type I DNA topoisomerase [Haemophilus parainfluenzae]
WP_306242739	72.088	100	867	865	866	0.0	1332	type I DNA topoisomerase [Gilliamella apis]
WP_049365479	72.248	100	872	865	868	0.0	1332	type I DNA topoisomerase [Haemophilus parainfluenzae]
WP_330933150	72.560	100	871	865	868	0.0	1332	type I DNA topoisomerase [Avibacterium paragallinarum]
WP_065798275	71.511	100	867	865	866	0.0	1332	type I DNA topoisomerase [Gilliamella sp. wkB171]
WP_198200043	72.088	100	867	865	866	0.0	1332	type I DNA topoisomerase [Gilliamella sp. W8145]
WP_284173654	72.101	100	871	865	868	0.0	1332	type I DNA topoisomerase [Haemophilus parainfluenzae]
WP_086320716	72.088	100	867	865	866	0.0	1332	type I DNA topoisomerase [Gilliamella apis]
WP_049373435	72.331	100	871	865	868	0.0	1332	type I DNA topoisomerase [Haemophilus parainfluenzae]
WP_423075703	72.790	100	871	865	868	0.0	1332	type I DNA topoisomerase [Avibacterium avium]
WP_423107496	72.905	100	871	865	868	0.0	1332	type I DNA topoisomerase [Avibacterium avium]
WP_285093428	71.857	100	867	865	868	0.0	1332	type I DNA topoisomerase [Gallibacterium anatis]
WP_049374518	72.216	100	871	865	868	0.0	1332	type I DNA topoisomerase [Haemophilus influenzae]
WP_049380835	72.216	100	871	865	868	0.0	1332	type I DNA topoisomerase [Haemophilus influenzae]
WP_423100028	72.790	100	871	865	868	0.0	1332	type I DNA topoisomerase [Avibacterium avium]
WP_250269107	72.592	100	872	865	868	0.0	1332	type I DNA topoisomerase [Pasteurella multocida]
WP_267334216	71.626	100	867	865	866	0.0	1332	MULTISPECIES: type I DNA topoisomerase [unclassified Gilliamella]
WP_335803652	71.972	100	867	865	868	0.0	1332	type I DNA topoisomerase [Gallibacterium anatis]
WP_423101576	72.560	100	871	865	868	0.0	1332	type I DNA topoisomerase [Avibacterium avium]
WP_123955966	72.050	100	873	865	869	0.0	1332	type I DNA topoisomerase [Frederiksenia canicola]
WP_271142225	71.757	100	871	865	868	0.0	1332	type I DNA topoisomerase [Gallibacterium faecale]
WP_294883525	72.088	100	867	865	866	0.0	1332	type I DNA topoisomerase [uncultured Gilliamella sp.]
WP_265778171	72.675	100	871	865	867	0.0	1332	type I DNA topoisomerase [Avibacterium sp. 21-599]
WP_250046978	72.592	100	872	865	868	0.0	1332	type I DNA topoisomerase [Pasteurella multocida]
WP_115249548	72.560	100	871	865	868	0.0	1332	type I DNA topoisomerase [Avibacterium avium]
WP_047883328	72.780	99	867	865	877	0.0	1332	type I DNA topoisomerase [Photobacterium ganghwense]
WP_099861139	72.706	100	872	865	868	0.0	1332	type I DNA topoisomerase [Pasteurella multocida]
WP_065238482	71.757	100	871	865	868	0.0	1332	type I DNA topoisomerase [Gallibacterium genomosp. 3]
WP_481250454	72.133	100	872	865	868	0.0	1332	N/A
WP_032092645	72.560	100	871	865	868	0.0	1332	type I DNA topoisomerase [Necropsobacter rosorum]
WP_010906754	72.706	100	872	865	868	0.0	1332	type I DNA topoisomerase [Pasteurella multocida]
WP_423110783	72.560	100	871	865	868	0.0	1332	type I DNA topoisomerase [Avibacterium avium]
WP_411596598	71.857	100	867	865	866	0.0	1332	MULTISPECIES: type I DNA topoisomerase [unclassified Gilliamella]
WP_250262681	72.592	100	872	865	868	0.0	1332	type I DNA topoisomerase [Pasteurella multocida]
WP_111327993	72.216	100	871	865	868	0.0	1332	type I DNA topoisomerase [Haemophilus parainfluenzae]
WP_198191976	72.088	100	867	865	866	0.0	1332	MULTISPECIES: type I DNA topoisomerase [unclassified Gilliamella]
WP_006880965	72.402	99	866	865	877	0.0	1332	type I DNA topoisomerase [Vibrio brasiliensis]
WP_205766089	72.592	100	872	865	868	0.0	1332	type I DNA topoisomerase [Aggregatibacter actinomycetemcomitans]
WP_423069880	72.675	100	871	865	868	0.0	1332	type I DNA topoisomerase [Avibacterium avium]
WP_205773787	72.592	100	872	865	868	0.0	1332	type I DNA topoisomerase [Aggregatibacter actinomycetemcomitans]
WP_194750654	72.675	100	871	865	868	0.0	1332	type I DNA topoisomerase [Avibacterium paragallinarum]
WP_064964885	72.706	100	872	865	868	0.0	1332	type I DNA topoisomerase [Pasteurella multocida]
WP_416100351	72.706	100	872	865	868	0.0	1332	type I DNA topoisomerase [Pasteurella multocida]
WP_126417483	72.477	100	872	865	868	0.0	1332	type I DNA topoisomerase [Pasteurella multocida]
WP_423098841	72.560	100	871	865	868	0.0	1331	type I DNA topoisomerase [Avibacterium endocarditidis]
WP_324739343	72.592	100	872	865	868	0.0	1331	type I DNA topoisomerase [Pasteurella multocida]
WP_065613043	71.972	100	867	865	866	0.0	1331	type I DNA topoisomerase [Gilliamella apis]
WP_039139011	71.972	100	867	865	868	0.0	1331	type I DNA topoisomerase [Gallibacterium anatis]
WP_421436217	72.706	100	872	865	868	0.0	1331	type I DNA topoisomerase [Pasteurella multocida]
WP_267344040	71.626	100	867	865	866	0.0	1331	MULTISPECIES: type I DNA topoisomerase [unclassified Gilliamella]
WP_078819330	72.706	100	872	865	868	0.0	1331	type I DNA topoisomerase [Pasteurella multocida]
WP_228213714	71.968	100	874	865	875	0.0	1331	type I DNA topoisomerase [Oceanimonas baumannii]
WP_170659208	72.706	100	872	865	868	0.0	1331	type I DNA topoisomerase [Pasteurella multocida]
WP_455936163	72.216	100	871	865	868	0.0	1331	type I DNA topoisomerase [Haemophilus sp.]
WP_267354924	71.742	100	867	865	866	0.0	1331	MULTISPECIES: type I DNA topoisomerase [unclassified Gilliamella]
WP_267367146	71.626	100	867	865	866	0.0	1331	type I DNA topoisomerase [Gilliamella sp. B2824]
WP_410879490	72.592	100	872	865	868	0.0	1331	type I DNA topoisomerase [Pasteurella multocida]
WP_423105807	72.445	100	871	865	868	0.0	1331	MULTISPECIES: type I DNA topoisomerase [Avibacterium]
WP_110447758	71.972	100	867	865	866	0.0	1331	type I DNA topoisomerase [Gilliamella apis]
WP_086360475	72.088	100	867	865	866	0.0	1331	type I DNA topoisomerase [Gilliamella apis]
WP_094873402	71.972	100	867	865	868	0.0	1331	type I DNA topoisomerase [Gallibacterium anatis]
WP_193476051	72.216	100	871	865	868	0.0	1331	type I DNA topoisomerase [Haemophilus parainfluenzae]
WP_423090564	72.560	100	871	865	868	0.0	1331	type I DNA topoisomerase [Avibacterium avium]
WP_331161103	73.526	100	865	865	860	0.0	1331	type I DNA topoisomerase [Rheinheimera pacifica]
WP_423084484	72.445	100	871	865	868	0.0	1331	type I DNA topoisomerase [Avibacterium avium]
WP_110453358	71.972	100	867	865	866	0.0	1331	type I DNA topoisomerase [Gilliamella apis]
WP_324638259	72.592	100	872	865	868	0.0	1331	type I DNA topoisomerase [Pasteurella multocida]
WP_016534517	72.592	100	872	865	868	0.0	1331	type I DNA topoisomerase [Pasteurella multocida]
WP_111303999	72.101	100	871	865	868	0.0	1331	type I DNA topoisomerase [Haemophilus parainfluenzae]
WP_324637221	72.592	100	872	865	868	0.0	1331	type I DNA topoisomerase [Pasteurella multocida]
WP_205768420	72.592	100	872	865	868	0.0	1331	type I DNA topoisomerase [Aggregatibacter actinomycetemcomitans]
WP_424407859	72.489	100	876	865	872	0.0	1331	type I DNA topoisomerase [Pasteurella sp. PK-2025]
WP_071522961	72.706	100	872	865	868	0.0	1331	type I DNA topoisomerase [Pasteurella multocida]
WP_014391063	72.706	100	872	865	868	0.0	1331	type I DNA topoisomerase [Pasteurella multocida]
WP_070592066	72.331	100	871	865	868	0.0	1331	type I DNA topoisomerase [Haemophilus sp. HMSC061E01]
WP_100288238	72.216	100	871	865	868	0.0	1331	type I DNA topoisomerase [Conservatibacter flavescens]
WP_053465024	72.216	100	871	865	868	0.0	1331	type I DNA topoisomerase [Haemophilus sp. C1]
WP_267380332	71.742	100	867	865	866	0.0	1331	MULTISPECIES: type I DNA topoisomerase [unclassified Gilliamella]
WP_424403356	72.489	100	876	865	872	0.0	1331	MULTISPECIES: type I DNA topoisomerase [unclassified Pasteurella]
WP_265761899	72.675	100	871	865	867	0.0	1331	type I DNA topoisomerase [Avibacterium sp. 20-129]
WP_480042547	72.216	100	871	865	868	0.0	1331	N/A
WP_198195369	71.972	100	867	865	866	0.0	1330	type I DNA topoisomerase [Gilliamella sp. M0364]
WP_074864817	72.592	100	872	865	868	0.0	1330	type I DNA topoisomerase [Pasteurella multocida]
WP_267340790	71.742	100	867	865	866	0.0	1330	MULTISPECIES: type I DNA topoisomerase [unclassified Gilliamella]
WP_138972406	72.055	99	866	865	877	0.0	1330	MULTISPECIES: type I DNA topoisomerase [Vibrio]
WP_087019835	72.895	99	867	865	878	0.0	1330	type I DNA topoisomerase [Thaumasiovibrio subtropicus]
WP_271343145	72.592	100	872	865	868	0.0	1330	type I DNA topoisomerase [Pasteurella multocida]
WP_285096775	71.972	100	867	865	868	0.0	1330	type I DNA topoisomerase [Gallibacterium anatis]
WP_250028058	72.706	100	872	865	868	0.0	1330	type I DNA topoisomerase [Pasteurella multocida]
WP_160402488	71.922	100	869	865	869	0.0	1330	type I DNA topoisomerase [Gilliamella sp. Pas-s95]
WP_027671233	73.434	100	862	865	861	0.0	1330	type I DNA topoisomerase [Rheinheimera baltica]
WP_445398139	71.625	100	874	865	874	0.0	1330	type I DNA topoisomerase [Zobellella sp. An-6]
WP_064972881	72.592	100	872	865	868	0.0	1330	type I DNA topoisomerase [Pasteurella multocida]
WP_130525459	72.477	100	872	865	868	0.0	1330	type I DNA topoisomerase [Pasteurella multocida]
WP_005697517	72.101	100	871	865	868	0.0	1330	MULTISPECIES: type I DNA topoisomerase [Haemophilus]
WP_250064408	72.592	100	872	865	868	0.0	1330	type I DNA topoisomerase [Pasteurella multocida]
WP_426967981	72.171	99	866	865	877	0.0	1330	type I DNA topoisomerase [Vibrio sp. TRT 1302]
WP_267371025	71.511	100	867	865	866	0.0	1330	type I DNA topoisomerase [Gilliamella sp. B2838]
WP_065236723	71.642	100	871	865	868	0.0	1330	type I DNA topoisomerase [Gallibacterium genomosp. 3]
WP_195188265	72.592	100	872	865	868	0.0	1330	type I DNA topoisomerase [Pasteurella multocida]
WP_306125186	73.434	100	862	865	861	0.0	1330	type I DNA topoisomerase [Rheinheimera baltica]
WP_075271527	72.592	100	872	865	868	0.0	1330	type I DNA topoisomerase [Pasteurella multocida]
WP_423080555	72.560	100	871	865	868	0.0	1330	type I DNA topoisomerase [Avibacterium avium]
WP_053952853	73.126	100	867	865	871	0.0	1330	MULTISPECIES: type I DNA topoisomerase [Idiomarina]
WP_126574481	72.402	99	866	865	878	0.0	1330	type I DNA topoisomerase [Vibrio aquaticus]
WP_103527815	91.884	80	690	865	691	0.0	1330	type I DNA topoisomerase, partial [Klebsiella pneumoniae]
WP_047877212	73.010	99	867	865	882	0.0	1330	type I DNA topoisomerase [Photobacterium aquae]
WP_065576090	72.037	100	869	865	869	0.0	1330	type I DNA topoisomerase [Gilliamella sp. wkB18]
WP_416073771	71.857	100	867	865	868	0.0	1330	type I DNA topoisomerase [Gallibacterium anatis]
WP_079157844	72.706	100	872	865	868	0.0	1330	type I DNA topoisomerase [Pasteurella multocida]
WP_294612207	72.088	100	867	865	866	0.0	1330	type I DNA topoisomerase [uncultured Gilliamella sp.]
WP_005576194	72.477	100	872	865	868	0.0	1330	type I DNA topoisomerase [Aggregatibacter actinomycetemcomitans]
WP_103852906	72.560	100	871	865	868	0.0	1330	type I DNA topoisomerase [Avibacterium gallinarum]
WP_446833156	72.331	100	871	865	869	0.0	1330	type I DNA topoisomerase [Testudinibacter sp. P27/CKL/0425]
WP_126372579	72.445	100	871	865	868	0.0	1330	type I DNA topoisomerase [Avibacterium volantium]
WP_426999290	72.592	100	872	865	868	0.0	1330	type I DNA topoisomerase [Pasteurella multocida]
WP_269377165	72.171	99	866	865	877	0.0	1330	type I DNA topoisomerase [Vibrio sinaloensis]
WP_014668030	72.706	100	872	865	868	0.0	1330	type I DNA topoisomerase [Pasteurella multocida]
WP_075284968	72.592	100	872	865	868	0.0	1330	type I DNA topoisomerase [Pasteurella multocida]
WP_300965564	92.017	80	689	865	689	0.0	1330	type I DNA topoisomerase, partial [Klebsiella pneumoniae]
WP_083008117	72.592	100	872	865	868	0.0	1330	type I DNA topoisomerase [Pasteurella multocida]
WP_241952066	72.592	100	872	865	868	0.0	1330	type I DNA topoisomerase [Pasteurella multocida]
WP_035685089	72.216	100	871	865	868	0.0	1330	type I DNA topoisomerase [Avibacterium paragallinarum]
WP_289117256	73.126	100	867	865	871	0.0	1330	type I DNA topoisomerase [uncultured Idiomarina sp.]
WP_240266277	72.592	100	872	865	868	0.0	1330	type I DNA topoisomerase [Pasteurella multocida]
WP_039158618	71.857	100	867	865	868	0.0	1330	type I DNA topoisomerase [Gallibacterium anatis]
WP_039168906	71.857	100	867	865	868	0.0	1330	type I DNA topoisomerase [Gallibacterium anatis]
WP_471808870	72.477	100	872	865	868	0.0	1330	N/A
WP_065285255	71.986	100	871	865	868	0.0	1330	type I DNA topoisomerase [Haemophilus parainfluenzae]
WP_446031260	72.664	99	867	865	877	0.0	1330	type I DNA topoisomerase [Photobacterium ganghwense]
WP_064775627	72.592	100	872	865	868	0.0	1330	type I DNA topoisomerase [Pasteurella multocida]
WP_330429938	72.592	100	872	865	868	0.0	1330	type I DNA topoisomerase [Pasteurella multocida]
WP_423091512	72.445	100	871	865	868	0.0	1330	type I DNA topoisomerase [Avibacterium avium]
WP_484555685	72.592	100	872	865	868	0.0	1330	N/A
WP_065568515	71.922	100	869	865	869	0.0	1330	MULTISPECIES: type I DNA topoisomerase [unclassified Gilliamella]
WP_423071551	72.445	100	871	865	868	0.0	1330	type I DNA topoisomerase [Avibacterium avium]
WP_410873968	72.477	100	872	865	868	0.0	1330	type I DNA topoisomerase [Pasteurella multocida]
WP_427020995	71.940	99	866	865	877	0.0	1330	type I DNA topoisomerase [Vibrio sp. TRT 2004]
WP_032851656	72.706	100	872	865	868	0.0	1330	type I DNA topoisomerase [Pasteurella multocida]
WP_157403180	71.968	100	874	865	870	0.0	1330	type I DNA topoisomerase [Ursidibacter maritimus]
WP_086939569	72.549	99	867	865	878	0.0	1330	type I DNA topoisomerase [Thaumasiovibrio occultus]
WP_096742888	72.592	100	872	865	868	0.0	1329	type I DNA topoisomerase [Pasteurella multocida]
WP_034613184	71.986	100	871	865	868	0.0	1329	type I DNA topoisomerase [Chelonobacter oris]
WP_264780301	71.857	100	867	865	868	0.0	1329	type I DNA topoisomerase [Gallibacterium anatis]
WP_410824516	72.477	100	872	865	868	0.0	1329	type I DNA topoisomerase [Pasteurella multocida]
WP_305973060	73.318	100	862	865	861	0.0	1329	type I DNA topoisomerase [Rheinheimera baltica]
WP_065651048	71.972	100	867	865	866	0.0	1329	type I DNA topoisomerase [Gilliamella apicola]
WP_423074185	72.445	100	871	865	868	0.0	1329	type I DNA topoisomerase [Avibacterium avium]
WP_169323762	72.592	100	872	865	868	0.0	1329	type I DNA topoisomerase [Pasteurella multocida]
WP_423110586	72.445	100	871	865	868	0.0	1329	type I DNA topoisomerase [Avibacterium avium]
WP_101750110	72.592	100	872	865	868	0.0	1329	type I DNA topoisomerase [Pasteurella multocida]
WP_150332123	72.592	100	872	865	868	0.0	1329	type I DNA topoisomerase [Pasteurella multocida]
WP_426951243	72.055	99	866	865	877	0.0	1329	type I DNA topoisomerase [Vibrio sp. TRT 29B02]
WP_123015955	72.318	99	867	865	875	0.0	1329	type I DNA topoisomerase [Vibrio zhugei]
WP_248328439	72.402	99	866	865	875	0.0	1329	type I DNA topoisomerase [Vibrio sinaloensis]
WP_410680424	72.101	100	871	865	868	0.0	1329	type I DNA topoisomerase [Avibacterium paragallinarum]
WP_017805692	72.216	100	871	865	868	0.0	1329	type I DNA topoisomerase [Avibacterium paragallinarum]
WP_481085095	72.402	99	866	865	878	0.0	1329	N/A
WP_198215009	71.972	100	867	865	866	0.0	1329	type I DNA topoisomerase [Gilliamella sp. M0320]
WP_110236794	92.151	80	688	865	688	0.0	1329	type I DNA topoisomerase, partial [Klebsiella pneumoniae]
WP_321406022	73.441	99	866	865	869	0.0	1329	type I DNA topoisomerase [Tolumonas auensis]
WP_423095011	72.331	100	871	865	868	0.0	1329	type I DNA topoisomerase [Avibacterium gallinarum]
WP_148345094	72.592	100	872	865	868	0.0	1329	type I DNA topoisomerase [Aggregatibacter actinomycetemcomitans]
WP_124938295	71.777	100	861	865	868	0.0	1329	type I DNA topoisomerase [Vibrio viridaestus]
WP_277684923	72.171	99	866	865	875	0.0	1329	type I DNA topoisomerase [Vibrio coralliilyticus]
WP_008220403	72.832	100	865	865	861	0.0	1329	type I DNA topoisomerase [Rheinheimera nanhaiensis]
WP_039083418	71.857	100	867	865	868	0.0	1329	type I DNA topoisomerase [Gallibacterium anatis]
WP_330454052	72.592	100	872	865	868	0.0	1329	type I DNA topoisomerase [Pasteurella multocida]
WP_092795466	73.410	100	865	865	860	0.0	1329	type I DNA topoisomerase [Rheinheimera pacifica]
WP_091122281	71.922	100	869	865	869	0.0	1329	type I DNA topoisomerase [Gilliamella intestini]
WP_106454574	71.968	100	874	865	875	0.0	1329	type I DNA topoisomerase [Zobellella taiwanensis]
WP_115098309	72.477	100	872	865	868	0.0	1329	type I DNA topoisomerase [Pasteurella multocida]
WP_058579440	73.126	100	867	865	871	0.0	1329	type I DNA topoisomerase [Idiomarina sp. OXR-189]
WP_395897742	72.675	100	871	865	867	0.0	1329	type I DNA topoisomerase [Avibacterium sp. 20-126]
WP_039089898	71.857	100	867	865	868	0.0	1329	type I DNA topoisomerase [Gallibacterium anatis]
WP_086308290	71.511	100	867	865	866	0.0	1329	type I DNA topoisomerase [Gilliamella apicola]
WP_410685972	72.101	100	871	865	868	0.0	1329	type I DNA topoisomerase [Avibacterium paragallinarum]
WP_433186106	73.557	100	866	865	861	0.0	1329	type I DNA topoisomerase [Rheinheimera sp. WS51]
WP_065578663	71.742	100	867	865	866	0.0	1329	type I DNA topoisomerase [Gilliamella apis]
WP_267345732	71.626	100	867	865	866	0.0	1329	MULTISPECIES: type I DNA topoisomerase [unclassified Gilliamella]
WP_121144569	71.642	100	871	865	871	0.0	1329	type I DNA topoisomerase [Orbus hercynius]
WP_250249154	72.477	100	872	865	868	0.0	1329	type I DNA topoisomerase [Pasteurella multocida]
WP_093271841	72.517	99	866	865	873	0.0	1328	type I DNA topoisomerase [Vibrio xiamenensis]
WP_019277761	72.055	99	866	865	875	0.0	1328	type I DNA topoisomerase [Vibrio coralliilyticus]
WP_102822896	72.477	100	872	865	868	0.0	1328	type I DNA topoisomerase [Pasteurella multocida]
WP_250193717	72.592	100	872	865	868	0.0	1328	type I DNA topoisomerase [Pasteurella multocida]
WP_024495662	71.396	100	867	865	869	0.0	1328	type I DNA topoisomerase [Candidatus Schmidhempelia bombi]
WP_019935728	72.082	100	874	865	875	0.0	1328	type I DNA topoisomerase [Oceanimonas smirnovii]
WP_118809136	72.101	100	871	865	868	0.0	1328	type I DNA topoisomerase [Haemophilus haemolyticus]
WP_021461512	71.857	100	867	865	868	0.0	1328	type I DNA topoisomerase [Gallibacterium anatis]
WP_458734852	71.968	100	874	865	875	0.0	1328	type I DNA topoisomerase [Zobellella taiwanensis]
WP_410877411	72.592	100	872	865	868	0.0	1328	type I DNA topoisomerase [Pasteurella multocida]
WP_198228257	71.396	100	867	865	866	0.0	1328	MULTISPECIES: type I DNA topoisomerase [unclassified Gilliamella]
WP_039142357	71.857	100	867	865	868	0.0	1328	type I DNA topoisomerase [Gallibacterium anatis]
WP_039135930	71.857	100	867	865	868	0.0	1328	type I DNA topoisomerase [Gallibacterium genomosp. 2]
WP_038641850	72.592	100	872	865	868	0.0	1328	type I DNA topoisomerase [Pasteurella multocida]
WP_332540400	85.695	85	734	865	734	0.0	1328	type I DNA topoisomerase, partial [Hafnia sp.]
WP_105898521	72.101	100	871	865	868	0.0	1328	type I DNA topoisomerase [Haemophilus influenzae]
WP_176287441	72.517	99	866	865	875	0.0	1328	type I DNA topoisomerase [Vibrio sp. JPW-9-11-11]
WP_111305914	72.101	100	871	865	868	0.0	1328	type I DNA topoisomerase [Aggregatibacter segnis]
WP_416101748	71.857	100	867	865	868	0.0	1328	type I DNA topoisomerase [Gallibacterium anatis]
WP_316733500	72.477	100	872	865	868	0.0	1328	type I DNA topoisomerase [Pasteurella multocida]
WP_108511980	72.592	100	872	865	868	0.0	1328	type I DNA topoisomerase [Pasteurella multocida]
WP_303511762	73.103	100	870	865	881	0.0	1328	type I DNA topoisomerase [Motilimonas sp. 1_MG-2023]
WP_038156048	72.171	99	866	865	875	0.0	1328	MULTISPECIES: type I DNA topoisomerase [Vibrio]
WP_144091230	71.396	100	867	865	866	0.0	1328	MULTISPECIES: type I DNA topoisomerase [Gilliamella]
WP_039166606	71.857	100	867	865	868	0.0	1328	type I DNA topoisomerase [Gallibacterium anatis]
WP_331423101	72.402	99	866	865	877	0.0	1328	type I DNA topoisomerase [Vibrio sp. M260118]
WP_250011284	72.592	100	872	865	868	0.0	1328	type I DNA topoisomerase [Pasteurella multocida]
WP_032828011	72.216	100	871	865	868	0.0	1328	type I DNA topoisomerase [Haemophilus haemolyticus]
WP_279084664	71.742	100	867	865	866	0.0	1328	type I DNA topoisomerase [Gilliamella apis]
WP_118855071	72.331	100	871	865	868	0.0	1328	type I DNA topoisomerase [Haemophilus haemolyticus]
WP_232800501	73.103	100	870	865	881	0.0	1328	type I DNA topoisomerase [Motilimonas sp. E26]
WP_048953184	72.216	100	871	865	868	0.0	1328	MULTISPECIES: type I DNA topoisomerase [Haemophilus]
WP_264255413	72.101	100	871	865	868	0.0	1328	type I DNA topoisomerase [Avibacterium paragallinarum]
WP_013747230	71.742	100	867	865	868	0.0	1328	type I DNA topoisomerase [Gallibacterium anatis]
WP_423112976	72.331	100	871	865	868	0.0	1328	type I DNA topoisomerase [Avibacterium avium]
WP_423082454	72.445	100	871	865	868	0.0	1328	type I DNA topoisomerase [Avibacterium avium]
WP_139990238	72.331	100	871	865	868	0.0	1328	MULTISPECIES: type I DNA topoisomerase [Haemophilus]
WP_335798180	71.742	100	867	865	868	0.0	1328	type I DNA topoisomerase [Gallibacterium anatis]
WP_101766884	72.592	100	872	865	868	0.0	1328	type I DNA topoisomerase [Pasteurella multocida]
WP_334320336	71.396	100	867	865	866	0.0	1328	type I DNA topoisomerase [Gilliamella apicola]
WP_032853999	72.592	100	872	865	868	0.0	1328	type I DNA topoisomerase [Pasteurella multocida]
WP_265756817	72.331	100	871	865	868	0.0	1328	type I DNA topoisomerase [Avibacterium sp. 21-586]
WP_039091086	71.742	100	867	865	868	0.0	1328	type I DNA topoisomerase [Gallibacterium anatis]
WP_250022561	72.592	100	872	865	868	0.0	1328	type I DNA topoisomerase [Pasteurella multocida]
WP_095177151	72.018	100	872	865	868	0.0	1328	type I DNA topoisomerase [Haemophilus pittmaniae]
WP_317075388	72.082	100	874	865	875	0.0	1328	type I DNA topoisomerase [Oceanimonas sp. CAM02]
WP_238821136	72.120	99	868	865	876	0.0	1328	type I DNA topoisomerase [Vibrio furnissii]
WP_238300384	72.477	100	872	865	868	0.0	1328	type I DNA topoisomerase [Pasteurella multocida]
WP_249991264	72.477	100	872	865	868	0.0	1328	type I DNA topoisomerase [Pasteurella multocida]
WP_148325428	72.248	100	872	865	868	0.0	1328	type I DNA topoisomerase [Aggregatibacter actinomycetemcomitans]
WP_454096905	71.707	100	873	865	869	0.0	1328	type I DNA topoisomerase [Frederiksenia canicola]
WP_464319859	71.742	100	867	865	866	0.0	1328	N/A
WP_324694245	72.592	100	872	865	868	0.0	1328	type I DNA topoisomerase [Pasteurella multocida]
WP_038151022	72.120	99	868	865	876	0.0	1328	MULTISPECIES: type I DNA topoisomerase [Vibrio]
WP_279896885	72.445	100	871	865	868	0.0	1328	type I DNA topoisomerase [Pasteurella multocida]
WP_239826207	72.402	99	866	865	877	0.0	1328	type I DNA topoisomerase [Vibrio tubiashii]
WP_055466183	72.005	99	868	865	876	0.0	1328	type I DNA topoisomerase [Vibrio furnissii]
WP_130558847	72.477	100	872	865	868	0.0	1328	type I DNA topoisomerase [Pasteurella multocida]
WP_233117836	72.362	100	872	865	868	0.0	1328	type I DNA topoisomerase [Aggregatibacter actinomycetemcomitans]
WP_425932235	72.592	100	872	865	868	0.0	1328	type I DNA topoisomerase [Pasteurella multocida]
WP_118812890	72.216	100	871	865	868	0.0	1328	type I DNA topoisomerase [Haemophilus haemolyticus]
WP_382375739	71.642	100	871	865	868	0.0	1328	type I DNA topoisomerase [Gallibacterium melopsittaci]
WP_039096786	71.742	100	867	865	868	0.0	1328	type I DNA topoisomerase [Gallibacterium anatis]
WP_111407428	72.216	100	871	865	868	0.0	1328	MULTISPECIES: type I DNA topoisomerase [Haemophilus]
WP_005538876	72.362	100	872	865	868	0.0	1328	type I DNA topoisomerase [Aggregatibacter actinomycetemcomitans]
WP_331416026	71.940	99	866	865	877	0.0	1328	type I DNA topoisomerase [Vibrio sp. M260112]
WP_171352351	72.055	99	866	865	875	0.0	1328	type I DNA topoisomerase [Vibrio coralliilyticus]
WP_457409911	72.197	100	874	865	870	0.0	1328	type I DNA topoisomerase [Ursidibacter arcticus]
WP_039154270	71.742	100	867	865	868	0.0	1328	type I DNA topoisomerase [Gallibacterium anatis]
WP_323695091	71.922	99	869	865	877	0.0	1328	type I DNA topoisomerase [Vibrio fluvialis]
WP_065739032	71.511	100	867	865	866	0.0	1328	type I DNA topoisomerase [Gilliamella sp. wkB7]
WP_039150646	71.857	100	867	865	868	0.0	1328	type I DNA topoisomerase [Gallibacterium anatis]
WP_020330226	71.922	99	869	865	877	0.0	1328	MULTISPECIES: type I DNA topoisomerase [Vibrio]
WP_086362086	71.742	100	867	865	866	0.0	1328	type I DNA topoisomerase [Gilliamella apis]
WP_335798984	71.742	100	867	865	868	0.0	1328	type I DNA topoisomerase [Gallibacterium anatis]
WP_103527492	92.140	79	687	865	699	0.0	1328	type I DNA topoisomerase, partial [Klebsiella pneumoniae]
WP_394127242	72.286	99	866	865	878	0.0	1328	type I DNA topoisomerase [Vibrio hepatarius]
WP_084390011	71.280	100	867	865	866	0.0	1328	type I DNA topoisomerase [Gilliamella apicola]
WP_314817184	72.101	100	871	865	868	0.0	1328	type I DNA topoisomerase [Aggregatibacter segnis]
WP_290992821	71.757	100	871	865	868	0.0	1328	type I DNA topoisomerase [Haemophilus sp.]
WP_110479206	72.101	100	871	865	868	0.0	1328	type I DNA topoisomerase [Avibacterium paragallinarum]
WP_045955369	72.748	99	866	865	877	0.0	1328	type I DNA topoisomerase [Vibrio galatheae]
WP_238848544	71.807	99	869	865	877	0.0	1327	type I DNA topoisomerase [Vibrio fluvialis]
WP_130230351	72.101	100	871	865	868	0.0	1327	type I DNA topoisomerase [Avibacterium paragallinarum]
WP_250047460	72.592	100	872	865	868	0.0	1327	type I DNA topoisomerase [Pasteurella multocida]
WP_302507355	71.742	100	867	865	868	0.0	1327	type I DNA topoisomerase [Gallibacterium anatis]
WP_394144555	72.402	99	866	865	878	0.0	1327	type I DNA topoisomerase [Vibrio atypicus]
WP_064487777	72.171	99	866	865	875	0.0	1327	type I DNA topoisomerase [Vibrio coralliilyticus]
WP_086287530	71.280	100	867	865	866	0.0	1327	type I DNA topoisomerase [Gilliamella apicola]
WP_005544715	72.477	100	872	865	868	0.0	1327	type I DNA topoisomerase [Aggregatibacter actinomycetemcomitans]
WP_367937514	72.517	99	866	865	877	0.0	1327	type I DNA topoisomerase [Vibrio tubiashii]
WP_410678633	71.986	100	871	865	868	0.0	1327	type I DNA topoisomerase [Avibacterium paragallinarum]
WP_379056724	72.581	100	868	865	867	0.0	1327	type I DNA topoisomerase [Pasteurella multocida]
WP_407351038	72.592	100	872	865	868	0.0	1327	type I DNA topoisomerase [Pasteurella multocida]
WP_005751468	72.477	100	872	865	868	0.0	1327	type I DNA topoisomerase [Pasteurella multocida]
WP_086363951	71.626	100	867	865	866	0.0	1327	type I DNA topoisomerase [Gilliamella sp. A7]
WP_170911801	92.140	79	687	865	687	0.0	1327	type I DNA topoisomerase, partial [Klebsiella pneumoniae]
WP_226691095	72.101	100	871	865	868	0.0	1327	MULTISPECIES: type I DNA topoisomerase [Rodentibacter]
WP_267174642	72.592	100	872	865	868	0.0	1327	type I DNA topoisomerase [Pasteurella multocida]
WP_343298316	72.592	100	872	865	868	0.0	1327	type I DNA topoisomerase [Pasteurella multocida]
WP_426098855	72.592	100	872	865	868	0.0	1327	type I DNA topoisomerase [Pasteurella multocida]
WP_411638339	71.280	100	867	865	866	0.0	1327	type I DNA topoisomerase [Gilliamella apicola]
WP_423101063	72.331	100	871	865	868	0.0	1327	type I DNA topoisomerase [Avibacterium avium]
WP_423110263	72.790	100	871	865	868	0.0	1327	type I DNA topoisomerase [Avibacterium avium]
WP_428805994	71.922	99	869	865	877	0.0	1327	type I DNA topoisomerase [Vibrio fluvialis]
WP_159653406	72.402	99	866	865	878	0.0	1327	type I DNA topoisomerase [Vibrio atypicus]
WP_046953148	72.216	100	871	865	868	0.0	1327	type I DNA topoisomerase [Haemophilus haemolyticus]
WP_039171518	71.511	100	867	865	868	0.0	1327	type I DNA topoisomerase [Gallibacterium genomosp. 1]
WP_335800800	71.626	100	867	865	868	0.0	1327	type I DNA topoisomerase [Gallibacterium anatis]
WP_392440356	72.005	99	868	865	876	0.0	1327	type I DNA topoisomerase [Vibrio sp. CJQ_6]
WP_118803059	72.101	100	871	865	868	0.0	1327	type I DNA topoisomerase [Haemophilus haemolyticus]
WP_416074342	71.742	100	867	865	868	0.0	1327	type I DNA topoisomerase [Gallibacterium anatis]
WP_334323460	71.280	100	867	865	866	0.0	1327	type I DNA topoisomerase [Gilliamella apicola]
WP_458032090	72.477	100	872	865	868	0.0	1327	type I DNA topoisomerase [Pasteurella multocida]
WP_061406065	72.477	100	872	865	868	0.0	1327	MULTISPECIES: type I DNA topoisomerase [Pasteurella]
WP_118790157	72.216	100	871	865	868	0.0	1327	type I DNA topoisomerase [Haemophilus haemolyticus]
WP_065231332	71.511	100	867	865	868	0.0	1327	type I DNA topoisomerase [Gallibacterium genomosp. 1]
WP_443470596	72.082	100	874	865	875	0.0	1327	type I DNA topoisomerase [Oceanimonas smirnovii]
WP_483825122	72.592	100	872	865	868	0.0	1327	N/A
WP_140536503	72.216	100	871	865	868	0.0	1327	type I DNA topoisomerase [Haemophilus haemolyticus]
WP_020428718	71.922	99	869	865	877	0.0	1327	type I DNA topoisomerase [Vibrio fluvialis]
WP_331427514	71.940	99	866	865	877	0.0	1327	type I DNA topoisomerase [Vibrio sp. M250220]
WP_115003713	71.904	100	872	865	868	0.0	1327	type I DNA topoisomerase [Haemophilus pittmaniae]
WP_308569848	71.904	100	872	865	868	0.0	1327	type I DNA topoisomerase [uncultured Haemophilus sp.]
WP_416094009	72.331	100	871	865	868	0.0	1327	type I DNA topoisomerase [Avibacterium endocarditidis]
WP_109853799	72.477	100	872	865	868	0.0	1327	type I DNA topoisomerase [Aggregatibacter actinomycetemcomitans]
WP_065602538	71.280	100	867	865	866	0.0	1327	type I DNA topoisomerase [Gilliamella apicola]
WP_086271728	71.280	100	867	865	866	0.0	1327	type I DNA topoisomerase [Gilliamella apicola]
WP_114909134	72.101	100	871	865	868	0.0	1327	type I DNA topoisomerase [Haemophilus haemolyticus]
WP_252536174	71.922	99	869	865	877	0.0	1327	type I DNA topoisomerase [Vibrio sp. LQ2]
WP_025315708	71.280	100	867	865	866	0.0	1327	type I DNA topoisomerase [Gilliamella apicola]
WP_290914849	71.757	100	871	865	868	0.0	1327	type I DNA topoisomerase [Haemophilus sp.]
WP_194742921	72.101	100	871	865	868	0.0	1327	type I DNA topoisomerase [Avibacterium paragallinarum]
WP_103113550	91.994	79	687	865	687	0.0	1327	type I DNA topoisomerase, partial [Klebsiella pneumoniae]
WP_110454743	71.280	100	867	865	866	0.0	1327	type I DNA topoisomerase [Gilliamella apicola]
WP_118788348	72.101	100	871	865	868	0.0	1326	type I DNA topoisomerase [Haemophilus haemolyticus]
WP_423104471	72.331	100	871	865	868	0.0	1326	type I DNA topoisomerase [Avibacterium avium]
WP_423087609	72.216	100	871	865	868	0.0	1326	type I DNA topoisomerase [Avibacterium avium]
WP_021454958	72.171	99	866	865	875	0.0	1326	type I DNA topoisomerase [Vibrio coralliilyticus]
WP_417868414	72.120	99	868	865	876	0.0	1326	type I DNA topoisomerase [Vibrio furnissii]
WP_107851699	71.968	100	874	865	875	0.0	1326	type I DNA topoisomerase [Oceanimonas marisflavi]
WP_238850603	71.807	99	869	865	877	0.0	1326	type I DNA topoisomerase [Vibrio fluvialis]
WP_272786722	72.517	99	866	865	877	0.0	1326	type I DNA topoisomerase [Vibrio tubiashii]
WP_198198917	71.742	100	867	865	866	0.0	1326	type I DNA topoisomerase [Gilliamella sp. W8128]
WP_006962916	72.055	99	866	865	875	0.0	1326	MULTISPECIES: type I DNA topoisomerase [Vibrio]
WP_233112734	72.477	100	872	865	868	0.0	1326	type I DNA topoisomerase [Aggregatibacter actinomycetemcomitans]
WP_158147384	71.807	99	869	865	877	0.0	1326	type I DNA topoisomerase [Vibrio fluvialis]
WP_086326350	71.396	100	867	865	866	0.0	1326	type I DNA topoisomerase [Gilliamella apicola]
WP_065264832	72.216	100	871	865	868	0.0	1326	MULTISPECIES: type I DNA topoisomerase [unclassified Haemophilus]
WP_039145862	71.742	100	867	865	868	0.0	1326	type I DNA topoisomerase [Gallibacterium anatis]
WP_233958989	71.807	99	869	865	877	0.0	1326	type I DNA topoisomerase [Vibrio fluvialis]
WP_121121404	72.465	100	868	865	868	0.0	1326	type I DNA topoisomerase [Otariodibacter oris]
WP_044362274	71.807	99	869	865	877	0.0	1326	type I DNA topoisomerase [Vibrio fluvialis]
WP_202650369	71.807	99	869	865	877	0.0	1326	type I DNA topoisomerase [Vibrio fluvialis]
WP_267329389	71.511	100	867	865	866	0.0	1326	MULTISPECIES: type I DNA topoisomerase [unclassified Gilliamella]
WP_202642247	71.807	99	869	865	877	0.0	1326	type I DNA topoisomerase [Vibrio fluvialis]
WP_095560475	72.055	99	866	865	875	0.0	1326	type I DNA topoisomerase [Vibrio coralliilyticus]
WP_109128573	72.101	100	871	865	868	0.0	1326	type I DNA topoisomerase [Aggregatibacter segnis]
WP_239838238	72.055	99	866	865	875	0.0	1326	type I DNA topoisomerase [Vibrio sp. Isolate23]
WP_447477494	72.477	100	872	865	868	0.0	1326	type I DNA topoisomerase [Pasteurella multocida]
WP_306078052	72.082	100	874	865	875	0.0	1326	type I DNA topoisomerase [Oceanimonas sp. CHS3-5]
WP_432610477	71.807	99	869	865	877	0.0	1326	type I DNA topoisomerase [Vibrio fluvialis]
WP_012729597	73.326	99	866	865	869	0.0	1326	type I DNA topoisomerase [Tolumonas auensis]
WP_454450175	72.197	100	874	865	870	0.0	1326	type I DNA topoisomerase [Ursidibacter arcticus]
WP_416103626	71.742	100	867	865	868	0.0	1326	type I DNA topoisomerase [Gallibacterium anatis]
WP_458004209	71.511	100	867	865	868	0.0	1326	type I DNA topoisomerase [Gallibacterium sp. ZY190522]
WP_039164285	71.742	100	867	865	868	0.0	1326	type I DNA topoisomerase [Gallibacterium anatis]
WP_134836850	72.171	99	866	865	878	0.0	1326	type I DNA topoisomerase [Vibrio ouci]
WP_434321426	72.101	100	871	865	868	0.0	1326	type I DNA topoisomerase [Haemophilus influenzae]
WP_171340648	72.055	99	866	865	875	0.0	1326	type I DNA topoisomerase [Vibrio coralliilyticus]
WP_172567100	71.807	99	869	865	877	0.0	1326	type I DNA topoisomerase [Vibrio fluvialis]
WP_059246060	72.362	100	872	865	868	0.0	1326	type I DNA topoisomerase [Pasteurella multocida]
WP_109422838	72.362	100	872	865	868	0.0	1326	type I DNA topoisomerase [Aggregatibacter actinomycetemcomitans]
WP_250021290	72.592	100	872	865	868	0.0	1326	type I DNA topoisomerase [Pasteurella multocida]
WP_425666577	72.517	99	866	865	877	0.0	1326	type I DNA topoisomerase [Vibrio tubiashii]
WP_223893307	72.101	100	871	865	868	0.0	1326	type I DNA topoisomerase [Haemophilus haemolyticus]
WP_239875440	71.940	99	866	865	875	0.0	1326	type I DNA topoisomerase [Vibrio sp. Isolate25]
WP_324700040	72.623	100	873	865	869	0.0	1326	type I DNA topoisomerase [Pasteurella multocida]
WP_333002997	72.055	99	866	865	875	0.0	1326	type I DNA topoisomerase [Vibrio coralliilyticus]
WP_334054609	72.477	100	872	865	868	0.0	1326	type I DNA topoisomerase [Pasteurella multocida]
WP_005644977	72.101	100	871	865	868	0.0	1326	type I DNA topoisomerase [Haemophilus haemolyticus]
WP_179224211	72.101	100	871	865	868	0.0	1326	type I DNA topoisomerase [Haemophilus influenzae]
WP_099607476	72.055	99	866	865	875	0.0	1326	type I DNA topoisomerase [Vibrio coralliilyticus]
WP_431052266	71.936	100	873	865	868	0.0	1326	MULTISPECIES: type I DNA topoisomerase [unclassified Testudinibacter]
WP_095571737	72.055	99	866	865	875	0.0	1326	MULTISPECIES: type I DNA topoisomerase [Vibrio]
WP_314886254	72.101	100	871	865	868	0.0	1326	type I DNA topoisomerase [Aggregatibacter segnis]
WP_252035060	71.940	99	866	865	875	0.0	1326	MULTISPECIES: type I DNA topoisomerase [Vibrio]
WP_322912250	72.477	100	872	865	868	0.0	1326	type I DNA topoisomerase [Pasteurella multocida]
WP_233143461	72.477	100	872	865	868	0.0	1326	type I DNA topoisomerase [Aggregatibacter actinomycetemcomitans]
WP_208120136	72.529	100	870	865	866	0.0	1326	type I DNA topoisomerase [Spirabiliibacterium pneumoniae]
WP_315621984	71.807	99	869	865	877	0.0	1326	type I DNA topoisomerase [Vibrio fluvialis]
WP_171346906	72.055	99	866	865	875	0.0	1326	type I DNA topoisomerase [Vibrio coralliilyticus]
WP_148327532	72.133	100	872	865	868	0.0	1326	type I DNA topoisomerase [Aggregatibacter actinomycetemcomitans]
WP_131977138	72.560	100	871	865	868	0.0	1326	type I DNA topoisomerase [Cricetibacter osteomyelitidis]
WP_434339883	73.103	100	870	865	881	0.0	1326	type I DNA topoisomerase [Motilimonas cestriensis]
WP_084257250	71.936	100	873	865	868	0.0	1326	type I DNA topoisomerase [Pasteurella testudinis]
WP_046559052	72.979	100	866	865	868	0.0	1326	type I DNA topoisomerase [Arsukibacterium ikkense]
WP_301099663	72.331	100	871	865	867	0.0	1326	type I DNA topoisomerase [Otariodibacter sp.]
WP_205770257	72.248	100	872	865	868	0.0	1326	type I DNA topoisomerase [Aggregatibacter actinomycetemcomitans]
WP_048750369	72.101	100	871	865	868	0.0	1326	type I DNA topoisomerase [Aggregatibacter segnis]
WP_043008734	71.940	99	866	865	875	0.0	1325	type I DNA topoisomerase [Vibrio coralliilyticus]
WP_410682116	71.986	100	871	865	868	0.0	1325	type I DNA topoisomerase [Avibacterium paragallinarum]
WP_411635250	71.165	100	867	865	866	0.0	1325	type I DNA topoisomerase [Gilliamella apicola]
WP_046098886	71.986	100	871	865	868	0.0	1325	type I DNA topoisomerase [Avibacterium paragallinarum]
WP_148333928	72.362	100	872	865	868	0.0	1325	type I DNA topoisomerase [Aggregatibacter actinomycetemcomitans]
WP_212509614	72.101	100	871	865	868	0.0	1325	type I DNA topoisomerase [Aggregatibacter sp. oral taxon 513]
WP_257797243	72.133	100	872	865	868	0.0	1325	type I DNA topoisomerase [Aggregatibacter actinomycetemcomitans]
WP_230294072	72.457	100	875	865	871	0.0	1325	type I DNA topoisomerase [Pasteurella multocida]
WP_143678880	72.120	99	868	865	876	0.0	1325	type I DNA topoisomerase [Vibrio furnissii]
WP_171322620	72.402	99	866	865	877	0.0	1325	type I DNA topoisomerase [Vibrio tubiashii]
WP_039086764	71.742	100	867	865	868	0.0	1325	type I DNA topoisomerase [Gallibacterium anatis]
WP_130556756	72.362	100	872	865	868	0.0	1325	type I DNA topoisomerase [Pasteurella multocida]
WP_016587519	86.169	84	723	865	723	0.0	1325	type I DNA topoisomerase, partial [Yersinia pestis]
WP_005568750	72.362	100	872	865	868	0.0	1325	type I DNA topoisomerase [Aggregatibacter actinomycetemcomitans]
WP_120511200	73.157	100	868	865	878	0.0	1325	type I DNA topoisomerase [Photobacterium salinisoli]
WP_105896761	71.986	100	871	865	868	0.0	1325	type I DNA topoisomerase [Haemophilus influenzae]
WP_261599009	72.362	100	872	865	868	0.0	1325	type I DNA topoisomerase [Pasteurella multocida]
WP_395545499	71.968	100	874	865	875	0.0	1325	type I DNA topoisomerase [Oceanimonas smirnovii]
WP_444786638	74.130	100	862	865	861	0.0	1325	type I DNA topoisomerase [Rheinheimera sp. NSM]
WP_025248461	72.477	100	872	865	868	0.0	1325	type I DNA topoisomerase [Pasteurella multocida]
WP_367680450	71.034	100	870	865	872	0.0	1325	type I DNA topoisomerase [Candidatus Fukatsuia anoeciicola]
WP_140583380	72.101	100	871	865	868	0.0	1325	type I DNA topoisomerase [Haemophilus haemolyticus]
WP_464321115	71.165	100	867	865	866	0.0	1325	N/A
WP_109858852	71.986	100	871	865	868	0.0	1325	type I DNA topoisomerase [Aggregatibacter segnis]
WP_140518729	72.216	100	871	865	868	0.0	1325	type I DNA topoisomerase [Haemophilus haemolyticus]
WP_140449742	72.216	100	871	865	868	0.0	1325	type I DNA topoisomerase [Haemophilus haemolyticus]
WP_077333656	71.857	99	867	865	876	0.0	1325	type I DNA topoisomerase [Vibrio ruber]
WP_439054229	72.477	100	872	865	868	0.0	1325	type I DNA topoisomerase [Pasteurella multocida]
WP_172849455	71.940	99	866	865	875	0.0	1325	type I DNA topoisomerase [Vibrio coralliilyticus]
WP_346352019	71.968	100	874	865	875	0.0	1325	type I DNA topoisomerase [Oceanimonas sp. AH20CE76]
WP_148341140	72.362	100	872	865	868	0.0	1325	type I DNA topoisomerase [Aggregatibacter actinomycetemcomitans]
WP_018346637	71.511	100	867	865	868	0.0	1325	type I DNA topoisomerase [Gallibacterium anatis]
WP_303732331	72.434	100	867	865	871	0.0	1325	type I DNA topoisomerase [Idiomarina piscisalsi]
WP_118879258	72.101	100	871	865	868	0.0	1325	type I DNA topoisomerase [Haemophilus haemolyticus]
WP_118816912	72.101	100	871	865	868	0.0	1325	type I DNA topoisomerase [Haemophilus haemolyticus]
WP_323998121	72.477	100	872	865	868	0.0	1325	type I DNA topoisomerase [Pasteurella multocida]
WP_239865704	71.940	99	866	865	875	0.0	1325	type I DNA topoisomerase [Vibrio sp. Isolate24]
WP_485861246	71.871	100	871	865	868	0.0	1325	N/A
WP_233113142	72.362	100	872	865	868	0.0	1325	type I DNA topoisomerase [Aggregatibacter actinomycetemcomitans]
WP_106728523	71.739	100	874	865	876	0.0	1325	type I DNA topoisomerase [Zobellella endophytica]
WP_065234127	71.412	100	871	865	868	0.0	1325	type I DNA topoisomerase [Gallibacterium genomosp. 3]
WP_202648009	71.692	99	869	865	877	0.0	1325	type I DNA topoisomerase [Vibrio fluvialis]
WP_118842816	72.101	100	871	865	868	0.0	1325	type I DNA topoisomerase [Haemophilus haemolyticus]
WP_046939159	71.871	100	871	865	868	0.0	1325	type I DNA topoisomerase [Haemophilus haemolyticus]
WP_032080259	71.692	99	869	865	877	0.0	1325	type I DNA topoisomerase [Vibrio fluvialis]
WP_157393781	72.197	100	874	865	870	0.0	1325	type I DNA topoisomerase [Ursidibacter arcticus]
WP_300316944	72.664	100	867	865	871	0.0	1325	type I DNA topoisomerase [Idiomarina sp.]
WP_148363422	72.133	100	872	865	868	0.0	1325	type I DNA topoisomerase [Aggregatibacter actinomycetemcomitans]
WP_046942317	71.986	100	871	865	868	0.0	1325	type I DNA topoisomerase [Haemophilus haemolyticus]
WP_172845569	71.940	99	866	865	875	0.0	1325	type I DNA topoisomerase [Vibrio coralliilyticus]
WP_133499552	72.101	100	871	865	868	0.0	1325	type I DNA topoisomerase [Haemophilus haemolyticus]
WP_087479007	71.972	99	867	865	875	0.0	1325	type I DNA topoisomerase [Vibrio mangrovi]
WP_233115758	72.362	100	872	865	868	0.0	1325	type I DNA topoisomerase [Aggregatibacter actinomycetemcomitans]
WP_411607545	71.986	100	871	865	868	0.0	1325	type I DNA topoisomerase [Avibacterium paragallinarum]
WP_303563694	73.157	100	868	865	876	0.0	1325	type I DNA topoisomerase [Photobacterium sp. 1_MG-2023]
WP_110109936	92.128	79	686	865	686	0.0	1325	type I DNA topoisomerase, partial [Klebsiella pneumoniae]
WP_222798366	71.692	99	869	865	877	0.0	1325	type I DNA topoisomerase [Vibrio fluvialis]
WP_264243705	71.871	100	871	865	868	0.0	1325	type I DNA topoisomerase [Avibacterium paragallinarum]
WP_486786420	72.402	99	866	865	877	0.0	1325	N/A
WP_457914053	71.329	100	865	865	864	0.0	1325	type I DNA topoisomerase [Candidatus Hartigia pinicola]
WP_446230279	71.936	100	873	865	868	0.0	1325	type I DNA topoisomerase [Pasteurella testudinis]
WP_258248148	72.362	100	872	865	868	0.0	1325	type I DNA topoisomerase [Aggregatibacter actinomycetemcomitans]
WP_409458152	71.940	99	866	865	875	0.0	1325	type I DNA topoisomerase [Vibrio coralliilyticus]
WP_265753804	72.331	100	871	865	868	0.0	1325	type I DNA topoisomerase [Avibacterium sp. 21-594]
WP_315917225	71.692	99	869	865	877	0.0	1325	type I DNA topoisomerase [Vibrio fluvialis]
WP_261883120	71.940	99	866	865	876	0.0	1324	type I DNA topoisomerase [Vibrio pelagius]
WP_139617177	72.477	100	872	865	868	0.0	1324	type I DNA topoisomerase [Pasteurella multocida]
WP_373819064	71.854	100	874	865	870	0.0	1324	type I DNA topoisomerase [Glaesserella sp.]
WP_476486212	71.857	99	867	865	876	0.0	1324	N/A
WP_418139160	71.968	100	874	865	875	0.0	1324	type I DNA topoisomerase [Oceanimonas smirnovii]
WP_233118959	72.362	100	872	865	868	0.0	1324	type I DNA topoisomerase [Aggregatibacter actinomycetemcomitans]
WP_111696864	72.216	100	871	865	868	0.0	1324	type I DNA topoisomerase [Haemophilus haemolyticus]
WP_104966822	71.692	99	869	865	877	0.0	1324	type I DNA topoisomerase [Vibrio fluvialis]
WP_005758915	72.318	100	867	865	868	0.0	1324	type I DNA topoisomerase [Pasteurella bettyae]
WP_295975833	72.445	100	871	865	868	0.0	1324	type I DNA topoisomerase [uncultured Aggregatibacter sp.]
WP_120030003	72.171	99	866	865	875	0.0	1324	type I DNA topoisomerase [Vibrio sinensis]
WP_412763680	71.871	100	871	865	868	0.0	1324	type I DNA topoisomerase [Rodentibacter abscessus]
WP_204713991	72.101	100	871	865	868	0.0	1324	type I DNA topoisomerase [Haemophilus haemolyticus]
WP_286258618	72.477	100	872	865	885	0.0	1324	type I DNA topoisomerase [Pseudoalteromonas apostichopi]
WP_120019555	96.218	76	661	865	661	0.0	1324	type I DNA topoisomerase, partial [Salmonella enterica]
WP_065246177	72.101	100	871	865	868	0.0	1324	type I DNA topoisomerase [Haemophilus haemolyticus]
WP_005637796	71.986	100	871	865	868	0.0	1324	type I DNA topoisomerase [Haemophilus haemolyticus]
WP_140229325	71.692	99	869	865	877	0.0	1324	type I DNA topoisomerase [Vibrio fluvialis]
WP_394240735	71.972	99	867	865	876	0.0	1324	type I DNA topoisomerase [Vibrio astriarenae]
WP_005659512	71.986	100	871	865	868	0.0	1324	type I DNA topoisomerase [Haemophilus influenzae]
WP_042599491	71.986	100	871	865	868	0.0	1324	type I DNA topoisomerase [Haemophilus influenzae]
WP_222727529	71.692	99	869	865	877	0.0	1324	type I DNA topoisomerase [Vibrio fluvialis]
WP_171801316	72.171	99	866	865	877	0.0	1324	type I DNA topoisomerase [Vibrio europaeus]
WP_004744344	72.286	99	866	865	877	0.0	1324	type I DNA topoisomerase [Vibrio tubiashii]
WP_130051333	72.477	100	872	865	885	0.0	1324	MULTISPECIES: type I DNA topoisomerase [Pseudoalteromonas]
WP_209362392	72.216	100	871	865	868	0.0	1324	type I DNA topoisomerase [Aggregatibacter sp. 2125159857]
WP_320152711	73.557	99	866	865	870	0.0	1324	type I DNA topoisomerase [uncultured Tolumonas sp.]
WP_118785676	72.101	100	871	865	868	0.0	1324	type I DNA topoisomerase [Haemophilus haemolyticus]
WP_065741439	71.940	99	866	865	875	0.0	1324	type I DNA topoisomerase [Vibrio coralliilyticus]
WP_220219496	71.396	100	867	865	866	0.0	1324	MULTISPECIES: type I DNA topoisomerase [unclassified Gilliamella]
WP_094933751	71.511	100	867	865	868	0.0	1323	type I DNA topoisomerase [Gallibacterium anatis]
WP_373778385	71.510	100	874	865	870	0.0	1323	type I DNA topoisomerase [Glaesserella sp.]
WP_484117267	72.842	99	869	865	872	0.0	1323	N/A
WP_038176919	71.940	99	866	865	875	0.0	1323	type I DNA topoisomerase [Vibrio pacinii]
WP_275863596	71.940	99	866	865	875	0.0	1323	type I DNA topoisomerase [Vibrio sp. CAU 1672]
WP_164649702	71.972	99	867	865	876	0.0	1323	type I DNA topoisomerase [Vibrio astriarenae]
WP_134078388	71.986	100	871	865	868	0.0	1323	type I DNA topoisomerase [Haemophilus haemolyticus]
WP_391089599	72.055	99	866	865	875	0.0	1323	MULTISPECIES: type I DNA topoisomerase [unclassified Vibrio]
WP_252030249	71.824	99	866	865	877	0.0	1323	type I DNA topoisomerase [Vibrio sp. SCSIO 43135]
WP_039081779	71.742	100	867	865	868	0.0	1323	type I DNA topoisomerase [Gallibacterium anatis]
WP_215769589	72.101	100	871	865	868	0.0	1323	type I DNA topoisomerase [Haemophilus sp. SZY H36]
WP_255231007	71.940	99	866	865	876	0.0	1323	type I DNA topoisomerase [Vibrio pelagius]
WP_430019276	72.203	100	867	865	868	0.0	1323	type I DNA topoisomerase [Pasteurella bettyae]
WP_011234261	72.780	99	867	865	872	0.0	1323	type I DNA topoisomerase [Idiomarina loihiensis]
WP_110012640	72.780	99	867	865	872	0.0	1323	MULTISPECIES: type I DNA topoisomerase [Idiomarina]
WP_077423355	71.986	100	871	865	868	0.0	1323	type I DNA topoisomerase [Rodentibacter myodis]
WP_050951522	71.871	100	871	865	868	0.0	1323	type I DNA topoisomerase [Haemophilus influenzae]
WP_487153127	92.183	78	678	865	678	0.0	1323	N/A
WP_065233073	71.511	100	867	865	868	0.0	1323	type I DNA topoisomerase [Gallibacterium anatis]
WP_101627019	71.395	99	860	865	865	0.0	1323	type I DNA topoisomerase [Candidatus Palibaumannia cicadellinicola]
WP_158107458	71.889	99	868	865	876	0.0	1323	type I DNA topoisomerase [Vibrio furnissii]
WP_253619717	72.780	99	867	865	872	0.0	1323	type I DNA topoisomerase [Idiomarina rhizosphaerae]
WP_233053406	72.759	100	870	865	881	0.0	1323	type I DNA topoisomerase [Motilimonas cestriensis]
WP_118783563	71.986	100	871	865	868	0.0	1323	type I DNA topoisomerase [Haemophilus influenzae]
WP_025298389	72.362	100	872	865	868	0.0	1323	type I DNA topoisomerase [Aggregatibacter actinomycetemcomitans]
WP_100295705	72.216	100	871	865	868	0.0	1323	type I DNA topoisomerase [Caviibacterium pharyngocola]
WP_240222433	73.064	100	865	865	860	0.0	1323	type I DNA topoisomerase [Rheinheimera hassiensis]
WP_288677328	71.871	100	871	865	868	0.0	1323	type I DNA topoisomerase [Aggregatibacter segnis]
WP_050822599	71.871	100	871	865	868	0.0	1323	type I DNA topoisomerase [Haemophilus influenzae]
WP_065556977	72.088	100	867	865	868	0.0	1323	type I DNA topoisomerase [Gilliamella sp. wkB178]
WP_088536977	100.000	74	637	865	637	0.0	1323	type I DNA topoisomerase, partial [Escherichia coli]
WP_442538880	71.871	100	871	865	868	0.0	1323	type I DNA topoisomerase [Aggregatibacter segnis]
WP_454444582	71.968	100	874	865	870	0.0	1323	type I DNA topoisomerase [Ursidibacter arcticus]
WP_114892252	71.871	100	871	865	868	0.0	1323	type I DNA topoisomerase [Haemophilus haemolyticus]
WP_105888663	71.871	100	871	865	868	0.0	1323	type I DNA topoisomerase [Haemophilus influenzae]
WP_294833086	71.280	100	867	865	866	0.0	1323	type I DNA topoisomerase [uncultured Gilliamella sp.]
WP_077313250	72.203	99	867	865	875	0.0	1323	type I DNA topoisomerase [Vibrio palustris]
WP_233073810	72.842	100	869	865	880	0.0	1323	type I DNA topoisomerase [Motilimonas eburnea]
WP_182008474	71.940	99	866	865	875	0.0	1323	type I DNA topoisomerase [Vibrio sp. B1FLJ16]
WP_110431884	71.871	100	871	865	868	0.0	1323	type I DNA topoisomerase [Haemophilus influenzae]
WP_091341373	72.822	99	861	865	863	0.0	1323	type I DNA topoisomerase [Alkalimonas amylolytica]
WP_114981562	72.780	99	867	865	872	0.0	1323	type I DNA topoisomerase [Idiomarina sp. 017G]
WP_118776635	71.986	100	871	865	868	0.0	1323	type I DNA topoisomerase [Haemophilus haemolyticus]
WP_273025031	72.780	99	867	865	872	0.0	1322	MULTISPECIES: type I DNA topoisomerase [Idiomarina]
WP_034820062	72.780	99	867	865	872	0.0	1322	MULTISPECIES: type I DNA topoisomerase [unclassified Idiomarina]
WP_417440387	72.780	99	867	865	872	0.0	1322	type I DNA topoisomerase [Idiomarina sp.]
WP_006718217	71.871	100	871	865	868	0.0	1322	type I DNA topoisomerase [Aggregatibacter segnis]
WP_260258867	71.824	99	866	865	877	0.0	1322	type I DNA topoisomerase [Vibrio intestinalis]
WP_159738976	72.286	99	866	865	878	0.0	1322	type I DNA topoisomerase [Vibrio atypicus]
WP_118858662	71.871	100	871	865	868	0.0	1322	type I DNA topoisomerase [Haemophilus haemolyticus]
WP_439222186	72.780	99	867	865	872	0.0	1322	type I DNA topoisomerase [Idiomarina sp. ST20R2A10]
WP_126513623	71.871	100	871	865	868	0.0	1322	type I DNA topoisomerase [Haemophilus influenzae]
WP_475405756	72.780	99	867	865	872	0.0	1322	N/A
WP_118845313	71.986	100	871	865	868	0.0	1322	type I DNA topoisomerase [Haemophilus haemolyticus]
WP_065249493	71.986	100	871	865	868	0.0	1322	type I DNA topoisomerase [Haemophilus haemolyticus]
WP_442541767	71.757	100	871	865	868	0.0	1322	type I DNA topoisomerase [Aggregatibacter segnis]
WP_308665639	71.871	100	871	865	868	0.0	1322	type I DNA topoisomerase [uncultured Aggregatibacter sp.]
WP_046949842	71.986	100	871	865	868	0.0	1322	type I DNA topoisomerase [Haemophilus haemolyticus]
WP_172559733	71.692	99	869	865	877	0.0	1322	type I DNA topoisomerase [Vibrio fluvialis]
WP_457524337	71.824	99	866	865	877	0.0	1322	type I DNA topoisomerase [Vibrio paucivorans]
WP_252948471	72.248	100	872	865	886	0.0	1322	type I DNA topoisomerase [Pseudoalteromonas shioyasakiensis]
WP_171889590	91.971	79	685	865	685	0.0	1322	type I DNA topoisomerase, partial [Klebsiella pneumoniae]
WP_109103785	71.871	100	871	865	868	0.0	1322	type I DNA topoisomerase [Aggregatibacter segnis]
WP_170376425	72.362	100	872	865	868	0.0	1322	type I DNA topoisomerase [Pasteurella multocida]
WP_100690478	72.318	100	867	865	871	0.0	1322	type I DNA topoisomerase [Idiomarina sp. X4]
WP_290572232	72.727	99	869	865	872	0.0	1322	type I DNA topoisomerase [Idiomarina sp.]
WP_025738670	72.633	99	866	865	876	0.0	1322	type I DNA topoisomerase [Salinivibrio socompensis]
WP_046219671	72.926	100	868	865	878	0.0	1322	MULTISPECIES: type I DNA topoisomerase [Photobacterium]
WP_317496529	72.780	99	867	865	872	0.0	1322	type I DNA topoisomerase [Idiomarina sp. Sol25]
WP_049846800	71.940	99	866	865	877	0.0	1322	MULTISPECIES: type I DNA topoisomerase [Vibrio]
WP_118795081	71.871	100	871	865	868	0.0	1322	type I DNA topoisomerase [Haemophilus influenzae]
WP_409420237	71.922	100	869	865	872	0.0	1322	type I DNA topoisomerase [Pseudaeromonas aegiceratis]
WP_069665903	72.055	99	866	865	877	0.0	1322	type I DNA topoisomerase [Vibrio europaeus]
WP_306138710	73.434	100	862	865	861	0.0	1322	type I DNA topoisomerase [Rheinheimera baltica]
WP_311352473	71.986	100	871	865	868	0.0	1322	type I DNA topoisomerase [Aggregatibacter segnis]
WP_304636787	72.248	100	872	865	886	0.0	1322	MULTISPECIES: type I DNA topoisomerase [Pseudoalteromonas]
WP_171382098	72.055	99	866	865	877	0.0	1322	type I DNA topoisomerase [Vibrio europaeus]
WP_337113846	73.041	100	868	865	878	0.0	1322	type I DNA topoisomerase [Photobacterium sp. Hal280]
WP_013525788	71.986	100	871	865	868	0.0	1322	type I DNA topoisomerase [Haemophilus influenzae]
WP_044345697	71.757	100	871	865	868	0.0	1322	type I DNA topoisomerase [Haemophilus influenzae]
WP_179227962	71.871	100	871	865	868	0.0	1322	type I DNA topoisomerase [Haemophilus haemolyticus]
WP_065564427	72.203	100	867	865	866	0.0	1322	type I DNA topoisomerase [Gilliamella sp. wkB112]
WP_371718272	71.940	99	866	865	877	0.0	1322	type I DNA topoisomerase [Vibrio bivalvicida]
WP_297330901	72.362	100	872	865	885	0.0	1321	type I DNA topoisomerase [Pseudoalteromonas sp.]
WP_485860550	72.216	100	871	865	868	0.0	1321	N/A
WP_034913033	71.577	100	869	865	869	0.0	1321	MULTISPECIES: type I DNA topoisomerase [unclassified Gilliamella]
WP_194435882	72.055	99	866	865	873	0.0	1321	type I DNA topoisomerase [Vibrio fluminensis]
WP_297223712	71.577	100	869	865	869	0.0	1321	type I DNA topoisomerase [Gilliamella sp.]
WP_005506017	71.594	99	866	865	873	0.0	1321	type I DNA topoisomerase [Grimontia hollisae]
WP_349561583	72.362	100	872	865	885	0.0	1321	type I DNA topoisomerase [Pseudoalteromonas sp. NFXS39]
WP_048951610	71.757	100	871	865	874	0.0	1321	type I DNA topoisomerase [Haemophilus influenzae]
WP_071162520	71.871	100	871	865	868	0.0	1321	type I DNA topoisomerase [Haemophilus influenzae]
WP_140529252	71.871	100	871	865	868	0.0	1321	type I DNA topoisomerase [Haemophilus haemolyticus]
WP_322407252	72.664	99	867	865	872	0.0	1321	type I DNA topoisomerase [Idiomarina sp. PL1-037]
WP_105904426	71.757	100	871	865	868	0.0	1321	type I DNA topoisomerase [Haemophilus influenzae]
WP_335991592	72.248	100	872	865	886	0.0	1321	type I DNA topoisomerase [Pseudoalteromonas sp. CH_XMU1449-3]
WP_206374211	71.940	99	866	865	875	0.0	1321	type I DNA topoisomerase [Vibrio neptunius]
WP_372068400	71.824	99	866	865	876	0.0	1321	type I DNA topoisomerase [Vibrio pelagius]
WP_050848723	71.986	100	871	865	868	0.0	1321	type I DNA topoisomerase [Haemophilus influenzae]
WP_211645600	73.041	100	868	865	876	0.0	1321	type I DNA topoisomerase [Photobacterium sp. GJ3]
WP_116966897	71.871	100	871	865	868	0.0	1321	type I DNA topoisomerase [Haemophilus influenzae]
WP_481080119	71.594	99	866	865	876	0.0	1321	N/A
WP_285402179	72.055	99	866	865	876	0.0	1321	MULTISPECIES: type I DNA topoisomerase [unclassified Vibrio]
WP_249847437	72.248	100	872	865	868	0.0	1321	type I DNA topoisomerase [Aggregatibacter actinomycetemcomitans]
WP_311844848	71.742	99	867	865	876	0.0	1321	type I DNA topoisomerase [Vibrio ruber]
WP_158174609	71.594	99	866	865	873	0.0	1321	type I DNA topoisomerase [Grimontia hollisae]
WP_230621283	71.871	100	871	865	868	0.0	1321	type I DNA topoisomerase [Aggregatibacter sp. Marseille-P9115]
WP_005597038	71.478	100	873	865	869	0.0	1321	type I DNA topoisomerase [Actinobacillus pleuropneumoniae]
WP_484318112	74.100	99	861	865	861	0.0	1321	N/A
WP_440210642	71.478	100	873	865	869	0.0	1321	type I DNA topoisomerase [Actinobacillus pleuropneumoniae]
WP_297929381	72.216	100	871	865	868	0.0	1321	type I DNA topoisomerase [uncultured Aggregatibacter sp.]
WP_111749098	71.854	100	874	865	870	0.0	1321	MULTISPECIES: type I DNA topoisomerase [Glaesserella]
WP_411593373	71.757	100	871	865	868	0.0	1321	type I DNA topoisomerase [Avibacterium paragallinarum]
WP_208933796	72.885	99	863	865	861	0.0	1321	type I DNA topoisomerase [Pasteurella multocida]
WP_404398718	72.780	99	867	865	872	0.0	1321	type I DNA topoisomerase [Idiomarina loihiensis]
WP_004413385	71.709	99	866	865	878	0.0	1321	type I DNA topoisomerase [Vibrio orientalis]
WP_050949208	71.871	100	871	865	868	0.0	1321	MULTISPECIES: type I DNA topoisomerase [Haemophilus]
WP_419843440	71.478	100	873	865	869	0.0	1321	type I DNA topoisomerase [Actinobacillus pleuropneumoniae]
WP_138600545	72.248	100	872	865	886	0.0	1321	MULTISPECIES: type I DNA topoisomerase [unclassified Pseudoalteromonas]
WP_118781359	71.871	100	871	865	868	0.0	1321	type I DNA topoisomerase [Haemophilus haemolyticus]
WP_053410785	71.824	99	866	865	876	0.0	1321	type I DNA topoisomerase [Vibrio hepatarius]
WP_111294418	71.871	100	871	865	868	0.0	1321	type I DNA topoisomerase [Aggregatibacter segnis]
WP_163590606	92.105	79	684	865	684	0.0	1321	type I DNA topoisomerase, partial [Klebsiella pneumoniae]
WP_112123017	71.871	100	871	865	868	0.0	1321	type I DNA topoisomerase [Haemophilus influenzae]
WP_428787669	71.709	99	866	865	877	0.0	1321	type I DNA topoisomerase [Vibrio profundum]
WP_044471025	72.088	100	867	865	868	0.0	1321	type I DNA topoisomerase [Mannheimia massilioguelmaensis]
WP_105891221	71.642	100	871	865	868	0.0	1321	type I DNA topoisomerase [Haemophilus influenzae]
WP_445073370	100.000	74	636	865	636	0.0	1321	type I DNA topoisomerase, partial [Escherichia coli]
WP_042594037	71.871	100	871	865	868	0.0	1321	type I DNA topoisomerase [Haemophilus influenzae]
WP_018355602	71.871	100	871	865	868	0.0	1321	type I DNA topoisomerase [Rodentibacter pneumotropicus]
WP_062564522	72.248	100	872	865	886	0.0	1321	MULTISPECIES: type I DNA topoisomerase [Pseudoalteromonas]
WP_295512167	72.362	100	872	865	888	0.0	1321	type I DNA topoisomerase [uncultured Pseudoalteromonas sp.]
WP_055020836	72.248	100	872	865	886	0.0	1321	MULTISPECIES: type I DNA topoisomerase [Pseudoalteromonas]
WP_021019037	72.005	99	868	865	876	0.0	1320	type I DNA topoisomerase [Vibrio gazogenes]
WP_434118934	71.871	100	871	865	868	0.0	1320	type I DNA topoisomerase [Haemophilus influenzae]
WP_075985279	71.871	100	871	865	868	0.0	1320	type I DNA topoisomerase [Haemophilus influenzae]
WP_116956588	71.871	100	871	865	868	0.0	1320	type I DNA topoisomerase [Haemophilus influenzae]
WP_075766567	72.434	99	867	865	881	0.0	1320	type I DNA topoisomerase [Photobacterium proteolyticum]
WP_152468460	71.940	99	866	865	876	0.0	1320	MULTISPECIES: type I DNA topoisomerase [Vibrio]
WP_294086956	72.248	100	872	865	885	0.0	1320	type I DNA topoisomerase [Pseudoalteromonas sp.]
WP_350358658	71.940	99	866	865	875	0.0	1320	type I DNA topoisomerase [Vibrio neptunius]
WP_253038383	72.248	100	872	865	888	0.0	1320	type I DNA topoisomerase [Pseudoalteromonas sp. Ps84H-4]
WP_004406549	71.742	99	867	865	876	0.0	1320	type I DNA topoisomerase [Vibrio nigripulchritudo]
WP_013527698	71.871	100	871	865	868	0.0	1320	type I DNA topoisomerase [Haemophilus influenzae]
WP_105882069	71.757	100	871	865	868	0.0	1320	type I DNA topoisomerase [Haemophilus influenzae]
WP_111738708	71.871	100	871	865	868	0.0	1320	type I DNA topoisomerase [Haemophilus influenzae]
WP_077540554	71.871	100	871	865	868	0.0	1320	type I DNA topoisomerase [Rodentibacter genomosp. 1]
WP_011962037	71.871	100	871	865	868	0.0	1320	type I DNA topoisomerase [Haemophilus influenzae]
WP_118795706	71.757	100	871	865	868	0.0	1320	type I DNA topoisomerase [Haemophilus haemolyticus]
WP_341501333	72.286	100	866	865	852	0.0	1320	type I DNA topoisomerase [Aegicerorhabdus qinzhovensis]
WP_140527907	71.871	100	871	865	868	0.0	1320	type I DNA topoisomerase [Haemophilus haemolyticus]
WP_167421134	71.824	99	866	865	876	0.0	1320	type I DNA topoisomerase [Vibrio hepatarius]
WP_160648150	72.434	99	867	865	881	0.0	1320	type I DNA topoisomerase [Photobacterium alginatilyticum]
WP_194812176	71.642	100	871	865	868	0.0	1320	type I DNA topoisomerase [Rodentibacter haemolyticus]
WP_446575717	71.940	99	866	865	876	0.0	1320	type I DNA topoisomerase [Vibrio fortis]
WP_070963671	71.940	99	866	865	876	0.0	1320	type I DNA topoisomerase [Vibrio sonorensis]
WP_287797338	72.748	99	866	865	871	0.0	1320	type I DNA topoisomerase, partial [Idiomarina sp.]
WP_124210517	71.592	100	873	865	869	0.0	1320	type I DNA topoisomerase [Vespertiliibacter pulmonis]
WP_024870611	73.557	99	866	865	869	0.0	1320	type I DNA topoisomerase [Tolumonas lignilytica]
WP_085164036	71.692	100	869	865	869	0.0	1320	type I DNA topoisomerase [Gilliamella bombi]
WP_065626735	71.692	100	869	865	869	0.0	1320	type I DNA topoisomerase [Gilliamella sp. Bif1-4]
WP_065607233	71.577	100	869	865	869	0.0	1320	type I DNA topoisomerase [Gilliamella sp. Occ3-1]
WP_136429232	71.757	100	871	865	868	0.0	1320	type I DNA topoisomerase [Haemophilus influenzae]
WP_483558357	71.922	100	869	865	869	0.0	1320	N/A
WP_022595650	71.742	99	867	865	876	0.0	1320	type I DNA topoisomerase [Vibrio nigripulchritudo]
WP_048941009	71.871	100	871	865	868	0.0	1320	type I DNA topoisomerase [Haemophilus influenzae]
WP_121463374	72.203	100	867	865	866	0.0	1320	type I DNA topoisomerase [Arsenophonus endosymbiont of Aleurodicus dispersus]
WP_129496177	72.203	100	867	865	871	0.0	1320	type I DNA topoisomerase [Idiomarina sp. 29L]
WP_119911404	72.842	100	869	865	884	0.0	1320	type I DNA topoisomerase [Motilimonas pumila]
WP_269980294	71.709	99	866	865	875	0.0	1320	type I DNA topoisomerase [Vibrio sp. T11.5]
WP_454901847	72.477	100	872	865	868	0.0	1320	type I DNA topoisomerase [Aggregatibacter sp.]
WP_174798295	71.346	100	869	865	869	0.0	1320	type I DNA topoisomerase [Gilliamella sp. ESL0232]
WP_088768552	72.203	100	867	865	871	0.0	1320	type I DNA topoisomerase [Idiomarina piscisalsi]
WP_025673753	72.517	99	866	865	876	0.0	1320	type I DNA topoisomerase [Salinivibrio socompensis]
WP_464379083	71.757	100	871	865	868	0.0	1320	N/A
WP_250659364	72.133	100	872	865	886	0.0	1320	type I DNA topoisomerase [Pseudoalteromonas sp. SCSIO 43088]
WP_140524508	71.757	100	871	865	868	0.0	1320	type I DNA topoisomerase [Haemophilus haemolyticus]
WP_454462524	71.739	100	874	865	870	0.0	1320	type I DNA topoisomerase [Ursidibacter arcticus]
WP_411591906	71.807	100	869	865	869	0.0	1320	type I DNA topoisomerase [Gilliamella sp. BG2]
WP_100753180	71.824	99	866	865	875	0.0	1320	type I DNA topoisomerase [Vibrio salilacus]
WP_390218173	71.824	99	866	865	877	0.0	1320	type I DNA topoisomerase [Vibrio sinaloensis]
WP_115659628	71.478	99	866	865	873	0.0	1319	type I DNA topoisomerase [Grimontia hollisae]
WP_022592886	71.742	99	867	865	876	0.0	1319	type I DNA topoisomerase [Vibrio nigripulchritudo]
WP_086358006	71.626	100	867	865	866	0.0	1319	MULTISPECIES: type I DNA topoisomerase [unclassified Gilliamella]
WP_126752783	72.434	100	867	865	871	0.0	1319	type I DNA topoisomerase [Idiomarina piscisalsi]
WP_342119958	71.871	100	871	865	868	0.0	1319	type I DNA topoisomerase [Haemophilus influenzae]
WP_054561657	72.133	100	872	865	886	0.0	1319	type I DNA topoisomerase [Pseudoalteromonas sp. UCD-33C]
WP_050838247	71.757	100	871	865	868	0.0	1319	type I DNA topoisomerase [Haemophilus influenzae]
WP_058585180	72.248	100	872	865	886	0.0	1319	type I DNA topoisomerase [Pseudoalteromonas sp. XI10]
WP_005611954	71.478	100	873	865	869	0.0	1319	type I DNA topoisomerase [Actinobacillus pleuropneumoniae]
WP_275874183	71.478	99	866	865	873	0.0	1319	type I DNA topoisomerase [Grimontia hollisae]
WP_040033789	71.986	100	871	865	868	0.0	1319	type I DNA topoisomerase [Haemophilus influenzae]
WP_118799784	71.757	100	871	865	868	0.0	1319	type I DNA topoisomerase [Haemophilus influenzae]
WP_075508531	71.692	100	869	865	869	0.0	1319	type I DNA topoisomerase [Gilliamella sp. App2-1]
WP_014292698	71.510	100	874	865	875	0.0	1319	type I DNA topoisomerase [Oceanimonas sp. GK1]
WP_287224867	71.709	99	866	865	875	0.0	1319	MULTISPECIES: type I DNA topoisomerase [Vibrio]
WP_027253391	72.811	100	868	865	878	0.0	1319	type I DNA topoisomerase [Photobacterium halotolerans]
WP_105899620	71.757	100	871	865	868	0.0	1319	type I DNA topoisomerase [Haemophilus influenzae]
WP_138558714	72.248	100	872	865	888	0.0	1319	MULTISPECIES: type I DNA topoisomerase [Pseudoalteromonas]
WP_065575537	71.461	100	869	865	869	0.0	1319	MULTISPECIES: type I DNA topoisomerase [unclassified Gilliamella]
WP_408688391	71.940	99	866	865	878	0.0	1319	type I DNA topoisomerase [Vibrio sp. TBV020]
WP_193304623	71.857	99	867	865	876	0.0	1319	N/A
WP_077496884	71.986	100	871	865	868	0.0	1319	type I DNA topoisomerase [Rodentibacter ratti]
WP_138615908	72.133	100	872	865	886	0.0	1319	MULTISPECIES: type I DNA topoisomerase [Pseudoalteromonas]
WP_136437709	71.871	100	871	865	868	0.0	1319	type I DNA topoisomerase [Haemophilus influenzae]
WP_257083533	72.055	99	866	865	876	0.0	1319	type I DNA topoisomerase [Vibrio japonicus]
WP_118809998	71.757	100	871	865	868	0.0	1319	type I DNA topoisomerase [Haemophilus influenzae]
WP_009500471	71.642	100	871	865	868	0.0	1319	type I DNA topoisomerase [Haemophilus sp. oral taxon 851]
WP_065609511	71.692	100	869	865	869	0.0	1319	MULTISPECIES: type I DNA topoisomerase [unclassified Gilliamella]
WP_094199599	71.854	100	874	865	875	0.0	1319	MULTISPECIES: type I DNA topoisomerase [Oceanimonas]
WP_252022813	71.363	99	866	865	879	0.0	1319	type I DNA topoisomerase [Vibrio sp. SCSIO 43136]
WP_025796144	71.857	99	867	865	876	0.0	1319	type I DNA topoisomerase [Vibrio parahaemolyticus]
WP_204794859	71.314	100	875	865	882	0.0	1319	type I DNA topoisomerase [Oceanisphaera litoralis]
WP_197541680	71.871	100	871	865	868	0.0	1319	type I DNA topoisomerase [Haemophilus influenzae]
WP_048955149	71.871	100	871	865	868	0.0	1319	type I DNA topoisomerase [Haemophilus influenzae]
WP_446519420	72.318	99	867	865	881	0.0	1319	type I DNA topoisomerase [Photobacterium alginatilyticum]
WP_265689406	71.709	99	866	865	877	0.0	1319	type I DNA topoisomerase [Vibrio paucivorans]
WP_483564129	71.807	100	869	865	869	0.0	1319	N/A
WP_191686194	71.972	99	867	865	876	0.0	1319	type I DNA topoisomerase [Vibrio parahaemolyticus]
WP_008080426	71.824	99	866	865	877	0.0	1319	type I DNA topoisomerase [Vibrio sinaloensis]
WP_298721918	71.543	100	875	865	876	0.0	1319	type I DNA topoisomerase [uncultured Oceanisphaera sp.]
WP_367988642	71.709	99	866	865	875	0.0	1319	type I DNA topoisomerase [Vibrio sp. NTOU-M3]
WP_194441556	72.133	100	872	865	886	0.0	1319	type I DNA topoisomerase [Pseudoalteromonas simplex]
WP_112119589	71.642	100	871	865	868	0.0	1319	type I DNA topoisomerase [Haemophilus influenzae]
WP_376922761	71.986	100	871	865	868	0.0	1319	type I DNA topoisomerase [Aggregatibacter sp.]
WP_485861982	71.871	100	871	865	868	0.0	1319	N/A
WP_044330152	71.642	100	871	865	868	0.0	1319	type I DNA topoisomerase [Haemophilus influenzae]
WP_005641907	71.986	100	871	865	868	0.0	1319	MULTISPECIES: type I DNA topoisomerase [Haemophilus]
WP_038186134	71.511	99	867	865	876	0.0	1318	type I DNA topoisomerase [Vibrio rhizosphaerae]
WP_331440419	71.824	99	866	865	876	0.0	1318	type I DNA topoisomerase [Vibrio fortis]
WP_454452330	71.968	100	874	865	870	0.0	1318	type I DNA topoisomerase [Ursidibacter sp. B-7004-1]
WP_065590973	71.692	100	869	865	869	0.0	1318	MULTISPECIES: type I DNA topoisomerase [unclassified Gilliamella]
WP_140360036	71.857	99	867	865	876	0.0	1318	type I DNA topoisomerase [Vibrio parahaemolyticus]
WP_105880552	71.757	100	871	865	868	0.0	1318	type I DNA topoisomerase [Haemophilus influenzae]
WP_140332641	71.857	99	867	865	876	0.0	1318	type I DNA topoisomerase [Vibrio parahaemolyticus]
WP_198106702	71.068	100	871	865	874	0.0	1318	type I DNA topoisomerase [Vibrio navarrensis]
WP_267342732	71.626	100	867	865	866	0.0	1318	MULTISPECIES: type I DNA topoisomerase [unclassified Gilliamella]
WP_021616225	72.362	100	872	865	868	0.0	1318	type I DNA topoisomerase [Aggregatibacter sp. oral taxon 458]
WP_065653254	71.807	100	869	865	869	0.0	1318	type I DNA topoisomerase [Gilliamella sp. Nev6-6]
WP_267331995	71.511	100	867	865	866	0.0	1318	MULTISPECIES: type I DNA topoisomerase [unclassified Gilliamella]
WP_045976753	71.709	99	866	865	875	0.0	1318	type I DNA topoisomerase [Vibrio neptunius]
WP_237459187	71.857	99	867	865	876	0.0	1318	type I DNA topoisomerase [Vibrio parahaemolyticus]
WP_267377018	71.511	100	867	865	866	0.0	1318	type I DNA topoisomerase [Gilliamella sp. B2911]
WP_428452223	72.318	99	867	865	881	0.0	1318	type I DNA topoisomerase [Photobacterium kasasachensis]
WP_267336884	71.511	100	867	865	866	0.0	1318	MULTISPECIES: type I DNA topoisomerase [unclassified Gilliamella]
WP_150895166	71.824	99	866	865	876	0.0	1318	type I DNA topoisomerase [Vibrio fortis]
WP_069544359	71.857	99	867	865	876	0.0	1318	type I DNA topoisomerase [Vibrio parahaemolyticus]
WP_022610573	71.742	99	867	865	876	0.0	1318	type I DNA topoisomerase [Vibrio nigripulchritudo]
WP_454453780	71.968	100	874	865	870	0.0	1318	type I DNA topoisomerase [Ursidibacter sp. B-7004-1]
WP_118867218	71.642	100	871	865	868	0.0	1318	type I DNA topoisomerase [Haemophilus haemolyticus]
WP_311017219	71.742	99	867	865	876	0.0	1318	type I DNA topoisomerase [Vibrio parahaemolyticus]
WP_094946859	71.972	100	867	865	865	0.0	1318	type I DNA topoisomerase [Actinobacillus seminis]
WP_105894408	71.757	100	871	865	868	0.0	1318	type I DNA topoisomerase [Haemophilus influenzae]
WP_306763220	71.625	100	874	865	875	0.0	1318	type I DNA topoisomerase [Oceanimonas pelagia]
WP_140283688	71.857	99	867	865	876	0.0	1318	type I DNA topoisomerase [Vibrio parahaemolyticus]
WP_102986055	71.577	99	869	865	876	0.0	1318	type I DNA topoisomerase [Vibrio diazotrophicus]
WP_192015300	72.926	100	868	865	878	0.0	1318	MULTISPECIES: type I DNA topoisomerase [Photobacterium]
WP_118879824	71.757	100	871	865	868	0.0	1318	MULTISPECIES: type I DNA topoisomerase [Haemophilus]
WP_109432334	71.871	100	871	865	868	0.0	1318	type I DNA topoisomerase [Aggregatibacter segnis]
WP_065582581	71.692	100	869	865	869	0.0	1318	type I DNA topoisomerase [Gilliamella sp. Nev3-1]
WP_025573646	71.857	99	867	865	876	0.0	1318	type I DNA topoisomerase [Vibrio parahaemolyticus]
WP_258500126	71.857	99	867	865	876	0.0	1318	type I DNA topoisomerase [Vibrio parahaemolyticus]
WP_039478450	71.940	99	866	865	877	0.0	1318	type I DNA topoisomerase [Vibrio sinaloensis]
WP_005600888	71.363	100	873	865	869	0.0	1318	type I DNA topoisomerase [Actinobacillus pleuropneumoniae]
WP_140156839	71.857	99	867	865	876	0.0	1318	type I DNA topoisomerase [Vibrio parahaemolyticus]
WP_237611203	71.363	100	873	865	869	0.0	1318	type I DNA topoisomerase [Actinobacillus pleuropneumoniae]
WP_264400460	71.742	99	867	865	876	0.0	1318	type I DNA topoisomerase [Vibrio parahaemolyticus]
WP_267330302	71.511	100	867	865	866	0.0	1318	MULTISPECIES: type I DNA topoisomerase [unclassified Gilliamella]
WP_334472900	71.940	99	866	865	877	0.0	1318	type I DNA topoisomerase [Vibrio sp. 16]
WP_022551015	71.742	99	867	865	876	0.0	1318	type I DNA topoisomerase [Vibrio nigripulchritudo]
WP_105892067	71.642	100	871	865	868	0.0	1318	type I DNA topoisomerase [Haemophilus influenzae]
WP_296300635	71.577	100	869	865	869	0.0	1318	MULTISPECIES: type I DNA topoisomerase [unclassified Gilliamella]
WP_021704046	71.313	99	868	865	875	0.0	1318	type I DNA topoisomerase [Vibrio proteolyticus]
WP_065734879	71.626	100	867	865	866	0.0	1318	type I DNA topoisomerase [Gilliamella sp. wkB72]
WP_270018991	71.478	99	866	865	877	0.0	1318	type I DNA topoisomerase [Vibrio sp. LaRot3]
WP_138171980	71.757	100	871	865	868	0.0	1318	type I DNA topoisomerase [Haemophilus influenzae]
WP_411588747	71.461	100	869	865	869	0.0	1318	MULTISPECIES: type I DNA topoisomerase [unclassified Gilliamella]
WP_039709081	71.363	100	873	865	869	0.0	1318	type I DNA topoisomerase [Actinobacillus pleuropneumoniae]
WP_059120971	71.511	99	867	865	876	0.0	1318	type I DNA topoisomerase [Vibrio sp. MEBiC08052]
WP_036798385	71.857	99	867	865	881	0.0	1318	type I DNA topoisomerase [Photobacterium marinum]
WP_199529716	72.018	100	872	865	886	0.0	1318	type I DNA topoisomerase [Pseudoalteromonas sp. bablab_jr010]
WP_218755969	71.857	99	867	865	876	0.0	1318	type I DNA topoisomerase [Vibrio parahaemolyticus]
WP_237291802	71.577	99	869	865	876	0.0	1318	type I DNA topoisomerase [Vibrio sp. A1-b2]
WP_161647936	92.094	79	683	865	683	0.0	1318	type I DNA topoisomerase, partial [Klebsiella pneumoniae]
WP_098416010	71.972	99	867	865	876	0.0	1318	type I DNA topoisomerase [Vibrio sp. ES.051]
WP_118870968	71.642	100	871	865	868	0.0	1318	type I DNA topoisomerase [Haemophilus influenzae]
WP_109375150	72.382	100	869	865	882	0.0	1318	type I DNA topoisomerase [Photobacterium damselae]
WP_140278475	71.742	99	867	865	876	0.0	1318	type I DNA topoisomerase [Vibrio parahaemolyticus]
WP_039444195	71.068	100	871	865	874	0.0	1318	type I DNA topoisomerase [Vibrio navarrensis]
WP_140184644	71.742	99	867	865	876	0.0	1318	type I DNA topoisomerase [Vibrio parahaemolyticus]
WP_427838780	71.363	100	873	865	869	0.0	1318	type I DNA topoisomerase [Actinobacillus pleuropneumoniae]
WP_038439864	71.757	100	871	865	868	0.0	1318	type I DNA topoisomerase [Haemophilus influenzae]
WP_042481986	71.577	99	869	865	876	0.0	1318	type I DNA topoisomerase [Vibrio diazotrophicus]
WP_188232958	71.461	99	869	865	876	0.0	1318	type I DNA topoisomerase [Vibrio sp. Y2-5]
WP_123782457	71.594	99	866	865	873	0.0	1318	type I DNA topoisomerase [Vibrio ponticus]
WP_261903876	71.824	99	866	865	876	0.0	1318	type I DNA topoisomerase [Vibrio fortis]
WP_479744408	72.362	100	872	865	868	0.0	1318	N/A
WP_454463085	71.854	100	874	865	870	0.0	1318	type I DNA topoisomerase [Ursidibacter sp. B-7004-1]
WP_392559991	71.183	100	871	865	871	0.0	1318	type I DNA topoisomerase [Orbus mooreae]
WP_274026197	71.857	99	867	865	876	0.0	1318	type I DNA topoisomerase [Vibrio parahaemolyticus]
WP_161456876	72.696	100	868	865	878	0.0	1318	type I DNA topoisomerase [Photobacterium halotolerans]
WP_112088643	71.757	100	871	865	868	0.0	1318	type I DNA topoisomerase [Haemophilus influenzae]
WP_112072586	71.642	100	871	865	868	0.0	1318	MULTISPECIES: type I DNA topoisomerase [Haemophilus]
WP_239964613	72.133	100	872	865	870	0.0	1318	type I DNA topoisomerase, partial [Pseudoalteromonas shioyasakiensis]
WP_344963239	71.543	100	875	865	876	0.0	1318	type I DNA topoisomerase [Oceanisphaera sediminis]
WP_014991454	71.363	100	873	865	869	0.0	1318	type I DNA topoisomerase [Actinobacillus suis]
WP_077421076	72.216	100	871	865	868	0.0	1318	type I DNA topoisomerase [Rodentibacter trehalosifermentans]
WP_353975499	71.068	100	871	865	874	0.0	1318	type I DNA topoisomerase [Vibrio navarrensis]
WP_077435573	71.986	100	871	865	868	0.0	1318	type I DNA topoisomerase [Rodentibacter ratti]
WP_065250745	71.757	100	871	865	868	0.0	1318	type I DNA topoisomerase [Haemophilus aegyptius]
WP_102963514	71.577	99	869	865	876	0.0	1317	MULTISPECIES: type I DNA topoisomerase [Vibrio]
WP_342393305	72.811	100	868	865	878	0.0	1317	type I DNA topoisomerase [Photobacterium sp. SP02]
WP_407529633	71.857	99	867	865	876	0.0	1317	type I DNA topoisomerase [Vibrio parahaemolyticus]
WP_118807623	71.642	100	871	865	868	0.0	1317	type I DNA topoisomerase [Haemophilus influenzae]
WP_274023137	71.742	99	867	865	876	0.0	1317	type I DNA topoisomerase [Vibrio parahaemolyticus]
WP_132688876	71.313	100	868	865	868	0.0	1317	type I DNA topoisomerase [Volucribacter psittacicida]
WP_020840336	71.857	99	867	865	876	0.0	1317	type I DNA topoisomerase [Vibrio parahaemolyticus]
WP_250683973	72.382	100	869	865	879	0.0	1317	type I DNA topoisomerase [Photobacterium galatheae]
WP_118861110	71.642	100	871	865	868	0.0	1317	type I DNA topoisomerase [Haemophilus haemolyticus]
WP_407505554	71.857	99	867	865	876	0.0	1317	type I DNA topoisomerase [Vibrio parahaemolyticus]
WP_223094253	71.626	99	867	865	876	0.0	1317	type I DNA topoisomerase [Vibrio sp. SCSIO 43132]
WP_102952987	71.461	99	869	865	876	0.0	1317	type I DNA topoisomerase [Vibrio diazotrophicus]
WP_078236847	71.478	100	873	865	869	0.0	1317	type I DNA topoisomerase [Haemophilus paracuniculus]
WP_296317823	71.461	100	869	865	869	0.0	1317	type I DNA topoisomerase [Gilliamella sp.]
WP_136429895	71.757	100	871	865	868	0.0	1317	type I DNA topoisomerase [Haemophilus influenzae]
WP_135093278	71.642	100	871	865	868	0.0	1317	MULTISPECIES: type I DNA topoisomerase [unclassified Pasteurella]
WP_065563478	71.511	100	867	865	866	0.0	1317	MULTISPECIES: type I DNA topoisomerase [unclassified Gilliamella]
WP_434104366	71.642	100	871	865	868	0.0	1317	type I DNA topoisomerase [Haemophilus influenzae]
WP_270944100	71.857	99	867	865	876	0.0	1317	type I DNA topoisomerase [Vibrio parahaemolyticus]
WP_272166769	71.986	100	871	865	868	0.0	1317	type I DNA topoisomerase [Rodentibacter pneumotropicus]
WP_140120522	71.857	99	867	865	876	0.0	1317	type I DNA topoisomerase [Vibrio parahaemolyticus]
WP_408694198	71.709	99	866	865	876	0.0	1317	type I DNA topoisomerase [Vibrio fortis]
WP_105197845	71.527	100	871	865	868	0.0	1317	type I DNA topoisomerase [Haemophilus influenzae]
WP_039464588	70.953	100	871	865	874	0.0	1317	type I DNA topoisomerase [Vibrio navarrensis]
WP_303453732	72.926	100	868	865	878	0.0	1317	type I DNA topoisomerase [Photobacterium sp. 2_MG-2023]
WP_218383080	72.926	100	868	865	878	0.0	1317	type I DNA topoisomerase [Photobacterium sp. WH24]
WP_105881420	71.757	100	871	865	868	0.0	1317	type I DNA topoisomerase [Haemophilus influenzae]
WP_114934439	71.757	100	871	865	868	0.0	1317	type I DNA topoisomerase [Haemophilus influenzae]
WP_239840593	71.824	99	866	865	876	0.0	1317	MULTISPECIES: type I DNA topoisomerase [Vibrio]
WP_105887340	71.642	100	871	865	874	0.0	1317	type I DNA topoisomerase [Haemophilus influenzae]
WP_114934873	71.757	100	871	865	868	0.0	1317	type I DNA topoisomerase [Haemophilus influenzae]
WP_296207439	71.346	100	869	865	869	0.0	1317	type I DNA topoisomerase [Gilliamella sp.]
WP_455648075	71.757	100	871	865	868	0.0	1317	type I DNA topoisomerase [Lonepinella koalarum]
WP_077478828	72.216	100	871	865	868	0.0	1317	type I DNA topoisomerase [Rodentibacter trehalosifermentans]
WP_222303261	71.824	99	866	865	875	0.0	1317	type I DNA topoisomerase [Vibrio hangzhouensis]
WP_025794756	71.857	99	867	865	876	0.0	1317	type I DNA topoisomerase [Vibrio parahaemolyticus]
WP_200767026	71.626	99	867	865	876	0.0	1317	type I DNA topoisomerase [Vibrio nigripulchritudo]
WP_064602781	71.857	99	867	865	881	0.0	1317	type I DNA topoisomerase [Photobacterium sp. J15]
WP_062851300	71.742	99	867	865	876	0.0	1317	type I DNA topoisomerase [Vibrio parahaemolyticus]
WP_279472110	71.363	100	873	865	869	0.0	1317	type I DNA topoisomerase [Actinobacillus equuli]
WP_005631659	71.642	100	871	865	868	0.0	1317	type I DNA topoisomerase [Haemophilus haemolyticus]
WP_005666969	71.642	100	871	865	868	0.0	1317	type I DNA topoisomerase [Haemophilus influenzae]
WP_039626232	71.940	99	866	865	877	0.0	1317	type I DNA topoisomerase [Vibrio sinaloensis]
WP_025499340	71.742	99	867	865	876	0.0	1317	type I DNA topoisomerase [Vibrio parahaemolyticus]
WP_077583333	71.871	100	871	865	868	0.0	1317	type I DNA topoisomerase [Rodentibacter pneumotropicus]
WP_279622691	71.363	100	873	865	869	0.0	1317	type I DNA topoisomerase [Actinobacillus equuli]
WP_373767453	71.771	100	875	865	870	0.0	1317	type I DNA topoisomerase [Glaesserella sp.]
WP_029838722	71.857	99	867	865	876	0.0	1317	type I DNA topoisomerase [Vibrio parahaemolyticus]
WP_102967848	71.577	99	869	865	876	0.0	1317	type I DNA topoisomerase [Vibrio diazotrophicus]
WP_065566257	71.692	100	869	865	869	0.0	1317	MULTISPECIES: type I DNA topoisomerase [unclassified Gilliamella]
WP_065580806	71.692	100	869	865	869	0.0	1317	type I DNA topoisomerase [Gilliamella sp. Fer1-1]
WP_464903692	72.088	99	867	865	876	0.0	1317	N/A
WP_190336001	72.088	99	867	865	876	0.0	1317	type I DNA topoisomerase [Vibrio sp. S9_S30]
WP_110426198	71.642	100	871	865	868	0.0	1317	type I DNA topoisomerase [Haemophilus influenzae]
WP_435558270	72.133	100	872	865	888	0.0	1317	MULTISPECIES: type I DNA topoisomerase [unclassified Pseudoalteromonas]
WP_069494748	71.972	99	867	865	876	0.0	1317	type I DNA topoisomerase [Vibrio parahaemolyticus]
WP_069515370	71.742	99	867	865	876	0.0	1317	type I DNA topoisomerase [Vibrio parahaemolyticus]
WP_109883580	71.857	99	867	865	876	0.0	1317	type I DNA topoisomerase [Vibrio parahaemolyticus]
WP_265538200	71.742	99	867	865	876	0.0	1317	type I DNA topoisomerase [Vibrio parahaemolyticus]
WP_317543555	72.133	100	872	865	870	0.0	1317	type I DNA topoisomerase [Exercitatus varius]
WP_140311430	71.742	99	867	865	876	0.0	1317	type I DNA topoisomerase [Vibrio parahaemolyticus]
WP_126374641	71.249	100	873	865	869	0.0	1317	type I DNA topoisomerase [Actinobacillus lignieresii]
WP_075983858	71.857	99	867	865	876	0.0	1317	type I DNA topoisomerase [Vibrio parahaemolyticus]
WP_129147048	71.742	99	867	865	876	0.0	1317	type I DNA topoisomerase [Vibrio parahaemolyticus]
WP_045586691	71.857	99	867	865	876	0.0	1317	type I DNA topoisomerase [Vibrio parahaemolyticus]
WP_390189304	72.171	99	866	865	873	0.0	1317	type I DNA topoisomerase [Vibrio olivae]
WP_438457591	72.088	99	867	865	876	0.0	1317	MULTISPECIES: type I DNA topoisomerase [unclassified Vibrio]
WP_237610603	71.249	100	873	865	869	0.0	1317	type I DNA topoisomerase [Actinobacillus pleuropneumoniae]
WP_006996046	71.757	100	871	865	868	0.0	1317	MULTISPECIES: type I DNA topoisomerase [Haemophilus]
WP_038138899	71.824	99	866	865	877	0.0	1317	type I DNA topoisomerase [Vibrio caribbeanicus]
WP_290522194	71.986	100	871	865	868	0.0	1316	type I DNA topoisomerase [Aggregatibacter sp. oral taxon 458]
WP_136124984	71.757	100	871	865	868	0.0	1316	type I DNA topoisomerase [Rodentibacter pneumotropicus]
WP_080531998	71.742	99	867	865	876	0.0	1316	type I DNA topoisomerase [Vibrio parahaemolyticus]
WP_005457230	71.742	99	867	865	876	0.0	1316	MULTISPECIES: type I DNA topoisomerase [Vibrio]
WP_193243179	71.068	100	871	865	874	0.0	1316	type I DNA topoisomerase [Vibrio navarrensis]
WP_159934053	70.349	99	860	865	865	0.0	1316	type I DNA topoisomerase [Pantoea sp. Aalb]
WP_456295918	72.055	99	866	865	873	0.0	1316	type I DNA topoisomerase [Vibrio sp. AK197]
WP_017448270	71.742	99	867	865	876	0.0	1316	MULTISPECIES: type I DNA topoisomerase [Vibrio]
WP_132302426	71.642	100	871	865	868	0.0	1316	type I DNA topoisomerase [Lonepinella koalarum]
WP_273980476	71.742	99	867	865	876	0.0	1316	type I DNA topoisomerase [Vibrio parahaemolyticus]
WP_348224813	71.742	99	867	865	876	0.0	1316	type I DNA topoisomerase [Vibrio parahaemolyticus]
WP_224055368	71.857	99	867	865	876	0.0	1316	type I DNA topoisomerase [Vibrio penaeicida]
WP_463597004	71.461	99	869	865	876	0.0	1316	N/A
WP_077551599	71.757	100	871	865	868	0.0	1316	type I DNA topoisomerase [Rodentibacter genomosp. 2]
WP_025629059	71.742	99	867	865	876	0.0	1316	type I DNA topoisomerase [Vibrio parahaemolyticus]
WP_105882586	71.757	100	871	865	868	0.0	1316	type I DNA topoisomerase [Haemophilus influenzae]
WP_015702243	71.642	100	871	865	868	0.0	1316	type I DNA topoisomerase [Haemophilus influenzae]
WP_427012510	71.594	99	866	865	875	0.0	1316	type I DNA topoisomerase [Vibrio sp. TRT 17S01]
WP_032549444	71.709	99	866	865	876	0.0	1316	type I DNA topoisomerase [Vibrio fortis]
WP_118775954	71.642	100	871	865	868	0.0	1316	type I DNA topoisomerase [Haemophilus haemolyticus]
WP_135924961	72.248	100	872	865	888	0.0	1316	type I DNA topoisomerase [Pseudoalteromonas sp. MEBiC 03607]
WP_110433650	71.527	100	871	865	871	0.0	1316	type I DNA topoisomerase [Gilliamella apicola]
WP_370427274	71.249	100	873	865	869	0.0	1316	type I DNA topoisomerase [Actinobacillus pleuropneumoniae]
WP_000317025	99.841	72	627	865	627	0.0	1316	type I DNA topoisomerase, partial [Escherichia coli]
WP_140297203	71.857	99	867	865	876	0.0	1316	type I DNA topoisomerase [Vibrio parahaemolyticus]
WP_140052854	71.857	99	867	865	876	0.0	1316	type I DNA topoisomerase [Vibrio parahaemolyticus]
WP_140276153	71.742	99	867	865	876	0.0	1316	type I DNA topoisomerase [Vibrio parahaemolyticus]
WP_140079894	71.742	99	867	865	876	0.0	1316	type I DNA topoisomerase [Vibrio parahaemolyticus]
WP_075709123	71.478	99	866	865	873	0.0	1316	type I DNA topoisomerase [Vibrio panuliri]
WP_476721931	71.742	99	867	865	876	0.0	1316	N/A
WP_105903872	71.527	100	871	865	868	0.0	1316	type I DNA topoisomerase [Haemophilus influenzae]
WP_024699954	71.742	99	867	865	876	0.0	1316	type I DNA topoisomerase [Vibrio parahaemolyticus]
WP_237594223	71.249	100	873	865	869	0.0	1316	type I DNA topoisomerase [Actinobacillus pleuropneumoniae]
WP_029798096	71.742	99	867	865	876	0.0	1316	type I DNA topoisomerase [Vibrio parahaemolyticus]
WP_317504576	72.203	99	867	865	872	0.0	1316	type I DNA topoisomerase [Idiomarina sp. HP20-50]
WP_069505358	71.742	99	867	865	876	0.0	1316	MULTISPECIES: type I DNA topoisomerase [Vibrio]
WP_330959197	72.267	100	869	865	879	0.0	1316	type I DNA topoisomerase [Photobacterium sp. 53610]
WP_140100233	71.857	99	867	865	876	0.0	1316	type I DNA topoisomerase [Vibrio parahaemolyticus]
WP_279437732	71.363	100	873	865	869	0.0	1316	type I DNA topoisomerase [Actinobacillus equuli]
WP_446836400	71.461	100	876	865	874	0.0	1316	type I DNA topoisomerase [Zobellella denitrificans]
WP_005604172	71.249	100	873	865	869	0.0	1316	type I DNA topoisomerase [Actinobacillus pleuropneumoniae]
WP_140133174	71.626	99	867	865	876	0.0	1316	type I DNA topoisomerase [Vibrio parahaemolyticus]
WP_140154602	71.742	99	867	865	876	0.0	1316	type I DNA topoisomerase [Vibrio parahaemolyticus]
WP_053393786	71.824	99	866	865	877	0.0	1316	type I DNA topoisomerase [Vibrio nereis]
WP_140078196	71.742	99	867	865	876	0.0	1316	type I DNA topoisomerase [Vibrio parahaemolyticus]
WP_153985801	71.642	100	871	865	868	0.0	1316	type I DNA topoisomerase [Lonepinella koalarum]
WP_274007833	71.742	99	867	865	876	0.0	1316	type I DNA topoisomerase [Vibrio parahaemolyticus]
WP_140135398	71.742	99	867	865	876	0.0	1316	type I DNA topoisomerase [Vibrio parahaemolyticus]
WP_025503111	71.742	99	867	865	876	0.0	1316	type I DNA topoisomerase [Vibrio parahaemolyticus]
WP_232768921	71.080	100	861	865	869	0.0	1316	type I DNA topoisomerase [Vibrio salinus]
WP_077417007	71.642	100	871	865	868	0.0	1316	type I DNA topoisomerase [Rodentibacter rarus]
WP_053811682	71.742	99	867	865	876	0.0	1316	MULTISPECIES: type I DNA topoisomerase [Vibrio]
WP_274037240	71.742	99	867	865	876	0.0	1316	type I DNA topoisomerase [Vibrio parahaemolyticus]
WP_038192898	71.824	99	866	865	877	0.0	1316	type I DNA topoisomerase [Vibrio sinaloensis]
WP_069503305	71.857	99	867	865	876	0.0	1316	type I DNA topoisomerase [Vibrio parahaemolyticus]
WP_193153938	70.953	100	871	865	874	0.0	1316	type I DNA topoisomerase [Vibrio navarrensis]
WP_434106680	71.642	100	871	865	868	0.0	1316	type I DNA topoisomerase [Haemophilus influenzae]
WP_206973931	71.742	99	867	865	876	0.0	1316	type I DNA topoisomerase [Vibrio parahaemolyticus]
WP_025569872	71.626	99	867	865	876	0.0	1316	type I DNA topoisomerase [Vibrio parahaemolyticus]
WP_248140766	72.267	100	869	865	879	0.0	1316	type I DNA topoisomerase [Photobacterium sp. CCB-ST2H9]
WP_140146828	71.742	99	867	865	876	0.0	1316	type I DNA topoisomerase [Vibrio parahaemolyticus]
WP_054551459	72.018	100	872	865	886	0.0	1316	MULTISPECIES: type I DNA topoisomerase [Pseudoalteromonas]
WP_140267571	71.742	99	867	865	876	0.0	1316	type I DNA topoisomerase [Vibrio parahaemolyticus]
WP_005470465	71.824	99	866	865	877	0.0	1316	type I DNA topoisomerase [Vibrio sp. 16]
WP_075539165	71.577	100	869	865	869	0.0	1316	type I DNA topoisomerase [Gilliamella sp. Nev5-1]
WP_105174028	72.018	100	872	865	886	0.0	1316	MULTISPECIES: type I DNA topoisomerase [Pseudoalteromonas]
WP_114890384	71.757	100	871	865	868	0.0	1316	type I DNA topoisomerase [Haemophilus influenzae]
WP_140265984	71.742	99	867	865	876	0.0	1316	type I DNA topoisomerase [Vibrio parahaemolyticus]
WP_111695575	71.642	100	871	865	868	0.0	1316	type I DNA topoisomerase [Haemophilus influenzae]
WP_063705715	72.018	100	872	865	886	0.0	1316	MULTISPECIES: type I DNA topoisomerase [Pseudoalteromonas]
WP_229607920	71.626	99	867	865	876	0.0	1316	type I DNA topoisomerase [Vibrio parahaemolyticus]
WP_105877836	71.527	100	871	865	868	0.0	1316	type I DNA topoisomerase [Haemophilus influenzae]
WP_404811225	71.363	100	873	865	869	0.0	1316	type I DNA topoisomerase [Actinobacillus pleuropneumoniae]
WP_208117681	71.954	100	870	865	866	0.0	1316	type I DNA topoisomerase [Spirabiliibacterium falconis]
WP_279458223	71.249	100	873	865	869	0.0	1316	type I DNA topoisomerase [Actinobacillus genomosp. 1]
WP_118806586	71.642	100	871	865	868	0.0	1316	type I DNA topoisomerase [Haemophilus influenzae]
WP_038212929	71.824	99	866	865	877	0.0	1316	type I DNA topoisomerase [Vibrio variabilis]
WP_140285913	71.742	99	867	865	876	0.0	1316	type I DNA topoisomerase [Vibrio parahaemolyticus]
WP_011961921	71.412	100	871	865	868	0.0	1316	type I DNA topoisomerase [Haemophilus influenzae]
WP_105305969	72.540	100	874	865	872	0.0	1316	MULTISPECIES: type I DNA topoisomerase [Idiomarina]
WP_110430894	71.642	100	871	865	868	0.0	1316	type I DNA topoisomerase [Haemophilus influenzae]
WP_009874718	71.134	100	873	865	869	0.0	1316	type I DNA topoisomerase [Actinobacillus pleuropneumoniae]
WP_075648040	71.478	99	866	865	873	0.0	1316	type I DNA topoisomerase [Vibrio ponticus]
WP_101159938	71.642	100	871	865	868	0.0	1316	type I DNA topoisomerase [Haemophilus influenzae]
WP_000520437	71.019	100	873	865	876	0.0	1316	type I DNA topoisomerase [Vibrio mimicus]
WP_080211780	95.988	75	648	865	648	0.0	1316	type I DNA topoisomerase, partial [Salmonella enterica]
WP_065587285	71.577	100	869	865	869	0.0	1316	type I DNA topoisomerase [Gilliamella sp. App4-10]
WP_407018428	71.742	99	867	865	876	0.0	1316	type I DNA topoisomerase [Vibrio parahaemolyticus]
WP_005614950	71.019	100	873	865	869	0.0	1316	type I DNA topoisomerase [Actinobacillus pleuropneumoniae]
WP_434118060	71.757	100	871	865	868	0.0	1316	type I DNA topoisomerase [Haemophilus influenzae]
WP_114892021	71.871	100	871	865	868	0.0	1316	type I DNA topoisomerase [Haemophilus haemolyticus]
WP_086151967	96.341	76	656	865	656	0.0	1316	type I DNA topoisomerase, partial [Salmonella enterica]
WP_038866755	71.396	99	867	865	876	0.0	1316	MULTISPECIES: type I DNA topoisomerase [Vibrio]
WP_021453706	71.742	99	867	865	876	0.0	1316	type I DNA topoisomerase [Vibrio parahaemolyticus]
WP_086584056	71.742	99	867	865	876	0.0	1316	type I DNA topoisomerase [Vibrio parahaemolyticus]
WP_065641834	71.577	100	869	865	869	0.0	1316	type I DNA topoisomerase [Gilliamella sp. WF3-4]
WP_274003556	71.742	99	867	865	876	0.0	1316	type I DNA topoisomerase [Vibrio parahaemolyticus]
WP_029823273	71.742	99	867	865	876	0.0	1316	type I DNA topoisomerase [Vibrio parahaemolyticus]
WP_188727659	72.018	100	872	865	886	0.0	1316	type I DNA topoisomerase [Pseudoalteromonas gelatinilytica]
WP_462887999	71.742	99	867	865	876	0.0	1316	N/A
WP_031416423	71.857	99	867	865	876	0.0	1316	type I DNA topoisomerase [Vibrio parahaemolyticus]
WP_042610841	71.527	100	871	865	868	0.0	1316	type I DNA topoisomerase [Haemophilus influenzae]
WP_005687215	71.527	100	871	865	868	0.0	1316	MULTISPECIES: type I DNA topoisomerase [Haemophilus]
WP_039425451	71.068	100	871	865	874	0.0	1316	type I DNA topoisomerase [Vibrio navarrensis]
WP_172564538	70.953	100	871	865	874	0.0	1316	type I DNA topoisomerase [Vibrio navarrensis]
WP_105892145	71.642	100	871	865	868	0.0	1316	type I DNA topoisomerase [Haemophilus influenzae]
WP_457510709	71.346	99	869	865	876	0.0	1316	type I DNA topoisomerase [Vibrio sp. C8]
WP_005693995	71.642	100	871	865	868	0.0	1316	type I DNA topoisomerase [Haemophilus influenzae]
WP_069535170	71.742	99	867	865	876	0.0	1316	type I DNA topoisomerase [Vibrio parahaemolyticus]
WP_097371715	71.742	99	867	865	876	0.0	1316	type I DNA topoisomerase [Vibrio parahaemolyticus]
WP_221252901	71.642	100	871	865	868	0.0	1316	type I DNA topoisomerase [Haemophilus influenzae]
WP_428430462	72.318	99	867	865	881	0.0	1316	type I DNA topoisomerase [Photobacterium chitinilyticum]
WP_418110085	71.742	99	867	865	876	0.0	1316	type I DNA topoisomerase [Vibrio parahaemolyticus]
WP_105877093	71.527	100	871	865	868	0.0	1316	type I DNA topoisomerase [Haemophilus influenzae]
WP_274035117	71.742	99	867	865	876	0.0	1316	type I DNA topoisomerase [Vibrio parahaemolyticus]
WP_248873829	71.396	99	867	865	876	0.0	1316	type I DNA topoisomerase [Vibrio sp. ED002]
WP_062855081	71.742	99	867	865	876	0.0	1316	type I DNA topoisomerase [Vibrio parahaemolyticus]
WP_267385752	71.742	99	867	865	876	0.0	1316	type I DNA topoisomerase [Vibrio parahaemolyticus]
WP_419843923	71.249	100	873	865	869	0.0	1316	type I DNA topoisomerase [Actinobacillus pleuropneumoniae]
WP_144187966	71.527	100	871	865	871	0.0	1316	type I DNA topoisomerase [Gilliamella apicola]
WP_114765333	71.594	99	866	865	873	0.0	1316	type I DNA topoisomerase [Vibrio rhodolitus]
WP_211916301	71.511	99	867	865	876	0.0	1316	type I DNA topoisomerase [Vibrio sp. B1REV9]
WP_454448994	71.824	99	866	865	877	0.0	1316	type I DNA topoisomerase [Vibrio sp. NH-7]
WP_427010895	71.478	99	866	865	875	0.0	1316	type I DNA topoisomerase [Vibrio sp. TRT 21S02]
WP_025557280	71.742	99	867	865	876	0.0	1316	type I DNA topoisomerase [Vibrio parahaemolyticus]
WP_128784147	72.318	99	867	865	881	0.0	1316	type I DNA topoisomerase [Photobacterium chitinilyticum]
WP_345488804	71.068	100	871	865	871	0.0	1315	type I DNA topoisomerase [Orbus sasakiae]
WP_140375468	71.742	99	867	865	876	0.0	1315	type I DNA topoisomerase [Vibrio parahaemolyticus]
WP_025818118	71.742	99	867	865	876	0.0	1315	type I DNA topoisomerase [Vibrio parahaemolyticus]
WP_031571001	72.633	100	866	865	864	0.0	1315	type I DNA topoisomerase [Rheinheimera texasensis]
WP_065589033	71.577	100	869	865	869	0.0	1315	type I DNA topoisomerase [Gilliamella sp. Fer4-1]
WP_072958592	71.626	99	867	865	876	0.0	1315	type I DNA topoisomerase [Vibrio gazogenes]
WP_069525017	71.857	99	867	865	876	0.0	1315	type I DNA topoisomerase [Vibrio parahaemolyticus]
WP_140119283	71.742	99	867	865	876	0.0	1315	type I DNA topoisomerase [Vibrio parahaemolyticus]
WP_279481641	71.249	100	873	865	869	0.0	1315	type I DNA topoisomerase [Actinobacillus equuli]
WP_038441141	71.642	100	871	865	868	0.0	1315	MULTISPECIES: type I DNA topoisomerase [Haemophilus]
WP_421967086	72.101	100	871	865	888	0.0	1315	type I DNA topoisomerase [Pseudoalteromonas sp. SSMSWG5]
WP_296301601	71.461	100	869	865	869	0.0	1315	type I DNA topoisomerase [Gilliamella sp.]
WP_459780032	72.152	100	869	865	879	0.0	1315	N/A
WP_279443584	71.363	100	873	865	869	0.0	1315	type I DNA topoisomerase [Actinobacillus equuli]
WP_129120779	71.132	99	866	865	874	0.0	1315	type I DNA topoisomerase [Veronia nyctiphanis]
WP_094038640	71.429	100	875	865	874	0.0	1315	type I DNA topoisomerase [Zobellella denitrificans]
WP_260656695	72.318	100	867	865	865	0.0	1315	type I DNA topoisomerase [Rheinheimera sp. 4Y26]
WP_215397845	73.757	100	865	865	860	0.0	1315	type I DNA topoisomerase [Rheinheimera oceanensis]
WP_115206487	71.742	99	867	865	876	0.0	1315	type I DNA topoisomerase [Vibrio parahaemolyticus]
WP_417615170	70.971	100	875	865	876	0.0	1315	type I DNA topoisomerase [Oceanisphaera sp.]
WP_348660645	71.821	100	873	865	872	0.0	1315	type I DNA topoisomerase [uncultured Idiomarina sp.]
WP_204704108	71.642	100	871	865	868	0.0	1315	type I DNA topoisomerase [Haemophilus influenzae]
WP_075913376	71.642	100	871	865	868	0.0	1315	type I DNA topoisomerase [Haemophilus influenzae]
WP_440078253	71.527	100	871	865	868	0.0	1315	type I DNA topoisomerase [Haemophilus influenzae]
WP_039483662	71.709	99	866	865	877	0.0	1315	type I DNA topoisomerase [Vibrio sinaloensis]
WP_462180174	72.018	100	872	865	952	0.0	1315	N/A
WP_110423577	71.396	100	867	865	866	0.0	1315	type I DNA topoisomerase [Gilliamella apicola]
WP_039196769	71.363	100	873	865	869	0.0	1315	type I DNA topoisomerase [Actinobacillus equuli]
WP_267982329	71.249	100	873	865	869	0.0	1315	type I DNA topoisomerase [Actinobacillus pleuropneumoniae]
WP_203528371	71.742	99	867	865	876	0.0	1315	type I DNA topoisomerase [Vibrio parahaemolyticus]
WP_348734574	72.633	100	866	865	864	0.0	1315	type I DNA topoisomerase [Rheinheimera texasensis]
WP_077477107	71.757	100	871	865	868	0.0	1315	type I DNA topoisomerase [Rodentibacter ratti]
WP_279454691	71.363	100	873	865	869	0.0	1315	type I DNA topoisomerase [Actinobacillus equuli]
WP_076573667	72.171	100	866	865	872	0.0	1315	type I DNA topoisomerase [Aeromonas sp. RU39B]
WP_427834914	71.134	100	873	865	869	0.0	1315	type I DNA topoisomerase [Actinobacillus pleuropneumoniae]
WP_464972420	71.363	99	866	865	868	0.0	1315	N/A
WP_485921817	71.871	100	871	865	868	0.0	1315	N/A
WP_193264712	70.953	100	871	865	874	0.0	1315	type I DNA topoisomerase [Vibrio navarrensis]
WP_029855921	71.742	99	867	865	876	0.0	1315	type I DNA topoisomerase [Vibrio parahaemolyticus]
WP_334551032	72.171	99	866	865	875	0.0	1315	type I DNA topoisomerase [Vibrio scophthalmi]
WP_042594644	71.642	100	871	865	868	0.0	1315	type I DNA topoisomerase [Haemophilus influenzae]
WP_391856402	71.247	99	866	865	874	0.0	1315	type I DNA topoisomerase [Vibrio cidicii]
WP_279438984	71.249	100	873	865	869	0.0	1315	type I DNA topoisomerase [Actinobacillus equuli]
WP_063517315	71.742	99	867	865	876	0.0	1315	type I DNA topoisomerase [Vibrio parahaemolyticus]
WP_140320323	71.626	99	867	865	876	0.0	1315	type I DNA topoisomerase [Vibrio parahaemolyticus]
WP_269977579	71.709	99	866	865	877	0.0	1315	type I DNA topoisomerase [Vibrio sp. MarTm2]
WP_029795501	71.742	99	867	865	876	0.0	1315	type I DNA topoisomerase [Vibrio parahaemolyticus]
WP_105895849	71.642	100	871	865	868	0.0	1315	type I DNA topoisomerase [Haemophilus influenzae]
WP_243195159	71.742	99	867	865	876	0.0	1315	type I DNA topoisomerase [Vibrio parahaemolyticus]
WP_289962803	71.742	99	867	865	876	0.0	1315	type I DNA topoisomerase [Vibrio agarivorans]
WP_258478227	71.742	99	867	865	876	0.0	1315	type I DNA topoisomerase [Vibrio parahaemolyticus]
WP_116945461	71.527	100	871	865	868	0.0	1315	type I DNA topoisomerase [Haemophilus influenzae]
WP_455292028	71.742	99	867	865	876	0.0	1315	type I DNA topoisomerase [Vibrio parahaemolyticus]
WP_112084154	71.757	100	871	865	868	0.0	1315	type I DNA topoisomerase [Haemophilus influenzae]
WP_454446524	71.854	100	874	865	870	0.0	1315	type I DNA topoisomerase [Ursidibacter sp. B-7004-1]
WP_022578139	71.231	100	869	865	876	0.0	1315	type I DNA topoisomerase [Vibrio mimicus]
WP_237462934	71.742	99	867	865	876	0.0	1315	type I DNA topoisomerase [Vibrio parahaemolyticus]
WP_025554134	71.742	99	867	865	876	0.0	1315	type I DNA topoisomerase [Vibrio parahaemolyticus]
WP_025532763	71.742	99	867	865	876	0.0	1315	type I DNA topoisomerase [Vibrio parahaemolyticus]
WP_025508709	71.742	99	867	865	876	0.0	1315	type I DNA topoisomerase [Vibrio parahaemolyticus]
WP_462056836	71.742	99	867	865	876	0.0	1315	N/A
WP_140281342	71.742	99	867	865	869	0.0	1315	type I DNA topoisomerase, partial [Vibrio parahaemolyticus]
WP_171137697	71.461	99	869	865	876	0.0	1315	type I DNA topoisomerase [Vibrio plantisponsor]
WP_000520440	71.231	100	869	865	876	0.0	1315	type I DNA topoisomerase [Vibrio mimicus]
WP_025520612	71.626	99	867	865	876	0.0	1315	type I DNA topoisomerase [Vibrio parahaemolyticus]
WP_140059661	71.742	99	867	865	868	0.0	1315	type I DNA topoisomerase, partial [Vibrio parahaemolyticus]
WP_029864275	71.742	99	867	865	872	0.0	1315	type I DNA topoisomerase, partial [Vibrio parahaemolyticus]
WP_394632156	71.396	99	867	865	876	0.0	1315	type I DNA topoisomerase [Vibrio jasicida]
WP_182021094	71.626	99	867	865	876	0.0	1315	type I DNA topoisomerase [Vibrio parahaemolyticus]
WP_193258668	71.742	99	867	865	876	0.0	1315	type I DNA topoisomerase [Vibrio parahaemolyticus]
WP_005656771	71.642	100	871	865	868	0.0	1315	type I DNA topoisomerase [Haemophilus influenzae]
WP_446639115	71.280	99	867	865	875	0.0	1315	type I DNA topoisomerase [Vibrio rotiferianus]
WP_407551675	71.626	99	867	865	876	0.0	1315	type I DNA topoisomerase [Vibrio parahaemolyticus]
WP_011272639	71.527	100	871	865	868	0.0	1315	type I DNA topoisomerase [Haemophilus influenzae]
WP_202937572	71.904	100	872	865	870	0.0	1315	type I DNA topoisomerase [Exercitatus varius]
WP_104041082	71.396	99	867	865	876	0.0	1315	type I DNA topoisomerase [Vibrio hyugaensis]
WP_279623539	71.249	100	873	865	869	0.0	1315	type I DNA topoisomerase [Actinobacillus equuli]
WP_274021807	71.742	99	867	865	876	0.0	1315	type I DNA topoisomerase [Vibrio parahaemolyticus]
WP_273980274	71.742	99	867	865	876	0.0	1315	type I DNA topoisomerase [Vibrio parahaemolyticus]
WP_218562964	71.544	99	868	865	876	0.0	1315	MULTISPECIES: type I DNA topoisomerase [Vibrio]
WP_050847131	71.527	100	871	865	874	0.0	1315	type I DNA topoisomerase [Haemophilus influenzae]
WP_068865485	71.857	99	867	865	876	0.0	1315	type I DNA topoisomerase [Vibrio parahaemolyticus]
WP_077544337	71.642	100	871	865	868	0.0	1315	type I DNA topoisomerase [Rodentibacter genomosp. 2]
WP_221071297	71.511	99	867	865	876	0.0	1315	type I DNA topoisomerase [Vibrio alfacsensis]
WP_331795696	71.116	100	869	865	876	0.0	1315	type I DNA topoisomerase [Vibrio mimicus]
WP_086484551	71.742	99	867	865	876	0.0	1315	type I DNA topoisomerase [Vibrio parahaemolyticus]
WP_212546684	71.871	100	871	865	883	0.0	1315	type I DNA topoisomerase [Pseudoalteromonas sp. BDTF-M6]
WP_218763600	71.742	99	867	865	876	0.0	1315	type I DNA topoisomerase [Vibrio parahaemolyticus]
WP_279456347	71.363	100	873	865	869	0.0	1315	type I DNA topoisomerase [Actinobacillus equuli]
WP_069534596	71.626	99	867	865	876	0.0	1315	type I DNA topoisomerase [Vibrio parahaemolyticus]
WP_015296478	71.742	99	867	865	876	0.0	1315	type I DNA topoisomerase [Vibrio parahaemolyticus]
WP_267341140	71.626	99	867	865	876	0.0	1315	type I DNA topoisomerase [Vibrio parahaemolyticus]
WP_140153723	71.742	99	867	865	876	0.0	1315	type I DNA topoisomerase [Vibrio parahaemolyticus]
WP_167412703	71.346	99	869	865	876	0.0	1315	type I DNA topoisomerase [Vibrio diazotrophicus]
WP_337115419	71.904	100	872	865	886	0.0	1315	MULTISPECIES: type I DNA topoisomerase [unclassified Pseudoalteromonas]
WP_317478205	72.018	100	872	865	870	0.0	1315	type I DNA topoisomerase [Exercitatus varius]
WP_446631150	71.280	99	867	865	875	0.0	1315	type I DNA topoisomerase [Vibrio rotiferianus]
WP_139937617	92.082	79	682	865	682	0.0	1315	type I DNA topoisomerase, partial [Klebsiella pneumoniae]
WP_258476295	71.742	99	867	865	876	0.0	1315	type I DNA topoisomerase [Vibrio parahaemolyticus]
WP_193257742	70.838	100	871	865	874	0.0	1315	type I DNA topoisomerase [Vibrio navarrensis]
WP_104034431	71.280	99	867	865	876	0.0	1315	type I DNA topoisomerase [Vibrio jasicida]
WP_275217822	71.249	100	873	865	869	0.0	1315	type I DNA topoisomerase [Actinobacillus equuli]
WP_229622844	71.626	99	867	865	876	0.0	1315	type I DNA topoisomerase [Vibrio parahaemolyticus]
WP_138955754	71.280	99	867	865	875	0.0	1315	type I DNA topoisomerase [Vibrio rotiferianus]
WP_217876547	71.904	100	872	865	886	0.0	1315	type I DNA topoisomerase [Pseudoalteromonas shioyasakiensis]
WP_111689067	71.642	100	871	865	874	0.0	1315	type I DNA topoisomerase [Haemophilus influenzae]
WP_140069983	71.742	99	867	865	876	0.0	1315	type I DNA topoisomerase [Vibrio parahaemolyticus]
WP_054486984	72.434	99	867	865	872	0.0	1315	MULTISPECIES: type I DNA topoisomerase [Idiomarina]
WP_029851655	71.742	99	867	865	876	0.0	1315	MULTISPECIES: type I DNA topoisomerase [Vibrio]
WP_148538896	71.231	100	869	865	876	0.0	1315	type I DNA topoisomerase [Vibrio mimicus]
WP_140173546	71.626	99	867	865	876	0.0	1315	type I DNA topoisomerase [Vibrio parahaemolyticus]
WP_031813486	71.626	99	867	865	876	0.0	1315	type I DNA topoisomerase [Vibrio parahaemolyticus]
WP_407525273	71.742	99	867	865	876	0.0	1315	type I DNA topoisomerase [Vibrio parahaemolyticus]
WP_112095576	71.642	100	871	865	868	0.0	1315	type I DNA topoisomerase [Haemophilus influenzae]
WP_055051171	71.346	100	869	865	876	0.0	1315	type I DNA topoisomerase [Vibrio metoecus]
WP_140259949	71.742	99	867	865	872	0.0	1315	type I DNA topoisomerase, partial [Vibrio parahaemolyticus]
WP_419852761	71.249	100	873	865	869	0.0	1315	type I DNA topoisomerase [Actinobacillus pleuropneumoniae]
WP_086458709	71.742	99	867	865	876	0.0	1315	type I DNA topoisomerase [Vibrio parahaemolyticus]
WP_140099843	71.742	99	867	865	876	0.0	1315	type I DNA topoisomerase [Vibrio parahaemolyticus]
WP_136430386	71.642	100	871	865	868	0.0	1315	type I DNA topoisomerase [Haemophilus influenzae]
WP_435328160	71.478	99	866	865	876	0.0	1315	type I DNA topoisomerase [Vibrio hannami]
WP_047875145	72.465	100	868	865	882	0.0	1315	type I DNA topoisomerase [Photobacterium aphoticum]
WP_086585636	71.626	99	867	865	876	0.0	1315	type I DNA topoisomerase [Vibrio parahaemolyticus]
WP_237301711	71.626	99	867	865	876	0.0	1315	type I DNA topoisomerase [Vibrio parahaemolyticus]
WP_140344326	71.742	99	867	865	876	0.0	1315	type I DNA topoisomerase [Vibrio parahaemolyticus]
WP_446553187	71.742	99	867	865	876	0.0	1315	type I DNA topoisomerase [Vibrio parahaemolyticus]
WP_334596724	71.116	100	869	865	876	0.0	1315	type I DNA topoisomerase [Vibrio mimicus]
WP_029837348	71.626	99	867	865	876	0.0	1315	type I DNA topoisomerase [Vibrio parahaemolyticus]
WP_462147196	71.904	100	872	865	886	0.0	1314	N/A
WP_440889245	71.280	99	867	865	875	0.0	1314	type I DNA topoisomerase [Vibrio sp. WZ-1]
WP_101112295	71.742	99	867	865	877	0.0	1314	type I DNA topoisomerase [Vibrio sp. vnigr-6D03]
WP_069537983	71.626	99	867	865	876	0.0	1314	type I DNA topoisomerase [Vibrio parahaemolyticus]
WP_446636624	71.280	99	867	865	875	0.0	1314	type I DNA topoisomerase [Vibrio rotiferianus]
WP_176296249	71.857	99	867	865	876	0.0	1314	type I DNA topoisomerase [Vibrio parahaemolyticus]
WP_140092120	71.742	99	867	865	876	0.0	1314	type I DNA topoisomerase [Vibrio parahaemolyticus]
WP_161455137	71.083	99	868	865	875	0.0	1314	MULTISPECIES: type I DNA topoisomerase [unclassified Vibrio]
WP_148554062	71.116	100	869	865	876	0.0	1314	type I DNA topoisomerase [Vibrio mimicus]
WP_229627259	71.626	99	867	865	876	0.0	1314	type I DNA topoisomerase [Vibrio parahaemolyticus]
WP_140349847	71.626	99	867	865	876	0.0	1314	type I DNA topoisomerase [Vibrio parahaemolyticus]
WP_286681698	71.821	100	873	865	872	0.0	1314	MULTISPECIES: type I DNA topoisomerase [Idiomarina]
WP_025612444	71.742	99	867	865	876	0.0	1314	type I DNA topoisomerase [Vibrio parahaemolyticus]
WP_025545701	71.626	99	867	865	876	0.0	1314	type I DNA topoisomerase [Vibrio parahaemolyticus]
WP_140356865	71.626	99	867	865	876	0.0	1314	type I DNA topoisomerase [Vibrio parahaemolyticus]
WP_140257657	71.742	99	867	865	876	0.0	1314	type I DNA topoisomerase [Vibrio parahaemolyticus]
WP_031846489	71.626	99	867	865	876	0.0	1314	type I DNA topoisomerase [Vibrio parahaemolyticus]
WP_112130939	71.642	100	871	865	868	0.0	1314	type I DNA topoisomerase [Haemophilus influenzae]
WP_317482001	71.904	100	872	865	870	0.0	1314	type I DNA topoisomerase [Exercitatus varius]
WP_140314930	71.742	99	867	865	868	0.0	1314	type I DNA topoisomerase, partial [Vibrio parahaemolyticus]
WP_031851619	71.742	99	867	865	876	0.0	1314	type I DNA topoisomerase [Vibrio parahaemolyticus]
WP_474793895	71.626	99	867	865	876	0.0	1314	N/A
WP_140352194	71.626	99	867	865	876	0.0	1314	type I DNA topoisomerase [Vibrio parahaemolyticus]
WP_053302453	71.659	100	868	865	876	0.0	1314	type I DNA topoisomerase [Vibrio parahaemolyticus]
WP_069543084	71.626	99	867	865	876	0.0	1314	type I DNA topoisomerase [Vibrio parahaemolyticus]
WP_229625349	71.742	99	867	865	876	0.0	1314	type I DNA topoisomerase [Vibrio parahaemolyticus]
WP_045492721	71.280	99	867	865	876	0.0	1314	type I DNA topoisomerase [Vibrio hyugaensis]
WP_029559254	71.742	99	867	865	876	0.0	1314	type I DNA topoisomerase [Vibrio parahaemolyticus]
WP_112404554	71.346	99	869	865	876	0.0	1314	type I DNA topoisomerase [Vibrio diazotrophicus]
WP_140280991	71.626	99	867	865	876	0.0	1314	type I DNA topoisomerase [Vibrio parahaemolyticus]
WP_025636650	71.626	99	867	865	876	0.0	1314	type I DNA topoisomerase [Vibrio parahaemolyticus]
WP_476722898	71.626	99	867	865	876	0.0	1314	N/A
WP_110437628	71.527	100	871	865	868	0.0	1314	type I DNA topoisomerase [Haemophilus influenzae]
WP_112111515	71.527	100	871	865	868	0.0	1314	type I DNA topoisomerase [Haemophilus influenzae]
WP_382368559	70.723	100	871	865	868	0.0	1314	type I DNA topoisomerase [Gallibacterium trehalosifermentans]
WP_279476412	71.134	100	873	865	869	0.0	1314	type I DNA topoisomerase [Actinobacillus genomosp. 1]
WP_074373439	71.511	99	867	865	876	0.0	1314	type I DNA topoisomerase [Vibrio spartinae]
WP_000520436	71.116	100	869	865	876	0.0	1314	type I DNA topoisomerase [Vibrio mimicus]
WP_025791947	71.626	99	867	865	876	0.0	1314	type I DNA topoisomerase [Vibrio parahaemolyticus]
WP_475321624	71.594	99	866	865	878	0.0	1314	N/A
WP_047043504	71.478	99	866	865	875	0.0	1314	type I DNA topoisomerase [Vibrio mexicanus]
WP_025534169	71.626	99	867	865	876	0.0	1314	type I DNA topoisomerase [Vibrio parahaemolyticus]
WP_317485902	71.789	100	872	865	870	0.0	1314	type I DNA topoisomerase [Exercitatus varius]
WP_000520441	71.346	100	869	865	876	0.0	1314	type I DNA topoisomerase [Vibrio sp. RC586]
WP_065299389	71.594	99	866	865	875	0.0	1314	type I DNA topoisomerase [Vibrio natriegens]
WP_043045652	71.626	99	867	865	876	0.0	1314	type I DNA topoisomerase [Vibrio parahaemolyticus]
WP_281948147	71.626	99	867	865	876	0.0	1314	type I DNA topoisomerase [Vibrio parahaemolyticus]
WP_029861698	71.742	99	867	865	876	0.0	1314	type I DNA topoisomerase [Vibrio parahaemolyticus]
WP_077493912	71.757	100	871	865	868	0.0	1314	type I DNA topoisomerase [Rodentibacter mrazii]
WP_446509709	71.972	99	867	865	881	0.0	1314	type I DNA topoisomerase [Photobacterium sp. DNB22_13_2]
WP_302340584	72.267	100	869	865	870	0.0	1314	type I DNA topoisomerase [Aeromonas simiae]
WP_150539741	71.821	100	873	865	869	0.0	1314	type I DNA topoisomerase [Actinobacillus vicugnae]
WP_273991615	71.742	99	867	865	876	0.0	1314	type I DNA topoisomerase [Vibrio parahaemolyticus]
WP_140390511	71.742	99	867	865	876	0.0	1314	type I DNA topoisomerase [Vibrio parahaemolyticus]
WP_025577951	71.742	99	867	865	876	0.0	1314	type I DNA topoisomerase [Vibrio parahaemolyticus]
WP_025587383	71.626	99	867	865	876	0.0	1314	type I DNA topoisomerase [Vibrio parahaemolyticus]
WP_193279606	71.626	99	867	865	876	0.0	1314	type I DNA topoisomerase [Vibrio parahaemolyticus]
WP_446626140	71.280	99	867	865	875	0.0	1314	type I DNA topoisomerase [Vibrio rotiferianus]
WP_105873352	71.527	100	871	865	868	0.0	1314	type I DNA topoisomerase [Haemophilus influenzae]
WP_317483765	71.789	100	872	865	870	0.0	1314	type I DNA topoisomerase [Exercitatus varius]
WP_290295825	71.742	99	867	865	876	0.0	1314	type I DNA topoisomerase [Vibrio agarivorans]
WP_140364196	71.626	99	867	865	876	0.0	1314	type I DNA topoisomerase [Vibrio parahaemolyticus]
WP_136123911	71.757	100	871	865	868	0.0	1314	type I DNA topoisomerase [Rodentibacter pneumotropicus]
WP_218750475	71.626	99	867	865	876	0.0	1314	type I DNA topoisomerase [Vibrio parahaemolyticus]
WP_446549756	71.594	99	866	865	875	0.0	1314	type I DNA topoisomerase [Vibrio mediterranei]
WP_193266545	71.626	99	867	865	876	0.0	1314	type I DNA topoisomerase [Vibrio parahaemolyticus]
WP_437261625	71.642	100	871	865	868	0.0	1314	type I DNA topoisomerase [Haemophilus influenzae]
WP_255041323	71.972	99	867	865	881	0.0	1314	MULTISPECIES: type I DNA topoisomerase [Photobacterium]
WP_025550636	71.626	99	867	865	876	0.0	1314	type I DNA topoisomerase [Vibrio parahaemolyticus]
WP_136484463	71.429	99	868	865	876	0.0	1314	type I DNA topoisomerase [Vibrio sp. H11]
WP_140377029	71.742	99	867	865	876	0.0	1313	type I DNA topoisomerase [Vibrio parahaemolyticus]
WP_372378193	71.594	99	866	865	875	0.0	1313	type I DNA topoisomerase [Vibrio natriegens]
WP_110176915	71.742	99	867	865	876	0.0	1313	type I DNA topoisomerase [Vibrio parahaemolyticus]
WP_158133307	70.838	100	871	865	874	0.0	1313	type I DNA topoisomerase [Vibrio navarrensis]
WP_069527597	71.626	99	867	865	876	0.0	1313	type I DNA topoisomerase [Vibrio parahaemolyticus]
WP_105892771	71.527	100	871	865	868	0.0	1313	type I DNA topoisomerase [Haemophilus influenzae]
WP_140203751	71.626	99	867	865	876	0.0	1313	type I DNA topoisomerase [Vibrio parahaemolyticus]
WP_218766846	71.742	99	867	865	876	0.0	1313	type I DNA topoisomerase [Vibrio parahaemolyticus]
WP_140291157	71.626	99	867	865	876	0.0	1313	type I DNA topoisomerase [Vibrio parahaemolyticus]
WP_237115150	71.904	100	872	865	888	0.0	1313	type I DNA topoisomerase [Pseudoalteromonas sp. CF6-2]
WP_129545064	71.249	100	873	865	869	0.0	1313	type I DNA topoisomerase [Actinobacillus equuli]
WP_077664254	71.527	100	871	865	868	0.0	1313	type I DNA topoisomerase [Rodentibacter pneumotropicus]
WP_126782765	72.318	99	867	865	872	0.0	1313	type I DNA topoisomerase [Idiomarina ramblicola]
WP_486368828	72.486	100	865	865	864	0.0	1313	N/A
WP_239182622	71.594	99	866	865	880	0.0	1313	type I DNA topoisomerase [Vibrio sp. Of7-15]
WP_331811579	71.116	100	869	865	876	0.0	1313	type I DNA topoisomerase [Vibrio mimicus]
WP_257793506	71.757	100	871	865	868	0.0	1313	type I DNA topoisomerase [Rodentibacter caecimuris]
WP_471632570	71.824	99	866	865	876	0.0	1313	N/A
WP_223372467	91.935	79	682	865	682	0.0	1313	type I DNA topoisomerase, partial [Klebsiella pneumoniae]
WP_255389971	72.088	99	867	865	881	0.0	1313	type I DNA topoisomerase [Photobacterium atrarenae]
WP_317480164	71.789	100	872	865	870	0.0	1313	type I DNA topoisomerase [Exercitatus varius]
WP_370259845	71.821	100	873	865	872	0.0	1313	type I DNA topoisomerase [Idiomarina sp.]
WP_419844110	71.200	100	875	865	871	0.0	1313	type I DNA topoisomerase [Actinobacillus pleuropneumoniae]
WP_395198461	71.363	99	866	865	874	0.0	1313	type I DNA topoisomerase [Vibrio cidicii]
WP_096779450	71.314	100	875	865	874	0.0	1313	type I DNA topoisomerase [Zobellella denitrificans]
WP_239592878	71.742	99	867	865	876	0.0	1313	type I DNA topoisomerase [Vibrio parahaemolyticus]
WP_005622925	71.363	100	873	865	869	0.0	1313	type I DNA topoisomerase [Actinobacillus ureae]
WP_158161526	71.478	99	866	865	873	0.0	1313	type I DNA topoisomerase [Grimontia hollisae]
WP_196252102	71.412	100	871	865	868	0.0	1313	type I DNA topoisomerase [Haemophilus influenzae]
WP_032823520	71.527	100	871	865	868	0.0	1313	type I DNA topoisomerase [Haemophilus influenzae]
WP_069523324	71.626	99	867	865	876	0.0	1313	type I DNA topoisomerase [Vibrio parahaemolyticus]
WP_010447216	71.280	99	867	865	875	0.0	1313	MULTISPECIES: type I DNA topoisomerase [Vibrio]
WP_278224792	71.249	100	873	865	869	0.0	1313	type I DNA topoisomerase [Actinobacillus equuli]
WP_282177002	71.709	99	866	865	877	0.0	1313	type I DNA topoisomerase [Vibrio nereis]
WP_436322570	71.247	99	866	865	874	0.0	1313	type I DNA topoisomerase [Vibrio cidicii]
WP_427835304	71.249	100	873	865	869	0.0	1313	type I DNA topoisomerase [Actinobacillus pleuropneumoniae]
WP_345014207	71.709	100	866	865	872	0.0	1313	type I DNA topoisomerase [Pseudaeromonas paramecii]
WP_446292614	71.363	99	866	865	874	0.0	1313	type I DNA topoisomerase [Vibrio vulnificus]
WP_267407258	71.626	99	867	865	876	0.0	1313	type I DNA topoisomerase [Vibrio parahaemolyticus]
WP_473790232	72.318	99	867	865	872	0.0	1313	N/A
WP_193244848	70.953	100	871	865	874	0.0	1313	type I DNA topoisomerase [Vibrio navarrensis]
WP_174786776	71.692	100	869	865	869	0.0	1313	type I DNA topoisomerase [Gilliamella sp. ESL0254]
WP_370215111	71.821	100	873	865	872	0.0	1313	type I DNA topoisomerase [Idiomarina sp.]
WP_169615901	71.626	99	867	865	876	0.0	1313	type I DNA topoisomerase [Vibrio parahaemolyticus]
WP_331800132	71.116	100	869	865	876	0.0	1313	type I DNA topoisomerase [Vibrio mimicus]
WP_069501513	71.626	99	867	865	876	0.0	1313	type I DNA topoisomerase [Vibrio parahaemolyticus]
WP_221093176	71.626	99	867	865	876	0.0	1313	type I DNA topoisomerase [Vibrio parahaemolyticus]
WP_484118656	72.509	100	873	865	872	0.0	1313	N/A
WP_279469288	71.134	100	873	865	869	0.0	1313	type I DNA topoisomerase [Actinobacillus genomosp. 1]
WP_140270371	71.626	99	867	865	876	0.0	1313	type I DNA topoisomerase [Vibrio parahaemolyticus]
WP_224057246	71.642	100	871	865	868	0.0	1313	type I DNA topoisomerase [Haemophilus influenzae]
WP_253664060	71.626	99	867	865	876	0.0	1313	type I DNA topoisomerase [Vibrio sp. Y20_XG_PY13]
WP_273023415	72.318	99	867	865	872	0.0	1313	MULTISPECIES: type I DNA topoisomerase [Idiomarina]
WP_044128842	71.626	99	867	865	876	0.0	1313	type I DNA topoisomerase [Vibrio parahaemolyticus]
WP_140382140	71.742	99	867	865	876	0.0	1313	type I DNA topoisomerase [Vibrio parahaemolyticus]
WP_348255117	71.626	99	867	865	876	0.0	1313	type I DNA topoisomerase [Vibrio parahaemolyticus]
WP_287816612	72.318	99	867	865	872	0.0	1313	type I DNA topoisomerase [Idiomarina sp.]
WP_325894087	71.132	99	866	865	873	0.0	1313	type I DNA topoisomerase [Grimontia sp. NTOU-MAR1]
WP_140217762	71.626	99	867	865	876	0.0	1313	type I DNA topoisomerase [Vibrio parahaemolyticus]
WP_230767715	71.626	99	867	865	876	0.0	1313	type I DNA topoisomerase [Vibrio parahaemolyticus]
WP_264875893	71.626	99	867	865	876	0.0	1313	type I DNA topoisomerase [Vibrio agarivorans]
WP_029805460	71.626	99	867	865	876	0.0	1313	type I DNA topoisomerase [Vibrio parahaemolyticus]
WP_304593344	71.412	100	871	865	868	0.0	1313	type I DNA topoisomerase [Haemophilus influenzae]
WP_000520439	71.116	100	869	865	876	0.0	1313	type I DNA topoisomerase [Vibrio mimicus]
WP_198089521	92.070	79	681	865	681	0.0	1313	type I DNA topoisomerase, partial [Klebsiella pneumoniae]
WP_140122287	71.626	99	867	865	876	0.0	1313	type I DNA topoisomerase [Vibrio parahaemolyticus]
WP_434312375	71.297	100	871	865	868	0.0	1313	type I DNA topoisomerase [Haemophilus influenzae]
WP_062662311	71.016	99	866	865	873	0.0	1313	MULTISPECIES: type I DNA topoisomerase [Grimontia]
WP_025613452	71.511	99	867	865	876	0.0	1313	type I DNA topoisomerase [Vibrio parahaemolyticus]
WP_342123206	71.527	100	871	865	868	0.0	1313	type I DNA topoisomerase [Haemophilus influenzae]
WP_061896562	71.247	99	866	865	874	0.0	1313	type I DNA topoisomerase [Vibrio cidicii]
WP_140089406	71.742	99	867	865	876	0.0	1313	type I DNA topoisomerase [Vibrio parahaemolyticus]
WP_078219225	71.412	100	871	865	868	0.0	1313	type I DNA topoisomerase [Canicola haemoglobinophilus]
WP_385876200	70.934	100	867	865	872	0.0	1313	type I DNA topoisomerase [Thorsellia kenyensis]
WP_416511279	72.318	99	867	865	872	0.0	1313	type I DNA topoisomerase [Idiomarina sp. HB]
WP_118873724	71.527	100	871	865	868	0.0	1313	type I DNA topoisomerase [Haemophilus influenzae]
WP_423994029	71.297	100	871	865	868	0.0	1313	type I DNA topoisomerase [Haemophilus influenzae]
WP_021116753	71.527	100	871	865	870	0.0	1313	type I DNA topoisomerase [Glaesserella parasuis]
WP_317477390	71.789	100	872	865	870	0.0	1313	type I DNA topoisomerase [Exercitatus varius]
WP_331803249	71.001	100	869	865	876	0.0	1313	type I DNA topoisomerase [Vibrio mimicus]
WP_238813508	71.478	99	866	865	874	0.0	1313	type I DNA topoisomerase [Vibrio vulnificus]
WP_448211150	71.724	100	870	865	884	0.0	1313	type I DNA topoisomerase [Colwellia sp. MEBiC06753]
WP_273988353	71.742	99	867	865	876	0.0	1313	type I DNA topoisomerase [Vibrio parahaemolyticus]
WP_278354876	72.318	99	867	865	872	0.0	1313	MULTISPECIES: type I DNA topoisomerase [Idiomarina]
WP_224657155	71.247	99	866	865	874	0.0	1313	type I DNA topoisomerase [Vibrio vulnificus]
WP_176291225	71.478	99	866	865	875	0.0	1313	type I DNA topoisomerase [Vibrio natriegens]
WP_335738431	73.086	100	862	865	861	0.0	1313	type I DNA topoisomerase [Rheinheimera metallidurans]
WP_118118074	71.478	99	866	865	875	0.0	1313	type I DNA topoisomerase [Vibrio sp. dhg]
WP_188047825	71.363	99	866	865	874	0.0	1313	type I DNA topoisomerase [Vibrio vulnificus]
WP_154113485	71.001	100	869	865	876	0.0	1313	type I DNA topoisomerase [Vibrio mimicus]
WP_014231327	71.478	99	866	865	875	0.0	1312	MULTISPECIES: type I DNA topoisomerase [Vibrio]
WP_459656153	71.280	99	867	865	875	0.0	1312	N/A
WP_248262736	72.088	99	867	865	872	0.0	1312	type I DNA topoisomerase [Idiomarina aminovorans]
WP_306101676	71.824	99	866	865	872	0.0	1312	MULTISPECIES: type I DNA topoisomerase [unclassified Vibrio]
WP_045595170	71.247	99	866	865	874	0.0	1312	type I DNA topoisomerase [Vibrio vulnificus]
WP_061052752	71.116	100	869	865	876	0.0	1312	type I DNA topoisomerase [Vibrio mimicus]
WP_279477533	71.134	100	873	865	869	0.0	1312	type I DNA topoisomerase [Actinobacillus equuli]
WP_411062673	71.280	99	867	865	875	0.0	1312	type I DNA topoisomerase [Vibrio rotiferianus]
WP_065245347	71.527	100	871	865	868	0.0	1312	type I DNA topoisomerase [Haemophilus influenzae]
WP_005691979	71.412	100	871	865	868	0.0	1312	type I DNA topoisomerase [Haemophilus influenzae]
WP_105886581	71.527	100	871	865	868	0.0	1312	type I DNA topoisomerase [Haemophilus influenzae]
WP_132582441	72.970	100	862	865	861	0.0	1312	type I DNA topoisomerase [Rheinheimera sp. D18]
WP_238818305	71.247	99	866	865	874	0.0	1312	type I DNA topoisomerase [Vibrio vulnificus]
WP_481707650	70.968	99	868	865	875	0.0	1312	N/A
WP_042601494	71.412	100	871	865	868	0.0	1312	type I DNA topoisomerase [Haemophilus influenzae]
WP_229602923	71.511	99	867	865	876	0.0	1312	type I DNA topoisomerase [Vibrio parahaemolyticus]
WP_077553391	71.757	100	871	865	868	0.0	1312	type I DNA topoisomerase [Rodentibacter ratti]
WP_005607588	70.905	100	873	865	869	0.0	1312	type I DNA topoisomerase [Actinobacillus pleuropneumoniae]
WP_148558881	71.116	100	869	865	876	0.0	1312	type I DNA topoisomerase [Vibrio mimicus]
WP_080536449	71.363	99	866	865	874	0.0	1312	type I DNA topoisomerase [Vibrio vulnificus]
WP_005523284	71.231	100	869	865	876	0.0	1312	type I DNA topoisomerase [Vibrio mimicus]
WP_206638447	71.132	99	866	865	874	0.0	1312	type I DNA topoisomerase [Vibrio vulnificus]
WP_130242427	71.363	99	866	865	874	0.0	1312	type I DNA topoisomerase [Vibrio vulnificus]
WP_017111054	71.594	99	866	865	876	0.0	1312	type I DNA topoisomerase [Vibrio tasmaniensis]
WP_112102628	71.527	100	871	865	868	0.0	1312	type I DNA topoisomerase [Haemophilus influenzae]
WP_061893847	71.247	99	866	865	874	0.0	1312	type I DNA topoisomerase [Vibrio cidicii]
WP_104398850	71.742	99	867	865	876	0.0	1312	type I DNA topoisomerase [Vibrio penaeicida]
WP_221067822	71.396	99	867	865	876	0.0	1312	type I DNA topoisomerase [Vibrio alfacsensis]
WP_050693668	72.018	100	872	865	868	0.0	1312	type I DNA topoisomerase [Aggregatibacter aphrophilus]
WP_444495709	71.478	99	866	865	877	0.0	1312	type I DNA topoisomerase [Vibrio sp. YIC-376]
WP_486131853	71.183	100	871	865	868	0.0	1312	N/A
WP_420658564	71.363	99	866	865	875	0.0	1312	type I DNA topoisomerase [Vibrio natriegens]
WP_279571928	70.853	100	868	865	868	0.0	1312	type I DNA topoisomerase [Volucribacter amazonae]
WP_176680145	71.709	99	866	865	876	0.0	1312	MULTISPECIES: type I DNA topoisomerase [unclassified Vibrio]
WP_105199214	71.527	100	871	865	883	0.0	1312	MULTISPECIES: type I DNA topoisomerase [unclassified Pseudoalteromonas]
WP_182025708	71.280	99	867	865	875	0.0	1312	type I DNA topoisomerase [Vibrio rotiferianus]
WP_140299271	71.626	99	867	865	876	0.0	1312	type I DNA topoisomerase [Vibrio parahaemolyticus]
WP_042048623	72.152	100	869	865	870	0.0	1312	type I DNA topoisomerase [Aeromonas simiae]
WP_143692279	71.280	99	867	865	875	0.0	1312	type I DNA topoisomerase [Vibrio rotiferianus]
WP_372136903	71.594	99	866	865	876	0.0	1312	type I DNA topoisomerase [Vibrio sp. 10N.286.49.E11]
WP_045568957	71.132	99	866	865	874	0.0	1312	MULTISPECIES: type I DNA topoisomerase [Vibrio]
WP_086583967	71.626	99	867	865	876	0.0	1312	type I DNA topoisomerase [Vibrio parahaemolyticus]
WP_045422306	71.280	99	867	865	876	0.0	1312	type I DNA topoisomerase [Vibrio jasicida]
WP_006955122	71.821	100	873	865	872	0.0	1312	type I DNA topoisomerase [Idiomarina baltica]
WP_278225624	71.134	100	873	865	869	0.0	1312	type I DNA topoisomerase [Actinobacillus equuli]
WP_471628644	71.626	99	867	865	876	0.0	1312	N/A
WP_103189440	71.247	99	866	865	874	0.0	1312	type I DNA topoisomerase [Vibrio vulnificus]
WP_029859090	71.626	99	867	865	876	0.0	1312	type I DNA topoisomerase [Vibrio parahaemolyticus]
WP_271695332	71.247	99	866	865	874	0.0	1312	type I DNA topoisomerase [Vibrio sp. SCSIO 43137]
WP_107349490	71.972	99	867	865	880	0.0	1312	type I DNA topoisomerase [Photobacterium lutimaris]
WP_069488907	71.511	99	867	865	876	0.0	1312	type I DNA topoisomerase [Vibrio parahaemolyticus]
WP_116938447	71.412	100	871	865	868	0.0	1312	type I DNA topoisomerase [Haemophilus influenzae]
WP_068328761	72.434	99	867	865	881	0.0	1312	type I DNA topoisomerase [Photobacterium jeanii]
WP_062568917	71.789	100	872	865	888	0.0	1312	MULTISPECIES: type I DNA topoisomerase [Pseudoalteromonas]
WP_039433148	70.838	100	871	865	874	0.0	1312	type I DNA topoisomerase [Vibrio navarrensis]
WP_045620526	71.363	99	866	865	874	0.0	1312	type I DNA topoisomerase [Vibrio vulnificus]
WP_148546308	71.116	100	869	865	876	0.0	1311	type I DNA topoisomerase [Vibrio mimicus]
WP_371899999	71.527	100	871	865	868	0.0	1311	type I DNA topoisomerase [Haemophilus influenzae]
WP_115586891	71.134	100	873	865	869	0.0	1311	type I DNA topoisomerase [Actinobacillus lignieresii]
WP_305395447	71.626	99	867	865	876	0.0	1311	type I DNA topoisomerase [Vibrio penaeicida]
WP_279987658	71.824	100	866	865	873	0.0	1311	type I DNA topoisomerase [Aeromonas caviae]
WP_038939790	71.247	99	866	865	874	0.0	1311	type I DNA topoisomerase [Vibrio vulnificus]
WP_337837286	71.247	99	866	865	874	0.0	1311	type I DNA topoisomerase [Vibrio vulnificus]
WP_105875343	71.412	100	871	865	868	0.0	1311	type I DNA topoisomerase [Haemophilus influenzae]
WP_116946011	71.297	100	871	865	868	0.0	1311	type I DNA topoisomerase [Haemophilus influenzae]
WP_105898080	71.527	100	871	865	868	0.0	1311	type I DNA topoisomerase [Haemophilus influenzae]
WP_392443244	72.101	100	871	865	873	0.0	1311	type I DNA topoisomerase [Aeromonas bivalvium]
WP_103880534	71.478	99	866	865	875	0.0	1311	type I DNA topoisomerase [Vibrio hangzhouensis]
WP_260256812	71.478	99	866	865	876	0.0	1311	type I DNA topoisomerase [Vibrio sp. NC2]
WP_140373492	71.396	99	867	865	876	0.0	1311	type I DNA topoisomerase [Vibrio parahaemolyticus]
WP_261837595	71.594	99	866	865	876	0.0	1311	type I DNA topoisomerase [Vibrio artabrorum]
WP_160432802	71.642	100	871	865	870	0.0	1311	type I DNA topoisomerase [Glaesserella parasuis]
WP_279423833	71.412	100	871	865	870	0.0	1311	type I DNA topoisomerase [Glaesserella parasuis]
WP_188011908	71.247	99	866	865	874	0.0	1311	type I DNA topoisomerase [Vibrio vulnificus]
WP_017421991	71.247	99	866	865	874	0.0	1311	type I DNA topoisomerase [Vibrio vulnificus]
WP_446321860	71.247	99	866	865	874	0.0	1311	type I DNA topoisomerase [Vibrio vulnificus]
WP_334429740	71.116	100	869	865	876	0.0	1311	type I DNA topoisomerase [Vibrio mimicus]
WP_446628509	71.280	99	867	865	875	0.0	1311	type I DNA topoisomerase [Vibrio rotiferianus]
WP_122254836	72.018	100	872	865	868	0.0	1311	type I DNA topoisomerase [Aggregatibacter aphrophilus]
WP_202085335	71.200	100	875	865	874	0.0	1311	type I DNA topoisomerase [Zobellella iuensis]
WP_427260508	72.088	100	867	865	873	0.0	1311	type I DNA topoisomerase [Aeromonas sobria]
WP_091347145	71.577	100	869	865	869	0.0	1311	type I DNA topoisomerase [Gilliamella bombicola]
WP_068234350	73.295	100	865	865	860	0.0	1311	type I DNA topoisomerase [Rheinheimera sp. EpRS3]
WP_046306525	71.016	99	866	865	873	0.0	1311	type I DNA topoisomerase [Grimontia sp. AD028]
WP_239848776	71.709	99	866	865	876	0.0	1311	MULTISPECIES: type I DNA topoisomerase [Vibrio]
WP_290613588	71.707	100	873	865	872	0.0	1311	type I DNA topoisomerase [Idiomarina sp.]
WP_101958838	71.247	99	866	865	874	0.0	1311	type I DNA topoisomerase [Vibrio vulnificus]
WP_011150808	71.247	99	866	865	874	0.0	1311	type I DNA topoisomerase [Vibrio vulnificus]
WP_338164835	71.709	99	866	865	878	0.0	1311	type I DNA topoisomerase [Vibrio sp. 10N]
WP_244358178	71.478	99	866	865	875	0.0	1311	type I DNA topoisomerase [Vibrio gelatinilyticus]
WP_259241110	73.526	100	865	865	860	0.0	1311	type I DNA topoisomerase [Rheinheimera pacifica]
WP_112477850	71.709	99	866	865	878	0.0	1311	type I DNA topoisomerase [Vibrio variabilis]
WP_279422418	71.642	100	871	865	870	0.0	1311	type I DNA topoisomerase [Glaesserella parasuis]
WP_112066967	71.412	100	871	865	868	0.0	1311	type I DNA topoisomerase [Haemophilus influenzae]
WP_334585053	71.461	100	869	865	876	0.0	1311	type I DNA topoisomerase [Vibrio cholerae]
WP_372872441	71.134	100	873	865	874	0.0	1311	type I DNA topoisomerase [Shewanella sp.]
WP_408827236	72.171	100	866	865	873	0.0	1311	type I DNA topoisomerase [Aeromonas hydrophila]
WP_293731425	70.968	100	868	865	866	0.0	1311	type I DNA topoisomerase [uncultured Actinobacillus sp.]
WP_095430189	71.247	99	866	865	874	0.0	1311	type I DNA topoisomerase [Vibrio vulnificus]
WP_335737704	72.717	100	865	865	860	0.0	1311	type I DNA topoisomerase [Rheinheimera muenzenbergensis]
WP_115590136	71.249	100	873	865	869	0.0	1311	type I DNA topoisomerase [Actinobacillus lignieresii]
WP_005700469	71.904	100	872	865	868	0.0	1311	type I DNA topoisomerase [Aggregatibacter aphrophilus]
WP_482300217	72.171	100	866	865	873	0.0	1311	N/A
WP_426875994	71.527	100	871	865	870	0.0	1311	type I DNA topoisomerase [Glaesserella parasuis]
WP_436467468	71.824	100	866	865	873	0.0	1311	type I DNA topoisomerase [Aeromonas molluscorum]
WP_196388193	71.247	99	866	865	874	0.0	1311	type I DNA topoisomerase [Vibrio cidicii]
WP_130350316	71.247	99	866	865	874	0.0	1311	type I DNA topoisomerase [Vibrio vulnificus]
WP_073603097	71.165	99	867	865	875	0.0	1311	type I DNA topoisomerase [Vibrio aerogenes]
WP_154171685	71.116	100	869	865	876	0.0	1311	type I DNA topoisomerase [Vibrio metoecus]
WP_131069717	71.363	99	866	865	874	0.0	1311	type I DNA topoisomerase [Vibrio vulnificus]
WP_118893491	71.363	99	866	865	874	0.0	1311	type I DNA topoisomerase [Vibrio vulnificus]
WP_261884633	71.594	99	866	865	876	0.0	1311	type I DNA topoisomerase [Vibrio pomeroyi]
WP_107272240	72.088	99	867	865	881	0.0	1311	type I DNA topoisomerase [Photobacterium sanctipauli]
WP_239930953	71.824	99	866	865	876	0.0	1311	type I DNA topoisomerase [Vibrio chagasii]
WP_039446508	71.247	99	866	865	874	0.0	1311	type I DNA topoisomerase [Vibrio vulnificus]
WP_047109379	71.363	99	866	865	874	0.0	1311	type I DNA topoisomerase [Vibrio vulnificus]
WP_275201470	72.171	100	866	865	873	0.0	1311	type I DNA topoisomerase [Aeromonas hydrophila]
WP_138040939	71.231	100	869	865	876	0.0	1311	type I DNA topoisomerase [Vibrio cholerae]
WP_005347733	72.055	100	866	865	873	0.0	1311	type I DNA topoisomerase [Aeromonas veronii]
WP_105879014	71.297	100	871	865	868	0.0	1311	type I DNA topoisomerase [Haemophilus influenzae]
WP_021110589	71.412	100	871	865	870	0.0	1311	type I DNA topoisomerase [Glaesserella parasuis]
WP_318041611	91.789	79	682	865	682	0.0	1311	type I DNA topoisomerase, partial [Klebsiella pneumoniae]
WP_171357755	71.165	99	867	865	875	0.0	1311	type I DNA topoisomerase [Vibrio rotiferianus]
WP_327027560	91.789	79	682	865	682	0.0	1311	type I DNA topoisomerase, partial [Klebsiella pneumoniae]
WP_154124347	71.363	99	866	865	873	0.0	1311	type I DNA topoisomerase [Grimontia hollisae]
WP_408796392	72.088	100	867	865	873	0.0	1311	type I DNA topoisomerase [Aeromonas bivalvium]
WP_411358829	72.120	99	868	865	877	0.0	1311	type I DNA topoisomerase [Pseudidiomarina salilacus]
WP_138953799	71.165	99	867	865	875	0.0	1311	type I DNA topoisomerase [Vibrio rotiferianus]
WP_013571404	71.363	99	866	865	874	0.0	1311	type I DNA topoisomerase [Vibrio vulnificus]
WP_485917317	71.676	99	865	865	862	0.0	1311	N/A
WP_331806136	70.548	100	876	865	883	0.0	1311	type I DNA topoisomerase [Vibrio mimicus]
WP_243583406	71.478	99	866	865	876	0.0	1311	type I DNA topoisomerase [Vibrio splendidus]
WP_239830212	71.594	99	866	865	876	0.0	1311	type I DNA topoisomerase [Vibrio sp. Isolate34]
WP_065295024	71.789	100	872	865	868	0.0	1311	type I DNA topoisomerase [Aggregatibacter aphrophilus]
WP_243301300	71.247	99	866	865	874	0.0	1311	type I DNA topoisomerase [Vibrio vulnificus]
WP_017790186	71.247	99	866	865	874	0.0	1311	type I DNA topoisomerase [Vibrio vulnificus]
WP_038885822	71.165	99	867	865	875	0.0	1311	type I DNA topoisomerase [Vibrio rotiferianus]
WP_425635646	71.527	100	871	865	867	0.0	1311	type I DNA topoisomerase [Haemophilus sp. HN_Hi01]
WP_411604217	71.889	99	868	865	873	0.0	1311	type I DNA topoisomerase [Aeromonas enteropelogenes]
WP_454905757	71.527	100	871	865	868	0.0	1311	type I DNA topoisomerase [Aggregatibacter sp.]
WP_086433980	71.167	100	874	865	877	0.0	1311	type I DNA topoisomerase [Pseudidiomarina planktonica]
WP_112081419	71.412	100	871	865	868	0.0	1311	type I DNA topoisomerase [Haemophilus influenzae]
WP_240206148	71.363	99	866	865	875	0.0	1311	type I DNA topoisomerase [Vibrio sp. CyArs1]
WP_324040981	71.824	100	866	865	873	0.0	1311	type I DNA topoisomerase [Aeromonas caviae]
WP_324012272	72.171	100	866	865	873	0.0	1311	type I DNA topoisomerase [Aeromonas hydrophila]
WP_116938524	71.297	100	871	865	868	0.0	1311	type I DNA topoisomerase [Haemophilus influenzae]
WP_122053527	71.594	99	866	865	876	0.0	1311	type I DNA topoisomerase [Vibrio sp. Evd11]
WP_479290721	71.709	99	866	865	878	0.0	1311	N/A
WP_124240355	71.889	99	868	865	873	0.0	1311	type I DNA topoisomerase [Aeromonas enteropelogenes]
WP_128824647	71.247	99	866	865	874	0.0	1311	type I DNA topoisomerase [Vibrio sp. 03_296]
WP_422839896	71.940	100	866	865	873	0.0	1310	type I DNA topoisomerase [Aeromonas veronii]
WP_225509012	71.363	99	866	865	874	0.0	1310	type I DNA topoisomerase [Vibrio vulnificus]
WP_171732047	71.594	99	866	865	876	0.0	1310	type I DNA topoisomerase [Vibrio sp. AIC-3]
WP_084997399	71.527	100	871	865	867	0.0	1310	type I DNA topoisomerase [Haemophilus influenzae]
WP_487013139	71.183	100	871	865	870	0.0	1310	N/A
WP_408812865	71.889	99	868	865	873	0.0	1310	type I DNA topoisomerase [Aeromonas enteropelogenes]
WP_263838351	71.363	99	866	865	875	0.0	1310	type I DNA topoisomerase [Vibrio natriegens]
WP_137001135	71.594	99	866	865	876	0.0	1310	MULTISPECIES: type I DNA topoisomerase [unclassified Vibrio]
WP_283016155	71.577	99	869	865	878	0.0	1310	type I DNA topoisomerase [Vibrio parahaemolyticus]
WP_237315722	71.132	99	866	865	875	0.0	1310	type I DNA topoisomerase [Vibrio sp. J1-1]
WP_188630696	70.857	100	875	865	876	0.0	1310	type I DNA topoisomerase [Oceanisphaera marina]
WP_077428162	71.527	100	871	865	868	0.0	1310	type I DNA topoisomerase [Rodentibacter heidelbergensis]
WP_073586620	71.396	99	867	865	875	0.0	1310	type I DNA topoisomerase [Vibrio quintilis]
WP_410455027	71.543	100	875	865	875	0.0	1310	type I DNA topoisomerase [Oceanisphaera submarina]
WP_413111386	71.972	99	867	865	882	0.0	1310	type I DNA topoisomerase [Thaumasiovibrio sp. DFM-14]
WP_025630849	71.511	99	867	865	876	0.0	1310	type I DNA topoisomerase [Vibrio parahaemolyticus]
WP_194760665	72.171	100	866	865	873	0.0	1310	type I DNA topoisomerase [Aeromonas hydrophila]
WP_130198802	71.363	99	866	865	874	0.0	1310	type I DNA topoisomerase [Vibrio vulnificus]
WP_146450026	71.594	99	866	865	876	0.0	1310	type I DNA topoisomerase [Vibrio kanaloae]
WP_019820987	71.709	99	866	865	876	0.0	1310	type I DNA topoisomerase [Vibrio splendidus]
WP_136982376	71.594	99	866	865	876	0.0	1310	MULTISPECIES: type I DNA topoisomerase [unclassified Vibrio]
WP_130200469	71.132	99	866	865	874	0.0	1310	type I DNA topoisomerase [Vibrio vulnificus]
WP_399694242	71.709	99	866	865	876	0.0	1310	type I DNA topoisomerase [Vibrio sp.]
WP_060531150	71.247	99	866	865	874	0.0	1310	type I DNA topoisomerase [Vibrio vulnificus]
WP_129493997	71.247	99	866	865	873	0.0	1310	type I DNA topoisomerase [Enterovibrio baiacu]
WP_438045709	71.247	99	866	865	874	0.0	1310	type I DNA topoisomerase [Vibrio vulnificus]
WP_368228731	71.824	100	866	865	873	0.0	1310	type I DNA topoisomerase [Aeromonas sp. R10-1]
WP_327783670	71.594	99	866	865	876	0.0	1310	type I DNA topoisomerase [Vibrio crassostreae]
WP_446320256	71.247	99	866	865	874	0.0	1310	type I DNA topoisomerase [Vibrio vulnificus]
WP_103163756	71.132	99	866	865	874	0.0	1310	type I DNA topoisomerase [Vibrio vulnificus]
WP_193000927	72.152	100	869	865	870	0.0	1310	type I DNA topoisomerase [Aeromonas simiae]
WP_158105072	71.132	99	866	865	874	0.0	1310	type I DNA topoisomerase [Vibrio vulnificus]
WP_102278146	71.594	99	866	865	876	0.0	1310	type I DNA topoisomerase [Vibrio lentus]
WP_207342861	71.297	100	871	865	870	0.0	1310	type I DNA topoisomerase [Glaesserella parasuis]
WP_046027573	71.132	99	866	865	874	0.0	1310	type I DNA topoisomerase [Vibrio vulnificus]
WP_225449657	71.247	99	866	865	874	0.0	1310	type I DNA topoisomerase [Vibrio vulnificus]
WP_148534229	71.001	100	869	865	876	0.0	1310	type I DNA topoisomerase [Vibrio mimicus]
WP_310956089	71.247	99	866	865	874	0.0	1310	type I DNA topoisomerase [Vibrio vulnificus]
WP_203326624	71.396	100	874	865	872	0.0	1310	type I DNA topoisomerase [Shewanella litorisediminis]
WP_005899117	71.709	100	866	865	873	0.0	1310	type I DNA topoisomerase [Aeromonas molluscorum]
WP_108676880	71.247	99	866	865	874	0.0	1310	type I DNA topoisomerase [Vibrio vulnificus]
WP_372170173	71.594	99	866	865	876	0.0	1310	type I DNA topoisomerase [Vibrio sp. 10N.222.54.B12]
WP_457874372	71.247	99	866	865	874	0.0	1310	type I DNA topoisomerase [Vibrio vulnificus]
WP_373604250	71.068	100	871	865	868	0.0	1310	type I DNA topoisomerase [Aggregatibacter sp. HMT-949]
WP_270033650	71.363	99	866	865	875	0.0	1310	type I DNA topoisomerase [Vibrio sp. La 4.2.2]
WP_310209723	73.295	100	865	865	860	0.0	1310	type I DNA topoisomerase [Rheinheimera pacifica]
WP_130252650	71.132	99	866	865	874	0.0	1310	type I DNA topoisomerase [Vibrio vulnificus]
WP_080538554	71.132	99	866	865	874	0.0	1310	type I DNA topoisomerase [Vibrio vulnificus]
WP_114893528	71.412	100	871	865	868	0.0	1310	type I DNA topoisomerase [Haemophilus influenzae]
WP_077464831	71.183	100	871	865	868	0.0	1310	type I DNA topoisomerase [Rodentibacter sp. Ppn85]
WP_279429842	71.297	100	871	865	870	0.0	1310	type I DNA topoisomerase [Glaesserella parasuis]
WP_118870531	71.527	100	871	865	868	0.0	1310	type I DNA topoisomerase [Haemophilus influenzae]
WP_421260613	72.055	100	866	865	873	0.0	1310	MULTISPECIES: type I DNA topoisomerase [unclassified Aeromonas]
WP_261552353	71.297	100	871	865	870	0.0	1310	type I DNA topoisomerase [Glaesserella parasuis]
WP_111874877	72.203	100	867	865	873	0.0	1310	type I DNA topoisomerase [Aeromonas bivalvium]
WP_225463695	71.247	99	866	865	874	0.0	1310	type I DNA topoisomerase [Vibrio vulnificus]
WP_080526657	71.247	99	866	865	874	0.0	1310	type I DNA topoisomerase [Vibrio vulnificus]
WP_133539065	72.509	99	873	865	872	0.0	1310	type I DNA topoisomerase [Idiomarina aquatica]
WP_161678035	71.594	99	866	865	876	0.0	1310	type I DNA topoisomerase [Vibrio toranzoniae]
WP_171754591	70.901	99	866	865	874	0.0	1310	MULTISPECIES: type I DNA topoisomerase [unclassified Vibrio]
WP_371720702	71.594	99	866	865	876	0.0	1310	type I DNA topoisomerase [Vibrio sp. 1S139]
WP_239949000	71.247	99	866	865	875	0.0	1310	type I DNA topoisomerase [Vibrio natriegens]
WP_065103257	71.478	99	866	865	876	0.0	1310	type I DNA topoisomerase [Vibrio lentus]
WP_045596646	71.247	99	866	865	874	0.0	1310	MULTISPECIES: type I DNA topoisomerase [Vibrio]
WP_076008207	71.231	100	869	865	876	0.0	1310	type I DNA topoisomerase [Vibrio cholerae]
WP_055031487	70.886	100	869	865	876	0.0	1310	type I DNA topoisomerase [Vibrio metoecus]
WP_236109428	71.363	99	866	865	875	0.0	1310	MULTISPECIES: type I DNA topoisomerase [Vibrio]
WP_239913188	71.363	99	866	865	875	0.0	1310	type I DNA topoisomerase [Vibrio mediterranei]
WP_439998380	72.055	100	866	865	873	0.0	1310	type I DNA topoisomerase [Aeromonas hydrophila]
WP_342010401	71.889	99	868	865	873	0.0	1310	type I DNA topoisomerase [Aeromonas enteropelogenes]
WP_182289459	71.132	99	866	865	874	0.0	1310	type I DNA topoisomerase [Vibrio vulnificus]
WP_206636777	71.132	99	866	865	874	0.0	1310	type I DNA topoisomerase [Vibrio vulnificus]
WP_058667092	71.247	99	866	865	874	0.0	1310	type I DNA topoisomerase [Vibrio vulnificus]
WP_479301300	71.478	99	866	865	876	0.0	1310	N/A
WP_045628896	71.247	99	866	865	874	0.0	1310	type I DNA topoisomerase [Vibrio vulnificus]
WP_103185104	71.247	99	866	865	874	0.0	1310	type I DNA topoisomerase [Vibrio vulnificus]
WP_337072400	72.055	100	866	865	873	0.0	1310	MULTISPECIES: type I DNA topoisomerase [Aeromonas]
WP_035525139	71.297	100	871	865	870	0.0	1310	type I DNA topoisomerase [Glaesserella parasuis]
WP_446647846	71.594	99	866	865	878	0.0	1310	type I DNA topoisomerase [Vibrio sp. DNB22_10_4]
WP_428812099	71.247	99	866	865	877	0.0	1310	type I DNA topoisomerase [Vibrio makurazakiensis]
WP_102295208	71.478	99	866	865	876	0.0	1310	MULTISPECIES: type I DNA topoisomerase [Vibrio]
WP_224211266	71.889	99	868	865	873	0.0	1310	type I DNA topoisomerase [Aeromonas enteropelogenes]
WP_408788633	72.203	100	867	865	873	0.0	1310	type I DNA topoisomerase [Aeromonas bivalvium]
WP_330128356	72.706	99	861	865	863	0.0	1310	type I DNA topoisomerase [Alkalimonas cellulosilytica]
WP_000520434	71.346	100	869	865	876	0.0	1310	type I DNA topoisomerase [Vibrio cholerae]
WP_162855923	71.281	100	874	865	870	0.0	1310	type I DNA topoisomerase [Actinobacillus indolicus]
WP_236347431	71.940	100	866	865	873	0.0	1310	type I DNA topoisomerase [Aeromonas veronii]
WP_321463458	71.132	99	866	865	875	0.0	1310	type I DNA topoisomerase [uncultured Vibrio sp.]
WP_323931874	72.055	100	866	865	873	0.0	1310	type I DNA topoisomerase [Aeromonas hydrophila]
WP_236284708	71.940	100	866	865	873	0.0	1310	type I DNA topoisomerase [Aeromonas veronii]
WP_050643790	71.478	99	866	865	876	0.0	1310	MULTISPECIES: type I DNA topoisomerase [Vibrio]
WP_073553957	92.059	79	680	865	680	0.0	1310	type I DNA topoisomerase, partial [Klebsiella pneumoniae]
WP_372156476	71.511	100	867	865	876	0.0	1310	MULTISPECIES: type I DNA topoisomerase [unclassified Vibrio]
WP_269291260	71.231	100	869	865	876	0.0	1310	type I DNA topoisomerase [Vibrio cholerae]
WP_479303538	71.478	99	866	865	876	0.0	1310	N/A
WP_076650506	71.709	99	866	865	876	0.0	1310	MULTISPECIES: type I DNA topoisomerase [unclassified Vibrio]
WP_229633102	71.363	99	866	865	876	0.0	1310	type I DNA topoisomerase [Vibrio lentus]
WP_225456707	71.132	99	866	865	874	0.0	1310	type I DNA topoisomerase [Vibrio vulnificus]
WP_273396021	70.853	100	868	865	866	0.0	1310	type I DNA topoisomerase [Actinobacillus porcinus]
WP_124253199	72.055	100	866	865	873	0.0	1310	type I DNA topoisomerase [Aeromonas hydrophila]
WP_306523859	72.055	100	866	865	865	0.0	1310	type I DNA topoisomerase [Rheinheimera sp.]
WP_342012793	71.889	99	868	865	873	0.0	1310	type I DNA topoisomerase [Aeromonas enteropelogenes]
WP_072603524	71.247	99	866	865	874	0.0	1310	type I DNA topoisomerase [Vibrio vulnificus]
WP_095470022	70.886	100	869	865	876	0.0	1310	type I DNA topoisomerase [Vibrio metoecus]
WP_429748569	71.594	99	866	865	876	0.0	1310	type I DNA topoisomerase [Vibrio minamisatsumaniensis]
WP_045621564	71.247	99	866	865	874	0.0	1310	type I DNA topoisomerase [Vibrio vulnificus]
WP_102398105	71.478	99	866	865	876	0.0	1310	MULTISPECIES: type I DNA topoisomerase [unclassified Vibrio]
WP_085247968	71.674	100	872	865	872	0.0	1310	type I DNA topoisomerase [Gilliamella mensalis]
WP_026916483	71.297	100	871	865	870	0.0	1310	type I DNA topoisomerase [Glaesserella parasuis]
WP_045590468	71.132	99	866	865	874	0.0	1310	type I DNA topoisomerase [Vibrio vulnificus]
WP_233893193	71.478	99	866	865	876	0.0	1310	type I DNA topoisomerase [Vibrio kanaloae]
WP_438047777	71.132	99	866	865	874	0.0	1310	type I DNA topoisomerase [Vibrio vulnificus]
WP_193254324	71.016	99	866	865	874	0.0	1310	type I DNA topoisomerase [Vibrio navarrensis]
WP_446302885	71.132	99	866	865	874	0.0	1310	type I DNA topoisomerase [Vibrio vulnificus]
WP_421969292	71.412	100	871	865	883	0.0	1310	type I DNA topoisomerase [Pseudoalteromonas sp. SSDWG2]
WP_421190821	71.889	99	868	865	873	0.0	1310	type I DNA topoisomerase [Aeromonas enteropelogenes]
WP_055064912	70.886	100	869	865	876	0.0	1310	type I DNA topoisomerase [Vibrio metoecus]
WP_463948602	71.922	99	869	865	882	0.0	1310	N/A
WP_372125575	71.594	99	866	865	876	0.0	1310	type I DNA topoisomerase [Vibrio pomeroyi]
WP_042905719	71.412	100	871	865	870	0.0	1310	type I DNA topoisomerase [Glaesserella parasuis]
WP_038229594	71.363	99	866	865	875	0.0	1310	MULTISPECIES: type I DNA topoisomerase [Vibrio]
WP_332160550	71.247	99	866	865	874	0.0	1309	type I DNA topoisomerase [Vibrio vulnificus]
WP_374879136	71.940	100	866	865	873	0.0	1309	type I DNA topoisomerase [Aeromonas veronii]
WP_428772810	71.742	100	867	865	877	0.0	1309	type I DNA topoisomerase [Vibrio sp.]
WP_113600319	71.346	100	869	865	876	0.0	1309	type I DNA topoisomerase [Vibrio paracholerae]
WP_319901320	71.609	100	870	865	873	0.0	1309	type I DNA topoisomerase [Aeromonas caviae]
WP_011080010	71.247	99	866	865	874	0.0	1309	type I DNA topoisomerase [Vibrio vulnificus]
WP_448007248	71.824	100	866	865	873	0.0	1309	type I DNA topoisomerase [Aeromonas caviae]
WP_279425919	71.412	100	871	865	870	0.0	1309	type I DNA topoisomerase [Glaesserella parasuis]
WP_012771455	71.789	100	872	865	868	0.0	1309	type I DNA topoisomerase [Aggregatibacter aphrophilus]
WP_160428927	71.297	100	871	865	870	0.0	1309	type I DNA topoisomerase [Glaesserella parasuis]
WP_421250023	71.940	100	866	865	873	0.0	1309	MULTISPECIES: type I DNA topoisomerase [unclassified Aeromonas]
WP_157401597	71.132	99	866	865	874	0.0	1309	type I DNA topoisomerase [Vibrio vulnificus]
WP_117233241	71.247	99	866	865	875	0.0	1309	type I DNA topoisomerase [Vibrio maerlii]
WP_324015230	72.055	100	866	865	873	0.0	1309	type I DNA topoisomerase [Aeromonas hydrophila]
WP_386696877	71.183	100	871	865	868	0.0	1309	type I DNA topoisomerase [Lonepinella sp. MS14436]
WP_228610836	72.706	99	861	865	863	0.0	1309	type I DNA topoisomerase [Alkalimonas sp.]
WP_171733802	71.363	99	866	865	877	0.0	1309	type I DNA topoisomerase [Vibrio sp. 99-70-13A1]
WP_261549754	71.297	100	871	865	870	0.0	1309	type I DNA topoisomerase [Glaesserella parasuis]
WP_099165379	71.363	99	866	865	876	0.0	1309	type I DNA topoisomerase [Vibrio lentus]
WP_158196911	72.171	100	866	865	873	0.0	1309	type I DNA topoisomerase [Aeromonas hydrophila]
WP_213865095	71.594	99	866	865	876	0.0	1309	type I DNA topoisomerase [Vibrio crassostreae]
WP_107281512	70.853	100	868	865	881	0.0	1309	type I DNA topoisomerase [Photobacterium lipolyticum]
WP_279423999	71.297	100	871	865	870	0.0	1309	type I DNA topoisomerase [Glaesserella parasuis]
WP_137007604	71.594	99	866	865	876	0.0	1309	type I DNA topoisomerase [Vibrio kanaloae]
WP_060467399	71.594	99	866	865	876	0.0	1309	MULTISPECIES: type I DNA topoisomerase [Vibrio]
WP_408831491	71.889	99	868	865	873	0.0	1309	type I DNA topoisomerase [Aeromonas enteropelogenes]
WP_101613851	72.055	100	866	865	873	0.0	1309	type I DNA topoisomerase [Aeromonas hydrophila]
WP_243578901	71.478	99	866	865	876	0.0	1309	type I DNA topoisomerase [Vibrio splendidus]
WP_446599914	71.050	99	867	865	876	0.0	1309	type I DNA topoisomerase [Vibrio alfacsensis]
WP_057554834	70.886	100	869	865	876	0.0	1309	type I DNA topoisomerase [Vibrio cholerae]
WP_077582685	71.412	100	871	865	868	0.0	1309	type I DNA topoisomerase [Rodentibacter caecimuris]
WP_078208165	71.297	100	871	865	870	0.0	1309	type I DNA topoisomerase [Glaesserella parasuis]
WP_162062676	71.478	99	866	865	873	0.0	1309	type I DNA topoisomerase [Vibrio taketomensis]
WP_142576709	71.116	100	869	865	876	0.0	1309	type I DNA topoisomerase [Vibrio cholerae]
WP_421250502	72.055	100	866	865	873	0.0	1309	MULTISPECIES: type I DNA topoisomerase [unclassified Aeromonas]
WP_130349851	71.132	99	866	865	874	0.0	1309	type I DNA topoisomerase [Vibrio vulnificus]
WP_135968517	71.412	100	871	865	868	0.0	1309	type I DNA topoisomerase [Rodentibacter caecimuris]
WP_411240002	71.940	100	866	865	873	0.0	1309	MULTISPECIES: type I DNA topoisomerase [Aeromonas]
WP_050648553	71.478	99	866	865	876	0.0	1309	MULTISPECIES: type I DNA topoisomerase [Vibrio]
WP_160414278	71.297	100	871	865	870	0.0	1309	type I DNA topoisomerase [Glaesserella parasuis]
WP_044126648	71.116	100	869	865	876	0.0	1309	type I DNA topoisomerase [Vibrio cholerae]
WP_261477222	71.297	100	871	865	870	0.0	1309	type I DNA topoisomerase [Glaesserella parasuis]
WP_139442170	71.940	100	866	865	873	0.0	1309	MULTISPECIES: type I DNA topoisomerase [Aeromonas]
WP_226032129	72.055	100	866	865	873	0.0	1309	type I DNA topoisomerase [Aeromonas hydrophila]
WP_487010148	71.183	100	871	865	870	0.0	1309	N/A
WP_456689955	72.088	100	867	865	873	0.0	1309	type I DNA topoisomerase [Aeromonas crassostreae]
WP_323928250	71.824	100	866	865	873	0.0	1309	type I DNA topoisomerase [Aeromonas veronii]
WP_130309354	71.016	99	866	865	874	0.0	1309	type I DNA topoisomerase [Vibrio vulnificus]
WP_061724019	71.412	100	871	865	868	0.0	1309	type I DNA topoisomerase [Haemophilus influenzae]
WP_016351565	72.055	100	866	865	873	0.0	1309	type I DNA topoisomerase [Aeromonas hydrophila]
WP_229647100	71.478	99	866	865	876	0.0	1309	MULTISPECIES: type I DNA topoisomerase [unclassified Vibrio]
WP_279408341	71.297	100	871	865	870	0.0	1309	type I DNA topoisomerase [Glaesserella parasuis]
WP_161453290	70.983	99	865	865	872	0.0	1309	type I DNA topoisomerase, partial [Vibrio sp. V39_P1S14PM300]
WP_063524019	71.709	99	866	865	876	0.0	1309	type I DNA topoisomerase [Vibrio sp. HI00D65]
WP_109064056	71.904	100	872	865	868	0.0	1309	type I DNA topoisomerase [Aggregatibacter kilianii]
WP_135454582	71.478	99	866	865	876	0.0	1309	type I DNA topoisomerase [Vibrio echinoideorum]
WP_061475589	71.889	99	868	865	873	0.0	1309	MULTISPECIES: type I DNA topoisomerase [Aeromonas]
WP_107683628	71.940	100	866	865	873	0.0	1309	MULTISPECIES: type I DNA topoisomerase [Aeromonas]
WP_164027536	71.412	100	871	865	868	0.0	1309	type I DNA topoisomerase [Rodentibacter caecimuris]
WP_428652876	71.857	99	867	865	880	0.0	1309	type I DNA topoisomerase [Photobacterium satsumensis]
WP_408772249	72.088	100	867	865	873	0.0	1309	type I DNA topoisomerase [Aeromonas bivalvium]
WP_421197849	71.889	99	868	865	873	0.0	1309	type I DNA topoisomerase [Aeromonas enteropelogenes]
WP_428822271	71.132	99	866	865	873	0.0	1309	type I DNA topoisomerase [Enterovibrio baiacu]
WP_302245716	71.940	100	866	865	873	0.0	1309	type I DNA topoisomerase [Aeromonas veronii]
WP_000520438	70.886	100	869	865	876	0.0	1309	type I DNA topoisomerase [Vibrio metoecus]
WP_314791973	71.674	100	872	865	868	0.0	1309	type I DNA topoisomerase [Aggregatibacter aphrophilus]
WP_460883324	71.922	99	869	865	882	0.0	1309	N/A
WP_017011370	71.132	99	866	865	873	0.0	1309	type I DNA topoisomerase [Enterovibrio norvegicus]
WP_019446731	71.940	100	866	865	873	0.0	1309	type I DNA topoisomerase [Aeromonas sp. 159]
WP_225464543	71.132	99	866	865	874	0.0	1309	type I DNA topoisomerase [Vibrio vulnificus]
WP_018651935	71.134	100	873	865	869	0.0	1309	type I DNA topoisomerase [Actinobacillus capsulatus]
WP_053037383	71.231	100	869	865	876	0.0	1309	type I DNA topoisomerase [Vibrio cholerae]
WP_336987815	72.055	100	866	865	873	0.0	1309	type I DNA topoisomerase [Aeromonas hydrophila]
WP_421334283	71.940	100	866	865	873	0.0	1309	type I DNA topoisomerase [Aeromonas veronii]
WP_335819765	71.940	100	866	865	873	0.0	1309	type I DNA topoisomerase [Aeromonas veronii]
WP_126841442	71.544	99	868	865	875	0.0	1309	type I DNA topoisomerase [Idiomarina tyrosinivorans]
WP_064339651	71.940	100	866	865	873	0.0	1309	type I DNA topoisomerase [Aeromonas veronii]
WP_270828431	72.055	100	866	865	873	0.0	1309	MULTISPECIES: type I DNA topoisomerase [Aeromonas]
WP_045527759	72.055	100	866	865	873	0.0	1309	type I DNA topoisomerase [Aeromonas hydrophila]
WP_029299451	72.055	100	866	865	873	0.0	1309	type I DNA topoisomerase [Aeromonas hydrophila]
WP_002032552	71.231	100	869	865	876	0.0	1309	MULTISPECIES: type I DNA topoisomerase [Vibrio]
WP_041216392	72.055	100	866	865	873	0.0	1309	type I DNA topoisomerase [Aeromonas hydrophila]
WP_421245202	71.940	100	866	865	873	0.0	1309	MULTISPECIES: type I DNA topoisomerase [unclassified Aeromonas]
WP_080609048	71.016	99	866	865	874	0.0	1309	type I DNA topoisomerase [Vibrio vulnificus]
WP_335818284	71.824	100	866	865	873	0.0	1309	type I DNA topoisomerase [Aeromonas veronii]
WP_048612738	71.478	99	866	865	876	0.0	1309	MULTISPECIES: type I DNA topoisomerase [Vibrio]
WP_372073684	71.478	99	866	865	876	0.0	1309	type I DNA topoisomerase [Vibrio sp. 10N.261.52.F3]
WP_065302154	71.363	99	866	865	875	0.0	1309	type I DNA topoisomerase [Vibrio natriegens]
WP_296299425	72.088	100	867	865	865	0.0	1309	type I DNA topoisomerase [Rheinheimera sp.]
WP_201937000	71.940	100	866	865	873	0.0	1309	type I DNA topoisomerase [Aeromonas veronii]
WP_160420937	71.297	100	871	865	870	0.0	1309	type I DNA topoisomerase [Glaesserella parasuis]
WP_207326807	71.183	100	871	865	870	0.0	1309	type I DNA topoisomerase [Glaesserella parasuis]
WP_245133799	71.824	100	866	865	873	0.0	1309	type I DNA topoisomerase [Aeromonas veronii]
WP_064340882	71.940	100	866	865	873	0.0	1309	type I DNA topoisomerase [Aeromonas veronii]
WP_193187062	71.016	99	866	865	874	0.0	1309	type I DNA topoisomerase [Vibrio navarrensis]
WP_238131563	71.659	99	868	865	876	0.0	1309	type I DNA topoisomerase [Vibrio cincinnatiensis]
WP_347389207	71.068	100	871	865	883	0.0	1309	type I DNA topoisomerase [Pseudoalteromonas pernae]
WP_126783427	72.842	99	869	865	872	0.0	1309	type I DNA topoisomerase [Idiomarina seosinensis]
WP_102507515	71.478	99	866	865	876	0.0	1309	type I DNA topoisomerase [Vibrio kanaloae]
WP_048616259	71.478	99	866	865	876	0.0	1309	type I DNA topoisomerase [Vibrio coralliirubri]
WP_237362465	70.670	99	866	865	875	0.0	1308	type I DNA topoisomerase [Vibrio marisflavi]
WP_288729680	71.940	100	866	865	873	0.0	1308	type I DNA topoisomerase [uncultured Aeromonas sp.]
WP_043160059	72.055	100	866	865	873	0.0	1308	MULTISPECIES: type I DNA topoisomerase [Aeromonas]
WP_319885245	71.824	100	866	865	873	0.0	1308	type I DNA topoisomerase [Aeromonas caviae]
WP_011706893	72.055	100	866	865	873	0.0	1308	type I DNA topoisomerase [Aeromonas hydrophila]
WP_219312055	72.055	100	866	865	873	0.0	1308	type I DNA topoisomerase [Aeromonas hydrophila]
WP_041154867	71.626	99	867	865	876	0.0	1308	type I DNA topoisomerase [Vibrio mytili]
WP_135383952	71.478	99	866	865	876	0.0	1308	type I DNA topoisomerase [Vibrio tasmaniensis]
WP_435247305	71.363	99	866	865	876	0.0	1308	type I DNA topoisomerase [Vibrio sp. nBUS_14]
WP_102434760	71.363	99	866	865	876	0.0	1308	type I DNA topoisomerase [Vibrio lentus]
WP_119091227	71.231	100	869	865	876	0.0	1308	type I DNA topoisomerase [Vibrio paracholerae]
WP_002540185	70.901	99	866	865	873	0.0	1308	type I DNA topoisomerase [Grimontia indica]
WP_309506911	71.824	100	866	865	873	0.0	1308	type I DNA topoisomerase [Aeromonas veronii]
WP_160421751	71.183	100	871	865	870	0.0	1308	type I DNA topoisomerase [Glaesserella parasuis]
WP_279429547	71.183	100	871	865	870	0.0	1308	type I DNA topoisomerase [Glaesserella parasuis]
WP_487011000	71.183	100	871	865	870	0.0	1308	N/A
WP_323916060	71.724	100	870	865	873	0.0	1308	type I DNA topoisomerase [Aeromonas veronii]
WP_267787870	70.771	100	869	865	876	0.0	1308	type I DNA topoisomerase [Vibrio cholerae]
WP_061058768	71.247	99	866	865	874	0.0	1308	type I DNA topoisomerase [Vibrio vulnificus]
WP_064335738	71.824	100	866	865	873	0.0	1308	type I DNA topoisomerase [Aeromonas veronii]
WP_105025272	71.594	99	866	865	876	0.0	1308	type I DNA topoisomerase [Vibrio chagasii]
WP_439994507	72.055	100	866	865	873	0.0	1308	type I DNA topoisomerase [Aeromonas hydrophila]
WP_004736442	71.363	99	866	865	876	0.0	1308	MULTISPECIES: type I DNA topoisomerase [Vibrio]
WP_486784359	71.050	99	867	865	876	0.0	1308	N/A
WP_017095683	71.363	99	866	865	876	0.0	1308	MULTISPECIES: type I DNA topoisomerase [Vibrio]
WP_240590194	70.905	100	873	865	874	0.0	1308	type I DNA topoisomerase [Shewanella zhuhaiensis]
WP_236563670	71.824	100	866	865	873	0.0	1308	type I DNA topoisomerase [Aeromonas veronii]
WP_368199565	71.709	100	866	865	873	0.0	1308	MULTISPECIES: type I DNA topoisomerase [Aeromonas]
WP_411685660	71.824	100	866	865	873	0.0	1308	type I DNA topoisomerase [Aeromonas caviae]
WP_446608528	70.934	99	867	865	876	0.0	1308	MULTISPECIES: type I DNA topoisomerase [Vibrio]
WP_279424983	71.183	100	871	865	870	0.0	1308	type I DNA topoisomerase [Glaesserella parasuis]
WP_404865834	71.297	100	871	865	870	0.0	1308	type I DNA topoisomerase [Glaesserella parasuis]
WP_438417648	71.940	100	866	865	873	0.0	1308	type I DNA topoisomerase [Aeromonas veronii]
WP_372102508	71.478	99	866	865	876	0.0	1308	type I DNA topoisomerase [Vibrio sp. 10N.261.55.F4]
WP_097546107	92.047	78	679	865	679	0.0	1308	type I DNA topoisomerase, partial [Klebsiella pneumoniae]
WP_373042854	71.247	99	866	865	874	0.0	1308	type I DNA topoisomerase [Vibrio vulnificus]
WP_429014424	72.055	100	866	865	873	0.0	1308	type I DNA topoisomerase [Aeromonas hydrophila]
WP_014887830	73.410	100	865	865	862	0.0	1308	type I DNA topoisomerase [secondary endosymbiont of Ctenarytaina eucalypti]
WP_265694909	72.434	99	867	865	881	0.0	1308	type I DNA topoisomerase [Photobacterium obscurum]
WP_323948343	71.824	100	866	865	873	0.0	1308	type I DNA topoisomerase [Aeromonas caviae]
WP_160427596	71.183	100	871	865	870	0.0	1308	type I DNA topoisomerase [Glaesserella parasuis]
WP_085761214	71.247	99	866	865	874	0.0	1308	type I DNA topoisomerase [Vibrio vulnificus]
WP_373942746	71.594	99	866	865	876	0.0	1308	type I DNA topoisomerase [Vibrio chagasii]
WP_160429331	71.297	100	871	865	870	0.0	1308	type I DNA topoisomerase [Glaesserella parasuis]
WP_421223835	71.889	99	868	865	873	0.0	1308	type I DNA topoisomerase [Aeromonas enteropelogenes]
WP_202009321	72.055	100	866	865	873	0.0	1308	MULTISPECIES: type I DNA topoisomerase [Aeromonas]
WP_318465902	72.299	99	870	865	883	0.0	1308	type I DNA topoisomerase [Photobacterium leiognathi]
WP_061034216	71.709	99	866	865	876	0.0	1308	MULTISPECIES: type I DNA topoisomerase [Vibrio]
WP_126166440	70.905	100	873	865	874	0.0	1308	type I DNA topoisomerase [Shewanella khirikhana]
WP_150995615	71.940	100	866	865	873	0.0	1308	type I DNA topoisomerase [Aeromonas veronii]
WP_265775383	71.824	100	866	865	873	0.0	1308	MULTISPECIES: type I DNA topoisomerase [Aeromonas]
WP_274278767	72.055	100	866	865	873	0.0	1308	type I DNA topoisomerase [Aeromonas hydrophila]
WP_069216704	71.231	100	869	865	876	0.0	1308	type I DNA topoisomerase [Vibrio cholerae]
WP_137357831	70.901	99	866	865	876	0.0	1308	MULTISPECIES: type I DNA topoisomerase [Vibrio]
WP_076360303	72.055	100	866	865	873	0.0	1308	type I DNA topoisomerase [Aeromonas hydrophila]
WP_323930948	71.940	100	866	865	873	0.0	1308	type I DNA topoisomerase [Aeromonas veronii]
WP_237484103	71.594	99	866	865	874	0.0	1308	type I DNA topoisomerase [Vibrio hippocampi]
WP_482308957	72.055	100	866	865	873	0.0	1308	N/A
WP_439328399	70.986	100	872	865	868	0.0	1308	type I DNA topoisomerase [Lonepinella sp. BR2357]
WP_158109561	71.824	100	866	865	873	0.0	1308	type I DNA topoisomerase [Aeromonas veronii]
WP_214505303	72.414	100	870	865	875	0.0	1308	type I DNA topoisomerase [Shewanella jiangmenensis]
WP_279479738	70.905	100	873	865	869	0.0	1308	type I DNA topoisomerase [Actinobacillus equuli]
WP_226044555	71.824	100	866	865	873	0.0	1308	type I DNA topoisomerase [Aeromonas caviae]
WP_421337372	71.824	100	866	865	873	0.0	1308	type I DNA topoisomerase [Aeromonas veronii]
WP_102557367	71.478	99	866	865	876	0.0	1308	MULTISPECIES: type I DNA topoisomerase [Vibrio]
WP_210556261	71.824	100	866	865	873	0.0	1308	MULTISPECIES: type I DNA topoisomerase [Aeromonas]
WP_279417511	71.297	100	871	865	870	0.0	1308	type I DNA topoisomerase [Glaesserella parasuis]
WP_132968248	71.478	99	866	865	876	0.0	1308	type I DNA topoisomerase [Vibrio crassostreae]
WP_339331287	72.055	100	866	865	873	0.0	1308	type I DNA topoisomerase [Aeromonas hydrophila]
WP_240114127	71.132	99	866	865	874	0.0	1308	type I DNA topoisomerase [Vibrio vulnificus]
WP_176298540	71.016	99	866	865	874	0.0	1308	type I DNA topoisomerase [Vibrio sp. 05-20-BW147]
WP_440006341	71.940	100	866	865	873	0.0	1308	MULTISPECIES: type I DNA topoisomerase [Aeromonas]
WP_046222745	71.363	99	866	865	876	0.0	1308	type I DNA topoisomerase [Vibrio sp. ECSMB14106]
WP_318163917	72.106	99	864	865	873	0.0	1308	type I DNA topoisomerase [Aeromonas sp. CD]
WP_404865172	71.412	100	871	865	870	0.0	1308	type I DNA topoisomerase [Glaesserella parasuis]
WP_372116430	71.478	99	866	865	876	0.0	1308	type I DNA topoisomerase [Vibrio sp. 10N.222.55.C6]
WP_204383820	71.940	100	866	865	873	0.0	1308	type I DNA topoisomerase [Aeromonas veronii]
WP_203398940	71.183	100	871	865	870	0.0	1308	type I DNA topoisomerase [Glaesserella parasuis]
WP_256798994	71.363	99	866	865	876	0.0	1308	type I DNA topoisomerase [Vibrio splendidus]
WP_439978912	71.824	100	866	865	904	0.0	1308	type I DNA topoisomerase [Aeromonas sp. 97A]
WP_454442193	71.363	99	866	865	876	0.0	1308	type I DNA topoisomerase [Vibrio bathopelagicus]
WP_102360722	71.363	99	866	865	874	0.0	1308	type I DNA topoisomerase [Vibrio cyclitrophicus]
WP_216953103	71.940	100	866	865	873	0.0	1308	MULTISPECIES: type I DNA topoisomerase [Aeromonas]
WP_323946066	72.055	100	866	865	873	0.0	1308	type I DNA topoisomerase [Aeromonas hydrophila]
WP_279411549	71.068	100	871	865	870	0.0	1308	type I DNA topoisomerase [Glaesserella parasuis]
WP_429200651	71.824	100	866	865	873	0.0	1308	type I DNA topoisomerase [Aeromonas veronii]
WP_017062103	71.478	99	866	865	876	0.0	1308	MULTISPECIES: type I DNA topoisomerase [Vibrio]
WP_063604380	71.363	99	866	865	875	0.0	1308	type I DNA topoisomerase [Vibrio barjaei]
WP_323971434	72.055	100	866	865	873	0.0	1308	type I DNA topoisomerase [Aeromonas hydrophila]
WP_429035392	71.824	100	866	865	873	0.0	1308	type I DNA topoisomerase [Aeromonas veronii]
WP_102450267	71.363	99	866	865	876	0.0	1308	type I DNA topoisomerase [Vibrio splendidus]
WP_114633777	71.363	99	866	865	876	0.0	1308	type I DNA topoisomerase [Vibrio splendidus]
WP_145565068	71.478	99	866	865	876	0.0	1308	type I DNA topoisomerase [Vibrio sp. L3-7]
WP_330462641	71.183	100	871	865	870	0.0	1308	type I DNA topoisomerase [Glaesserella parasuis]
WP_017067846	71.478	99	866	865	876	0.0	1308	MULTISPECIES: type I DNA topoisomerase [Vibrio]
WP_257685198	72.055	100	866	865	873	0.0	1308	type I DNA topoisomerase [Aeromonas hydrophila]
WP_004737437	71.594	99	866	865	876	0.0	1308	MULTISPECIES: type I DNA topoisomerase [Vibrio]
WP_438833426	72.055	100	866	865	873	0.0	1308	type I DNA topoisomerase [Aeromonas oralensis]
WP_206818508	72.055	100	866	865	873	0.0	1308	type I DNA topoisomerase [Aeromonas hydrophila]
WP_076668922	71.363	99	866	865	876	0.0	1308	type I DNA topoisomerase [Vibrio lentus]
WP_171280985	72.055	100	866	865	873	0.0	1308	MULTISPECIES: type I DNA topoisomerase [Aeromonas]
WP_273391788	70.737	100	868	865	866	0.0	1308	type I DNA topoisomerase [Actinobacillus porcinus]
WP_035496414	71.183	100	871	865	870	0.0	1308	type I DNA topoisomerase [Glaesserella parasuis]
WP_102286573	71.363	99	866	865	876	0.0	1308	type I DNA topoisomerase [Vibrio lentus]
WP_408790012	72.055	100	866	865	873	0.0	1308	type I DNA topoisomerase [Aeromonas hydrophila]
WP_118880722	72.055	100	866	865	873	0.0	1308	MULTISPECIES: type I DNA topoisomerase [Aeromonas]
WP_487011765	71.297	100	871	865	870	0.0	1308	N/A
WP_376888442	71.824	100	866	865	873	0.0	1308	type I DNA topoisomerase [Aeromonas veronii]
WP_017030334	71.132	99	866	865	877	0.0	1308	type I DNA topoisomerase [Vibrio breoganii]
WP_201957960	71.709	100	866	865	873	0.0	1308	type I DNA topoisomerase [Aeromonas veronii]
WP_337915732	71.231	100	869	865	876	0.0	1308	type I DNA topoisomerase [Vibrio cholerae]
WP_372109830	71.478	99	866	865	876	0.0	1308	MULTISPECIES: type I DNA topoisomerase [unclassified Vibrio]
WP_290434942	71.709	100	866	865	873	0.0	1308	type I DNA topoisomerase [Aeromonas caviae]
WP_201902556	71.824	100	866	865	873	0.0	1308	type I DNA topoisomerase [Aeromonas veronii]
WP_202933098	70.901	99	866	865	874	0.0	1308	type I DNA topoisomerase [Vibrio navarrensis]
WP_116014035	71.871	100	871	865	894	0.0	1308	type I DNA topoisomerase [Thalassotalea euphylliae]
WP_017055037	71.478	99	866	865	876	0.0	1308	MULTISPECIES: type I DNA topoisomerase [Vibrio]
WP_305848138	70.886	100	869	865	876	0.0	1308	type I DNA topoisomerase [Vibrio sp. AH4]
WP_201887807	71.709	100	866	865	873	0.0	1308	type I DNA topoisomerase [Aeromonas caviae]
WP_376868053	71.824	100	866	865	873	0.0	1308	type I DNA topoisomerase [Aeromonas veronii]
WP_448049633	71.609	100	870	865	873	0.0	1308	type I DNA topoisomerase [Aeromonas caviae]
WP_164692131	71.297	100	871	865	870	0.0	1308	type I DNA topoisomerase [Glaesserella parasuis]
WP_317480969	71.445	100	872	865	870	0.0	1308	type I DNA topoisomerase [Exercitatus varius]
WP_041999769	72.088	100	867	865	873	0.0	1308	type I DNA topoisomerase [Aeromonas bivalvium]
WP_448048131	72.055	100	866	865	873	0.0	1308	type I DNA topoisomerase [Aeromonas hydrophila]
WP_021035179	71.412	100	871	865	868	0.0	1308	type I DNA topoisomerase [Haemophilus influenzae]
WP_017105774	71.363	99	866	865	876	0.0	1308	MULTISPECIES: type I DNA topoisomerase [Vibrio]
WP_421312640	71.824	100	866	865	873	0.0	1308	type I DNA topoisomerase [Aeromonas sp. 603404]
WP_238834469	71.132	99	866	865	874	0.0	1308	type I DNA topoisomerase [Vibrio vulnificus]
WP_017076459	71.478	99	866	865	876	0.0	1308	MULTISPECIES: type I DNA topoisomerase [Vibrio]
WP_054547284	71.363	99	866	865	876	0.0	1308	MULTISPECIES: type I DNA topoisomerase [Vibrio]
WP_371975596	71.132	99	866	865	873	0.0	1308	type I DNA topoisomerase [Enterovibrio norvegicus]
WP_139736721	71.709	100	866	865	873	0.0	1308	type I DNA topoisomerase [Aeromonas caviae]
WP_269383109	72.055	100	866	865	873	0.0	1308	type I DNA topoisomerase [Aeromonas hydrophila]
WP_331406968	70.934	99	867	865	878	0.0	1308	type I DNA topoisomerase [Vibrio sp. M260121]
WP_446556776	70.934	99	867	865	878	0.0	1308	type I DNA topoisomerase [Vibrio owensii]
WP_267511641	71.824	100	866	865	873	0.0	1308	type I DNA topoisomerase [Aeromonas veronii]
WP_102567186	71.363	99	866	865	876	0.0	1308	type I DNA topoisomerase [Vibrio splendidus]
WP_201976892	71.889	99	868	865	873	0.0	1308	type I DNA topoisomerase [Aeromonas enteropelogenes]
WP_171391686	71.363	99	866	865	875	0.0	1308	type I DNA topoisomerase [Vibrio mediterranei]
WP_150389486	71.824	100	866	865	873	0.0	1308	type I DNA topoisomerase [Aeromonas veronii]
WP_323896767	71.824	100	866	865	873	0.0	1308	type I DNA topoisomerase [Aeromonas allosaccharophila]
WP_086713702	71.478	99	866	865	876	0.0	1308	type I DNA topoisomerase [Vibrio gigantis]
WP_319861530	71.709	100	866	865	873	0.0	1308	type I DNA topoisomerase [Aeromonas caviae]
WP_375750297	71.016	99	866	865	876	0.0	1308	type I DNA topoisomerase [Vibrio iocasae]
WP_279968327	71.709	100	866	865	873	0.0	1308	type I DNA topoisomerase [Aeromonas caviae]
WP_279416334	71.183	100	871	865	870	0.0	1308	type I DNA topoisomerase [Glaesserella parasuis]
WP_331420111	70.934	99	867	865	876	0.0	1308	type I DNA topoisomerase [Vibrio owensii]
WP_486776665	71.050	99	867	865	876	0.0	1308	N/A
WP_404871261	71.297	100	871	865	870	0.0	1308	type I DNA topoisomerase [Glaesserella parasuis]
WP_372337392	71.363	99	866	865	876	0.0	1308	N/A
WP_447836859	71.824	100	866	865	873	0.0	1308	type I DNA topoisomerase [Aeromonas veronii]
WP_219596726	71.709	100	866	865	873	0.0	1308	type I DNA topoisomerase [Aeromonas caviae]
WP_108540973	71.940	100	866	865	873	0.0	1308	MULTISPECIES: type I DNA topoisomerase [Aeromonas]
WP_456513384	71.709	100	866	865	873	0.0	1308	type I DNA topoisomerase [Aeromonas veronii]
WP_254201656	72.055	100	866	865	873	0.0	1308	type I DNA topoisomerase [Aeromonas hydrophila]
WP_140329023	71.644	99	864	865	862	0.0	1308	type I DNA topoisomerase, partial [Vibrio parahaemolyticus]
WP_404860961	71.183	100	871	865	870	0.0	1308	type I DNA topoisomerase [Glaesserella parasuis]
WP_124928803	71.824	100	866	865	873	0.0	1308	type I DNA topoisomerase [Aeromonas veronii]
WP_420740523	71.183	100	871	865	870	0.0	1308	type I DNA topoisomerase [Glaesserella parasuis]
WP_428781287	71.363	99	866	865	876	0.0	1308	type I DNA topoisomerase [Vibrio lentus]
WP_161752218	71.478	99	866	865	876	0.0	1308	type I DNA topoisomerase [Vibrio toranzoniae]
WP_319904759	71.709	100	866	865	873	0.0	1308	type I DNA topoisomerase [Aeromonas caviae]
WP_114776195	71.116	100	869	865	876	0.0	1308	type I DNA topoisomerase [Vibrio cholerae]
WP_479274550	71.478	99	866	865	876	0.0	1308	N/A
WP_218360155	71.363	99	866	865	873	0.0	1308	type I DNA topoisomerase [Enterovibrio paralichthyis]
WP_134996647	71.709	100	866	865	873	0.0	1308	type I DNA topoisomerase [Aeromonas caviae]
WP_279426740	71.183	100	871	865	870	0.0	1308	type I DNA topoisomerase [Glaesserella parasuis]
WP_487015910	71.068	100	871	865	870	0.0	1308	N/A
WP_353496607	71.363	99	866	865	878	0.0	1308	MULTISPECIES: type I DNA topoisomerase [Vibrio]
WP_038863258	70.819	99	867	865	876	0.0	1308	type I DNA topoisomerase [Vibrio campbellii]
WP_102317171	71.132	99	866	865	873	0.0	1308	type I DNA topoisomerase [Enterovibrio norvegicus]
WP_042054514	71.940	100	866	865	873	0.0	1308	MULTISPECIES: type I DNA topoisomerase [Aeromonas]
WP_479298379	71.363	99	866	865	876	0.0	1308	N/A
WP_038514169	71.068	100	871	865	870	0.0	1308	type I DNA topoisomerase [Glaesserella parasuis]
WP_005362158	71.824	100	866	865	873	0.0	1308	MULTISPECIES: type I DNA topoisomerase [Aeromonas]
WP_487017717	71.068	100	871	865	870	0.0	1308	N/A
WP_417877614	71.247	99	866	865	875	0.0	1308	type I DNA topoisomerase [Vibrio sp.]
WP_487019996	71.183	100	871	865	870	0.0	1308	N/A
WP_429017718	71.824	100	866	865	873	0.0	1308	type I DNA topoisomerase [Aeromonas veronii]
WP_164359744	71.644	99	864	865	862	0.0	1308	type I DNA topoisomerase, partial [Vibrio parahaemolyticus]
WP_227342154	71.940	100	866	865	873	0.0	1308	MULTISPECIES: type I DNA topoisomerase [Aeromonas]
WP_101150158	72.055	100	866	865	873	0.0	1308	type I DNA topoisomerase [Aeromonas hydrophila]
WP_135380547	71.363	99	866	865	876	0.0	1308	type I DNA topoisomerase [Vibrio tasmaniensis]
WP_372164182	71.363	99	866	865	876	0.0	1308	type I DNA topoisomerase [Vibrio sp. 10N.222.54.B11]
WP_102455593	71.363	99	866	865	876	0.0	1308	type I DNA topoisomerase [Vibrio splendidus]
WP_216950341	71.824	100	866	865	873	0.0	1308	type I DNA topoisomerase [Aeromonas sp. FDAARGOS 1419]
WP_408754718	72.055	100	866	865	873	0.0	1308	type I DNA topoisomerase [Aeromonas hydrophila]
WP_048669242	71.478	99	866	865	876	0.0	1308	type I DNA topoisomerase [Vibrio crassostreae]
WP_335827699	71.824	100	866	865	873	0.0	1308	type I DNA topoisomerase [Aeromonas veronii]
WP_416032320	71.824	100	866	865	873	0.0	1308	type I DNA topoisomerase [Aeromonas veronii]
WP_201994495	71.709	100	866	865	873	0.0	1308	type I DNA topoisomerase [Aeromonas veronii]
WP_154138855	70.771	100	869	865	876	0.0	1308	type I DNA topoisomerase [Vibrio metoecus]
WP_140347325	71.478	99	866	865	874	0.0	1308	type I DNA topoisomerase [Vibrio parahaemolyticus]
WP_347367136	71.016	99	866	865	874	0.0	1308	type I DNA topoisomerase [Vibrio vulnificus]
WP_201907203	71.709	100	866	865	873	0.0	1308	type I DNA topoisomerase [Aeromonas veronii]
WP_139410707	71.824	100	866	865	873	0.0	1308	type I DNA topoisomerase [Aeromonas veronii]
WP_408786800	71.709	100	866	865	873	0.0	1308	type I DNA topoisomerase [Aeromonas caviae]
WP_372256811	71.478	99	866	865	876	0.0	1308	type I DNA topoisomerase [Vibrio kanaloae]
WP_171730697	71.709	99	866	865	876	0.0	1308	MULTISPECIES: type I DNA topoisomerase [unclassified Vibrio]
WP_044800504	72.055	100	866	865	873	0.0	1308	type I DNA topoisomerase [Aeromonas hydrophila]
WP_012621609	71.297	100	871	865	870	0.0	1308	type I DNA topoisomerase [Glaesserella parasuis]
WP_479306449	71.363	99	866	865	876	0.0	1308	N/A
WP_448026612	71.940	100	866	865	873	0.0	1308	type I DNA topoisomerase [Aeromonas hydrophila]
WP_368210780	71.824	100	866	865	873	0.0	1308	type I DNA topoisomerase [Aeromonas sp. R4-2]
WP_076679013	71.363	99	866	865	876	0.0	1307	type I DNA topoisomerase [Vibrio splendidus]
WP_160440810	71.183	100	871	865	870	0.0	1307	type I DNA topoisomerase [Glaesserella parasuis]
WP_077587207	71.297	100	871	865	868	0.0	1307	type I DNA topoisomerase [Rodentibacter caecimuris]
WP_042072215	71.889	99	868	865	873	0.0	1307	type I DNA topoisomerase [Aeromonas enteropelogenes]
WP_438413232	71.774	100	868	865	875	0.0	1307	type I DNA topoisomerase [Aeromonas hydrophila]
WP_029304161	72.055	100	866	865	873	0.0	1307	MULTISPECIES: type I DNA topoisomerase [Aeromonas]
WP_279414952	71.183	100	871	865	870	0.0	1307	type I DNA topoisomerase [Glaesserella parasuis]
WP_429131562	71.824	100	866	865	873	0.0	1307	type I DNA topoisomerase [Aeromonas veronii]
WP_429099812	71.824	100	866	865	873	0.0	1307	type I DNA topoisomerase [Aeromonas veronii]
WP_201987399	71.824	100	866	865	873	0.0	1307	type I DNA topoisomerase [Aeromonas veronii]
WP_337911248	70.771	100	869	865	876	0.0	1307	type I DNA topoisomerase [Vibrio cholerae]
WP_223950121	71.889	100	868	865	875	0.0	1307	type I DNA topoisomerase [Aeromonas hydrophila]
WP_482314833	72.055	100	866	865	873	0.0	1307	N/A
WP_263677877	72.055	100	866	865	873	0.0	1307	type I DNA topoisomerase [Aeromonas hydrophila]
WP_102546019	71.247	99	866	865	876	0.0	1307	type I DNA topoisomerase [Vibrio splendidus]
WP_139398746	71.824	100	866	865	873	0.0	1307	MULTISPECIES: type I DNA topoisomerase [Aeromonas]
WP_372147965	71.363	99	866	865	876	0.0	1307	type I DNA topoisomerase [Vibrio sp. 10N.222.52.C3]
WP_000520433	71.116	100	869	865	876	0.0	1307	type I DNA topoisomerase [Vibrio cholerae]
WP_337909622	71.116	100	869	865	876	0.0	1307	type I DNA topoisomerase [Vibrio cholerae]
WP_189016935	71.116	100	869	865	876	0.0	1307	type I DNA topoisomerase [Vibrio cholerae]
WP_127697590	71.908	100	865	865	864	0.0	1307	type I DNA topoisomerase [Rheinheimera riviphila]
WP_109427873	71.904	100	872	865	868	0.0	1307	type I DNA topoisomerase [Aggregatibacter kilianii]
WP_457520438	70.901	99	866	865	877	0.0	1307	type I DNA topoisomerase [Vibrio sp. FJH11]
WP_270820907	71.824	100	866	865	873	0.0	1307	MULTISPECIES: type I DNA topoisomerase [Aeromonas]
WP_039040523	71.709	100	866	865	873	0.0	1307	MULTISPECIES: type I DNA topoisomerase [Aeromonas]
WP_279415562	71.183	100	871	865	870	0.0	1307	type I DNA topoisomerase [Glaesserella parasuis]
WP_055033576	70.771	100	869	865	876	0.0	1307	type I DNA topoisomerase [Vibrio metoecus]
WP_104214509	71.363	99	866	865	876	0.0	1307	type I DNA topoisomerase [Vibrio splendidus]
WP_199367275	71.116	100	869	865	876	0.0	1307	type I DNA topoisomerase [Vibrio cholerae]
WP_439146646	71.247	99	866	865	876	0.0	1307	type I DNA topoisomerase [Vibrio sp.]
WP_258463723	70.771	100	869	865	876	0.0	1307	type I DNA topoisomerase [Vibrio metoecus]
WP_237118681	71.216	100	872	865	886	0.0	1307	type I DNA topoisomerase [Pseudoalteromonas sp. L1]
WP_304569100	71.363	99	866	865	876	0.0	1307	type I DNA topoisomerase [Vibrio sp. SNU_ST1]
WP_005334892	71.824	100	866	865	873	0.0	1307	type I DNA topoisomerase [Aeromonas veronii]
WP_323935841	71.709	100	866	865	873	0.0	1307	type I DNA topoisomerase [Aeromonas veronii]
WP_409378392	70.934	99	867	865	876	0.0	1307	type I DNA topoisomerase [Vibrio owensii]
WP_167824770	71.709	100	866	865	873	0.0	1307	type I DNA topoisomerase [Aeromonas caviae]
WP_279431047	71.297	100	871	865	870	0.0	1307	type I DNA topoisomerase [Glaesserella parasuis]
WP_017409144	72.055	100	866	865	873	0.0	1307	MULTISPECIES: type I DNA topoisomerase [Aeromonas]
WP_196982781	71.001	100	869	865	876	0.0	1307	N/A
WP_100653220	71.709	100	866	865	873	0.0	1307	MULTISPECIES: type I DNA topoisomerase [Aeromonas]
WP_321119809	70.737	100	868	865	866	0.0	1307	type I DNA topoisomerase [Actinobacillus porcinus]
WP_102462441	71.363	99	866	865	876	0.0	1307	type I DNA topoisomerase [Vibrio splendidus]
WP_075592208	71.183	100	871	865	870	0.0	1307	type I DNA topoisomerase [Glaesserella parasuis]
WP_420722248	71.068	100	871	865	870	0.0	1307	type I DNA topoisomerase [Glaesserella parasuis]
WP_261483654	71.183	100	871	865	870	0.0	1307	type I DNA topoisomerase [Glaesserella parasuis]
WP_434565997	71.594	99	866	865	876	0.0	1307	type I DNA topoisomerase [Vibrio chagasii]
WP_139463463	71.709	100	866	865	873	0.0	1307	type I DNA topoisomerase [Aeromonas veronii]
WP_268032383	71.940	100	866	865	873	0.0	1307	type I DNA topoisomerase [Aeromonas hydrophila]
WP_421205502	71.709	100	866	865	873	0.0	1307	MULTISPECIES: type I DNA topoisomerase [unclassified Aeromonas]
WP_429109557	71.709	100	866	865	873	0.0	1307	type I DNA topoisomerase [Aeromonas veronii]
WP_039841572	70.934	99	867	865	878	0.0	1307	type I DNA topoisomerase [Vibrio owensii]
WP_061021822	71.363	99	866	865	876	0.0	1307	type I DNA topoisomerase [Vibrio splendidus]
WP_338455401	71.709	100	866	865	873	0.0	1307	type I DNA topoisomerase [Aeromonas veronii]
WP_479260026	71.363	99	866	865	876	0.0	1307	N/A
WP_005353832	71.709	100	866	865	873	0.0	1307	type I DNA topoisomerase [Aeromonas veronii]
WP_324050056	71.709	100	866	865	873	0.0	1307	type I DNA topoisomerase [Aeromonas caviae]
WP_157162147	71.824	100	866	865	873	0.0	1307	MULTISPECIES: type I DNA topoisomerase [Aeromonas]
WP_010437771	71.363	99	866	865	876	0.0	1307	MULTISPECIES: type I DNA topoisomerase [Vibrio]
WP_059260464	71.001	100	869	865	876	0.0	1307	type I DNA topoisomerase [Vibrio cholerae]
WP_279428198	71.297	100	871	865	870	0.0	1307	type I DNA topoisomerase [Glaesserella parasuis]
WP_374840895	71.824	100	866	865	873	0.0	1307	type I DNA topoisomerase [Aeromonas veronii]
WP_202042903	71.709	100	866	865	873	0.0	1307	type I DNA topoisomerase [Aeromonas caviae]
WP_421239832	71.774	99	868	865	873	0.0	1307	type I DNA topoisomerase [Aeromonas enteropelogenes]
WP_280541093	71.247	99	866	865	876	0.0	1307	type I DNA topoisomerase [Vibrio splendidus]
WP_135710469	70.737	100	868	865	866	0.0	1307	type I DNA topoisomerase [Actinobacillus porcinus]
WP_479260837	71.363	99	866	865	874	0.0	1307	N/A
WP_445985831	71.824	100	866	865	873	0.0	1307	type I DNA topoisomerase [Aeromonas veronii]
WP_317587990	71.132	99	866	865	875	0.0	1307	type I DNA topoisomerase [Vibrio sp. EA2]
WP_137372472	71.363	99	866	865	877	0.0	1307	type I DNA topoisomerase [Vibrio gallaecicus]
WP_231903585	71.363	99	866	865	876	0.0	1307	type I DNA topoisomerase [Vibrio splendidus]
WP_000520435	70.886	100	869	865	876	0.0	1307	type I DNA topoisomerase [Vibrio cholerae]
WP_114807650	71.116	100	869	865	876	0.0	1307	type I DNA topoisomerase [Vibrio cholerae]
WP_048607325	71.363	99	866	865	876	0.0	1307	type I DNA topoisomerase [Vibrio coralliirubri]
WP_323879266	71.709	100	866	865	873	0.0	1307	type I DNA topoisomerase [Aeromonas caviae]
WP_017089558	71.363	99	866	865	876	0.0	1307	MULTISPECIES: type I DNA topoisomerase [Vibrio]
WP_102472682	71.363	99	866	865	876	0.0	1307	type I DNA topoisomerase [Vibrio splendidus]
WP_151286926	71.940	100	866	865	873	0.0	1307	MULTISPECIES: type I DNA topoisomerase [Aeromonas]
WP_279431828	71.068	100	871	865	870	0.0	1307	type I DNA topoisomerase [Glaesserella parasuis]
WP_142610820	70.656	100	869	865	876	0.0	1307	type I DNA topoisomerase [Vibrio cholerae]
WP_445982548	71.824	100	866	865	873	0.0	1307	type I DNA topoisomerase [Aeromonas veronii]
WP_319883283	71.709	100	866	865	873	0.0	1307	type I DNA topoisomerase [Aeromonas caviae]
WP_058055691	71.824	100	866	865	873	0.0	1307	type I DNA topoisomerase [Aeromonas veronii]
WP_231900159	71.247	99	866	865	876	0.0	1307	type I DNA topoisomerase [Vibrio splendidus]
WP_137033569	71.478	99	866	865	876	0.0	1307	type I DNA topoisomerase [Vibrio kanaloae]
WP_202015438	71.709	100	866	865	873	0.0	1307	type I DNA topoisomerase [Aeromonas caviae]
WP_139476460	71.709	100	866	865	873	0.0	1307	type I DNA topoisomerase [Aeromonas veronii]
WP_101529849	71.824	100	866	865	873	0.0	1307	type I DNA topoisomerase [Aeromonas veronii]
WP_075592828	71.068	100	871	865	870	0.0	1307	type I DNA topoisomerase [Glaesserella parasuis]
WP_408782498	71.709	100	866	865	873	0.0	1307	type I DNA topoisomerase [Aeromonas caviae]
WP_114321635	70.853	100	868	865	876	0.0	1307	type I DNA topoisomerase [Vibrio harveyi]
WP_418111106	70.934	99	867	865	876	0.0	1307	type I DNA topoisomerase [Vibrio owensii]
WP_136978342	71.478	99	866	865	876	0.0	1307	type I DNA topoisomerase [Vibrio sp. F13]
WP_429134286	72.055	100	866	865	873	0.0	1307	type I DNA topoisomerase [Aeromonas hydrophila]
WP_484651525	71.709	100	866	865	873	0.0	1307	N/A
WP_341804213	71.216	100	872	865	888	0.0	1307	MULTISPECIES: type I DNA topoisomerase [unclassified Pseudoalteromonas]
WP_279446409	70.905	100	873	865	869	0.0	1307	type I DNA topoisomerase [Actinobacillus arthritidis]
WP_062923853	71.068	100	871	865	870	0.0	1307	type I DNA topoisomerase [Glaesserella parasuis]
WP_448054739	71.889	100	868	865	875	0.0	1307	type I DNA topoisomerase [Aeromonas hydrophila]
WP_220067336	71.053	100	874	865	872	0.0	1307	type I DNA topoisomerase [Shewanella zhangzhouensis]
WP_102257367	71.478	99	866	865	876	0.0	1307	MULTISPECIES: type I DNA topoisomerase [Vibrio]
WP_199357664	71.116	100	869	865	876	0.0	1307	type I DNA topoisomerase [Vibrio cholerae]
WP_270905909	71.824	100	866	865	873	0.0	1307	MULTISPECIES: type I DNA topoisomerase [Aeromonas]
WP_216975517	71.824	100	866	865	873	0.0	1307	MULTISPECIES: type I DNA topoisomerase [Aeromonas]
WP_421354623	71.709	100	866	865	873	0.0	1307	type I DNA topoisomerase [Aeromonas veronii]
WP_258492122	70.934	99	867	865	878	0.0	1307	type I DNA topoisomerase [Vibrio owensii]
WP_268676972	71.363	99	866	865	876	0.0	1307	type I DNA topoisomerase [Vibrio caribbeanicus]
WP_429210115	71.824	100	866	865	873	0.0	1307	type I DNA topoisomerase [Aeromonas veronii]
WP_479302197	71.247	99	866	865	876	0.0	1307	N/A
WP_034732693	71.889	99	868	865	877	0.0	1307	type I DNA topoisomerase [Pseudidiomarina atlantica]
WP_236269260	71.824	100	866	865	873	0.0	1307	type I DNA topoisomerase [Aeromonas veronii]
WP_487034693	71.068	100	871	865	870	0.0	1307	N/A
WP_128313689	71.709	100	866	865	873	0.0	1307	type I DNA topoisomerase [Aeromonas caviae]
WP_280603846	71.247	99	866	865	876	0.0	1307	type I DNA topoisomerase [Vibrio splendidus]
WP_372091034	71.478	99	866	865	876	0.0	1307	type I DNA topoisomerase [Vibrio artabrorum]
WP_428757622	71.478	99	866	865	876	0.0	1307	type I DNA topoisomerase [Vibrio atlanticus]
WP_279407040	71.068	100	871	865	870	0.0	1307	type I DNA topoisomerase [Glaesserella parasuis]
WP_330429262	71.068	100	871	865	870	0.0	1307	type I DNA topoisomerase [Glaesserella parasuis]
WP_099078613	70.934	99	867	865	876	0.0	1307	MULTISPECIES: type I DNA topoisomerase [Vibrio]
WP_323956395	71.709	100	866	865	873	0.0	1307	type I DNA topoisomerase [Aeromonas caviae]
WP_236316809	71.824	100	866	865	873	0.0	1307	type I DNA topoisomerase [Aeromonas veronii]
WP_422488762	71.594	99	866	865	876	0.0	1307	type I DNA topoisomerase [Vibrio chagasii]
WP_330144162	71.709	100	866	865	873	0.0	1307	type I DNA topoisomerase [Aeromonas caviae]
WP_316997822	71.116	100	869	865	876	0.0	1307	type I DNA topoisomerase [Vibrio cholerae]
WP_254231879	71.709	100	866	865	873	0.0	1307	type I DNA topoisomerase [Aeromonas caviae]
WP_095462293	71.116	100	869	865	876	0.0	1307	type I DNA topoisomerase [Vibrio cholerae]
WP_129503509	71.824	100	866	865	873	0.0	1307	MULTISPECIES: type I DNA topoisomerase [Aeromonas]
WP_203117179	71.940	100	866	865	873	0.0	1307	type I DNA topoisomerase [Aeromonas veronii]
WP_259230464	72.055	100	866	865	873	0.0	1307	type I DNA topoisomerase [Aeromonas hydrophila]
WP_167574360	71.824	100	866	865	873	0.0	1307	type I DNA topoisomerase [Aeromonas veronii]
WP_323583655	71.709	100	866	865	873	0.0	1307	type I DNA topoisomerase [Aeromonas caviae]
WP_043121319	72.055	100	866	865	873	0.0	1307	type I DNA topoisomerase [Aeromonas hydrophila]
WP_136979171	71.363	99	866	865	876	0.0	1307	type I DNA topoisomerase [Vibrio kanaloae]
WP_429062733	71.940	100	866	865	873	0.0	1307	type I DNA topoisomerase [Aeromonas veronii]
WP_279414832	71.183	100	871	865	870	0.0	1307	type I DNA topoisomerase [Glaesserella parasuis]
WP_456051936	71.561	99	865	865	872	0.0	1307	type I DNA topoisomerase [Vibrio sp. WJH972]
WP_310948577	71.132	99	866	865	874	0.0	1307	type I DNA topoisomerase [Vibrio vulnificus]
WP_434137340	72.184	99	870	865	883	0.0	1307	type I DNA topoisomerase [Photobacterium leiognathi]
WP_133543633	71.757	100	871	865	868	0.0	1307	type I DNA topoisomerase [Mesocricetibacter intestinalis]
WP_104485504	71.429	100	875	865	875	0.0	1307	type I DNA topoisomerase [Oceanisphaera arctica]
WP_040098544	71.875	99	864	865	873	0.0	1307	type I DNA topoisomerase [Aeromonas australiensis]
WP_172527026	71.116	100	869	865	876	0.0	1307	type I DNA topoisomerase [Vibrio cholerae]
WP_137071389	71.016	99	866	865	873	0.0	1307	type I DNA topoisomerase [Enterovibrio norvegicus]
WP_102571643	71.363	99	866	865	876	0.0	1307	type I DNA topoisomerase [Vibrio splendidus]
WP_280554731	71.363	99	866	865	876	0.0	1307	type I DNA topoisomerase [Vibrio splendidus]
WP_012127429	70.819	99	867	865	876	0.0	1307	MULTISPECIES: type I DNA topoisomerase [Vibrio]
WP_009707099	70.934	99	867	865	878	0.0	1307	MULTISPECIES: type I DNA topoisomerase [Vibrio]
WP_081233796	70.819	99	867	865	876	0.0	1307	type I DNA topoisomerase [Vibrio campbellii]
WP_016768417	71.247	99	866	865	876	0.0	1307	type I DNA topoisomerase [Vibrio cyclitrophicus]
WP_446649421	70.934	99	867	865	876	0.0	1307	type I DNA topoisomerase [Vibrio sp. PNB23_22_6]
WP_407161324	71.709	100	866	865	873	0.0	1307	type I DNA topoisomerase [Aeromonas caviae]
WP_373938462	71.363	99	866	865	876	0.0	1307	type I DNA topoisomerase [Vibrio kanaloae]
WP_024944133	72.055	100	866	865	873	0.0	1307	type I DNA topoisomerase [Aeromonas hydrophila]
WP_421271658	71.824	100	866	865	873	0.0	1307	type I DNA topoisomerase [Aeromonas veronii]
WP_408860640	71.824	100	866	865	873	0.0	1307	type I DNA topoisomerase [Aeromonas salmonicida]
WP_113605558	71.116	100	869	865	876	0.0	1307	MULTISPECIES: type I DNA topoisomerase [Vibrio]
WP_010673895	71.709	100	866	865	873	0.0	1307	MULTISPECIES: type I DNA topoisomerase [Aeromonas]
WP_108189383	71.247	99	866	865	876	0.0	1307	type I DNA topoisomerase [Vibrio splendidus]
WP_171366646	71.594	99	866	865	876	0.0	1307	type I DNA topoisomerase [Vibrio chagasii]
WP_236342557	71.709	100	866	865	873	0.0	1307	type I DNA topoisomerase [Aeromonas veronii]
WP_439258701	71.068	100	871	865	868	0.0	1307	type I DNA topoisomerase [Lonepinella sp. BR2930]
WP_069652860	71.709	100	866	865	873	0.0	1307	type I DNA topoisomerase [Aeromonas caviae]
WP_168966819	71.940	100	866	865	873	0.0	1307	MULTISPECIES: type I DNA topoisomerase [Aeromonas]
WP_413285939	71.247	99	866	865	874	0.0	1307	type I DNA topoisomerase [Vibrio sp. MA40-2]
WP_259610595	92.035	78	678	865	678	0.0	1306	type I DNA topoisomerase, partial [Klebsiella pneumoniae]
WP_304520637	71.824	100	866	865	873	0.0	1306	type I DNA topoisomerase [Aeromonas veronii]
WP_012603610	71.363	99	866	865	876	0.0	1306	MULTISPECIES: type I DNA topoisomerase [Vibrio]
WP_139493518	71.824	100	866	865	873	0.0	1306	type I DNA topoisomerase [Aeromonas veronii]
WP_446613416	71.050	99	867	865	876	0.0	1306	type I DNA topoisomerase [Vibrio alfacsensis]
WP_279430641	71.068	100	871	865	870	0.0	1306	type I DNA topoisomerase [Glaesserella parasuis]
WP_113068820	71.709	100	866	865	873	0.0	1306	type I DNA topoisomerase [Aeromonas caviae]
WP_439258233	70.872	100	872	865	868	0.0	1306	type I DNA topoisomerase [Lonepinella sp. BR2271]
WP_394151633	71.478	99	866	865	877	0.0	1306	type I DNA topoisomerase [Vibrio maritimus]
WP_284660072	72.497	100	869	865	882	0.0	1306	type I DNA topoisomerase [Photobacterium damselae]
WP_447772333	71.709	100	866	865	873	0.0	1306	type I DNA topoisomerase [Aeromonas veronii]
WP_109059027	71.674	100	872	865	868	0.0	1306	type I DNA topoisomerase [Aggregatibacter aphrophilus]
WP_372383986	71.363	99	866	865	876	0.0	1306	type I DNA topoisomerase [Vibrio sp. BS-M-Sm-2]
WP_368180523	71.709	100	866	865	873	0.0	1306	MULTISPECIES: type I DNA topoisomerase [Aeromonas]
WP_104452510	71.709	100	866	865	873	0.0	1306	MULTISPECIES: type I DNA topoisomerase [Aeromonas]
WP_479314385	71.940	100	866	865	873	0.0	1306	N/A
WP_236283374	71.824	100	866	865	873	0.0	1306	type I DNA topoisomerase [Aeromonas veronii]
WP_429768139	71.247	99	866	865	877	0.0	1306	type I DNA topoisomerase [Vibrio kagoshimensis]
WP_421310103	71.824	100	866	865	873	0.0	1306	type I DNA topoisomerase [Aeromonas sp. 603696]
WP_259241185	72.055	100	866	865	873	0.0	1306	type I DNA topoisomerase [Aeromonas hydrophila]
WP_429075515	71.709	100	866	865	873	0.0	1306	type I DNA topoisomerase [Aeromonas veronii]
WP_108186041	71.247	99	866	865	876	0.0	1306	type I DNA topoisomerase [Vibrio splendidus]
WP_033928613	71.116	100	869	865	876	0.0	1306	type I DNA topoisomerase [Vibrio cholerae]
WP_380818082	70.723	100	871	865	868	0.0	1306	type I DNA topoisomerase [Seminibacterium arietis]
WP_458767449	71.561	99	865	865	872	0.0	1306	type I DNA topoisomerase [Vibrio sp. RC27]
WP_252450394	72.055	100	866	865	873	0.0	1306	type I DNA topoisomerase [Aeromonas hydrophila]
WP_429117910	71.709	100	866	865	873	0.0	1306	type I DNA topoisomerase [Aeromonas veronii]
WP_386694114	71.068	100	871	865	868	0.0	1306	type I DNA topoisomerase [Lonepinella sp. MS14435]
WP_372103110	71.363	99	866	865	876	0.0	1306	type I DNA topoisomerase [Vibrio sp. 10N.247.311.12]
WP_160436742	71.183	100	871	865	870	0.0	1306	type I DNA topoisomerase [Glaesserella parasuis]
WP_267519514	71.824	100	866	865	873	0.0	1306	type I DNA topoisomerase [Aeromonas veronii]
WP_267845909	70.771	100	869	865	876	0.0	1306	type I DNA topoisomerase [Vibrio cholerae]
WP_335874752	71.709	100	866	865	873	0.0	1306	type I DNA topoisomerase [Aeromonas veronii]
WP_447475087	70.934	99	867	865	876	0.0	1306	type I DNA topoisomerase [Vibrio harveyi]
WP_372266936	71.247	99	866	865	877	0.0	1306	type I DNA topoisomerase [Vibrio gallaecicus]
WP_199356939	71.116	100	869	865	876	0.0	1306	type I DNA topoisomerase [Vibrio cholerae]
WP_323900651	71.231	100	869	865	877	0.0	1306	type I DNA topoisomerase [Aeromonas caviae]
WP_196980346	71.068	100	871	865	870	0.0	1306	type I DNA topoisomerase [Glaesserella parasuis]
WP_239972033	72.612	100	869	865	882	0.0	1306	type I DNA topoisomerase [Photobacterium damselae]
WP_208443932	70.934	99	867	865	876	0.0	1306	type I DNA topoisomerase [Vibrio sp. B1ASS3]
WP_142547753	71.116	100	869	865	876	0.0	1306	type I DNA topoisomerase [Vibrio cholerae]
WP_257725213	71.824	100	866	865	873	0.0	1306	type I DNA topoisomerase [Aeromonas veronii]
WP_017085853	71.247	99	866	865	876	0.0	1306	type I DNA topoisomerase [Vibrio splendidus]
WP_020195007	70.934	99	867	865	876	0.0	1306	type I DNA topoisomerase [Vibrio owensii]
WP_332500590	71.940	100	866	865	873	0.0	1306	type I DNA topoisomerase [Aeromonas sp.]
WP_279461753	71.709	100	866	865	873	0.0	1306	type I DNA topoisomerase [Aeromonas veronii]
WP_439293858	71.183	100	871	865	868	0.0	1306	type I DNA topoisomerase [Lonepinella sp. BR2882]
WP_487009770	71.068	100	871	865	870	0.0	1306	N/A
WP_275129597	70.670	99	866	865	875	0.0	1306	type I DNA topoisomerase [Vibrio sp. JC009]
WP_005703159	71.674	100	872	865	868	0.0	1306	type I DNA topoisomerase [Aggregatibacter aphrophilus]
WP_299687938	71.363	99	866	865	876	0.0	1306	type I DNA topoisomerase [uncultured Vibrio sp.]
WP_284159089	70.901	99	866	865	874	0.0	1306	type I DNA topoisomerase [Vibrio vulnificus]
WP_171370064	70.934	99	867	865	876	0.0	1306	type I DNA topoisomerase [Vibrio owensii]
WP_021229836	71.709	100	866	865	873	0.0	1306	type I DNA topoisomerase [Aeromonas veronii]
WP_071463514	71.363	100	873	865	872	0.0	1306	type I DNA topoisomerase [Idiomarina sp. MD25a]
WP_284191566	71.363	99	866	865	875	0.0	1306	type I DNA topoisomerase [Vibrio zhanjiangensis]
WP_331309982	71.116	100	869	865	876	0.0	1306	type I DNA topoisomerase [Vibrio cholerae]
WP_204477559	71.709	100	866	865	873	0.0	1306	type I DNA topoisomerase [Aeromonas veronii]
WP_318462505	72.184	99	870	865	883	0.0	1306	type I DNA topoisomerase [Photobacterium leiognathi]
WP_100861030	72.055	100	866	865	873	0.0	1306	type I DNA topoisomerase [Aeromonas lusitana]
WP_102423566	71.594	99	866	865	876	0.0	1306	MULTISPECIES: type I DNA topoisomerase [Vibrio]
WP_279421725	71.183	100	871	865	870	0.0	1306	type I DNA topoisomerase [Glaesserella parasuis]
WP_038896310	70.934	99	867	865	876	0.0	1306	MULTISPECIES: type I DNA topoisomerase [Vibrio]
WP_325782142	71.709	100	866	865	873	0.0	1306	type I DNA topoisomerase [Aeromonas sanarellii]
WP_160414886	71.068	100	871	865	870	0.0	1306	type I DNA topoisomerase [Glaesserella parasuis]
WP_279416930	71.183	100	871	865	870	0.0	1306	type I DNA topoisomerase [Glaesserella parasuis]
WP_140138560	71.626	99	867	865	872	0.0	1306	type I DNA topoisomerase [Vibrio parahaemolyticus]
WP_103243540	71.709	100	866	865	873	0.0	1306	type I DNA topoisomerase [Aeromonas sp. ASNIH5]
WP_421328995	71.594	100	866	865	873	0.0	1306	type I DNA topoisomerase [Aeromonas veronii]
WP_286293329	71.132	99	866	865	876	0.0	1306	type I DNA topoisomerase [Vibrio apostichopi]
WP_248336861	71.363	99	866	865	876	0.0	1306	MULTISPECIES: type I DNA topoisomerase [Vibrio]
WP_179902303	71.709	100	866	865	873	0.0	1306	type I DNA topoisomerase [Aeromonas veronii]
WP_321283752	71.132	99	866	865	875	0.0	1306	type I DNA topoisomerase [uncultured Vibrio sp.]
WP_426877717	71.183	100	871	865	870	0.0	1306	type I DNA topoisomerase [Glaesserella parasuis]
WP_055319754	71.363	99	866	865	876	0.0	1306	type I DNA topoisomerase [Vibrio crassostreae]
WP_240304566	70.819	99	867	865	876	0.0	1306	type I DNA topoisomerase [Vibrio campbellii]
WP_206954027	71.280	99	867	865	876	0.0	1306	type I DNA topoisomerase [Vibrio sp. Vb0877]
WP_279419150	71.297	100	871	865	870	0.0	1306	type I DNA topoisomerase [Glaesserella parasuis]
WP_279425700	71.068	100	871	865	870	0.0	1306	type I DNA topoisomerase [Glaesserella parasuis]
WP_011759437	70.938	100	874	865	872	0.0	1306	type I DNA topoisomerase [Shewanella amazonensis]
WP_160404964	71.068	100	871	865	870	0.0	1306	N/A
WP_123309859	71.363	99	866	865	876	0.0	1306	type I DNA topoisomerase [Vibrio crassostreae]
WP_479677982	70.785	99	866	865	875	0.0	1306	N/A
WP_408858955	71.594	100	866	865	873	0.0	1306	type I DNA topoisomerase [Aeromonas sanarellii]
WP_446531237	72.497	100	869	865	882	0.0	1306	type I DNA topoisomerase [Photobacterium damselae]
WP_319896869	71.709	100	866	865	873	0.0	1306	type I DNA topoisomerase [Aeromonas caviae]
WP_086775874	71.363	99	866	865	876	0.0	1306	type I DNA topoisomerase [Vibrio coralliirubri]
WP_035495014	71.183	100	871	865	870	0.0	1306	type I DNA topoisomerase [Glaesserella parasuis]
WP_060390017	72.055	100	866	865	873	0.0	1306	type I DNA topoisomerase [Aeromonas hydrophila]
WP_236360759	71.824	100	866	865	873	0.0	1306	type I DNA topoisomerase [Aeromonas veronii]
WP_421255847	71.824	100	866	865	873	0.0	1306	type I DNA topoisomerase [Aeromonas sp. 600282]
WP_045789265	71.940	100	866	865	873	0.0	1306	type I DNA topoisomerase [Aeromonas hydrophila]
WP_378008551	71.940	100	866	865	873	0.0	1306	type I DNA topoisomerase [Aeromonas hydrophila]
WP_257703740	71.940	100	866	865	873	0.0	1306	type I DNA topoisomerase [Aeromonas hydrophila]
WP_167567760	71.709	100	866	865	873	0.0	1306	type I DNA topoisomerase [Aeromonas veronii]
WP_258487515	71.165	99	867	865	876	0.0	1306	type I DNA topoisomerase [Vibrio diabolicus]
WP_059366171	71.297	100	871	865	868	0.0	1306	type I DNA topoisomerase [Rodentibacter caecimuris]
WP_230606835	71.001	100	869	865	876	0.0	1306	type I DNA topoisomerase [Vibrio cholerae]
WP_132970232	71.363	99	866	865	876	0.0	1306	type I DNA topoisomerase [Vibrio crassostreae]
WP_338592661	70.790	100	873	865	874	0.0	1306	type I DNA topoisomerase [Shewanella khirikhana]
WP_065101189	71.247	99	866	865	876	0.0	1306	type I DNA topoisomerase [Vibrio cyclitrophicus]
WP_394610940	70.819	99	867	865	878	0.0	1306	type I DNA topoisomerase [Vibrio owensii]
WP_213886266	71.165	99	867	865	876	0.0	1306	type I DNA topoisomerase [Vibrio alginolyticus]
WP_482316332	71.709	100	866	865	873	0.0	1306	N/A
WP_201903972	71.709	100	866	865	873	0.0	1306	type I DNA topoisomerase [Aeromonas veronii]
WP_479749530	71.709	100	866	865	873	0.0	1306	N/A
WP_487009299	71.297	100	871	865	870	0.0	1306	N/A
WP_102442063	71.247	99	866	865	876	0.0	1306	type I DNA topoisomerase [Vibrio splendidus]
WP_201943391	71.594	100	866	865	873	0.0	1306	type I DNA topoisomerase [Aeromonas veronii]
WP_279414318	71.183	100	871	865	870	0.0	1306	type I DNA topoisomerase [Glaesserella parasuis]
WP_235462410	71.759	99	864	865	873	0.0	1306	type I DNA topoisomerase [Aeromonas australiensis]
WP_042024775	71.774	99	868	865	873	0.0	1306	type I DNA topoisomerase [Aeromonas enteropelogenes]
WP_482310183	71.709	100	866	865	873	0.0	1306	N/A
WP_447192653	71.594	100	866	865	873	0.0	1306	type I DNA topoisomerase [Aeromonas sanarellii]
WP_160433997	71.183	100	871	865	870	0.0	1306	type I DNA topoisomerase [Glaesserella parasuis]
WP_317715533	71.363	99	866	865	874	0.0	1306	type I DNA topoisomerase [Vibrio sp. TH_r3]
WP_474401369	71.594	100	866	865	873	0.0	1306	N/A
WP_206874882	71.824	100	866	865	873	0.0	1306	type I DNA topoisomerase [Aeromonas veronii]
WP_374995866	71.709	100	866	865	873	0.0	1306	type I DNA topoisomerase [Aeromonas veronii]
WP_377247044	72.055	100	866	865	864	0.0	1306	type I DNA topoisomerase [Rheinheimera tilapiae]
WP_261468455	71.068	100	871	865	870	0.0	1306	type I DNA topoisomerase [Glaesserella parasuis]
WP_404857579	71.068	100	871	865	870	0.0	1306	type I DNA topoisomerase [Glaesserella parasuis]
WP_421294153	71.709	100	866	865	873	0.0	1306	type I DNA topoisomerase [Aeromonas veronii]
WP_324035850	71.594	100	866	865	873	0.0	1306	type I DNA topoisomerase [Aeromonas caviae]
WP_279430851	71.068	100	871	865	870	0.0	1306	type I DNA topoisomerase [Glaesserella parasuis]
WP_429078829	71.594	100	866	865	873	0.0	1306	type I DNA topoisomerase [Aeromonas veronii]
WP_102290993	71.247	99	866	865	876	0.0	1306	type I DNA topoisomerase [Vibrio lentus]
WP_036764082	72.497	100	869	865	882	0.0	1306	type I DNA topoisomerase [Photobacterium damselae]
WP_236325657	71.709	100	866	865	873	0.0	1306	type I DNA topoisomerase [Aeromonas veronii]
WP_262639644	71.280	99	867	865	876	0.0	1306	type I DNA topoisomerase [Vibrio sp. Vb2535]
WP_047008550	71.165	99	867	865	876	0.0	1306	MULTISPECIES: type I DNA topoisomerase [Vibrio]
WP_367580138	71.889	100	868	865	871	0.0	1306	type I DNA topoisomerase [Aeromonas diversa]
WP_421306500	71.709	100	866	865	873	0.0	1306	type I DNA topoisomerase [Aeromonas veronii]
WP_432577436	71.165	99	867	865	876	0.0	1306	type I DNA topoisomerase [Vibrio alginolyticus]
WP_487031068	70.953	100	871	865	870	0.0	1306	N/A
WP_421332934	71.709	100	866	865	873	0.0	1306	type I DNA topoisomerase [Aeromonas sp. 603607]
WP_404866499	71.068	100	871	865	870	0.0	1306	type I DNA topoisomerase [Glaesserella parasuis]
WP_487012908	71.183	100	871	865	870	0.0	1306	N/A
WP_341663777	70.901	99	866	865	875	0.0	1306	type I DNA topoisomerase [Vibrio sp.]
WP_260809197	71.363	99	866	865	876	0.0	1306	type I DNA topoisomerase [Vibrio splendidus]
WP_102988223	71.940	100	866	865	873	0.0	1306	type I DNA topoisomerase [Aeromonas hydrophila]
WP_009603463	71.247	99	866	865	876	0.0	1306	type I DNA topoisomerase [Vibrio caribbeanicus]
WP_426841397	71.183	100	871	865	870	0.0	1306	type I DNA topoisomerase [Glaesserella parasuis]
WP_160415970	71.068	100	871	865	870	0.0	1306	type I DNA topoisomerase [Glaesserella parasuis]
WP_042078125	71.594	100	866	865	873	0.0	1306	type I DNA topoisomerase [Aeromonas sanarellii]
WP_333779351	71.116	100	869	865	876	0.0	1306	type I DNA topoisomerase [Vibrio cholerae]
WP_447202865	71.594	100	866	865	873	0.0	1306	type I DNA topoisomerase [Aeromonas sanarellii]
WP_487015457	71.183	100	871	865	870	0.0	1306	N/A
WP_377152179	71.609	100	870	865	879	0.0	1306	type I DNA topoisomerase [Pseudaeromonas sharmana]
WP_077096086	71.940	100	866	865	873	0.0	1306	MULTISPECIES: type I DNA topoisomerase [Aeromonas]
WP_216961428	71.709	100	866	865	873	0.0	1306	MULTISPECIES: type I DNA topoisomerase [Aeromonas]
WP_273761877	71.940	100	866	865	873	0.0	1306	type I DNA topoisomerase [Aeromonas hydrophila]
WP_075630683	71.068	100	871	865	870	0.0	1306	type I DNA topoisomerase [Glaesserella parasuis]
WP_371707373	71.363	99	866	865	876	0.0	1306	type I DNA topoisomerase [Vibrio atlanticus]
WP_113740424	71.824	100	866	865	873	0.0	1306	MULTISPECIES: type I DNA topoisomerase [Aeromonas]
WP_446468164	70.819	99	867	865	876	0.0	1306	type I DNA topoisomerase [Vibrio harveyi]
WP_220077739	70.938	100	874	865	872	0.0	1306	type I DNA topoisomerase [Shewanella sp. FJAT-52076]
WP_284488568	71.709	100	866	865	873	0.0	1306	type I DNA topoisomerase [Aeromonas caviae]
WP_236297034	71.875	99	864	865	873	0.0	1306	type I DNA topoisomerase [Aeromonas veronii]
WP_305799393	71.116	100	869	865	876	0.0	1306	type I DNA topoisomerase [Vibrio cholerae]
WP_106842764	71.709	100	866	865	873	0.0	1306	MULTISPECIES: type I DNA topoisomerase [Aeromonas]
WP_258635807	71.165	99	867	865	876	0.0	1306	type I DNA topoisomerase [Vibrio diabolicus]
WP_439981652	71.824	100	866	865	873	0.0	1306	type I DNA topoisomerase [Aeromonas sp. 94A]
WP_075620887	71.068	100	871	865	870	0.0	1306	type I DNA topoisomerase [Glaesserella parasuis]
WP_404865552	71.068	100	871	865	870	0.0	1306	type I DNA topoisomerase [Glaesserella parasuis]
WP_160412944	71.183	100	871	865	870	0.0	1306	type I DNA topoisomerase [Glaesserella parasuis]
WP_160926653	70.785	99	866	865	875	0.0	1306	type I DNA topoisomerase [Vibrio tetraodonis]
WP_115060066	72.497	100	869	865	882	0.0	1306	type I DNA topoisomerase [Photobacterium damselae]
WP_264902269	71.132	99	866	865	875	0.0	1306	type I DNA topoisomerase [Vibrio sp. STUT-A11]
WP_372101103	71.363	99	866	865	876	0.0	1306	type I DNA topoisomerase [Vibrio sp. 10N.222.49.A3]
WP_017104280	71.247	99	866	865	876	0.0	1306	MULTISPECIES: type I DNA topoisomerase [Vibrio]
WP_318924739	70.737	100	868	865	881	0.0	1306	type I DNA topoisomerase [Photobacterium sp.]
WP_429144606	71.824	100	866	865	873	0.0	1306	type I DNA topoisomerase [Aeromonas veronii]
WP_394248352	71.132	99	866	865	876	0.0	1306	type I DNA topoisomerase [Vibrio profundi]
WP_239918183	71.478	99	866	865	876	0.0	1306	type I DNA topoisomerase [Vibrio sp. Isolate22]
WP_408746968	72.088	100	867	865	873	0.0	1306	type I DNA topoisomerase [Aeromonas bivalvium]
WP_279486724	71.709	100	866	865	873	0.0	1306	type I DNA topoisomerase [Aeromonas veronii]
WP_017820029	71.280	99	867	865	876	0.0	1306	type I DNA topoisomerase [Vibrio alginolyticus]
WP_044623863	72.434	99	867	865	881	0.0	1306	type I DNA topoisomerase [Photobacterium gaetbulicola]
WP_258664194	71.165	99	867	865	876	0.0	1305	type I DNA topoisomerase [Vibrio alginolyticus]
WP_279423484	71.068	100	871	865	870	0.0	1305	type I DNA topoisomerase [Glaesserella parasuis]
WP_425669544	70.819	99	867	865	876	0.0	1305	type I DNA topoisomerase [Vibrio owensii]
WP_411584593	71.940	100	866	865	873	0.0	1305	type I DNA topoisomerase [Aeromonas hydrophila]
WP_408809507	71.709	100	866	865	873	0.0	1305	type I DNA topoisomerase [Aeromonas caviae]
WP_042015614	71.594	100	866	865	873	0.0	1305	type I DNA topoisomerase [Aeromonas caviae]
WP_448051516	71.594	100	866	865	873	0.0	1305	type I DNA topoisomerase [Aeromonas caviae]
WP_080540955	70.901	99	866	865	874	0.0	1305	type I DNA topoisomerase [Vibrio vulnificus]
WP_213319589	71.594	100	866	865	873	0.0	1305	type I DNA topoisomerase [Aeromonas caviae]
WP_368153916	71.594	100	866	865	873	0.0	1305	type I DNA topoisomerase [Aeromonas sp. s9]
WP_217526298	71.231	100	869	865	876	0.0	1305	type I DNA topoisomerase [Vibrio cholerae]
WP_323943546	71.594	100	866	865	873	0.0	1305	type I DNA topoisomerase [Aeromonas caviae]
WP_109082552	71.789	100	872	865	868	0.0	1305	type I DNA topoisomerase [Aggregatibacter kilianii]
WP_152430071	70.785	99	866	865	875	0.0	1305	type I DNA topoisomerase [Vibrio aquimaris]
WP_331405052	70.819	99	867	865	878	0.0	1305	type I DNA topoisomerase [Vibrio owensii]
WP_108612108	71.594	100	866	865	873	0.0	1305	type I DNA topoisomerase [Aeromonas sp. HMWF015]
WP_237030998	72.497	100	869	865	882	0.0	1305	type I DNA topoisomerase [Photobacterium damselae]
WP_430455995	72.055	100	866	865	864	0.0	1305	type I DNA topoisomerase [Rheinheimera sp.]
WP_237032960	72.497	100	869	865	882	0.0	1305	type I DNA topoisomerase [Photobacterium damselae]
WP_408855510	71.594	100	866	865	873	0.0	1305	type I DNA topoisomerase [Aeromonas sanarellii]
WP_324059003	71.709	100	866	865	873	0.0	1305	type I DNA topoisomerase [Aeromonas caviae]
WP_130149730	71.101	100	872	865	888	0.0	1305	MULTISPECIES: type I DNA topoisomerase [unclassified Pseudoalteromonas]
WP_255912155	71.594	100	866	865	873	0.0	1305	type I DNA topoisomerase [Aeromonas sp. JL9]
WP_482319514	71.510	100	874	865	875	0.0	1305	N/A
WP_160416681	71.068	100	871	865	870	0.0	1305	type I DNA topoisomerase [Glaesserella parasuis]
WP_071180652	70.656	100	869	865	876	0.0	1305	type I DNA topoisomerase [Vibrio cholerae]
WP_201989938	71.709	100	866	865	873	0.0	1305	type I DNA topoisomerase [Aeromonas veronii]
WP_268015423	71.940	100	866	865	873	0.0	1305	type I DNA topoisomerase [Aeromonas hydrophila]
WP_258643929	71.165	99	867	865	876	0.0	1305	type I DNA topoisomerase [Vibrio diabolicus]
WP_395200607	71.165	99	867	865	876	0.0	1305	type I DNA topoisomerase [Vibrio diabolicus]
WP_386693001	71.068	100	871	865	868	0.0	1305	type I DNA topoisomerase [Lonepinella sp. MS14434]
WP_330088933	72.706	99	861	865	864	0.0	1305	MULTISPECIES: type I DNA topoisomerase [Alkalimonas]
WP_148532647	71.231	100	869	865	876	0.0	1305	type I DNA topoisomerase [Vibrio cholerae]
WP_234495541	71.363	99	866	865	877	0.0	1305	MULTISPECIES: type I DNA topoisomerase [Vibrio]
WP_075605684	71.068	100	871	865	870	0.0	1305	type I DNA topoisomerase [Glaesserella parasuis]
WP_447187086	71.594	100	866	865	873	0.0	1305	type I DNA topoisomerase [Aeromonas sanarellii]
WP_021115833	71.183	100	871	865	870	0.0	1305	type I DNA topoisomerase [Glaesserella parasuis]
WP_143581100	71.461	100	869	865	886	0.0	1305	type I DNA topoisomerase [Thalassotalea sp. PS06]
WP_159144160	71.824	100	866	865	873	0.0	1305	type I DNA topoisomerase [Aeromonas veronii]
WP_482297184	71.940	100	866	865	873	0.0	1305	N/A
WP_428748586	70.704	99	867	865	876	0.0	1305	type I DNA topoisomerase [Vibrio campbellii]
WP_279416753	71.068	100	871	865	870	0.0	1305	type I DNA topoisomerase [Glaesserella parasuis]
WP_421257856	71.594	100	866	865	873	0.0	1305	type I DNA topoisomerase [Aeromonas sp. 600886]
WP_042082558	71.824	100	866	865	873	0.0	1305	type I DNA topoisomerase [Aeromonas veronii]
WP_103252330	71.594	100	866	865	873	0.0	1305	type I DNA topoisomerase [Aeromonas veronii]
WP_009846346	71.363	99	866	865	876	0.0	1305	type I DNA topoisomerase [Vibrio sp. MED222]
WP_134696953	71.824	100	866	865	873	0.0	1305	type I DNA topoisomerase [Aeromonas taiwanensis]
WP_404857203	70.953	100	871	865	870	0.0	1305	type I DNA topoisomerase [Glaesserella parasuis]
WP_482626762	72.497	100	869	865	882	0.0	1305	N/A
WP_290436166	71.709	100	866	865	873	0.0	1305	type I DNA topoisomerase [Aeromonas caviae]
WP_258663253	71.165	99	867	865	876	0.0	1305	type I DNA topoisomerase [Vibrio diabolicus]
WP_069554049	71.594	100	866	865	873	0.0	1305	type I DNA topoisomerase [Aeromonas sp. DNP9]
WP_112082571	71.297	100	871	865	868	0.0	1305	type I DNA topoisomerase [Haemophilus influenzae]
WP_227274139	71.824	100	866	865	873	0.0	1305	type I DNA topoisomerase [Aeromonas veronii]
WP_160404836	70.953	100	871	865	870	0.0	1305	type I DNA topoisomerase [Glaesserella parasuis]
WP_434145837	70.819	99	867	865	876	0.0	1305	type I DNA topoisomerase [Vibrio owensii]
WP_421292671	71.824	100	866	865	873	0.0	1305	type I DNA topoisomerase [Aeromonas taiwanensis]
WP_109112766	71.594	100	866	865	873	0.0	1305	MULTISPECIES: type I DNA topoisomerase [Aeromonas]
WP_446605065	70.819	99	867	865	876	0.0	1305	type I DNA topoisomerase [Vibrio harveyi]
WP_266135867	71.594	100	866	865	873	0.0	1305	type I DNA topoisomerase [Aeromonas caviae]
WP_278167616	71.824	100	866	865	873	0.0	1305	type I DNA topoisomerase [Aeromonas veronii]
WP_479255062	71.247	99	866	865	876	0.0	1305	N/A
WP_475206623	71.216	100	872	865	888	0.0	1305	N/A
WP_180311522	71.216	100	872	865	888	0.0	1305	MULTISPECIES: type I DNA topoisomerase [Pseudoalteromonas]
WP_036968862	71.216	100	872	865	888	0.0	1305	MULTISPECIES: type I DNA topoisomerase [Pseudoalteromonas]
WP_162092673	70.704	99	867	865	876	0.0	1305	type I DNA topoisomerase [Vibrio sp. LB10LO1]
WP_305553018	74.130	100	862	865	861	0.0	1305	type I DNA topoisomerase [Rheinheimera sp.]
WP_268671398	71.247	99	866	865	876	0.0	1305	type I DNA topoisomerase [Vibrio coralliirubri]
WP_102550331	71.132	99	866	865	877	0.0	1305	type I DNA topoisomerase [Vibrio breoganii]
WP_239171225	70.785	99	866	865	875	0.0	1305	type I DNA topoisomerase [Vibrio sp. Of14-4]
WP_010785769	71.068	100	871	865	870	0.0	1305	type I DNA topoisomerase [Glaesserella parasuis]
WP_429058209	71.594	100	866	865	873	0.0	1305	type I DNA topoisomerase [Aeromonas veronii]
WP_264954294	72.497	100	869	865	882	0.0	1305	type I DNA topoisomerase [Photobacterium damselae]
WP_213965357	71.165	99	867	865	876	0.0	1305	MULTISPECIES: type I DNA topoisomerase [Vibrio]
WP_164536300	71.709	100	866	865	873	0.0	1305	type I DNA topoisomerase [Aeromonas veronii]
WP_429179594	71.659	100	868	865	873	0.0	1305	type I DNA topoisomerase [Aeromonas salmonicida]
WP_110572210	71.134	100	873	865	872	0.0	1305	type I DNA topoisomerase [Idiomarina fontislapidosi]
WP_284668937	72.497	100	869	865	882	0.0	1305	type I DNA topoisomerase [Photobacterium damselae]
WP_171308501	71.247	99	866	865	876	0.0	1305	type I DNA topoisomerase [Vibrio splendidus]
WP_219276697	71.676	100	865	865	873	0.0	1305	type I DNA topoisomerase [Aeromonas jandaei]
WP_323967148	71.940	100	866	865	873	0.0	1305	type I DNA topoisomerase [Aeromonas hydrophila]
WP_279501330	71.709	100	866	865	873	0.0	1305	type I DNA topoisomerase [Aeromonas veronii]
WP_439238344	70.953	100	871	865	868	0.0	1305	MULTISPECIES: type I DNA topoisomerase [unclassified Lonepinella]
WP_447247342	72.497	100	869	865	882	0.0	1305	type I DNA topoisomerase [Photobacterium damselae]
WP_371713349	71.363	99	866	865	876	0.0	1305	type I DNA topoisomerase [Vibrio crassostreae]
WP_096992557	71.132	99	866	865	874	0.0	1305	type I DNA topoisomerase [Vibrio thalassae]
WP_319916480	71.709	100	866	865	873	0.0	1305	type I DNA topoisomerase [Aeromonas media]
WP_160414660	70.953	100	871	865	870	0.0	1305	type I DNA topoisomerase [Glaesserella parasuis]
WP_042013731	71.659	100	868	865	873	0.0	1305	type I DNA topoisomerase [Aeromonas fluvialis]
WP_330472214	70.819	99	867	865	876	0.0	1305	type I DNA topoisomerase [Vibrio harveyi]
WP_368195273	71.824	100	866	865	873	0.0	1305	type I DNA topoisomerase [Aeromonas sp. R2-2]
WP_212581690	70.704	99	867	865	876	0.0	1305	MULTISPECIES: type I DNA topoisomerase [Vibrio]
WP_416108491	71.068	100	871	865	870	0.0	1305	type I DNA topoisomerase [Glaesserella parasuis]
WP_432519596	72.497	100	869	865	882	0.0	1305	type I DNA topoisomerase [Photobacterium damselae]
WP_458739221	70.934	99	867	865	876	0.0	1305	type I DNA topoisomerase [Vibrio harveyi]
WP_104969237	71.165	99	867	865	876	0.0	1305	MULTISPECIES: type I DNA topoisomerase [Vibrio]
WP_318968491	72.158	100	862	865	871	0.0	1305	type I DNA topoisomerase [Arsukibacterium sp.]
WP_372108529	71.247	99	866	865	876	0.0	1305	type I DNA topoisomerase [Vibrio sp. 10N.237.312.B06]
WP_160427225	71.183	100	871	865	870	0.0	1305	type I DNA topoisomerase [Glaesserella parasuis]
WP_334227584	71.165	99	867	865	876	0.0	1305	type I DNA topoisomerase [Vibrio alginolyticus]
WP_265973614	71.363	99	866	865	876	0.0	1305	MULTISPECIES: type I DNA topoisomerase [unclassified Vibrio]
WP_114779788	71.001	100	869	865	876	0.0	1305	type I DNA topoisomerase [Vibrio cholerae]
WP_458769591	70.934	99	867	865	876	0.0	1305	type I DNA topoisomerase [Vibrio harveyi]
WP_483695890	71.759	99	864	865	873	0.0	1305	N/A
WP_042041488	71.478	100	866	865	873	0.0	1305	MULTISPECIES: type I DNA topoisomerase [Aeromonas]
WP_102460946	71.363	99	866	865	876	0.0	1305	MULTISPECIES: type I DNA topoisomerase [unclassified Vibrio]
WP_261602239	71.511	99	867	865	881	0.0	1305	type I DNA topoisomerase [Photobacterium sp. TY1-4]
WP_339386260	71.247	99	866	865	876	0.0	1305	type I DNA topoisomerase [Vibrio caribbeanicus]
WP_067417144	70.670	99	866	865	873	0.0	1305	type I DNA topoisomerase [Enterovibrio coralii]
WP_192889030	71.132	99	866	865	876	0.0	1305	type I DNA topoisomerase [Vibrio bathopelagicus]
WP_060982350	71.363	99	866	865	876	0.0	1305	type I DNA topoisomerase [Vibrio splendidus]
WP_160436985	71.068	100	871	865	870	0.0	1305	type I DNA topoisomerase [Glaesserella parasuis]
WP_021114792	70.953	100	871	865	870	0.0	1305	type I DNA topoisomerase [Glaesserella parasuis]
WP_247625799	71.709	100	866	865	873	0.0	1305	MULTISPECIES: type I DNA topoisomerase [Aeromonas]
WP_371733185	70.901	99	866	865	873	0.0	1305	type I DNA topoisomerase [Enterovibrio sp. FF113]
WP_213906483	71.165	99	867	865	876	0.0	1305	type I DNA topoisomerase [Vibrio alginolyticus]
WP_199369151	71.001	100	869	865	876	0.0	1305	type I DNA topoisomerase [Vibrio cholerae]
WP_237286519	70.901	99	866	865	874	0.0	1305	type I DNA topoisomerase [Vibrio floridensis]
WP_429112111	71.709	100	866	865	873	0.0	1305	type I DNA topoisomerase [Aeromonas veronii]
WP_487015599	71.183	100	871	865	870	0.0	1305	N/A
WP_404402206	72.612	99	869	865	872	0.0	1305	type I DNA topoisomerase [Idiomarina seosinensis]
WP_337160770	71.165	99	867	865	876	0.0	1305	type I DNA topoisomerase [Vibrio alginolyticus]
WP_199436504	70.819	99	867	865	878	0.0	1305	type I DNA topoisomerase [Vibrio owensii]
WP_318123915	71.165	99	867	865	876	0.0	1305	type I DNA topoisomerase [Vibrio sp. 2304]
WP_258633060	71.165	99	867	865	876	0.0	1305	type I DNA topoisomerase [Vibrio alginolyticus]
WP_446679508	71.709	100	866	865	873	0.0	1305	type I DNA topoisomerase [Aeromonas veronii]
WP_086049111	71.247	99	866	865	876	0.0	1305	type I DNA topoisomerase [Vibrio syngnathi]
WP_262659282	71.165	99	867	865	876	0.0	1305	type I DNA topoisomerase [Vibrio alginolyticus]
WP_209113625	71.034	100	870	865	886	0.0	1305	type I DNA topoisomerase [Endozoicomonas sp. G2_1]
WP_354404046	70.819	99	867	865	876	0.0	1305	type I DNA topoisomerase [Vibrio harveyi]
WP_114787120	70.785	99	866	865	875	0.0	1305	type I DNA topoisomerase [Vibrio tetraodonis]
WP_194495966	71.709	100	866	865	873	0.0	1305	MULTISPECIES: type I DNA topoisomerase [Aeromonas]
WP_127008733	71.676	100	865	865	873	0.0	1305	type I DNA topoisomerase [Aeromonas veronii]
WP_017099940	71.247	99	866	865	876	0.0	1305	MULTISPECIES: type I DNA topoisomerase [Vibrio]
WP_075593646	71.101	100	872	865	888	0.0	1305	MULTISPECIES: type I DNA topoisomerase [Pseudoalteromonas]
WP_061010136	70.819	99	867	865	876	0.0	1305	type I DNA topoisomerase [Vibrio sp. CUB2]
WP_069686945	70.819	99	867	865	876	0.0	1305	type I DNA topoisomerase [Vibrio harveyi]
WP_084885672	71.132	99	866	865	878	0.0	1305	type I DNA topoisomerase [Vibrio sp. qd031]
WP_428465240	71.511	99	867	865	884	0.0	1305	type I DNA topoisomerase [Photobacterium minamisatsumaniensis]
WP_035520262	71.068	100	871	865	870	0.0	1305	type I DNA topoisomerase [Glaesserella parasuis]
WP_446606120	70.819	99	867	865	876	0.0	1305	type I DNA topoisomerase [Vibrio harveyi]
WP_457999216	71.068	100	871	865	870	0.0	1305	type I DNA topoisomerase [Glaesserella parasuis]
WP_334226949	71.198	99	868	865	876	0.0	1305	type I DNA topoisomerase [Vibrio cholerae]
WP_421283336	71.594	100	866	865	873	0.0	1305	type I DNA topoisomerase [Aeromonas veronii]
WP_182396296	71.216	100	872	865	888	0.0	1305	type I DNA topoisomerase [Pseudoalteromonas sp. MT33b]
WP_429158850	71.709	100	866	865	873	0.0	1305	type I DNA topoisomerase [Aeromonas veronii]
WP_012073135	71.216	100	872	865	870	0.0	1305	type I DNA topoisomerase [Actinobacillus succinogenes]
WP_065599408	71.016	99	866	865	877	0.0	1305	type I DNA topoisomerase [Vibrio breoganii]
WP_421316200	71.709	100	866	865	873	0.0	1305	type I DNA topoisomerase [Aeromonas veronii]
WP_279404450	70.953	100	871	865	870	0.0	1305	type I DNA topoisomerase [Glaesserella parasuis]
WP_239831387	71.478	99	866	865	876	0.0	1305	MULTISPECIES: type I DNA topoisomerase [unclassified Vibrio]
WP_005378351	71.165	99	867	865	876	0.0	1305	MULTISPECIES: type I DNA topoisomerase [Vibrio]
WP_395239136	71.165	99	867	865	876	0.0	1305	type I DNA topoisomerase [Vibrio alginolyticus]
WP_005450368	70.819	99	867	865	876	0.0	1305	MULTISPECIES: type I DNA topoisomerase [Vibrio]
WP_314867790	71.789	100	872	865	868	0.0	1305	type I DNA topoisomerase [Aggregatibacter kilianii]
WP_116007509	71.494	100	870	865	895	0.0	1305	type I DNA topoisomerase [Thalassotalea euphylliae]
WP_237041632	72.497	100	869	865	882	0.0	1305	type I DNA topoisomerase [Photobacterium damselae]
WP_255957822	70.819	99	867	865	876	0.0	1305	type I DNA topoisomerase [Vibrio campbellii]
WP_446318767	70.901	99	866	865	874	0.0	1305	type I DNA topoisomerase [Vibrio vulnificus]
WP_429640078	71.594	100	866	865	873	0.0	1305	type I DNA topoisomerase [Aeromonas veronii]
WP_076491344	71.594	100	866	865	873	0.0	1305	type I DNA topoisomerase [Aeromonas veronii]
WP_428455668	71.511	99	867	865	881	0.0	1305	type I DNA topoisomerase [Photobacterium makurazakiensis]
WP_265433651	71.709	100	866	865	873	0.0	1304	type I DNA topoisomerase [Aeromonas salmonicida]
WP_279421232	70.953	100	871	865	870	0.0	1304	type I DNA topoisomerase [Glaesserella parasuis]
WP_026972497	71.657	100	875	865	877	0.0	1304	type I DNA topoisomerase [Aliagarivorans marinus]
WP_258456320	70.819	99	867	865	876	0.0	1304	type I DNA topoisomerase [Vibrio harveyi]
WP_075321079	70.608	100	871	865	868	0.0	1304	type I DNA topoisomerase [Histophilus somni]
WP_238966283	71.050	99	867	865	876	0.0	1304	type I DNA topoisomerase [Vibrio alginolyticus]
WP_238896184	71.264	99	870	865	878	0.0	1304	type I DNA topoisomerase [Shewanella electrica]
WP_019829856	71.001	100	869	865	876	0.0	1304	type I DNA topoisomerase [Vibrio cholerae]
WP_429033785	71.594	100	866	865	873	0.0	1304	type I DNA topoisomerase [Aeromonas veronii]
WP_149560283	71.001	100	869	865	876	0.0	1304	type I DNA topoisomerase [Vibrio cholerae]
WP_372008468	71.165	99	867	865	876	0.0	1304	type I DNA topoisomerase [Vibrio alginolyticus]
WP_275918952	71.709	100	866	865	873	0.0	1304	type I DNA topoisomerase [Aeromonas sp. 2HA2]
WP_201991964	71.709	100	866	865	873	0.0	1304	type I DNA topoisomerase [Aeromonas veronii]
WP_368175708	71.709	100	866	865	873	0.0	1304	type I DNA topoisomerase [Aeromonas sp. R5-4]
WP_199358945	71.001	100	869	865	876	0.0	1304	type I DNA topoisomerase [Vibrio cholerae]
WP_205158397	71.016	99	866	865	878	0.0	1304	type I DNA topoisomerase [Vibrio ulleungensis]
WP_102498535	71.247	99	866	865	876	0.0	1304	type I DNA topoisomerase [Vibrio splendidus]
WP_479751042	71.709	100	866	865	873	0.0	1304	N/A
WP_458762536	70.819	99	867	865	876	0.0	1304	type I DNA topoisomerase [Vibrio harveyi]
WP_149350836	71.068	100	871	865	870	0.0	1304	type I DNA topoisomerase [Glaesserella parasuis]
WP_279427564	71.068	100	871	865	870	0.0	1304	type I DNA topoisomerase [Glaesserella parasuis]
WP_188371777	71.001	100	869	865	876	0.0	1304	type I DNA topoisomerase [Vibrio cholerae]
WP_185226707	71.561	100	865	865	873	0.0	1304	MULTISPECIES: type I DNA topoisomerase [Aeromonas]
WP_050919428	70.704	99	867	865	876	0.0	1304	type I DNA topoisomerase [Vibrio campbellii]
WP_338824942	70.953	100	871	865	870	0.0	1304	type I DNA topoisomerase [Glaesserella parasuis]
WP_446567620	71.247	99	866	865	877	0.0	1304	type I DNA topoisomerase [Vibrio maritimus]
WP_317420619	71.165	99	867	865	876	0.0	1304	type I DNA topoisomerase [Vibrio diabolicus]
WP_427258632	71.544	100	868	865	873	0.0	1304	type I DNA topoisomerase [Aeromonas salmonicida]
WP_210548161	72.088	100	867	865	873	0.0	1304	MULTISPECIES: type I DNA topoisomerase [Aeromonas]
WP_064376617	71.165	99	867	865	876	0.0	1304	type I DNA topoisomerase [Vibrio alginolyticus]
WP_474325584	71.216	100	872	865	888	0.0	1304	N/A
WP_168834422	70.670	99	866	865	875	0.0	1304	type I DNA topoisomerase [Vibrio agarilyticus]
WP_281025278	72.434	99	867	865	881	0.0	1304	type I DNA topoisomerase [Photobacterium sp. DA100]
WP_111691668	71.183	100	871	865	868	0.0	1304	type I DNA topoisomerase [Haemophilus influenzae]
WP_028025214	71.132	99	866	865	873	0.0	1304	type I DNA topoisomerase [Enterovibrio calviensis]
WP_426879277	71.183	100	871	865	870	0.0	1304	type I DNA topoisomerase [Glaesserella parasuis]
WP_421419606	71.216	100	872	865	888	0.0	1304	type I DNA topoisomerase [Pseudoalteromonas lipolytica]
WP_182935400	71.594	100	866	865	873	0.0	1304	type I DNA topoisomerase [Aeromonas caviae]
WP_395228280	71.165	99	867	865	876	0.0	1304	type I DNA topoisomerase [Vibrio alginolyticus]
WP_005426314	70.704	99	867	865	876	0.0	1304	type I DNA topoisomerase [Vibrio campbellii]
WP_479758268	71.709	100	866	865	873	0.0	1304	N/A
WP_412779720	71.889	100	868	865	871	0.0	1304	type I DNA topoisomerase [Aeromonas diversa]
WP_410088885	71.001	100	869	865	876	0.0	1304	type I DNA topoisomerase [Vibrio cholerae]
WP_362774133	71.709	100	866	865	873	0.0	1304	type I DNA topoisomerase [Aeromonas veronii]
WP_054576377	71.165	99	867	865	876	0.0	1304	MULTISPECIES: type I DNA topoisomerase [Vibrio]
WP_474311822	71.216	100	872	865	888	0.0	1304	N/A
WP_101960908	70.819	99	867	865	876	0.0	1304	type I DNA topoisomerase [Vibrio harveyi]
WP_271771874	71.824	100	866	865	873	0.0	1304	type I DNA topoisomerase [Aeromonas salmonicida]
WP_106142039	72.382	100	869	865	882	0.0	1304	type I DNA topoisomerase [Photobacterium damselae]
WP_378004565	71.676	100	865	865	873	0.0	1304	type I DNA topoisomerase [Aeromonas jandaei]
WP_029789004	70.819	99	867	865	876	0.0	1304	MULTISPECIES: type I DNA topoisomerase [Vibrio]
WP_026375035	72.152	99	869	865	879	0.0	1304	type I DNA topoisomerase [Aestuariibacter salexigens]
WP_279405819	70.953	100	871	865	870	0.0	1304	type I DNA topoisomerase [Glaesserella parasuis]
WP_319894805	71.594	100	866	865	873	0.0	1304	type I DNA topoisomerase [Aeromonas caviae]
WP_336578969	71.594	100	866	865	873	0.0	1304	type I DNA topoisomerase [Aeromonas caviae]
WP_421322946	71.478	100	866	865	873	0.0	1304	type I DNA topoisomerase [Aeromonas veronii]
WP_411631666	71.379	100	870	865	873	0.0	1304	type I DNA topoisomerase [Aeromonas jandaei]
WP_323922976	71.594	100	866	865	873	0.0	1304	type I DNA topoisomerase [Aeromonas caviae]
WP_213866954	71.165	99	867	865	876	0.0	1304	type I DNA topoisomerase [Vibrio alginolyticus]
WP_265463357	71.709	100	866	865	873	0.0	1304	type I DNA topoisomerase [Aeromonas salmonicida]
WP_270666686	71.594	100	866	865	873	0.0	1304	MULTISPECIES: type I DNA topoisomerase [unclassified Aeromonas]
WP_236767421	71.594	100	866	865	873	0.0	1304	type I DNA topoisomerase [Aeromonas veronii]
WP_275906398	71.544	100	868	865	873	0.0	1304	type I DNA topoisomerase [Aeromonas sp. 5HA1]
WP_141268369	70.785	99	866	865	877	0.0	1304	type I DNA topoisomerase [Vibrio comitans]
WP_102455287	70.901	99	866	865	877	0.0	1304	type I DNA topoisomerase [Vibrio breoganii]
WP_238826484	71.132	99	866	865	874	0.0	1304	type I DNA topoisomerase [Vibrio vulnificus]
WP_439287609	70.953	100	871	865	868	0.0	1304	type I DNA topoisomerase [Lonepinella sp. BR2904]
WP_239969055	70.819	99	867	865	876	0.0	1304	type I DNA topoisomerase [Vibrio harveyi]
WP_112062991	70.838	100	871	865	870	0.0	1304	type I DNA topoisomerase [Glaesserella parasuis]
WP_158136003	72.382	100	869	865	882	0.0	1304	type I DNA topoisomerase [Photobacterium damselae]
WP_044009045	71.183	100	871	865	870	0.0	1304	type I DNA topoisomerase [Glaesserella parasuis]
WP_203130212	71.676	100	865	865	873	0.0	1304	type I DNA topoisomerase [Aeromonas jandaei]
WP_220052059	71.757	100	871	865	879	0.0	1304	type I DNA topoisomerase [Shewanella acanthi]
WP_275059160	71.594	100	866	865	873	0.0	1304	type I DNA topoisomerase [Aeromonas caviae]
WP_429058086	71.561	100	865	865	873	0.0	1304	type I DNA topoisomerase [Aeromonas jandaei]
WP_279430394	71.068	100	871	865	870	0.0	1304	type I DNA topoisomerase [Glaesserella parasuis]
WP_109079844	71.560	100	872	865	868	0.0	1304	type I DNA topoisomerase [Aggregatibacter aphrophilus]
WP_216989813	71.116	100	869	865	877	0.0	1304	MULTISPECIES: type I DNA topoisomerase [Aeromonas]
WP_139473702	71.709	100	866	865	873	0.0	1304	type I DNA topoisomerase [Aeromonas veronii]
WP_225473790	71.165	99	867	865	876	0.0	1304	MULTISPECIES: type I DNA topoisomerase [Vibrio]
WP_159179896	71.068	100	871	865	870	0.0	1304	type I DNA topoisomerase [Glaesserella parasuis]
WP_065209733	70.901	99	866	865	877	0.0	1304	type I DNA topoisomerase [Vibrio breoganii]
WP_106224625	72.382	100	869	865	882	0.0	1304	type I DNA topoisomerase [Photobacterium damselae]
WP_201981290	71.561	100	865	865	873	0.0	1304	type I DNA topoisomerase [Aeromonas veronii]
WP_244776725	71.594	100	866	865	873	0.0	1304	type I DNA topoisomerase [Aeromonas veronii]
WP_132743020	71.247	99	866	865	876	0.0	1304	type I DNA topoisomerase [Vibrio crassostreae]
WP_415836087	72.748	100	866	865	862	0.0	1304	type I DNA topoisomerase [Rheinheimera salexigens]
WP_039978511	71.724	100	870	865	878	0.0	1304	type I DNA topoisomerase [Shewanella decolorationis]
WP_487014235	70.953	100	871	865	870	0.0	1304	N/A
WP_226082846	71.165	99	867	865	876	0.0	1304	MULTISPECIES: type I DNA topoisomerase [unclassified Vibrio]
WP_282249483	70.588	99	867	865	876	0.0	1304	type I DNA topoisomerase [Vibrio campbellii]
WP_043762019	72.088	100	867	865	873	0.0	1304	type I DNA topoisomerase [Aeromonas taiwanensis]
WP_038889185	70.704	99	867	865	876	0.0	1304	type I DNA topoisomerase [Vibrio campbellii]
WP_274886069	70.704	99	867	865	876	0.0	1304	type I DNA topoisomerase [Vibrio harveyi]
WP_288063150	71.068	100	871	865	868	0.0	1304	type I DNA topoisomerase [Rodentibacter caecimuris]
WP_273315278	70.507	100	868	865	866	0.0	1304	type I DNA topoisomerase [Actinobacillus porcinus]
WP_408676781	70.704	99	867	865	876	0.0	1304	type I DNA topoisomerase [Vibrio campbellii]
WP_408867840	71.116	100	869	865	877	0.0	1304	type I DNA topoisomerase [Aeromonas sanarellii]
WP_265436202	71.709	100	866	865	873	0.0	1304	type I DNA topoisomerase [Aeromonas media]
WP_267740890	71.001	100	869	865	876	0.0	1304	type I DNA topoisomerase [Vibrio cholerae]
WP_252420838	72.088	100	867	865	873	0.0	1304	type I DNA topoisomerase [Aeromonas taiwanensis]
WP_335865656	71.709	100	866	865	873	0.0	1304	type I DNA topoisomerase [Aeromonas veronii]
WP_431361369	71.709	100	866	865	873	0.0	1304	type I DNA topoisomerase [Aeromonas sp.]
WP_344955109	71.183	99	871	865	880	0.0	1304	type I DNA topoisomerase [Zobellella aerophila]
WP_274792072	70.819	99	867	865	875	0.0	1304	type I DNA topoisomerase [Vibrio harveyi]
WP_456691828	71.709	100	866	865	873	0.0	1304	type I DNA topoisomerase [Aeromonas encheleia]
WP_267528201	71.709	100	866	865	873	0.0	1304	type I DNA topoisomerase [Aeromonas veronii]
WP_411647751	72.088	100	867	865	873	0.0	1304	type I DNA topoisomerase [Aeromonas taiwanensis]
WP_487012472	71.183	100	871	865	870	0.0	1304	N/A
WP_386032497	71.379	100	870	865	881	0.0	1304	type I DNA topoisomerase [Thalassotalea euphylliae]
WP_374874346	71.709	100	866	865	873	0.0	1304	type I DNA topoisomerase [Aeromonas sp. MdU4]
WP_285384236	70.704	99	867	865	876	0.0	1304	type I DNA topoisomerase [Vibrio sp. B181a]
WP_408805713	71.594	100	866	865	873	0.0	1304	type I DNA topoisomerase [Aeromonas caviae]
WP_021109419	71.068	100	871	865	870	0.0	1304	type I DNA topoisomerase [Glaesserella parasuis]
WP_258656415	71.050	99	867	865	876	0.0	1303	type I DNA topoisomerase [Vibrio diabolicus]
WP_016961327	70.785	99	866	865	873	0.0	1303	MULTISPECIES: type I DNA topoisomerase [Enterovibrio]
WP_395231823	71.050	99	867	865	876	0.0	1303	type I DNA topoisomerase [Vibrio alginolyticus]
WP_428660353	71.280	99	867	865	883	0.0	1303	type I DNA topoisomerase [Photobacterium swingsii]
WP_160435131	71.183	100	871	865	870	0.0	1303	type I DNA topoisomerase [Glaesserella parasuis]
WP_228904208	70.704	99	867	865	875	0.0	1303	type I DNA topoisomerase, partial [Vibrio campbellii]
WP_428477096	71.972	99	867	865	883	0.0	1303	type I DNA topoisomerase [Photobacterium japonica]
WP_219143785	71.116	100	869	865	877	0.0	1303	type I DNA topoisomerase [Aeromonas sanarellii]
WP_239961530	71.478	99	866	865	876	0.0	1303	type I DNA topoisomerase [Vibrio chagasii]
WP_005710869	71.068	100	871	865	870	0.0	1303	type I DNA topoisomerase [Glaesserella parasuis]
WP_428779835	71.165	99	867	865	876	0.0	1303	type I DNA topoisomerase [Vibrio alginolyticus]
WP_048897031	71.280	99	867	865	883	0.0	1303	type I DNA topoisomerase [Photobacterium swingsii]
WP_266134272	71.709	100	866	865	873	0.0	1303	type I DNA topoisomerase [Aeromonas veronii]
WP_216973213	71.494	100	870	865	873	0.0	1303	MULTISPECIES: type I DNA topoisomerase [Aeromonas]
WP_460862134	72.486	100	865	865	860	0.0	1303	N/A
WP_234579195	71.709	100	866	865	873	0.0	1303	type I DNA topoisomerase [Aeromonas salmonicida]
WP_421247883	71.676	100	865	865	873	0.0	1303	type I DNA topoisomerase [Aeromonas jandaei]
WP_412782896	71.116	100	869	865	877	0.0	1303	type I DNA topoisomerase [Aeromonas sanarellii]
WP_218290662	71.709	100	866	865	873	0.0	1303	MULTISPECIES: type I DNA topoisomerase [unclassified Aeromonas]
WP_131731389	71.709	100	866	865	873	0.0	1303	type I DNA topoisomerase [Aeromonas salmonicida]
WP_185891604	70.901	99	866	865	874	0.0	1303	type I DNA topoisomerase [Vibrio vulnificus]
WP_161685961	71.429	99	868	865	878	0.0	1303	type I DNA topoisomerase [Vibrio toranzoniae]
WP_165311685	70.656	99	869	865	876	0.0	1303	type I DNA topoisomerase [Vibrio ziniensis]
WP_043597838	71.889	100	868	865	871	0.0	1303	type I DNA topoisomerase [Aeromonas diversa]
WP_350235931	71.594	100	866	865	873	0.0	1303	type I DNA topoisomerase [Aeromonas veronii]
WP_010645814	70.704	99	867	865	876	0.0	1303	type I DNA topoisomerase [Vibrio campbellii]
WP_279410376	70.953	100	871	865	870	0.0	1303	type I DNA topoisomerase [Glaesserella parasuis]
WP_238842871	71.050	99	867	865	876	0.0	1303	type I DNA topoisomerase [Vibrio alginolyticus]
WP_222325732	70.704	99	867	865	876	0.0	1303	type I DNA topoisomerase [Vibrio harveyi]
WP_317103705	71.709	100	866	865	873	0.0	1303	type I DNA topoisomerase [Aeromonas allosaccharophila]
WP_068904206	70.554	99	866	865	873	0.0	1303	type I DNA topoisomerase [Veronia pacifica]
WP_169076815	71.149	100	870	865	880	0.0	1303	type I DNA topoisomerase [Thalassotalea algicola]
WP_035490613	71.183	100	871	865	870	0.0	1303	type I DNA topoisomerase [Glaesserella parasuis]
WP_037443114	71.527	100	871	865	875	0.0	1303	type I DNA topoisomerase [Shewanella mangrovi]
WP_258456821	71.165	99	867	865	876	0.0	1303	type I DNA topoisomerase [Vibrio alginolyticus]
WP_342676101	71.068	100	871	865	883	0.0	1303	type I DNA topoisomerase [Pseudoalteromonas qingdaonensis]
WP_109860318	71.674	100	872	865	868	0.0	1303	type I DNA topoisomerase [Aggregatibacter aphrophilus]
WP_160420088	71.068	100	871	865	870	0.0	1303	type I DNA topoisomerase [Glaesserella parasuis]
WP_421319818	71.594	100	866	865	873	0.0	1303	type I DNA topoisomerase [Aeromonas veronii]
WP_268853672	71.050	99	867	865	876	0.0	1303	type I DNA topoisomerase [Vibrio diabolicus]
WP_362805044	71.824	100	866	865	873	0.0	1303	type I DNA topoisomerase [Aeromonas allosaccharophila]
WP_429235177	71.544	100	868	865	873	0.0	1303	type I DNA topoisomerase [Aeromonas salmonicida]
WP_274166877	70.901	99	866	865	873	0.0	1303	MULTISPECIES: type I DNA topoisomerase [Enterovibrio]
WP_268979461	71.165	99	867	865	876	0.0	1303	type I DNA topoisomerase [Vibrio diabolicus]
WP_485862840	71.445	100	872	865	868	0.0	1303	N/A
WP_050922701	70.704	99	867	865	876	0.0	1303	type I DNA topoisomerase [Vibrio harveyi]
WP_061018455	71.247	99	866	865	876	0.0	1303	type I DNA topoisomerase [Vibrio splendidus]
WP_113591447	71.001	100	869	865	876	0.0	1303	type I DNA topoisomerase [Vibrio tarriae]
WP_215801707	71.561	100	865	865	873	0.0	1303	type I DNA topoisomerase [Aeromonas jandaei]
WP_021707641	71.165	99	867	865	876	0.0	1303	type I DNA topoisomerase [Vibrio alginolyticus]
WP_151514647	71.050	99	867	865	876	0.0	1303	type I DNA topoisomerase [Vibrio alginolyticus]
WP_261576987	70.953	100	871	865	870	0.0	1303	type I DNA topoisomerase [Glaesserella parasuis]
WP_124241768	71.561	100	865	865	873	0.0	1303	type I DNA topoisomerase [Aeromonas jandaei]
WP_407330656	71.363	99	866	865	873	0.0	1303	type I DNA topoisomerase [Enterovibrio litoreus]
WP_075293899	70.494	100	871	865	868	0.0	1303	type I DNA topoisomerase [Histophilus somni]
WP_017030849	70.901	99	866	865	877	0.0	1303	type I DNA topoisomerase [Vibrio breoganii]
WP_182053080	70.704	99	867	865	876	0.0	1303	type I DNA topoisomerase [Vibrio sp. B1FIG11]
WP_170891652	71.050	99	867	865	876	0.0	1303	MULTISPECIES: type I DNA topoisomerase [Vibrio]
WP_042029403	71.561	100	865	865	873	0.0	1303	type I DNA topoisomerase [Aeromonas jandaei]
WP_115999807	71.379	100	870	865	894	0.0	1303	type I DNA topoisomerase [Thalassotalea euphylliae]
WP_253643765	71.050	99	867	865	876	0.0	1303	type I DNA topoisomerase [Vibrio sp. Y42_MX_L11]
WP_104014156	71.561	100	865	865	873	0.0	1303	type I DNA topoisomerase [Aeromonas jandaei]
WP_044175323	72.267	100	869	865	882	0.0	1303	type I DNA topoisomerase [Photobacterium damselae]
WP_138976530	72.382	100	869	865	882	0.0	1303	type I DNA topoisomerase [Photobacterium damselae]
WP_104978943	71.165	99	867	865	876	0.0	1303	type I DNA topoisomerase [Vibrio alginolyticus]
WP_487011924	71.068	100	871	865	870	0.0	1303	N/A
WP_439241624	70.757	100	872	865	868	0.0	1303	type I DNA topoisomerase [Lonepinella sp. BR2474]
WP_170886943	71.544	99	868	865	876	0.0	1303	MULTISPECIES: type I DNA topoisomerase [unclassified Vibrio]
WP_421260913	71.561	100	865	865	873	0.0	1303	type I DNA topoisomerase [Aeromonas jandaei]
WP_318162848	71.116	100	869	865	877	0.0	1303	type I DNA topoisomerase [Aeromonas sp. XH]
WP_248369014	71.247	99	866	865	876	0.0	1303	type I DNA topoisomerase [Vibrio sp. 1CM8B]
WP_038898164	70.704	99	867	865	876	0.0	1303	type I DNA topoisomerase [Vibrio harveyi]
WP_281704947	72.088	100	867	865	873	0.0	1303	type I DNA topoisomerase [Aeromonas taiwanensis]
WP_427242672	71.594	100	866	865	873	0.0	1303	type I DNA topoisomerase [Aeromonas salmonicida]
WP_099612330	71.544	99	868	865	876	0.0	1303	type I DNA topoisomerase [Vibrio fujianensis]
WP_346196867	71.478	100	866	865	873	0.0	1303	type I DNA topoisomerase [Aeromonas veronii]
WP_201907312	71.561	100	865	865	873	0.0	1303	type I DNA topoisomerase [Aeromonas jandaei]
WP_142735072	71.001	100	869	865	876	0.0	1303	type I DNA topoisomerase [Vibrio cholerae]
WP_213343785	71.494	100	870	865	873	0.0	1303	type I DNA topoisomerase [Aeromonas dhakensis]
WP_472827681	70.588	99	867	865	876	0.0	1303	N/A
WP_432598192	71.050	99	867	865	876	0.0	1303	type I DNA topoisomerase [Vibrio diabolicus]
WP_071610152	70.838	100	871	865	870	0.0	1303	type I DNA topoisomerase [Glaesserella parasuis]
WP_130147643	71.068	100	871	865	881	0.0	1303	type I DNA topoisomerase [Pseudoalteromonas sp. CO325X]
WP_102334131	70.785	99	866	865	877	0.0	1303	type I DNA topoisomerase [Vibrio breoganii]
WP_043851335	71.561	100	865	865	873	0.0	1303	MULTISPECIES: type I DNA topoisomerase [Aeromonas]
WP_021139069	71.709	100	866	865	873	0.0	1303	type I DNA topoisomerase [Aeromonas salmonicida]
WP_386686510	70.953	100	871	865	868	0.0	1303	type I DNA topoisomerase [Lonepinella sp. MS14437]
WP_395236798	71.050	99	867	865	876	0.0	1303	type I DNA topoisomerase [Vibrio alginolyticus]
WP_342057754	71.594	100	866	865	873	0.0	1303	type I DNA topoisomerase [Aeromonas sp. OTU364]
WP_114719725	71.001	100	869	865	876	0.0	1303	type I DNA topoisomerase [Vibrio cholerae]
WP_042652626	71.709	100	866	865	873	0.0	1303	type I DNA topoisomerase [Aeromonas encheleia]
WP_483580262	72.382	100	869	865	882	0.0	1303	N/A
WP_198080584	92.012	78	676	865	676	0.0	1303	type I DNA topoisomerase, partial [Klebsiella pneumoniae]
WP_039468103	72.203	99	867	865	881	0.0	1303	type I DNA topoisomerase [Photobacterium gaetbulicola]
WP_213896737	71.050	99	867	865	876	0.0	1303	type I DNA topoisomerase [Vibrio alginolyticus]
WP_429175692	71.709	100	866	865	873	0.0	1303	type I DNA topoisomerase [Aeromonas salmonicida]
WP_042648448	71.709	100	866	865	873	0.0	1303	type I DNA topoisomerase [Aeromonas media]
WP_421254014	71.445	100	865	865	873	0.0	1303	type I DNA topoisomerase [Aeromonas jandaei]
WP_089068966	71.461	100	869	865	877	0.0	1303	type I DNA topoisomerase [Shewanella bicestrii]
WP_487032473	71.183	100	871	865	870	0.0	1303	N/A
WP_026960310	71.543	100	875	865	877	0.0	1303	type I DNA topoisomerase [Aliagarivorans taiwanensis]
WP_279422787	70.838	100	871	865	870	0.0	1303	type I DNA topoisomerase [Glaesserella parasuis]
WP_438415124	71.379	100	870	865	873	0.0	1303	type I DNA topoisomerase [Aeromonas jandaei]
WP_416919035	70.771	99	869	865	874	0.0	1303	type I DNA topoisomerase [Vibrio sp.]
WP_079959669	96.106	74	642	865	642	0.0	1303	type I DNA topoisomerase, partial [Salmonella enterica]
WP_102464236	71.132	99	866	865	876	0.0	1303	type I DNA topoisomerase [Vibrio splendidus]
WP_138507853	71.068	100	871	865	881	0.0	1303	MULTISPECIES: type I DNA topoisomerase [Pseudoalteromonas]
WP_111588236	71.709	100	866	865	873	0.0	1303	MULTISPECIES: type I DNA topoisomerase [Aeromonas]
WP_164689449	70.838	100	871	865	870	0.0	1303	type I DNA topoisomerase [Glaesserella parasuis]
WP_429019482	71.709	100	866	865	873	0.0	1303	type I DNA topoisomerase [Aeromonas allosaccharophila]
WP_152440850	70.953	100	871	865	881	0.0	1303	type I DNA topoisomerase [Pseudoalteromonas sp. THAF3]
WP_216982220	71.972	100	867	865	873	0.0	1303	MULTISPECIES: type I DNA topoisomerase [Aeromonas]
WP_331377960	71.709	100	866	865	873	0.0	1303	type I DNA topoisomerase [Aeromonas veronii]
WP_132500974	70.332	100	873	865	869	0.0	1303	type I DNA topoisomerase [Nicoletella semolina]
WP_065645394	71.050	99	867	865	876	0.0	1303	MULTISPECIES: type I DNA topoisomerase [Vibrio diabolicus subgroup]
WP_182108492	70.785	99	866	865	873	0.0	1303	type I DNA topoisomerase [Vibrio marinisediminis]
WP_005390711	71.050	99	867	865	876	0.0	1303	MULTISPECIES: type I DNA topoisomerase [Vibrio]
WP_203345777	71.050	99	867	865	876	0.0	1303	type I DNA topoisomerase [Vibrio alginolyticus]
WP_404296278	71.494	100	870	865	873	0.0	1302	type I DNA topoisomerase [Aeromonas salmonicida]
WP_111277573	71.560	100	872	865	868	0.0	1302	type I DNA topoisomerase [Aggregatibacter kilianii]
WP_317346203	71.050	99	867	865	876	0.0	1302	type I DNA topoisomerase [Vibrio sp. T13N]
WP_265431357	71.709	100	866	865	873	0.0	1302	type I DNA topoisomerase [Aeromonas salmonicida]
WP_408843998	71.494	100	870	865	873	0.0	1302	type I DNA topoisomerase [Aeromonas dhakensis]
WP_207322658	71.918	100	876	865	877	0.0	1302	type I DNA topoisomerase [Shewanella cyperi]
WP_337733116	71.396	99	867	865	881	0.0	1302	type I DNA topoisomerase [Photobacterium sp. MCCC 1A19761]
WP_395240587	71.050	99	867	865	876	0.0	1302	type I DNA topoisomerase [Vibrio alginolyticus]
WP_456494209	71.709	100	866	865	873	0.0	1302	type I DNA topoisomerase [Aeromonas enterica]
WP_102481025	70.785	99	866	865	877	0.0	1302	type I DNA topoisomerase [Vibrio breoganii]
WP_411664659	71.445	100	865	865	873	0.0	1302	type I DNA topoisomerase [Aeromonas jandaei]
WP_395191385	71.050	99	867	865	876	0.0	1302	type I DNA topoisomerase [Vibrio diabolicus]
WP_374813433	71.594	100	866	865	873	0.0	1302	type I DNA topoisomerase [Aeromonas allosaccharophila]
WP_408853933	71.116	100	869	865	877	0.0	1302	type I DNA topoisomerase [Aeromonas sanarellii]
WP_258652899	71.050	99	867	865	876	0.0	1302	type I DNA topoisomerase [Vibrio diabolicus]
WP_421256433	71.561	100	865	865	873	0.0	1302	type I DNA topoisomerase [Aeromonas jandaei]
WP_252601538	71.494	100	870	865	873	0.0	1302	type I DNA topoisomerase [Aeromonas dhakensis]
WP_456498285	71.594	100	866	865	873	0.0	1302	type I DNA topoisomerase [Aeromonas mytilicola]
WP_186505120	72.331	100	871	865	880	0.0	1302	type I DNA topoisomerase [Neptunicella marina]
WP_105976512	71.050	99	867	865	876	0.0	1302	type I DNA topoisomerase [Vibrio sp. V01_P9A10T6]
WP_256955054	71.050	99	867	865	876	0.0	1302	type I DNA topoisomerase [Vibrio diabolicus]
WP_407962649	71.561	100	865	865	873	0.0	1302	type I DNA topoisomerase [Aeromonas jandaei]
WP_086957864	72.382	100	869	865	882	0.0	1302	type I DNA topoisomerase [Photobacterium damselae]
WP_407957619	71.561	100	865	865	873	0.0	1302	type I DNA topoisomerase [Aeromonas veronii]
WP_487013520	71.068	100	871	865	870	0.0	1302	N/A
WP_024941857	71.494	100	870	865	873	0.0	1302	type I DNA topoisomerase [Aeromonas dhakensis]
WP_100798927	70.785	99	866	865	873	0.0	1302	type I DNA topoisomerase [Vibrio sp. HA2012]
WP_238844283	71.050	99	867	865	876	0.0	1302	type I DNA topoisomerase [Vibrio alginolyticus]
WP_113603317	71.001	100	869	865	876	0.0	1302	type I DNA topoisomerase [Vibrio tarriae]
WP_408842056	71.561	100	865	865	873	0.0	1302	type I DNA topoisomerase [Aeromonas jandaei]
WP_042051062	71.494	100	870	865	873	0.0	1302	MULTISPECIES: type I DNA topoisomerase [Aeromonas]
WP_193020815	70.805	100	870	865	890	0.0	1302	type I DNA topoisomerase [Thalassotalea sp. LPB0316]
WP_255936552	71.561	100	865	865	873	0.0	1302	type I DNA topoisomerase [Aeromonas sp. SG16]
WP_258586695	71.050	99	867	865	876	0.0	1302	MULTISPECIES: type I DNA topoisomerase [Vibrio]
WP_017411764	71.709	100	866	865	873	0.0	1302	type I DNA topoisomerase [Aeromonas salmonicida]
WP_319906416	71.494	100	870	865	873	0.0	1302	type I DNA topoisomerase [Aeromonas dhakensis]
WP_475200800	71.068	100	871	865	881	0.0	1302	N/A
WP_421252663	71.676	100	865	865	873	0.0	1302	type I DNA topoisomerase [Aeromonas sp. 600724]
WP_461854807	71.709	100	866	865	873	0.0	1302	N/A
WP_201911363	71.561	100	865	865	873	0.0	1302	type I DNA topoisomerase [Aeromonas jandaei]
WP_279775267	71.757	100	871	865	878	0.0	1302	type I DNA topoisomerase [Shewanella sp. GD03713]
WP_170889136	71.050	99	867	865	876	0.0	1302	MULTISPECIES: type I DNA topoisomerase [Vibrio]
WP_102404442	71.247	99	866	865	880	0.0	1302	type I DNA topoisomerase [Vibrio sp. 10N.261.55.A7]
WP_256894868	71.050	99	867	865	876	0.0	1302	type I DNA topoisomerase [Vibrio diabolicus]
WP_487015752	70.953	100	871	865	870	0.0	1302	N/A
WP_033136942	71.594	100	866	865	873	0.0	1302	type I DNA topoisomerase [Aeromonas finlandensis]
WP_282149365	70.934	99	867	865	876	0.0	1302	type I DNA topoisomerase [Vibrio diabolicus]
WP_025766918	71.050	99	867	865	876	0.0	1302	MULTISPECIES: type I DNA topoisomerase [Vibrio]
WP_041208968	71.561	100	865	865	873	0.0	1302	type I DNA topoisomerase [Aeromonas jandaei]
WP_458754696	71.494	100	870	865	873	0.0	1302	type I DNA topoisomerase [Aeromonas dhakensis]
WP_372079265	71.247	99	866	865	880	0.0	1302	type I DNA topoisomerase [Vibrio amylolyticus]
WP_475254074	72.203	99	867	865	881	0.0	1302	N/A
WP_070049942	72.748	100	866	865	869	0.0	1302	type I DNA topoisomerase [Rheinheimera salexigens]
WP_115339706	71.050	99	867	865	876	0.0	1302	type I DNA topoisomerase [Vibrio anguillarum]
WP_261835344	70.554	99	866	865	875	0.0	1302	type I DNA topoisomerase [Vibrio ishigakensis]
WP_047976142	71.101	100	872	865	868	0.0	1302	type I DNA topoisomerase [Muribacter muris]
WP_411651093	71.494	100	870	865	873	0.0	1302	type I DNA topoisomerase [Aeromonas dhakensis]
WP_371988797	71.247	99	866	865	880	0.0	1302	type I DNA topoisomerase [Vibrio amylolyticus]
WP_408123643	71.429	100	868	865	873	0.0	1302	type I DNA topoisomerase [Aeromonas salmonicida]
WP_053303238	71.050	99	867	865	876	0.0	1302	MULTISPECIES: type I DNA topoisomerase [Vibrio]
WP_201970595	71.494	100	870	865	873	0.0	1302	type I DNA topoisomerase [Aeromonas dhakensis]
WP_130546621	71.050	99	867	865	876	0.0	1302	type I DNA topoisomerase [Vibrio alginolyticus]
WP_487013698	70.953	100	871	865	870	0.0	1302	N/A
WP_421196193	71.445	100	865	865	873	0.0	1302	type I DNA topoisomerase [Aeromonas jandaei]
WP_279485446	71.494	100	870	865	873	0.0	1302	MULTISPECIES: type I DNA topoisomerase [Aeromonas]
WP_201891831	71.494	100	870	865	873	0.0	1302	type I DNA topoisomerase [Aeromonas dhakensis]
WP_279409036	71.068	100	871	865	870	0.0	1302	type I DNA topoisomerase [Glaesserella parasuis]
WP_426994805	70.953	100	871	865	870	0.0	1302	type I DNA topoisomerase [Glaesserella parasuis]
WP_265452191	71.594	100	866	865	873	0.0	1302	type I DNA topoisomerase [Aeromonas salmonicida]
WP_478236368	71.494	100	870	865	873	0.0	1302	N/A
WP_102450945	70.670	99	866	865	877	0.0	1302	type I DNA topoisomerase [Vibrio breoganii]
WP_428461906	71.050	99	867	865	883	0.0	1302	type I DNA topoisomerase [Photobacterium kagoshimensis]
WP_335847539	71.709	100	866	865	873	0.0	1302	type I DNA topoisomerase [Aeromonas allosaccharophila]
WP_430469108	71.050	99	867	865	876	0.0	1302	type I DNA topoisomerase [Vibrio alginolyticus]
WP_429038795	71.594	100	866	865	873	0.0	1302	MULTISPECIES: type I DNA topoisomerase [Aeromonas]
WP_366997420	71.016	99	866	865	873	0.0	1302	type I DNA topoisomerase, partial [Vibrio cholerae]
WP_372081139	71.050	99	867	865	876	0.0	1302	type I DNA topoisomerase [Vibrio alginolyticus]
WP_454894857	71.674	100	872	865	868	0.0	1302	type I DNA topoisomerase [Aggregatibacter kilianii]
WP_237311878	71.050	99	867	865	876	0.0	1302	type I DNA topoisomerase [Vibrio sp. J2-3(2022)]
WP_130244372	71.314	100	875	865	880	0.0	1302	type I DNA topoisomerase [Pseudoalteromonas rubra]
WP_447832359	71.709	100	866	865	873	0.0	1302	type I DNA topoisomerase [Aeromonas salmonicida]
WP_001961705	70.886	100	869	865	876	0.0	1302	type I DNA topoisomerase [Vibrio cholerae]
WP_446035671	70.588	99	867	865	876	0.0	1302	type I DNA topoisomerase [Vibrio campbellii]
WP_404872506	70.953	100	871	865	870	0.0	1302	type I DNA topoisomerase [Glaesserella parasuis]
WP_109168522	71.050	99	867	865	876	0.0	1302	MULTISPECIES: type I DNA topoisomerase [Vibrio]
WP_395238153	71.050	99	867	865	876	0.0	1302	type I DNA topoisomerase [Vibrio alginolyticus]
WP_481064134	71.050	99	867	865	876	0.0	1302	N/A
WP_282788979	71.709	100	866	865	873	0.0	1302	type I DNA topoisomerase [Aeromonas salmonicida]
WP_395189219	71.050	99	867	865	876	0.0	1301	type I DNA topoisomerase [Vibrio diabolicus]
WP_010633259	71.494	100	870	865	873	0.0	1301	MULTISPECIES: type I DNA topoisomerase [Aeromonas]
WP_428749763	71.050	99	867	865	876	0.0	1301	type I DNA topoisomerase [Vibrio alginolyticus]
WP_226810684	71.860	99	860	865	858	0.0	1301	type I DNA topoisomerase [Candidatus Steffania adelgidicola]
WP_236765364	71.445	100	865	865	873	0.0	1301	type I DNA topoisomerase [Aeromonas jandaei]
WP_395202560	71.050	99	867	865	876	0.0	1301	type I DNA topoisomerase [Vibrio diabolicus]
WP_099359576	71.494	100	870	865	873	0.0	1301	type I DNA topoisomerase [Aeromonas dhakensis]
WP_284300646	70.690	100	870	865	887	0.0	1301	type I DNA topoisomerase [Thalassotalea loyana]
WP_199871647	71.050	99	867	865	876	0.0	1301	type I DNA topoisomerase [Vibrio anguillarum]
WP_113611754	70.886	100	869	865	876	0.0	1301	type I DNA topoisomerase [Vibrio paracholerae]
WP_053807165	70.819	99	867	865	876	0.0	1301	MULTISPECIES: type I DNA topoisomerase [Vibrio]
WP_392553471	70.115	100	870	865	870	0.0	1301	type I DNA topoisomerase [Orbus wheelerorum]
WP_461601893	71.709	100	866	865	873	0.0	1301	N/A
WP_277207725	70.622	100	868	865	875	0.0	1301	type I DNA topoisomerase [Vibrio misgurnus]
WP_297897015	71.724	100	870	865	880	0.0	1301	type I DNA topoisomerase [Shewanella sp.]
WP_417761120	71.379	99	870	865	878	0.0	1301	type I DNA topoisomerase [Shewanella sp.]
WP_045417635	70.588	99	867	865	876	0.0	1301	type I DNA topoisomerase [Vibrio campbellii]
WP_265457931	71.594	100	866	865	873	0.0	1301	type I DNA topoisomerase [Aeromonas salmonicida]
WP_421190832	71.561	100	865	865	873	0.0	1301	type I DNA topoisomerase [Aeromonas jandaei]
WP_139396403	71.445	100	865	865	873	0.0	1301	type I DNA topoisomerase [Aeromonas jandaei]
WP_139398962	71.494	100	870	865	873	0.0	1301	type I DNA topoisomerase [Aeromonas dhakensis]
WP_256956448	71.050	99	867	865	876	0.0	1301	type I DNA topoisomerase [Vibrio diabolicus]
WP_255983953	70.588	99	867	865	876	0.0	1301	type I DNA topoisomerase [Vibrio campbellii]
WP_290020415	71.594	100	866	865	873	0.0	1301	type I DNA topoisomerase [Aeromonas salmonicida]
WP_421169920	71.494	100	870	865	873	0.0	1301	type I DNA topoisomerase [Aeromonas dhakensis]
WP_258646801	71.050	99	867	865	876	0.0	1301	type I DNA topoisomerase [Vibrio diabolicus]
WP_202046422	71.594	100	866	865	873	0.0	1301	type I DNA topoisomerase [Aeromonas media]
WP_248968043	71.757	100	871	865	878	0.0	1301	type I DNA topoisomerase [Shewanella seohaensis]
WP_279419331	70.838	100	871	865	870	0.0	1301	type I DNA topoisomerase [Glaesserella parasuis]
WP_005303279	71.494	100	870	865	873	0.0	1301	MULTISPECIES: type I DNA topoisomerase [Aeromonas]
WP_139708729	71.594	100	866	865	873	0.0	1301	type I DNA topoisomerase [Aeromonas allosaccharophila]
WP_017044653	71.050	99	867	865	876	0.0	1301	MULTISPECIES: type I DNA topoisomerase [Vibrio]
WP_176443747	71.068	100	871	865	870	0.0	1301	type I DNA topoisomerase [Glaesserella parasuis]
WP_036795343	71.889	99	868	865	883	0.0	1301	type I DNA topoisomerase [Photobacterium kishitanii]
WP_279414137	70.953	100	871	865	870	0.0	1301	type I DNA topoisomerase [Glaesserella parasuis]
WP_113610045	71.001	100	869	865	876	0.0	1301	MULTISPECIES: type I DNA topoisomerase [Vibrio]
WP_126881345	71.494	100	870	865	873	0.0	1301	type I DNA topoisomerase [Aeromonas dhakensis]
WP_440012237	71.445	100	865	865	873	0.0	1301	type I DNA topoisomerase [Aeromonas jandaei]
WP_457833695	71.050	99	867	865	876	0.0	1301	type I DNA topoisomerase [Vibrio diabolicus]
WP_163156189	71.709	100	866	865	873	0.0	1301	type I DNA topoisomerase [Aeromonas rivipollensis]
WP_270806658	71.709	100	866	865	873	0.0	1301	type I DNA topoisomerase [Aeromonas sp. QDB62]
WP_006742126	70.934	99	867	865	876	0.0	1301	type I DNA topoisomerase [Vibrio antiquarius]
WP_141344075	70.670	99	866	865	877	0.0	1301	type I DNA topoisomerase [Vibrio inusitatus]
WP_324053041	71.494	100	870	865	873	0.0	1301	type I DNA topoisomerase [Aeromonas dhakensis]
WP_111807734	71.709	100	866	865	873	0.0	1301	type I DNA topoisomerase [Aeromonas allosaccharophila]
WP_210942227	70.886	100	869	865	876	0.0	1301	MULTISPECIES: type I DNA topoisomerase [Vibrio]
WP_337220759	70.886	100	869	865	876	0.0	1301	type I DNA topoisomerase [Vibrio cholerae]
WP_171268704	71.972	100	867	865	873	0.0	1301	type I DNA topoisomerase [Aeromonas media]
WP_139435567	71.594	100	866	865	873	0.0	1301	type I DNA topoisomerase [Aeromonas media]
WP_042061362	71.709	100	866	865	873	0.0	1301	MULTISPECIES: type I DNA topoisomerase [Aeromonas]
WP_274143339	70.323	99	866	865	873	0.0	1301	type I DNA topoisomerase [Enterovibrio qingdaonensis]
WP_331444524	70.588	99	867	865	876	0.0	1301	type I DNA topoisomerase [Vibrio campbellii]
WP_408793324	71.594	100	866	865	873	0.0	1301	type I DNA topoisomerase [Aeromonas rivipollensis]
WP_089071183	70.886	100	869	865	876	0.0	1301	type I DNA topoisomerase [Vibrio tarriae]
WP_142541122	70.886	100	869	865	876	0.0	1301	type I DNA topoisomerase [Vibrio cholerae]
WP_096119843	71.478	100	866	865	873	0.0	1301	type I DNA topoisomerase [Aeromonas salmonicida]
WP_116632072	70.704	100	867	865	866	0.0	1301	type I DNA topoisomerase [Alitibacter langaaensis]
WP_071915087	71.561	100	865	865	873	0.0	1301	MULTISPECIES: type I DNA topoisomerase [Aeromonas]
WP_050719450	71.824	100	866	865	873	0.0	1301	type I DNA topoisomerase [Aeromonas tecta]
WP_065401247	71.594	100	866	865	873	0.0	1301	MULTISPECIES: type I DNA topoisomerase [Aeromonas]
WP_258677436	70.934	99	867	865	876	0.0	1301	type I DNA topoisomerase [Vibrio diabolicus]
WP_054544344	71.494	100	870	865	873	0.0	1301	type I DNA topoisomerase [Aeromonas dhakensis]
WP_265422763	71.709	100	866	865	873	0.0	1301	type I DNA topoisomerase [Aeromonas salmonicida]
WP_207381612	72.032	100	876	865	877	0.0	1301	type I DNA topoisomerase [Shewanella sedimentimangrovi]
WP_447976310	71.709	100	866	865	873	0.0	1301	type I DNA topoisomerase [Aeromonas allosaccharophila]
WP_142736471	70.886	100	869	865	876	0.0	1301	type I DNA topoisomerase [Vibrio cholerae]
WP_430642892	71.594	100	866	865	873	0.0	1301	type I DNA topoisomerase [Aeromonas salmonicida]
WP_199803835	70.934	99	867	865	876	0.0	1301	type I DNA topoisomerase [Vibrio diabolicus]
WP_096036296	70.934	99	867	865	876	0.0	1301	type I DNA topoisomerase [Vibrio anguillarum]
WP_012340540	70.608	100	871	865	868	0.0	1301	type I DNA topoisomerase [Histophilus somni]
WP_182926021	71.445	100	865	865	873	0.0	1301	type I DNA topoisomerase [Aeromonas jandaei]
WP_427224423	71.594	100	866	865	873	0.0	1301	type I DNA topoisomerase [Aeromonas media]
WP_104974292	70.934	99	867	865	876	0.0	1301	type I DNA topoisomerase [Vibrio diabolicus]
WP_432604721	70.934	99	867	865	876	0.0	1301	type I DNA topoisomerase [Vibrio alginolyticus]
WP_457884493	70.934	99	867	865	876	0.0	1301	type I DNA topoisomerase [Vibrio chemaguriensis]
WP_290325830	70.785	99	866	865	880	0.0	1301	type I DNA topoisomerase [Vibrio tapetis]
WP_408135915	71.594	100	866	865	873	0.0	1301	type I DNA topoisomerase [Aeromonas salmonicida]
WP_421188034	71.511	100	867	865	874	0.0	1301	type I DNA topoisomerase [Aeromonas sanarellii]
WP_314927743	71.594	100	866	865	873	0.0	1301	type I DNA topoisomerase [Aeromonas piscicola]
WP_404840217	71.594	100	866	865	873	0.0	1301	type I DNA topoisomerase [Aeromonas media]
WP_406734035	71.016	99	866	865	873	0.0	1301	type I DNA topoisomerase [Vibrio scophthalmi]
WP_095471048	70.886	100	869	865	876	0.0	1301	type I DNA topoisomerase [Vibrio cholerae]
WP_095498349	71.313	100	868	865	882	0.0	1301	type I DNA topoisomerase [Paraferrimonas haliotis]
WP_207325905	71.918	100	876	865	877	0.0	1301	type I DNA topoisomerase [Shewanella cyperi]
WP_427210860	71.594	100	866	865	873	0.0	1301	type I DNA topoisomerase [Aeromonas media]
WP_421214871	71.264	100	870	865	873	0.0	1301	type I DNA topoisomerase [Aeromonas jandaei]
WP_428766765	71.429	99	868	865	876	0.0	1301	type I DNA topoisomerase [Vibrio sp.]
WP_182932740	71.594	100	866	865	873	0.0	1301	type I DNA topoisomerase [Aeromonas allosaccharophila]
WP_362816478	71.494	100	870	865	873	0.0	1301	type I DNA topoisomerase [Aeromonas dhakensis]
WP_306642954	71.594	100	866	865	873	0.0	1301	type I DNA topoisomerase [Aeromonas salmonicida]
WP_205642197	71.709	100	866	865	873	0.0	1301	type I DNA topoisomerase [Aeromonas media]
WP_102665280	71.594	100	866	865	873	0.0	1301	type I DNA topoisomerase [Aeromonas salmonicida]
WP_006712555	71.247	99	866	865	873	0.0	1301	type I DNA topoisomerase [Vibrio ichthyoenteri]
WP_009384973	71.016	99	866	865	873	0.0	1301	MULTISPECIES: type I DNA topoisomerase [Vibrio]
WP_386915546	71.709	100	866	865	873	0.0	1301	type I DNA topoisomerase [Aeromonas allosaccharophila]
WP_160555720	71.068	100	871	865	870	0.0	1301	type I DNA topoisomerase [Glaesserella parasuis]
WP_258634339	70.934	99	867	865	876	0.0	1301	type I DNA topoisomerase [Vibrio diabolicus]
WP_094697669	71.494	100	870	865	873	0.0	1301	MULTISPECIES: type I DNA topoisomerase [Aeromonas]
WP_139697353	71.594	100	866	865	873	0.0	1301	type I DNA topoisomerase [Aeromonas salmonicida]
WP_161428182	71.429	99	868	865	876	0.0	1301	MULTISPECIES: type I DNA topoisomerase [unclassified Vibrio]
WP_336290672	71.379	100	870	865	873	0.0	1301	type I DNA topoisomerase [Aeromonas dhakensis]
WP_182019004	70.934	99	867	865	876	0.0	1301	type I DNA topoisomerase [Vibrio diabolicus]
WP_374919234	71.757	100	871	865	878	0.0	1301	type I DNA topoisomerase [Shewanella seohaensis]
WP_099992024	71.594	100	866	865	873	0.0	1301	type I DNA topoisomerase [Aeromonas salmonicida]
WP_374917844	71.642	100	871	865	878	0.0	1301	type I DNA topoisomerase [Shewanella seohaensis]
WP_045978387	70.953	100	871	865	881	0.0	1301	type I DNA topoisomerase [Pseudoalteromonas ruthenica]
WP_438368108	71.494	100	870	865	873	0.0	1301	type I DNA topoisomerase [Aeromonas dhakensis]
WP_411614284	71.594	100	866	865	873	0.0	1301	type I DNA topoisomerase [Aeromonas allosaccharophila]
WP_290043545	71.594	100	866	865	873	0.0	1301	type I DNA topoisomerase [Aeromonas salmonicida]
WP_404864871	70.838	100	871	865	870	0.0	1301	type I DNA topoisomerase [Glaesserella parasuis]
WP_050909458	70.588	99	867	865	876	0.0	1301	type I DNA topoisomerase [Vibrio campbellii]
WP_102786780	70.886	100	869	865	876	0.0	1301	type I DNA topoisomerase [Vibrio cholerae]
WP_046874733	70.934	99	867	865	876	0.0	1301	MULTISPECIES: type I DNA topoisomerase [Vibrio]
WP_316680655	70.934	99	867	865	876	0.0	1301	MULTISPECIES: type I DNA topoisomerase [unclassified Vibrio]
WP_323062376	71.561	100	865	865	873	0.0	1301	MULTISPECIES: type I DNA topoisomerase [Aeromonas]
WP_047690891	70.934	99	867	865	876	0.0	1300	type I DNA topoisomerase [Vibrio sp. ZOR0018]
WP_182032615	70.934	99	867	865	876	0.0	1300	MULTISPECIES: type I DNA topoisomerase [Vibrio]
WP_374927572	71.642	100	871	865	878	0.0	1300	type I DNA topoisomerase [Shewanella xiamenensis]
WP_295898091	71.247	99	866	865	880	0.0	1300	type I DNA topoisomerase [uncultured Vibrio sp.]
WP_447027286	70.934	99	867	865	876	0.0	1300	type I DNA topoisomerase [Vibrio alginolyticus]
WP_485831172	71.857	100	867	865	873	0.0	1300	N/A
WP_479310548	71.594	100	866	865	873	0.0	1300	N/A
WP_038498484	70.418	99	862	865	865	0.0	1300	type I DNA topoisomerase [Candidatus Palibaumannia cicadellinicola]
WP_371157124	71.709	100	866	865	873	0.0	1300	type I DNA topoisomerase [Aeromonas sp. S16(2024)]
WP_411625097	71.594	100	866	865	873	0.0	1300	type I DNA topoisomerase [Aeromonas allosaccharophila]
WP_017043915	70.934	99	867	865	876	0.0	1300	type I DNA topoisomerase [Vibrio ordalii]
WP_187755011	69.565	100	874	865	874	0.0	1300	MULTISPECIES: type I DNA topoisomerase [Frischella]
WP_475127709	70.953	100	871	865	881	0.0	1300	N/A
WP_088721155	70.934	99	867	865	876	0.0	1300	type I DNA topoisomerase [Vibrio anguillarum]
WP_059112089	71.594	100	866	865	873	0.0	1300	type I DNA topoisomerase [Aeromonas salmonicida]
WP_142610062	70.886	100	869	865	876	0.0	1300	type I DNA topoisomerase [Vibrio cholerae]
WP_043128999	71.594	100	866	865	873	0.0	1300	type I DNA topoisomerase [Aeromonas media]
WP_182969503	71.594	100	866	865	873	0.0	1300	MULTISPECIES: type I DNA topoisomerase [Aeromonas]
WP_481064732	70.934	99	867	865	876	0.0	1300	N/A
WP_408128570	71.478	100	866	865	873	0.0	1300	type I DNA topoisomerase [Aeromonas salmonicida]
WP_005600147	71.132	99	866	865	873	0.0	1300	type I DNA topoisomerase [Vibrio scophthalmi]
WP_207353658	71.183	100	871	865	875	0.0	1300	type I DNA topoisomerase [Shewanella avicenniae]
WP_411591180	71.494	100	870	865	873	0.0	1300	type I DNA topoisomerase [Aeromonas dhakensis]
WP_428439418	70.588	99	867	865	884	0.0	1300	type I DNA topoisomerase [Photobacterium sagamiensis]
WP_279451378	71.379	100	870	865	873	0.0	1300	type I DNA topoisomerase [Aeromonas dhakensis]
WP_041205259	71.972	100	867	865	873	0.0	1300	type I DNA topoisomerase [Aeromonas media]
WP_064625008	70.934	99	867	865	876	0.0	1300	MULTISPECIES: type I DNA topoisomerase [Vibrio]
WP_088732261	70.934	99	867	865	876	0.0	1300	type I DNA topoisomerase [Vibrio anguillarum]
WP_000520432	70.886	100	869	865	876	0.0	1300	MULTISPECIES: type I DNA topoisomerase [Vibrio]
WP_438366721	71.561	100	865	865	873	0.0	1300	type I DNA topoisomerase [Aeromonas jandaei]
WP_194574788	70.934	99	867	865	876	0.0	1300	type I DNA topoisomerase [Vibrio anguillarum]
WP_129532434	70.934	99	867	865	876	0.0	1300	MULTISPECIES: type I DNA topoisomerase [Vibrio]
WP_252995849	71.478	100	866	865	873	0.0	1300	type I DNA topoisomerase [Aeromonas encheleia]
WP_041412994	71.379	100	870	865	878	0.0	1300	type I DNA topoisomerase [Shewanella sp. ANA-3]
WP_209296941	71.329	100	865	865	873	0.0	1300	type I DNA topoisomerase [Aeromonas jandaei]
WP_051117042	70.588	99	867	865	876	0.0	1300	type I DNA topoisomerase [Vibrio campbellii]
WP_374904846	71.757	100	871	865	878	0.0	1300	type I DNA topoisomerase [Shewanella mangrovisoli]
WP_429010630	71.478	100	866	865	873	0.0	1300	type I DNA topoisomerase [Aeromonas allosaccharophila]
WP_123013212	70.886	100	869	865	876	0.0	1300	type I DNA topoisomerase [Vibrio cholerae]
WP_022945094	70.953	100	871	865	881	0.0	1300	type I DNA topoisomerase [Pseudoalteromonas ruthenica]
WP_268028241	71.379	100	870	865	873	0.0	1300	type I DNA topoisomerase [Aeromonas dhakensis]
WP_000520423	70.886	100	869	865	876	0.0	1300	type I DNA topoisomerase [Vibrio cholerae]
WP_408836971	71.709	100	866	865	873	0.0	1300	type I DNA topoisomerase [Aeromonas rivipollensis]
WP_041409019	71.264	100	870	865	878	0.0	1300	type I DNA topoisomerase [Shewanella sp. MR-4]
WP_421213254	71.379	100	870	865	873	0.0	1300	type I DNA topoisomerase [Aeromonas dhakensis]
WP_102797089	72.037	99	869	865	877	0.0	1300	type I DNA topoisomerase [Bowmanella denitrificans]
WP_417688231	71.280	99	867	865	877	0.0	1300	type I DNA topoisomerase [Pseudidiomarina sp.]
WP_217527417	70.886	100	869	865	876	0.0	1300	type I DNA topoisomerase [Vibrio cholerae]
WP_446693945	71.642	100	871	865	878	0.0	1300	type I DNA topoisomerase [Shewanella sp. Koi 1]
WP_139744784	71.594	100	866	865	873	0.0	1300	MULTISPECIES: type I DNA topoisomerase [Aeromonas]
WP_335857258	71.478	100	866	865	873	0.0	1300	type I DNA topoisomerase [Aeromonas allosaccharophila]
WP_374095063	70.934	99	867	865	876	0.0	1300	type I DNA topoisomerase [Vibrio diabolicus]
WP_371846640	70.886	100	869	865	876	0.0	1300	type I DNA topoisomerase [Vibrio cholerae]
WP_171758953	71.132	99	866	865	878	0.0	1300	type I DNA topoisomerase [Vibrio sp. RE86]
WP_119010232	70.785	99	866	865	877	0.0	1300	type I DNA topoisomerase [Vibrio superstes]
WP_078753014	70.670	99	866	865	873	0.0	1300	type I DNA topoisomerase [Enterovibrio nigricans]
WP_274437768	71.494	100	870	865	873	0.0	1300	type I DNA topoisomerase [Aeromonas dhakensis]
WP_113597224	70.771	100	869	865	876	0.0	1300	type I DNA topoisomerase [Vibrio tarriae]
WP_429109452	71.594	100	866	865	873	0.0	1300	type I DNA topoisomerase [Aeromonas media]
WP_219271045	71.561	100	865	865	873	0.0	1300	type I DNA topoisomerase [Aeromonas jandaei]
WP_442288317	70.886	100	869	865	876	0.0	1300	type I DNA topoisomerase [Vibrio cholerae]
WP_264304137	71.478	100	866	865	873	0.0	1300	type I DNA topoisomerase [Aeromonas piscicola]
WP_126513000	71.642	100	871	865	878	0.0	1300	type I DNA topoisomerase [Shewanella sp. GD04112]
WP_267763963	70.886	100	869	865	876	0.0	1300	type I DNA topoisomerase [Vibrio cholerae]
WP_220057911	71.757	100	871	865	878	0.0	1300	type I DNA topoisomerase [Shewanella mangrovisoli]
WP_394626654	71.165	99	867	865	875	0.0	1300	type I DNA topoisomerase [Vibrio alginolyticus]
WP_429140776	71.478	100	866	865	873	0.0	1300	type I DNA topoisomerase [Aeromonas allosaccharophila]
WP_094150576	70.934	99	867	865	876	0.0	1300	MULTISPECIES: type I DNA topoisomerase [Vibrio]
WP_438708768	70.622	100	868	865	875	0.0	1300	type I DNA topoisomerase [Vibrio sp.]
WP_404834225	71.857	100	867	865	873	0.0	1300	type I DNA topoisomerase [Aeromonas media]
WP_170894750	70.934	99	867	865	876	0.0	1300	MULTISPECIES: type I DNA topoisomerase [unclassified Vibrio]
WP_102483703	70.785	99	866	865	877	0.0	1300	type I DNA topoisomerase [Vibrio breoganii]
WP_438407029	71.445	100	865	865	873	0.0	1300	type I DNA topoisomerase [Aeromonas jandaei]
WP_408778999	71.594	100	866	865	873	0.0	1300	MULTISPECIES: type I DNA topoisomerase [Aeromonas]
WP_270795878	71.478	100	866	865	873	0.0	1300	MULTISPECIES: type I DNA topoisomerase [Aeromonas]
WP_392448213	71.757	100	871	865	878	0.0	1300	type I DNA topoisomerase [Shewanella mangrovisoli]
WP_274181456	71.494	100	870	865	873	0.0	1300	type I DNA topoisomerase [Aeromonas dhakensis]
WP_274721454	70.622	100	868	865	875	0.0	1300	MULTISPECIES: type I DNA topoisomerase [Vibrio]
WP_239447631	70.838	100	871	865	881	0.0	1300	type I DNA topoisomerase [Pseudoalteromonas sp. MM17-2]
WP_005312182	71.478	100	866	865	873	0.0	1300	type I DNA topoisomerase [Aeromonas salmonicida]
WP_125595692	71.478	100	866	865	873	0.0	1300	MULTISPECIES: type I DNA topoisomerase [Aeromonas]
WP_078924600	71.544	99	868	865	876	0.0	1300	type I DNA topoisomerase [Vibrio cincinnatiensis]
WP_076024726	70.886	100	869	865	876	0.0	1300	type I DNA topoisomerase [Vibrio cholerae]
WP_429091820	71.594	100	866	865	873	0.0	1300	type I DNA topoisomerase [Aeromonas rivipollensis]
WP_220106170	70.886	100	869	865	876	0.0	1300	type I DNA topoisomerase [Vibrio cholerae]
WP_234663220	71.478	100	866	865	873	0.0	1300	type I DNA topoisomerase [Aeromonas allosaccharophila]
WP_019281959	70.934	99	867	865	876	0.0	1300	MULTISPECIES: type I DNA topoisomerase [Vibrio]
WP_114710197	70.771	100	869	865	876	0.0	1300	MULTISPECIES: type I DNA topoisomerase [Vibrio]
WP_208201530	71.379	100	870	865	873	0.0	1300	type I DNA topoisomerase [Aeromonas dhakensis]
WP_374912791	71.642	100	871	865	878	0.0	1299	type I DNA topoisomerase [Shewanella mangrovisoli]
WP_000520430	70.771	100	869	865	876	0.0	1299	type I DNA topoisomerase [Vibrio cholerae]
WP_142740561	70.771	100	869	865	876	0.0	1299	type I DNA topoisomerase [Vibrio cholerae]
WP_208659131	71.642	100	871	865	878	0.0	1299	type I DNA topoisomerase [Shewanella decolorationis]
WP_182937993	71.594	100	866	865	873	0.0	1299	MULTISPECIES: type I DNA topoisomerase [Aeromonas]
WP_421165023	71.379	100	870	865	873	0.0	1299	type I DNA topoisomerase [Aeromonas dhakensis]
WP_421167880	71.264	100	870	865	873	0.0	1299	type I DNA topoisomerase [Aeromonas dhakensis]
WP_307765590	71.594	100	866	865	873	0.0	1299	type I DNA topoisomerase [Aeromonas rivipollensis]
WP_362790868	71.594	100	866	865	873	0.0	1299	type I DNA topoisomerase [Aeromonas allosaccharophila]
WP_113940531	71.757	100	871	865	880	0.0	1299	MULTISPECIES: type I DNA topoisomerase [Shewanella]
WP_442310074	70.886	100	869	865	876	0.0	1299	type I DNA topoisomerase [Vibrio cholerae]
WP_249963060	70.494	100	871	865	868	0.0	1299	type I DNA topoisomerase [Histophilus somni]
WP_166014842	70.507	100	868	865	875	0.0	1299	type I DNA topoisomerase [Vibrio sp. HDW18]
WP_416922013	71.609	100	870	865	878	0.0	1299	type I DNA topoisomerase [Shewanella sp.]
WP_427234717	71.857	100	867	865	873	0.0	1299	type I DNA topoisomerase [Aeromonas media]
WP_434996687	70.901	99	866	865	873	0.0	1299	type I DNA topoisomerase [Vibrio scophthalmi]
WP_215269933	71.379	100	870	865	873	0.0	1299	type I DNA topoisomerase [Aeromonas dhakensis]
WP_404838012	71.478	100	866	865	873	0.0	1299	type I DNA topoisomerase [Aeromonas media]
WP_463890018	71.068	100	871	865	882	0.0	1299	N/A
WP_447597303	70.771	100	869	865	876	0.0	1299	type I DNA topoisomerase [Vibrio cholerae]
WP_053910398	70.953	100	871	865	881	0.0	1299	type I DNA topoisomerase [Pseudoalteromonas sp. SW0106-04]
WP_008983002	72.306	100	863	865	861	0.0	1299	MULTISPECIES: type I DNA topoisomerase [Alishewanella]
WP_408849228	71.594	100	866	865	873	0.0	1299	type I DNA topoisomerase [Aeromonas rivipollensis]
WP_476001221	70.771	100	869	865	876	0.0	1299	N/A
WP_368162017	71.379	100	870	865	873	0.0	1299	type I DNA topoisomerase [Aeromonas sp. R5-3]
WP_109287804	71.642	100	871	865	878	0.0	1299	type I DNA topoisomerase [Shewanella sp. BC20]
WP_065430669	70.901	99	866	865	873	0.0	1299	type I DNA topoisomerase [Vibrio scophthalmi]
WP_235418910	70.838	100	871	865	881	0.0	1299	MULTISPECIES: type I DNA topoisomerase [unclassified Pseudoalteromonas]
WP_208891607	70.934	99	867	865	876	0.0	1299	type I DNA topoisomerase [Vibrio anguillarum]
WP_474630996	71.379	100	870	865	873	0.0	1299	N/A
WP_370240741	72.152	99	869	865	877	0.0	1299	type I DNA topoisomerase [Marisediminitalea sp.]
WP_485830126	71.594	100	866	865	873	0.0	1299	N/A
WP_421226864	71.445	100	865	865	873	0.0	1299	type I DNA topoisomerase [Aeromonas jandaei]
WP_158117371	71.544	99	868	865	876	0.0	1299	type I DNA topoisomerase [Vibrio cincinnatiensis]
WP_069730619	70.771	100	869	865	876	0.0	1299	type I DNA topoisomerase [Vibrio cholerae]
WP_474628159	71.594	100	866	865	873	0.0	1299	N/A
WP_261817173	70.208	99	866	865	875	0.0	1299	type I DNA topoisomerase [Vibrio gallicus]
WP_420520683	71.594	99	866	865	880	0.0	1299	type I DNA topoisomerase [Vibrio ostreicida]
WP_058406111	71.264	100	870	865	873	0.0	1299	type I DNA topoisomerase [Aeromonas salmonicida]
WP_148520196	70.771	100	869	865	876	0.0	1299	type I DNA topoisomerase [Vibrio cholerae]
WP_094131886	70.819	99	867	865	876	0.0	1299	MULTISPECIES: type I DNA topoisomerase [unclassified Vibrio]
WP_076587201	71.594	99	866	865	880	0.0	1299	type I DNA topoisomerase [Vibrio ostreicida]
WP_131928026	70.595	100	874	865	871	0.0	1299	type I DNA topoisomerase [Bibersteinia trehalosi]
WP_199370182	70.771	100	869	865	876	0.0	1299	type I DNA topoisomerase [Vibrio cholerae]
WP_263207844	71.642	100	871	865	880	0.0	1299	MULTISPECIES: type I DNA topoisomerase [unclassified Shewanella]
WP_013975679	70.554	100	866	865	864	0.0	1299	type I DNA topoisomerase [Candidatus Moranella endobia]
WP_349918897	71.626	100	867	865	874	0.0	1299	type I DNA topoisomerase [Aeromonas veronii]
WP_408816724	71.594	100	866	865	873	0.0	1299	type I DNA topoisomerase [Aeromonas rivipollensis]
WP_429163682	71.594	100	866	865	873	0.0	1299	type I DNA topoisomerase [Aeromonas rivipollensis]
WP_335868786	71.478	100	866	865	873	0.0	1299	type I DNA topoisomerase [Aeromonas allosaccharophila]
WP_448053829	71.478	100	866	865	873	0.0	1299	type I DNA topoisomerase [Aeromonas allosaccharophila]
WP_224021982	71.527	100	871	865	878	0.0	1299	MULTISPECIES: type I DNA topoisomerase [Shewanella]
WP_164666221	70.819	99	867	865	876	0.0	1299	type I DNA topoisomerase [Vibrio diabolicus]
WP_032478146	70.771	100	869	865	876	0.0	1299	type I DNA topoisomerase [Vibrio cholerae]
WP_462053522	70.771	100	869	865	876	0.0	1299	N/A
WP_249555605	71.642	100	871	865	878	0.0	1299	MULTISPECIES: type I DNA topoisomerase [Shewanella]
WP_136735329	71.116	100	869	865	883	0.0	1299	type I DNA topoisomerase [Thalassotalea mangrovi]
WP_069455457	71.527	100	871	865	878	0.0	1299	MULTISPECIES: type I DNA topoisomerase [Shewanella]
WP_408762130	71.379	100	870	865	873	0.0	1299	type I DNA topoisomerase [Aeromonas dhakensis]
WP_106887492	71.594	100	866	865	873	0.0	1299	MULTISPECIES: type I DNA topoisomerase [Aeromonas]
WP_262108893	71.594	100	866	865	873	0.0	1299	type I DNA topoisomerase [Aeromonas sp. Marseille-Q5825]
WP_065545156	71.016	99	866	865	873	0.0	1299	type I DNA topoisomerase [Vibrio scophthalmi]
WP_025326222	71.594	100	866	865	873	0.0	1299	type I DNA topoisomerase [Aeromonas rivipollensis]
WP_000520427	70.771	100	869	865	876	0.0	1299	type I DNA topoisomerase [Vibrio cholerae]
WP_258496627	70.771	100	869	865	876	0.0	1299	type I DNA topoisomerase [Vibrio cholerae]
WP_171273422	71.857	100	867	865	873	0.0	1299	MULTISPECIES: type I DNA topoisomerase [Aeromonas]
WP_374924704	71.642	100	871	865	878	0.0	1299	type I DNA topoisomerase [Shewanella mangrovisoli]
WP_249962548	70.494	100	871	865	868	0.0	1299	type I DNA topoisomerase [Histophilus somni]
WP_042658666	71.594	100	866	865	873	0.0	1299	type I DNA topoisomerase [Aeromonas allosaccharophila]
WP_322863636	71.594	100	866	865	873	0.0	1299	type I DNA topoisomerase [Aeromonas allosaccharophila]
WP_485863110	71.972	100	867	865	873	0.0	1299	N/A
WP_434663473	71.626	100	867	865	874	0.0	1299	type I DNA topoisomerase [Aeromonas sp. NJAU223]
WP_222101347	70.771	100	869	865	876	0.0	1299	type I DNA topoisomerase [Vibrio cholerae]
WP_410353760	70.886	100	869	865	876	0.0	1299	type I DNA topoisomerase [Vibrio cholerae]
WP_417682116	71.396	99	867	865	877	0.0	1299	type I DNA topoisomerase [Pseudidiomarina aquimaris]
WP_406812628	70.379	100	871	865	868	0.0	1298	type I DNA topoisomerase [Histophilus somni]
WP_042987746	70.886	100	869	865	876	0.0	1298	type I DNA topoisomerase [Vibrio cholerae]
WP_411601946	71.329	100	865	865	873	0.0	1298	type I DNA topoisomerase [Aeromonas jandaei]
WP_343844034	71.922	99	869	865	878	0.0	1298	type I DNA topoisomerase [Bowmanella denitrificans]
WP_182788182	71.857	100	867	865	873	0.0	1298	type I DNA topoisomerase [Aeromonas media]
WP_103471045	71.857	100	867	865	873	0.0	1298	type I DNA topoisomerase [Aeromonas bestiarum]
WP_158106465	70.656	100	869	865	876	0.0	1298	type I DNA topoisomerase [Vibrio cholerae]
WP_000520424	70.771	100	869	865	876	0.0	1298	type I DNA topoisomerase [Vibrio cholerae]
WP_142545992	70.771	100	869	865	876	0.0	1298	type I DNA topoisomerase [Vibrio cholerae]
WP_071193026	70.771	100	869	865	876	0.0	1298	type I DNA topoisomerase [Vibrio cholerae]
WP_263179586	71.642	100	871	865	880	0.0	1298	MULTISPECIES: type I DNA topoisomerase [Shewanella]
WP_108536466	71.478	100	866	865	873	0.0	1298	MULTISPECIES: type I DNA topoisomerase [Aeromonas]
WP_060585055	71.824	100	866	865	871	0.0	1298	type I DNA topoisomerase [Aeromonas schubertii]
WP_248334253	70.771	100	869	865	876	0.0	1298	type I DNA topoisomerase [Vibrio cholerae]
WP_125718905	71.086	100	875	865	880	0.0	1298	type I DNA topoisomerase [Pseudoalteromonas rubra]
WP_456500595	71.626	100	867	865	874	0.0	1298	type I DNA topoisomerase [Aeromonas intestinalis]
WP_102522258	70.670	99	866	865	880	0.0	1298	type I DNA topoisomerase [Vibrio tapetis]
WP_088211588	71.757	100	871	865	878	0.0	1298	type I DNA topoisomerase [Shewanella sp. Shew256]
WP_337917237	70.771	100	869	865	876	0.0	1298	type I DNA topoisomerase [Vibrio cholerae]
WP_475074404	72.152	99	869	865	877	0.0	1298	N/A
WP_000520429	70.771	100	869	865	876	0.0	1298	MULTISPECIES: type I DNA topoisomerase [Vibrio]
WP_043556342	71.857	100	867	865	873	0.0	1298	MULTISPECIES: type I DNA topoisomerase [Aeromonas]
WP_015432594	70.481	100	874	865	871	0.0	1298	type I DNA topoisomerase [Bibersteinia trehalosi]
WP_001886798	70.656	100	869	865	876	0.0	1298	type I DNA topoisomerase [Vibrio cholerae]
WP_000520428	70.771	100	869	865	876	0.0	1298	type I DNA topoisomerase [Vibrio cholerae]
WP_317522181	72.203	99	867	865	881	0.0	1298	type I DNA topoisomerase [Photobacterium rosenbergii]
WP_140907400	71.527	100	871	865	878	0.0	1298	MULTISPECIES: type I DNA topoisomerase [unclassified Shewanella]
WP_069212885	70.771	100	869	865	876	0.0	1298	type I DNA topoisomerase [Vibrio cholerae]
WP_098983103	71.857	100	867	865	873	0.0	1298	MULTISPECIES: type I DNA topoisomerase [Aeromonas]
WP_151172610	70.838	100	871	865	881	0.0	1298	type I DNA topoisomerase [Pseudoalteromonas ruthenica]
WP_253987701	71.609	100	870	865	880	0.0	1298	type I DNA topoisomerase [Shewanella sp. KJ2020]
WP_105252683	71.642	100	871	865	880	0.0	1298	MULTISPECIES: type I DNA topoisomerase [Shewanella]
WP_172589267	71.527	100	871	865	878	0.0	1298	type I DNA topoisomerase [Shewanella xiamenensis]
WP_408856856	71.594	100	866	865	873	0.0	1298	type I DNA topoisomerase [Aeromonas rivipollensis]
WP_136613231	71.824	100	866	865	871	0.0	1298	type I DNA topoisomerase [Aeromonas schubertii]
WP_126833864	71.396	99	867	865	877	0.0	1298	type I DNA topoisomerase [Pseudidiomarina aquimaris]
WP_331434487	72.402	99	866	865	864	0.0	1298	type I DNA topoisomerase, partial [Photobacterium damselae]
WP_263148393	71.642	100	871	865	880	0.0	1298	type I DNA topoisomerase [Shewanella sp. SW24]
WP_394452571	70.819	99	867	865	876	0.0	1298	type I DNA topoisomerase [Vibrio diabolicus]
WP_249249048	71.068	100	871	865	887	0.0	1298	type I DNA topoisomerase [Shewanella corallii]
WP_408617988	71.889	99	868	865	876	0.0	1298	type I DNA topoisomerase [Celerinatantimonas sp. YJH-8]
WP_374896181	71.642	100	871	865	878	0.0	1298	type I DNA topoisomerase [Shewanella mangrovisoli]
WP_108571959	71.329	100	865	865	873	0.0	1298	type I DNA topoisomerase [Aeromonas sp. HMWF016]
WP_217666924	71.594	100	866	865	868	0.0	1298	type I DNA topoisomerase [Arsukibacterium indicum]
WP_220053295	71.642	100	871	865	878	0.0	1298	type I DNA topoisomerase [Shewanella sp. FJAT-51649]
WP_226008861	71.379	100	870	865	873	0.0	1298	type I DNA topoisomerase [Aeromonas dhakensis]
WP_410107896	70.771	100	869	865	876	0.0	1298	type I DNA topoisomerase [Vibrio cholerae]
WP_042867454	71.478	100	866	865	873	0.0	1298	type I DNA topoisomerase [Aeromonas piscicola]
WP_001897682	70.656	100	869	865	876	0.0	1298	type I DNA topoisomerase [Vibrio cholerae]
WP_372627497	71.824	100	866	865	868	0.0	1298	type I DNA topoisomerase [Arsukibacterium sp.]
WP_222715128	70.934	99	867	865	876	0.0	1298	type I DNA topoisomerase [Vibrio anguillarum]
WP_219252125	71.642	100	871	865	880	0.0	1298	type I DNA topoisomerase [Shewanella sp. NKUCC06_TVS]
WP_142731619	70.656	100	869	865	876	0.0	1298	type I DNA topoisomerase [Vibrio cholerae]
WP_392418058	71.594	100	866	865	873	0.0	1298	MULTISPECIES: type I DNA topoisomerase [Aeromonas]
WP_429139971	71.594	100	866	865	873	0.0	1298	type I DNA topoisomerase [Aeromonas veronii]
WP_393955212	70.771	100	869	865	876	0.0	1298	type I DNA topoisomerase [Vibrio cholerae]
WP_447626196	70.771	100	869	865	876	0.0	1298	type I DNA topoisomerase [Vibrio cholerae]
WP_017047729	70.819	99	867	865	876	0.0	1298	type I DNA topoisomerase [Vibrio anguillarum]
WP_142726936	70.771	100	869	865	876	0.0	1298	type I DNA topoisomerase [Vibrio cholerae]
WP_114794160	70.771	100	869	865	876	0.0	1298	type I DNA topoisomerase [Vibrio cholerae]
WP_248356298	70.656	100	869	865	876	0.0	1298	type I DNA topoisomerase [Vibrio cholerae]
WP_287867691	71.478	100	866	865	873	0.0	1298	type I DNA topoisomerase [Aeromonas sp.]
WP_337919820	70.771	100	869	865	876	0.0	1298	type I DNA topoisomerase [Vibrio cholerae]
WP_123011037	70.886	100	869	865	876	0.0	1298	type I DNA topoisomerase [Vibrio cholerae]
WP_071181011	70.541	100	869	865	876	0.0	1298	type I DNA topoisomerase [Vibrio cholerae]
WP_394174727	70.771	100	869	865	883	0.0	1298	type I DNA topoisomerase [Thalassotalea litorea]
WP_378013659	71.264	100	870	865	873	0.0	1298	type I DNA topoisomerase [Aeromonas dhakensis]
WP_342203756	71.527	100	871	865	878	0.0	1298	type I DNA topoisomerase [Shewanella xiamenensis]
WP_337920839	70.771	100	869	865	876	0.0	1298	type I DNA topoisomerase [Vibrio cholerae]
WP_154026368	70.771	100	869	865	876	0.0	1298	type I DNA topoisomerase [Vibrio cholerae]
WP_042037482	71.478	100	866	865	873	0.0	1298	type I DNA topoisomerase [Aeromonas popoffii]
WP_432356227	71.527	100	871	865	880	0.0	1298	type I DNA topoisomerase [Shewanella oncorhynchi]
WP_094165742	70.819	99	867	865	876	0.0	1298	MULTISPECIES: type I DNA topoisomerase [unclassified Vibrio]
WP_411986381	71.231	99	869	865	876	0.0	1298	type I DNA topoisomerase [Shewanella mytili]
WP_065173851	71.774	99	868	865	883	0.0	1298	type I DNA topoisomerase [Photobacterium kishitanii]
WP_144376464	71.527	100	871	865	878	0.0	1298	type I DNA topoisomerase [Shewanella xiamenensis]
WP_475242041	72.203	99	867	865	881	0.0	1298	N/A
WP_173244486	71.642	100	871	865	880	0.0	1298	MULTISPECIES: type I DNA topoisomerase [unclassified Shewanella]
WP_142578158	70.771	100	869	865	876	0.0	1298	type I DNA topoisomerase [Vibrio cholerae]
WP_218678569	71.527	100	871	865	878	0.0	1298	type I DNA topoisomerase [Shewanella xiamenensis]
WP_037419529	71.527	100	871	865	878	0.0	1298	type I DNA topoisomerase [Shewanella xiamenensis]
WP_000520425	70.656	100	869	865	876	0.0	1298	type I DNA topoisomerase [Vibrio cholerae]
WP_094500211	70.704	99	867	865	876	0.0	1298	type I DNA topoisomerase [Vibrio qinghaiensis]
WP_376885797	71.478	100	866	865	873	0.0	1298	type I DNA topoisomerase [Aeromonas salmonicida]
WP_114732605	70.771	100	869	865	876	0.0	1298	type I DNA topoisomerase [Vibrio cholerae]
WP_263256214	71.642	100	871	865	880	0.0	1298	type I DNA topoisomerase [Shewanella sp. SM68]
WP_198065953	91.988	78	674	865	674	0.0	1298	type I DNA topoisomerase, partial [Klebsiella pneumoniae]
WP_000520426	70.853	99	868	865	876	0.0	1298	type I DNA topoisomerase [Vibrio cholerae]
WP_009842753	70.358	99	867	865	876	0.0	1298	type I DNA topoisomerase [Vibrio sp. AND4]
WP_303806347	71.478	100	866	865	873	0.0	1298	type I DNA topoisomerase [Aeromonas rivipollensis]
WP_043135968	71.857	100	867	865	873	0.0	1298	type I DNA topoisomerase [Aeromonas bestiarum]
WP_337227245	70.771	100	869	865	876	0.0	1298	type I DNA topoisomerase [Vibrio cholerae]
WP_083015525	71.216	100	872	865	868	0.0	1298	type I DNA topoisomerase [Aggregatibacter aphrophilus]
WP_459681499	70.323	99	866	865	877	0.0	1298	N/A
WP_267781611	70.656	100	869	865	876	0.0	1298	type I DNA topoisomerase [Vibrio sp. R-1]
WP_100051834	70.494	100	871	865	868	0.0	1298	type I DNA topoisomerase [Basfia succiniciproducens]
WP_263211603	71.724	99	870	865	880	0.0	1298	MULTISPECIES: type I DNA topoisomerase [Shewanella]
WP_040991531	71.132	99	866	865	873	0.0	1298	type I DNA topoisomerase [Vibrio renipiscarius]
WP_046121520	70.771	100	869	865	876	0.0	1298	type I DNA topoisomerase [Vibrio cholerae]
WP_267777266	70.771	100	869	865	876	0.0	1297	type I DNA topoisomerase [Vibrio cholerae]
WP_209519448	70.771	100	869	865	876	0.0	1297	type I DNA topoisomerase [Vibrio cholerae]
WP_263138532	71.642	100	871	865	880	0.0	1297	type I DNA topoisomerase [Shewanella sp. SM23]
WP_175230157	70.771	100	869	865	876	0.0	1297	type I DNA topoisomerase [Vibrio cholerae]
WP_042007188	71.264	100	870	865	873	0.0	1297	type I DNA topoisomerase [Aeromonas dhakensis]
WP_198780192	71.609	100	870	865	880	0.0	1297	type I DNA topoisomerase [Shewanella putrefaciens]
WP_411649688	71.478	100	866	865	873	0.0	1297	type I DNA topoisomerase [Aeromonas rivipollensis]
WP_428801489	71.016	99	866	865	880	0.0	1297	type I DNA topoisomerase [Vibrio kyushuensis]
WP_250613110	70.439	99	866	865	875	0.0	1297	type I DNA topoisomerase [Vibrio sinus]
WP_073324745	72.037	99	869	865	877	0.0	1297	type I DNA topoisomerase [Marisediminitalea aggregata]
WP_305895065	72.738	99	862	865	865	0.0	1297	type I DNA topoisomerase [Alkalimonas collagenimarina]
WP_277435253	70.704	99	867	865	876	0.0	1297	type I DNA topoisomerase [Vibrio sp. 1151_11]
WP_317842212	71.511	100	867	865	874	0.0	1297	type I DNA topoisomerase [Aeromonas media]
WP_107299188	71.857	99	867	865	881	0.0	1297	MULTISPECIES: type I DNA topoisomerase [Photobacterium]
WP_410109380	70.771	100	869	865	876	0.0	1297	type I DNA topoisomerase [Vibrio cholerae]
WP_483433099	71.396	99	867	865	877	0.0	1297	N/A
WP_116472887	70.872	99	872	865	880	0.0	1297	type I DNA topoisomerase [Zobellella maritima]
WP_408778781	71.363	100	866	865	873	0.0	1297	type I DNA topoisomerase [Aeromonas allosaccharophila]
WP_255053240	72.037	99	869	865	877	0.0	1297	type I DNA topoisomerase [Marisediminitalea aggregata]
WP_274672802	70.901	99	866	865	875	0.0	1297	type I DNA topoisomerase [Vibrio aestuarianus]
WP_088131850	70.771	100	869	865	876	0.0	1297	type I DNA topoisomerase [Vibrio cholerae]
WP_148508691	70.771	100	869	865	876	0.0	1297	type I DNA topoisomerase [Vibrio cholerae]
WP_125782014	70.971	100	875	865	880	0.0	1297	type I DNA topoisomerase [Pseudoalteromonas rubra]
WP_334202800	70.554	99	866	865	875	0.0	1297	type I DNA topoisomerase [Vibrio anguillarum]
WP_154115673	71.544	99	868	865	876	0.0	1297	type I DNA topoisomerase [Vibrio cincinnatiensis]
WP_395948790	71.478	100	866	865	873	0.0	1297	type I DNA topoisomerase [Aeromonas mytilicola]
WP_374909722	71.642	100	871	865	878	0.0	1297	type I DNA topoisomerase [Shewanella mangrovisoli]
WP_106650740	71.527	100	871	865	880	0.0	1297	type I DNA topoisomerase [Shewanella sp. Pdp11]
WP_374902463	71.527	100	871	865	878	0.0	1297	type I DNA topoisomerase [Shewanella mangrovisoli]
WP_272137990	70.670	99	866	865	875	0.0	1297	type I DNA topoisomerase [Vibrio algarum]
WP_428807084	71.016	99	866	865	880	0.0	1297	type I DNA topoisomerase [Vibrio lamellibrachiae]
WP_337028366	70.656	100	869	865	876	0.0	1297	type I DNA topoisomerase [Vibrio cholerae]
WP_317006845	70.853	99	868	865	876	0.0	1297	type I DNA topoisomerase [Vibrio cholerae]
WP_222550165	71.857	99	867	865	881	0.0	1297	type I DNA topoisomerase [Photobacterium rosenbergii]
WP_337919161	70.656	100	869	865	876	0.0	1297	type I DNA topoisomerase [Vibrio cholerae]
WP_366997964	70.771	100	869	865	876	0.0	1297	type I DNA topoisomerase [Vibrio paracholerae]
WP_101214110	71.119	100	876	865	884	0.0	1297	type I DNA topoisomerase [Psychrobium sp. 1_MG-2023]
WP_209052068	70.971	100	875	865	880	0.0	1297	type I DNA topoisomerase [Pseudoalteromonas viridis]
WP_042467105	71.478	100	866	865	873	0.0	1297	type I DNA topoisomerase [Aeromonas salmonicida]
WP_261915601	70.901	99	866	865	875	0.0	1297	type I DNA topoisomerase [Vibrio aestuarianus]
WP_318455947	72.414	99	870	865	883	0.0	1296	type I DNA topoisomerase [Photobacterium leiognathi]
WP_175235630	70.656	100	869	865	876	0.0	1296	type I DNA topoisomerase [Vibrio cholerae]
WP_224162592	71.709	100	866	865	871	0.0	1296	type I DNA topoisomerase [Aeromonas schubertii]
WP_095506274	70.853	100	868	865	883	0.0	1296	type I DNA topoisomerase [Paraferrimonas sedimenticola]
WP_374908051	71.527	100	871	865	878	0.0	1296	type I DNA topoisomerase [Shewanella xiamenensis]
WP_442289153	70.656	100	869	865	876	0.0	1296	type I DNA topoisomerase [Vibrio cholerae]
WP_057557271	70.771	100	869	865	876	0.0	1296	type I DNA topoisomerase [Vibrio cholerae]
WP_142733470	70.771	100	869	865	876	0.0	1296	type I DNA topoisomerase [Vibrio cholerae]
WP_219659048	70.656	100	869	865	876	0.0	1296	type I DNA topoisomerase [Vibrio cholerae]
WP_324681845	70.481	100	874	865	871	0.0	1296	type I DNA topoisomerase [Bibersteinia trehalosi]
WP_274701528	70.670	99	866	865	875	0.0	1296	type I DNA topoisomerase [Vibrio aestuarianus]
WP_239495195	71.429	99	861	865	879	0.0	1296	type I DNA topoisomerase [Haemophilus influenzae]
WP_319781496	70.656	100	869	865	876	0.0	1296	type I DNA topoisomerase [Vibrio cholerae]
WP_101410434	70.656	100	869	865	876	0.0	1296	type I DNA topoisomerase [Vibrio cholerae]
WP_249960897	70.264	100	871	865	868	0.0	1296	type I DNA topoisomerase [Histophilus somni]
WP_408781551	71.857	100	867	865	873	0.0	1296	type I DNA topoisomerase [Aeromonas rivipollensis]
WP_156846107	70.656	100	869	865	876	0.0	1296	type I DNA topoisomerase [Vibrio cholerae]
WP_088586936	71.412	100	871	865	878	0.0	1296	MULTISPECIES: type I DNA topoisomerase [Shewanella]
WP_393942648	71.527	100	871	865	880	0.0	1296	MULTISPECIES: type I DNA topoisomerase [Shewanella]
WP_071919532	70.656	100	869	865	876	0.0	1296	type I DNA topoisomerase [Vibrio cholerae]
WP_248007081	70.901	99	866	865	880	0.0	1296	type I DNA topoisomerase [Vibrio amylolyticus]
WP_290617662	71.824	100	866	865	868	0.0	1296	MULTISPECIES: type I DNA topoisomerase [unclassified Arsukibacterium]
WP_171980021	70.785	99	866	865	875	0.0	1296	MULTISPECIES: type I DNA topoisomerase [Vibrio]
WP_097112176	71.709	100	866	865	868	0.0	1296	type I DNA topoisomerase [Arsukibacterium tuosuense]
WP_053309983	70.785	99	866	865	875	0.0	1296	type I DNA topoisomerase [Vibrio aestuarianus]
WP_274700596	70.670	99	866	865	875	0.0	1296	type I DNA topoisomerase [Vibrio aestuarianus]
WP_263685879	71.742	100	867	865	873	0.0	1296	type I DNA topoisomerase [Aeromonas media]
WP_218738738	71.412	100	871	865	878	0.0	1296	type I DNA topoisomerase [Shewanella xiamenensis]
WP_373433321	70.819	99	867	865	876	0.0	1296	type I DNA topoisomerase [Vibrio anguillarum]
WP_142735585	70.656	100	869	865	876	0.0	1296	type I DNA topoisomerase [Vibrio cholerae]
WP_007647546	71.609	100	870	865	880	0.0	1296	type I DNA topoisomerase [Shewanella sp. HN-41]
WP_311990637	71.527	100	871	865	880	0.0	1296	type I DNA topoisomerase [Shewanella sp. SP1S2-4]
WP_327761608	71.774	99	868	865	883	0.0	1296	type I DNA topoisomerase [Photobacterium sp. S4TG1]
WP_000520431	70.656	100	869	865	876	0.0	1296	type I DNA topoisomerase [Vibrio cholerae]
WP_089123180	71.016	99	866	865	875	0.0	1296	type I DNA topoisomerase [Vibrio algivorus]
WP_478202437	70.656	100	869	865	876	0.0	1296	N/A
WP_262824136	70.656	100	869	865	876	0.0	1296	type I DNA topoisomerase [Vibrio cholerae]
WP_116671968	70.656	100	869	865	876	0.0	1296	type I DNA topoisomerase [Vibrio cholerae]
WP_432307163	71.642	100	871	865	880	0.0	1296	type I DNA topoisomerase [Shewanella oncorhynchi]
WP_148513236	70.771	100	869	865	876	0.0	1296	type I DNA topoisomerase [Vibrio cholerae]
WP_107255581	70.704	99	867	865	884	0.0	1296	type I DNA topoisomerase [Photobacterium indicum]
WP_481062512	70.554	99	866	865	875	0.0	1296	N/A
WP_148500922	70.656	100	869	865	876	0.0	1296	type I DNA topoisomerase [Vibrio cholerae]
WP_175248829	70.656	100	869	865	876	0.0	1296	type I DNA topoisomerase [Vibrio cholerae]
WP_263199623	71.527	100	871	865	880	0.0	1296	type I DNA topoisomerase [Shewanella sp. SM69]
WP_220774504	71.527	100	871	865	880	0.0	1296	type I DNA topoisomerase [Shewanella glacialipiscicola]
WP_011200271	70.379	100	871	865	868	0.0	1296	type I DNA topoisomerase [[Mannheimia] succiniciproducens]
WP_438548698	71.511	100	867	865	874	0.0	1296	type I DNA topoisomerase [Aeromonas sp.]
WP_341264882	70.656	100	869	865	876	0.0	1296	type I DNA topoisomerase [Vibrio cholerae]
WP_055648457	71.412	100	871	865	878	0.0	1296	MULTISPECIES: type I DNA topoisomerase [Shewanella]
WP_100294485	71.445	100	865	865	873	0.0	1296	type I DNA topoisomerase [Aeromonas cavernicola]
WP_327765900	71.774	99	868	865	883	0.0	1296	type I DNA topoisomerase [Photobacterium piscicola]
WP_196532000	91.976	78	673	865	673	0.0	1296	type I DNA topoisomerase, partial [Klebsiella pneumoniae]
WP_045041611	71.659	99	868	865	883	0.0	1296	type I DNA topoisomerase [Photobacterium kishitanii]
WP_238095483	71.544	99	868	865	876	0.0	1296	type I DNA topoisomerase [Vibrio cincinnatiensis]
WP_374921272	71.412	100	871	865	878	0.0	1296	type I DNA topoisomerase [Shewanella xiamenensis]
WP_011847016	71.412	100	871	865	880	0.0	1296	type I DNA topoisomerase [Shewanella baltica]
WP_427254102	71.478	100	866	865	873	0.0	1296	type I DNA topoisomerase [Aeromonas rivipollensis]
WP_136121293	70.264	100	871	865	868	0.0	1296	type I DNA topoisomerase [Histophilus somni]
WP_156265732	71.281	100	874	865	878	0.0	1296	type I DNA topoisomerase [Pseudidiomarina andamanensis]
WP_222101116	70.656	100	869	865	876	0.0	1296	type I DNA topoisomerase [Vibrio cholerae]
WP_417883404	71.016	99	866	865	875	0.0	1296	type I DNA topoisomerase [Vibrio rumoiensis]
WP_071919734	70.541	100	869	865	876	0.0	1296	type I DNA topoisomerase [Vibrio cholerae]
WP_371849998	70.771	100	869	865	876	0.0	1296	type I DNA topoisomerase [Vibrio cholerae]
WP_090653660	70.379	100	871	865	868	0.0	1296	type I DNA topoisomerase [Basfia succiniciproducens]
WP_275931169	71.363	100	866	865	873	0.0	1296	type I DNA topoisomerase [Aeromonas sp. 1HA1]
WP_149158402	70.656	100	869	865	876	0.0	1296	type I DNA topoisomerase [Vibrio cholerae]
WP_155714778	70.656	100	869	865	867	0.0	1296	type I DNA topoisomerase, partial [Vibrio cholerae]
WP_025289380	70.366	100	874	865	871	0.0	1296	type I DNA topoisomerase [Bibersteinia trehalosi]
WP_033115350	71.214	100	865	865	873	0.0	1295	type I DNA topoisomerase [Aeromonas lacus]
WP_375058069	70.514	100	875	865	874	0.0	1295	type I DNA topoisomerase [Zobellella sp. DQSA1]
WP_006233149	70.819	99	867	865	884	0.0	1295	type I DNA topoisomerase [Photobacterium profundum]
WP_311905717	71.412	100	871	865	880	0.0	1295	type I DNA topoisomerase [Shewanella vaxholmensis]
WP_239393183	70.857	100	875	865	880	0.0	1295	type I DNA topoisomerase [Pseudoalteromonas sp. OOF1S-7]
WP_115334458	71.412	100	871	865	880	0.0	1295	type I DNA topoisomerase [Shewanella baltica]
WP_108653006	71.494	100	877	865	885	0.0	1295	type I DNA topoisomerase [Dongshaea marina]
WP_274675330	70.670	99	866	865	875	0.0	1295	type I DNA topoisomerase [Vibrio aestuarianus]
WP_076499651	71.642	100	871	865	880	0.0	1295	type I DNA topoisomerase [Shewanella morhuae]
WP_347097401	71.412	100	871	865	881	0.0	1295	type I DNA topoisomerase [Shewanella baltica]
WP_336940780	70.656	100	869	865	876	0.0	1295	type I DNA topoisomerase [Vibrio cholerae]
WP_442309147	70.656	100	869	865	876	0.0	1295	type I DNA topoisomerase [Vibrio paracholerae]
WP_053023954	70.656	100	869	865	872	0.0	1295	type I DNA topoisomerase, partial [Vibrio cholerae]
WP_064317905	70.366	100	874	865	871	0.0	1295	type I DNA topoisomerase [Bibersteinia trehalosi]
WP_311890331	71.412	100	871	865	880	0.0	1295	type I DNA topoisomerase [Shewanella sp. SP2S2-6]
WP_075609210	71.034	100	870	865	877	0.0	1295	type I DNA topoisomerase [Alteromonas pelagimontana]
WP_334226043	70.656	100	869	865	876	0.0	1295	type I DNA topoisomerase [Vibrio cholerae]
WP_129154579	70.541	100	869	865	876	0.0	1295	type I DNA topoisomerase [Vibrio cholerae]
WP_259510514	71.527	100	871	865	880	0.0	1295	type I DNA topoisomerase [Shewanella baltica]
WP_062688600	70.934	99	867	865	883	0.0	1295	type I DNA topoisomerase [Photobacterium sanguinicancri]
WP_042642291	71.478	100	866	865	873	0.0	1295	type I DNA topoisomerase [Aeromonas eucrenophila]
WP_089139683	71.016	99	866	865	875	0.0	1295	type I DNA topoisomerase [Vibrio rumoiensis]
WP_428472757	70.704	99	867	865	884	0.0	1295	type I DNA topoisomerase [Photobacterium indicum]
WP_033929724	70.853	99	868	865	876	0.0	1295	type I DNA topoisomerase [Vibrio cholerae]
WP_220777955	71.412	100	871	865	880	0.0	1295	type I DNA topoisomerase [Shewanella hafniensis]
WP_094955790	70.934	99	867	865	883	0.0	1295	type I DNA topoisomerase [Photobacterium sanguinicancri]
WP_014610724	71.412	100	871	865	879	0.0	1295	MULTISPECIES: type I DNA topoisomerase [unclassified Shewanella]
WP_305811305	72.414	99	870	865	883	0.0	1295	type I DNA topoisomerase [Photobacterium leiognathi]
WP_142565246	70.656	100	869	865	876	0.0	1295	type I DNA topoisomerase [Vibrio cholerae]
WP_457981095	71.511	100	867	865	874	0.0	1295	type I DNA topoisomerase [Aeromonas sp. AE23HZ002T15]
WP_198572323	71.527	100	871	865	880	0.0	1295	type I DNA topoisomerase [Shewanella sp. DW31]
WP_374922571	71.642	100	871	865	878	0.0	1295	type I DNA topoisomerase [Shewanella mangrovisoli]
WP_261762805	71.297	100	871	865	880	0.0	1295	type I DNA topoisomerase [Shewanella putrefaciens]
WP_324837805	70.656	100	869	865	876	0.0	1295	type I DNA topoisomerase [Vibrio cholerae]
WP_125134923	69.908	100	874	865	871	0.0	1295	type I DNA topoisomerase [Bibersteinia trehalosi]
WP_199367994	70.656	100	869	865	876	0.0	1295	MULTISPECIES: type I DNA topoisomerase [Vibrio]
WP_215985775	70.670	99	866	865	875	0.0	1295	type I DNA topoisomerase [Vibrio hepatarius]
WP_123161320	70.853	99	868	865	876	0.0	1295	type I DNA topoisomerase [Vibrio cholerae]
WP_102563748	70.901	99	866	865	877	0.0	1295	type I DNA topoisomerase [Vibrio sp. 10N.286.49.B3]
WP_107275391	71.774	99	868	865	883	0.0	1295	type I DNA topoisomerase [Photobacterium sp. NCIMB 13483]
WP_259482232	71.412	100	871	865	880	0.0	1295	type I DNA topoisomerase [Shewanella baltica]
WP_219221809	70.541	100	869	865	876	0.0	1295	type I DNA topoisomerase [Vibrio cholerae]
WP_432305639	71.527	100	871	865	880	0.0	1295	type I DNA topoisomerase [Shewanella glacialipiscicola]
WP_194662797	70.704	99	867	865	876	0.0	1295	type I DNA topoisomerase [Vibrio anguillarum]
WP_479317978	72.023	99	865	865	873	0.0	1295	N/A
WP_259562930	71.412	100	871	865	880	0.0	1295	type I DNA topoisomerase [Shewanella baltica]
WP_455349331	71.297	100	871	865	880	0.0	1295	type I DNA topoisomerase [Shewanella putrefaciens]
WP_413495084	71.412	100	871	865	880	0.0	1295	type I DNA topoisomerase [Shewanella baltica]
WP_310597121	71.363	100	866	865	873	0.0	1295	type I DNA topoisomerase [Aeromonas aquatica]
WP_216782300	69.838	100	862	865	865	0.0	1295	type I DNA topoisomerase [Candidatus Profftia tarda]
WP_274678328	70.785	99	866	865	875	0.0	1295	type I DNA topoisomerase [Vibrio aestuarianus]
WP_337840329	72.402	100	866	865	862	0.0	1295	type I DNA topoisomerase [Rheinheimera sp.]
WP_006086246	71.412	100	871	865	880	0.0	1295	MULTISPECIES: type I DNA topoisomerase [Shewanella]
WP_138318130	70.771	100	869	865	887	0.0	1295	type I DNA topoisomerase [Thalassotalea litorea]
WP_394855921	70.541	100	869	865	876	0.0	1295	type I DNA topoisomerase [Vibrio cholerae]
WP_114729991	70.656	100	869	865	876	0.0	1295	type I DNA topoisomerase [Vibrio cholerae]
WP_011072651	71.412	100	871	865	878	0.0	1295	type I DNA topoisomerase [Shewanella oneidensis]
WP_144345660	71.297	100	871	865	878	0.0	1295	type I DNA topoisomerase [Shewanella xiamenensis]
WP_194565959	70.439	99	866	865	875	0.0	1295	type I DNA topoisomerase [Vibrio anguillarum]
WP_115405835	71.642	100	871	865	880	0.0	1295	type I DNA topoisomerase [Shewanella morhuae]
WP_047540681	71.297	100	871	865	878	0.0	1295	type I DNA topoisomerase [Shewanella sp. ZOR0012]
WP_098968811	71.908	99	865	865	873	0.0	1295	MULTISPECIES: type I DNA topoisomerase [Aeromonas]
WP_394609334	70.901	99	866	865	875	0.0	1295	type I DNA topoisomerase [Vibrio rumoiensis]
WP_115719005	71.709	100	866	865	846	0.0	1295	type I DNA topoisomerase [Gallaecimonas mangrovi]
WP_258502043	70.656	100	869	865	876	0.0	1295	type I DNA topoisomerase [Vibrio cholerae]
WP_368164923	71.709	100	866	865	871	0.0	1295	type I DNA topoisomerase [Aeromonas sp. R6-2]
WP_318480082	72.414	99	870	865	883	0.0	1295	type I DNA topoisomerase [Photobacterium leiognathi]
WP_447966040	71.363	100	866	865	873	0.0	1295	type I DNA topoisomerase [Aeromonas allosaccharophila]
WP_080156753	71.774	99	868	865	883	0.0	1294	type I DNA topoisomerase [Photobacterium piscicola]
WP_432360494	71.412	100	871	865	880	0.0	1294	type I DNA topoisomerase [Shewanella baltica]
WP_250617037	70.554	99	866	865	875	0.0	1294	type I DNA topoisomerase [Vibrio methylphosphonaticus]
WP_297475097	71.774	99	868	865	883	0.0	1294	type I DNA topoisomerase [uncultured Photobacterium sp.]
WP_046003777	70.743	100	875	865	880	0.0	1294	type I DNA topoisomerase [Pseudoalteromonas rubra]
WP_311899633	71.297	100	871	865	880	0.0	1294	type I DNA topoisomerase [Shewanella scandinavica]
WP_432334805	71.297	100	871	865	880	0.0	1294	type I DNA topoisomerase [Shewanella baltica]
WP_432324748	71.642	100	871	865	880	0.0	1294	type I DNA topoisomerase [Shewanella glacialipiscicola]
WP_274684417	70.785	99	866	865	875	0.0	1294	type I DNA topoisomerase [Vibrio aestuarianus]
WP_259503941	71.297	100	871	865	880	0.0	1294	type I DNA topoisomerase [Shewanella baltica]
WP_327768756	71.774	99	868	865	883	0.0	1294	type I DNA topoisomerase [Photobacterium piscicola]
WP_290614606	71.478	100	866	865	868	0.0	1294	type I DNA topoisomerase [Arsukibacterium sp. UBA3155]
WP_011919438	71.297	100	871	865	880	0.0	1294	type I DNA topoisomerase [Shewanella putrefaciens]
WP_330148802	71.412	100	871	865	878	0.0	1294	type I DNA topoisomerase [Shewanella xiamenensis]
WP_471851193	71.297	100	871	865	881	0.0	1294	N/A
WP_115014471	71.297	100	871	865	880	0.0	1294	type I DNA topoisomerase [Shewanella putrefaciens]
WP_240130305	71.297	100	871	865	878	0.0	1294	MULTISPECIES: type I DNA topoisomerase [Shewanella]
WP_305374139	72.299	99	870	865	883	0.0	1294	type I DNA topoisomerase [Photobacterium leiognathi]
WP_019676957	71.594	100	866	865	868	0.0	1294	type I DNA topoisomerase [Arsukibacterium perlucidum]
WP_318482882	72.299	99	870	865	883	0.0	1294	type I DNA topoisomerase [Photobacterium leiognathi]
WP_189617396	71.231	99	869	865	876	0.0	1294	type I DNA topoisomerase [Shewanella fodinae]
WP_327770604	71.511	99	867	865	883	0.0	1294	type I DNA topoisomerase [Photobacterium piscicola]
WP_299014370	71.396	99	867	865	881	0.0	1294	type I DNA topoisomerase [uncultured Photobacterium sp.]
WP_305370335	72.299	99	870	865	883	0.0	1294	type I DNA topoisomerase [Photobacterium leiognathi]
WP_132022654	70.838	100	871	865	870	0.0	1294	type I DNA topoisomerase [Bisgaardia hudsonensis]
WP_337922739	70.541	100	869	865	876	0.0	1294	type I DNA topoisomerase [Vibrio cholerae]
WP_161119617	72.299	99	870	865	883	0.0	1294	type I DNA topoisomerase [Photobacterium lucens]
WP_449212168	70.785	99	866	865	877	0.0	1294	type I DNA topoisomerase [Vibrio sp. E150_011]
WP_432394725	71.412	100	871	865	880	0.0	1294	type I DNA topoisomerase [Shewanella baltica]
WP_428436128	70.704	99	867	865	883	0.0	1294	type I DNA topoisomerase [Photobacterium frigidiphilum]
WP_372060853	70.785	99	866	865	877	0.0	1294	type I DNA topoisomerase [Vibrio sp. 10N.261.51.F12]
WP_068697716	70.670	99	866	865	878	0.0	1294	MULTISPECIES: type I DNA topoisomerase [unclassified Vibrio]
WP_148610489	71.908	99	865	865	873	0.0	1294	type I DNA topoisomerase [Aeromonas sobria]
WP_316985243	70.541	100	869	865	876	0.0	1294	type I DNA topoisomerase [Vibrio cholerae]
WP_337881408	72.748	100	866	865	862	0.0	1294	type I DNA topoisomerase [Rheinheimera sp.]
WP_212596047	71.609	99	870	865	876	0.0	1294	type I DNA topoisomerase [Shewanella yunxiaonensis]
WP_432312028	71.527	100	871	865	880	0.0	1294	type I DNA topoisomerase [Shewanella sp. MF08487]
WP_406663191	71.214	100	865	865	845	0.0	1294	type I DNA topoisomerase [Gallaecimonas aegicerasi]
WP_248991185	71.297	100	871	865	880	0.0	1293	type I DNA topoisomerase [Shewanella profunda]
WP_305456605	72.299	99	870	865	883	0.0	1293	type I DNA topoisomerase [Photobacterium leiognathi]
WP_275483465	71.609	99	870	865	876	0.0	1293	type I DNA topoisomerase [Shewanella sp. A32]
WP_259541664	71.297	100	871	865	880	0.0	1293	type I DNA topoisomerase [Shewanella baltica]
WP_126754393	71.313	99	868	865	877	0.0	1293	type I DNA topoisomerase [Pseudidiomarina insulisalsae]
WP_438540317	71.908	99	865	865	873	0.0	1293	type I DNA topoisomerase [Aeromonas sobria]
WP_274682982	70.785	99	866	865	875	0.0	1293	type I DNA topoisomerase [Vibrio aestuarianus]
WP_006081959	71.412	100	871	865	880	0.0	1293	MULTISPECIES: type I DNA topoisomerase [Shewanella]
WP_413484954	71.297	100	871	865	880	0.0	1293	type I DNA topoisomerase [Shewanella baltica]
WP_261874437	70.323	99	866	865	878	0.0	1293	type I DNA topoisomerase [Vibrio rarus]
WP_429945816	70.366	100	874	865	871	0.0	1293	type I DNA topoisomerase [Bibersteinia trehalosi]
WP_153723782	70.541	100	869	865	876	0.0	1293	type I DNA topoisomerase [Vibrio cholerae]
WP_011789092	71.297	100	871	865	880	0.0	1293	MULTISPECIES: type I DNA topoisomerase [Shewanella]
WP_167870554	70.460	100	870	865	884	0.0	1293	type I DNA topoisomerase [Shewanella sp. WXL01]
WP_268073234	71.363	100	866	865	876	0.0	1293	type I DNA topoisomerase [Catenovulum adriaticum]
WP_318497504	72.299	99	870	865	883	0.0	1293	type I DNA topoisomerase [Photobacterium leiognathi]
WP_443091527	70.392	100	868	865	868	0.0	1293	type I DNA topoisomerase [Basfia succiniciproducens]
WP_008986675	72.299	99	870	865	883	0.0	1293	type I DNA topoisomerase [Photobacterium leiognathi]
WP_287975804	71.792	99	865	865	873	0.0	1293	type I DNA topoisomerase [Aeromonas sp.]
WP_274679583	70.670	99	866	865	875	0.0	1293	type I DNA topoisomerase [Vibrio aestuarianus]
WP_440986765	71.528	99	864	865	873	0.0	1293	type I DNA topoisomerase [Aeromonas ichthyocola]
WP_080173130	71.544	99	868	865	883	0.0	1293	type I DNA topoisomerase [Photobacterium toruni]
WP_060987956	72.299	99	870	865	883	0.0	1293	type I DNA topoisomerase [Photobacterium leiognathi]
WP_413473163	71.297	100	871	865	880	0.0	1293	type I DNA topoisomerase [Shewanella baltica]
WP_417879123	70.785	99	866	865	875	0.0	1293	MULTISPECIES: type I DNA topoisomerase [unclassified Vibrio]
WP_350402415	70.622	100	868	865	876	0.0	1293	type I DNA topoisomerase [Catenovulum sediminis]
WP_305837904	72.299	99	870	865	883	0.0	1293	type I DNA topoisomerase [Photobacterium leiognathi]
WP_214000123	71.594	100	866	865	868	0.0	1293	type I DNA topoisomerase [Arsukibacterium sp.]
WP_017049879	70.358	99	867	865	876	0.0	1293	type I DNA topoisomerase [Vibrio anguillarum]
WP_107189234	71.165	99	867	865	883	0.0	1293	type I DNA topoisomerase [Photobacterium phosphoreum]
WP_063884191	71.297	100	871	865	880	0.0	1293	type I DNA topoisomerase [Shewanella baltica]
WP_259520276	71.297	100	871	865	880	0.0	1293	type I DNA topoisomerase [Shewanella baltica]
WP_256382997	71.544	99	868	865	883	0.0	1293	type I DNA topoisomerase [Photobacterium toruni]
WP_432320515	71.412	100	871	865	885	0.0	1293	type I DNA topoisomerase [Shewanella baltica]
WP_053022939	70.541	100	869	865	876	0.0	1293	type I DNA topoisomerase [Vibrio cholerae]
WP_306373964	70.276	100	868	865	883	0.0	1293	type I DNA topoisomerase [Phocoenobacter skyensis]
WP_107242834	70.704	99	867	865	883	0.0	1293	type I DNA topoisomerase [Photobacterium frigidiphilum]
WP_132994457	70.149	100	871	865	868	0.0	1293	type I DNA topoisomerase [Histophilus somni]
WP_394165400	71.511	99	867	865	883	0.0	1293	type I DNA topoisomerase [Photobacterium piscicola]
WP_318409922	72.299	99	870	865	883	0.0	1293	type I DNA topoisomerase [Photobacterium leiognathi]
WP_342901051	71.297	100	871	865	880	0.0	1293	type I DNA topoisomerase [Shewanella scandinavica]
WP_107211598	71.050	99	867	865	883	0.0	1293	type I DNA topoisomerase [Photobacterium phosphoreum]
WP_318438359	72.299	99	870	865	883	0.0	1293	type I DNA topoisomerase [Photobacterium leiognathi]
WP_192074086	70.439	99	866	865	875	0.0	1293	type I DNA topoisomerase [Vibrio sp. S12_S33]
WP_105897754	71.445	98	858	865	855	0.0	1293	type I DNA topoisomerase, partial [Haemophilus influenzae]
WP_071939357	71.412	100	871	865	880	0.0	1293	type I DNA topoisomerase [Shewanella sp. SACH]
WP_144388186	70.901	99	866	865	875	0.0	1293	type I DNA topoisomerase [Vibrio algivorus]
WP_274696421	70.670	99	866	865	875	0.0	1293	type I DNA topoisomerase [Vibrio aestuarianus]
WP_026861812	71.165	99	867	865	877	0.0	1293	type I DNA topoisomerase [Pseudidiomarina sediminum]
WP_188918809	71.527	100	871	865	882	0.0	1293	type I DNA topoisomerase [Shewanella gelidii]
WP_208004882	70.434	100	876	865	876	0.0	1293	type I DNA topoisomerase [Oceanisphaera pacifica]
WP_428584515	71.116	99	869	865	876	0.0	1293	type I DNA topoisomerase [Shewanella sp.]
WP_011219142	70.704	99	867	865	883	0.0	1293	type I DNA topoisomerase [Photobacterium profundum]
WP_176246666	70.670	99	866	865	875	0.0	1293	type I DNA topoisomerase [Vibrio aestuarianus]
WP_101318291	71.792	99	865	865	873	0.0	1293	type I DNA topoisomerase [Aeromonas sobria]
WP_206595282	71.577	99	869	865	878	0.0	1293	type I DNA topoisomerase [Bowmanella yangjiangensis]
WP_102471397	70.670	99	866	865	877	0.0	1292	MULTISPECIES: type I DNA topoisomerase [unclassified Vibrio]
WP_427748931	71.297	100	871	865	880	0.0	1292	type I DNA topoisomerase [Shewanella baltica]
WP_133038701	71.116	99	869	865	876	0.0	1292	type I DNA topoisomerase [Shewanella fodinae]
WP_126826245	70.737	99	868	865	893	0.0	1292	type I DNA topoisomerase [Pseudidiomarina taiwanensis]
WP_232573069	71.165	99	867	865	883	0.0	1292	type I DNA topoisomerase [Photobacterium phosphoreum]
WP_232606133	71.165	99	867	865	883	0.0	1292	type I DNA topoisomerase [Photobacterium phosphoreum]
WP_054016853	70.743	100	875	865	880	0.0	1292	type I DNA topoisomerase [Pseudoalteromonas sp. R3]
WP_318468026	72.184	99	870	865	883	0.0	1292	type I DNA topoisomerase [Photobacterium leiognathi]
WP_107304653	71.165	99	867	865	883	0.0	1292	type I DNA topoisomerase [Photobacterium phosphoreum]
WP_058628274	71.594	100	866	865	871	0.0	1292	type I DNA topoisomerase [Aeromonas schubertii]
WP_318488855	72.184	99	870	865	883	0.0	1292	type I DNA topoisomerase [Photobacterium leiognathi]
WP_259578851	71.412	100	871	865	880	0.0	1292	type I DNA topoisomerase [Shewanella baltica]
WP_368165703	71.594	100	866	865	871	0.0	1292	type I DNA topoisomerase [Aeromonas sp. R9-1]
WP_476003644	71.774	100	868	865	874	0.0	1292	N/A
WP_318474766	72.184	99	870	865	883	0.0	1292	type I DNA topoisomerase [Photobacterium leiognathi]
WP_318513742	72.184	99	870	865	883	0.0	1292	type I DNA topoisomerase [Photobacterium leiognathi]
WP_065194451	71.198	99	868	865	883	0.0	1292	type I DNA topoisomerase [Photobacterium phosphoreum]
WP_213608114	70.528	100	872	865	900	0.0	1292	type I DNA topoisomerase [Pseudoalteromonas sp.]
WP_318471680	72.184	99	870	865	883	0.0	1292	type I DNA topoisomerase [Photobacterium leiognathi]
WP_033131079	71.626	100	867	865	874	0.0	1292	type I DNA topoisomerase [Aeromonas aquatica]
WP_107279355	72.184	99	870	865	883	0.0	1292	type I DNA topoisomerase [Photobacterium leiognathi]
WP_265675059	70.323	99	866	865	875	0.0	1292	type I DNA topoisomerase [Vibrio qingdaonensis]
WP_241343030	71.396	100	867	865	874	0.0	1292	type I DNA topoisomerase [Aeromonas sp. MR16]
WP_290187489	70.642	100	872	865	902	0.0	1291	MULTISPECIES: type I DNA topoisomerase [unclassified Pseudoalteromonas]
WP_065192738	71.165	99	867	865	883	0.0	1291	type I DNA topoisomerase [Photobacterium phosphoreum]
WP_214344867	71.577	99	869	865	878	0.0	1291	type I DNA topoisomerase [Bowmanella yangjiangensis]
WP_406608673	71.692	100	869	865	880	0.0	1291	type I DNA topoisomerase [Agarivorans sp. JK6]
WP_017033749	70.785	99	866	865	875	0.0	1291	MULTISPECIES: type I DNA topoisomerase [Vibrio]
WP_248953922	71.346	99	869	865	876	0.0	1291	type I DNA topoisomerase [Shewanella dokdonensis]
WP_107198744	71.165	99	867	865	883	0.0	1291	type I DNA topoisomerase [Photobacterium phosphoreum]
WP_306376026	70.046	100	868	865	883	0.0	1291	type I DNA topoisomerase [Phocoenobacter skyensis]
WP_198077423	91.952	78	671	865	671	0.0	1291	type I DNA topoisomerase, partial [Klebsiella pneumoniae]
WP_305421037	72.184	99	870	865	883	0.0	1291	type I DNA topoisomerase [Photobacterium leiognathi]
WP_013857079	70.853	99	868	865	876	0.0	1291	type I DNA topoisomerase [Vibrio anguillarum]
WP_105900428	71.329	98	858	865	855	0.0	1291	type I DNA topoisomerase, partial [Haemophilus influenzae]
WP_293628975	71.149	100	870	865	880	0.0	1291	type I DNA topoisomerase [Shewanella sp. CG12_big_fil_rev_8_21_14_0_65_47_15]
WP_335668885	70.588	99	867	865	883	0.0	1291	type I DNA topoisomerase [Photobacterium frigidiphilum]
WP_235411755	70.514	100	875	865	880	0.0	1291	type I DNA topoisomerase [Pseudoalteromonas sp. DL2-H2.2]
WP_055731804	72.529	100	870	865	878	0.0	1291	type I DNA topoisomerase [Agarivorans gilvus]
WP_237295247	70.785	99	866	865	875	0.0	1291	type I DNA topoisomerase [Vibrio sp. CK2-1]
WP_443695937	80.811	86	740	865	740	0.0	1291	type I DNA topoisomerase, partial [Proteus mirabilis]
WP_061783429	71.183	100	871	865	880	0.0	1291	type I DNA topoisomerase [Shewanella putrefaciens]
WP_427564970	70.528	100	872	865	902	0.0	1291	type I DNA topoisomerase [Pseudoalteromonas tetraodonis]
WP_126761127	70.690	100	870	865	877	0.0	1291	type I DNA topoisomerase [Pseudidiomarina halophila]
WP_261920909	69.575	100	871	865	868	0.0	1291	type I DNA topoisomerase [Mergibacter septicus]
WP_028835835	70.528	100	872	865	902	0.0	1291	MULTISPECIES: type I DNA topoisomerase [unclassified Pseudoalteromonas]
WP_274695128	70.554	99	866	865	875	0.0	1291	type I DNA topoisomerase [Vibrio aestuarianus]
WP_219176602	71.005	100	876	865	885	0.0	1291	type I DNA topoisomerase [Ferrimonas balearica]
WP_345338522	70.608	100	871	865	876	0.0	1291	type I DNA topoisomerase [Corallincola platygyrae]
WP_428753676	70.323	99	866	865	875	0.0	1291	type I DNA topoisomerase [Vibrio cionasavignyae]
WP_207570616	71.116	99	869	865	876	0.0	1291	type I DNA topoisomerase [Shewanella sp. 4t3-1-2LB]
WP_137167238	71.297	100	871	865	878	0.0	1291	type I DNA topoisomerase [Salinimonas lutimaris]
WP_021708677	70.127	99	867	865	876	0.0	1291	type I DNA topoisomerase [Vibrio azureus]
WP_428798021	70.323	99	866	865	873	0.0	1291	type I DNA topoisomerase [Vibrio kasasachensis]
WP_350314575	70.642	100	872	865	902	0.0	1291	type I DNA topoisomerase [Pseudoalteromonas sp. TB43-MNA-CIBAN-0091]
WP_432329531	71.297	100	871	865	880	0.0	1291	type I DNA topoisomerase [Shewanella baltica]
WP_053056555	70.670	99	866	865	864	0.0	1291	type I DNA topoisomerase, partial [Vibrio cholerae]
WP_392562624	69.310	100	870	865	870	0.0	1291	type I DNA topoisomerase [Orbus sturtevantii]
WP_248935780	71.183	100	871	865	887	0.0	1291	type I DNA topoisomerase [Shewanella submarina]
WP_290173053	70.528	100	872	865	902	0.0	1291	MULTISPECIES: type I DNA topoisomerase [Pseudoalteromonas]
WP_442292824	70.785	99	866	865	875	0.0	1291	type I DNA topoisomerase [Vibrio litoralis]
WP_039980762	70.127	99	867	865	876	0.0	1291	type I DNA topoisomerase [Vibrio sagamiensis]
WP_192999338	70.670	99	866	865	875	0.0	1291	type I DNA topoisomerase [Vibrio litoralis]
WP_060990672	70.554	99	866	865	879	0.0	1291	type I DNA topoisomerase [Aliivibrio sifiae]
WP_475314352	70.670	99	866	865	875	0.0	1291	N/A
WP_138546781	70.629	100	875	865	881	0.0	1291	type I DNA topoisomerase [Pseudoalteromonas rubra]
WP_087843909	71.742	99	867	865	883	0.0	1291	type I DNA topoisomerase [Photobacterium malacitanum]
WP_126759203	71.086	100	875	865	877	0.0	1291	type I DNA topoisomerase [Pseudidiomarina marina]
WP_475222133	70.528	100	872	865	902	0.0	1291	N/A
WP_063355963	70.057	100	875	865	877	0.0	1291	type I DNA topoisomerase [Pseudoalteromonas luteoviolacea]
WP_211598118	69.931	100	868	865	881	0.0	1291	MULTISPECIES: type I DNA topoisomerase [Pasteurellaceae]
WP_068977103	71.792	99	865	865	873	0.0	1291	type I DNA topoisomerase [Aeromonas sp. EERV15]
WP_153663050	70.575	100	870	865	884	0.0	1290	type I DNA topoisomerase [Shewanella intestini]
WP_033102497	70.528	100	872	865	902	0.0	1290	MULTISPECIES: type I DNA topoisomerase [Pseudoalteromonas]
WP_136853739	71.019	100	873	865	886	0.0	1290	type I DNA topoisomerase [Ferrimonas sediminicola]
WP_086982997	70.670	99	866	865	875	0.0	1290	type I DNA topoisomerase [Vibrio aphrogenes]
WP_010945247	69.920	100	871	865	867	0.0	1290	type I DNA topoisomerase [[Haemophilus] ducreyi]
WP_283392073	71.165	99	867	865	883	0.0	1290	type I DNA topoisomerase [Photobacterium phosphoreum]
WP_379558319	69.943	100	875	865	876	0.0	1290	MULTISPECIES: type I DNA topoisomerase [Oceanisphaera]
WP_318514693	72.184	99	870	865	883	0.0	1290	type I DNA topoisomerase [Photobacterium leiognathi]
WP_044841803	69.850	100	869	865	895	0.0	1290	type I DNA topoisomerase [Thalassomonas viridans]
WP_287025098	70.554	99	866	865	875	0.0	1290	type I DNA topoisomerase [Vibrio sp.]
WP_049864193	70.629	100	875	865	880	0.0	1290	MULTISPECIES: type I DNA topoisomerase [Pseudoalteromonas]
WP_016899533	70.528	100	872	865	902	0.0	1290	MULTISPECIES: type I DNA topoisomerase [Pseudoalteromonas]
WP_125564027	70.514	100	875	865	880	0.0	1290	MULTISPECIES: type I DNA topoisomerase [Pseudoalteromonas]
WP_299007541	70.345	100	870	865	886	0.0	1290	type I DNA topoisomerase [uncultured Shewanella sp.]
WP_013346029	71.005	100	876	865	885	0.0	1290	type I DNA topoisomerase [Ferrimonas balearica]
WP_411271617	71.577	99	869	865	882	0.0	1290	type I DNA topoisomerase [Alteromonas nitratireducens]
WP_428193196	70.554	99	866	865	879	0.0	1290	type I DNA topoisomerase [Aliivibrio sifiae]
WP_233077890	71.940	100	866	865	865	0.0	1290	type I DNA topoisomerase [Rheinheimera soli]
WP_256826151	70.642	100	872	865	897	0.0	1290	type I DNA topoisomerase [Pseudoalteromonas shioyasakiensis]
WP_259536444	91.940	77	670	865	670	0.0	1290	type I DNA topoisomerase, partial [Klebsiella pneumoniae]
WP_404408329	71.200	100	875	865	877	0.0	1290	type I DNA topoisomerase [Pseudidiomarina marina]
WP_222443976	71.050	99	867	865	877	0.0	1290	type I DNA topoisomerase [Pseudidiomarina sediminum]
WP_305423892	72.184	99	870	865	883	0.0	1290	type I DNA topoisomerase [Photobacterium leiognathi]
WP_152821158	70.439	99	866	865	878	0.0	1290	type I DNA topoisomerase [Vibrio sp. B1Z05]
WP_138621045	70.757	100	872	865	902	0.0	1290	MULTISPECIES: type I DNA topoisomerase [unclassified Pseudoalteromonas]
WP_042020602	71.792	99	865	865	873	0.0	1290	type I DNA topoisomerase [Aeromonas sobria]
WP_058551851	70.642	100	872	865	902	0.0	1290	type I DNA topoisomerase [Pseudoalteromonas sp. 10-33]
WP_105026682	71.050	99	867	865	883	0.0	1290	type I DNA topoisomerase [Photobacterium phosphoreum]
WP_171361937	70.323	99	866	865	875	0.0	1290	type I DNA topoisomerase [Vibrio pectenicida]
WP_107239282	71.050	99	867	865	883	0.0	1290	type I DNA topoisomerase [Photobacterium phosphoreum]
WP_463241185	70.528	100	872	865	900	0.0	1290	N/A
WP_372859493	70.642	100	872	865	902	0.0	1290	type I DNA topoisomerase [Pseudoalteromonas sp.]
WP_140112741	71.429	98	854	865	863	0.0	1290	type I DNA topoisomerase, partial [Vibrio parahaemolyticus]
WP_013464804	70.642	100	872	865	902	0.0	1289	MULTISPECIES: type I DNA topoisomerase [unclassified Pseudoalteromonas]
WP_462879868	70.528	100	872	865	902	0.0	1289	N/A
WP_474700865	70.413	100	872	865	902	0.0	1289	N/A
WP_105902354	70.554	99	866	865	875	0.0	1289	type I DNA topoisomerase [Vibrio gangliei]
WP_234236083	71.183	100	871	865	881	0.0	1289	type I DNA topoisomerase [Shewanella sp. AS16]
WP_261888351	70.323	99	866	865	878	0.0	1289	type I DNA topoisomerase [Vibrio cortegadensis]
WP_027697125	70.670	99	866	865	875	0.0	1289	type I DNA topoisomerase [Vibrio litoralis]
WP_445014759	70.460	100	870	865	877	0.0	1289	type I DNA topoisomerase [Pseudidiomarina sp. E22-M8]
WP_008466614	70.642	100	872	865	902	0.0	1289	type I DNA topoisomerase [Pseudoalteromonas sp. BSi20439]
WP_218529315	70.149	100	871	865	883	0.0	1289	type I DNA topoisomerase [Shewanella sp. NIFS-20-20]
WP_023404807	70.439	99	866	865	878	0.0	1289	type I DNA topoisomerase [Vibrio halioticoli]
WP_418608776	70.642	100	872	865	904	0.0	1289	MULTISPECIES: type I DNA topoisomerase [unclassified Pseudoalteromonas]
WP_220718038	71.544	99	868	865	880	0.0	1289	type I DNA topoisomerase [Agarivorans litoreus]
WP_138604865	70.642	100	872	865	902	0.0	1289	MULTISPECIES: type I DNA topoisomerase [unclassified Pseudoalteromonas]
WP_438675223	71.068	100	871	865	883	0.0	1289	type I DNA topoisomerase [Shewanella sp.]
WP_094143314	70.848	99	861	865	870	0.0	1289	type I DNA topoisomerase [Vibrio sp. V05_P4A8T149]
WP_290171053	70.642	100	872	865	902	0.0	1289	type I DNA topoisomerase [Pseudoalteromonas sp. APC 3224]
WP_193048864	70.642	100	872	865	902	0.0	1289	type I DNA topoisomerase [Pseudoalteromonas undina]
WP_138686560	70.528	100	872	865	902	0.0	1289	MULTISPECIES: type I DNA topoisomerase [unclassified Pseudoalteromonas]
WP_311999663	71.183	100	871	865	880	0.0	1289	type I DNA topoisomerase [Shewanella sp. SP1S1-7]
WP_133415370	70.520	99	865	865	876	0.0	1289	type I DNA topoisomerase [Aliivibrio fischeri]
WP_265490995	69.460	100	871	865	868	0.0	1289	type I DNA topoisomerase [Mergibacter septicus]
WP_064088484	69.805	100	871	865	867	0.0	1289	type I DNA topoisomerase [[Haemophilus] ducreyi]
WP_290208942	70.528	100	872	865	903	0.0	1289	MULTISPECIES: type I DNA topoisomerase [unclassified Pseudoalteromonas]
WP_068063644	72.023	100	865	865	864	0.0	1289	type I DNA topoisomerase [Rheinheimera sp. SA_1]
WP_248451501	70.183	100	872	865	898	0.0	1289	MULTISPECIES: type I DNA topoisomerase [unclassified Pseudoalteromonas]
WP_446713195	70.439	99	866	865	882	0.0	1289	type I DNA topoisomerase [Aliivibrio wodanis]
WP_306355046	69.700	100	868	865	877	0.0	1289	type I DNA topoisomerase [Phocoenobacter atlanticus]
WP_265474547	69.460	100	871	865	868	0.0	1289	type I DNA topoisomerase [Mergibacter septicus]
WP_130043393	70.439	99	866	865	880	0.0	1289	type I DNA topoisomerase [Aliivibrio finisterrensis]
WP_318432288	72.069	99	870	865	883	0.0	1289	type I DNA topoisomerase [Photobacterium leiognathi]
WP_413516648	71.050	99	867	865	883	0.0	1289	type I DNA topoisomerase [Photobacterium phosphoreum]
WP_140957080	71.577	99	869	865	877	0.0	1289	type I DNA topoisomerase [Aestuariibacter sp. GS-14]
WP_012533245	70.520	99	865	865	876	0.0	1289	type I DNA topoisomerase [Aliivibrio fischeri]
WP_326384815	70.514	100	875	865	880	0.0	1289	type I DNA topoisomerase [Pseudoalteromonas rubra]
WP_219286448	70.890	100	876	865	885	0.0	1289	type I DNA topoisomerase [Ferrimonas balearica]
WP_366543841	96.215	73	634	865	634	0.0	1289	type I DNA topoisomerase, partial [Salmonella enterica]
WP_109874737	70.642	100	872	865	902	0.0	1289	type I DNA topoisomerase [Pseudoalteromonas sp. meg-B1]
WP_256850499	70.183	100	872	865	898	0.0	1289	type I DNA topoisomerase [Pseudoalteromonas agarivorans]
WP_438705394	70.622	99	868	865	876	0.0	1289	type I DNA topoisomerase [Vibrio ordalii]
WP_434078890	71.145	98	856	865	854	0.0	1289	type I DNA topoisomerase, partial [Vibrio vulnificus]
WP_155689435	70.405	99	865	865	876	0.0	1289	type I DNA topoisomerase [Aliivibrio fischeri]
WP_063651334	70.520	99	865	865	876	0.0	1289	type I DNA topoisomerase [Aliivibrio fischeri]
WP_428795257	70.208	99	866	865	875	0.0	1289	type I DNA topoisomerase [Vibrio nomapromontoriensis]
WP_463267745	71.001	99	869	865	876	0.0	1289	N/A
WP_065789002	69.829	100	875	865	877	0.0	1288	type I DNA topoisomerase [Pseudoalteromonas luteoviolacea]
WP_286247263	70.069	100	872	865	898	0.0	1288	MULTISPECIES: type I DNA topoisomerase [unclassified Pseudoalteromonas]
WP_237137479	69.714	100	875	865	877	0.0	1288	type I DNA topoisomerase [Pseudoalteromonas luteoviolacea]
WP_017025175	70.554	99	866	865	877	0.0	1288	type I DNA topoisomerase [Vibrio rumoiensis]
WP_222217989	70.890	100	876	865	885	0.0	1288	type I DNA topoisomerase [Ferrimonas balearica]
WP_248530750	70.413	100	872	865	902	0.0	1288	MULTISPECIES: type I DNA topoisomerase [Pseudoalteromonas]
WP_288984852	70.413	100	872	865	904	0.0	1288	type I DNA topoisomerase [uncultured Pseudoalteromonas sp.]
WP_463324439	70.520	99	865	865	876	0.0	1288	N/A
WP_214552775	70.413	100	872	865	902	0.0	1288	type I DNA topoisomerase [Pseudoalteromonas tetraodonis]
WP_432453253	71.068	100	871	865	880	0.0	1288	MULTISPECIES: type I DNA topoisomerase [unclassified Agarivorans]
WP_021713044	70.554	99	866	865	878	0.0	1288	type I DNA topoisomerase [Vibrio ezurae]
WP_198066245	91.928	77	669	865	669	0.0	1288	type I DNA topoisomerase, partial [Klebsiella pneumoniae]
WP_103398134	96.406	74	640	865	640	0.0	1288	type I DNA topoisomerase, partial [Salmonella enterica]
WP_155683224	70.520	99	865	865	876	0.0	1288	type I DNA topoisomerase [Aliivibrio fischeri]
WP_232610255	71.050	99	867	865	882	0.0	1288	type I DNA topoisomerase [Photobacterium phosphoreum]
WP_138765181	70.413	100	872	865	902	0.0	1288	type I DNA topoisomerase [Pseudoalteromonas sp. S201]
WP_135353423	70.520	99	865	865	876	0.0	1288	type I DNA topoisomerase [Aliivibrio fischeri]
WP_135475209	70.298	100	872	865	906	0.0	1288	type I DNA topoisomerase [Pseudoalteromonas sp. KS88]
WP_099296001	70.298	100	872	865	901	0.0	1288	MULTISPECIES: type I DNA topoisomerase [unclassified Pseudoalteromonas]
WP_342652005	70.392	99	868	865	876	0.0	1288	type I DNA topoisomerase [Vibrio metschnikovii]
WP_058558631	70.413	100	872	865	903	0.0	1288	type I DNA topoisomerase [Pseudoalteromonas sp. H105]
WP_010381554	70.514	100	875	865	880	0.0	1288	type I DNA topoisomerase [Pseudoalteromonas rubra]
WP_131690939	70.642	100	872	865	902	0.0	1288	type I DNA topoisomerase [Pseudoalteromonas sp. DL-6]
WP_339880338	70.481	100	874	865	876	0.0	1288	type I DNA topoisomerase [Pseudidiomarina gelatinasegens]
WP_088136958	70.541	100	869	865	875	0.0	1288	type I DNA topoisomerase [Vibrio cholerae]
WP_155649895	70.405	99	865	865	876	0.0	1288	type I DNA topoisomerase [Aliivibrio fischeri]
WP_301719870	70.771	100	869	865	901	0.0	1288	type I DNA topoisomerase [Pseudidiomarina terrestris]
WP_155657107	70.520	99	865	865	876	0.0	1288	type I DNA topoisomerase [Aliivibrio fischeri]
WP_119178299	99.518	72	623	865	623	0.0	1288	type I DNA topoisomerase, partial [Shigella sonnei]
WP_108924721	70.656	100	869	865	866	0.0	1288	type I DNA topoisomerase [Actinobacillus porcitonsillarum]
WP_173919174	70.541	100	869	865	877	0.0	1288	type I DNA topoisomerase [Pseudidiomarina piscicola]
WP_211033369	69.829	100	875	865	877	0.0	1288	type I DNA topoisomerase [Pseudoalteromonas luteoviolacea]
WP_138626860	70.413	100	872	865	902	0.0	1288	type I DNA topoisomerase [Pseudoalteromonas sp. S4741]
WP_222487692	71.005	100	876	865	885	0.0	1288	type I DNA topoisomerase [Ferrimonas balearica]
WP_253046281	70.400	100	875	865	880	0.0	1288	MULTISPECIES: type I DNA topoisomerase [unclassified Pseudoalteromonas]
WP_299493548	70.115	100	870	865	888	0.0	1288	type I DNA topoisomerase [uncultured Shewanella sp.]
WP_138551287	70.400	100	875	865	880	0.0	1288	type I DNA topoisomerase [Pseudoalteromonas rubra]
WP_011261684	70.520	99	865	865	876	0.0	1288	type I DNA topoisomerase [Aliivibrio fischeri]
WP_306350447	69.700	100	868	865	881	0.0	1288	MULTISPECIES: type I DNA topoisomerase [Pasteurellaceae]
WP_441878212	70.205	100	876	865	876	0.0	1288	type I DNA topoisomerase [Oceanisphaera sp.]
WP_219421756	70.528	100	872	865	902	0.0	1288	type I DNA topoisomerase [Pseudoalteromonas sp. CR1]
WP_261824025	70.323	99	866	865	878	0.0	1288	type I DNA topoisomerase [Vibrio neonatus]
WP_484582601	69.600	100	875	865	877	0.0	1288	N/A
WP_054200806	70.528	100	872	865	902	0.0	1288	type I DNA topoisomerase [Pseudoalteromonas undina]
WP_063643776	70.636	99	865	865	876	0.0	1288	type I DNA topoisomerase [Aliivibrio fischeri]
WP_130048618	70.323	99	866	865	880	0.0	1288	MULTISPECIES: type I DNA topoisomerase [Aliivibrio]
WP_448945644	91.505	78	671	865	671	0.0	1288	type I DNA topoisomerase, partial [Klebsiella michiganensis]
WP_076920119	70.642	100	872	865	902	0.0	1288	type I DNA topoisomerase [Pseudoalteromonas sp. SK18]
WP_045026640	70.934	99	867	865	883	0.0	1288	type I DNA topoisomerase [Photobacterium phosphoreum]
WP_248474143	70.413	100	872	865	902	0.0	1288	type I DNA topoisomerase [Pseudoalteromonas sp. 2CM36K]
WP_417668257	70.413	100	872	865	902	0.0	1288	type I DNA topoisomerase [Pseudoalteromonas tetraodonis]
WP_169562231	71.068	100	871	865	881	0.0	1288	type I DNA topoisomerase [Shewanella salipaludis]
WP_045035653	71.313	99	868	865	883	0.0	1288	type I DNA topoisomerase [Photobacterium iliopiscarium]
WP_235407727	69.943	100	875	865	877	0.0	1288	type I DNA topoisomerase [Pseudoalteromonas sp. SMS1]
WP_306347694	69.700	100	868	865	877	0.0	1288	MULTISPECIES: type I DNA topoisomerase [Pasteurellaceae]
WP_375322204	70.323	99	866	865	879	0.0	1288	type I DNA topoisomerase [Aliivibrio logei]
WP_290157187	70.413	100	872	865	902	0.0	1288	type I DNA topoisomerase [Pseudoalteromonas sp. APC 3694]
WP_090923119	70.046	100	868	865	883	0.0	1288	type I DNA topoisomerase [Phocoenobacter skyensis]
WP_065603446	70.520	99	865	865	876	0.0	1287	type I DNA topoisomerase [Aliivibrio fischeri]
WP_119561277	70.311	100	869	865	876	0.0	1287	type I DNA topoisomerase [Vibrio cholerae]
WP_089347459	70.264	100	871	865	899	0.0	1287	type I DNA topoisomerase [Pseudoalteromonas espejiana]
WP_417659653	70.588	99	867	865	876	0.0	1287	type I DNA topoisomerase [Pseudidiomarina sp.]
WP_025820579	70.345	100	870	865	882	0.0	1287	type I DNA topoisomerase [Shewanella marina]
WP_138571209	70.528	100	872	865	902	0.0	1287	type I DNA topoisomerase [Pseudoalteromonas sp. S1608]
WP_303817729	70.541	100	869	865	866	0.0	1287	type I DNA topoisomerase [Actinobacillus minor]
WP_137221407	70.252	100	874	865	878	0.0	1287	MULTISPECIES: type I DNA topoisomerase [Shewanella]
WP_323125004	70.771	100	869	865	899	0.0	1287	type I DNA topoisomerase [Pseudidiomarina terrestris]
WP_300929515	71.824	100	866	865	865	0.0	1287	type I DNA topoisomerase [Rheinheimera sp. 1928-s]
WP_010389785	70.413	100	872	865	902	0.0	1287	type I DNA topoisomerase [Pseudoalteromonas undina]
WP_188697922	71.739	100	874	865	878	0.0	1287	type I DNA topoisomerase [Bowmanella pacifica]
WP_010320022	70.127	99	867	865	876	0.0	1287	type I DNA topoisomerase [Vibrio ordalii]
WP_107292031	71.511	99	867	865	884	0.0	1287	MULTISPECIES: type I DNA topoisomerase [unclassified Photobacterium]
WP_221942658	71.198	99	868	865	883	0.0	1287	type I DNA topoisomerase [Photobacterium carnosum]
WP_128351138	70.481	100	874	865	876	0.0	1287	type I DNA topoisomerase [Pseudidiomarina gelatinasegens]
WP_005817708	70.656	100	869	865	866	0.0	1287	type I DNA topoisomerase [Actinobacillus minor]
WP_069439391	70.413	100	872	865	902	0.0	1287	type I DNA topoisomerase [Pseudoalteromonas tetraodonis]
WP_151652863	70.208	99	866	865	880	0.0	1287	type I DNA topoisomerase [Aliivibrio finisterrensis]
WP_432463266	70.953	100	871	865	880	0.0	1287	type I DNA topoisomerase [Agarivorans sp. QJM3NY_33]
WP_063662441	70.405	99	865	865	876	0.0	1287	type I DNA topoisomerase [Aliivibrio fischeri]
WP_394190558	70.298	100	872	865	906	0.0	1287	type I DNA topoisomerase [Pseudoalteromonas atlantica]
WP_087819464	71.511	99	867	865	883	0.0	1287	MULTISPECIES: type I DNA topoisomerase [Photobacterium]
WP_475197568	70.400	100	875	865	880	0.0	1287	N/A
WP_090492759	70.298	100	872	865	902	0.0	1287	type I DNA topoisomerase [Pseudoalteromonas sp. DSM 26666]
WP_138562320	70.413	100	872	865	902	0.0	1287	MULTISPECIES: type I DNA topoisomerase [Pseudoalteromonas]
WP_306348024	69.700	100	868	865	881	0.0	1287	MULTISPECIES: type I DNA topoisomerase [Pasteurellaceae]
WP_105054491	70.439	99	866	865	879	0.0	1287	type I DNA topoisomerase [Aliivibrio sifiae]
WP_475606375	70.069	100	872	865	885	0.0	1287	N/A
WP_186460061	70.392	99	868	865	876	0.0	1287	type I DNA topoisomerase [Vibrio metschnikovii]
WP_131256595	71.116	99	869	865	877	0.0	1287	MULTISPECIES: type I DNA topoisomerase [Alteromonadaceae]
WP_262976728	70.298	100	872	865	902	0.0	1287	type I DNA topoisomerase [Pseudoalteromonas haloplanktis]
WP_429744656	70.323	99	866	865	878	0.0	1287	type I DNA topoisomerase [Vibrio clamense]
WP_058404445	70.528	100	872	865	902	0.0	1287	type I DNA topoisomerase [Pseudoalteromonas sp. H71]
WP_087533719	70.528	100	872	865	903	0.0	1287	type I DNA topoisomerase [Pseudoalteromonas sp. A601]
WP_136993745	70.323	99	866	865	878	0.0	1287	MULTISPECIES: type I DNA topoisomerase [Vibrio]
WP_250652971	70.298	100	872	865	902	0.0	1287	type I DNA topoisomerase [Pseudoalteromonas sp. SCSIO 43095]
WP_301898541	70.771	100	869	865	899	0.0	1286	type I DNA topoisomerase [Pseudidiomarina terrestris]
WP_155672642	70.405	99	865	865	876	0.0	1286	type I DNA topoisomerase [Aliivibrio fischeri]
WP_404340311	70.298	100	872	865	898	0.0	1286	type I DNA topoisomerase [Pseudoalteromonas mariniglutinosa]
WP_138530076	70.413	100	872	865	900	0.0	1286	MULTISPECIES: type I DNA topoisomerase [unclassified Pseudoalteromonas]
WP_417685187	70.588	99	867	865	876	0.0	1286	type I DNA topoisomerase [Pseudidiomarina gelatinasegens]
WP_055253275	70.069	100	872	865	898	0.0	1286	MULTISPECIES: type I DNA topoisomerase [unclassified Pseudoalteromonas]
WP_463238133	70.413	100	872	865	902	0.0	1286	N/A
WP_350433007	70.252	100	874	865	878	0.0	1286	type I DNA topoisomerase [Shewanella sp. H8]
WP_300174780	70.323	99	866	865	879	0.0	1286	type I DNA topoisomerase [uncultured Aliivibrio sp.]
WP_448552623	71.264	100	870	865	894	0.0	1286	type I DNA topoisomerase [Thalassotalea montiporae]
WP_233946588	70.405	99	865	865	876	0.0	1286	type I DNA topoisomerase [Aliivibrio fischeri]
WP_005418793	70.405	99	865	865	876	0.0	1286	MULTISPECIES: type I DNA topoisomerase [Aliivibrio]
WP_143233765	70.494	99	871	865	893	0.0	1286	type I DNA topoisomerase [Aliidiomarina halalkaliphila]
WP_135055221	70.528	100	872	865	868	0.0	1286	type I DNA topoisomerase [Muribacter muris]
WP_155665644	70.405	99	865	865	876	0.0	1286	type I DNA topoisomerase [Aliivibrio fischeri]
WP_064385517	70.069	100	872	865	898	0.0	1286	type I DNA topoisomerase [Pseudoalteromonas agarivorans]
WP_233909829	70.405	99	865	865	876	0.0	1286	type I DNA topoisomerase [Aliivibrio fischeri]
WP_486307172	70.208	99	866	865	879	0.0	1286	N/A
WP_417656110	71.659	99	868	865	894	0.0	1286	type I DNA topoisomerase [Pseudidiomarina aestuarii]
WP_301773684	70.771	100	869	865	895	0.0	1286	type I DNA topoisomerase [Pseudidiomarina terrestris]
WP_462671345	70.298	100	872	865	906	0.0	1286	N/A
WP_096041842	70.069	100	872	865	898	0.0	1286	MULTISPECIES: type I DNA topoisomerase [Pseudoalteromonas]
WP_274420693	70.208	99	866	865	883	0.0	1286	MULTISPECIES: type I DNA topoisomerase [unclassified Aliivibrio]
WP_138613372	70.149	100	871	865	899	0.0	1286	type I DNA topoisomerase [Pseudoalteromonas sp. S3785]
WP_039223928	71.412	100	871	865	886	0.0	1286	MULTISPECIES: type I DNA topoisomerase [Alteromonas]
WP_004587792	70.069	100	872	865	898	0.0	1286	MULTISPECIES: type I DNA topoisomerase [Pseudoalteromonas]
WP_138540721	70.149	100	871	865	899	0.0	1286	type I DNA topoisomerase [Pseudoalteromonas sp. S3776]
WP_107287029	71.396	99	867	865	884	0.0	1286	type I DNA topoisomerase [Photobacterium sp. GB-3]
WP_188741091	70.743	100	875	865	879	0.0	1286	type I DNA topoisomerase [Shewanella inventionis]
WP_377114525	70.413	100	872	865	902	0.0	1286	type I DNA topoisomerase [Pseudoalteromonas sp. M58]
WP_284206231	70.345	100	870	865	888	0.0	1286	type I DNA topoisomerase [Thalassotalea eurytherma]
WP_169930201	71.659	99	868	865	894	0.0	1286	type I DNA topoisomerase [Pseudidiomarina aestuarii]
WP_421587784	70.092	99	866	865	875	0.0	1286	type I DNA topoisomerase [Vibrio pectenicida]
WP_008949746	71.247	100	866	865	861	0.0	1286	type I DNA topoisomerase [Alishewanella jeotgali]
WP_036982852	70.298	100	872	865	902	0.0	1286	type I DNA topoisomerase [Pseudoalteromonas sp. SCSIO_11900]
WP_086961022	70.554	99	866	865	875	0.0	1286	MULTISPECIES: type I DNA topoisomerase [Vibrio]
WP_120354263	71.544	100	868	865	871	0.0	1286	type I DNA topoisomerase [Alginatibacterium sediminis]
WP_065189931	71.511	99	867	865	883	0.0	1286	type I DNA topoisomerase [Photobacterium aquimaris]
WP_127684563	71.709	100	866	865	865	0.0	1286	type I DNA topoisomerase [Rheinheimera sediminis]
WP_332398344	70.276	99	868	865	876	0.0	1286	type I DNA topoisomerase [Vibrio metschnikovii]
WP_296043738	71.231	99	869	865	877	0.0	1286	type I DNA topoisomerase [uncultured Alteromonas sp.]
WP_005706314	70.507	100	868	865	866	0.0	1286	type I DNA topoisomerase [Haemophilus parahaemolyticus]
WP_349586981	71.494	100	870	865	877	0.0	1286	type I DNA topoisomerase [Alteromonas sp. NFXS44]
WP_076026132	71.412	100	871	865	884	0.0	1286	type I DNA topoisomerase [Alteromonas abrolhosensis]
WP_024034037	70.069	100	872	865	898	0.0	1286	type I DNA topoisomerase [Pseudoalteromonas agarivorans]
WP_332397638	70.276	99	868	865	876	0.0	1286	type I DNA topoisomerase [Vibrio metschnikovii]
WP_092855852	70.743	100	875	865	877	0.0	1286	type I DNA topoisomerase [Pseudidiomarina maritima]
WP_232568068	71.198	99	868	865	883	0.0	1286	type I DNA topoisomerase [Photobacterium iliopiscarium]
WP_275136708	70.208	99	866	865	875	0.0	1286	type I DNA topoisomerase [Vibrio sp. DW001]
WP_342324852	71.183	100	871	865	884	0.0	1286	type I DNA topoisomerase [Alteromonas macleodii]
WP_311418259	70.507	100	868	865	866	0.0	1285	type I DNA topoisomerase [Haemophilus parahaemolyticus]
WP_060996624	71.511	99	867	865	883	0.0	1285	MULTISPECIES: type I DNA topoisomerase [Photobacterium]
WP_054982407	70.069	100	872	865	898	0.0	1285	type I DNA topoisomerase [Pseudoalteromonas sp. P1-30]
WP_248442528	70.069	100	872	865	898	0.0	1285	type I DNA topoisomerase [Pseudoalteromonas sp. 1CM17D]
WP_005370813	71.396	99	867	865	884	0.0	1285	type I DNA topoisomerase [Photobacterium angustum]
WP_259503362	91.916	77	668	865	668	0.0	1285	type I DNA topoisomerase, partial [Klebsiella pneumoniae]
WP_195705020	70.323	99	866	865	875	0.0	1285	type I DNA topoisomerase [Vibrio sp. VB16]
WP_274443289	70.208	99	866	865	880	0.0	1285	MULTISPECIES: type I DNA topoisomerase [unclassified Aliivibrio]
WP_034773800	70.358	99	867	865	894	0.0	1285	type I DNA topoisomerase [Pseudidiomarina salinarum]
WP_143872283	70.161	100	868	865	876	0.0	1285	type I DNA topoisomerase [Catenovulum sediminis]
WP_126006763	70.069	100	872	865	898	0.0	1285	type I DNA topoisomerase [Pseudoalteromonas sp. Xi13]
WP_461850962	71.412	100	871	865	886	0.0	1285	N/A
WP_239850836	71.264	100	870	865	884	0.0	1285	type I DNA topoisomerase [Shewanella sp. Isolate8]
WP_479382951	71.297	100	871	865	886	0.0	1285	N/A
WP_096739695	70.069	100	872	865	898	0.0	1285	type I DNA topoisomerase [Pseudoalteromonas atlantica]
WP_088328348	71.922	99	869	865	878	0.0	1285	type I DNA topoisomerase [Lacimicrobium sp. SS2-24]
WP_261256789	71.247	100	866	865	861	0.0	1285	type I DNA topoisomerase [Alishewanella sp. BS5-314]
WP_063360821	69.486	100	875	865	877	0.0	1285	type I DNA topoisomerase [Pseudoalteromonas luteoviolacea]
WP_014976305	71.183	100	871	865	884	0.0	1285	type I DNA topoisomerase [Alteromonas macleodii]
WP_017051947	70.208	99	866	865	878	0.0	1285	type I DNA topoisomerase [Vibrio genomosp. F6]
WP_107245493	71.396	99	867	865	884	0.0	1285	type I DNA topoisomerase [Photobacterium sp. GB-72]
WP_394220625	71.412	100	871	865	885	0.0	1285	type I DNA topoisomerase [Alteromonas gracilis]
WP_182678932	70.986	100	872	865	879	0.0	1285	type I DNA topoisomerase [Shewanella sp. SR44-3]
WP_273611367	69.954	100	872	865	898	0.0	1285	type I DNA topoisomerase [Pseudoalteromonas sp. Angola-4]
WP_404394706	70.413	100	872	865	881	0.0	1285	type I DNA topoisomerase [Pseudoalteromonas phenolica]
WP_065956489	71.247	100	866	865	861	0.0	1285	type I DNA topoisomerase [Alishewanella sp. HH-ZS]
WP_072669577	70.276	99	868	865	876	0.0	1285	MULTISPECIES: type I DNA topoisomerase [Vibrio]
WP_237465172	71.594	99	866	865	874	0.0	1285	type I DNA topoisomerase [Vibrio stylophorae]
WP_187025899	70.276	99	868	865	876	0.0	1285	type I DNA topoisomerase [Vibrio metschnikovii]
WP_076920993	70.183	100	872	865	902	0.0	1285	type I DNA topoisomerase [Pseudoalteromonas sp. SK20]
WP_221077481	71.692	100	869	865	880	0.0	1285	MULTISPECIES: type I DNA topoisomerase [Agarivorans]
WP_217522419	70.276	99	868	865	876	0.0	1285	type I DNA topoisomerase [Vibrio metschnikovii]
WP_445945797	70.986	100	872	865	879	0.0	1285	type I DNA topoisomerase [Shewanella sp.]
WP_064081851	69.575	100	871	865	867	0.0	1285	type I DNA topoisomerase [[Haemophilus] ducreyi]
WP_372762129	69.680	100	874	865	903	0.0	1285	type I DNA topoisomerase [Pseudoalteromonas sp.]
WP_222524022	70.662	100	876	865	885	0.0	1285	type I DNA topoisomerase [Ferrimonas balearica]
WP_208895680	70.608	99	871	865	879	0.0	1285	type I DNA topoisomerase [Vibrio anguillarum]
WP_442021626	70.171	100	875	865	876	0.0	1285	type I DNA topoisomerase [Oceanisphaera sp. W20_SRM_FM3]
WP_208224035	71.461	99	869	865	879	0.0	1285	type I DNA topoisomerase [Shewanella algae]
WP_055014997	70.149	100	871	865	899	0.0	1285	MULTISPECIES: type I DNA topoisomerase [Pseudoalteromonas]
WP_107205679	71.396	99	867	865	884	0.0	1285	MULTISPECIES: type I DNA topoisomerase [unclassified Photobacterium]
WP_179983129	71.297	100	871	865	886	0.0	1285	type I DNA topoisomerase [Alteromonas macleodii]
WP_011328029	69.794	100	874	865	905	0.0	1285	MULTISPECIES: type I DNA topoisomerase [Pseudoalteromonas]
WP_029773535	69.954	100	872	865	898	0.0	1285	MULTISPECIES: type I DNA topoisomerase [unclassified Pseudoalteromonas]
WP_273588167	70.069	100	872	865	898	0.0	1285	MULTISPECIES: type I DNA topoisomerase [unclassified Pseudoalteromonas]
WP_309217068	69.794	100	874	865	905	0.0	1285	type I DNA topoisomerase [Pseudoalteromonas sp. HL-AS2]
WP_130202706	70.743	100	875	865	877	0.0	1285	type I DNA topoisomerase [Pseudidiomarina tainanensis]
WP_487173475	70.528	100	872	865	902	0.0	1285	N/A
WP_342639280	70.276	99	868	865	876	0.0	1285	type I DNA topoisomerase [Vibrio metschnikovii]
WP_273586539	69.954	100	872	865	898	0.0	1285	MULTISPECIES: type I DNA topoisomerase [unclassified Pseudoalteromonas]
WP_004395085	70.276	99	868	865	876	0.0	1285	MULTISPECIES: type I DNA topoisomerase [Vibrio]
WP_008898159	71.709	100	866	865	865	0.0	1285	type I DNA topoisomerase [Rheinheimera sp. A13L]
WP_007419046	71.068	100	871	865	909	0.0	1285	type I DNA topoisomerase [Idiomarina sp. A28L]
WP_217532192	70.161	99	868	865	876	0.0	1285	type I DNA topoisomerase [Vibrio metschnikovii]
WP_217513751	70.276	99	868	865	876	0.0	1285	type I DNA topoisomerase [Vibrio metschnikovii]
WP_158138552	70.276	99	868	865	876	0.0	1285	type I DNA topoisomerase [Vibrio metschnikovii]
WP_233941026	70.289	99	865	865	876	0.0	1285	type I DNA topoisomerase [Aliivibrio fischeri]
WP_319783834	70.091	100	876	865	876	0.0	1285	type I DNA topoisomerase [Oceanisphaera sp. IT1-181]
WP_121637390	70.069	100	872	865	898	0.0	1285	type I DNA topoisomerase [Pseudoalteromonas agarivorans]
WP_458726704	71.183	100	871	865	884	0.0	1285	type I DNA topoisomerase [Alteromonas macleodii]
WP_446710321	70.208	99	866	865	879	0.0	1284	type I DNA topoisomerase [Aliivibrio salmonicida]
WP_427983205	72.184	100	870	865	878	0.0	1284	type I DNA topoisomerase [Agarivorans sp.]
WP_248970641	71.068	100	871	865	879	0.0	1284	type I DNA topoisomerase [Shewanella basaltis]
WP_107290431	71.280	99	867	865	884	0.0	1284	type I DNA topoisomerase [Photobacterium sp. GB-36]
WP_217517118	70.276	99	868	865	876	0.0	1284	type I DNA topoisomerase [Vibrio metschnikovii]
WP_146861635	70.405	99	865	865	876	0.0	1284	type I DNA topoisomerase [Aliivibrio fischeri]
WP_065591660	70.127	100	867	865	879	0.0	1284	MULTISPECIES: type I DNA topoisomerase [unclassified Aliivibrio]
WP_062479212	71.807	99	869	865	878	0.0	1284	type I DNA topoisomerase [Lacimicrobium alkaliphilum]
WP_155694134	70.289	99	865	865	876	0.0	1284	type I DNA topoisomerase [Aliivibrio fischeri]
WP_418357101	71.068	100	871	865	879	0.0	1284	MULTISPECIES: type I DNA topoisomerase [Shewanella]
WP_332405391	70.276	99	868	865	876	0.0	1284	type I DNA topoisomerase [Vibrio metschnikovii]
WP_069944149	71.183	100	871	865	884	0.0	1284	type I DNA topoisomerase [Alteromonas macleodii]
WP_417665574	70.366	100	874	865	876	0.0	1284	type I DNA topoisomerase [Pseudidiomarina sp.]
WP_217533777	70.161	99	868	865	876	0.0	1284	type I DNA topoisomerase [Vibrio metschnikovii]
WP_169209262	71.001	99	869	865	877	0.0	1284	type I DNA topoisomerase [Alteromonas ponticola]
WP_119501530	71.494	100	870	865	877	0.0	1284	type I DNA topoisomerase [Alteromonas sp. RKMC-009]
WP_214996524	71.183	100	871	865	886	0.0	1284	MULTISPECIES: type I DNA topoisomerase [unclassified Alteromonas]
WP_487127958	71.297	100	871	865	884	0.0	1284	N/A
WP_014979097	71.297	100	871	865	884	0.0	1284	type I DNA topoisomerase [Alteromonas macleodii]
WP_105060534	71.280	99	867	865	884	0.0	1284	type I DNA topoisomerase [Photobacterium angustum]
WP_474844328	71.494	100	870	865	877	0.0	1284	N/A
WP_008111438	70.413	100	872	865	902	0.0	1284	type I DNA topoisomerase [Pseudoalteromonas sp. BSi20311]
WP_432530558	70.379	100	871	865	881	0.0	1284	type I DNA topoisomerase [Shewanella sp. GXUN23E]
WP_152652865	70.968	99	868	865	883	0.0	1284	type I DNA topoisomerase [Photobacterium carnosum]
WP_101767081	70.968	99	868	865	883	0.0	1284	type I DNA topoisomerase [Photobacterium carnosum]
WP_045149582	71.280	99	867	865	884	0.0	1284	type I DNA topoisomerase [Photobacterium angustum]
WP_232614292	70.968	99	868	865	883	0.0	1284	type I DNA topoisomerase [Photobacterium carnosum]
WP_075176410	71.183	100	871	865	884	0.0	1284	type I DNA topoisomerase [Alteromonas sp. W12]
WP_412727522	71.297	100	871	865	884	0.0	1284	type I DNA topoisomerase [Alteromonas sp. D210916BOD_24]
WP_045082622	71.280	99	867	865	884	0.0	1284	type I DNA topoisomerase [Photobacterium angustum]
WP_111353240	70.392	100	868	865	866	0.0	1284	type I DNA topoisomerase [Haemophilus paraphrohaemolyticus]
WP_107259482	71.280	99	867	865	884	0.0	1284	type I DNA topoisomerase [Photobacterium sp. GB-27]
WP_012549908	69.977	99	866	865	879	0.0	1284	type I DNA topoisomerase [Aliivibrio salmonicida]
WP_131136191	71.183	100	871	865	884	0.0	1283	type I DNA topoisomerase [Alteromonas sp. KUL17]
WP_161429851	70.161	99	868	865	876	0.0	1283	MULTISPECIES: type I DNA topoisomerase [unclassified Vibrio]
WP_286339803	70.332	100	873	865	886	0.0	1283	type I DNA topoisomerase [Ferrimonas sp. YFM]
WP_226752064	72.222	100	864	865	861	0.0	1283	type I DNA topoisomerase [Alishewanella maricola]
WP_232600030	70.968	99	868	865	883	0.0	1283	type I DNA topoisomerase [Photobacterium carnosum]
WP_232577119	70.968	99	868	865	883	0.0	1283	type I DNA topoisomerase [Photobacterium carnosum]
WP_445427772	72.222	100	864	865	861	0.0	1283	type I DNA topoisomerase [Alishewanella sp. HL-SH05]
WP_122035256	70.092	99	866	865	879	0.0	1283	type I DNA topoisomerase [Aliivibrio sp. EL58]
WP_248940705	70.358	99	867	865	886	0.0	1283	type I DNA topoisomerase [Shewanella surugensis]
WP_211012274	69.371	100	875	865	878	0.0	1283	MULTISPECIES: type I DNA topoisomerase [Pseudoalteromonas]
WP_390238007	70.208	99	866	865	875	0.0	1283	type I DNA topoisomerase [Vibrio sp. F74]
WP_474851379	71.494	100	870	865	877	0.0	1283	N/A
WP_220736278	70.345	100	870	865	897	0.0	1283	type I DNA topoisomerase [Shewanella sp. c952]
WP_008609910	71.165	100	867	865	861	0.0	1283	type I DNA topoisomerase [Alishewanella aestuarii]
WP_276921539	68.535	100	874	865	874	0.0	1283	type I DNA topoisomerase [Frischella perrara]
WP_017020611	69.861	99	866	865	879	0.0	1283	type I DNA topoisomerase [Aliivibrio logei]
WP_409425289	70.298	100	872	865	902	0.0	1283	type I DNA topoisomerase [Pseudoalteromonas sp. RW-H-Ap-1]
WP_202942410	71.183	100	871	865	884	0.0	1283	type I DNA topoisomerase [Alteromonas macleodii]
WP_276902236	68.535	100	874	865	874	0.0	1283	type I DNA topoisomerase [Frischella perrara]
WP_064083295	69.460	100	871	865	867	0.0	1283	type I DNA topoisomerase [[Haemophilus] ducreyi]
WP_008488535	70.853	100	868	865	874	0.0	1283	type I DNA topoisomerase [Idiomarina xiamenensis]
WP_080372009	70.896	98	859	865	858	0.0	1283	type I DNA topoisomerase, partial [Vibrio cholerae]
WP_075471224	70.069	99	872	865	888	0.0	1283	type I DNA topoisomerase [Moritella viscosa]
WP_274743209	71.249	100	873	865	886	0.0	1283	type I DNA topoisomerase [Alteromonas sp. 009811495]
WP_430519070	70.473	100	867	865	878	0.0	1283	type I DNA topoisomerase [Aliivibrio sp.]
WP_310273957	71.594	100	866	865	865	0.0	1283	type I DNA topoisomerase [Rheinheimera soli]
WP_232613282	70.968	99	868	865	883	0.0	1283	type I DNA topoisomerase [Photobacterium carnosum]
WP_284019456	69.486	100	875	865	877	0.0	1283	type I DNA topoisomerase [Pseudoalteromonas umbrosa]
WP_473617055	70.426	100	869	865	888	0.0	1283	N/A
WP_474881694	71.494	100	870	865	877	0.0	1283	N/A
WP_155685760	70.289	99	865	865	876	0.0	1283	type I DNA topoisomerase [Aliivibrio fischeri]
WP_273046813	70.069	100	872	865	902	0.0	1283	MULTISPECIES: type I DNA topoisomerase [unclassified Pseudoalteromonas]
WP_226433170	71.249	100	873	865	886	0.0	1283	type I DNA topoisomerase [Alteromonas sp. McT4-15]
WP_269916400	71.297	100	871	865	886	0.0	1283	type I DNA topoisomerase [Alteromonas sp. PRIM-21]
WP_119469179	70.081	100	869	865	876	0.0	1283	type I DNA topoisomerase [Vibrio cholerae]
WP_100972280	71.068	100	871	865	891	0.0	1283	type I DNA topoisomerase [Alteromonas sp. MB-3u-76]
WP_310654958	70.379	100	871	865	894	0.0	1283	type I DNA topoisomerase [Shewanella fidelis]
WP_023398362	69.371	100	875	865	878	0.0	1283	type I DNA topoisomerase [Pseudoalteromonas luteoviolacea]
WP_046519309	72.286	100	866	865	863	0.0	1283	type I DNA topoisomerase [Rheinheimera mesophila]
WP_446889261	70.298	100	872	865	901	0.0	1283	type I DNA topoisomerase [Pseudoalteromonas sp. SaAl2]
WP_138683377	70.069	100	872	865	901	0.0	1283	type I DNA topoisomerase [Pseudoalteromonas sp. S3178]
WP_232574851	70.968	99	868	865	883	0.0	1283	type I DNA topoisomerase [Photobacterium carnosum]
WP_039104346	68.535	100	874	865	874	0.0	1283	type I DNA topoisomerase [Frischella perrara]
WP_182699971	69.861	99	866	865	879	0.0	1283	type I DNA topoisomerase [Aliivibrio sp. SR45-2]
WP_445773714	71.068	100	871	865	879	0.0	1283	type I DNA topoisomerase [Shewanella sp.]
WP_288320293	70.507	100	868	865	866	0.0	1283	type I DNA topoisomerase [uncultured Haemophilus sp.]
WP_232578394	70.968	99	868	865	883	0.0	1283	type I DNA topoisomerase [Photobacterium carnosum]
WP_474831248	71.297	100	871	865	886	0.0	1283	N/A
WP_086994334	69.680	100	874	865	905	0.0	1283	type I DNA topoisomerase [Pseudoalteromonas sp. JB197]
WP_428449224	71.050	99	867	865	884	0.0	1283	type I DNA topoisomerase [Photobacterium nomapromontoriensis]
WP_039036869	70.298	100	872	865	902	0.0	1283	MULTISPECIES: type I DNA topoisomerase [Pseudoalteromonas]
WP_342286670	71.183	100	871	865	884	0.0	1283	type I DNA topoisomerase [Alteromonas macleodii]
WP_474872768	71.183	100	871	865	886	0.0	1283	N/A
WP_187447402	71.183	100	871	865	884	0.0	1283	type I DNA topoisomerase [Alteromonas sp. BZK5]
WP_487202592	70.069	100	872	865	902	0.0	1283	N/A
WP_163109507	71.068	100	871	865	891	0.0	1283	type I DNA topoisomerase [Alteromonas hispanica]
WP_077537820	70.069	100	872	865	902	0.0	1283	MULTISPECIES: type I DNA topoisomerase [Pseudoalteromonas]
WP_303429338	70.069	100	872	865	901	0.0	1283	type I DNA topoisomerase [Pseudoalteromonas carrageenovora]
WP_486309157	70.092	99	866	865	879	0.0	1283	N/A
WP_194757341	70.723	99	871	865	898	0.0	1283	type I DNA topoisomerase [Aliidiomarina indica]
WP_332408235	70.161	99	868	865	876	0.0	1283	type I DNA topoisomerase [Vibrio metschnikovii]
WP_304109177	70.276	100	868	865	866	0.0	1283	type I DNA topoisomerase [Haemophilus parahaemolyticus]
WP_071979172	71.068	100	871	865	895	0.0	1283	type I DNA topoisomerase [Alteromonas sp. RW2A1]
WP_152086310	70.298	100	872	865	879	0.0	1283	type I DNA topoisomerase [Pseudoalteromonas sp. A25]
WP_186462867	70.161	99	868	865	876	0.0	1283	type I DNA topoisomerase [Vibrio metschnikovii]
WP_010557475	70.298	100	872	865	902	0.0	1283	MULTISPECIES: type I DNA topoisomerase [Pseudoalteromonas]
WP_352298001	69.794	100	874	865	905	0.0	1283	type I DNA topoisomerase [Pseudoalteromonas sp. 20-MNA-CIBAN-0454]
WP_370137412	71.297	100	871	865	884	0.0	1283	type I DNA topoisomerase [Alteromonas sp.]
WP_193155302	70.069	100	872	865	900	0.0	1283	type I DNA topoisomerase [Pseudoalteromonas aliena]
WP_428195762	70.208	99	866	865	880	0.0	1283	type I DNA topoisomerase [Aliivibrio kagoshimensis]
WP_211672383	69.954	99	872	865	894	0.0	1283	type I DNA topoisomerase [Moritella sp. 5]
WP_446703683	70.092	99	866	865	879	0.0	1283	type I DNA topoisomerase [Aliivibrio wodanis]
WP_256845927	70.069	100	872	865	898	0.0	1283	type I DNA topoisomerase [Pseudoalteromonas agarivorans]
WP_058549039	70.069	100	872	865	901	0.0	1283	MULTISPECIES: type I DNA topoisomerase [Pseudoalteromonas]
WP_171338640	71.297	100	871	865	884	0.0	1283	type I DNA topoisomerase [Alteromonas sp. 07-89-2]
WP_138578208	69.954	100	872	865	898	0.0	1283	MULTISPECIES: type I DNA topoisomerase [Pseudoalteromonas]
WP_238030413	71.165	99	867	865	881	0.0	1282	MULTISPECIES: type I DNA topoisomerase [unclassified Photobacterium]
WP_217543717	70.161	99	868	865	876	0.0	1282	type I DNA topoisomerase [Vibrio metschnikovii]
WP_065108325	70.413	100	872	865	887	0.0	1282	type I DNA topoisomerase [Shewanella sp. UCD-FRSSP16_17]
WP_236129228	72.222	100	864	865	861	0.0	1282	type I DNA topoisomerase [Rheinheimera sp. UJ63]
WP_427270096	71.183	100	871	865	884	0.0	1282	type I DNA topoisomerase [Alteromonas macleodii]
WP_167677957	70.690	100	870	865	886	0.0	1282	type I DNA topoisomerase [Shewanella aestuarii]
WP_045109699	69.954	99	872	865	888	0.0	1282	type I DNA topoisomerase [Moritella viscosa]
WP_239220231	71.183	100	871	865	884	0.0	1282	type I DNA topoisomerase [Alteromonas sp. MmMcT2-2]
WP_462673670	70.298	100	872	865	902	0.0	1282	N/A
WP_076419288	70.805	100	870	865	896	0.0	1282	type I DNA topoisomerase [Colwellia sp. UCD-KL20]
WP_293143613	70.069	99	872	865	888	0.0	1282	type I DNA topoisomerase [Moritella sp.]
WP_126806061	70.838	100	871	865	904	0.0	1282	type I DNA topoisomerase [Aliidiomarina shirensis]
WP_039229698	71.183	100	871	865	884	0.0	1282	MULTISPECIES: type I DNA topoisomerase [Alteromonas]
WP_211028151	70.298	100	872	865	887	0.0	1282	type I DNA topoisomerase [Shewanella sp. MMG014]
WP_055023806	70.413	100	872	865	887	0.0	1282	MULTISPECIES: type I DNA topoisomerase [Shewanella]
WP_229584570	72.106	100	864	865	861	0.0	1282	type I DNA topoisomerase [Rheinheimera sp. UJ51]
WP_341607118	69.954	100	872	865	899	0.0	1282	type I DNA topoisomerase [Pseudoalteromonas agarivorans]
WP_163134939	72.235	99	868	865	880	0.0	1282	type I DNA topoisomerase [Agarivorans sp. Alg241-V36]
WP_211688666	69.839	99	872	865	893	0.0	1282	type I DNA topoisomerase [Moritella sp. 28]
WP_075518013	69.954	99	872	865	888	0.0	1282	type I DNA topoisomerase [Moritella viscosa]
WP_156086294	71.183	100	871	865	884	0.0	1282	MULTISPECIES: type I DNA topoisomerase [Alteromonas]
WP_211000207	69.954	100	872	865	901	0.0	1282	type I DNA topoisomerase [Pseudoalteromonas sp. MMG007]
WP_340070315	70.057	100	875	865	881	0.0	1282	type I DNA topoisomerase [Pseudoalteromonas piscicida]
WP_045127195	71.165	99	867	865	884	0.0	1282	type I DNA topoisomerase [Photobacterium angustum]
WP_012276709	70.494	100	871	865	893	0.0	1282	type I DNA topoisomerase [Shewanella halifaxensis]
WP_008131540	70.183	100	872	865	902	0.0	1282	N/A
WP_211676731	69.839	99	872	865	894	0.0	1282	type I DNA topoisomerase [Moritella sp. 36]
WP_067044874	69.839	99	872	865	894	0.0	1282	type I DNA topoisomerase [Moritella sp. JT01]
WP_474808477	71.183	100	871	865	884	0.0	1282	N/A
WP_463676628	70.507	100	868	865	866	0.0	1282	N/A
WP_472996299	71.183	100	871	865	884	0.0	1282	N/A
WP_223418070	70.514	100	875	865	879	0.0	1282	type I DNA topoisomerase [Shewanella inventionis]
WP_115315274	69.850	100	869	865	877	0.0	1282	type I DNA topoisomerase [Phocoenobacter uteri]
WP_136781250	71.183	100	871	865	884	0.0	1282	type I DNA topoisomerase [Alteromonas portus]
WP_332419938	70.161	99	868	865	876	0.0	1282	type I DNA topoisomerase [Vibrio metschnikovii]
WP_063368522	69.486	100	875	865	877	0.0	1281	type I DNA topoisomerase [Pseudoalteromonas luteoviolacea]
WP_101564297	71.183	100	871	865	884	0.0	1281	type I DNA topoisomerase [Alteromonas macleodii]
WP_118495226	71.183	100	871	865	886	0.0	1281	type I DNA topoisomerase [Alteromonas sp. BL110]
WP_486314818	70.092	99	866	865	879	0.0	1281	N/A
WP_211015849	69.954	100	872	865	905	0.0	1281	type I DNA topoisomerase [Pseudoalteromonas sp. MMG006]
WP_156078250	71.068	100	871	865	884	0.0	1281	type I DNA topoisomerase [Alteromonas macleodii]
WP_476080711	71.183	100	871	865	886	0.0	1281	N/A
WP_226395962	70.392	100	868	865	866	0.0	1281	MULTISPECIES: type I DNA topoisomerase [Haemophilus]
WP_108946194	70.264	100	871	865	892	0.0	1281	type I DNA topoisomerase [Shewanella halifaxensis]
WP_276886865	68.421	100	874	865	874	0.0	1281	type I DNA topoisomerase [Frischella perrara]
WP_138568661	70.298	100	872	865	882	0.0	1281	type I DNA topoisomerase [Pseudoalteromonas phenolica]
WP_206575105	70.771	99	869	865	878	0.0	1281	type I DNA topoisomerase [Bowmanella dokdonensis]
WP_239244445	71.183	100	871	865	884	0.0	1281	MULTISPECIES: type I DNA topoisomerase [unclassified Alteromonas]
WP_311576664	69.735	100	869	865	890	0.0	1281	MULTISPECIES: type I DNA topoisomerase [Thalassotalea]
WP_058373271	69.680	100	874	865	905	0.0	1281	type I DNA topoisomerase [Pseudoalteromonas translucida]
WP_075476279	69.954	99	872	865	888	0.0	1281	type I DNA topoisomerase [Moritella viscosa]
WP_288740039	72.358	99	861	865	865	0.0	1281	type I DNA topoisomerase [uncultured Rheinheimera sp.]
WP_404487805	70.069	100	872	865	901	0.0	1281	type I DNA topoisomerase [Pseudoalteromonas sp.]
WP_303574804	71.379	100	870	865	877	0.0	1281	type I DNA topoisomerase [Alteromonas sp. 1_MG-2023]
WP_318487073	71.068	100	871	865	884	0.0	1281	type I DNA topoisomerase [Alteromonas macleodii]
WP_197108029	69.680	100	874	865	905	0.0	1281	type I DNA topoisomerase [Pseudoalteromonas sp. SCQQ13]
WP_041511027	71.149	100	870	865	886	0.0	1281	type I DNA topoisomerase [Shewanella sp. cp20]
WP_182683285	69.680	100	874	865	905	0.0	1281	MULTISPECIES: type I DNA topoisomerase [Pseudoalteromonas]
WP_485953799	70.276	100	868	865	866	0.0	1281	N/A
WP_314344380	70.392	100	868	865	866	0.0	1281	type I DNA topoisomerase [Haemophilus parahaemolyticus]
WP_445425224	72.106	100	864	865	861	0.0	1281	type I DNA topoisomerase [Alishewanella sp. HL-SH06]
WP_152782732	71.461	100	869	865	880	0.0	1281	type I DNA topoisomerase [Agarivorans sp. B2Z047]
WP_423077887	71.183	100	871	865	884	0.0	1281	type I DNA topoisomerase [Alteromonas portus]
WP_417355151	70.886	100	869	865	848	0.0	1281	type I DNA topoisomerase [Gallaecimonas pentaromativorans]
WP_123421821	70.886	100	869	865	848	0.0	1281	type I DNA topoisomerase [Gallaecimonas pentaromativorans]
WP_457906362	71.594	100	866	865	865	0.0	1281	type I DNA topoisomerase [Rheinheimera faecalis]
WP_421961520	70.069	100	872	865	906	0.0	1281	type I DNA topoisomerase [Pseudoalteromonas sp. ZZD1]
WP_208835289	69.680	100	874	865	905	0.0	1281	type I DNA topoisomerase [Pseudoalteromonas sp. K222D]
WP_486318962	70.092	99	866	865	879	0.0	1281	N/A
WP_197181978	69.680	100	874	865	909	0.0	1281	MULTISPECIES: type I DNA topoisomerase [unclassified Pseudoalteromonas]
WP_342317518	71.068	100	871	865	884	0.0	1281	type I DNA topoisomerase [Alteromonas macleodii]
WP_160793573	71.379	100	870	865	884	0.0	1281	type I DNA topoisomerase [Shewanella insulae]
WP_211685310	69.725	99	872	865	888	0.0	1281	type I DNA topoisomerase [Moritella sp. 24]
WP_485165230	71.068	100	871	865	886	0.0	1281	N/A
WP_131095821	70.838	100	871	865	885	0.0	1281	type I DNA topoisomerase [Alteromonas sp. KUL42]
WP_248995678	70.494	100	871	865	881	0.0	1281	type I DNA topoisomerase [Shewanella gaetbuli]
WP_338363034	69.920	100	871	865	899	0.0	1281	type I DNA topoisomerase [uncultured Pseudoalteromonas sp.]
WP_305944529	72.358	99	861	865	864	0.0	1281	type I DNA topoisomerase [Alkalimonas delamerensis]
WP_428200773	69.746	99	866	865	879	0.0	1281	type I DNA topoisomerase [Aliivibrio salmonicida]
WP_039609901	69.486	100	875	865	877	0.0	1281	type I DNA topoisomerase [Pseudoalteromonas luteoviolacea]
WP_287149840	71.068	100	871	865	886	0.0	1281	type I DNA topoisomerase [Alteromonas sp.]
WP_007375380	70.115	99	870	865	902	0.0	1281	MULTISPECIES: type I DNA topoisomerase [Pseudoalteromonas]
WP_264346406	71.478	100	866	865	865	0.0	1281	type I DNA topoisomerase [Rheinheimera sp. MM224]
WP_041405792	70.057	100	875	865	879	0.0	1281	type I DNA topoisomerase [Shewanella denitrificans]
WP_010555034	69.839	100	872	865	904	0.0	1281	type I DNA topoisomerase [Pseudoalteromonas arctica]
WP_020744912	71.068	100	871	865	886	0.0	1281	type I DNA topoisomerase [Alteromonas mediterranea]
WP_232602383	70.853	99	868	865	883	0.0	1281	type I DNA topoisomerase [Photobacterium carnosum]
WP_248715538	71.461	100	869	865	876	0.0	1281	MULTISPECIES: type I DNA topoisomerase [Agarivorans]
WP_028108824	70.218	100	873	865	886	0.0	1281	type I DNA topoisomerase [Ferrimonas futtsuensis]
WP_283710785	70.069	100	872	865	900	0.0	1281	type I DNA topoisomerase [Pseudoalteromonas prydzensis]
WP_110443301	68.307	100	874	865	874	0.0	1281	type I DNA topoisomerase [Frischella perrara]
WP_487160144	92.802	75	653	865	653	0.0	1281	N/A
WP_099641954	70.057	100	875	865	881	0.0	1281	type I DNA topoisomerase [Pseudoalteromonas piscicida]
WP_028772459	70.575	100	870	865	890	0.0	1281	type I DNA topoisomerase [Shewanella waksmanii]
WP_179024907	70.575	100	870	865	890	0.0	1281	type I DNA topoisomerase [Shewanella sp. Scap07]
WP_432513207	71.116	99	869	865	879	0.0	1280	type I DNA topoisomerase [Shewanella algae]
WP_476073279	71.183	100	871	865	886	0.0	1280	N/A
WP_141153834	71.068	100	871	865	886	0.0	1280	type I DNA topoisomerase [Alteromonas mediterranea]
WP_441833616	69.680	100	874	865	905	0.0	1280	type I DNA topoisomerase [Pseudoalteromonas nigrifaciens]
WP_486305521	69.977	99	866	865	879	0.0	1280	N/A
WP_196897096	71.297	100	871	865	886	0.0	1280	MULTISPECIES: type I DNA topoisomerase [Alteromonas]
WP_281213729	71.264	100	870	865	884	0.0	1280	type I DNA topoisomerase [Shewanella insulae]
WP_014949190	71.183	100	871	865	884	0.0	1280	type I DNA topoisomerase [Alteromonas macleodii]
WP_017445700	70.276	100	868	865	877	0.0	1280	type I DNA topoisomerase [Gayadomonas joobiniege]
WP_039232450	71.068	100	871	865	884	0.0	1280	type I DNA topoisomerase [Alteromonas macleodii]
WP_202265245	71.019	100	873	865	886	0.0	1280	MULTISPECIES: type I DNA topoisomerase [unclassified Alteromonas]
WP_239872090	71.379	100	870	865	884	0.0	1280	type I DNA topoisomerase [Shewanella insulae]
WP_063373551	69.600	100	875	865	877	0.0	1280	type I DNA topoisomerase [Pseudoalteromonas luteoviolacea]
WP_487190930	70.069	100	872	865	901	0.0	1280	N/A
WP_392343651	70.069	100	872	865	895	0.0	1280	type I DNA topoisomerase [Pseudoalteromonas prydzensis]
WP_273640493	71.068	100	871	865	877	0.0	1280	type I DNA topoisomerase [Alteromonas gilva]
WP_334058133	71.183	100	871	865	886	0.0	1280	type I DNA topoisomerase [Alteromonas sp. S005]
WP_138630978	70.298	100	872	865	882	0.0	1280	type I DNA topoisomerase [Pseudoalteromonas phenolica]
WP_445766102	72.023	100	865	865	861	0.0	1280	type I DNA topoisomerase [Rheinheimera sp.]
WP_005709862	70.392	100	868	865	866	0.0	1280	type I DNA topoisomerase [Haemophilus paraphrohaemolyticus]
WP_061094840	71.068	100	871	865	884	0.0	1280	type I DNA topoisomerase [Alteromonas macleodii]
WP_063382229	69.600	100	875	865	877	0.0	1280	type I DNA topoisomerase [Pseudoalteromonas luteoviolacea]
WP_313909953	71.594	100	866	865	861	0.0	1280	type I DNA topoisomerase [Rheinheimera sp. MMS21-TC3]
WP_233006781	71.478	100	866	865	865	0.0	1280	MULTISPECIES: type I DNA topoisomerase [Rheinheimera]
WP_063379021	69.600	100	875	865	877	0.0	1280	type I DNA topoisomerase [Pseudoalteromonas luteoviolacea]
WP_138586075	69.954	100	872	865	902	0.0	1280	type I DNA topoisomerase [Pseudoalteromonas sp. S558]
WP_138559612	70.298	100	872	865	881	0.0	1280	type I DNA topoisomerase [Pseudoalteromonas phenolica]
WP_220755010	70.642	100	872	865	887	0.0	1280	MULTISPECIES: type I DNA topoisomerase [Shewanella]
WP_265609173	70.541	99	869	865	877	0.0	1280	type I DNA topoisomerase [Alteromonas sp. ASW11-130]
WP_239879030	71.264	100	870	865	884	0.0	1280	type I DNA topoisomerase [Shewanella insulae]
WP_441830431	69.839	100	872	865	900	0.0	1280	type I DNA topoisomerase [Pseudoalteromonas prydzensis]
WP_303546413	69.954	100	872	865	899	0.0	1280	type I DNA topoisomerase [Pseudoalteromonas carrageenovora]
WP_119968339	70.298	100	872	865	887	0.0	1280	type I DNA topoisomerase [Shewanella japonica]
WP_476054312	71.068	100	871	865	886	0.0	1280	N/A
WP_334015173	71.019	100	873	865	886	0.0	1280	type I DNA topoisomerase [Alteromonas sp. S167]
WP_281715271	71.068	100	871	865	884	0.0	1280	MULTISPECIES: type I DNA topoisomerase [Alteromonas]
WP_182770378	69.954	100	872	865	902	0.0	1280	type I DNA topoisomerase [Pseudoalteromonas sp. SG41-6]
WP_239897159	71.264	100	870	865	884	0.0	1280	type I DNA topoisomerase [Shewanella insulae]
WP_016709380	69.839	100	872	865	895	0.0	1280	MULTISPECIES: type I DNA topoisomerase [Pseudoalteromonas]
WP_244390778	69.839	100	872	865	895	0.0	1280	type I DNA topoisomerase [Pseudoalteromonas sp. KAN5]
WP_329773744	71.922	100	869	865	880	0.0	1280	type I DNA topoisomerase [Agarivorans aestuarii]
WP_265617469	70.920	99	870	865	877	0.0	1280	type I DNA topoisomerase [Alteromonas aquimaris]
WP_235061946	70.208	99	866	865	882	0.0	1280	type I DNA topoisomerase [Vibrio sp. SS-MA-C1-2]
WP_341592171	69.839	100	872	865	900	0.0	1280	type I DNA topoisomerase [Pseudoalteromonas aliena]
WP_372035205	70.230	100	870	865	897	0.0	1280	type I DNA topoisomerase [Shewanella sp. 10N.286.45.A1]
WP_024603974	69.954	100	872	865	902	0.0	1280	MULTISPECIES: type I DNA topoisomerase [unclassified Pseudoalteromonas]
WP_050659485	70.771	100	869	865	848	0.0	1280	type I DNA topoisomerase [Gallaecimonas pentaromativorans]
WP_221050854	71.034	99	870	865	880	0.0	1280	type I DNA topoisomerase [Shewanella carassii]
WP_441836862	70.069	100	872	865	900	0.0	1280	type I DNA topoisomerase [Pseudoalteromonas prydzensis]
WP_448547795	69.425	100	870	865	884	0.0	1280	type I DNA topoisomerase [Thalassotalea fusca]
WP_140932275	70.149	100	871	865	882	0.0	1279	type I DNA topoisomerase [Shewanella sp. SNU WT4]
WP_274054079	69.160	100	869	865	895	0.0	1279	type I DNA topoisomerase [Thalassomonas haliotis]
WP_394392394	70.230	100	870	865	890	0.0	1279	type I DNA topoisomerase [Shewanella woodyi]
WP_064666106	69.954	100	872	865	900	0.0	1279	type I DNA topoisomerase [Pseudoalteromonas prydzensis]
WP_475516700	70.460	100	870	865	885	0.0	1279	N/A
WP_006647016	70.934	99	867	865	884	0.0	1279	type I DNA topoisomerase [Photobacterium sp. SKA34]
WP_337151072	70.115	99	870	865	902	0.0	1279	type I DNA topoisomerase [Pseudoalteromonas sp. B62]
WP_075496958	69.839	99	872	865	888	0.0	1279	type I DNA topoisomerase [Moritella viscosa]
WP_479637495	70.149	100	871	865	882	0.0	1279	N/A
WP_286888500	70.183	100	872	865	902	0.0	1279	type I DNA topoisomerase [Pseudoalteromonas sp. ESRF-bin5]
WP_008134073	70.115	99	870	865	902	0.0	1279	MULTISPECIES: type I DNA topoisomerase [Pseudoalteromonas]
WP_071951346	71.068	100	871	865	886	0.0	1279	type I DNA topoisomerase [Alteromonas mediterranea]
WP_020743415	70.953	100	871	865	886	0.0	1279	type I DNA topoisomerase [Alteromonas mediterranea]
WP_294088343	70.426	100	869	865	866	0.0	1279	type I DNA topoisomerase [uncultured Actinobacillus sp.]
WP_304370078	70.426	100	869	865	890	0.0	1279	MULTISPECIES: type I DNA topoisomerase [Pseudocolwellia]
WP_334018405	70.953	100	871	865	884	0.0	1279	type I DNA topoisomerase [Alteromonas sp. S015]
WP_221077036	71.577	100	869	865	880	0.0	1279	type I DNA topoisomerase [Agarivorans aestuarii]
WP_369620421	69.839	100	872	865	902	0.0	1279	type I DNA topoisomerase [Pseudoalteromonas distincta]
WP_182677894	69.565	100	874	865	905	0.0	1279	MULTISPECIES: type I DNA topoisomerase [Pseudoalteromonas]
WP_182672225	69.839	100	872	865	902	0.0	1279	MULTISPECIES: type I DNA topoisomerase [unclassified Pseudoalteromonas]
WP_390375023	71.134	100	873	865	886	0.0	1279	type I DNA topoisomerase [Alteromonas sp. MTD1]
WP_464690007	71.280	99	867	865	884	0.0	1279	N/A
WP_455483143	70.276	100	868	865	866	0.0	1279	type I DNA topoisomerase [Haemophilus parahaemolyticus]
WP_005824022	70.426	100	869	865	866	0.0	1279	type I DNA topoisomerase [Actinobacillus minor]
WP_412522477	71.231	99	869	865	879	0.0	1279	type I DNA topoisomerase [Shewanella algae]
WP_179806624	69.565	100	874	865	905	0.0	1279	type I DNA topoisomerase [Pseudoalteromonas sp. MIP2626]
WP_474856026	71.068	100	871	865	886	0.0	1279	N/A
WP_341616029	69.725	100	872	865	901	0.0	1279	type I DNA topoisomerase [Pseudoalteromonas carrageenovora]
WP_128729901	70.057	100	875	865	881	0.0	1279	type I DNA topoisomerase [Pseudoalteromonas sp. PS5]
WP_390445935	69.954	100	872	865	881	0.0	1279	type I DNA topoisomerase [Pseudoalteromonas sp. MTN2-4]
WP_043994823	69.610	99	872	865	888	0.0	1279	MULTISPECIES: type I DNA topoisomerase [unclassified Moritella]
WP_174216908	69.954	99	872	865	888	0.0	1279	type I DNA topoisomerase [Moritella yayanosii]
WP_102528353	70.642	100	872	865	887	0.0	1279	MULTISPECIES: type I DNA topoisomerase [Shewanella]
WP_306177982	71.991	100	864	865	861	0.0	1279	type I DNA topoisomerase [Alishewanella sp. SMS8]
WP_039035873	71.346	99	869	865	879	0.0	1279	MULTISPECIES: type I DNA topoisomerase [Shewanella]
WP_237124905	70.264	100	871	865	879	0.0	1279	type I DNA topoisomerase [Pseudoalteromonas sp. MMG022]
WP_192540729	69.954	100	872	865	900	0.0	1279	MULTISPECIES: type I DNA topoisomerase [Pseudoalteromonas]
WP_239426538	69.371	100	875	865	877	0.0	1279	type I DNA topoisomerase [Pseudoalteromonas sp. Of7M-16]
WP_127021836	71.824	100	866	865	865	0.0	1279	type I DNA topoisomerase [Rheinheimera mangrovi]
WP_298772223	70.426	99	869	865	888	0.0	1279	type I DNA topoisomerase [uncultured Shewanella sp.]
WP_229368316	70.642	100	872	865	887	0.0	1279	type I DNA topoisomerase [Shewanella sp. 10N.7]
WP_293151213	69.725	99	872	865	889	0.0	1279	type I DNA topoisomerase [Moritella sp.]
WP_485949406	70.276	100	868	865	866	0.0	1279	N/A
WP_290173505	69.839	100	872	865	902	0.0	1278	type I DNA topoisomerase [Pseudoalteromonas sp. APC 3355]
WP_049589114	71.068	100	871	865	884	0.0	1278	MULTISPECIES: type I DNA topoisomerase [Alteromonas]
WP_101056193	71.231	99	869	865	879	0.0	1278	MULTISPECIES: type I DNA topoisomerase [Shewanella]
WP_002959733	69.839	100	872	865	902	0.0	1278	type I DNA topoisomerase [Pseudoalteromonas distincta]
WP_220111911	70.230	100	870	865	890	0.0	1278	type I DNA topoisomerase [Shewanella nanhaiensis]
WP_211054334	69.725	100	872	865	901	0.0	1278	type I DNA topoisomerase [Pseudoalteromonas sp. MMG010]
WP_303516531	70.642	100	872	865	887	0.0	1278	MULTISPECIES: type I DNA topoisomerase [unclassified Shewanella]
WP_335908751	71.346	99	869	865	879	0.0	1278	type I DNA topoisomerase [Shewanella indica]
WP_100142360	71.034	99	870	865	880	0.0	1278	type I DNA topoisomerase [Shewanella carassii]
WP_316448079	70.276	100	868	865	866	0.0	1278	type I DNA topoisomerase [Haemophilus parahaemolyticus]
WP_342312926	71.068	100	871	865	884	0.0	1278	type I DNA topoisomerase [Alteromonas macleodii]
WP_208168050	71.116	99	869	865	879	0.0	1278	type I DNA topoisomerase [Shewanella algae]
WP_273643060	71.231	99	869	865	879	0.0	1278	type I DNA topoisomerase [Shewanella algae]
WP_480361276	70.069	100	872	865	881	0.0	1278	N/A
WP_055438334	70.622	99	868	865	877	0.0	1278	type I DNA topoisomerase [Pseudidiomarina woesei]
WP_299807776	70.264	100	871	865	896	0.0	1278	type I DNA topoisomerase [uncultured Shewanella sp.]
WP_407910997	99.838	71	617	865	617	0.0	1278	type I DNA topoisomerase, partial [Escherichia coli]
WP_342188958	71.231	99	869	865	879	0.0	1278	type I DNA topoisomerase [Shewanella algae]
WP_346993677	71.068	100	871	865	886	0.0	1278	type I DNA topoisomerase [Alteromonas gracilis]
WP_239889576	70.608	100	871	865	896	0.0	1278	type I DNA topoisomerase [Shewanella sp. Isolate13]
WP_126771055	70.737	99	868	865	877	0.0	1278	MULTISPECIES: type I DNA topoisomerase [Pseudidiomarina]
WP_101164480	69.725	100	872	865	902	0.0	1278	MULTISPECIES: type I DNA topoisomerase [unclassified Pseudoalteromonas]
WP_044056878	71.183	100	871	865	886	0.0	1278	type I DNA topoisomerase [Alteromonas australica]
WP_165721512	69.725	100	872	865	902	0.0	1278	MULTISPECIES: type I DNA topoisomerase [unclassified Pseudoalteromonas]
WP_071959075	70.953	100	871	865	886	0.0	1278	type I DNA topoisomerase [Alteromonas mediterranea]
WP_424527059	71.346	99	869	865	879	0.0	1278	type I DNA topoisomerase [Shewanella indica]
WP_041418062	70.230	100	870	865	890	0.0	1278	type I DNA topoisomerase [Shewanella woodyi]
WP_024599386	69.839	100	872	865	900	0.0	1278	type I DNA topoisomerase [Pseudoalteromonas sp. TAE56]
WP_182694102	69.600	100	875	865	877	0.0	1278	type I DNA topoisomerase, partial [Pseudoalteromonas sp. SR45-5]
WP_126766698	70.528	100	872	865	905	0.0	1278	type I DNA topoisomerase [Aliidiomarina iranensis]
WP_458602492	70.379	100	871	865	881	0.0	1278	type I DNA topoisomerase [Shewanella gaetbuli]
WP_421964240	70.183	100	872	865	881	0.0	1278	type I DNA topoisomerase [Pseudoalteromonas sp. SS15]
WP_408616430	71.116	99	869	865	876	0.0	1278	type I DNA topoisomerase [Celerinatantimonas sp. MCCC 1A17872]
WP_064792282	70.230	100	870	865	886	0.0	1278	type I DNA topoisomerase [Shewanella woodyi]
WP_257172323	69.735	100	869	865	893	0.0	1278	type I DNA topoisomerase [Colwellia sp. M166]
WP_188160849	69.725	100	872	865	902	0.0	1278	type I DNA topoisomerase [Pseudoalteromonas distincta]
WP_350585464	69.725	100	872	865	902	0.0	1278	type I DNA topoisomerase [Pseudoalteromonas sp. RB2-MNA-CIBAN-0110]
WP_333969902	70.953	100	871	865	886	0.0	1278	type I DNA topoisomerase [Alteromonas mediterranea]
WP_419569710	71.824	100	866	865	862	0.0	1278	type I DNA topoisomerase [Rheinheimera sp.]
WP_414830664	70.805	100	870	865	886	0.0	1278	type I DNA topoisomerase [Alteromonas sp. H39]
WP_189773231	69.310	100	870	865	883	0.0	1278	type I DNA topoisomerase [Thalassotalea marina]
WP_226683851	71.231	99	869	865	879	0.0	1278	type I DNA topoisomerase [Shewanella indica]
WP_197185025	69.839	100	872	865	902	0.0	1278	type I DNA topoisomerase [Pseudoalteromonas sp. NSLLW218]
WP_483952550	70.953	100	871	865	886	0.0	1278	N/A
WP_299574736	70.528	100	872	865	887	0.0	1278	type I DNA topoisomerase [uncultured Shewanella sp.]
WP_239439156	70.171	100	875	865	881	0.0	1278	type I DNA topoisomerase [Psychrobium sp. MM17-31]
WP_107110244	71.231	99	869	865	879	0.0	1278	type I DNA topoisomerase [Shewanella algae]
WP_058029567	70.183	100	872	865	881	0.0	1278	type I DNA topoisomerase [Pseudoalteromonas phenolica]
WP_008166223	69.725	100	872	865	902	0.0	1278	type I DNA topoisomerase [Pseudoalteromonas sp. BSi20652]
WP_197118138	69.725	100	872	865	902	0.0	1278	type I DNA topoisomerase [Pseudoalteromonas sp. NZS11]
WP_024592543	69.725	100	872	865	902	0.0	1278	MULTISPECIES: type I DNA topoisomerase [Pseudoalteromonas]
WP_007582594	69.725	100	872	865	902	0.0	1278	type I DNA topoisomerase [Pseudoalteromonas sp. BSi20429]
WP_282114158	69.725	100	872	865	902	0.0	1278	type I DNA topoisomerase [Pseudoalteromonas arctica]
WP_290294330	69.725	100	872	865	901	0.0	1278	type I DNA topoisomerase [Pseudoalteromonas sp. APC 3358]
WP_165727402	69.725	100	872	865	902	0.0	1278	MULTISPECIES: type I DNA topoisomerase [unclassified Pseudoalteromonas]
WP_197101956	69.725	100	872	865	902	0.0	1278	type I DNA topoisomerase [Pseudoalteromonas sp. NZS71_1]
WP_131910909	70.886	99	869	865	876	0.0	1278	type I DNA topoisomerase [Celerinatantimonas diazotrophica]
WP_070175032	71.001	99	869	865	877	0.0	1278	type I DNA topoisomerase [Alteromonas lipolytica]
WP_182768967	69.839	100	872	865	902	0.0	1278	type I DNA topoisomerase [Pseudoalteromonas sp. SG43-5]
WP_431667667	69.931	99	868	865	878	0.0	1278	type I DNA topoisomerase [Pseudidiomarina sp. WS423]
WP_473679184	70.528	100	872	865	887	0.0	1278	N/A
WP_487111565	70.000	100	870	865	891	0.0	1278	N/A
WP_475617242	71.231	99	869	865	879	0.0	1278	N/A
WP_345871851	71.116	99	869	865	879	0.0	1278	type I DNA topoisomerase [Shewanella algae]
WP_220767706	70.608	100	871	865	900	0.0	1278	type I DNA topoisomerase [Shewanella sp. MBTL60-007]
WP_101217281	69.725	100	872	865	902	0.0	1278	MULTISPECIES: type I DNA topoisomerase [Pseudoalteromonas]
WP_342879166	69.725	100	872	865	901	0.0	1278	type I DNA topoisomerase [Pseudoalteromonas arctica]
WP_334036976	70.953	100	871	865	884	0.0	1278	type I DNA topoisomerase [Alteromonas macleodii]
WP_339087592	71.231	99	869	865	879	0.0	1277	type I DNA topoisomerase [Shewanella chilikensis]
WP_342875541	69.725	100	872	865	902	0.0	1277	type I DNA topoisomerase [Pseudoalteromonas sp. AS84]
WP_219013107	71.346	99	869	865	879	0.0	1277	type I DNA topoisomerase [Shewanella algae]
WP_462884494	71.346	99	869	865	879	0.0	1277	N/A
WP_475616417	71.231	99	869	865	879	0.0	1277	N/A
WP_290250415	71.019	100	873	865	888	0.0	1277	type I DNA topoisomerase [Thalassotalea ponticola]
WP_077340789	70.196	100	869	865	890	0.0	1277	type I DNA topoisomerase [Pseudocolwellia agarivorans]
WP_155648476	70.994	98	855	865	864	0.0	1277	type I DNA topoisomerase [Vibrio cholerae]
WP_182733197	69.725	100	872	865	902	0.0	1277	type I DNA topoisomerase [Pseudoalteromonas sp. SR41-7]
WP_160056509	70.286	100	875	865	879	0.0	1277	type I DNA topoisomerase [Shewanella litoralis]
WP_370256221	71.930	98	855	865	863	0.0	1277	type I DNA topoisomerase, partial [Marisediminitalea sp.]
WP_236493298	96.178	73	628	865	628	0.0	1277	type I DNA topoisomerase, partial [Salmonella enterica]
WP_138482957	70.183	100	872	865	881	0.0	1277	type I DNA topoisomerase [Pseudoalteromonas phenolica]
WP_484988639	69.610	99	872	865	889	0.0	1277	N/A
WP_345881720	71.116	99	869	865	879	0.0	1277	type I DNA topoisomerase [Shewanella algae]
WP_208169848	71.116	99	869	865	879	0.0	1277	type I DNA topoisomerase [Shewanella algae]
WP_319223914	69.610	99	872	865	888	0.0	1277	type I DNA topoisomerase [Moritella sp.]
WP_198437175	69.381	99	872	865	895	0.0	1277	type I DNA topoisomerase [Moritella sp. F3]
WP_208129281	71.231	99	869	865	879	0.0	1277	type I DNA topoisomerase [Shewanella algae]
WP_314879207	70.046	100	868	865	866	0.0	1277	type I DNA topoisomerase [Haemophilus parahaemolyticus]
WP_101059857	71.001	99	869	865	879	0.0	1277	type I DNA topoisomerase [Shewanella algae]
WP_170071019	69.725	100	872	865	902	0.0	1277	type I DNA topoisomerase [Pseudoalteromonas arctica]
WP_197192367	69.725	100	872	865	902	0.0	1277	type I DNA topoisomerase [Pseudoalteromonas sp. SWXJ133]
WP_252095475	69.943	100	875	865	881	0.0	1277	MULTISPECIES: type I DNA topoisomerase [Pseudoalteromonas]
WP_200220205	69.839	100	872	865	902	0.0	1277	type I DNA topoisomerase [Pseudoalteromonas sp. LC2018020214]
WP_153913718	70.528	100	872	865	887	0.0	1277	type I DNA topoisomerase [Shewanella sp. TC10]
WP_039489912	69.725	100	872	865	902	0.0	1277	type I DNA topoisomerase [Pseudoalteromonas distincta]
WP_105935847	70.771	99	869	865	877	0.0	1277	type I DNA topoisomerase [Alteromonas alba]
WP_100657433	71.231	99	869	865	878	0.0	1277	type I DNA topoisomerase [Alteromonas flava]
WP_071814525	70.953	100	871	865	884	0.0	1277	type I DNA topoisomerase [Alteromonas sp. V450]
WP_071237563	71.116	99	869	865	879	0.0	1277	type I DNA topoisomerase [Shewanella algae]
WP_239884415	70.805	100	870	865	884	0.0	1277	type I DNA topoisomerase [Shewanella sp. Isolate7]
WP_019628805	69.266	99	872	865	908	0.0	1277	type I DNA topoisomerase [Moritella marina]
WP_432517351	71.116	99	869	865	879	0.0	1277	type I DNA topoisomerase [Shewanella algae]
WP_281558966	69.160	100	869	865	895	0.0	1277	type I DNA topoisomerase [Thalassomonas sp. RHCl1]
WP_455012105	70.161	100	868	865	866	0.0	1277	type I DNA topoisomerase [Haemophilus parahaemolyticus]
WP_248977314	71.149	100	870	865	884	0.0	1276	MULTISPECIES: type I DNA topoisomerase [Shewanella]
WP_208183799	71.346	99	869	865	879	0.0	1276	MULTISPECIES: type I DNA topoisomerase [Shewanella]
WP_188920459	70.171	100	875	865	879	0.0	1276	type I DNA topoisomerase [Shewanella saliphila]
WP_149602799	69.725	100	872	865	902	0.0	1276	MULTISPECIES: type I DNA topoisomerase [Pseudoalteromonas]
WP_320862892	70.311	100	869	865	866	0.0	1276	type I DNA topoisomerase [Actinobacillus minor]
WP_341602059	69.725	100	872	865	904	0.0	1276	type I DNA topoisomerase [Pseudoalteromonas issachenkonii]
WP_335923674	71.116	99	869	865	879	0.0	1276	type I DNA topoisomerase [Shewanella chilikensis]
WP_208156431	71.116	99	869	865	879	0.0	1276	type I DNA topoisomerase [Shewanella algae]
WP_044832579	69.160	100	869	865	893	0.0	1276	type I DNA topoisomerase [Thalassomonas actiniarum]
WP_418078126	71.149	100	870	865	884	0.0	1276	type I DNA topoisomerase [Shewanella marisflavi]
WP_474377388	71.313	99	868	865	883	0.0	1276	N/A
WP_262791624	70.901	100	866	865	876	0.0	1276	type I DNA topoisomerase [Catenovulum sp. 2E275]
WP_046355048	69.143	100	875	865	877	0.0	1276	type I DNA topoisomerase [Pseudoalteromonas luteoviolacea]
WP_102440494	70.069	100	872	865	897	0.0	1276	type I DNA topoisomerase [Shewanella sp. 10N.286.48.B5]
WP_300996818	71.709	100	866	865	865	0.0	1276	type I DNA topoisomerase [Rheinheimera sp.]
WP_248975279	70.115	100	870	865	897	0.0	1276	type I DNA topoisomerase [Shewanella kaireitica]
WP_025011036	71.116	99	869	865	879	0.0	1276	MULTISPECIES: type I DNA topoisomerase [Shewanella]
WP_125253848	69.829	100	875	865	881	0.0	1276	type I DNA topoisomerase [Pseudoalteromonas sp. J010]
WP_259414052	69.725	100	872	865	900	0.0	1276	type I DNA topoisomerase, partial [Pseudoalteromonas sp. SG45-6]
WP_284245950	69.850	100	869	865	883	0.0	1276	type I DNA topoisomerase [Thalassotalea insulae]
WP_089368195	69.565	100	874	865	905	0.0	1276	type I DNA topoisomerase [Pseudoalteromonas nigrifaciens]
WP_377336041	71.824	100	866	865	862	0.0	1276	type I DNA topoisomerase [Rheinheimera marina]
WP_159117354	70.953	100	871	865	886	0.0	1276	MULTISPECIES: type I DNA topoisomerase [unclassified Alteromonas]
WP_474857767	70.953	100	871	865	886	0.0	1276	N/A
WP_412522710	71.116	99	869	865	879	0.0	1276	type I DNA topoisomerase [Shewanella chilikensis]
WP_070984893	70.149	100	871	865	879	0.0	1276	MULTISPECIES: type I DNA topoisomerase [Pseudoalteromonas]
WP_096142282	71.346	99	869	865	879	0.0	1276	type I DNA topoisomerase [Shewanella algae]
WP_165742945	69.610	100	872	865	906	0.0	1276	MULTISPECIES: type I DNA topoisomerase [Pseudoalteromonas]
WP_303551227	70.790	100	873	865	876	0.0	1276	MULTISPECIES: type I DNA topoisomerase [unclassified Agarivorans]
WP_447017766	71.116	99	869	865	879	0.0	1276	type I DNA topoisomerase [Shewanella algae]
WP_197098401	69.610	100	872	865	902	0.0	1276	type I DNA topoisomerase [Pseudoalteromonas sp. SWYJZ98]
WP_197110814	69.725	100	872	865	902	0.0	1276	type I DNA topoisomerase [Pseudoalteromonas sp. NSLLW24]
WP_248983012	70.528	100	872	865	887	0.0	1276	type I DNA topoisomerase [Shewanella olleyana]
WP_454290304	71.116	99	869	865	879	0.0	1276	type I DNA topoisomerase [Shewanella sp. FeAMO]
WP_198551584	69.725	99	872	865	888	0.0	1276	type I DNA topoisomerase [Moritella sp. Urea-trap-13]
WP_238103351	70.400	100	875	865	879	0.0	1276	MULTISPECIES: type I DNA topoisomerase [Shewanella]
WP_153825814	69.931	99	868	865	878	0.0	1276	MULTISPECIES: type I DNA topoisomerase [Idiomarina]
WP_443486939	69.565	100	874	865	905	0.0	1276	type I DNA topoisomerase [Pseudoalteromonas nigrifaciens]
WP_147389274	69.829	100	875	865	881	0.0	1276	type I DNA topoisomerase [Pseudoalteromonas peptidolytica]
WP_137674503	70.790	100	873	865	876	0.0	1276	MULTISPECIES: type I DNA topoisomerase [unclassified Agarivorans]
WP_024590097	69.610	100	872	865	902	0.0	1276	MULTISPECIES: type I DNA topoisomerase [unclassified Pseudoalteromonas]
WP_290193333	69.565	100	874	865	905	0.0	1276	type I DNA topoisomerase [Pseudoalteromonas sp. APC 3691]
WP_264920090	71.231	99	869	865	879	0.0	1276	type I DNA topoisomerase [Shewanella algae]
WP_349286037	70.069	100	872	865	881	0.0	1276	type I DNA topoisomerase [Pseudoalteromonas sp. BZB3]
WP_418075605	71.149	100	870	865	884	0.0	1276	type I DNA topoisomerase [Shewanella marisflavi]
WP_144132345	71.116	99	869	865	879	0.0	1276	type I DNA topoisomerase [Shewanella algae]
WP_076536844	69.954	100	872	865	897	0.0	1276	type I DNA topoisomerase [Shewanella sp. UCD-KL21]
WP_045282656	71.001	99	869	865	879	0.0	1276	type I DNA topoisomerase [Shewanella algae]
WP_412495113	71.116	99	869	865	879	0.0	1276	type I DNA topoisomerase [Shewanella algae]
WP_335899982	71.116	99	869	865	879	0.0	1276	type I DNA topoisomerase [Shewanella algae]
WP_067497687	68.837	99	860	865	870	0.0	1276	type I DNA topoisomerase [Candidatus Gullanella endobia]
WP_130254484	70.183	100	872	865	882	0.0	1276	type I DNA topoisomerase [Pseudoalteromonas phenolica]
WP_486756281	69.931	99	868	865	878	0.0	1276	N/A
WP_412486852	71.116	99	869	865	879	0.0	1276	type I DNA topoisomerase [Shewanella chilikensis]
WP_111913811	69.783	100	877	865	895	0.0	1276	MULTISPECIES: type I DNA topoisomerase [Gammaproteobacteria]
WP_182717886	69.954	100	872	865	906	0.0	1276	type I DNA topoisomerase [Pseudoalteromonas sp. SR44-5]
WP_372000748	69.954	100	872	865	897	0.0	1276	type I DNA topoisomerase [Shewanella sp. 10N.286.51.B2]
WP_182739243	69.954	100	872	865	906	0.0	1276	MULTISPECIES: type I DNA topoisomerase [unclassified Pseudoalteromonas]
WP_342877790	69.610	100	872	865	900	0.0	1276	type I DNA topoisomerase [Pseudoalteromonas sp. AS71]
WP_123323321	70.771	99	869	865	878	0.0	1276	type I DNA topoisomerase [Alteromonas oceani]
WP_076923921	69.610	100	872	865	906	0.0	1275	type I DNA topoisomerase [Pseudoalteromonas sp. EB27]
WP_130636080	70.541	99	869	865	885	0.0	1275	type I DNA topoisomerase [Alteromonas sp. KUL49]
WP_202719989	70.264	100	871	865	899	0.0	1275	type I DNA topoisomerase [Shewanella schlegeliana]
WP_474376792	71.083	99	868	865	883	0.0	1275	N/A
WP_345883777	71.001	99	869	865	879	0.0	1275	type I DNA topoisomerase [Shewanella algae]
WP_345887932	71.231	99	869	865	879	0.0	1275	type I DNA topoisomerase [Shewanella algae]
WP_165724080	69.610	100	872	865	902	0.0	1275	MULTISPECIES: type I DNA topoisomerase [Pseudoalteromonas]
WP_102519959	69.954	100	872	865	897	0.0	1275	MULTISPECIES: type I DNA topoisomerase [unclassified Shewanella]
WP_033039332	70.000	99	870	865	902	0.0	1275	type I DNA topoisomerase [Pseudoalteromonas sp. S3431]
WP_474370281	70.968	99	868	865	883	0.0	1275	N/A
WP_139756523	70.656	99	869	865	879	0.0	1275	type I DNA topoisomerase [Salinimonas iocasae]
WP_474807291	70.838	100	871	865	886	0.0	1275	N/A
WP_222714530	69.495	100	872	865	902	0.0	1275	type I DNA topoisomerase [Pseudoalteromonas arctica]
WP_294120904	69.610	100	872	865	906	0.0	1275	type I DNA topoisomerase [Pseudoalteromonas sp.]
WP_234199173	70.805	100	870	865	884	0.0	1275	type I DNA topoisomerase [Shewanella sp. AS1]
WP_101095994	71.116	99	869	865	879	0.0	1275	type I DNA topoisomerase [Shewanella indica]
WP_345870235	71.231	99	869	865	879	0.0	1275	type I DNA topoisomerase [Shewanella algae]
WP_107352966	71.231	99	869	865	879	0.0	1275	type I DNA topoisomerase [Shewanella algae]
WP_487135676	70.426	99	869	865	887	0.0	1275	N/A
WP_303446833	69.954	100	872	865	897	0.0	1275	type I DNA topoisomerase [Shewanella sp. 4_MG-2023]
WP_220762868	70.034	100	871	865	898	0.0	1275	MULTISPECIES: type I DNA topoisomerase [unclassified Shewanella]
WP_424532009	70.286	100	875	865	879	0.0	1275	type I DNA topoisomerase [Shewanella sp.]
WP_342197494	71.116	99	869	865	879	0.0	1275	type I DNA topoisomerase [Shewanella algae]
WP_035012822	70.081	100	869	865	879	0.0	1275	type I DNA topoisomerase [Catenovulum agarivorans]
WP_093983169	71.231	99	869	865	879	0.0	1275	type I DNA topoisomerase [Shewanella algae]
WP_191022233	70.541	99	869	865	879	0.0	1275	type I DNA topoisomerase [Salinimonas profundi]
WP_188839980	70.379	100	871	865	881	0.0	1275	type I DNA topoisomerase [Shewanella aestuarii]
WP_088904455	71.034	100	870	865	884	0.0	1275	type I DNA topoisomerase [Shewanella marisflavi]
WP_456043125	70.171	100	875	865	879	0.0	1275	MULTISPECIES: type I DNA topoisomerase [unclassified Shewanella]
WP_077285281	69.505	100	869	865	893	0.0	1275	type I DNA topoisomerase [Cognaticolwellia aestuarii]
WP_221051888	71.001	99	869	865	879	0.0	1275	type I DNA topoisomerase [Shewanella algae]
WP_345861931	71.231	99	869	865	879	0.0	1275	type I DNA topoisomerase [Shewanella algae]
WP_102476127	69.954	100	872	865	897	0.0	1275	type I DNA topoisomerase [Shewanella sp. 10N.286.52.C2]
WP_234594276	71.116	99	869	865	879	0.0	1275	type I DNA topoisomerase [Shewanella chilikensis]
WP_040216033	69.931	100	868	865	866	0.0	1275	type I DNA topoisomerase [Haemophilus parahaemolyticus]
WP_338411126	69.336	100	874	865	905	0.0	1275	MULTISPECIES: type I DNA topoisomerase [Pseudoalteromonas]
WP_046201098	68.858	100	867	865	864	0.0	1275	type I DNA topoisomerase [Candidatus Pantoea carbekii]
WP_165735103	69.495	100	872	865	902	0.0	1275	type I DNA topoisomerase [Pseudoalteromonas sp. C8]
WP_198815481	70.953	100	871	865	886	0.0	1274	type I DNA topoisomerase [Alteromonas sp. IB21]
WP_182197041	69.610	100	872	865	902	0.0	1274	type I DNA topoisomerase [Pseudoalteromonas sp. 5Ae-yellow]
WP_318935628	69.781	99	867	865	885	0.0	1274	type I DNA topoisomerase [Pseudidiomarina sp.]
WP_026016696	70.541	100	869	865	879	0.0	1274	type I DNA topoisomerase [Catenovulum agarivorans]
WP_264725977	70.379	100	871	865	881	0.0	1274	type I DNA topoisomerase [Shewanella subflava]
WP_485966101	69.931	100	868	865	866	0.0	1274	N/A
WP_369743662	69.816	99	868	865	878	0.0	1274	type I DNA topoisomerase [Pseudidiomarina sp. PP-1MA]
WP_394131052	69.575	100	871	865	884	0.0	1274	type I DNA topoisomerase [Shewanella maritima]
WP_220042650	70.920	100	870	865	882	0.0	1274	type I DNA topoisomerase [Shewanella alkalitolerans]
WP_105931029	70.838	100	871	865	886	0.0	1274	type I DNA topoisomerase [Alteromonas gracilis]
WP_109247393	71.001	99	869	865	879	0.0	1274	type I DNA topoisomerase [Shewanella algae]
WP_248471265	69.805	100	871	865	896	0.0	1274	type I DNA topoisomerase [Shewanella sp. 1CM18E]
WP_208161169	71.001	99	869	865	879	0.0	1274	type I DNA topoisomerase [Shewanella algae]
WP_149981037	69.839	100	872	865	906	0.0	1274	type I DNA topoisomerase [Pseudoalteromonas rhizosphaerae]
WP_176031853	69.829	100	875	865	881	0.0	1274	type I DNA topoisomerase [Pseudoalteromonas sp. McH1-7]
WP_234521524	71.001	99	869	865	879	0.0	1274	type I DNA topoisomerase [Shewanella algae]
WP_144226122	71.116	99	869	865	879	0.0	1274	type I DNA topoisomerase [Shewanella algae]
WP_475628135	71.001	99	869	865	879	0.0	1274	N/A
WP_474824785	70.481	100	874	865	877	0.0	1274	N/A
WP_115592342	70.091	100	876	865	877	0.0	1274	type I DNA topoisomerase [Alteromonas aestuariivivens]
WP_372005234	69.839	100	872	865	897	0.0	1274	type I DNA topoisomerase [Shewanella sp. 10N.286.51.B8]
WP_221059983	71.116	99	869	865	879	0.0	1274	type I DNA topoisomerase [Shewanella algae]
WP_288389683	70.771	99	869	865	888	0.0	1274	type I DNA topoisomerase [uncultured Alteromonas sp.]
WP_303503769	69.954	100	872	865	897	0.0	1274	type I DNA topoisomerase [Shewanella sp. 6_MG-2023]
WP_432399764	70.286	100	875	865	879	0.0	1274	type I DNA topoisomerase [Shewanella sp. MF05960]
WP_182779756	69.610	100	872	865	902	0.0	1274	type I DNA topoisomerase [Pseudoalteromonas sp. SG43-1]
WP_211070705	70.771	99	869	865	888	0.0	1274	type I DNA topoisomerase [Alteromonas sp. MMG017]
WP_248950909	69.920	100	871	865	896	0.0	1274	type I DNA topoisomerase [Shewanella pneumatophori]
WP_371995219	69.885	100	870	865	897	0.0	1274	type I DNA topoisomerase [Shewanella sp. 10N.286.54.B9]
WP_208145204	71.001	99	869	865	879	0.0	1274	type I DNA topoisomerase [Shewanella algae]
WP_345874957	71.001	99	869	865	879	0.0	1274	type I DNA topoisomerase [Shewanella algae]
WP_447165246	70.379	100	871	865	899	0.0	1274	type I DNA topoisomerase [Shewanella sp. 125m-7]
WP_354629326	69.495	100	872	865	902	0.0	1274	type I DNA topoisomerase [Pseudoalteromonas sp. NCIMB 1079]
WP_057792411	70.771	99	869	865	888	0.0	1274	MULTISPECIES: type I DNA topoisomerase [Alteromonas]
WP_123116539	71.001	99	869	865	879	0.0	1274	type I DNA topoisomerase [Shewanella algae]
WP_474368434	71.198	99	868	865	883	0.0	1274	N/A
WP_303515447	70.676	100	873	865	876	0.0	1274	type I DNA topoisomerase [Agarivorans sp. 1_MG-2023]
WP_222545138	70.011	100	877	865	885	0.0	1274	type I DNA topoisomerase [Ferrimonas balearica]
WP_347154729	69.495	100	872	865	906	0.0	1274	type I DNA topoisomerase [Pseudoalteromonas distincta]
WP_335901113	71.001	99	869	865	879	0.0	1274	type I DNA topoisomerase [Shewanella algae]
WP_475624837	71.231	99	869	865	879	0.0	1274	N/A
WP_272451290	69.610	100	872	865	902	0.0	1274	type I DNA topoisomerase [Pseudoalteromonas distincta]
WP_156019325	71.231	99	869	865	879	0.0	1274	type I DNA topoisomerase [Shewanella algae]
WP_145233762	69.839	100	872	865	906	0.0	1274	MULTISPECIES: type I DNA topoisomerase [Pseudoalteromonas]
WP_188925450	70.057	100	875	865	879	0.0	1274	type I DNA topoisomerase [Shewanella algicola]
WP_447078196	71.001	99	869	865	879	0.0	1274	type I DNA topoisomerase [Shewanella algae]
WP_102531525	69.839	100	872	865	897	0.0	1274	type I DNA topoisomerase [Shewanella sp. 10N.286.52.B9]
WP_137509790	99.837	71	615	865	615	0.0	1274	type I DNA topoisomerase, partial [Escherichia coli]
WP_171624647	69.690	100	871	865	879	0.0	1274	type I DNA topoisomerase [Pseudoalteromonas caenipelagi]
WP_415635926	69.495	100	872	865	906	0.0	1274	type I DNA topoisomerase [Pseudoalteromonas distincta]
WP_220081129	71.034	100	870	865	882	0.0	1274	type I DNA topoisomerase [Shewanella rhizosphaerae]
WP_404698905	69.839	100	872	865	911	0.0	1274	type I DNA topoisomerase [Pseudoalteromonas rhizosphaerae]
WP_182734784	69.839	100	872	865	906	0.0	1274	MULTISPECIES: type I DNA topoisomerase [Pseudoalteromonas]
WP_313932458	69.816	99	868	865	878	0.0	1274	type I DNA topoisomerase [Pseudidiomarina fusca]
WP_334047944	70.838	100	871	865	886	0.0	1274	type I DNA topoisomerase [Alteromonas gracilis]
WP_182830440	69.839	100	872	865	906	0.0	1274	type I DNA topoisomerase [Pseudoalteromonas sp. SG41-5]
WP_417663941	70.507	99	868	865	877	0.0	1274	type I DNA topoisomerase [Pseudidiomarina donghaiensis]
WP_303464307	70.771	99	869	865	888	0.0	1274	type I DNA topoisomerase [Alteromonas stellipolaris]
WP_110074842	69.931	99	868	865	878	0.0	1274	MULTISPECIES: type I DNA topoisomerase [Pseudidiomarina]
WP_475160140	69.954	100	872	865	881	0.0	1274	N/A
WP_182767451	69.839	100	872	865	890	0.0	1274	MULTISPECIES: type I DNA topoisomerase [unclassified Pseudoalteromonas]
WP_087034590	69.977	100	876	865	876	0.0	1274	type I DNA topoisomerase [Oceanisphaera profunda]
WP_479520392	69.495	100	872	865	900	0.0	1274	N/A
WP_062956153	91.994	77	662	865	662	0.0	1274	type I DNA topoisomerase, partial [Klebsiella pneumoniae]
WP_144165764	70.886	99	869	865	879	0.0	1273	type I DNA topoisomerase [Shewanella algae]
WP_249253772	70.690	100	870	865	884	0.0	1273	type I DNA topoisomerase [Shewanella aquimarina]
WP_372768808	69.540	100	870	865	882	0.0	1273	type I DNA topoisomerase [Pseudoalteromonas sp.]
WP_166421856	69.610	100	872	865	906	0.0	1273	MULTISPECIES: type I DNA topoisomerase [unclassified Pseudoalteromonas]
WP_428636777	71.034	100	870	865	884	0.0	1273	type I DNA topoisomerase [Shewanella sp.]
WP_018692543	69.266	100	872	865	877	0.0	1273	type I DNA topoisomerase [Algicola sagamiensis]
WP_289365355	71.231	99	869	865	877	0.0	1273	type I DNA topoisomerase [Alteromonas arenosi]
WP_441836513	69.610	100	872	865	901	0.0	1273	MULTISPECIES: type I DNA topoisomerase [unclassified Pseudoalteromonas]
WP_111313148	70.161	100	868	865	866	0.0	1273	type I DNA topoisomerase [Haemophilus parahaemolyticus]
WP_149592521	69.495	100	872	865	906	0.0	1273	type I DNA topoisomerase [Pseudoalteromonas sp. FUC4]
WP_317349338	70.771	99	869	865	888	0.0	1273	type I DNA topoisomerase [Alteromonas sp. CI.11.F.A3]
WP_261298556	70.149	100	871	865	881	0.0	1273	type I DNA topoisomerase [Shewanella holmiensis]
WP_013784485	70.771	99	869	865	888	0.0	1273	MULTISPECIES: type I DNA topoisomerase [Alteromonas]
