{"train_loss":2.063239466349284,"train/grad_norm":37339.2109375,"_timestamp":1.7469974890570896e+09,"_step":4930,"step":299,"eval/samples_per_second":526.628,"train/global_step":300,"_wandb":{"runtime":2515},"loss/train":0.07207710295915604,"train_runtime":2506.3985,"train/loss":1.1497,"train_samples_per_second":298.795,"eval/loss":1.076943039894104,"train_steps_per_second":0.12,"train/learning_rate":0.00012,"eval/runtime":2.666,"_runtime":2515.307752799,"train/epoch":99.8135593220339,"total_flos":2.913956363973427e+16,"eval/steps_per_second":4.126}