{
    "pretrained": 4.041249652912171,
    "finetuned": 1.0672746221494638,
    "delta": -2.9739750307627073,
    "relative_change": -73.59048032629279
}