{
    "epoch": 99.57630736392743,
    "eval_loss": 0.019546927884221077,
    "eval_runtime": 25.1648,
    "eval_samples_per_second": 55.792,
    "eval_steps_per_second": 6.994,
    "total_flos": 6.834449826153492e+17,
    "train_loss": 0.035078561978462416,
    "train_runtime": 34587.9585,
    "train_samples_per_second": 21.652,
    "train_steps_per_second": 0.677
}