{
    "epoch": 99.57630736392743,
    "eval_loss": 0.019546927884221077,
    "eval_runtime": 25.1648,
    "eval_samples_per_second": 55.792,
    "eval_steps_per_second": 6.994
}