"train/epoch","progen2-small 151M - _step","progen2-small 151M - _step__MIN","progen2-small 151M - _step__MAX","progen2-small 151M - eval/loss","progen2-small 151M - eval/loss__MIN","progen2-small 151M - eval/loss__MAX","progen2-small 151M - train/loss","progen2-small 151M - train/loss__MIN","progen2-small 151M - train/loss__MAX"
"16.131147540983605","0.5","0","1","0.11689727008342743","0.11689727008342743","0.11689727008342743","0.4986","0.4986","0.4986"
"32.26229508196721","2.5","2","3","0.08997955173254013","0.08997955173254013","0.08997955173254013","0.0995","0.0995","0.0995"
"48.39344262295082","4.5","4","5","0.07608197629451752","0.07608197629451752","0.07608197629451752","0.08","0.08","0.08"
"64.52459016393442","6.5","6","7","0.06895527243614197","0.06895527243614197","0.06895527243614197","0.0693","0.0693","0.0693"
"80.65573770491804","8.5","8","9","0.0654778927564621","0.0654778927564621","0.0654778927564621","0.0634","0.0634","0.0634"
"96.78688524590164","11.333333333333334","10","13","0.06415735930204391","0.06415735930204391","0.06415735930204391","0.0606","0.0606","0.0606"