gene	accession	mutation	query_pos	subject_pos	wt	alt	query_residue	subject_residue	pident	qcovs	qlen	slen	extracted_seq_len	bitscore	stitle
spoT	WP_222024371	K662I	662	662	K	I	K	K	99.858	100.0	702	702	702	1461.0	bifunctional GTP diphosphokinase/guanosine-3',5'-bis pyrophosphate 3'-pyrophosphohydrolase [Escherichia coli]
spoT	WP_000280490	K662I	662	662	K	I	K	K	99.858	100.0	702	702	702	1461.0	bifunctional GTP diphosphokinase/guanosine-3',5'-bis pyrophosphate 3'-pyrophosphohydrolase [Escherichia coli]
spoT	WP_048206899	K662I	662	662	K	I	K	K	99.858	100.0	702	702	702	1460.0	bifunctional GTP diphosphokinase/guanosine-3',5'-bis pyrophosphate 3'-pyrophosphohydrolase [Escherichia coli]
spoT	WP_257765528	K662I	662	662	K	I	K	K	99.858	100.0	702	702	702	1460.0	bifunctional GTP diphosphokinase/guanosine-3',5'-bis pyrophosphate 3'-pyrophosphohydrolase [Escherichia coli]
spoT	WP_438381951	K662I	662	662	K	I	K	K	99.858	100.0	702	702	702	1460.0	bifunctional GTP diphosphokinase/guanosine-3',5'-bis pyrophosphate 3'-pyrophosphohydrolase [Escherichia coli]
spoT	WP_061327024	K662I	662	662	K	I	K	K	99.858	100.0	702	702	702	1460.0	bifunctional GTP diphosphokinase/guanosine-3',5'-bis pyrophosphate 3'-pyrophosphohydrolase [Escherichia coli]
spoT	WP_197939709	K662I	662	662	K	I	K	K	99.858	100.0	702	702	702	1460.0	bifunctional GTP diphosphokinase/guanosine-3',5'-bis pyrophosphate 3'-pyrophosphohydrolase [Escherichia coli]
spoT	WP_086218332	K662I	662	662	K	I	K	K	99.858	100.0	702	702	702	1460.0	bifunctional GTP diphosphokinase/guanosine-3',5'-bis pyrophosphate 3'-pyrophosphohydrolase [Escherichia coli]
spoT	WP_215259983	K662I	662	662	K	I	K	K	99.858	100.0	702	702	702	1460.0	bifunctional GTP diphosphokinase/guanosine-3',5'-bis pyrophosphate 3'-pyrophosphohydrolase [Escherichia coli]
spoT	WP_232586189	K662I	662	662	K	I	K	K	99.858	100.0	702	702	702	1460.0	bifunctional GTP diphosphokinase/guanosine-3',5'-bis pyrophosphate 3'-pyrophosphohydrolase [Escherichia coli]
spoT	WP_156836928	K662I	662	662	K	I	K	K	99.858	100.0	702	702	702	1460.0	bifunctional GTP diphosphokinase/guanosine-3',5'-bis pyrophosphate 3'-pyrophosphohydrolase [Escherichia coli]
spoT	WP_137586839	K662I	662	662	K	I	K	K	99.858	100.0	702	702	702	1460.0	bifunctional GTP diphosphokinase/guanosine-3',5'-bis pyrophosphate 3'-pyrophosphohydrolase [Escherichia coli]
spoT	WP_061352649	K662I	662	662	K	I	K	K	99.858	100.0	702	702	702	1460.0	bifunctional GTP diphosphokinase/guanosine-3',5'-bis pyrophosphate 3'-pyrophosphohydrolase [Escherichia coli]
spoT	WP_226126010	K662I	662	662	K	I	K	K	99.858	100.0	702	702	702	1460.0	bifunctional GTP diphosphokinase/guanosine-3',5'-bis pyrophosphate 3'-pyrophosphohydrolase [Escherichia coli]
spoT	WP_072770494	K662I	662	662	K	I	K	K	99.858	100.0	702	702	702	1460.0	bifunctional GTP diphosphokinase/guanosine-3',5'-bis pyrophosphate 3'-pyrophosphohydrolase [Escherichia coli]
spoT	WP_112025265	K662I	662	662	K	I	K	K	99.858	100.0	702	702	702	1460.0	bifunctional GTP diphosphokinase/guanosine-3',5'-bis pyrophosphate 3'-pyrophosphohydrolase [Escherichia coli]
spoT	WP_167789956	K662I	662	662	K	I	K	K	99.858	100.0	702	702	702	1460.0	bifunctional GTP diphosphokinase/guanosine-3',5'-bis pyrophosphate 3'-pyrophosphohydrolase [Escherichia coli]
spoT	WP_088144486	K662I	662	662	K	I	K	K	99.858	100.0	702	702	702	1460.0	bifunctional GTP diphosphokinase/guanosine-3',5'-bis pyrophosphate 3'-pyrophosphohydrolase [Escherichia coli]
spoT	WP_001428456	K662I	662	662	K	I	K	K	99.858	100.0	702	702	702	1460.0	bifunctional GTP diphosphokinase/guanosine-3',5'-bis pyrophosphate 3'-pyrophosphohydrolase [Escherichia coli]
spoT	WP_000280486	K662I	662	662	K	I	K	K	99.858	100.0	702	702	702	1460.0	bifunctional GTP diphosphokinase/guanosine-3',5'-bis pyrophosphate 3'-pyrophosphohydrolase [Escherichia coli]
spoT	WP_262239652	K662I	662	662	K	I	K	K	99.858	100.0	702	702	702	1460.0	bifunctional GTP diphosphokinase/guanosine-3',5'-bis pyrophosphate 3'-pyrophosphohydrolase [Escherichia coli]
spoT	WP_119172082	K662I	662	662	K	I	K	K	99.858	100.0	702	702	702	1460.0	MULTISPECIES: bifunctional GTP diphosphokinase/guanosine-3',5'-bis pyrophosphate 3'-pyrophosphohydrolase [Enterobacteriaceae]
spoT	WP_180491055	K662I	662	662	K	I	K	K	99.858	100.0	702	702	702	1460.0	bifunctional GTP diphosphokinase/guanosine-3',5'-bis pyrophosphate 3'-pyrophosphohydrolase [Escherichia coli]
spoT	WP_146883688	K662I	662	662	K	I	K	K	99.858	100.0	702	702	702	1460.0	bifunctional GTP diphosphokinase/guanosine-3',5'-bis pyrophosphate 3'-pyrophosphohydrolase [Escherichia coli]
spoT	WP_427879605	K662I	662	662	K	I	K	K	99.858	100.0	702	702	702	1460.0	bifunctional GTP diphosphokinase/guanosine-3',5'-bis pyrophosphate 3'-pyrophosphohydrolase [Escherichia coli]
spoT	WP_271095375	K662I	662	662	K	I	K	K	99.858	100.0	702	702	702	1460.0	bifunctional GTP diphosphokinase/guanosine-3',5'-bis pyrophosphate 3'-pyrophosphohydrolase [Escherichia coli]
spoT	WP_236929414	K662I	662	662	K	I	K	K	99.858	100.0	702	702	702	1460.0	bifunctional GTP diphosphokinase/guanosine-3',5'-bis pyrophosphate 3'-pyrophosphohydrolase [Escherichia coli]
spoT	WP_042100194	K662I	662	662	K	I	K	K	99.858	100.0	702	702	702	1460.0	bifunctional GTP diphosphokinase/guanosine-3',5'-bis pyrophosphate 3'-pyrophosphohydrolase [Escherichia coli]
spoT	WP_447230521	K662I	662	662	K	I	K	K	99.858	100.0	702	702	702	1460.0	bifunctional GTP diphosphokinase/guanosine-3',5'-bis pyrophosphate 3'-pyrophosphohydrolase [Escherichia coli]
spoT	WP_336477956	K662I	662	662	K	I	K	K	99.858	100.0	702	702	702	1460.0	bifunctional GTP diphosphokinase/guanosine-3',5'-bis pyrophosphate 3'-pyrophosphohydrolase [Escherichia coli]
spoT	WP_021547786	K662I	662	662	K	I	K	K	99.858	100.0	702	702	702	1460.0	bifunctional GTP diphosphokinase/guanosine-3',5'-bis pyrophosphate 3'-pyrophosphohydrolase [Escherichia coli]
spoT	WP_421503736	K662I	662	662	K	I	K	K	99.858	100.0	702	702	702	1460.0	bifunctional GTP diphosphokinase/guanosine-3',5'-bis pyrophosphate 3'-pyrophosphohydrolase [Escherichia coli]
spoT	WP_096217214	K662I	662	662	K	I	K	K	99.858	100.0	702	702	702	1460.0	bifunctional GTP diphosphokinase/guanosine-3',5'-bis pyrophosphate 3'-pyrophosphohydrolase [Escherichia coli]
spoT	WP_000280487	K662I	662	662	K	I	K	K	99.858	100.0	702	702	702	1460.0	bifunctional GTP diphosphokinase/guanosine-3',5'-bis pyrophosphate 3'-pyrophosphohydrolase [Escherichia coli]
spoT	WP_133265548	K662I	662	662	K	I	K	K	99.858	100.0	702	702	702	1460.0	bifunctional GTP diphosphokinase/guanosine-3',5'-bis pyrophosphate 3'-pyrophosphohydrolase [Escherichia coli]
spoT	WP_137537778	K662I	662	662	K	I	K	K	99.858	100.0	702	702	702	1460.0	bifunctional GTP diphosphokinase/guanosine-3',5'-bis pyrophosphate 3'-pyrophosphohydrolase [Escherichia coli]
spoT	WP_125272956	K662I	662	662	K	I	K	K	99.858	100.0	702	702	702	1460.0	bifunctional GTP diphosphokinase/guanosine-3',5'-bis pyrophosphate 3'-pyrophosphohydrolase [Escherichia coli]
spoT	WP_265932452	K662I	662	662	K	I	K	K	99.858	100.0	702	702	702	1460.0	bifunctional GTP diphosphokinase/guanosine-3',5'-bis pyrophosphate 3'-pyrophosphohydrolase [Escherichia coli]
spoT	WP_105458627	K662I	662	662	K	I	K	K	99.858	100.0	702	702	702	1460.0	MULTISPECIES: bifunctional GTP diphosphokinase/guanosine-3',5'-bis pyrophosphate 3'-pyrophosphohydrolase [Escherichia]
spoT	WP_102597120	K662I	662	662	K	I	K	K	99.858	100.0	702	702	702	1460.0	bifunctional GTP diphosphokinase/guanosine-3',5'-bis pyrophosphate 3'-pyrophosphohydrolase [Escherichia coli]
spoT	WP_114401199	K662I	662	662	K	I	K	K	99.858	100.0	702	702	702	1460.0	bifunctional GTP diphosphokinase/guanosine-3',5'-bis pyrophosphate 3'-pyrophosphohydrolase [Escherichia coli]
spoT	WP_438392786	K662I	662	662	K	I	K	K	99.858	100.0	702	702	702	1460.0	bifunctional GTP diphosphokinase/guanosine-3',5'-bis pyrophosphate 3'-pyrophosphohydrolase [Escherichia coli]
spoT	WP_140553651	K662I	662	662	K	I	K	K	99.858	100.0	702	702	702	1460.0	bifunctional GTP diphosphokinase/guanosine-3',5'-bis pyrophosphate 3'-pyrophosphohydrolase [Escherichia coli]
spoT	WP_242428660	K662I	662	662	K	I	K	K	99.858	100.0	702	702	702	1460.0	bifunctional GTP diphosphokinase/guanosine-3',5'-bis pyrophosphate 3'-pyrophosphohydrolase [Escherichia coli]
spoT	WP_096900503	K662I	662	662	K	I	K	K	99.858	100.0	702	702	702	1460.0	bifunctional GTP diphosphokinase/guanosine-3',5'-bis pyrophosphate 3'-pyrophosphohydrolase [Escherichia coli]
spoT	WP_225402825	K662I	662	662	K	I	K	K	99.858	100.0	702	702	702	1460.0	bifunctional GTP diphosphokinase/guanosine-3',5'-bis pyrophosphate 3'-pyrophosphohydrolase [Escherichia coli]
spoT	WP_277109161	K662I	662	662	K	I	K	K	99.858	100.0	702	702	702	1460.0	bifunctional GTP diphosphokinase/guanosine-3',5'-bis pyrophosphate 3'-pyrophosphohydrolase [Escherichia coli]
spoT	WP_112047247	K662I	662	662	K	I	K	K	99.858	100.0	702	702	702	1460.0	bifunctional GTP diphosphokinase/guanosine-3',5'-bis pyrophosphate 3'-pyrophosphohydrolase [Escherichia coli]
spoT	WP_367172567	K662I	662	662	K	I	K	K	99.858	100.0	702	702	702	1460.0	bifunctional GTP diphosphokinase/guanosine-3',5'-bis pyrophosphate 3'-pyrophosphohydrolase [Escherichia coli]
spoT	WP_073461622	K662I	662	662	K	I	K	K	99.858	100.0	702	702	702	1460.0	bifunctional GTP diphosphokinase/guanosine-3',5'-bis pyrophosphate 3'-pyrophosphohydrolase [Escherichia coli]
spoT	WP_465022784	K662I	662	662	K	I	K	K	99.858	100.0	702	702	702	1460.0	N/A
spoT	WP_137526244	K662I	662	662	K	I	K	K	99.858	100.0	702	702	702	1460.0	bifunctional GTP diphosphokinase/guanosine-3',5'-bis pyrophosphate 3'-pyrophosphohydrolase [Escherichia coli]
spoT	WP_217293746	K662I	662	662	K	I	K	K	99.858	100.0	702	702	702	1460.0	bifunctional GTP diphosphokinase/guanosine-3',5'-bis pyrophosphate 3'-pyrophosphohydrolase [Escherichia coli]
spoT	WP_039000542	K662I	662	662	K	I	K	K	99.858	100.0	702	702	702	1460.0	bifunctional GTP diphosphokinase/guanosine-3',5'-bis pyrophosphate 3'-pyrophosphohydrolase [Escherichia coli]
spoT	WP_252672151	K662I	662	662	K	I	K	K	99.858	100.0	702	702	702	1460.0	bifunctional GTP diphosphokinase/guanosine-3',5'-bis pyrophosphate 3'-pyrophosphohydrolase [Escherichia coli]
spoT	WP_113350265	K662I	662	662	K	I	K	K	99.858	100.0	702	702	702	1460.0	bifunctional GTP diphosphokinase/guanosine-3',5'-bis pyrophosphate 3'-pyrophosphohydrolase [Escherichia coli]
spoT	WP_227465004	K662I	662	662	K	I	K	K	99.858	100.0	702	702	702	1460.0	bifunctional GTP diphosphokinase/guanosine-3',5'-bis pyrophosphate 3'-pyrophosphohydrolase [Escherichia coli]
spoT	WP_000280492	K662I	662	662	K	I	K	K	99.858	100.0	702	702	702	1459.0	MULTISPECIES: bifunctional GTP diphosphokinase/guanosine-3',5'-bis pyrophosphate 3'-pyrophosphohydrolase [Enterobacteriaceae]
spoT	WP_169757875	K662I	662	662	K	I	K	K	99.858	100.0	702	702	702	1459.0	bifunctional GTP diphosphokinase/guanosine-3',5'-bis pyrophosphate 3'-pyrophosphohydrolase [Escherichia coli]
spoT	WP_409023682	K662I	662	662	K	I	K	K	99.858	100.0	702	702	702	1459.0	bifunctional GTP diphosphokinase/guanosine-3',5'-bis pyrophosphate 3'-pyrophosphohydrolase [Escherichia coli]
spoT	WP_315650858	K662I	662	662	K	I	K	K	99.858	100.0	702	702	702	1459.0	bifunctional GTP diphosphokinase/guanosine-3',5'-bis pyrophosphate 3'-pyrophosphohydrolase [Escherichia coli]
spoT	WP_147718883	K662I	662	662	K	I	K	K	99.858	100.0	702	702	702	1459.0	bifunctional GTP diphosphokinase/guanosine-3',5'-bis pyrophosphate 3'-pyrophosphohydrolase [Escherichia coli]
spoT	WP_096132402	K662I	662	662	K	I	K	K	99.858	100.0	702	702	702	1459.0	bifunctional GTP diphosphokinase/guanosine-3',5'-bis pyrophosphate 3'-pyrophosphohydrolase [Escherichia coli]
spoT	WP_337051798	K662I	662	662	K	I	K	K	99.858	100.0	702	702	702	1459.0	bifunctional GTP diphosphokinase/guanosine-3',5'-bis pyrophosphate 3'-pyrophosphohydrolase [Escherichia coli]
spoT	WP_284345498	K662I	662	662	K	I	K	K	99.858	100.0	702	702	702	1459.0	bifunctional GTP diphosphokinase/guanosine-3',5'-bis pyrophosphate 3'-pyrophosphohydrolase [Escherichia coli]
spoT	WP_393969049	K662I	662	662	K	I	K	K	99.858	100.0	702	702	702	1459.0	bifunctional GTP diphosphokinase/guanosine-3',5'-bis pyrophosphate 3'-pyrophosphohydrolase [Escherichia coli]
spoT	WP_464935376	K662I	662	662	K	I	K	K	99.858	100.0	702	702	702	1459.0	N/A
spoT	WP_225387737	K662I	662	662	K	I	K	K	99.858	100.0	702	702	702	1459.0	bifunctional GTP diphosphokinase/guanosine-3',5'-bis pyrophosphate 3'-pyrophosphohydrolase [Escherichia coli]
spoT	WP_126670963	K662I	662	662	K	I	K	K	99.858	100.0	702	702	702	1459.0	bifunctional GTP diphosphokinase/guanosine-3',5'-bis pyrophosphate 3'-pyrophosphohydrolase [Escherichia coli]
spoT	WP_472776182	K662I	662	662	K	I	K	K	99.858	100.0	702	702	702	1459.0	N/A
spoT	WP_000280489	K662I	662	662	K	I	K	K	99.858	100.0	702	702	702	1459.0	bifunctional GTP diphosphokinase/guanosine-3',5'-bis pyrophosphate 3'-pyrophosphohydrolase [Escherichia coli]
spoT	WP_097398749	K662I	662	662	K	I	K	K	99.858	100.0	702	702	702	1459.0	bifunctional GTP diphosphokinase/guanosine-3',5'-bis pyrophosphate 3'-pyrophosphohydrolase [Escherichia coli]
spoT	WP_053891042	K662I	662	662	K	I	K	K	99.858	100.0	702	702	702	1459.0	bifunctional GTP diphosphokinase/guanosine-3',5'-bis pyrophosphate 3'-pyrophosphohydrolase [Escherichia coli]
spoT	WP_430483564	K662I	662	662	K	I	K	K	99.858	100.0	702	702	702	1459.0	bifunctional GTP diphosphokinase/guanosine-3',5'-bis pyrophosphate 3'-pyrophosphohydrolase [Escherichia coli]
spoT	WP_267234822	K662I	662	662	K	I	K	K	99.858	100.0	702	702	702	1459.0	bifunctional GTP diphosphokinase/guanosine-3',5'-bis pyrophosphate 3'-pyrophosphohydrolase [Escherichia coli]
spoT	WP_308836908	K662I	662	662	K	I	K	K	99.858	100.0	702	702	702	1459.0	bifunctional GTP diphosphokinase/guanosine-3',5'-bis pyrophosphate 3'-pyrophosphohydrolase [Escherichia coli]
spoT	WP_137433926	K662I	662	662	K	I	K	K	99.858	100.0	702	702	702	1459.0	bifunctional GTP diphosphokinase/guanosine-3',5'-bis pyrophosphate 3'-pyrophosphohydrolase [Escherichia coli]
spoT	WP_137584411	K662I	662	662	K	I	K	K	99.858	100.0	702	702	702	1459.0	bifunctional GTP diphosphokinase/guanosine-3',5'-bis pyrophosphate 3'-pyrophosphohydrolase [Escherichia coli]
spoT	WP_191667298	K662I	662	662	K	I	K	K	99.858	100.0	702	702	702	1459.0	bifunctional GTP diphosphokinase/guanosine-3',5'-bis pyrophosphate 3'-pyrophosphohydrolase [Escherichia coli]
spoT	WP_464364429	K662I	662	662	K	I	K	K	99.858	100.0	702	702	702	1459.0	N/A
spoT	WP_000280485	K662I	662	662	K	I	K	K	99.858	100.0	702	702	702	1459.0	bifunctional GTP diphosphokinase/guanosine-3',5'-bis pyrophosphate 3'-pyrophosphohydrolase [Escherichia coli]
spoT	WP_154827180	K662I	662	662	K	I	K	K	99.858	100.0	702	702	702	1459.0	bifunctional GTP diphosphokinase/guanosine-3',5'-bis pyrophosphate 3'-pyrophosphohydrolase [Shigella flexneri]
spoT	WP_337456831	K662I	662	662	K	I	K	K	99.858	100.0	702	702	702	1459.0	bifunctional GTP diphosphokinase/guanosine-3',5'-bis pyrophosphate 3'-pyrophosphohydrolase [Escherichia coli]
spoT	WP_277384185	K662I	662	662	K	I	K	K	99.858	100.0	702	702	702	1459.0	bifunctional GTP diphosphokinase/guanosine-3',5'-bis pyrophosphate 3'-pyrophosphohydrolase [Escherichia coli]
spoT	WP_089633150	K662I	662	662	K	I	K	K	99.858	100.0	702	702	702	1459.0	bifunctional GTP diphosphokinase/guanosine-3',5'-bis pyrophosphate 3'-pyrophosphohydrolase [Escherichia coli]
spoT	WP_261633579	K662I	662	662	K	I	K	K	99.858	100.0	702	702	702	1459.0	bifunctional GTP diphosphokinase/guanosine-3',5'-bis pyrophosphate 3'-pyrophosphohydrolase [Escherichia coli]
spoT	WP_072971312	K662I	662	662	K	I	K	K	99.858	100.0	702	702	702	1459.0	bifunctional GTP diphosphokinase/guanosine-3',5'-bis pyrophosphate 3'-pyrophosphohydrolase [Escherichia coli]
spoT	WP_152930338	K662I	662	662	K	I	K	K	99.858	100.0	702	702	702	1459.0	bifunctional GTP diphosphokinase/guanosine-3',5'-bis pyrophosphate 3'-pyrophosphohydrolase [Escherichia coli]
spoT	WP_247178771	K662I	662	662	K	I	K	K	99.858	100.0	702	702	702	1459.0	bifunctional GTP diphosphokinase/guanosine-3',5'-bis pyrophosphate 3'-pyrophosphohydrolase [Escherichia coli]
spoT	WP_001721939	K662I	662	662	K	I	K	K	99.858	100.0	702	702	702	1459.0	bifunctional GTP diphosphokinase/guanosine-3',5'-bis pyrophosphate 3'-pyrophosphohydrolase [Escherichia coli]
spoT	WP_348833361	K662I	662	662	K	I	K	K	99.858	100.0	702	702	702	1459.0	bifunctional GTP diphosphokinase/guanosine-3',5'-bis pyrophosphate 3'-pyrophosphohydrolase [Escherichia coli]
spoT	WP_202763994	K662I	662	662	K	I	K	K	99.858	100.0	702	702	702	1459.0	bifunctional GTP diphosphokinase/guanosine-3',5'-bis pyrophosphate 3'-pyrophosphohydrolase [Escherichia coli]
spoT	WP_203448631	K662I	662	662	K	I	K	K	99.858	100.0	702	702	702	1459.0	bifunctional GTP diphosphokinase/guanosine-3',5'-bis pyrophosphate 3'-pyrophosphohydrolase [Escherichia coli]
spoT	WP_113383254	K662I	662	662	K	I	K	K	99.858	100.0	702	702	702	1459.0	bifunctional GTP diphosphokinase/guanosine-3',5'-bis pyrophosphate 3'-pyrophosphohydrolase [Escherichia coli]
spoT	WP_053886909	K662I	662	662	K	I	K	K	99.858	100.0	702	702	702	1459.0	bifunctional GTP diphosphokinase/guanosine-3',5'-bis pyrophosphate 3'-pyrophosphohydrolase [Escherichia coli]
spoT	WP_175083805	K662I	662	662	K	I	K	K	99.858	100.0	702	702	702	1459.0	bifunctional GTP diphosphokinase/guanosine-3',5'-bis pyrophosphate 3'-pyrophosphohydrolase [Escherichia coli]
spoT	WP_112402177	K662I	662	662	K	I	K	K	99.858	100.0	702	702	702	1459.0	bifunctional GTP diphosphokinase/guanosine-3',5'-bis pyrophosphate 3'-pyrophosphohydrolase [Shigella sonnei]
spoT	WP_097302177	K662I	662	662	K	I	K	K	99.858	100.0	702	702	702	1459.0	bifunctional GTP diphosphokinase/guanosine-3',5'-bis pyrophosphate 3'-pyrophosphohydrolase [Escherichia coli]
spoT	WP_135487016	K662I	662	662	K	I	K	K	99.858	100.0	702	702	702	1459.0	MULTISPECIES: bifunctional GTP diphosphokinase/guanosine-3',5'-bis pyrophosphate 3'-pyrophosphohydrolase [unclassified Escherichia]
spoT	WP_072644047	K662I	662	662	K	I	K	K	99.858	100.0	702	702	702	1459.0	bifunctional GTP diphosphokinase/guanosine-3',5'-bis pyrophosphate 3'-pyrophosphohydrolase [Escherichia coli]
spoT	WP_137544813	K662I	662	662	K	I	K	K	99.858	100.0	702	702	702	1459.0	bifunctional GTP diphosphokinase/guanosine-3',5'-bis pyrophosphate 3'-pyrophosphohydrolase [Escherichia coli]
spoT	WP_032227272	K662I	662	662	K	I	K	K	99.715	100.0	702	702	702	1459.0	bifunctional GTP diphosphokinase/guanosine-3',5'-bis pyrophosphate 3'-pyrophosphohydrolase [Escherichia coli]
spoT	WP_227443335	K662I	662	662	K	I	K	K	99.858	100.0	702	702	702	1459.0	bifunctional GTP diphosphokinase/guanosine-3',5'-bis pyrophosphate 3'-pyrophosphohydrolase [Escherichia coli]
spoT	WP_241221418	K662I	662	662	K	I	K	K	99.858	100.0	702	702	702	1459.0	bifunctional GTP diphosphokinase/guanosine-3',5'-bis pyrophosphate 3'-pyrophosphohydrolase [Escherichia coli]
spoT	WP_407235334	K662I	662	662	K	I	K	K	99.858	100.0	702	702	702	1459.0	bifunctional GTP diphosphokinase/guanosine-3',5'-bis pyrophosphate 3'-pyrophosphohydrolase [Escherichia coli]
spoT	WP_264105505	K662I	662	662	K	I	K	K	99.858	100.0	702	702	702	1459.0	bifunctional GTP diphosphokinase/guanosine-3',5'-bis pyrophosphate 3'-pyrophosphohydrolase [Escherichia coli]
spoT	WP_097412381	K662I	662	662	K	I	K	K	99.858	100.0	702	702	702	1459.0	bifunctional GTP diphosphokinase/guanosine-3',5'-bis pyrophosphate 3'-pyrophosphohydrolase [Escherichia coli]
spoT	WP_226452342	K662I	662	662	K	I	K	K	99.858	100.0	702	702	702	1459.0	bifunctional GTP diphosphokinase/guanosine-3',5'-bis pyrophosphate 3'-pyrophosphohydrolase [Escherichia coli]
spoT	WP_032260419	K662I	662	662	K	I	K	K	99.858	100.0	702	702	702	1459.0	bifunctional GTP diphosphokinase/guanosine-3',5'-bis pyrophosphate 3'-pyrophosphohydrolase [Escherichia coli]
spoT	WP_025715289	K662I	662	662	K	I	K	K	99.858	100.0	702	702	702	1459.0	bifunctional GTP diphosphokinase/guanosine-3',5'-bis pyrophosphate 3'-pyrophosphohydrolase [Shigella flexneri]
spoT	WP_410406749	K662I	662	662	K	I	K	K	99.858	100.0	702	702	702	1459.0	bifunctional GTP diphosphokinase/guanosine-3',5'-bis pyrophosphate 3'-pyrophosphohydrolase [Escherichia coli]
spoT	WP_000280459	K662I	662	662	K	I	K	K	99.858	100.0	702	702	702	1459.0	bifunctional GTP diphosphokinase/guanosine-3',5'-bis pyrophosphate 3'-pyrophosphohydrolase [Escherichia coli]
spoT	WP_137533349	K662I	662	662	K	I	K	K	99.858	100.0	702	702	702	1459.0	bifunctional GTP diphosphokinase/guanosine-3',5'-bis pyrophosphate 3'-pyrophosphohydrolase [Escherichia coli]
spoT	WP_072674754	K662I	662	662	K	I	K	K	99.715	100.0	702	702	702	1459.0	bifunctional GTP diphosphokinase/guanosine-3',5'-bis pyrophosphate 3'-pyrophosphohydrolase [Escherichia coli]
spoT	WP_430985950	K662I	662	662	K	I	K	K	99.858	100.0	702	702	702	1459.0	bifunctional GTP diphosphokinase/guanosine-3',5'-bis pyrophosphate 3'-pyrophosphohydrolase [Escherichia coli]
spoT	WP_137519822	K662I	662	662	K	I	K	K	99.858	100.0	702	702	702	1459.0	bifunctional GTP diphosphokinase/guanosine-3',5'-bis pyrophosphate 3'-pyrophosphohydrolase [Escherichia coli]
spoT	WP_142439395	K662I	662	662	K	I	K	K	99.858	100.0	702	702	702	1459.0	bifunctional GTP diphosphokinase/guanosine-3',5'-bis pyrophosphate 3'-pyrophosphohydrolase [Escherichia coli]
spoT	WP_131419176	K662I	662	662	K	I	K	K	99.858	100.0	702	702	702	1459.0	bifunctional GTP diphosphokinase/guanosine-3',5'-bis pyrophosphate 3'-pyrophosphohydrolase [Escherichia coli]
spoT	WP_147708175	K662I	662	662	K	I	K	K	99.858	100.0	702	702	702	1459.0	bifunctional GTP diphosphokinase/guanosine-3',5'-bis pyrophosphate 3'-pyrophosphohydrolase [Escherichia coli]
spoT	WP_089586455	K662I	662	662	K	I	K	K	99.858	100.0	702	702	702	1459.0	bifunctional GTP diphosphokinase/guanosine-3',5'-bis pyrophosphate 3'-pyrophosphohydrolase [Escherichia coli]
spoT	WP_174580997	K662I	662	662	K	I	K	K	99.858	100.0	702	702	702	1459.0	bifunctional GTP diphosphokinase/guanosine-3',5'-bis pyrophosphate 3'-pyrophosphohydrolase [Escherichia coli]
spoT	WP_236492950	K662I	662	662	K	I	K	K	99.858	100.0	702	702	702	1459.0	bifunctional GTP diphosphokinase/guanosine-3',5'-bis pyrophosphate 3'-pyrophosphohydrolase [Escherichia coli]
spoT	WP_104769470	K662I	662	662	K	I	K	K	99.858	100.0	702	702	702	1459.0	bifunctional GTP diphosphokinase/guanosine-3',5'-bis pyrophosphate 3'-pyrophosphohydrolase [Escherichia coli]
spoT	WP_115203674	K662I	662	662	K	I	K	K	99.858	100.0	702	702	702	1459.0	bifunctional GTP diphosphokinase/guanosine-3',5'-bis pyrophosphate 3'-pyrophosphohydrolase [Escherichia coli]
spoT	WP_264821586	K662I	662	662	K	I	K	K	99.858	100.0	702	702	702	1459.0	bifunctional GTP diphosphokinase/guanosine-3',5'-bis pyrophosphate 3'-pyrophosphohydrolase [Escherichia coli]
spoT	WP_439191976	K662I	662	662	K	I	K	K	99.858	100.0	702	702	702	1459.0	bifunctional GTP diphosphokinase/guanosine-3',5'-bis pyrophosphate 3'-pyrophosphohydrolase [Escherichia coli]
spoT	WP_241220742	K662I	662	662	K	I	K	K	99.858	100.0	702	702	702	1459.0	bifunctional GTP diphosphokinase/guanosine-3',5'-bis pyrophosphate 3'-pyrophosphohydrolase [Escherichia coli]
spoT	WP_000280473	K662I	662	662	K	I	K	K	99.858	100.0	702	702	702	1459.0	MULTISPECIES: bifunctional GTP diphosphokinase/guanosine-3',5'-bis pyrophosphate 3'-pyrophosphohydrolase [Enterobacteriaceae]
spoT	WP_277393034	K662I	662	662	K	I	K	K	99.858	100.0	702	702	702	1459.0	bifunctional GTP diphosphokinase/guanosine-3',5'-bis pyrophosphate 3'-pyrophosphohydrolase [Escherichia coli]
spoT	WP_089628706	K662I	662	662	K	I	K	K	99.858	100.0	702	702	702	1459.0	bifunctional GTP diphosphokinase/guanosine-3',5'-bis pyrophosphate 3'-pyrophosphohydrolase [Escherichia coli]
spoT	WP_113987025	K662I	662	662	K	I	K	K	99.858	100.0	702	702	702	1459.0	bifunctional GTP diphosphokinase/guanosine-3',5'-bis pyrophosphate 3'-pyrophosphohydrolase [Escherichia coli]
spoT	WP_113396774	K662I	662	662	K	I	K	K	99.858	100.0	702	702	702	1459.0	bifunctional GTP diphosphokinase/guanosine-3',5'-bis pyrophosphate 3'-pyrophosphohydrolase [Escherichia coli]
spoT	WP_000280494	K662I	662	662	K	I	K	K	99.858	100.0	702	702	702	1459.0	bifunctional GTP diphosphokinase/guanosine-3',5'-bis pyrophosphate 3'-pyrophosphohydrolase [Escherichia coli]
spoT	WP_115871667	K662I	662	662	K	I	K	K	99.858	100.0	702	702	702	1459.0	bifunctional GTP diphosphokinase/guanosine-3',5'-bis pyrophosphate 3'-pyrophosphohydrolase [Escherichia coli]
spoT	WP_416837819	K662I	662	662	K	I	K	K	99.858	100.0	702	702	702	1459.0	bifunctional GTP diphosphokinase/guanosine-3',5'-bis pyrophosphate 3'-pyrophosphohydrolase [Escherichia coli]
spoT	WP_311016834	K662I	662	662	K	I	K	K	99.858	100.0	702	702	702	1459.0	bifunctional GTP diphosphokinase/guanosine-3',5'-bis pyrophosphate 3'-pyrophosphohydrolase [Shigella boydii]
spoT	WP_131199860	K662I	662	662	K	I	K	K	99.858	100.0	702	702	702	1459.0	bifunctional GTP diphosphokinase/guanosine-3',5'-bis pyrophosphate 3'-pyrophosphohydrolase [Escherichia coli]
spoT	WP_044782059	K662I	662	662	K	I	K	K	99.858	100.0	702	702	702	1459.0	bifunctional GTP diphosphokinase/guanosine-3',5'-bis pyrophosphate 3'-pyrophosphohydrolase [Escherichia coli]
spoT	WP_073690743	K662I	662	662	K	I	K	K	99.858	100.0	702	702	702	1459.0	bifunctional GTP diphosphokinase/guanosine-3',5'-bis pyrophosphate 3'-pyrophosphohydrolase [Shigella boydii]
spoT	WP_224064216	K662I	662	662	K	I	K	K	99.858	100.0	702	702	702	1459.0	bifunctional GTP diphosphokinase/guanosine-3',5'-bis pyrophosphate 3'-pyrophosphohydrolase [Escherichia coli]
spoT	WP_270702853	K662I	662	662	K	I	K	K	99.858	100.0	702	702	702	1459.0	bifunctional GTP diphosphokinase/guanosine-3',5'-bis pyrophosphate 3'-pyrophosphohydrolase [Escherichia coli]
spoT	WP_096990516	K662I	662	662	K	I	K	K	99.858	100.0	702	702	702	1459.0	bifunctional GTP diphosphokinase/guanosine-3',5'-bis pyrophosphate 3'-pyrophosphohydrolase [Escherichia coli]
spoT	WP_233120370	K662I	662	662	K	I	K	K	99.858	100.0	702	702	702	1459.0	bifunctional GTP diphosphokinase/guanosine-3',5'-bis pyrophosphate 3'-pyrophosphohydrolase [Escherichia coli]
spoT	WP_112324870	K662I	662	662	K	I	K	K	99.858	100.0	702	702	702	1459.0	bifunctional GTP diphosphokinase/guanosine-3',5'-bis pyrophosphate 3'-pyrophosphohydrolase [Shigella flexneri]
spoT	WP_128881450	K662I	662	662	K	I	K	K	99.858	100.0	702	702	702	1459.0	MULTISPECIES: bifunctional GTP diphosphokinase/guanosine-3',5'-bis pyrophosphate 3'-pyrophosphohydrolase [Enterobacteriaceae]
spoT	WP_433345239	K662I	662	662	K	I	K	K	99.858	100.0	702	702	702	1459.0	bifunctional GTP diphosphokinase/guanosine-3',5'-bis pyrophosphate 3'-pyrophosphohydrolase [Escherichia coli]
spoT	WP_353522474	K662I	662	662	K	I	K	K	99.858	100.0	702	702	702	1459.0	bifunctional GTP diphosphokinase/guanosine-3',5'-bis pyrophosphate 3'-pyrophosphohydrolase [Escherichia coli]
spoT	WP_421502637	K662I	662	662	K	I	K	K	99.858	100.0	702	702	702	1459.0	bifunctional GTP diphosphokinase/guanosine-3',5'-bis pyrophosphate 3'-pyrophosphohydrolase [Escherichia coli]
spoT	WP_105455376	K662I	662	662	K	I	K	K	99.858	100.0	702	702	702	1459.0	bifunctional GTP diphosphokinase/guanosine-3',5'-bis pyrophosphate 3'-pyrophosphohydrolase [Escherichia coli]
spoT	WP_052975975	K662I	662	662	K	I	K	K	99.858	100.0	702	702	702	1459.0	bifunctional GTP diphosphokinase/guanosine-3',5'-bis pyrophosphate 3'-pyrophosphohydrolase [Shigella sonnei]
spoT	WP_101972777	K662I	662	662	K	I	K	K	99.858	100.0	702	702	702	1459.0	bifunctional GTP diphosphokinase/guanosine-3',5'-bis pyrophosphate 3'-pyrophosphohydrolase [Escherichia coli]
spoT	WP_180391809	K662I	662	662	K	I	K	K	99.858	100.0	702	702	702	1459.0	bifunctional GTP diphosphokinase/guanosine-3',5'-bis pyrophosphate 3'-pyrophosphohydrolase [Escherichia coli]
spoT	WP_097726577	K662I	662	662	K	I	K	K	99.858	100.0	702	702	702	1459.0	bifunctional GTP diphosphokinase/guanosine-3',5'-bis pyrophosphate 3'-pyrophosphohydrolase [Escherichia coli]
spoT	WP_057696466	K662I	662	662	K	I	K	K	99.858	100.0	702	702	702	1459.0	bifunctional GTP diphosphokinase/guanosine-3',5'-bis pyrophosphate 3'-pyrophosphohydrolase [Escherichia coli]
spoT	WP_121844085	K662I	662	662	K	I	K	K	99.858	100.0	702	702	702	1459.0	bifunctional GTP diphosphokinase/guanosine-3',5'-bis pyrophosphate 3'-pyrophosphohydrolase [Escherichia coli]
spoT	WP_137586143	K662I	662	662	K	I	K	K	99.858	100.0	702	702	702	1459.0	bifunctional GTP diphosphokinase/guanosine-3',5'-bis pyrophosphate 3'-pyrophosphohydrolase [Escherichia coli]
spoT	WP_134804618	K662I	662	662	K	I	K	K	99.858	100.0	702	702	702	1459.0	bifunctional GTP diphosphokinase/guanosine-3',5'-bis pyrophosphate 3'-pyrophosphohydrolase [Escherichia coli]
spoT	WP_112024811	K662I	662	662	K	I	K	K	99.858	100.0	702	702	702	1459.0	bifunctional GTP diphosphokinase/guanosine-3',5'-bis pyrophosphate 3'-pyrophosphohydrolase [Escherichia coli]
spoT	WP_096851568	K662I	662	662	K	I	K	K	99.858	100.0	702	702	702	1459.0	bifunctional GTP diphosphokinase/guanosine-3',5'-bis pyrophosphate 3'-pyrophosphohydrolase [Escherichia coli]
spoT	WP_040061793	K662I	662	662	K	I	K	K	99.858	100.0	702	702	702	1459.0	bifunctional GTP diphosphokinase/guanosine-3',5'-bis pyrophosphate 3'-pyrophosphohydrolase [Escherichia coli]
spoT	WP_096040603	K662I	662	662	K	I	K	K	99.858	100.0	702	702	702	1459.0	bifunctional GTP diphosphokinase/guanosine-3',5'-bis pyrophosphate 3'-pyrophosphohydrolase [Escherichia coli]
spoT	WP_396018646	K662I	662	662	K	I	K	K	99.858	100.0	702	702	702	1459.0	bifunctional GTP diphosphokinase/guanosine-3',5'-bis pyrophosphate 3'-pyrophosphohydrolase [Escherichia coli]
spoT	WP_180464626	K662I	662	662	K	I	K	K	99.858	100.0	702	702	702	1459.0	bifunctional GTP diphosphokinase/guanosine-3',5'-bis pyrophosphate 3'-pyrophosphohydrolase [Escherichia coli]
spoT	WP_061301374	K662I	662	662	K	I	K	K	99.858	100.0	702	702	702	1459.0	bifunctional GTP diphosphokinase/guanosine-3',5'-bis pyrophosphate 3'-pyrophosphohydrolase [Escherichia coli]
spoT	WP_112044746	K662I	662	662	K	I	K	K	99.858	100.0	702	702	702	1459.0	bifunctional GTP diphosphokinase/guanosine-3',5'-bis pyrophosphate 3'-pyrophosphohydrolase [Escherichia coli]
spoT	WP_271243395	K662I	662	662	K	I	K	K	99.858	100.0	702	702	702	1459.0	bifunctional GTP diphosphokinase/guanosine-3',5'-bis pyrophosphate 3'-pyrophosphohydrolase [Escherichia coli]
spoT	WP_342090105	K662I	662	662	K	I	K	K	99.858	100.0	702	702	702	1459.0	bifunctional GTP diphosphokinase/guanosine-3',5'-bis pyrophosphate 3'-pyrophosphohydrolase [Escherichia coli]
spoT	WP_311235905	K662I	662	662	K	I	K	K	99.858	100.0	702	702	702	1459.0	bifunctional GTP diphosphokinase/guanosine-3',5'-bis pyrophosphate 3'-pyrophosphohydrolase [Escherichia coli]
spoT	WP_021539329	K662I	662	662	K	I	K	K	99.858	100.0	702	702	702	1459.0	bifunctional GTP diphosphokinase/guanosine-3',5'-bis pyrophosphate 3'-pyrophosphohydrolase [Escherichia coli]
spoT	WP_249987776	K662I	662	662	K	I	K	K	99.858	100.0	702	702	702	1459.0	bifunctional GTP diphosphokinase/guanosine-3',5'-bis pyrophosphate 3'-pyrophosphohydrolase [Escherichia coli]
spoT	WP_482450148	K662I	662	662	K	I	K	K	99.858	100.0	702	702	702	1459.0	N/A
spoT	WP_000280496	K662I	662	662	K	I	K	K	99.858	100.0	702	702	702	1459.0	bifunctional GTP diphosphokinase/guanosine-3',5'-bis pyrophosphate 3'-pyrophosphohydrolase [Escherichia coli]
spoT	WP_438385461	K662I	662	662	K	I	K	K	99.858	100.0	702	702	702	1459.0	bifunctional GTP diphosphokinase/guanosine-3',5'-bis pyrophosphate 3'-pyrophosphohydrolase [Escherichia coli]
spoT	WP_088551656	K662I	662	662	K	I	K	K	99.858	100.0	702	702	702	1459.0	bifunctional GTP diphosphokinase/guanosine-3',5'-bis pyrophosphate 3'-pyrophosphohydrolase [Escherichia coli]
spoT	WP_064193734	K662I	662	662	K	I	K	K	99.858	100.0	702	702	702	1459.0	bifunctional GTP diphosphokinase/guanosine-3',5'-bis pyrophosphate 3'-pyrophosphohydrolase [Shigella flexneri]
spoT	WP_064559292	K662I	662	662	K	I	K	K	99.858	100.0	702	702	702	1459.0	bifunctional GTP diphosphokinase/guanosine-3',5'-bis pyrophosphate 3'-pyrophosphohydrolase [Escherichia coli]
spoT	WP_094392419	K662I	662	662	K	I	K	K	99.858	100.0	702	702	702	1459.0	bifunctional GTP diphosphokinase/guanosine-3',5'-bis pyrophosphate 3'-pyrophosphohydrolase [Escherichia coli]
spoT	WP_181462079	K662I	662	662	K	I	K	K	99.858	100.0	702	702	702	1459.0	bifunctional GTP diphosphokinase/guanosine-3',5'-bis pyrophosphate 3'-pyrophosphohydrolase [Escherichia coli]
spoT	WP_134266564	K662I	662	662	K	I	K	K	99.858	100.0	702	702	702	1459.0	bifunctional GTP diphosphokinase/guanosine-3',5'-bis pyrophosphate 3'-pyrophosphohydrolase [Escherichia coli]
spoT	WP_053885498	K662I	662	662	K	I	K	K	99.858	100.0	702	702	702	1459.0	bifunctional GTP diphosphokinase/guanosine-3',5'-bis pyrophosphate 3'-pyrophosphohydrolase [Escherichia coli]
spoT	WP_247117812	K662I	662	662	K	I	K	K	99.858	100.0	702	702	702	1459.0	bifunctional GTP diphosphokinase/guanosine-3',5'-bis pyrophosphate 3'-pyrophosphohydrolase [Escherichia coli]
spoT	WP_047643659	K662I	662	662	K	I	K	K	99.858	100.0	702	702	702	1459.0	bifunctional GTP diphosphokinase/guanosine-3',5'-bis pyrophosphate 3'-pyrophosphohydrolase [Escherichia coli]
spoT	WP_316443265	K662I	662	662	K	I	K	K	99.858	100.0	702	702	702	1459.0	bifunctional GTP diphosphokinase/guanosine-3',5'-bis pyrophosphate 3'-pyrophosphohydrolase [Escherichia coli]
spoT	WP_180431570	K662I	662	662	K	I	K	K	99.858	100.0	702	702	702	1459.0	bifunctional GTP diphosphokinase/guanosine-3',5'-bis pyrophosphate 3'-pyrophosphohydrolase [Escherichia coli]
spoT	WP_446498022	K662I	662	662	K	I	K	K	99.858	100.0	702	702	702	1459.0	bifunctional GTP diphosphokinase/guanosine-3',5'-bis pyrophosphate 3'-pyrophosphohydrolase [Escherichia coli]
spoT	WP_194152475	K662I	662	662	K	I	K	K	99.858	100.0	702	702	702	1459.0	bifunctional GTP diphosphokinase/guanosine-3',5'-bis pyrophosphate 3'-pyrophosphohydrolase [Escherichia coli]
spoT	WP_047090092	K662I	662	662	K	I	K	K	99.858	100.0	702	702	702	1459.0	bifunctional GTP diphosphokinase/guanosine-3',5'-bis pyrophosphate 3'-pyrophosphohydrolase [Escherichia coli]
spoT	WP_001461755	K662I	662	662	K	I	K	K	99.858	100.0	702	702	702	1459.0	bifunctional GTP diphosphokinase/guanosine-3',5'-bis pyrophosphate 3'-pyrophosphohydrolase [Escherichia coli]
spoT	WP_170901466	K662I	662	662	K	I	K	K	99.858	100.0	702	702	702	1459.0	bifunctional GTP diphosphokinase/guanosine-3',5'-bis pyrophosphate 3'-pyrophosphohydrolase [Escherichia coli]
spoT	WP_068858777	K662I	662	662	K	I	K	K	99.858	100.0	702	702	702	1458.0	bifunctional GTP diphosphokinase/guanosine-3',5'-bis pyrophosphate 3'-pyrophosphohydrolase [Escherichia coli]
spoT	WP_100032820	K662I	662	662	K	I	K	K	99.858	100.0	702	702	702	1458.0	bifunctional GTP diphosphokinase/guanosine-3',5'-bis pyrophosphate 3'-pyrophosphohydrolase [Escherichia coli]
spoT	WP_234743730	K662I	662	662	K	I	K	K	99.858	100.0	702	702	702	1458.0	bifunctional GTP diphosphokinase/guanosine-3',5'-bis pyrophosphate 3'-pyrophosphohydrolase [Escherichia coli]
spoT	WP_228569542	K662I	662	662	K	I	K	K	99.858	100.0	702	702	702	1458.0	bifunctional GTP diphosphokinase/guanosine-3',5'-bis pyrophosphate 3'-pyrophosphohydrolase [Escherichia coli]
spoT	WP_133279784	K662I	662	662	K	I	K	K	99.715	100.0	702	702	702	1458.0	bifunctional GTP diphosphokinase/guanosine-3',5'-bis pyrophosphate 3'-pyrophosphohydrolase [Escherichia coli]
spoT	WP_226204070	K662I	662	662	K	I	K	K	99.858	100.0	702	702	702	1458.0	bifunctional GTP diphosphokinase/guanosine-3',5'-bis pyrophosphate 3'-pyrophosphohydrolase [Escherichia coli]
spoT	WP_271090495	K662I	662	662	K	I	K	K	99.858	100.0	702	702	702	1458.0	bifunctional GTP diphosphokinase/guanosine-3',5'-bis pyrophosphate 3'-pyrophosphohydrolase [Escherichia coli]
spoT	WP_266212150	K662I	662	662	K	I	K	K	99.858	100.0	702	702	702	1458.0	bifunctional GTP diphosphokinase/guanosine-3',5'-bis pyrophosphate 3'-pyrophosphohydrolase [Escherichia coli]
spoT	WP_097311990	K662I	662	662	K	I	K	K	99.858	100.0	702	702	702	1458.0	bifunctional GTP diphosphokinase/guanosine-3',5'-bis pyrophosphate 3'-pyrophosphohydrolase [Escherichia coli]
spoT	WP_447305001	K662I	662	662	K	I	K	K	99.858	100.0	702	702	702	1458.0	bifunctional GTP diphosphokinase/guanosine-3',5'-bis pyrophosphate 3'-pyrophosphohydrolase [Escherichia coli]
spoT	WP_241216753	K662I	662	662	K	I	K	K	99.858	100.0	702	702	702	1458.0	bifunctional GTP diphosphokinase/guanosine-3',5'-bis pyrophosphate 3'-pyrophosphohydrolase [Escherichia coli]
spoT	WP_435541349	K662I	662	662	K	I	K	K	99.858	100.0	702	702	702	1458.0	bifunctional GTP diphosphokinase/guanosine-3',5'-bis pyrophosphate 3'-pyrophosphohydrolase [Escherichia coli]
spoT	WP_060588564	K662I	662	662	K	I	K	K	99.858	100.0	702	702	702	1458.0	bifunctional GTP diphosphokinase/guanosine-3',5'-bis pyrophosphate 3'-pyrophosphohydrolase [Escherichia coli]
spoT	WP_482890891	K662I	662	662	K	I	K	K	99.858	100.0	702	702	702	1458.0	N/A
spoT	WP_274657865	K662I	662	662	K	I	K	K	99.858	100.0	702	702	702	1458.0	bifunctional GTP diphosphokinase/guanosine-3',5'-bis pyrophosphate 3'-pyrophosphohydrolase [Escherichia coli]
spoT	WP_053006041	K662I	662	662	K	I	K	K	99.858	100.0	702	702	702	1458.0	bifunctional GTP diphosphokinase/guanosine-3',5'-bis pyrophosphate 3'-pyrophosphohydrolase [Shigella sonnei]
spoT	WP_001656030	K662I	662	662	K	I	K	K	99.715	100.0	702	702	702	1458.0	bifunctional GTP diphosphokinase/guanosine-3',5'-bis pyrophosphate 3'-pyrophosphohydrolase [Escherichia coli]
spoT	WP_052987903	K662I	662	662	K	I	K	K	99.858	100.0	702	702	702	1458.0	MULTISPECIES: bifunctional GTP diphosphokinase/guanosine-3',5'-bis pyrophosphate 3'-pyrophosphohydrolase [Enterobacteriaceae]
spoT	WP_258720158	K662I	662	662	K	I	K	K	99.858	100.0	702	702	702	1458.0	bifunctional GTP diphosphokinase/guanosine-3',5'-bis pyrophosphate 3'-pyrophosphohydrolase [Escherichia coli]
spoT	WP_225089315	K662I	662	662	K	I	K	K	99.858	100.0	702	702	702	1458.0	bifunctional GTP diphosphokinase/guanosine-3',5'-bis pyrophosphate 3'-pyrophosphohydrolase [Escherichia coli]
spoT	WP_136762574	K662I	662	662	K	I	K	K	99.858	100.0	702	702	702	1458.0	bifunctional GTP diphosphokinase/guanosine-3',5'-bis pyrophosphate 3'-pyrophosphohydrolase [Escherichia coli]
spoT	WP_105478997	K662I	662	662	K	I	K	K	99.858	100.0	702	702	702	1458.0	bifunctional GTP diphosphokinase/guanosine-3',5'-bis pyrophosphate 3'-pyrophosphohydrolase [Escherichia coli]
spoT	WP_182567076	K662I	662	662	K	I	K	K	99.858	100.0	702	702	702	1458.0	bifunctional GTP diphosphokinase/guanosine-3',5'-bis pyrophosphate 3'-pyrophosphohydrolase [Escherichia coli]
spoT	WP_180513025	K662I	662	662	K	I	K	K	99.858	100.0	702	702	702	1458.0	bifunctional GTP diphosphokinase/guanosine-3',5'-bis pyrophosphate 3'-pyrophosphohydrolase [Escherichia coli]
spoT	WP_101184079	K662I	662	662	K	I	K	K	99.858	100.0	702	702	702	1458.0	bifunctional GTP diphosphokinase/guanosine-3',5'-bis pyrophosphate 3'-pyrophosphohydrolase [Escherichia coli]
spoT	WP_243571076	K662I	662	662	K	I	K	K	99.858	100.0	702	702	702	1458.0	bifunctional GTP diphosphokinase/guanosine-3',5'-bis pyrophosphate 3'-pyrophosphohydrolase [Escherichia coli]
spoT	WP_097454239	K662I	662	662	K	I	K	K	99.858	100.0	702	702	702	1458.0	bifunctional GTP diphosphokinase/guanosine-3',5'-bis pyrophosphate 3'-pyrophosphohydrolase [Escherichia coli]
spoT	WP_459641689	K662I	662	662	K	I	K	K	99.858	100.0	702	702	702	1458.0	N/A
spoT	WP_277386858	K662I	662	662	K	I	K	K	99.858	100.0	702	702	702	1458.0	bifunctional GTP diphosphokinase/guanosine-3',5'-bis pyrophosphate 3'-pyrophosphohydrolase [Escherichia coli]
spoT	WP_121856234	K662I	662	662	K	I	K	K	99.858	100.0	702	702	702	1458.0	bifunctional GTP diphosphokinase/guanosine-3',5'-bis pyrophosphate 3'-pyrophosphohydrolase [Escherichia coli]
spoT	WP_242925449	K662I	662	662	K	I	K	K	99.858	100.0	702	702	702	1458.0	bifunctional GTP diphosphokinase/guanosine-3',5'-bis pyrophosphate 3'-pyrophosphohydrolase [Escherichia coli]
spoT	WP_243052345	K662I	662	662	K	I	K	K	99.858	100.0	702	702	702	1458.0	bifunctional GTP diphosphokinase/guanosine-3',5'-bis pyrophosphate 3'-pyrophosphohydrolase [Escherichia coli]
spoT	WP_165410430	K662I	662	662	K	I	K	K	99.858	100.0	702	702	702	1458.0	bifunctional GTP diphosphokinase/guanosine-3',5'-bis pyrophosphate 3'-pyrophosphohydrolase [Escherichia coli]
spoT	WP_072663228	K662I	662	662	K	I	K	K	99.858	100.0	702	702	702	1458.0	bifunctional GTP diphosphokinase/guanosine-3',5'-bis pyrophosphate 3'-pyrophosphohydrolase [Escherichia coli]
spoT	WP_001739703	K662I	662	662	K	I	K	K	99.858	100.0	702	702	702	1458.0	MULTISPECIES: bifunctional GTP diphosphokinase/guanosine-3',5'-bis pyrophosphate 3'-pyrophosphohydrolase [Enterobacteriaceae]
spoT	WP_264687573	K662I	662	662	K	I	K	K	99.858	100.0	702	702	702	1458.0	bifunctional GTP diphosphokinase/guanosine-3',5'-bis pyrophosphate 3'-pyrophosphohydrolase [Escherichia coli]
spoT	WP_347032658	K662I	662	662	K	I	K	K	99.858	100.0	702	702	702	1458.0	bifunctional GTP diphosphokinase/guanosine-3',5'-bis pyrophosphate 3'-pyrophosphohydrolase [Escherichia coli]
spoT	WP_166432022	K662I	662	662	K	I	K	K	99.858	100.0	702	702	702	1458.0	bifunctional GTP diphosphokinase/guanosine-3',5'-bis pyrophosphate 3'-pyrophosphohydrolase [Escherichia coli]
spoT	WP_337082605	K662I	662	662	K	I	K	K	99.858	100.0	702	702	702	1458.0	bifunctional GTP diphosphokinase/guanosine-3',5'-bis pyrophosphate 3'-pyrophosphohydrolase [Escherichia coli]
spoT	WP_001395045	K662I	662	662	K	I	K	K	99.858	100.0	702	702	702	1458.0	bifunctional GTP diphosphokinase/guanosine-3',5'-bis pyrophosphate 3'-pyrophosphohydrolase [Escherichia coli]
spoT	WP_021563252	K662I	662	662	K	I	K	K	99.858	100.0	702	702	702	1458.0	bifunctional GTP diphosphokinase/guanosine-3',5'-bis pyrophosphate 3'-pyrophosphohydrolase [Escherichia coli]
spoT	WP_227924740	K662I	662	662	K	I	K	K	99.858	100.0	702	702	702	1458.0	bifunctional GTP diphosphokinase/guanosine-3',5'-bis pyrophosphate 3'-pyrophosphohydrolase [Escherichia coli]
spoT	WP_464935106	K662I	662	662	K	I	K	K	99.858	100.0	702	702	702	1458.0	N/A
spoT	WP_159197624	K662I	662	662	K	I	K	K	99.858	100.0	702	702	702	1458.0	bifunctional GTP diphosphokinase/guanosine-3',5'-bis pyrophosphate 3'-pyrophosphohydrolase [Escherichia coli]
spoT	WP_113898202	K662I	662	662	K	I	K	K	99.858	100.0	702	702	702	1458.0	bifunctional GTP diphosphokinase/guanosine-3',5'-bis pyrophosphate 3'-pyrophosphohydrolase [Escherichia coli]
spoT	WP_368020978	K662I	662	662	K	I	K	K	99.858	100.0	702	702	702	1458.0	bifunctional GTP diphosphokinase/guanosine-3',5'-bis pyrophosphate 3'-pyrophosphohydrolase [Escherichia coli]
spoT	WP_072665114	K662I	662	662	K	I	K	K	99.715	100.0	702	702	702	1458.0	bifunctional GTP diphosphokinase/guanosine-3',5'-bis pyrophosphate 3'-pyrophosphohydrolase [Escherichia coli]
spoT	WP_097921118	K662I	662	662	K	I	K	K	99.858	100.0	702	702	702	1458.0	bifunctional GTP diphosphokinase/guanosine-3',5'-bis pyrophosphate 3'-pyrophosphohydrolase [Escherichia coli]
spoT	WP_032153995	K662I	662	662	K	I	K	K	99.715	100.0	702	702	702	1458.0	bifunctional GTP diphosphokinase/guanosine-3',5'-bis pyrophosphate 3'-pyrophosphohydrolase [Escherichia coli]
spoT	WP_098723155	K662I	662	662	K	I	K	K	99.858	100.0	702	702	702	1458.0	bifunctional GTP diphosphokinase/guanosine-3',5'-bis pyrophosphate 3'-pyrophosphohydrolase [Escherichia coli]
spoT	WP_000280483	K662I	662	662	K	I	K	K	99.858	100.0	702	702	702	1458.0	bifunctional GTP diphosphokinase/guanosine-3',5'-bis pyrophosphate 3'-pyrophosphohydrolase [Escherichia coli]
spoT	WP_225090668	K662I	662	662	K	I	K	K	99.858	100.0	702	702	702	1458.0	bifunctional GTP diphosphokinase/guanosine-3',5'-bis pyrophosphate 3'-pyrophosphohydrolase [Escherichia coli]
spoT	WP_182916791	K662I	662	662	K	I	K	K	99.715	100.0	702	702	702	1458.0	bifunctional GTP diphosphokinase/guanosine-3',5'-bis pyrophosphate 3'-pyrophosphohydrolase [Escherichia coli]
spoT	WP_203077795	K662I	662	662	K	I	K	K	99.858	100.0	702	702	702	1458.0	bifunctional GTP diphosphokinase/guanosine-3',5'-bis pyrophosphate 3'-pyrophosphohydrolase [Escherichia coli]
spoT	WP_137551683	K662I	662	662	K	I	K	K	99.858	100.0	702	702	702	1458.0	bifunctional GTP diphosphokinase/guanosine-3',5'-bis pyrophosphate 3'-pyrophosphohydrolase [Escherichia coli]
spoT	WP_001647778	K662I	662	662	K	I	K	K	99.858	100.0	702	702	702	1458.0	bifunctional GTP diphosphokinase/guanosine-3',5'-bis pyrophosphate 3'-pyrophosphohydrolase [Escherichia coli]
spoT	WP_001717027	K662I	662	662	K	I	K	K	99.858	100.0	702	702	702	1458.0	bifunctional GTP diphosphokinase/guanosine-3',5'-bis pyrophosphate 3'-pyrophosphohydrolase [Escherichia coli]
spoT	WP_353521906	K662I	662	662	K	I	K	K	99.858	100.0	702	702	702	1458.0	bifunctional GTP diphosphokinase/guanosine-3',5'-bis pyrophosphate 3'-pyrophosphohydrolase [Escherichia coli]
spoT	WP_087902784	K662I	662	662	K	I	K	K	99.858	100.0	702	702	702	1458.0	bifunctional GTP diphosphokinase/guanosine-3',5'-bis pyrophosphate 3'-pyrophosphohydrolase [Escherichia coli]
spoT	WP_113316923	K662I	662	662	K	I	K	K	99.715	100.0	702	702	702	1458.0	bifunctional GTP diphosphokinase/guanosine-3',5'-bis pyrophosphate 3'-pyrophosphohydrolase [Escherichia coli]
spoT	WP_166498577	K662I	662	662	K	I	K	K	99.858	100.0	702	702	702	1458.0	bifunctional GTP diphosphokinase/guanosine-3',5'-bis pyrophosphate 3'-pyrophosphohydrolase [Escherichia coli]
spoT	WP_137530813	K662I	662	662	K	I	K	K	99.858	100.0	702	702	702	1458.0	bifunctional GTP diphosphokinase/guanosine-3',5'-bis pyrophosphate 3'-pyrophosphohydrolase [Escherichia coli]
spoT	WP_427815046	K662I	662	662	K	I	K	K	99.858	100.0	702	702	702	1458.0	bifunctional GTP diphosphokinase/guanosine-3',5'-bis pyrophosphate 3'-pyrophosphohydrolase [Escherichia coli]
spoT	WP_260838156	K662I	662	662	K	I	K	K	99.858	100.0	702	702	702	1458.0	bifunctional GTP diphosphokinase/guanosine-3',5'-bis pyrophosphate 3'-pyrophosphohydrolase [Escherichia coli]
spoT	WP_421518616	K662I	662	662	K	I	K	K	99.858	100.0	702	702	702	1458.0	bifunctional GTP diphosphokinase/guanosine-3',5'-bis pyrophosphate 3'-pyrophosphohydrolase [Escherichia coli]
spoT	WP_241552918	K662I	662	662	K	I	K	K	99.715	100.0	702	702	702	1458.0	bifunctional GTP diphosphokinase/guanosine-3',5'-bis pyrophosphate 3'-pyrophosphohydrolase [Escherichia coli]
spoT	WP_400247786	K662I	662	662	K	I	K	K	99.715	100.0	702	702	702	1458.0	bifunctional GTP diphosphokinase/guanosine-3',5'-bis pyrophosphate 3'-pyrophosphohydrolase [Escherichia coli]
spoT	WP_410239770	K662I	662	662	K	I	K	K	99.858	100.0	702	702	702	1458.0	bifunctional GTP diphosphokinase/guanosine-3',5'-bis pyrophosphate 3'-pyrophosphohydrolase [Escherichia sp. WS1088]
spoT	WP_089695885	K662I	662	662	K	I	K	K	99.715	100.0	702	702	702	1458.0	bifunctional GTP diphosphokinase/guanosine-3',5'-bis pyrophosphate 3'-pyrophosphohydrolase [Escherichia coli]
spoT	WP_137522468	K662I	662	662	K	I	K	K	99.858	100.0	702	702	702	1458.0	bifunctional GTP diphosphokinase/guanosine-3',5'-bis pyrophosphate 3'-pyrophosphohydrolase [Escherichia coli]
spoT	WP_129019130	K662I	662	662	K	I	K	K	99.858	100.0	702	702	702	1458.0	bifunctional GTP diphosphokinase/guanosine-3',5'-bis pyrophosphate 3'-pyrophosphohydrolase [Escherichia coli]
spoT	WP_001467724	K662I	662	662	K	I	K	K	99.858	100.0	702	702	702	1458.0	bifunctional GTP diphosphokinase/guanosine-3',5'-bis pyrophosphate 3'-pyrophosphohydrolase [Escherichia coli]
spoT	WP_042107209	K662I	662	662	K	I	K	K	99.715	100.0	702	702	702	1458.0	bifunctional GTP diphosphokinase/guanosine-3',5'-bis pyrophosphate 3'-pyrophosphohydrolase [Escherichia coli]
spoT	WP_142437866	K662I	662	662	K	I	K	K	99.715	100.0	702	702	702	1458.0	bifunctional GTP diphosphokinase/guanosine-3',5'-bis pyrophosphate 3'-pyrophosphohydrolase [Escherichia coli]
spoT	WP_180488978	K662I	662	662	K	I	K	K	99.858	100.0	702	702	702	1458.0	bifunctional GTP diphosphokinase/guanosine-3',5'-bis pyrophosphate 3'-pyrophosphohydrolase [Escherichia coli]
spoT	WP_001392833	K662I	662	662	K	I	K	K	99.858	100.0	702	702	702	1458.0	bifunctional GTP diphosphokinase/guanosine-3',5'-bis pyrophosphate 3'-pyrophosphohydrolase [Escherichia coli]
spoT	WP_421520542	K662I	662	662	K	I	K	K	99.715	100.0	702	702	702	1458.0	bifunctional GTP diphosphokinase/guanosine-3',5'-bis pyrophosphate 3'-pyrophosphohydrolase [Escherichia coli]
spoT	WP_282618260	K662I	662	662	K	I	K	K	99.715	100.0	702	702	702	1458.0	bifunctional GTP diphosphokinase/guanosine-3',5'-bis pyrophosphate 3'-pyrophosphohydrolase [Escherichia coli]
spoT	WP_196613494	K662I	662	662	K	I	K	K	99.858	100.0	702	702	702	1458.0	MULTISPECIES: bifunctional GTP diphosphokinase/guanosine-3',5'-bis pyrophosphate 3'-pyrophosphohydrolase [Enterobacteriaceae]
spoT	WP_431712552	K662I	662	662	K	I	K	K	99.858	100.0	702	702	702	1458.0	bifunctional GTP diphosphokinase/guanosine-3',5'-bis pyrophosphate 3'-pyrophosphohydrolase [Escherichia coli]
spoT	WP_224727472	K662I	662	662	K	I	K	K	99.858	100.0	702	702	702	1458.0	bifunctional GTP diphosphokinase/guanosine-3',5'-bis pyrophosphate 3'-pyrophosphohydrolase [Escherichia coli]
spoT	WP_001568541	K662I	662	662	K	I	K	K	99.858	100.0	702	702	702	1458.0	bifunctional GTP diphosphokinase/guanosine-3',5'-bis pyrophosphate 3'-pyrophosphohydrolase [Escherichia coli]
spoT	WP_001472537	K662I	662	662	K	I	K	K	99.858	100.0	702	702	702	1458.0	bifunctional GTP diphosphokinase/guanosine-3',5'-bis pyrophosphate 3'-pyrophosphohydrolase [Escherichia coli]
spoT	WP_417716176	K662I	662	662	K	I	K	K	99.858	100.0	702	702	702	1458.0	bifunctional GTP diphosphokinase/guanosine-3',5'-bis pyrophosphate 3'-pyrophosphohydrolase [Escherichia coli]
spoT	WP_032331069	K662I	662	662	K	I	K	K	99.858	100.0	702	702	702	1458.0	bifunctional GTP diphosphokinase/guanosine-3',5'-bis pyrophosphate 3'-pyrophosphohydrolase [Escherichia coli]
spoT	WP_159139986	K662I	662	662	K	I	K	K	99.858	100.0	702	702	702	1458.0	bifunctional GTP diphosphokinase/guanosine-3',5'-bis pyrophosphate 3'-pyrophosphohydrolase [Escherichia coli]
spoT	WP_112041534	K662I	662	662	K	I	K	K	99.858	100.0	702	702	702	1458.0	bifunctional GTP diphosphokinase/guanosine-3',5'-bis pyrophosphate 3'-pyrophosphohydrolase [Escherichia coli]
spoT	WP_103721763	K662I	662	662	K	I	K	K	99.715	100.0	702	702	702	1458.0	bifunctional GTP diphosphokinase/guanosine-3',5'-bis pyrophosphate 3'-pyrophosphohydrolase [Escherichia coli]
spoT	WP_240092213	K662I	662	662	K	I	K	K	99.858	100.0	702	702	702	1458.0	bifunctional GTP diphosphokinase/guanosine-3',5'-bis pyrophosphate 3'-pyrophosphohydrolase [Escherichia coli]
spoT	WP_172695247	K662I	662	662	K	I	K	K	99.858	100.0	702	702	702	1458.0	bifunctional GTP diphosphokinase/guanosine-3',5'-bis pyrophosphate 3'-pyrophosphohydrolase [Escherichia coli]
spoT	WP_003923332	K662I	662	662	K	I	K	K	99.858	100.0	702	702	702	1458.0	bifunctional GTP diphosphokinase/guanosine-3',5'-bis pyrophosphate 3'-pyrophosphohydrolase [Escherichia coli]
spoT	WP_105466176	K662I	662	662	K	I	K	K	99.858	100.0	702	702	702	1458.0	bifunctional GTP diphosphokinase/guanosine-3',5'-bis pyrophosphate 3'-pyrophosphohydrolase [Escherichia coli]
spoT	WP_001662066	K662I	662	662	K	I	K	K	99.858	100.0	702	702	702	1458.0	bifunctional GTP diphosphokinase/guanosine-3',5'-bis pyrophosphate 3'-pyrophosphohydrolase [Escherichia coli]
spoT	WP_259425946	K662I	662	662	K	I	K	K	99.715	100.0	702	702	702	1458.0	bifunctional GTP diphosphokinase/guanosine-3',5'-bis pyrophosphate 3'-pyrophosphohydrolase [Escherichia coli]
spoT	WP_100013371	K662I	662	662	K	I	K	K	99.858	100.0	702	702	702	1458.0	bifunctional GTP diphosphokinase/guanosine-3',5'-bis pyrophosphate 3'-pyrophosphohydrolase [Escherichia coli]
spoT	WP_097474959	K662I	662	662	K	I	K	K	99.858	100.0	702	702	702	1458.0	bifunctional GTP diphosphokinase/guanosine-3',5'-bis pyrophosphate 3'-pyrophosphohydrolase [Escherichia coli]
spoT	WP_106878650	K662I	662	662	K	I	K	K	99.858	100.0	702	702	702	1458.0	bifunctional GTP diphosphokinase/guanosine-3',5'-bis pyrophosphate 3'-pyrophosphohydrolase [Escherichia coli]
spoT	WP_353526767	K662I	662	662	K	I	K	K	99.858	100.0	702	702	702	1458.0	bifunctional GTP diphosphokinase/guanosine-3',5'-bis pyrophosphate 3'-pyrophosphohydrolase [Escherichia coli]
spoT	WP_205866223	K662I	662	662	K	I	K	K	99.715	100.0	702	702	702	1458.0	bifunctional GTP diphosphokinase/guanosine-3',5'-bis pyrophosphate 3'-pyrophosphohydrolase [Escherichia coli]
spoT	WP_128448173	K662I	662	662	K	I	K	K	99.858	100.0	702	702	702	1458.0	bifunctional GTP diphosphokinase/guanosine-3',5'-bis pyrophosphate 3'-pyrophosphohydrolase [Escherichia coli]
spoT	WP_241087792	K662I	662	662	K	I	K	K	99.858	100.0	702	702	702	1458.0	bifunctional GTP diphosphokinase/guanosine-3',5'-bis pyrophosphate 3'-pyrophosphohydrolase [Escherichia coli]
spoT	WP_218078116	K662I	662	662	K	I	K	K	99.858	100.0	702	702	702	1458.0	bifunctional GTP diphosphokinase/guanosine-3',5'-bis pyrophosphate 3'-pyrophosphohydrolase [Escherichia coli]
spoT	WP_437263599	K662I	662	662	K	I	K	K	99.715	100.0	702	702	702	1457.0	bifunctional GTP diphosphokinase/guanosine-3',5'-bis pyrophosphate 3'-pyrophosphohydrolase [Escherichia coli]
spoT	WP_413932085	K662I	662	662	K	I	K	K	99.715	100.0	702	702	702	1457.0	bifunctional GTP diphosphokinase/guanosine-3',5'-bis pyrophosphate 3'-pyrophosphohydrolase [Escherichia coli]
spoT	WP_062859373	K662I	662	662	K	I	K	K	99.858	100.0	702	702	702	1457.0	bifunctional GTP diphosphokinase/guanosine-3',5'-bis pyrophosphate 3'-pyrophosphohydrolase [Escherichia coli]
spoT	WP_322205896	K662I	662	662	K	I	K	K	99.715	100.0	702	702	702	1457.0	bifunctional GTP diphosphokinase/guanosine-3',5'-bis pyrophosphate 3'-pyrophosphohydrolase [Escherichia coli]
spoT	WP_130091424	K662I	662	662	K	I	K	K	99.715	100.0	702	702	702	1457.0	bifunctional GTP diphosphokinase/guanosine-3',5'-bis pyrophosphate 3'-pyrophosphohydrolase [Escherichia coli]
spoT	WP_262934701	K662I	662	662	K	I	K	K	99.715	100.0	702	702	702	1457.0	bifunctional GTP diphosphokinase/guanosine-3',5'-bis pyrophosphate 3'-pyrophosphohydrolase [Escherichia coli]
spoT	WP_277473381	K662I	662	662	K	I	K	K	99.715	100.0	702	702	702	1457.0	bifunctional GTP diphosphokinase/guanosine-3',5'-bis pyrophosphate 3'-pyrophosphohydrolase [Escherichia coli]
spoT	WP_001406207	K662I	662	662	K	I	K	K	99.858	100.0	702	702	702	1457.0	bifunctional GTP diphosphokinase/guanosine-3',5'-bis pyrophosphate 3'-pyrophosphohydrolase [Escherichia coli]
spoT	WP_261630272	K662I	662	662	K	I	K	K	99.715	100.0	702	702	702	1457.0	bifunctional GTP diphosphokinase/guanosine-3',5'-bis pyrophosphate 3'-pyrophosphohydrolase [Escherichia coli]
spoT	WP_112864860	K662I	662	662	K	I	K	K	99.715	100.0	702	702	702	1457.0	bifunctional GTP diphosphokinase/guanosine-3',5'-bis pyrophosphate 3'-pyrophosphohydrolase [Escherichia coli]
spoT	WP_097475989	K662I	662	662	K	I	K	K	99.715	100.0	702	702	702	1457.0	bifunctional GTP diphosphokinase/guanosine-3',5'-bis pyrophosphate 3'-pyrophosphohydrolase [Escherichia coli]
spoT	WP_438331310	K662I	662	662	K	I	K	K	99.715	100.0	702	702	702	1457.0	bifunctional GTP diphosphokinase/guanosine-3',5'-bis pyrophosphate 3'-pyrophosphohydrolase [Escherichia coli]
spoT	WP_001513410	K662I	662	662	K	I	K	K	99.858	100.0	702	702	702	1457.0	bifunctional GTP diphosphokinase/guanosine-3',5'-bis pyrophosphate 3'-pyrophosphohydrolase [Escherichia coli]
spoT	WP_262942853	K662I	662	662	K	I	K	K	99.715	100.0	702	702	702	1457.0	bifunctional GTP diphosphokinase/guanosine-3',5'-bis pyrophosphate 3'-pyrophosphohydrolase [Escherichia coli]
spoT	WP_267236309	K662I	662	662	K	I	K	K	99.715	100.0	702	702	702	1457.0	bifunctional GTP diphosphokinase/guanosine-3',5'-bis pyrophosphate 3'-pyrophosphohydrolase [Escherichia coli]
spoT	WP_133142469	K662I	662	662	K	I	K	K	99.715	100.0	702	702	702	1457.0	bifunctional GTP diphosphokinase/guanosine-3',5'-bis pyrophosphate 3'-pyrophosphohydrolase [Escherichia coli]
spoT	WP_201482169	K662I	662	662	K	I	K	K	99.858	100.0	702	702	702	1457.0	bifunctional GTP diphosphokinase/guanosine-3',5'-bis pyrophosphate 3'-pyrophosphohydrolase [Escherichia coli]
spoT	WP_089631001	K662I	662	662	K	I	K	K	99.715	100.0	702	702	702	1457.0	bifunctional GTP diphosphokinase/guanosine-3',5'-bis pyrophosphate 3'-pyrophosphohydrolase [Escherichia coli]
spoT	WP_123323122	K662I	662	662	K	I	K	K	99.715	100.0	702	702	702	1457.0	bifunctional GTP diphosphokinase/guanosine-3',5'-bis pyrophosphate 3'-pyrophosphohydrolase [Escherichia coli]
spoT	WP_000280474	K662I	662	662	K	I	K	K	99.715	100.0	702	702	702	1457.0	bifunctional GTP diphosphokinase/guanosine-3',5'-bis pyrophosphate 3'-pyrophosphohydrolase [Escherichia coli]
spoT	WP_433272130	K662I	662	662	K	I	K	K	99.858	100.0	702	702	702	1457.0	bifunctional GTP diphosphokinase/guanosine-3',5'-bis pyrophosphate 3'-pyrophosphohydrolase [Escherichia coli]
spoT	WP_000280475	K662I	662	662	K	I	K	K	99.715	100.0	702	702	702	1457.0	bifunctional GTP diphosphokinase/guanosine-3',5'-bis pyrophosphate 3'-pyrophosphohydrolase [Escherichia coli]
spoT	WP_001697194	K662I	662	662	K	I	K	K	99.858	100.0	702	702	702	1457.0	bifunctional GTP diphosphokinase/guanosine-3',5'-bis pyrophosphate 3'-pyrophosphohydrolase [Escherichia coli]
spoT	WP_389367612	K662I	662	662	K	I	K	K	99.715	100.0	702	702	702	1457.0	bifunctional GTP diphosphokinase/guanosine-3',5'-bis pyrophosphate 3'-pyrophosphohydrolase [Escherichia coli]
spoT	WP_137501904	K662I	662	662	K	I	K	K	99.715	100.0	702	702	702	1457.0	bifunctional GTP diphosphokinase/guanosine-3',5'-bis pyrophosphate 3'-pyrophosphohydrolase [Escherichia coli]
spoT	WP_052925016	K662I	662	662	K	I	K	K	99.715	100.0	702	702	702	1457.0	bifunctional GTP diphosphokinase/guanosine-3',5'-bis pyrophosphate 3'-pyrophosphohydrolase [Escherichia coli]
spoT	WP_202792851	K662I	662	662	K	I	K	K	99.715	100.0	702	702	702	1457.0	bifunctional GTP diphosphokinase/guanosine-3',5'-bis pyrophosphate 3'-pyrophosphohydrolase [Escherichia coli]
spoT	WP_052988202	K662I	662	662	K	I	K	K	99.858	100.0	702	702	702	1457.0	bifunctional GTP diphosphokinase/guanosine-3',5'-bis pyrophosphate 3'-pyrophosphohydrolase [Shigella sonnei]
spoT	WP_113282512	K662I	662	662	K	I	K	K	99.715	100.0	702	702	702	1457.0	bifunctional GTP diphosphokinase/guanosine-3',5'-bis pyrophosphate 3'-pyrophosphohydrolase [Escherichia coli]
spoT	WP_001608053	K662I	662	662	K	I	K	K	99.858	100.0	702	702	702	1457.0	bifunctional GTP diphosphokinase/guanosine-3',5'-bis pyrophosphate 3'-pyrophosphohydrolase [Escherichia coli]
spoT	WP_373384297	K662I	662	662	K	I	K	K	99.715	100.0	702	702	702	1457.0	bifunctional GTP diphosphokinase/guanosine-3',5'-bis pyrophosphate 3'-pyrophosphohydrolase [Escherichia coli]
spoT	WP_180556563	K662I	662	662	K	I	K	K	99.715	100.0	702	702	702	1457.0	bifunctional GTP diphosphokinase/guanosine-3',5'-bis pyrophosphate 3'-pyrophosphohydrolase [Escherichia coli]
spoT	WP_044694464	K662I	662	662	K	I	K	K	99.715	100.0	702	702	702	1457.0	bifunctional GTP diphosphokinase/guanosine-3',5'-bis pyrophosphate 3'-pyrophosphohydrolase [Escherichia coli]
spoT	WP_236281114	K662I	662	662	K	I	K	K	99.858	100.0	702	702	702	1457.0	bifunctional GTP diphosphokinase/guanosine-3',5'-bis pyrophosphate 3'-pyrophosphohydrolase [Escherichia coli]
spoT	WP_096977424	K662I	662	662	K	I	K	K	99.715	100.0	702	702	702	1457.0	bifunctional GTP diphosphokinase/guanosine-3',5'-bis pyrophosphate 3'-pyrophosphohydrolase [Escherichia coli]
spoT	WP_238086803	K662I	662	662	K	I	K	K	99.715	100.0	702	702	702	1457.0	bifunctional GTP diphosphokinase/guanosine-3',5'-bis pyrophosphate 3'-pyrophosphohydrolase [Escherichia coli]
spoT	WP_169776125	K662I	662	662	K	I	K	K	99.715	100.0	702	702	702	1457.0	bifunctional GTP diphosphokinase/guanosine-3',5'-bis pyrophosphate 3'-pyrophosphohydrolase [Escherichia coli]
spoT	WP_175991845	K662I	662	662	K	I	K	K	99.715	100.0	702	702	702	1457.0	bifunctional GTP diphosphokinase/guanosine-3',5'-bis pyrophosphate 3'-pyrophosphohydrolase [Escherichia coli]
spoT	WP_440717762	K662I	662	662	K	I	K	K	99.715	100.0	702	702	702	1457.0	bifunctional GTP diphosphokinase/guanosine-3',5'-bis pyrophosphate 3'-pyrophosphohydrolase [Escherichia coli]
spoT	WP_113286878	K662I	662	662	K	I	K	K	99.715	100.0	702	702	702	1457.0	bifunctional GTP diphosphokinase/guanosine-3',5'-bis pyrophosphate 3'-pyrophosphohydrolase [Escherichia coli]
spoT	WP_180553522	K662I	662	662	K	I	K	K	99.858	100.0	702	702	702	1457.0	bifunctional GTP diphosphokinase/guanosine-3',5'-bis pyrophosphate 3'-pyrophosphohydrolase [Escherichia coli]
spoT	WP_471727034	K662I	662	662	K	I	K	K	99.715	100.0	702	702	702	1457.0	N/A
spoT	WP_134692247	K662I	662	662	K	I	K	K	99.715	100.0	702	702	702	1457.0	bifunctional GTP diphosphokinase/guanosine-3',5'-bis pyrophosphate 3'-pyrophosphohydrolase [Escherichia coli]
spoT	WP_275250924	K662I	662	662	K	I	K	K	99.858	100.0	702	702	702	1457.0	bifunctional GTP diphosphokinase/guanosine-3',5'-bis pyrophosphate 3'-pyrophosphohydrolase [Escherichia coli]
spoT	WP_216350462	K662I	662	662	K	I	K	K	99.858	100.0	702	702	702	1457.0	bifunctional GTP diphosphokinase/guanosine-3',5'-bis pyrophosphate 3'-pyrophosphohydrolase [Escherichia coli]
spoT	WP_289697834	K662I	662	662	K	I	K	K	99.858	100.0	702	702	702	1457.0	bifunctional GTP diphosphokinase/guanosine-3',5'-bis pyrophosphate 3'-pyrophosphohydrolase [Escherichia coli]
spoT	WP_001486232	K662I	662	662	K	I	K	K	99.715	100.0	702	702	702	1457.0	bifunctional GTP diphosphokinase/guanosine-3',5'-bis pyrophosphate 3'-pyrophosphohydrolase [Escherichia coli]
spoT	WP_052975003	K662I	662	662	K	I	K	K	99.858	100.0	702	702	702	1457.0	bifunctional GTP diphosphokinase/guanosine-3',5'-bis pyrophosphate 3'-pyrophosphohydrolase [Shigella sonnei]
spoT	WP_000280484	K662I	662	662	K	I	K	K	99.858	100.0	702	702	702	1457.0	MULTISPECIES: bifunctional GTP diphosphokinase/guanosine-3',5'-bis pyrophosphate 3'-pyrophosphohydrolase [Escherichia]
spoT	WP_447397026	K662I	662	662	K	I	K	K	99.858	100.0	702	702	702	1457.0	bifunctional GTP diphosphokinase/guanosine-3',5'-bis pyrophosphate 3'-pyrophosphohydrolase [Shigella sonnei]
spoT	WP_021555798	K662I	662	662	K	I	K	K	99.715	100.0	702	702	702	1457.0	bifunctional GTP diphosphokinase/guanosine-3',5'-bis pyrophosphate 3'-pyrophosphohydrolase [Escherichia coli]
spoT	WP_416509930	K662I	662	662	K	I	K	K	99.715	100.0	702	702	702	1457.0	bifunctional GTP diphosphokinase/guanosine-3',5'-bis pyrophosphate 3'-pyrophosphohydrolase [Escherichia coli]
spoT	WP_160371888	K662I	662	662	K	I	K	K	99.858	100.0	702	702	702	1457.0	bifunctional GTP diphosphokinase/guanosine-3',5'-bis pyrophosphate 3'-pyrophosphohydrolase [Escherichia coli]
spoT	WP_479996979	K662I	662	662	K	I	K	K	99.715	100.0	702	702	702	1457.0	N/A
spoT	WP_128551518	K662I	662	662	K	I	K	K	99.715	100.0	702	702	702	1457.0	bifunctional GTP diphosphokinase/guanosine-3',5'-bis pyrophosphate 3'-pyrophosphohydrolase [Escherichia coli]
spoT	WP_311814771	K662I	662	662	K	I	K	K	99.715	100.0	702	702	702	1457.0	bifunctional GTP diphosphokinase/guanosine-3',5'-bis pyrophosphate 3'-pyrophosphohydrolase [Escherichia coli]
spoT	WP_160536847	K662I	662	662	K	I	K	K	99.858	100.0	702	702	702	1457.0	bifunctional GTP diphosphokinase/guanosine-3',5'-bis pyrophosphate 3'-pyrophosphohydrolase [Escherichia coli]
spoT	WP_033548460	K662I	662	662	K	I	K	K	99.715	100.0	702	702	702	1457.0	bifunctional GTP diphosphokinase/guanosine-3',5'-bis pyrophosphate 3'-pyrophosphohydrolase [Escherichia coli]
spoT	WP_119169880	K662I	662	662	K	I	K	K	99.858	100.0	702	702	702	1457.0	MULTISPECIES: bifunctional GTP diphosphokinase/guanosine-3',5'-bis pyrophosphate 3'-pyrophosphohydrolase [Enterobacteriaceae]
spoT	WP_086555883	K662I	662	662	K	I	K	K	99.715	100.0	702	702	702	1457.0	bifunctional GTP diphosphokinase/guanosine-3',5'-bis pyrophosphate 3'-pyrophosphohydrolase [Escherichia coli]
spoT	WP_139504008	K662I	662	662	K	I	K	K	99.715	100.0	702	702	702	1457.0	bifunctional GTP diphosphokinase/guanosine-3',5'-bis pyrophosphate 3'-pyrophosphohydrolase [Escherichia coli]
spoT	WP_276396984	K662I	662	662	K	I	K	K	99.858	100.0	702	702	702	1457.0	bifunctional GTP diphosphokinase/guanosine-3',5'-bis pyrophosphate 3'-pyrophosphohydrolase [Escherichia coli]
spoT	WP_368493317	K662I	662	662	K	I	K	K	99.858	100.0	702	702	702	1457.0	bifunctional GTP diphosphokinase/guanosine-3',5'-bis pyrophosphate 3'-pyrophosphohydrolase [Escherichia coli]
spoT	WP_089632186	K662I	662	662	K	I	K	K	99.858	100.0	702	702	702	1457.0	bifunctional GTP diphosphokinase/guanosine-3',5'-bis pyrophosphate 3'-pyrophosphohydrolase [Escherichia coli]
spoT	WP_316953008	K662I	662	662	K	I	K	K	99.858	100.0	702	702	702	1457.0	bifunctional GTP diphosphokinase/guanosine-3',5'-bis pyrophosphate 3'-pyrophosphohydrolase [Escherichia coli]
spoT	WP_193108442	K662I	662	662	K	I	K	K	99.715	100.0	702	702	702	1457.0	bifunctional GTP diphosphokinase/guanosine-3',5'-bis pyrophosphate 3'-pyrophosphohydrolase [Escherichia coli]
spoT	WP_409406450	K662I	662	662	K	I	K	K	99.858	100.0	702	702	702	1457.0	bifunctional GTP diphosphokinase/guanosine-3',5'-bis pyrophosphate 3'-pyrophosphohydrolase [Escherichia coli]
spoT	WP_334274414	K662I	662	662	K	I	K	K	99.858	100.0	702	702	702	1457.0	bifunctional GTP diphosphokinase/guanosine-3',5'-bis pyrophosphate 3'-pyrophosphohydrolase [Escherichia coli]
spoT	WP_411792230	K662I	662	662	K	I	K	K	99.858	100.0	702	702	702	1457.0	bifunctional GTP diphosphokinase/guanosine-3',5'-bis pyrophosphate 3'-pyrophosphohydrolase [Escherichia coli]
spoT	WP_000280491	K662I	662	662	K	I	K	K	99.715	100.0	702	702	702	1457.0	MULTISPECIES: bifunctional GTP diphosphokinase/guanosine-3',5'-bis pyrophosphate 3'-pyrophosphohydrolase [Enterobacteriaceae]
spoT	WP_323488563	K662I	662	662	K	I	K	K	99.858	100.0	702	702	702	1457.0	bifunctional GTP diphosphokinase/guanosine-3',5'-bis pyrophosphate 3'-pyrophosphohydrolase [Escherichia coli]
spoT	WP_405238584	K662I	662	662	K	I	K	K	99.715	100.0	702	702	702	1457.0	bifunctional GTP diphosphokinase/guanosine-3',5'-bis pyrophosphate 3'-pyrophosphohydrolase [Escherichia coli]
spoT	WP_001462871	K662I	662	662	K	I	K	K	99.858	100.0	702	702	702	1457.0	bifunctional GTP diphosphokinase/guanosine-3',5'-bis pyrophosphate 3'-pyrophosphohydrolase [Escherichia coli]
spoT	WP_219394686	K662I	662	662	K	I	K	K	99.858	100.0	702	702	702	1457.0	N/A
spoT	WP_181678072	K662I	662	662	K	I	K	K	99.858	100.0	702	702	702	1457.0	bifunctional GTP diphosphokinase/guanosine-3',5'-bis pyrophosphate 3'-pyrophosphohydrolase [Escherichia coli]
spoT	WP_000280495	K662I	662	662	K	I	K	K	99.715	100.0	702	702	702	1457.0	bifunctional GTP diphosphokinase/guanosine-3',5'-bis pyrophosphate 3'-pyrophosphohydrolase [Escherichia coli]
spoT	WP_423413665	K662I	662	662	K	I	K	K	99.715	100.0	702	702	702	1457.0	bifunctional GTP diphosphokinase/guanosine-3',5'-bis pyrophosphate 3'-pyrophosphohydrolase [Escherichia coli]
spoT	WP_130215150	K662I	662	662	K	I	K	K	99.715	100.0	702	702	702	1457.0	MULTISPECIES: bifunctional GTP diphosphokinase/guanosine-3',5'-bis pyrophosphate 3'-pyrophosphohydrolase [unclassified Escherichia]
spoT	WP_001737592	K662I	662	662	K	I	K	K	99.858	100.0	702	702	702	1457.0	bifunctional GTP diphosphokinase/guanosine-3',5'-bis pyrophosphate 3'-pyrophosphohydrolase [Escherichia coli]
spoT	WP_089618115	K662I	662	662	K	I	K	K	99.715	100.0	702	702	702	1457.0	bifunctional GTP diphosphokinase/guanosine-3',5'-bis pyrophosphate 3'-pyrophosphohydrolase [Escherichia coli]
spoT	WP_309781114	K662I	662	662	K	I	K	K	99.715	100.0	702	702	702	1457.0	bifunctional GTP diphosphokinase/guanosine-3',5'-bis pyrophosphate 3'-pyrophosphohydrolase [Escherichia coli]
spoT	WP_262232528	K662I	662	662	K	I	K	K	99.858	100.0	702	702	702	1457.0	bifunctional GTP diphosphokinase/guanosine-3',5'-bis pyrophosphate 3'-pyrophosphohydrolase [Escherichia coli]
spoT	WP_001398039	K662I	662	662	K	I	K	K	99.858	100.0	702	702	702	1457.0	bifunctional GTP diphosphokinase/guanosine-3',5'-bis pyrophosphate 3'-pyrophosphohydrolase [Escherichia coli]
spoT	WP_262211171	K662I	662	662	K	I	K	K	99.715	100.0	702	702	702	1457.0	bifunctional GTP diphosphokinase/guanosine-3',5'-bis pyrophosphate 3'-pyrophosphohydrolase [Escherichia coli]
spoT	WP_261635630	K662I	662	662	K	I	K	K	99.858	100.0	702	702	702	1457.0	bifunctional GTP diphosphokinase/guanosine-3',5'-bis pyrophosphate 3'-pyrophosphohydrolase [Escherichia coli]
spoT	WP_136746792	K662I	662	662	K	I	K	K	99.858	100.0	702	702	702	1457.0	N/A
spoT	WP_225381858	K662I	662	662	K	I	K	K	99.858	100.0	702	702	702	1457.0	bifunctional GTP diphosphokinase/guanosine-3',5'-bis pyrophosphate 3'-pyrophosphohydrolase [Escherichia coli]
spoT	WP_241375445	K662I	662	662	K	I	K	K	99.858	100.0	702	702	702	1457.0	bifunctional GTP diphosphokinase/guanosine-3',5'-bis pyrophosphate 3'-pyrophosphohydrolase [Escherichia coli]
spoT	WP_148485360	K662I	662	662	K	I	K	K	99.715	100.0	702	702	702	1457.0	bifunctional GTP diphosphokinase/guanosine-3',5'-bis pyrophosphate 3'-pyrophosphohydrolase [Escherichia coli]
spoT	WP_463083674	K662I	662	662	K	I	K	K	99.858	100.0	702	702	702	1457.0	N/A
spoT	WP_338913125	K662I	662	662	K	I	K	K	99.715	100.0	702	702	702	1456.0	bifunctional GTP diphosphokinase/guanosine-3',5'-bis pyrophosphate 3'-pyrophosphohydrolase [Escherichia coli]
spoT	WP_139508862	K662I	662	662	K	I	K	K	99.715	100.0	702	702	702	1456.0	bifunctional GTP diphosphokinase/guanosine-3',5'-bis pyrophosphate 3'-pyrophosphohydrolase [Escherichia coli]
spoT	WP_264864672	K662I	662	662	K	I	K	K	99.715	100.0	702	702	702	1456.0	bifunctional GTP diphosphokinase/guanosine-3',5'-bis pyrophosphate 3'-pyrophosphohydrolase [Escherichia coli]
spoT	WP_021518067	K662I	662	662	K	I	K	K	99.715	100.0	702	702	702	1456.0	bifunctional GTP diphosphokinase/guanosine-3',5'-bis pyrophosphate 3'-pyrophosphohydrolase [Escherichia coli]
spoT	WP_097422987	K662I	662	662	K	I	K	K	99.715	100.0	702	702	702	1456.0	bifunctional GTP diphosphokinase/guanosine-3',5'-bis pyrophosphate 3'-pyrophosphohydrolase [Escherichia coli]
spoT	WP_114290616	K662I	662	662	K	I	K	K	99.858	100.0	702	702	702	1456.0	bifunctional GTP diphosphokinase/guanosine-3',5'-bis pyrophosphate 3'-pyrophosphohydrolase [Escherichia coli]
spoT	WP_095764311	K662I	662	662	K	I	K	K	99.858	100.0	702	702	702	1456.0	bifunctional GTP diphosphokinase/guanosine-3',5'-bis pyrophosphate 3'-pyrophosphohydrolase [Escherichia coli]
spoT	WP_042114224	K662I	662	662	K	I	K	K	99.715	100.0	702	702	702	1456.0	bifunctional GTP diphosphokinase/guanosine-3',5'-bis pyrophosphate 3'-pyrophosphohydrolase [Escherichia coli]
spoT	WP_262943816	K662I	662	662	K	I	K	K	99.715	100.0	702	702	702	1456.0	bifunctional GTP diphosphokinase/guanosine-3',5'-bis pyrophosphate 3'-pyrophosphohydrolase [Escherichia coli]
spoT	WP_149824969	K662I	662	662	K	I	K	K	99.715	100.0	702	702	702	1456.0	bifunctional GTP diphosphokinase/guanosine-3',5'-bis pyrophosphate 3'-pyrophosphohydrolase [Escherichia coli]
spoT	WP_097419869	K662I	662	662	K	I	K	K	99.715	100.0	702	702	702	1456.0	bifunctional GTP diphosphokinase/guanosine-3',5'-bis pyrophosphate 3'-pyrophosphohydrolase [Escherichia coli]
spoT	WP_033545452	K662I	662	662	K	I	K	K	99.715	100.0	702	702	702	1456.0	bifunctional GTP diphosphokinase/guanosine-3',5'-bis pyrophosphate 3'-pyrophosphohydrolase [Escherichia coli]
spoT	WP_001384812	K662I	662	662	K	I	K	K	99.715	100.0	702	702	702	1456.0	bifunctional GTP diphosphokinase/guanosine-3',5'-bis pyrophosphate 3'-pyrophosphohydrolase [Escherichia coli]
spoT	WP_135155466	K662I	662	662	K	I	K	K	99.715	100.0	702	702	702	1456.0	bifunctional GTP diphosphokinase/guanosine-3',5'-bis pyrophosphate 3'-pyrophosphohydrolase [Escherichia coli]
spoT	WP_272445331	K662I	662	662	K	I	K	K	99.715	100.0	702	702	702	1456.0	bifunctional GTP diphosphokinase/guanosine-3',5'-bis pyrophosphate 3'-pyrophosphohydrolase [Escherichia coli]
spoT	WP_480000999	K662I	662	662	K	I	K	K	99.715	100.0	702	702	702	1456.0	N/A
spoT	WP_224923794	K662I	662	662	K	I	K	K	99.715	100.0	702	702	702	1456.0	bifunctional GTP diphosphokinase/guanosine-3',5'-bis pyrophosphate 3'-pyrophosphohydrolase [Escherichia coli]
spoT	WP_032329581	K662I	662	662	K	I	K	K	99.715	100.0	702	702	702	1456.0	bifunctional GTP diphosphokinase/guanosine-3',5'-bis pyrophosphate 3'-pyrophosphohydrolase [Escherichia coli]
spoT	WP_438895236	K662I	662	662	K	I	K	K	99.715	100.0	702	702	702	1456.0	bifunctional GTP diphosphokinase/guanosine-3',5'-bis pyrophosphate 3'-pyrophosphohydrolase [Escherichia coli]
spoT	WP_096253467	K662I	662	662	K	I	K	K	99.715	100.0	702	702	702	1456.0	bifunctional GTP diphosphokinase/guanosine-3',5'-bis pyrophosphate 3'-pyrophosphohydrolase [Escherichia coli]
spoT	WP_461861321	K662I	662	662	K	I	K	K	99.715	100.0	702	702	702	1456.0	N/A
spoT	WP_113262424	K662I	662	662	K	I	K	K	99.715	100.0	702	702	702	1456.0	bifunctional GTP diphosphokinase/guanosine-3',5'-bis pyrophosphate 3'-pyrophosphohydrolase [Escherichia coli]
spoT	WP_282047787	K662I	662	662	K	I	K	K	99.715	100.0	702	702	702	1456.0	bifunctional GTP diphosphokinase/guanosine-3',5'-bis pyrophosphate 3'-pyrophosphohydrolase [Escherichia coli]
spoT	WP_447300092	K662I	662	662	K	I	K	K	99.858	100.0	702	702	702	1456.0	bifunctional GTP diphosphokinase/guanosine-3',5'-bis pyrophosphate 3'-pyrophosphohydrolase [Escherichia coli]
spoT	WP_289396902	K662I	662	662	K	I	K	K	99.715	100.0	702	702	702	1456.0	bifunctional GTP diphosphokinase/guanosine-3',5'-bis pyrophosphate 3'-pyrophosphohydrolase [Escherichia coli]
spoT	WP_089637562	K662I	662	662	K	I	K	K	99.858	100.0	702	702	702	1456.0	bifunctional GTP diphosphokinase/guanosine-3',5'-bis pyrophosphate 3'-pyrophosphohydrolase [Escherichia coli]
spoT	WP_481985008	K662I	662	662	K	I	K	K	99.715	100.0	702	702	702	1456.0	N/A
spoT	WP_374040203	K662I	662	662	K	I	K	K	99.858	100.0	702	702	702	1456.0	bifunctional GTP diphosphokinase/guanosine-3',5'-bis pyrophosphate 3'-pyrophosphohydrolase [Escherichia coli]
spoT	WP_409224096	K662I	662	662	K	I	K	K	99.573	100.0	702	702	702	1456.0	bifunctional GTP diphosphokinase/guanosine-3',5'-bis pyrophosphate 3'-pyrophosphohydrolase [Escherichia coli]
spoT	WP_131501811	K662I	662	662	K	I	K	K	99.858	100.0	702	702	702	1456.0	bifunctional GTP diphosphokinase/guanosine-3',5'-bis pyrophosphate 3'-pyrophosphohydrolase [Escherichia coli]
spoT	WP_227906687	K662I	662	662	K	I	K	K	99.858	100.0	702	702	702	1456.0	bifunctional GTP diphosphokinase/guanosine-3',5'-bis pyrophosphate 3'-pyrophosphohydrolase [Escherichia coli]
spoT	WP_459584068	K662I	662	662	K	I	K	K	99.715	100.0	702	702	702	1456.0	N/A
spoT	WP_280712711	K662I	662	662	K	I	K	K	99.715	100.0	702	702	702	1456.0	bifunctional GTP diphosphokinase/guanosine-3',5'-bis pyrophosphate 3'-pyrophosphohydrolase [Escherichia coli]
spoT	WP_409226328	K662I	662	662	K	I	K	K	99.715	100.0	702	702	702	1456.0	bifunctional GTP diphosphokinase/guanosine-3',5'-bis pyrophosphate 3'-pyrophosphohydrolase [Escherichia coli]
spoT	WP_218795595	K662I	662	662	K	I	K	K	99.715	100.0	702	702	702	1456.0	bifunctional GTP diphosphokinase/guanosine-3',5'-bis pyrophosphate 3'-pyrophosphohydrolase [Escherichia coli]
spoT	WP_436403995	K662I	662	662	K	I	K	K	99.715	100.0	702	702	702	1456.0	bifunctional GTP diphosphokinase/guanosine-3',5'-bis pyrophosphate 3'-pyrophosphohydrolase [Escherichia coli]
spoT	WP_454078851	K662I	662	662	K	I	K	K	99.715	100.0	702	702	702	1456.0	bifunctional GTP diphosphokinase/guanosine-3',5'-bis pyrophosphate 3'-pyrophosphohydrolase [Escherichia coli]
spoT	WP_001708283	K662I	662	662	K	I	K	K	99.715	100.0	702	702	702	1456.0	bifunctional GTP diphosphokinase/guanosine-3',5'-bis pyrophosphate 3'-pyrophosphohydrolase [Escherichia coli]
spoT	WP_277474827	K662I	662	662	K	I	K	K	99.715	100.0	702	702	702	1456.0	bifunctional GTP diphosphokinase/guanosine-3',5'-bis pyrophosphate 3'-pyrophosphohydrolase [Escherichia coli]
spoT	WP_047598753	K662I	662	662	K	I	K	K	99.573	100.0	702	702	702	1456.0	bifunctional GTP diphosphokinase/guanosine-3',5'-bis pyrophosphate 3'-pyrophosphohydrolase [Escherichia coli]
spoT	WP_192851555	K662I	662	662	K	I	K	K	99.715	100.0	702	702	702	1456.0	bifunctional GTP diphosphokinase/guanosine-3',5'-bis pyrophosphate 3'-pyrophosphohydrolase [Escherichia coli]
spoT	WP_039268498	K662I	662	662	K	I	K	K	99.715	100.0	702	702	702	1456.0	MULTISPECIES: bifunctional GTP diphosphokinase/guanosine-3',5'-bis pyrophosphate 3'-pyrophosphohydrolase [Enterobacteriaceae]
spoT	WP_003968916	K662I	662	662	K	I	K	K	99.715	100.0	702	702	702	1456.0	bifunctional GTP diphosphokinase/guanosine-3',5'-bis pyrophosphate 3'-pyrophosphohydrolase [Escherichia coli]
spoT	WP_180501075	K662I	662	662	K	I	K	K	99.715	100.0	702	702	702	1456.0	bifunctional GTP diphosphokinase/guanosine-3',5'-bis pyrophosphate 3'-pyrophosphohydrolase [Escherichia coli]
spoT	WP_128550068	K662I	662	662	K	I	K	K	99.858	100.0	702	702	702	1456.0	bifunctional GTP diphosphokinase/guanosine-3',5'-bis pyrophosphate 3'-pyrophosphohydrolase [Escherichia coli]
spoT	WP_169769194	K662I	662	662	K	I	K	K	99.715	100.0	702	702	702	1456.0	bifunctional GTP diphosphokinase/guanosine-3',5'-bis pyrophosphate 3'-pyrophosphohydrolase [Escherichia coli]
spoT	WP_340073428	K662I	662	662	K	I	K	K	99.715	100.0	702	702	702	1456.0	bifunctional GTP diphosphokinase/guanosine-3',5'-bis pyrophosphate 3'-pyrophosphohydrolase [Escherichia coli]
spoT	WP_251267812	K662I	662	662	K	I	K	K	99.715	100.0	702	702	702	1456.0	bifunctional GTP diphosphokinase/guanosine-3',5'-bis pyrophosphate 3'-pyrophosphohydrolase [Escherichia coli]
spoT	WP_122632439	K662I	662	662	K	I	K	K	99.715	100.0	702	702	702	1456.0	bifunctional GTP diphosphokinase/guanosine-3',5'-bis pyrophosphate 3'-pyrophosphohydrolase [Escherichia coli]
spoT	WP_096849958	K662I	662	662	K	I	K	K	99.573	100.0	702	702	702	1456.0	bifunctional GTP diphosphokinase/guanosine-3',5'-bis pyrophosphate 3'-pyrophosphohydrolase [Escherichia coli]
spoT	WP_032185484	K662I	662	662	K	I	K	K	99.715	100.0	702	702	702	1456.0	MULTISPECIES: bifunctional GTP diphosphokinase/guanosine-3',5'-bis pyrophosphate 3'-pyrophosphohydrolase [Escherichia]
spoT	WP_119159987	K662I	662	662	K	I	K	K	99.715	100.0	702	702	702	1456.0	bifunctional GTP diphosphokinase/guanosine-3',5'-bis pyrophosphate 3'-pyrophosphohydrolase [Escherichia coli]
spoT	WP_327773631	K662I	662	662	K	I	K	K	99.715	100.0	702	702	702	1456.0	bifunctional GTP diphosphokinase/guanosine-3',5'-bis pyrophosphate 3'-pyrophosphohydrolase [Escherichia coli]
spoT	WP_163484538	K662I	662	662	K	I	K	K	99.715	100.0	702	702	702	1456.0	bifunctional GTP diphosphokinase/guanosine-3',5'-bis pyrophosphate 3'-pyrophosphohydrolase [Escherichia coli]
spoT	WP_001493511	K662I	662	662	K	I	K	K	99.715	100.0	702	702	702	1456.0	bifunctional GTP diphosphokinase/guanosine-3',5'-bis pyrophosphate 3'-pyrophosphohydrolase [Escherichia coli]
spoT	WP_001456726	K662I	662	662	K	I	K	K	99.715	100.0	702	702	702	1456.0	bifunctional GTP diphosphokinase/guanosine-3',5'-bis pyrophosphate 3'-pyrophosphohydrolase [Escherichia coli]
spoT	WP_420028187	K662I	662	662	K	I	K	K	99.715	100.0	702	702	702	1456.0	bifunctional GTP diphosphokinase/guanosine-3',5'-bis pyrophosphate 3'-pyrophosphohydrolase [Escherichia coli]
spoT	WP_134258056	K662I	662	662	K	I	K	K	99.715	100.0	702	702	702	1456.0	bifunctional GTP diphosphokinase/guanosine-3',5'-bis pyrophosphate 3'-pyrophosphohydrolase [Escherichia coli]
spoT	WP_130206741	K662I	662	662	K	I	K	K	99.573	100.0	702	702	702	1456.0	MULTISPECIES: bifunctional GTP diphosphokinase/guanosine-3',5'-bis pyrophosphate 3'-pyrophosphohydrolase [unclassified Escherichia]
spoT	WP_267205144	K662I	662	662	K	I	K	K	99.715	100.0	702	702	702	1456.0	bifunctional GTP diphosphokinase/guanosine-3',5'-bis pyrophosphate 3'-pyrophosphohydrolase [Escherichia coli]
spoT	WP_148485618	K662I	662	662	K	I	K	K	99.715	100.0	702	702	702	1456.0	bifunctional GTP diphosphokinase/guanosine-3',5'-bis pyrophosphate 3'-pyrophosphohydrolase [Escherichia coli]
spoT	WP_219900089	K662I	662	662	K	I	K	K	99.715	100.0	702	702	702	1455.0	bifunctional GTP diphosphokinase/guanosine-3',5'-bis pyrophosphate 3'-pyrophosphohydrolase [Escherichia coli]
spoT	WP_113416272	K662I	662	662	K	I	K	K	99.715	100.0	702	702	702	1455.0	bifunctional GTP diphosphokinase/guanosine-3',5'-bis pyrophosphate 3'-pyrophosphohydrolase [Escherichia coli]
spoT	WP_238025227	K662I	662	662	K	I	K	K	99.715	100.0	702	702	702	1455.0	bifunctional GTP diphosphokinase/guanosine-3',5'-bis pyrophosphate 3'-pyrophosphohydrolase [Escherichia coli]
spoT	WP_473256727	K662I	662	662	K	I	K	K	99.573	100.0	702	702	702	1455.0	N/A
spoT	WP_163481050	K662I	662	662	K	I	K	K	99.715	100.0	702	702	702	1455.0	bifunctional GTP diphosphokinase/guanosine-3',5'-bis pyrophosphate 3'-pyrophosphohydrolase [Escherichia coli]
spoT	WP_410204231	K662I	662	662	K	I	K	K	99.715	100.0	702	702	702	1455.0	bifunctional GTP diphosphokinase/guanosine-3',5'-bis pyrophosphate 3'-pyrophosphohydrolase [Escherichia coli]
spoT	WP_053881907	K662I	662	662	K	I	K	K	99.573	100.0	702	702	702	1455.0	bifunctional GTP diphosphokinase/guanosine-3',5'-bis pyrophosphate 3'-pyrophosphohydrolase [Escherichia coli]
spoT	WP_353528437	K662I	662	662	K	I	K	K	99.715	100.0	702	702	702	1455.0	bifunctional GTP diphosphokinase/guanosine-3',5'-bis pyrophosphate 3'-pyrophosphohydrolase [Escherichia coli]
spoT	WP_001464780	K662I	662	662	K	I	K	K	99.715	100.0	702	702	702	1455.0	bifunctional GTP diphosphokinase/guanosine-3',5'-bis pyrophosphate 3'-pyrophosphohydrolase [Escherichia coli]
spoT	WP_001665823	K662I	662	662	K	I	K	K	99.715	100.0	702	702	702	1455.0	bifunctional GTP diphosphokinase/guanosine-3',5'-bis pyrophosphate 3'-pyrophosphohydrolase [Escherichia coli]
spoT	WP_040079543	K662I	662	662	K	I	K	K	99.715	100.0	702	702	702	1455.0	bifunctional GTP diphosphokinase/guanosine-3',5'-bis pyrophosphate 3'-pyrophosphohydrolase [Escherichia coli]
spoT	WP_128480635	K662I	662	662	K	I	K	K	99.573	100.0	702	702	702	1455.0	bifunctional GTP diphosphokinase/guanosine-3',5'-bis pyrophosphate 3'-pyrophosphohydrolase [Escherichia coli]
spoT	WP_001659190	K662I	662	662	K	I	K	K	99.715	100.0	702	702	702	1455.0	bifunctional GTP diphosphokinase/guanosine-3',5'-bis pyrophosphate 3'-pyrophosphohydrolase [Escherichia coli]
spoT	WP_001498645	K662I	662	662	K	I	K	K	99.715	100.0	702	702	702	1455.0	bifunctional GTP diphosphokinase/guanosine-3',5'-bis pyrophosphate 3'-pyrophosphohydrolase [Escherichia coli]
spoT	WP_001497217	K662I	662	662	K	I	K	K	99.715	100.0	702	702	702	1455.0	bifunctional GTP diphosphokinase/guanosine-3',5'-bis pyrophosphate 3'-pyrophosphohydrolase [Escherichia coli]
spoT	WP_240079232	K662I	662	662	K	I	K	K	99.715	100.0	702	702	702	1455.0	bifunctional GTP diphosphokinase/guanosine-3',5'-bis pyrophosphate 3'-pyrophosphohydrolase [Escherichia coli]
spoT	WP_343285591	K662I	662	662	K	I	K	K	99.715	100.0	702	702	702	1455.0	bifunctional GTP diphosphokinase/guanosine-3',5'-bis pyrophosphate 3'-pyrophosphohydrolase [Escherichia coli]
spoT	WP_001478504	K662I	662	662	K	I	K	K	99.715	100.0	702	702	702	1455.0	bifunctional GTP diphosphokinase/guanosine-3',5'-bis pyrophosphate 3'-pyrophosphohydrolase [Escherichia coli]
spoT	WP_000280482	K662I	662	662	K	I	K	K	99.573	100.0	702	702	702	1455.0	MULTISPECIES: bifunctional GTP diphosphokinase/guanosine-3',5'-bis pyrophosphate 3'-pyrophosphohydrolase [Escherichia]
spoT	WP_001645975	K662I	662	662	K	I	K	K	99.715	100.0	702	702	702	1455.0	bifunctional GTP diphosphokinase/guanosine-3',5'-bis pyrophosphate 3'-pyrophosphohydrolase [Escherichia coli]
spoT	WP_258125861	K662I	662	662	K	I	K	K	99.715	100.0	702	702	702	1455.0	bifunctional GTP diphosphokinase/guanosine-3',5'-bis pyrophosphate 3'-pyrophosphohydrolase [Escherichia coli]
spoT	WP_001604112	K662I	662	662	K	I	K	K	99.573	100.0	702	702	702	1454.0	bifunctional GTP diphosphokinase/guanosine-3',5'-bis pyrophosphate 3'-pyrophosphohydrolase [Escherichia coli]
spoT	WP_305769082	K662I	662	662	K	I	K	K	99.715	100.0	702	702	702	1454.0	bifunctional GTP diphosphokinase/guanosine-3',5'-bis pyrophosphate 3'-pyrophosphohydrolase [Escherichia coli]
spoT	WP_437601304	K662I	662	662	K	I	K	K	99.715	100.0	702	702	702	1454.0	bifunctional GTP diphosphokinase/guanosine-3',5'-bis pyrophosphate 3'-pyrophosphohydrolase [Escherichia coli]
spoT	WP_139555462	K662I	662	662	K	I	K	K	99.715	100.0	702	702	702	1454.0	bifunctional GTP diphosphokinase/guanosine-3',5'-bis pyrophosphate 3'-pyrophosphohydrolase [Escherichia coli]
spoT	WP_088129457	K662I	662	662	K	I	K	K	99.573	100.0	702	702	702	1454.0	bifunctional GTP diphosphokinase/guanosine-3',5'-bis pyrophosphate 3'-pyrophosphohydrolase [Escherichia coli]
spoT	WP_123291653	K662I	662	662	K	I	K	K	99.715	100.0	702	702	702	1454.0	bifunctional GTP diphosphokinase/guanosine-3',5'-bis pyrophosphate 3'-pyrophosphohydrolase [Escherichia coli]
spoT	WP_001712168	K662I	662	662	K	I	K	K	99.715	100.0	702	702	702	1454.0	bifunctional GTP diphosphokinase/guanosine-3',5'-bis pyrophosphate 3'-pyrophosphohydrolase [Escherichia coli]
spoT	WP_000280462	K662I	662	662	K	I	K	K	99.715	100.0	702	702	702	1454.0	bifunctional GTP diphosphokinase/guanosine-3',5'-bis pyrophosphate 3'-pyrophosphohydrolase [Escherichia coli]
spoT	WP_103774613	K662I	662	662	K	I	K	K	99.715	100.0	702	702	702	1454.0	bifunctional GTP diphosphokinase/guanosine-3',5'-bis pyrophosphate 3'-pyrophosphohydrolase [Escherichia coli]
spoT	WP_429872858	K662I	662	662	K	I	K	K	99.573	100.0	702	702	702	1454.0	bifunctional GTP diphosphokinase/guanosine-3',5'-bis pyrophosphate 3'-pyrophosphohydrolase [Escherichia coli]
spoT	WP_396004919	K662I	662	662	K	I	K	K	99.715	100.0	702	702	702	1454.0	bifunctional GTP diphosphokinase/guanosine-3',5'-bis pyrophosphate 3'-pyrophosphohydrolase [Escherichia coli]
spoT	WP_105273444	K662I	662	662	K	I	K	K	99.573	100.0	702	702	702	1454.0	bifunctional GTP diphosphokinase/guanosine-3',5'-bis pyrophosphate 3'-pyrophosphohydrolase [Escherichia sp. MOD1-EC7003]
spoT	WP_410242083	K662I	662	662	K	I	K	K	99.715	100.0	702	702	702	1454.0	bifunctional GTP diphosphokinase/guanosine-3',5'-bis pyrophosphate 3'-pyrophosphohydrolase [Escherichia coli]
spoT	WP_001485090	K662I	662	662	K	I	K	K	99.573	100.0	702	702	702	1454.0	bifunctional GTP diphosphokinase/guanosine-3',5'-bis pyrophosphate 3'-pyrophosphohydrolase [Escherichia coli]
spoT	WP_059340628	K662I	662	662	K	I	K	K	99.715	100.0	702	702	702	1454.0	bifunctional GTP diphosphokinase/guanosine-3',5'-bis pyrophosphate 3'-pyrophosphohydrolase [Escherichia coli]
spoT	WP_286519628	K662I	662	662	K	I	K	K	99.573	100.0	702	702	702	1454.0	bifunctional GTP diphosphokinase/guanosine-3',5'-bis pyrophosphate 3'-pyrophosphohydrolase [Escherichia coli]
spoT	WP_153983928	K662I	662	662	K	I	K	K	99.715	100.0	702	702	702	1454.0	bifunctional GTP diphosphokinase/guanosine-3',5'-bis pyrophosphate 3'-pyrophosphohydrolase [Escherichia coli]
spoT	WP_000280499	K662I	662	664	K	I	K	K	99.574	100.0	702	704	704	1454.0	bifunctional GTP diphosphokinase/guanosine-3',5'-bis pyrophosphate 3'-pyrophosphohydrolase [Escherichia coli]
spoT	WP_225393682	K662I	662	662	K	I	K	K	99.573	100.0	702	702	702	1454.0	bifunctional GTP diphosphokinase/guanosine-3',5'-bis pyrophosphate 3'-pyrophosphohydrolase [Escherichia coli]
spoT	WP_001508077	K662I	662	662	K	I	K	K	99.715	100.0	702	702	702	1454.0	bifunctional GTP diphosphokinase/guanosine-3',5'-bis pyrophosphate 3'-pyrophosphohydrolase [Escherichia coli]
spoT	WP_416043567	K662I	662	662	K	I	K	K	99.573	100.0	702	702	702	1454.0	bifunctional GTP diphosphokinase/guanosine-3',5'-bis pyrophosphate 3'-pyrophosphohydrolase [Escherichia coli]
spoT	WP_097482898	K662I	662	662	K	I	K	K	99.43	100.0	702	702	702	1454.0	bifunctional GTP diphosphokinase/guanosine-3',5'-bis pyrophosphate 3'-pyrophosphohydrolase [Escherichia coli]
spoT	WP_105285027	K662I	662	662	K	I	K	K	99.43	100.0	702	702	702	1454.0	MULTISPECIES: bifunctional GTP diphosphokinase/guanosine-3',5'-bis pyrophosphate 3'-pyrophosphohydrolase [Escherichia]
spoT	WP_023150915	K662I	662	662	K	I	K	K	99.573	100.0	702	702	702	1454.0	bifunctional GTP diphosphokinase/guanosine-3',5'-bis pyrophosphate 3'-pyrophosphohydrolase [Escherichia coli]
spoT	WP_311014876	K662I	662	662	K	I	K	K	99.43	100.0	702	702	702	1454.0	bifunctional GTP diphosphokinase/guanosine-3',5'-bis pyrophosphate 3'-pyrophosphohydrolase [Escherichia coli]
spoT	WP_001631907	K662I	662	662	K	I	K	K	99.715	100.0	702	702	702	1453.0	bifunctional GTP diphosphokinase/guanosine-3',5'-bis pyrophosphate 3'-pyrophosphohydrolase [Escherichia coli]
spoT	WP_001731618	K662I	662	662	K	I	K	K	99.715	100.0	702	702	702	1453.0	bifunctional GTP diphosphokinase/guanosine-3',5'-bis pyrophosphate 3'-pyrophosphohydrolase [Escherichia coli]
spoT	WP_222656149	K662I	662	662	K	I	K	K	99.43	100.0	702	702	702	1453.0	bifunctional GTP diphosphokinase/guanosine-3',5'-bis pyrophosphate 3'-pyrophosphohydrolase [Escherichia marmotae]
spoT	WP_001417031	K662I	662	662	K	I	K	K	99.573	100.0	702	702	702	1453.0	bifunctional GTP diphosphokinase/guanosine-3',5'-bis pyrophosphate 3'-pyrophosphohydrolase [Escherichia coli]
spoT	WP_169758514	K662I	662	662	K	I	K	K	99.715	100.0	702	702	702	1453.0	bifunctional GTP diphosphokinase/guanosine-3',5'-bis pyrophosphate 3'-pyrophosphohydrolase [Escherichia coli]
spoT	WP_001634823	K662I	662	662	K	I	K	K	99.715	100.0	702	702	702	1453.0	bifunctional GTP diphosphokinase/guanosine-3',5'-bis pyrophosphate 3'-pyrophosphohydrolase [Escherichia coli]
spoT	WP_222689452	K662I	662	662	K	I	K	K	99.573	100.0	702	702	702	1453.0	bifunctional GTP diphosphokinase/guanosine-3',5'-bis pyrophosphate 3'-pyrophosphohydrolase [Escherichia fergusonii]
spoT	WP_001489112	K662I	662	662	K	I	K	K	99.573	100.0	702	702	702	1453.0	bifunctional GTP diphosphokinase/guanosine-3',5'-bis pyrophosphate 3'-pyrophosphohydrolase [Escherichia coli]
spoT	WP_311009258	K662I	662	662	K	I	K	K	99.573	100.0	702	702	702	1452.0	bifunctional GTP diphosphokinase/guanosine-3',5'-bis pyrophosphate 3'-pyrophosphohydrolase [Shigella boydii]
spoT	WP_000280469	K662I	662	662	K	I	K	K	99.43	100.0	702	702	702	1452.0	MULTISPECIES: bifunctional GTP diphosphokinase/guanosine-3',5'-bis pyrophosphate 3'-pyrophosphohydrolase [Escherichia]
spoT	WP_318745988	K662I	662	665	K	I	K	K	99.433	100.0	702	705	705	1452.0	bifunctional GTP diphosphokinase/guanosine-3',5'-bis pyrophosphate 3'-pyrophosphohydrolase [Escherichia coli]
spoT	WP_032304059	K662I	662	662	K	I	K	K	99.43	100.0	702	702	702	1452.0	MULTISPECIES: bifunctional GTP diphosphokinase/guanosine-3',5'-bis pyrophosphate 3'-pyrophosphohydrolase [Escherichia]
spoT	WP_304529571	K662I	662	662	K	I	K	K	99.573	100.0	702	702	702	1452.0	bifunctional GTP diphosphokinase/guanosine-3',5'-bis pyrophosphate 3'-pyrophosphohydrolase [Escherichia coli]
spoT	WP_237849412	K662I	662	662	K	I	K	K	99.43	100.0	702	702	702	1452.0	bifunctional GTP diphosphokinase/guanosine-3',5'-bis pyrophosphate 3'-pyrophosphohydrolase [Klebsiella pneumoniae]
spoT	WP_000280466	K662I	662	662	K	I	K	K	99.288	100.0	702	702	702	1452.0	MULTISPECIES: bifunctional GTP diphosphokinase/guanosine-3',5'-bis pyrophosphate 3'-pyrophosphohydrolase [Escherichia]
spoT	WP_134241543	K662I	662	662	K	I	K	K	99.573	100.0	702	702	702	1452.0	bifunctional GTP diphosphokinase/guanosine-3',5'-bis pyrophosphate 3'-pyrophosphohydrolase [Escherichia coli]
spoT	WP_054496202	K662I	662	662	K	I	K	K	99.43	100.0	702	702	702	1452.0	bifunctional GTP diphosphokinase/guanosine-3',5'-bis pyrophosphate 3'-pyrophosphohydrolase [Escherichia coli]
spoT	WP_001709396	K662I	662	662	K	I	K	K	99.573	100.0	702	702	702	1452.0	bifunctional GTP diphosphokinase/guanosine-3',5'-bis pyrophosphate 3'-pyrophosphohydrolase [Escherichia coli]
spoT	WP_167585947	K662I	662	662	K	I	K	K	99.288	100.0	702	702	702	1452.0	bifunctional GTP diphosphokinase/guanosine-3',5'-bis pyrophosphate 3'-pyrophosphohydrolase [Escherichia coli]
spoT	WP_001713674	K662I	662	662	K	I	K	K	99.573	100.0	702	702	702	1452.0	bifunctional GTP diphosphokinase/guanosine-3',5'-bis pyrophosphate 3'-pyrophosphohydrolase [Escherichia coli]
spoT	WP_064526044	K662I	662	662	K	I	K	K	99.288	100.0	702	702	702	1452.0	MULTISPECIES: bifunctional GTP diphosphokinase/guanosine-3',5'-bis pyrophosphate 3'-pyrophosphohydrolase [Escherichia]
spoT	WP_000280472	K662I	662	662	K	I	K	K	99.288	100.0	702	702	702	1451.0	MULTISPECIES: bifunctional GTP diphosphokinase/guanosine-3',5'-bis pyrophosphate 3'-pyrophosphohydrolase [Escherichia]
spoT	WP_335095639	K662I	662	662	K	I	K	K	99.43	100.0	702	702	702	1451.0	bifunctional GTP diphosphokinase/guanosine-3',5'-bis pyrophosphate 3'-pyrophosphohydrolase [Escherichia fergusonii]
spoT	WP_223671438	K662I	662	662	K	I	K	K	99.288	100.0	702	702	702	1451.0	bifunctional GTP diphosphokinase/guanosine-3',5'-bis pyrophosphate 3'-pyrophosphohydrolase [Escherichia fergusonii]
spoT	WP_181672877	K662I	662	662	K	I	K	K	99.288	100.0	702	702	702	1451.0	bifunctional GTP diphosphokinase/guanosine-3',5'-bis pyrophosphate 3'-pyrophosphohydrolase [Escherichia fergusonii]
spoT	WP_000280476	K662I	662	664	K	I	K	K	99.432	100.0	702	704	704	1451.0	bifunctional GTP diphosphokinase/guanosine-3',5'-bis pyrophosphate 3'-pyrophosphohydrolase [Escherichia coli]
spoT	WP_328080130	K662I	662	662	K	I	K	K	99.145	100.0	702	702	702	1451.0	bifunctional GTP diphosphokinase/guanosine-3',5'-bis pyrophosphate 3'-pyrophosphohydrolase [Escherichia marmotae]
spoT	WP_308064235	K662I	662	662	K	I	K	K	99.145	100.0	702	702	702	1451.0	bifunctional GTP diphosphokinase/guanosine-3',5'-bis pyrophosphate 3'-pyrophosphohydrolase [Escherichia marmotae]
spoT	WP_196081752	K662I	662	662	K	I	K	K	99.288	100.0	702	702	702	1451.0	bifunctional GTP diphosphokinase/guanosine-3',5'-bis pyrophosphate 3'-pyrophosphohydrolase [Escherichia fergusonii]
spoT	WP_240828912	K662I	662	662	K	I	K	K	99.288	100.0	702	702	702	1451.0	N/A
spoT	WP_126511062	K662I	662	662	K	I	K	K	99.145	100.0	702	702	702	1451.0	bifunctional GTP diphosphokinase/guanosine-3',5'-bis pyrophosphate 3'-pyrophosphohydrolase [Escherichia marmotae]
spoT	WP_181588152	K662I	662	662	K	I	K	K	99.288	100.0	702	702	702	1451.0	bifunctional GTP diphosphokinase/guanosine-3',5'-bis pyrophosphate 3'-pyrophosphohydrolase [Escherichia fergusonii]
spoT	WP_108964040	K662I	662	664	K	I	K	K	99.432	100.0	702	704	704	1451.0	bifunctional GTP diphosphokinase/guanosine-3',5'-bis pyrophosphate 3'-pyrophosphohydrolase [Escherichia coli]
spoT	WP_275364837	K662I	662	662	K	I	K	K	99.145	100.0	702	702	702	1451.0	bifunctional GTP diphosphokinase/guanosine-3',5'-bis pyrophosphate 3'-pyrophosphohydrolase [Escherichia marmotae]
spoT	WP_000280471	K662I	662	662	K	I	K	K	99.145	100.0	702	702	702	1450.0	MULTISPECIES: bifunctional GTP diphosphokinase/guanosine-3',5'-bis pyrophosphate 3'-pyrophosphohydrolase [Escherichia]
spoT	WP_413403373	K662I	662	662	K	I	K	K	99.43	100.0	702	702	702	1450.0	bifunctional GTP diphosphokinase/guanosine-3',5'-bis pyrophosphate 3'-pyrophosphohydrolase [Escherichia coli]
spoT	WP_426472645	K662I	662	662	K	I	K	K	99.145	100.0	702	702	702	1450.0	bifunctional GTP diphosphokinase/guanosine-3',5'-bis pyrophosphate 3'-pyrophosphohydrolase [Escherichia marmotae]
spoT	WP_136148496	K662I	662	662	K	I	K	K	99.43	100.0	702	702	702	1450.0	bifunctional GTP diphosphokinase/guanosine-3',5'-bis pyrophosphate 3'-pyrophosphohydrolase [Escherichia coli]
spoT	WP_157276307	K662I	662	662	K	I	K	K	99.288	100.0	702	702	702	1449.0	bifunctional GTP diphosphokinase/guanosine-3',5'-bis pyrophosphate 3'-pyrophosphohydrolase [Escherichia coli]
spoT	WP_181575994	K662I	662	662	K	I	K	K	99.288	100.0	702	702	702	1449.0	bifunctional GTP diphosphokinase/guanosine-3',5'-bis pyrophosphate 3'-pyrophosphohydrolase [Escherichia fergusonii]
spoT	WP_105268082	K662I	662	662	K	I	K	K	99.145	100.0	702	702	702	1449.0	bifunctional GTP diphosphokinase/guanosine-3',5'-bis pyrophosphate 3'-pyrophosphohydrolase [Escherichia sp. MOD1-EC5427]
spoT	WP_333001310	K662I	662	662	K	I	K	K	99.288	100.0	702	702	702	1449.0	bifunctional GTP diphosphokinase/guanosine-3',5'-bis pyrophosphate 3'-pyrophosphohydrolase [Escherichia fergusonii]
spoT	WP_433797705	K662I	662	662	K	I	K	K	99.145	100.0	702	702	702	1449.0	bifunctional GTP diphosphokinase/guanosine-3',5'-bis pyrophosphate 3'-pyrophosphohydrolase [Escherichia marmotae]
spoT	WP_181237079	K662I	662	662	K	I	K	K	99.145	100.0	702	702	702	1449.0	bifunctional GTP diphosphokinase/guanosine-3',5'-bis pyrophosphate 3'-pyrophosphohydrolase [Escherichia marmotae]
spoT	WP_258203772	K662I	662	662	K	I	K	K	99.145	100.0	702	702	702	1449.0	bifunctional GTP diphosphokinase/guanosine-3',5'-bis pyrophosphate 3'-pyrophosphohydrolase [Escherichia marmotae]
spoT	WP_023063303	K662I	662	659	K	I	K	K	99.573	100.0	702	699	699	1449.0	bifunctional GTP diphosphokinase/guanosine-3',5'-bis pyrophosphate 3'-pyrophosphohydrolase [Escherichia coli]
spoT	WP_473775629	K662I	662	662	K	I	K	K	99.145	100.0	702	702	702	1449.0	N/A
spoT	WP_105270547	K662I	662	662	K	I	K	K	99.145	100.0	702	702	702	1448.0	bifunctional GTP diphosphokinase/guanosine-3',5'-bis pyrophosphate 3'-pyrophosphohydrolase [Escherichia sp. MOD1-EC5451]
spoT	WP_410405079	K662I	662	662	K	I	K	K	99.003	100.0	702	702	702	1448.0	bifunctional GTP diphosphokinase/guanosine-3',5'-bis pyrophosphate 3'-pyrophosphohydrolase [Escherichia marmotae]
spoT	WP_000280470	K662I	662	662	K	I	K	K	99.145	100.0	702	702	702	1448.0	bifunctional GTP diphosphokinase/guanosine-3',5'-bis pyrophosphate 3'-pyrophosphohydrolase [Escherichia fergusonii]
spoT	WP_046077011	K662I	662	662	K	I	K	K	99.288	100.0	702	702	702	1448.0	bifunctional GTP diphosphokinase/guanosine-3',5'-bis pyrophosphate 3'-pyrophosphohydrolase [Escherichia fergusonii]
spoT	WP_223667037	K662I	662	662	K	I	K	K	99.145	100.0	702	702	702	1448.0	bifunctional GTP diphosphokinase/guanosine-3',5'-bis pyrophosphate 3'-pyrophosphohydrolase [Escherichia fergusonii]
spoT	WP_375093456	K662I	662	662	K	I	K	K	99.288	100.0	702	702	702	1447.0	bifunctional GTP diphosphokinase/guanosine-3',5'-bis pyrophosphate 3'-pyrophosphohydrolase [Escherichia fergusonii]
spoT	WP_333950325	K662I	662	662	K	I	K	K	99.145	100.0	702	702	702	1447.0	bifunctional GTP diphosphokinase/guanosine-3',5'-bis pyrophosphate 3'-pyrophosphohydrolase [Escherichia marmotae]
spoT	WP_000280493	K662I	662	659	K	I	K	K	99.43	100.0	702	699	699	1447.0	bifunctional GTP diphosphokinase/guanosine-3',5'-bis pyrophosphate 3'-pyrophosphohydrolase [Escherichia coli]
spoT	WP_270009652	K662I	662	659	K	I	K	K	99.288	100.0	702	699	699	1444.0	bifunctional GTP diphosphokinase/guanosine-3',5'-bis pyrophosphate 3'-pyrophosphohydrolase [Escherichia coli]
spoT	WP_107193164	K662I	662	662	K	I	K	K	98.433	100.0	702	702	702	1439.0	bifunctional GTP diphosphokinase/guanosine-3',5'-bis pyrophosphate 3'-pyrophosphohydrolase [Escherichia albertii]
spoT	WP_000280465	K662I	662	662	K	I	K	K	98.433	100.0	702	702	702	1439.0	bifunctional GTP diphosphokinase/guanosine-3',5'-bis pyrophosphate 3'-pyrophosphohydrolase [Escherichia albertii]
spoT	WP_137647514	K662I	662	662	K	I	K	K	98.291	100.0	702	702	702	1438.0	bifunctional GTP diphosphokinase/guanosine-3',5'-bis pyrophosphate 3'-pyrophosphohydrolase [Escherichia albertii]
spoT	WP_124866538	K662I	662	662	K	I	K	K	98.291	100.0	702	702	702	1438.0	bifunctional GTP diphosphokinase/guanosine-3',5'-bis pyrophosphate 3'-pyrophosphohydrolase [Escherichia albertii]
spoT	WP_340441712	K662I	662	662	K	I	K	K	98.291	100.0	702	702	702	1438.0	bifunctional GTP diphosphokinase/guanosine-3',5'-bis pyrophosphate 3'-pyrophosphohydrolase [Escherichia albertii]
spoT	WP_105632905	K662I	662	662	K	I	K	K	98.291	100.0	702	702	702	1438.0	bifunctional GTP diphosphokinase/guanosine-3',5'-bis pyrophosphate 3'-pyrophosphohydrolase [Escherichia albertii]
spoT	WP_059277641	K662I	662	662	K	I	K	K	98.291	100.0	702	702	702	1438.0	bifunctional GTP diphosphokinase/guanosine-3',5'-bis pyrophosphate 3'-pyrophosphohydrolase [Escherichia albertii]
spoT	WP_204619809	K662I	662	662	K	I	K	K	98.291	100.0	702	702	702	1438.0	bifunctional GTP diphosphokinase/guanosine-3',5'-bis pyrophosphate 3'-pyrophosphohydrolase [Escherichia albertii]
spoT	WP_273813889	K662I	662	662	K	I	K	K	98.291	100.0	702	702	702	1438.0	bifunctional GTP diphosphokinase/guanosine-3',5'-bis pyrophosphate 3'-pyrophosphohydrolase [Escherichia albertii]
spoT	WP_000280464	K662I	662	662	K	I	K	K	98.291	100.0	702	702	702	1437.0	bifunctional GTP diphosphokinase/guanosine-3',5'-bis pyrophosphate 3'-pyrophosphohydrolase [Escherichia albertii]
spoT	WP_149450492	K662I	662	662	K	I	K	K	98.291	100.0	702	702	702	1437.0	bifunctional GTP diphosphokinase/guanosine-3',5'-bis pyrophosphate 3'-pyrophosphohydrolase [Escherichia albertii]
spoT	WP_149454974	K662I	662	662	K	I	K	K	98.291	100.0	702	702	702	1437.0	bifunctional GTP diphosphokinase/guanosine-3',5'-bis pyrophosphate 3'-pyrophosphohydrolase [Escherichia albertii]
spoT	WP_124782682	K662I	662	662	K	I	K	K	98.291	100.0	702	702	702	1437.0	bifunctional GTP diphosphokinase/guanosine-3',5'-bis pyrophosphate 3'-pyrophosphohydrolase [Escherichia albertii]
spoT	WP_059258598	K662I	662	662	K	I	K	K	98.291	100.0	702	702	702	1437.0	bifunctional GTP diphosphokinase/guanosine-3',5'-bis pyrophosphate 3'-pyrophosphohydrolase [Escherichia albertii]
spoT	WP_273812581	K662I	662	662	K	I	K	K	98.291	100.0	702	702	702	1436.0	bifunctional GTP diphosphokinase/guanosine-3',5'-bis pyrophosphate 3'-pyrophosphohydrolase [Escherichia albertii]
spoT	WP_113640845	K662I	662	662	K	I	K	K	98.291	100.0	702	702	702	1436.0	bifunctional GTP diphosphokinase/guanosine-3',5'-bis pyrophosphate 3'-pyrophosphohydrolase [Escherichia albertii]
spoT	WP_059242282	K662I	662	662	K	I	K	K	98.291	100.0	702	702	702	1435.0	bifunctional GTP diphosphokinase/guanosine-3',5'-bis pyrophosphate 3'-pyrophosphohydrolase [Escherichia albertii]
spoT	WP_047460231	K662I	662	663	K	I	K	K	98.009	100.0	702	703	703	1432.0	MULTISPECIES: bifunctional GTP diphosphokinase/guanosine-3',5'-bis pyrophosphate 3'-pyrophosphohydrolase [Citrobacter]
spoT	WP_392496615	K662I	662	663	K	I	K	K	98.151	100.0	702	703	703	1432.0	bifunctional GTP diphosphokinase/guanosine-3',5'-bis pyrophosphate 3'-pyrophosphohydrolase [Salmonella enterica]
spoT	WP_000280481	K662I	662	663	K	I	K	K	98.151	100.0	702	703	703	1432.0	MULTISPECIES: bifunctional GTP diphosphokinase/guanosine-3',5'-bis pyrophosphate 3'-pyrophosphohydrolase [Salmonella]
spoT	WP_080194169	K662I	662	663	K	I	K	K	98.151	100.0	702	703	703	1432.0	bifunctional GTP diphosphokinase/guanosine-3',5'-bis pyrophosphate 3'-pyrophosphohydrolase [Salmonella enterica]
spoT	WP_070827919	K662I	662	663	K	I	K	K	98.009	100.0	702	703	703	1432.0	bifunctional GTP diphosphokinase/guanosine-3',5'-bis pyrophosphate 3'-pyrophosphohydrolase [Salmonella enterica]
spoT	WP_191968835	K662I	662	663	K	I	K	K	98.009	100.0	702	703	703	1432.0	bifunctional GTP diphosphokinase/guanosine-3',5'-bis pyrophosphate 3'-pyrophosphohydrolase [Salmonella enterica]
spoT	WP_012908112	K662I	662	665	K	I	K	K	97.872	100.0	702	705	705	1432.0	bifunctional GTP diphosphokinase/guanosine-3',5'-bis pyrophosphate 3'-pyrophosphohydrolase [Citrobacter rodentium]
spoT	WP_000280500	K662I	662	663	K	I	K	K	98.009	100.0	702	703	703	1431.0	bifunctional GTP diphosphokinase/guanosine-3',5'-bis pyrophosphate 3'-pyrophosphohydrolase [Salmonella enterica]
spoT	WP_303075295	K662I	662	663	K	I	K	K	98.009	100.0	702	703	703	1431.0	bifunctional GTP diphosphokinase/guanosine-3',5'-bis pyrophosphate 3'-pyrophosphohydrolase [Salmonella enterica]
spoT	WP_486441304	K662I	662	663	K	I	K	K	98.009	100.0	702	703	703	1431.0	N/A
spoT	WP_439008159	K662I	662	663	K	I	K	K	98.151	100.0	702	703	703	1431.0	bifunctional GTP diphosphokinase/guanosine-3',5'-bis pyrophosphate 3'-pyrophosphohydrolase [Salmonella enterica]
spoT	WP_342688426	K662I	662	663	K	I	K	K	98.151	100.0	702	703	703	1431.0	bifunctional GTP diphosphokinase/guanosine-3',5'-bis pyrophosphate 3'-pyrophosphohydrolase [Salmonella enterica]
spoT	WP_263936135	K662I	662	663	K	I	K	K	98.009	100.0	702	703	703	1431.0	bifunctional GTP diphosphokinase/guanosine-3',5'-bis pyrophosphate 3'-pyrophosphohydrolase [Salmonella enterica]
spoT	WP_001714181	K662I	662	663	K	I	K	K	98.009	100.0	702	703	703	1431.0	MULTISPECIES: bifunctional GTP diphosphokinase/guanosine-3',5'-bis pyrophosphate 3'-pyrophosphohydrolase [Salmonella]
spoT	WP_094204726	K662I	662	663	K	I	K	K	98.009	100.0	702	703	703	1431.0	bifunctional GTP diphosphokinase/guanosine-3',5'-bis pyrophosphate 3'-pyrophosphohydrolase [Salmonella enterica]
spoT	WP_058668291	K662I	662	663	K	I	K	K	97.866	100.0	702	703	703	1431.0	MULTISPECIES: bifunctional GTP diphosphokinase/guanosine-3',5'-bis pyrophosphate 3'-pyrophosphohydrolase [Citrobacter]
spoT	WP_104868011	K662I	662	663	K	I	K	K	97.866	100.0	702	703	703	1431.0	MULTISPECIES: bifunctional GTP diphosphokinase/guanosine-3',5'-bis pyrophosphate 3'-pyrophosphohydrolase [Citrobacter]
spoT	WP_042287072	K662I	662	665	K	I	K	K	97.872	100.0	702	705	705	1431.0	MULTISPECIES: bifunctional GTP diphosphokinase/guanosine-3',5'-bis pyrophosphate 3'-pyrophosphohydrolase [Citrobacter]
spoT	WP_047624803	K662I	662	663	K	I	K	K	98.009	100.0	702	703	703	1431.0	bifunctional GTP diphosphokinase/guanosine-3',5'-bis pyrophosphate 3'-pyrophosphohydrolase [Salmonella enterica]
spoT	WP_099825973	K662I	662	663	K	I	K	K	98.009	100.0	702	703	703	1431.0	bifunctional GTP diphosphokinase/guanosine-3',5'-bis pyrophosphate 3'-pyrophosphohydrolase [Salmonella enterica]
spoT	WP_252305013	K662I	662	663	K	I	K	K	98.151	100.0	702	703	703	1431.0	bifunctional GTP diphosphokinase/guanosine-3',5'-bis pyrophosphate 3'-pyrophosphohydrolase [Salmonella enterica]
spoT	WP_084543265	K662I	662	663	K	I	K	K	98.009	100.0	702	703	703	1431.0	bifunctional GTP diphosphokinase/guanosine-3',5'-bis pyrophosphate 3'-pyrophosphohydrolase [Salmonella enterica]
spoT	WP_080214309	K662I	662	663	K	I	K	K	98.009	100.0	702	703	703	1431.0	bifunctional GTP diphosphokinase/guanosine-3',5'-bis pyrophosphate 3'-pyrophosphohydrolase [Salmonella enterica]
spoT	WP_484336458	K662I	662	663	K	I	K	K	98.009	100.0	702	703	703	1431.0	N/A
spoT	WP_118998305	K662I	662	663	K	I	K	K	98.009	100.0	702	703	703	1431.0	bifunctional GTP diphosphokinase/guanosine-3',5'-bis pyrophosphate 3'-pyrophosphohydrolase [Salmonella enterica]
spoT	WP_183048420	K662I	662	663	K	I	K	K	98.009	100.0	702	703	703	1431.0	bifunctional GTP diphosphokinase/guanosine-3',5'-bis pyrophosphate 3'-pyrophosphohydrolase [Salmonella enterica]
spoT	WP_080225819	K662I	662	663	K	I	K	K	98.009	100.0	702	703	703	1431.0	bifunctional GTP diphosphokinase/guanosine-3',5'-bis pyrophosphate 3'-pyrophosphohydrolase [Salmonella enterica]
spoT	WP_463605515	K662I	662	663	K	I	K	K	98.009	100.0	702	703	703	1430.0	N/A
spoT	WP_150363257	K662I	662	663	K	I	K	K	98.009	100.0	702	703	703	1430.0	bifunctional GTP diphosphokinase/guanosine-3',5'-bis pyrophosphate 3'-pyrophosphohydrolase [Salmonella enterica]
spoT	WP_000280498	K662I	662	663	K	I	K	K	98.009	100.0	702	703	703	1430.0	MULTISPECIES: bifunctional GTP diphosphokinase/guanosine-3',5'-bis pyrophosphate 3'-pyrophosphohydrolase [Salmonella]
spoT	WP_303083416	K662I	662	663	K	I	K	K	98.009	100.0	702	703	703	1430.0	bifunctional GTP diphosphokinase/guanosine-3',5'-bis pyrophosphate 3'-pyrophosphohydrolase [Salmonella enterica]
spoT	WP_308302782	K662I	662	663	K	I	K	K	98.009	100.0	702	703	703	1430.0	bifunctional GTP diphosphokinase/guanosine-3',5'-bis pyrophosphate 3'-pyrophosphohydrolase [Salmonella enterica]
spoT	WP_016715991	K662I	662	663	K	I	K	K	98.009	100.0	702	703	703	1430.0	bifunctional GTP diphosphokinase/guanosine-3',5'-bis pyrophosphate 3'-pyrophosphohydrolase [Salmonella enterica]
spoT	WP_438795411	K662I	662	663	K	I	K	K	98.009	100.0	702	703	703	1430.0	bifunctional GTP diphosphokinase/guanosine-3',5'-bis pyrophosphate 3'-pyrophosphohydrolase [Salmonella sp. NW616]
spoT	WP_368316171	K662I	662	648	K	I	K	K	99.855	98.0	702	688	688	1430.0	bifunctional GTP diphosphokinase/guanosine-3',5'-bis pyrophosphate 3'-pyrophosphohydrolase [Escherichia coli]
spoT	WP_265278982	K662I	662	663	K	I	K	K	97.866	100.0	702	703	703	1430.0	bifunctional GTP diphosphokinase/guanosine-3',5'-bis pyrophosphate 3'-pyrophosphohydrolase [Salmonella enterica]
spoT	WP_308313222	K662I	662	663	K	I	K	K	98.009	100.0	702	703	703	1430.0	bifunctional GTP diphosphokinase/guanosine-3',5'-bis pyrophosphate 3'-pyrophosphohydrolase [Salmonella enterica]
spoT	WP_023181614	K662I	662	663	K	I	K	K	98.009	100.0	702	703	703	1430.0	bifunctional GTP diphosphokinase/guanosine-3',5'-bis pyrophosphate 3'-pyrophosphohydrolase [Salmonella enterica]
spoT	WP_080075710	K662I	662	663	K	I	K	K	98.009	100.0	702	703	703	1430.0	bifunctional GTP diphosphokinase/guanosine-3',5'-bis pyrophosphate 3'-pyrophosphohydrolase [Salmonella enterica]
spoT	WP_260819082	K662I	662	663	K	I	K	K	98.009	100.0	702	703	703	1430.0	bifunctional GTP diphosphokinase/guanosine-3',5'-bis pyrophosphate 3'-pyrophosphohydrolase [Salmonella enterica]
spoT	WP_203439192	K662I	662	663	K	I	K	K	98.009	100.0	702	703	703	1430.0	bifunctional GTP diphosphokinase/guanosine-3',5'-bis pyrophosphate 3'-pyrophosphohydrolase [Salmonella enterica]
spoT	WP_269720192	K662I	662	663	K	I	K	K	98.009	100.0	702	703	703	1430.0	bifunctional GTP diphosphokinase/guanosine-3',5'-bis pyrophosphate 3'-pyrophosphohydrolase [Salmonella enterica]
spoT	WP_122822037	K662I	662	663	K	I	K	K	98.009	100.0	702	703	703	1430.0	bifunctional GTP diphosphokinase/guanosine-3',5'-bis pyrophosphate 3'-pyrophosphohydrolase [Salmonella enterica]
spoT	WP_023211805	K662I	662	663	K	I	K	K	98.009	100.0	702	703	703	1430.0	bifunctional GTP diphosphokinase/guanosine-3',5'-bis pyrophosphate 3'-pyrophosphohydrolase [Salmonella enterica]
spoT	WP_097176763	K662I	662	663	K	I	K	K	98.009	100.0	702	703	703	1430.0	bifunctional GTP diphosphokinase/guanosine-3',5'-bis pyrophosphate 3'-pyrophosphohydrolase [Salmonella enterica]
spoT	WP_154080060	K662I	662	663	K	I	K	K	98.009	100.0	702	703	703	1430.0	bifunctional GTP diphosphokinase/guanosine-3',5'-bis pyrophosphate 3'-pyrophosphohydrolase [Salmonella enterica]
spoT	WP_138013131	K662I	662	663	K	I	K	K	98.009	100.0	702	703	703	1430.0	bifunctional GTP diphosphokinase/guanosine-3',5'-bis pyrophosphate 3'-pyrophosphohydrolase [Salmonella enterica]
spoT	WP_079809077	K662I	662	663	K	I	K	K	98.009	100.0	702	703	703	1430.0	bifunctional GTP diphosphokinase/guanosine-3',5'-bis pyrophosphate 3'-pyrophosphohydrolase [Salmonella enterica]
spoT	WP_080097156	K662I	662	663	K	I	K	K	98.009	100.0	702	703	703	1430.0	bifunctional GTP diphosphokinase/guanosine-3',5'-bis pyrophosphate 3'-pyrophosphohydrolase [Salmonella enterica]
spoT	WP_097369018	K662I	662	663	K	I	K	K	98.009	100.0	702	703	703	1430.0	bifunctional GTP diphosphokinase/guanosine-3',5'-bis pyrophosphate 3'-pyrophosphohydrolase [Salmonella enterica]
spoT	WP_079956027	K662I	662	663	K	I	K	K	98.009	100.0	702	703	703	1430.0	bifunctional GTP diphosphokinase/guanosine-3',5'-bis pyrophosphate 3'-pyrophosphohydrolase [Salmonella enterica]
spoT	WP_039500058	K662I	662	663	K	I	K	K	98.009	100.0	702	703	703	1430.0	bifunctional GTP diphosphokinase/guanosine-3',5'-bis pyrophosphate 3'-pyrophosphohydrolase [Salmonella enterica]
spoT	WP_000280480	K662I	662	663	K	I	K	K	98.009	100.0	702	703	703	1430.0	bifunctional GTP diphosphokinase/guanosine-3',5'-bis pyrophosphate 3'-pyrophosphohydrolase [Salmonella enterica]
spoT	WP_410741447	K662I	662	663	K	I	K	K	98.009	100.0	702	703	703	1430.0	bifunctional GTP diphosphokinase/guanosine-3',5'-bis pyrophosphate 3'-pyrophosphohydrolase [Citrobacter koseri]
spoT	WP_080069876	K662I	662	663	K	I	K	K	98.009	100.0	702	703	703	1430.0	bifunctional GTP diphosphokinase/guanosine-3',5'-bis pyrophosphate 3'-pyrophosphohydrolase [Salmonella enterica]
spoT	WP_080107999	K662I	662	663	K	I	K	K	98.009	100.0	702	703	703	1430.0	bifunctional GTP diphosphokinase/guanosine-3',5'-bis pyrophosphate 3'-pyrophosphohydrolase [Salmonella enterica]
spoT	WP_070810703	K662I	662	663	K	I	K	K	98.009	100.0	702	703	703	1430.0	bifunctional GTP diphosphokinase/guanosine-3',5'-bis pyrophosphate 3'-pyrophosphohydrolase [Salmonella enterica]
spoT	WP_392357308	K662I	662	663	K	I	K	K	98.009	100.0	702	703	703	1430.0	bifunctional GTP diphosphokinase/guanosine-3',5'-bis pyrophosphate 3'-pyrophosphohydrolase [Salmonella enterica]
spoT	WP_058113804	K662I	662	663	K	I	K	K	98.009	100.0	702	703	703	1430.0	bifunctional GTP diphosphokinase/guanosine-3',5'-bis pyrophosphate 3'-pyrophosphohydrolase [Salmonella enterica]
spoT	WP_000280467	K662I	662	663	K	I	K	K	98.009	100.0	702	703	703	1430.0	MULTISPECIES: bifunctional GTP diphosphokinase/guanosine-3',5'-bis pyrophosphate 3'-pyrophosphohydrolase [Salmonella]
spoT	WP_079942998	K662I	662	663	K	I	K	K	98.009	100.0	702	703	703	1430.0	bifunctional GTP diphosphokinase/guanosine-3',5'-bis pyrophosphate 3'-pyrophosphohydrolase [Salmonella enterica]
spoT	WP_080067232	K662I	662	663	K	I	K	K	98.009	100.0	702	703	703	1430.0	bifunctional GTP diphosphokinase/guanosine-3',5'-bis pyrophosphate 3'-pyrophosphohydrolase [Salmonella enterica]
spoT	WP_459851372	K662I	662	665	K	I	K	K	97.73	100.0	702	705	705	1430.0	N/A
spoT	WP_430724997	K662I	662	663	K	I	K	K	98.009	100.0	702	703	703	1430.0	bifunctional GTP diphosphokinase/guanosine-3',5'-bis pyrophosphate 3'-pyrophosphohydrolase [Salmonella enterica]
spoT	WP_079786695	K662I	662	663	K	I	K	K	98.009	100.0	702	703	703	1429.0	MULTISPECIES: bifunctional GTP diphosphokinase/guanosine-3',5'-bis pyrophosphate 3'-pyrophosphohydrolase [Salmonella]
spoT	WP_049011033	K662I	662	663	K	I	K	K	97.866	100.0	702	703	703	1429.0	bifunctional GTP diphosphokinase/guanosine-3',5'-bis pyrophosphate 3'-pyrophosphohydrolase [Citrobacter koseri]
spoT	WP_267272895	K662I	662	663	K	I	K	K	98.009	100.0	702	703	703	1429.0	bifunctional GTP diphosphokinase/guanosine-3',5'-bis pyrophosphate 3'-pyrophosphohydrolase [Salmonella enterica]
spoT	WP_129396995	K662I	662	663	K	I	K	K	98.009	100.0	702	703	703	1429.0	bifunctional GTP diphosphokinase/guanosine-3',5'-bis pyrophosphate 3'-pyrophosphohydrolase [Salmonella enterica]
spoT	WP_303081491	K662I	662	663	K	I	K	K	98.009	100.0	702	703	703	1429.0	bifunctional GTP diphosphokinase/guanosine-3',5'-bis pyrophosphate 3'-pyrophosphohydrolase [Salmonella enterica]
spoT	WP_104856749	K662I	662	663	K	I	K	K	98.009	100.0	702	703	703	1429.0	bifunctional GTP diphosphokinase/guanosine-3',5'-bis pyrophosphate 3'-pyrophosphohydrolase [Salmonella enterica]
spoT	WP_000280461	K662I	662	663	K	I	K	K	98.009	100.0	702	703	703	1429.0	bifunctional GTP diphosphokinase/guanosine-3',5'-bis pyrophosphate 3'-pyrophosphohydrolase [Salmonella bongori]
spoT	WP_317391407	K662I	662	663	K	I	K	K	98.009	100.0	702	703	703	1429.0	bifunctional GTP diphosphokinase/guanosine-3',5'-bis pyrophosphate 3'-pyrophosphohydrolase [Citrobacter koseri]
spoT	WP_115626060	K662I	662	663	K	I	K	K	97.866	100.0	702	703	703	1429.0	bifunctional GTP diphosphokinase/guanosine-3',5'-bis pyrophosphate 3'-pyrophosphohydrolase [Citrobacter koseri]
spoT	WP_301970513	K662I	662	663	K	I	K	K	98.009	100.0	702	703	703	1429.0	bifunctional GTP diphosphokinase/guanosine-3',5'-bis pyrophosphate 3'-pyrophosphohydrolase [Salmonella enterica]
spoT	WP_023235381	K662I	662	663	K	I	K	K	98.009	100.0	702	703	703	1429.0	MULTISPECIES: bifunctional GTP diphosphokinase/guanosine-3',5'-bis pyrophosphate 3'-pyrophosphohydrolase [Salmonella]
spoT	WP_444880148	K662I	662	663	K	I	K	K	97.724	100.0	702	703	703	1429.0	bifunctional GTP diphosphokinase/guanosine-3',5'-bis pyrophosphate 3'-pyrophosphohydrolase [Citrobacter koseri]
spoT	WP_342006032	K662I	662	665	K	I	K	K	97.73	100.0	702	705	705	1429.0	bifunctional GTP diphosphokinase/guanosine-3',5'-bis pyrophosphate 3'-pyrophosphohydrolase [Citrobacter sedlakii]
spoT	WP_371245849	K662I	662	663	K	I	K	K	98.009	100.0	702	703	703	1429.0	bifunctional GTP diphosphokinase/guanosine-3',5'-bis pyrophosphate 3'-pyrophosphohydrolase [Salmonella enterica]
spoT	WP_444429108	K662I	662	663	K	I	K	K	97.866	100.0	702	703	703	1429.0	bifunctional GTP diphosphokinase/guanosine-3',5'-bis pyrophosphate 3'-pyrophosphohydrolase [Salmonella enterica]
spoT	WP_449079579	K662I	662	663	K	I	K	K	98.009	100.0	702	703	703	1429.0	bifunctional GTP diphosphokinase/guanosine-3',5'-bis pyrophosphate 3'-pyrophosphohydrolase [Salmonella enterica]
spoT	WP_335901865	K662I	662	663	K	I	K	K	97.866	100.0	702	703	703	1429.0	bifunctional GTP diphosphokinase/guanosine-3',5'-bis pyrophosphate 3'-pyrophosphohydrolase [Salmonella enterica]
spoT	WP_079786169	K662I	662	663	K	I	K	K	98.009	100.0	702	703	703	1429.0	bifunctional GTP diphosphokinase/guanosine-3',5'-bis pyrophosphate 3'-pyrophosphohydrolase [Salmonella enterica]
spoT	WP_057483591	K662I	662	663	K	I	K	K	97.866	100.0	702	703	703	1429.0	N/A
spoT	WP_274882583	K662I	662	663	K	I	K	K	98.009	100.0	702	703	703	1429.0	bifunctional GTP diphosphokinase/guanosine-3',5'-bis pyrophosphate 3'-pyrophosphohydrolase [Salmonella enterica]
spoT	WP_122029718	K662I	662	663	K	I	K	K	98.009	100.0	702	703	703	1429.0	bifunctional GTP diphosphokinase/guanosine-3',5'-bis pyrophosphate 3'-pyrophosphohydrolase [Salmonella enterica]
spoT	WP_085354391	K662I	662	663	K	I	K	K	98.009	100.0	702	703	703	1429.0	bifunctional GTP diphosphokinase/guanosine-3',5'-bis pyrophosphate 3'-pyrophosphohydrolase [Salmonella enterica]
spoT	WP_200077399	K662I	662	663	K	I	K	K	97.724	100.0	702	703	703	1429.0	bifunctional GTP diphosphokinase/guanosine-3',5'-bis pyrophosphate 3'-pyrophosphohydrolase [Citrobacter koseri]
spoT	WP_076927146	K662I	662	663	K	I	K	K	98.009	100.0	702	703	703	1429.0	bifunctional GTP diphosphokinase/guanosine-3',5'-bis pyrophosphate 3'-pyrophosphohydrolase [Salmonella enterica]
spoT	WP_122029283	K662I	662	663	K	I	K	K	98.009	100.0	702	703	703	1429.0	bifunctional GTP diphosphokinase/guanosine-3',5'-bis pyrophosphate 3'-pyrophosphohydrolase [Salmonella enterica]
spoT	WP_149096561	K662I	662	663	K	I	K	K	98.009	100.0	702	703	703	1429.0	bifunctional GTP diphosphokinase/guanosine-3',5'-bis pyrophosphate 3'-pyrophosphohydrolase [Salmonella enterica]
spoT	WP_024798925	K662I	662	663	K	I	K	K	98.009	100.0	702	703	703	1429.0	bifunctional GTP diphosphokinase/guanosine-3',5'-bis pyrophosphate 3'-pyrophosphohydrolase [Salmonella enterica]
spoT	WP_061450939	K662I	662	663	K	I	K	K	98.009	100.0	702	703	703	1428.0	bifunctional GTP diphosphokinase/guanosine-3',5'-bis pyrophosphate 3'-pyrophosphohydrolase [Salmonella enterica]
spoT	WP_046598864	K662I	662	663	K	I	K	K	98.009	100.0	702	703	703	1428.0	MULTISPECIES: bifunctional GTP diphosphokinase/guanosine-3',5'-bis pyrophosphate 3'-pyrophosphohydrolase [Salmonella]
spoT	WP_012135784	K662I	662	663	K	I	K	K	97.866	100.0	702	703	703	1428.0	MULTISPECIES: bifunctional GTP diphosphokinase/guanosine-3',5'-bis pyrophosphate 3'-pyrophosphohydrolase [Citrobacter]
spoT	WP_070999673	K662I	662	663	K	I	K	K	97.866	100.0	702	703	703	1428.0	bifunctional GTP diphosphokinase/guanosine-3',5'-bis pyrophosphate 3'-pyrophosphohydrolase [Salmonella enterica]
spoT	WP_393964192	K662I	662	663	K	I	K	K	98.009	100.0	702	703	703	1428.0	bifunctional GTP diphosphokinase/guanosine-3',5'-bis pyrophosphate 3'-pyrophosphohydrolase [Salmonella sp. SJTUF15608]
spoT	WP_199275094	K662I	662	663	K	I	K	K	98.009	100.0	702	703	703	1428.0	bifunctional GTP diphosphokinase/guanosine-3',5'-bis pyrophosphate 3'-pyrophosphohydrolase [Salmonella enterica]
spoT	WP_127173314	K662I	662	663	K	I	K	K	98.009	100.0	702	703	703	1428.0	bifunctional GTP diphosphokinase/guanosine-3',5'-bis pyrophosphate 3'-pyrophosphohydrolase [Salmonella enterica]
spoT	WP_080067965	K662I	662	663	K	I	K	K	98.009	100.0	702	703	703	1428.0	bifunctional GTP diphosphokinase/guanosine-3',5'-bis pyrophosphate 3'-pyrophosphohydrolase [Salmonella enterica]
spoT	WP_016507313	K662I	662	663	K	I	K	K	98.009	100.0	702	703	703	1428.0	bifunctional GTP diphosphokinase/guanosine-3',5'-bis pyrophosphate 3'-pyrophosphohydrolase [Salmonella enterica]
spoT	WP_053305037	K662I	662	663	K	I	K	K	98.009	100.0	702	703	703	1428.0	bifunctional GTP diphosphokinase/guanosine-3',5'-bis pyrophosphate 3'-pyrophosphohydrolase [Salmonella enterica]
spoT	WP_483826752	K662I	662	663	K	I	K	K	98.009	100.0	702	703	703	1428.0	N/A
spoT	WP_080070371	K662I	662	663	K	I	K	K	98.009	100.0	702	703	703	1428.0	bifunctional GTP diphosphokinase/guanosine-3',5'-bis pyrophosphate 3'-pyrophosphohydrolase [Salmonella enterica]
spoT	WP_230353129	K662I	662	663	K	I	K	K	98.009	100.0	702	703	703	1428.0	MULTISPECIES: bifunctional GTP diphosphokinase/guanosine-3',5'-bis pyrophosphate 3'-pyrophosphohydrolase [Enterobacteriaceae]
spoT	WP_414241153	K662I	662	663	K	I	K	K	98.151	100.0	702	703	703	1428.0	bifunctional GTP diphosphokinase/guanosine-3',5'-bis pyrophosphate 3'-pyrophosphohydrolase [Citrobacter sp. ANG330]
spoT	WP_079987005	K662I	662	663	K	I	K	K	98.009	100.0	702	703	703	1428.0	bifunctional GTP diphosphokinase/guanosine-3',5'-bis pyrophosphate 3'-pyrophosphohydrolase [Salmonella enterica]
spoT	WP_410966177	K662I	662	663	K	I	K	K	97.866	100.0	702	703	703	1428.0	bifunctional GTP diphosphokinase/guanosine-3',5'-bis pyrophosphate 3'-pyrophosphohydrolase [Salmonella sp. SKLX061860]
spoT	WP_053230825	K662I	662	663	K	I	K	K	98.009	100.0	702	703	703	1428.0	bifunctional GTP diphosphokinase/guanosine-3',5'-bis pyrophosphate 3'-pyrophosphohydrolase [Salmonella enterica]
spoT	WP_479561749	K662I	662	663	K	I	K	K	98.009	100.0	702	703	703	1428.0	N/A
spoT	WP_103778783	K662I	662	663	K	I	K	K	98.009	100.0	702	703	703	1428.0	bifunctional GTP diphosphokinase/guanosine-3',5'-bis pyrophosphate 3'-pyrophosphohydrolase [Citrobacter amalonaticus]
spoT	WP_343097219	K662I	662	663	K	I	K	K	98.009	100.0	702	703	703	1427.0	bifunctional GTP diphosphokinase/guanosine-3',5'-bis pyrophosphate 3'-pyrophosphohydrolase [Salmonella enterica]
spoT	WP_197393654	K662I	662	663	K	I	K	K	97.866	100.0	702	703	703	1427.0	bifunctional GTP diphosphokinase/guanosine-3',5'-bis pyrophosphate 3'-pyrophosphohydrolase [Salmonella enterica]
spoT	WP_257858774	K662I	662	663	K	I	K	K	97.866	100.0	702	703	703	1427.0	bifunctional GTP diphosphokinase/guanosine-3',5'-bis pyrophosphate 3'-pyrophosphohydrolase [Salmonella enterica]
spoT	WP_149461088	K662I	662	663	K	I	K	K	98.009	100.0	702	703	703	1427.0	bifunctional GTP diphosphokinase/guanosine-3',5'-bis pyrophosphate 3'-pyrophosphohydrolase [Salmonella enterica]
spoT	WP_071953649	K662I	662	663	K	I	K	K	97.866	100.0	702	703	703	1427.0	MULTISPECIES: bifunctional GTP diphosphokinase/guanosine-3',5'-bis pyrophosphate 3'-pyrophosphohydrolase [Salmonella]
spoT	WP_274895433	K662I	662	663	K	I	K	K	97.866	100.0	702	703	703	1427.0	bifunctional GTP diphosphokinase/guanosine-3',5'-bis pyrophosphate 3'-pyrophosphohydrolase [Salmonella enterica]
spoT	WP_138625303	K662I	662	663	K	I	K	K	98.009	100.0	702	703	703	1427.0	bifunctional GTP diphosphokinase/guanosine-3',5'-bis pyrophosphate 3'-pyrophosphohydrolase [Salmonella enterica]
spoT	WP_110349377	K662I	662	663	K	I	K	K	97.866	100.0	702	703	703	1427.0	bifunctional GTP diphosphokinase/guanosine-3',5'-bis pyrophosphate 3'-pyrophosphohydrolase [Salmonella enterica]
spoT	WP_061202066	K662I	662	663	K	I	K	K	97.866	100.0	702	703	703	1426.0	bifunctional GTP diphosphokinase/guanosine-3',5'-bis pyrophosphate 3'-pyrophosphohydrolase [Salmonella enterica]
spoT	WP_065675077	K662I	662	663	K	I	K	K	97.866	100.0	702	703	703	1426.0	bifunctional GTP diphosphokinase/guanosine-3',5'-bis pyrophosphate 3'-pyrophosphohydrolase [Salmonella enterica]
spoT	WP_483646289	K662I	662	663	K	I	K	K	97.866	100.0	702	703	703	1426.0	N/A
spoT	WP_064324282	K662I	662	663	K	I	K	K	97.866	100.0	702	703	703	1426.0	bifunctional GTP diphosphokinase/guanosine-3',5'-bis pyrophosphate 3'-pyrophosphohydrolase [Huaxiibacter chinensis]
spoT	WP_439006204	K662I	662	663	K	I	K	K	97.866	100.0	702	703	703	1426.0	bifunctional GTP diphosphokinase/guanosine-3',5'-bis pyrophosphate 3'-pyrophosphohydrolase [Salmonella enterica]
spoT	WP_107702540	K662I	662	663	K	I	K	K	97.582	100.0	702	703	703	1425.0	MULTISPECIES: bifunctional GTP diphosphokinase/guanosine-3',5'-bis pyrophosphate 3'-pyrophosphohydrolase [Lelliottia]
spoT	WP_042998641	K662I	662	663	K	I	K	K	98.009	100.0	702	703	703	1425.0	MULTISPECIES: bifunctional GTP diphosphokinase/guanosine-3',5'-bis pyrophosphate 3'-pyrophosphohydrolase [Citrobacter]
spoT	WP_438344157	K662I	662	666	K	I	K	K	97.734	100.0	702	706	706	1425.0	bifunctional GTP diphosphokinase/guanosine-3',5'-bis pyrophosphate 3'-pyrophosphohydrolase [Klebsiella pneumoniae]
spoT	WP_044254385	K662I	662	663	K	I	K	K	98.009	100.0	702	703	703	1425.0	MULTISPECIES: bifunctional GTP diphosphokinase/guanosine-3',5'-bis pyrophosphate 3'-pyrophosphohydrolase [Citrobacter]
spoT	WP_044263551	K662I	662	663	K	I	K	K	97.866	100.0	702	703	703	1425.0	bifunctional GTP diphosphokinase/guanosine-3',5'-bis pyrophosphate 3'-pyrophosphohydrolase [Citrobacter amalonaticus]
spoT	WP_336220123	K662I	662	663	K	I	K	K	97.724	100.0	702	703	703	1425.0	bifunctional GTP diphosphokinase/guanosine-3',5'-bis pyrophosphate 3'-pyrophosphohydrolase [Citrobacter amalonaticus]
spoT	WP_282492064	K662I	662	663	K	I	K	K	97.582	100.0	702	703	703	1425.0	MULTISPECIES: bifunctional GTP diphosphokinase/guanosine-3',5'-bis pyrophosphate 3'-pyrophosphohydrolase [Lelliottia]
spoT	WP_102105078	K662I	662	663	K	I	K	K	97.582	100.0	702	703	703	1425.0	MULTISPECIES: bifunctional GTP diphosphokinase/guanosine-3',5'-bis pyrophosphate 3'-pyrophosphohydrolase [unclassified Lelliottia]
spoT	WP_442359772	K662I	662	663	K	I	K	K	97.724	100.0	702	703	703	1424.0	bifunctional GTP diphosphokinase/guanosine-3',5'-bis pyrophosphate 3'-pyrophosphohydrolase [Huaxiibacter chinensis]
spoT	WP_271445794	K662I	662	663	K	I	K	K	97.582	100.0	702	703	703	1424.0	bifunctional GTP diphosphokinase/guanosine-3',5'-bis pyrophosphate 3'-pyrophosphohydrolase [Citrobacter sp. Awk 4]
spoT	WP_206163811	K662I	662	663	K	I	K	K	97.866	100.0	702	703	703	1424.0	MULTISPECIES: bifunctional GTP diphosphokinase/guanosine-3',5'-bis pyrophosphate 3'-pyrophosphohydrolase [Citrobacter]
spoT	WP_080088489	K662I	662	662	K	I	K	K	97.866	100.0	702	702	702	1424.0	bifunctional GTP diphosphokinase/guanosine-3',5'-bis pyrophosphate 3'-pyrophosphohydrolase [Salmonella enterica]
spoT	WP_058587385	K662I	662	663	K	I	K	K	98.009	100.0	702	703	703	1424.0	bifunctional GTP diphosphokinase/guanosine-3',5'-bis pyrophosphate 3'-pyrophosphohydrolase [Citrobacter amalonaticus]
spoT	WP_260861981	K662I	662	663	K	I	K	K	97.866	100.0	702	703	703	1424.0	bifunctional GTP diphosphokinase/guanosine-3',5'-bis pyrophosphate 3'-pyrophosphohydrolase [Citrobacter sp. Marseille-Q6884]
spoT	WP_418225181	K662I	662	663	K	I	K	K	97.866	100.0	702	703	703	1424.0	bifunctional GTP diphosphokinase/guanosine-3',5'-bis pyrophosphate 3'-pyrophosphohydrolase [Citrobacter amalonaticus]
spoT	WP_042323359	K662I	662	663	K	I	K	K	97.866	100.0	702	703	703	1423.0	MULTISPECIES: bifunctional GTP diphosphokinase/guanosine-3',5'-bis pyrophosphate 3'-pyrophosphohydrolase [Citrobacter]
spoT	WP_410750179	K662I	662	663	K	I	K	K	97.582	100.0	702	703	703	1423.0	bifunctional GTP diphosphokinase/guanosine-3',5'-bis pyrophosphate 3'-pyrophosphohydrolase [Citrobacter sp. U14242]
spoT	WP_061075895	K662I	662	663	K	I	K	K	97.866	100.0	702	703	703	1423.0	MULTISPECIES: bifunctional GTP diphosphokinase/guanosine-3',5'-bis pyrophosphate 3'-pyrophosphohydrolase [Citrobacter]
spoT	WP_044182787	K662I	662	666	K	I	K	K	97.167	100.0	702	706	706	1423.0	bifunctional GTP diphosphokinase/guanosine-3',5'-bis pyrophosphate 3'-pyrophosphohydrolase [Phytobacter massiliensis]
spoT	WP_137360308	K662I	662	663	K	I	K	K	97.724	100.0	702	703	703	1423.0	MULTISPECIES: bifunctional GTP diphosphokinase/guanosine-3',5'-bis pyrophosphate 3'-pyrophosphohydrolase [Citrobacter]
spoT	WP_038635422	K662I	662	663	K	I	K	K	97.724	100.0	702	703	703	1423.0	MULTISPECIES: bifunctional GTP diphosphokinase/guanosine-3',5'-bis pyrophosphate 3'-pyrophosphohydrolase [Citrobacter]
spoT	WP_095280128	K662I	662	663	K	I	K	K	97.44	100.0	702	703	703	1423.0	bifunctional GTP diphosphokinase/guanosine-3',5'-bis pyrophosphate 3'-pyrophosphohydrolase [Lelliottia aquatilis]
spoT	WP_181682481	K662I	662	664	K	I	K	K	97.585	100.0	702	704	704	1423.0	MULTISPECIES: bifunctional GTP diphosphokinase/guanosine-3',5'-bis pyrophosphate 3'-pyrophosphohydrolase [Citrobacter]
spoT	WP_016505748	K662I	662	663	K	I	K	K	97.724	100.0	702	703	703	1422.0	bifunctional GTP diphosphokinase/guanosine-3',5'-bis pyrophosphate 3'-pyrophosphohydrolase [Salmonella enterica]
spoT	WP_149044999	K662I	662	663	K	I	K	K	97.44	100.0	702	703	703	1422.0	bifunctional GTP diphosphokinase/guanosine-3',5'-bis pyrophosphate 3'-pyrophosphohydrolase [Lelliottia nimipressuralis]
spoT	WP_253319722	K662I	662	663	K	I	K	K	97.724	100.0	702	703	703	1422.0	bifunctional GTP diphosphokinase/guanosine-3',5'-bis pyrophosphate 3'-pyrophosphohydrolase [Citrobacter amalonaticus]
spoT	WP_028017842	K662I	662	664	K	I	K	K	97.443	100.0	702	704	704	1422.0	MULTISPECIES: bifunctional GTP diphosphokinase/guanosine-3',5'-bis pyrophosphate 3'-pyrophosphohydrolase [Enterobacterales]
spoT	WP_103950276	K662I	662	663	K	I	K	K	97.297	100.0	702	703	703	1422.0	MULTISPECIES: bifunctional GTP diphosphokinase/guanosine-3',5'-bis pyrophosphate 3'-pyrophosphohydrolase [Lelliottia]
spoT	WP_137397420	K662I	662	663	K	I	K	K	97.582	100.0	702	703	703	1421.0	bifunctional GTP diphosphokinase/guanosine-3',5'-bis pyrophosphate 3'-pyrophosphohydrolase [Citrobacter sp. wls714]
spoT	WP_271442017	K662I	662	663	K	I	K	K	97.44	100.0	702	703	703	1421.0	MULTISPECIES: bifunctional GTP diphosphokinase/guanosine-3',5'-bis pyrophosphate 3'-pyrophosphohydrolase [unclassified Citrobacter]
spoT	WP_135323852	K662I	662	663	K	I	K	K	97.44	100.0	702	703	703	1421.0	MULTISPECIES: bifunctional GTP diphosphokinase/guanosine-3',5'-bis pyrophosphate 3'-pyrophosphohydrolase [Citrobacter]
spoT	WP_370606768	K662I	662	663	K	I	K	K	97.582	100.0	702	703	703	1421.0	bifunctional GTP diphosphokinase/guanosine-3',5'-bis pyrophosphate 3'-pyrophosphohydrolase [Citrobacter werkmanii]
spoT	WP_061380897	K662I	662	663	K	I	K	K	97.582	100.0	702	703	703	1421.0	N/A
spoT	WP_006687635	K662I	662	663	K	I	K	K	97.582	100.0	702	703	703	1421.0	bifunctional GTP diphosphokinase/guanosine-3',5'-bis pyrophosphate 3'-pyrophosphohydrolase [Citrobacter youngae]
spoT	WP_162382366	K662I	662	663	K	I	K	K	97.297	100.0	702	703	703	1421.0	bifunctional GTP diphosphokinase/guanosine-3',5'-bis pyrophosphate 3'-pyrophosphohydrolase [Citrobacter sp. NCU1]
spoT	WP_109739702	K662I	662	663	K	I	K	K	97.866	100.0	702	703	703	1421.0	MULTISPECIES: bifunctional GTP diphosphokinase/guanosine-3',5'-bis pyrophosphate 3'-pyrophosphohydrolase [Citrobacter]
spoT	WP_186753198	K662I	662	663	K	I	K	K	97.582	100.0	702	703	703	1421.0	bifunctional GTP diphosphokinase/guanosine-3',5'-bis pyrophosphate 3'-pyrophosphohydrolase [Lelliottia amnigena]
spoT	WP_204525504	K662I	662	663	K	I	K	K	97.582	100.0	702	703	703	1421.0	bifunctional GTP diphosphokinase/guanosine-3',5'-bis pyrophosphate 3'-pyrophosphohydrolase [Citrobacter cronae]
spoT	WP_137400694	K662I	662	663	K	I	K	K	97.582	100.0	702	703	703	1421.0	bifunctional GTP diphosphokinase/guanosine-3',5'-bis pyrophosphate 3'-pyrophosphohydrolase [Citrobacter sp. wls706]
spoT	WP_049006997	K662I	662	664	K	I	K	K	97.301	100.0	702	704	704	1420.0	MULTISPECIES: bifunctional GTP diphosphokinase/guanosine-3',5'-bis pyrophosphate 3'-pyrophosphohydrolase [Enterobacter]
spoT	WP_134708587	K662I	662	664	K	I	K	K	97.301	100.0	702	704	704	1420.0	MULTISPECIES: bifunctional GTP diphosphokinase/guanosine-3',5'-bis pyrophosphate 3'-pyrophosphohydrolase [unclassified Enterobacter]
spoT	WP_301700262	K662I	662	663	K	I	K	K	97.582	100.0	702	703	703	1420.0	bifunctional GTP diphosphokinase/guanosine-3',5'-bis pyrophosphate 3'-pyrophosphohydrolase [Citrobacter enshiensis]
spoT	WP_154128511	K662I	662	663	K	I	K	K	97.582	100.0	702	703	703	1420.0	bifunctional GTP diphosphokinase/guanosine-3',5'-bis pyrophosphate 3'-pyrophosphohydrolase [Lelliottia sp. CFBP8978]
spoT	WP_200011225	K662I	662	663	K	I	K	K	97.44	100.0	702	703	703	1420.0	N/A
spoT	WP_203359565	K662I	662	663	K	I	K	K	97.44	100.0	702	703	703	1420.0	bifunctional GTP diphosphokinase/guanosine-3',5'-bis pyrophosphate 3'-pyrophosphohydrolase [Citrobacter sp. R56]
spoT	WP_011915357	K662I	662	663	K	I	K	K	97.44	100.0	702	703	703	1420.0	MULTISPECIES: bifunctional GTP diphosphokinase/guanosine-3',5'-bis pyrophosphate 3'-pyrophosphohydrolase [Enterobacteriaceae]
spoT	WP_213134330	K662I	662	663	K	I	K	K	97.297	100.0	702	703	703	1420.0	bifunctional GTP diphosphokinase/guanosine-3',5'-bis pyrophosphate 3'-pyrophosphohydrolase [Citrobacter sp. FP75]
spoT	WP_045400346	K662I	662	664	K	I	K	K	97.017	100.0	702	704	704	1420.0	MULTISPECIES: bifunctional GTP diphosphokinase/guanosine-3',5'-bis pyrophosphate 3'-pyrophosphohydrolase [Enterobacteriaceae]
spoT	WP_252686549	K662I	662	663	K	I	K	K	97.44	100.0	702	703	703	1420.0	bifunctional GTP diphosphokinase/guanosine-3',5'-bis pyrophosphate 3'-pyrophosphohydrolase [Lelliottia amnigena]
spoT	WP_109218233	K662I	662	663	K	I	K	K	97.44	100.0	702	703	703	1420.0	bifunctional GTP diphosphokinase/guanosine-3',5'-bis pyrophosphate 3'-pyrophosphohydrolase [Salmonella enterica]
spoT	WP_048223122	K662I	662	663	K	I	K	K	97.44	100.0	702	703	703	1419.0	MULTISPECIES: bifunctional GTP diphosphokinase/guanosine-3',5'-bis pyrophosphate 3'-pyrophosphohydrolase [Citrobacter]
spoT	WP_112011883	K662I	662	664	K	I	K	K	97.301	100.0	702	704	704	1419.0	bifunctional GTP diphosphokinase/guanosine-3',5'-bis pyrophosphate 3'-pyrophosphohydrolase [Enterobacter sp. RIT418]
spoT	WP_323605332	K662I	662	663	K	I	K	K	97.44	100.0	702	703	703	1419.0	bifunctional GTP diphosphokinase/guanosine-3',5'-bis pyrophosphate 3'-pyrophosphohydrolase [Citrobacter sp. R-1.5.2]
spoT	WP_449541176	K662I	662	664	K	I	K	K	97.159	100.0	702	704	704	1419.0	bifunctional GTP diphosphokinase/guanosine-3',5'-bis pyrophosphate 3'-pyrophosphohydrolase [Enterobacter ludwigii]
spoT	WP_047355969	K662I	662	664	K	I	K	K	97.159	100.0	702	704	704	1419.0	bifunctional GTP diphosphokinase/guanosine-3',5'-bis pyrophosphate 3'-pyrophosphohydrolase [Enterobacter ludwigii]
spoT	WP_395678050	K662I	662	664	K	I	K	K	97.159	100.0	702	704	704	1419.0	bifunctional GTP diphosphokinase/guanosine-3',5'-bis pyrophosphate 3'-pyrophosphohydrolase [Enterobacter sp.]
spoT	WP_276293461	K662I	662	663	K	I	K	K	97.44	100.0	702	703	703	1418.0	bifunctional GTP diphosphokinase/guanosine-3',5'-bis pyrophosphate 3'-pyrophosphohydrolase [Citrobacter enshiensis]
spoT	WP_436354018	K662I	662	664	K	I	K	K	97.301	100.0	702	704	704	1418.0	bifunctional GTP diphosphokinase/guanosine-3',5'-bis pyrophosphate 3'-pyrophosphohydrolase [Enterobacter soli]
spoT	WP_061706712	K662I	662	662	K	I	K	K	97.009	100.0	702	702	702	1418.0	bifunctional GTP diphosphokinase/guanosine-3',5'-bis pyrophosphate 3'-pyrophosphohydrolase [Pseudenterobacter timonensis]
spoT	WP_447205669	K662I	662	664	K	I	K	K	97.159	100.0	702	704	704	1418.0	bifunctional GTP diphosphokinase/guanosine-3',5'-bis pyrophosphate 3'-pyrophosphohydrolase [Enterobacter huaxiensis]
spoT	WP_368542758	K662I	662	664	K	I	K	K	97.159	100.0	702	704	704	1418.0	bifunctional GTP diphosphokinase/guanosine-3',5'-bis pyrophosphate 3'-pyrophosphohydrolase [Enterobacter soli]
spoT	WP_213330097	K662I	662	664	K	I	K	K	97.017	100.0	702	704	704	1418.0	MULTISPECIES: bifunctional GTP diphosphokinase/guanosine-3',5'-bis pyrophosphate 3'-pyrophosphohydrolase [Enterobacter]
spoT	WP_410394536	K662I	662	663	K	I	K	K	97.013	100.0	702	703	703	1418.0	bifunctional GTP diphosphokinase/guanosine-3',5'-bis pyrophosphate 3'-pyrophosphohydrolase [Enterobacter ludwigii]
spoT	WP_347290158	K662I	662	663	K	I	K	K	97.159	100.0	702	703	703	1418.0	bifunctional GTP diphosphokinase/guanosine-3',5'-bis pyrophosphate 3'-pyrophosphohydrolase [Kluyvera georgiana]
spoT	WP_023309883	K662I	662	664	K	I	K	K	96.875	100.0	702	704	704	1417.0	MULTISPECIES: bifunctional GTP diphosphokinase/guanosine-3',5'-bis pyrophosphate 3'-pyrophosphohydrolase [Enterobacter]
spoT	WP_071055753	K662I	662	678	K	I	K	K	95.822	100.0	702	718	718	1417.0	bifunctional (p)ppGpp synthetase/guanosine-3',5'-bis(diphosphate) 3'-pyrophosphohydrolase [Salmonella enterica]
spoT	WP_045448838	K662I	662	663	K	I	K	K	97.297	100.0	702	703	703	1417.0	bifunctional GTP diphosphokinase/guanosine-3',5'-bis pyrophosphate 3'-pyrophosphohydrolase [Citrobacter sp. S-77]
spoT	WP_119936375	K662I	662	664	K	I	K	K	97.159	100.0	702	704	704	1417.0	bifunctional GTP diphosphokinase/guanosine-3',5'-bis pyrophosphate 3'-pyrophosphohydrolase [Enterobacter huaxiensis]
spoT	WP_371185411	K662I	662	664	K	I	K	K	97.159	100.0	702	704	704	1417.0	bifunctional GTP diphosphokinase/guanosine-3',5'-bis pyrophosphate 3'-pyrophosphohydrolase [Enterobacter sp. KBR-315C3_2022]
spoT	WP_137349141	K662I	662	663	K	I	K	K	97.297	100.0	702	703	703	1417.0	bifunctional GTP diphosphokinase/guanosine-3',5'-bis pyrophosphate 3'-pyrophosphohydrolase [Citrobacter sp. wls710]
spoT	WP_220393480	K662I	662	659	K	I	K	K	97.578	100.0	702	699	699	1417.0	bifunctional GTP diphosphokinase/guanosine-3',5'-bis pyrophosphate 3'-pyrophosphohydrolase [Citrobacter sp. EC_71]
spoT	WP_014168043	K662I	662	664	K	I	K	K	97.017	100.0	702	704	704	1417.0	MULTISPECIES: bifunctional GTP diphosphokinase/guanosine-3',5'-bis pyrophosphate 3'-pyrophosphohydrolase [Enterobacter]
spoT	WP_221552196	K662I	662	664	K	I	K	K	96.875	100.0	702	704	704	1417.0	bifunctional GTP diphosphokinase/guanosine-3',5'-bis pyrophosphate 3'-pyrophosphohydrolase [Enterobacter sp. RIT637]
spoT	WP_096759066	K662I	662	664	K	I	K	K	97.443	100.0	702	704	704	1417.0	MULTISPECIES: bifunctional GTP diphosphokinase/guanosine-3',5'-bis pyrophosphate 3'-pyrophosphohydrolase [Citrobacter]
spoT	WP_040077821	K662I	662	663	K	I	K	K	96.728	100.0	702	703	703	1417.0	MULTISPECIES: bifunctional GTP diphosphokinase/guanosine-3',5'-bis pyrophosphate 3'-pyrophosphohydrolase [Leclercia]
spoT	WP_310827181	K662I	662	662	K	I	K	K	97.009	100.0	702	702	702	1417.0	bifunctional GTP diphosphokinase/guanosine-3',5'-bis pyrophosphate 3'-pyrophosphohydrolase [Pseudenterobacter timonensis]
spoT	WP_152082724	K662I	662	664	K	I	K	K	97.017	100.0	702	704	704	1417.0	MULTISPECIES: bifunctional GTP diphosphokinase/guanosine-3',5'-bis pyrophosphate 3'-pyrophosphohydrolase [Enterobacter]
spoT	WP_014068337	K662I	662	664	K	I	K	K	97.159	100.0	702	704	704	1417.0	MULTISPECIES: bifunctional GTP diphosphokinase/guanosine-3',5'-bis pyrophosphate 3'-pyrophosphohydrolase [Enterobacter]
spoT	WP_042714441	K662I	662	664	K	I	K	K	96.733	100.0	702	704	704	1417.0	MULTISPECIES: bifunctional GTP diphosphokinase/guanosine-3',5'-bis pyrophosphate 3'-pyrophosphohydrolase [Enterobacter]
spoT	WP_057518363	K662I	662	659	K	I	K	K	97.44	100.0	702	699	699	1417.0	bifunctional GTP diphosphokinase/guanosine-3',5'-bis pyrophosphate 3'-pyrophosphohydrolase [Salmonella enterica]
spoT	WP_458664098	K662I	662	664	K	I	K	K	96.875	100.0	702	704	704	1416.0	bifunctional GTP diphosphokinase/guanosine-3',5'-bis pyrophosphate 3'-pyrophosphohydrolase [Enterobacter ludwigii]
spoT	WP_182063158	K662I	662	664	K	I	K	K	97.017	100.0	702	704	704	1416.0	MULTISPECIES: bifunctional GTP diphosphokinase/guanosine-3',5'-bis pyrophosphate 3'-pyrophosphohydrolase [Enterobacter]
spoT	WP_395279370	K662I	662	664	K	I	K	K	96.733	100.0	702	704	704	1416.0	bifunctional GTP diphosphokinase/guanosine-3',5'-bis pyrophosphate 3'-pyrophosphohydrolase [Enterobacter asburiae]
spoT	WP_196209595	K662I	662	664	K	I	K	K	97.301	100.0	702	704	704	1416.0	bifunctional GTP diphosphokinase/guanosine-3',5'-bis pyrophosphate 3'-pyrophosphohydrolase [Citrobacter sp. Res13-Sevr-PEB04-36]
spoT	WP_343648480	K662I	662	664	K	I	K	K	97.017	100.0	702	704	704	1416.0	bifunctional GTP diphosphokinase/guanosine-3',5'-bis pyrophosphate 3'-pyrophosphohydrolase [Enterobacter sp.]
spoT	WP_113858305	K662I	662	663	K	I	K	K	97.013	100.0	702	703	703	1416.0	bifunctional GTP diphosphokinase/guanosine-3',5'-bis pyrophosphate 3'-pyrophosphohydrolase [Pseudocitrobacter faecalis]
spoT	WP_276850974	K662I	662	664	K	I	K	K	96.875	100.0	702	704	704	1416.0	bifunctional GTP diphosphokinase/guanosine-3',5'-bis pyrophosphate 3'-pyrophosphohydrolase [Enterobacter oligotrophicus]
spoT	WP_410377703	K662I	662	664	K	I	K	K	96.875	100.0	702	704	704	1416.0	bifunctional GTP diphosphokinase/guanosine-3',5'-bis pyrophosphate 3'-pyrophosphohydrolase [Enterobacter ludwigii]
spoT	WP_010426441	K662I	662	664	K	I	K	K	96.733	100.0	702	704	704	1416.0	bifunctional GTP diphosphokinase/guanosine-3',5'-bis pyrophosphate 3'-pyrophosphohydrolase [Enterobacter mori]
spoT	WP_087823687	K662I	662	664	K	I	K	K	96.733	100.0	702	704	704	1415.0	bifunctional GTP diphosphokinase/guanosine-3',5'-bis pyrophosphate 3'-pyrophosphohydrolase [Enterobacter asburiae]
spoT	WP_112778238	K662I	662	664	K	I	K	K	96.733	100.0	702	704	704	1415.0	bifunctional GTP diphosphokinase/guanosine-3',5'-bis pyrophosphate 3'-pyrophosphohydrolase [Enterobacter asburiae]
spoT	WP_024906643	K662I	662	664	K	I	K	K	96.733	100.0	702	704	704	1415.0	MULTISPECIES: bifunctional GTP diphosphokinase/guanosine-3',5'-bis pyrophosphate 3'-pyrophosphohydrolase [Enterobacter]
spoT	WP_181621691	K662I	662	666	K	I	K	K	96.884	100.0	702	706	706	1415.0	MULTISPECIES: bifunctional GTP diphosphokinase/guanosine-3',5'-bis pyrophosphate 3'-pyrophosphohydrolase [Enterobacteriaceae]
spoT	WP_410688121	K662I	662	664	K	I	K	K	97.301	100.0	702	704	704	1415.0	bifunctional GTP diphosphokinase/guanosine-3',5'-bis pyrophosphate 3'-pyrophosphohydrolase [Citrobacter europaeus]
spoT	WP_260660104	K662I	662	664	K	I	K	K	96.875	100.0	702	704	704	1415.0	bifunctional GTP diphosphokinase/guanosine-3',5'-bis pyrophosphate 3'-pyrophosphohydrolase [Enterobacter mori]
spoT	WP_039263522	K662I	662	664	K	I	K	K	96.733	100.0	702	704	704	1415.0	MULTISPECIES: bifunctional GTP diphosphokinase/guanosine-3',5'-bis pyrophosphate 3'-pyrophosphohydrolase [Enterobacter]
spoT	WP_462300992	K662I	662	664	K	I	K	K	96.591	100.0	702	704	704	1415.0	N/A
spoT	WP_108476544	K662I	662	663	K	I	K	K	97.013	100.0	702	703	703	1415.0	MULTISPECIES: bifunctional GTP diphosphokinase/guanosine-3',5'-bis pyrophosphate 3'-pyrophosphohydrolase [Pseudocitrobacter]
spoT	WP_333077273	K662I	662	664	K	I	K	K	96.875	100.0	702	704	704	1415.0	bifunctional GTP diphosphokinase/guanosine-3',5'-bis pyrophosphate 3'-pyrophosphohydrolase [Enterobacter ludwigii]
spoT	WP_475685341	K662I	662	664	K	I	K	K	96.591	100.0	702	704	704	1415.0	N/A
spoT	WP_429168260	K662I	662	664	K	I	K	K	96.591	100.0	702	704	704	1415.0	bifunctional GTP diphosphokinase/guanosine-3',5'-bis pyrophosphate 3'-pyrophosphohydrolase [Enterobacter mori]
spoT	WP_402309914	K662I	662	664	K	I	K	K	97.301	100.0	702	704	704	1415.0	bifunctional GTP diphosphokinase/guanosine-3',5'-bis pyrophosphate 3'-pyrophosphohydrolase [Citrobacter freundii]
spoT	WP_149463720	K662I	662	663	K	I	K	K	97.013	100.0	702	703	703	1415.0	MULTISPECIES: bifunctional GTP diphosphokinase/guanosine-3',5'-bis pyrophosphate 3'-pyrophosphohydrolase [Pseudocitrobacter]
spoT	WP_262770937	K662I	662	664	K	I	K	K	96.733	100.0	702	704	704	1415.0	bifunctional GTP diphosphokinase/guanosine-3',5'-bis pyrophosphate 3'-pyrophosphohydrolase [Enterobacter asburiae]
spoT	WP_196350849	K662I	662	664	K	I	K	K	96.733	100.0	702	704	704	1415.0	bifunctional GTP diphosphokinase/guanosine-3',5'-bis pyrophosphate 3'-pyrophosphohydrolase [Enterobacter asburiae]
spoT	WP_047347514	K662I	662	664	K	I	K	K	96.733	100.0	702	704	704	1415.0	MULTISPECIES: bifunctional GTP diphosphokinase/guanosine-3',5'-bis pyrophosphate 3'-pyrophosphohydrolase [Enterobacter]
spoT	WP_063855623	K662I	662	664	K	I	K	K	97.017	100.0	702	704	704	1415.0	bifunctional GTP diphosphokinase/guanosine-3',5'-bis pyrophosphate 3'-pyrophosphohydrolase [Enterobacter hormaechei]
spoT	WP_458660258	K662I	662	664	K	I	K	K	96.875	100.0	702	704	704	1415.0	bifunctional GTP diphosphokinase/guanosine-3',5'-bis pyrophosphate 3'-pyrophosphohydrolase [Enterobacter ludwigii]
spoT	WP_447840005	K662I	662	664	K	I	K	K	96.875	100.0	702	704	704	1415.0	bifunctional GTP diphosphokinase/guanosine-3',5'-bis pyrophosphate 3'-pyrophosphohydrolase [Enterobacter ludwigii]
spoT	WP_421559613	K662I	662	663	K	I	K	K	96.871	100.0	702	703	703	1414.0	bifunctional GTP diphosphokinase/guanosine-3',5'-bis pyrophosphate 3'-pyrophosphohydrolase [Pseudocitrobacter faecalis]
spoT	WP_025757028	K662I	662	664	K	I	K	K	96.733	100.0	702	704	704	1414.0	MULTISPECIES: bifunctional GTP diphosphokinase/guanosine-3',5'-bis pyrophosphate 3'-pyrophosphohydrolase [Enterobacter]
spoT	WP_045907920	K662I	662	664	K	I	K	K	96.733	100.0	702	704	704	1414.0	MULTISPECIES: bifunctional GTP diphosphokinase/guanosine-3',5'-bis pyrophosphate 3'-pyrophosphohydrolase [Enterobacter]
spoT	WP_429055352	K662I	662	664	K	I	K	K	96.733	100.0	702	704	704	1414.0	MULTISPECIES: bifunctional GTP diphosphokinase/guanosine-3',5'-bis pyrophosphate 3'-pyrophosphohydrolase [Enterobacter]
spoT	WP_318049921	K662I	662	664	K	I	K	K	97.159	100.0	702	704	704	1414.0	MULTISPECIES: bifunctional GTP diphosphokinase/guanosine-3',5'-bis pyrophosphate 3'-pyrophosphohydrolase [unclassified Citrobacter]
spoT	WP_417927987	K662I	662	664	K	I	K	K	96.591	100.0	702	704	704	1414.0	bifunctional GTP diphosphokinase/guanosine-3',5'-bis pyrophosphate 3'-pyrophosphohydrolase [Enterobacter pseudoroggenkampii]
spoT	WP_033486997	K662I	662	664	K	I	K	K	96.875	100.0	702	704	704	1414.0	MULTISPECIES: bifunctional GTP diphosphokinase/guanosine-3',5'-bis pyrophosphate 3'-pyrophosphohydrolase [Enterobacter]
spoT	WP_049855996	K662I	662	664	K	I	K	K	97.017	100.0	702	704	704	1414.0	bifunctional GTP diphosphokinase/guanosine-3',5'-bis pyrophosphate 3'-pyrophosphohydrolase [Trabulsiella odontotermitis]
spoT	WP_032652106	K662I	662	664	K	I	K	K	96.875	100.0	702	704	704	1414.0	MULTISPECIES: bifunctional GTP diphosphokinase/guanosine-3',5'-bis pyrophosphate 3'-pyrophosphohydrolase [Enterobacter cloacae complex]
spoT	WP_003860921	K662I	662	664	K	I	K	K	96.875	100.0	702	704	704	1414.0	MULTISPECIES: bifunctional GTP diphosphokinase/guanosine-3',5'-bis pyrophosphate 3'-pyrophosphohydrolase [Enterobacter]
spoT	WP_149280797	K662I	662	664	K	I	K	K	97.301	100.0	702	704	704	1414.0	bifunctional GTP diphosphokinase/guanosine-3',5'-bis pyrophosphate 3'-pyrophosphohydrolase [Citrobacter portucalensis]
spoT	WP_231825899	K662I	662	663	K	I	K	K	96.871	100.0	702	703	703	1414.0	bifunctional GTP diphosphokinase/guanosine-3',5'-bis pyrophosphate 3'-pyrophosphohydrolase [Pseudocitrobacter corydidari]
spoT	WP_325802692	K662I	662	664	K	I	K	K	96.733	100.0	702	704	704	1414.0	bifunctional GTP diphosphokinase/guanosine-3',5'-bis pyrophosphate 3'-pyrophosphohydrolase [Enterobacter hormaechei]
spoT	WP_250586867	K662I	662	663	K	I	K	K	96.444	100.0	702	703	703	1414.0	bifunctional GTP diphosphokinase/guanosine-3',5'-bis pyrophosphate 3'-pyrophosphohydrolase [Leclercia adecarboxylata]
spoT	WP_039030180	K662I	662	663	K	I	K	K	96.444	100.0	702	703	703	1414.0	MULTISPECIES: bifunctional GTP diphosphokinase/guanosine-3',5'-bis pyrophosphate 3'-pyrophosphohydrolase [Enterobacteriaceae]
spoT	WP_048218843	K662I	662	664	K	I	K	K	97.159	100.0	702	704	704	1414.0	MULTISPECIES: bifunctional GTP diphosphokinase/guanosine-3',5'-bis pyrophosphate 3'-pyrophosphohydrolase [Citrobacter]
spoT	WP_126545721	K662I	662	664	K	I	K	K	96.733	100.0	702	704	704	1414.0	bifunctional GTP diphosphokinase/guanosine-3',5'-bis pyrophosphate 3'-pyrophosphohydrolase [Enterobacter quasimori]
spoT	WP_334404367	K662I	662	663	K	I	K	K	97.013	100.0	702	703	703	1413.0	bifunctional GTP diphosphokinase/guanosine-3',5'-bis pyrophosphate 3'-pyrophosphohydrolase [Enterobacter sp. UNJFSC 003]
spoT	WP_006812435	K662I	662	664	K	I	K	K	96.875	100.0	702	704	704	1413.0	MULTISPECIES: bifunctional GTP diphosphokinase/guanosine-3',5'-bis pyrophosphate 3'-pyrophosphohydrolase [Enterobacter]
spoT	WP_032950538	K662I	662	664	K	I	K	K	97.159	100.0	702	704	704	1413.0	MULTISPECIES: bifunctional GTP diphosphokinase/guanosine-3',5'-bis pyrophosphate 3'-pyrophosphohydrolase [Citrobacter]
spoT	WP_148420441	K662I	662	664	K	I	K	K	97.017	100.0	702	704	704	1413.0	MULTISPECIES: bifunctional GTP diphosphokinase/guanosine-3',5'-bis pyrophosphate 3'-pyrophosphohydrolase [Enterobacter]
spoT	WP_134348335	K662I	662	664	K	I	K	K	96.733	100.0	702	704	704	1413.0	MULTISPECIES: bifunctional GTP diphosphokinase/guanosine-3',5'-bis pyrophosphate 3'-pyrophosphohydrolase [Enterobacteriaceae]
spoT	WP_102750799	K662I	662	664	K	I	K	K	96.875	100.0	702	704	704	1413.0	bifunctional GTP diphosphokinase/guanosine-3',5'-bis pyrophosphate 3'-pyrophosphohydrolase [Enterobacter quasihormaechei]
spoT	WP_308704800	K662I	662	666	K	I	K	K	96.459	100.0	702	706	706	1413.0	bifunctional GTP diphosphokinase/guanosine-3',5'-bis pyrophosphate 3'-pyrophosphohydrolase [Klebsiella pneumoniae]
spoT	WP_232960550	K662I	662	664	K	I	K	K	96.733	100.0	702	704	704	1413.0	bifunctional GTP diphosphokinase/guanosine-3',5'-bis pyrophosphate 3'-pyrophosphohydrolase [Enterobacter hormaechei]
spoT	WP_333901914	K662I	662	664	K	I	K	K	96.875	100.0	702	704	704	1413.0	bifunctional GTP diphosphokinase/guanosine-3',5'-bis pyrophosphate 3'-pyrophosphohydrolase [Enterobacter wuhouensis]
spoT	WP_213350714	K662I	662	664	K	I	K	K	96.733	100.0	702	704	704	1413.0	bifunctional GTP diphosphokinase/guanosine-3',5'-bis pyrophosphate 3'-pyrophosphohydrolase [Enterobacter hormaechei]
spoT	WP_333015863	K662I	662	664	K	I	K	K	96.733	100.0	702	704	704	1413.0	bifunctional GTP diphosphokinase/guanosine-3',5'-bis pyrophosphate 3'-pyrophosphohydrolase [Enterobacter hormaechei]
spoT	WP_045341756	K662I	662	664	K	I	K	K	96.733	100.0	702	704	704	1412.0	bifunctional GTP diphosphokinase/guanosine-3',5'-bis pyrophosphate 3'-pyrophosphohydrolase [Enterobacter hormaechei]
spoT	WP_290337913	K662I	662	664	K	I	K	K	96.733	100.0	702	704	704	1412.0	bifunctional GTP diphosphokinase/guanosine-3',5'-bis pyrophosphate 3'-pyrophosphohydrolase [Enterobacter hormaechei]
spoT	WP_325933778	K662I	662	663	K	I	K	K	96.444	100.0	702	703	703	1412.0	bifunctional GTP diphosphokinase/guanosine-3',5'-bis pyrophosphate 3'-pyrophosphohydrolase [Leclercia adecarboxylata]
spoT	WP_058673179	K662I	662	664	K	I	K	K	96.733	100.0	702	704	704	1412.0	bifunctional GTP diphosphokinase/guanosine-3',5'-bis pyrophosphate 3'-pyrophosphohydrolase [Enterobacter hormaechei]
spoT	WP_208283811	K662I	662	664	K	I	K	K	96.591	100.0	702	704	704	1412.0	bifunctional GTP diphosphokinase/guanosine-3',5'-bis pyrophosphate 3'-pyrophosphohydrolase [Enterobacter sichuanensis]
spoT	WP_048228990	K662I	662	664	K	I	K	K	96.733	100.0	702	704	704	1412.0	MULTISPECIES: bifunctional GTP diphosphokinase/guanosine-3',5'-bis pyrophosphate 3'-pyrophosphohydrolase [Enterobacter cloacae complex]
spoT	WP_262784279	K662I	662	664	K	I	K	K	96.591	100.0	702	704	704	1412.0	bifunctional GTP diphosphokinase/guanosine-3',5'-bis pyrophosphate 3'-pyrophosphohydrolase [Enterobacter sichuanensis]
spoT	WP_479416458	K662I	662	664	K	I	K	K	96.733	100.0	702	704	704	1412.0	N/A
spoT	WP_326978673	K662I	662	664	K	I	K	K	97.017	100.0	702	704	704	1412.0	bifunctional GTP diphosphokinase/guanosine-3',5'-bis pyrophosphate 3'-pyrophosphohydrolase [Citrobacter braakii]
spoT	WP_048213726	K662I	662	664	K	I	K	K	97.017	100.0	702	704	704	1412.0	MULTISPECIES: bifunctional GTP diphosphokinase/guanosine-3',5'-bis pyrophosphate 3'-pyrophosphohydrolase [Citrobacter]
spoT	WP_310835257	K662I	662	664	K	I	K	K	96.733	100.0	702	704	704	1412.0	bifunctional GTP diphosphokinase/guanosine-3',5'-bis pyrophosphate 3'-pyrophosphohydrolase [Enterobacter hormaechei]
spoT	WP_148386173	K662I	662	664	K	I	K	K	96.733	100.0	702	704	704	1412.0	bifunctional GTP diphosphokinase/guanosine-3',5'-bis pyrophosphate 3'-pyrophosphohydrolase [Enterobacter hormaechei]
spoT	WP_441087212	K662I	662	664	K	I	K	K	96.733	100.0	702	704	704	1412.0	bifunctional GTP diphosphokinase/guanosine-3',5'-bis pyrophosphate 3'-pyrophosphohydrolase [Enterobacter hormaechei]
spoT	WP_116290702	K662I	662	664	K	I	K	K	96.733	100.0	702	704	704	1412.0	bifunctional GTP diphosphokinase/guanosine-3',5'-bis pyrophosphate 3'-pyrophosphohydrolase [Enterobacter hormaechei]
spoT	WP_415729115	K662I	662	663	K	I	K	K	96.871	100.0	702	703	703	1412.0	bifunctional GTP diphosphokinase/guanosine-3',5'-bis pyrophosphate 3'-pyrophosphohydrolase [Pseudocitrobacter faecalis]
spoT	WP_248849555	K662I	662	664	K	I	K	K	96.733	100.0	702	704	704	1412.0	bifunctional GTP diphosphokinase/guanosine-3',5'-bis pyrophosphate 3'-pyrophosphohydrolase [Enterobacter hormaechei]
spoT	WP_237817322	K662I	662	666	K	I	K	K	96.459	100.0	702	706	706	1412.0	bifunctional GTP diphosphokinase/guanosine-3',5'-bis pyrophosphate 3'-pyrophosphohydrolase [Klebsiella pneumoniae]
spoT	WP_063138707	K662I	662	664	K	I	K	K	96.733	100.0	702	704	704	1412.0	bifunctional GTP diphosphokinase/guanosine-3',5'-bis pyrophosphate 3'-pyrophosphohydrolase [Enterobacter hormaechei]
spoT	WP_025713931	K662I	662	666	K	I	K	K	96.459	100.0	702	706	706	1412.0	MULTISPECIES: bifunctional GTP diphosphokinase/guanosine-3',5'-bis pyrophosphate 3'-pyrophosphohydrolase [Klebsiella]
spoT	WP_047358799	K662I	662	664	K	I	K	K	97.159	100.0	702	704	704	1412.0	MULTISPECIES: bifunctional GTP diphosphokinase/guanosine-3',5'-bis pyrophosphate 3'-pyrophosphohydrolase [Citrobacter]
spoT	WP_463686199	K662I	662	664	K	I	K	K	96.733	100.0	702	704	704	1412.0	N/A
spoT	WP_003024038	K662I	662	664	K	I	K	K	97.159	100.0	702	704	704	1412.0	MULTISPECIES: bifunctional GTP diphosphokinase/guanosine-3',5'-bis pyrophosphate 3'-pyrophosphohydrolase [Citrobacter]
spoT	WP_006817788	K662I	662	664	K	I	K	K	96.875	100.0	702	704	704	1412.0	bifunctional GTP diphosphokinase/guanosine-3',5'-bis pyrophosphate 3'-pyrophosphohydrolase [Yokenella regensburgei]
spoT	WP_022646616	K662I	662	664	K	I	K	K	96.875	100.0	702	704	704	1412.0	MULTISPECIES: bifunctional GTP diphosphokinase/guanosine-3',5'-bis pyrophosphate 3'-pyrophosphohydrolase [Enterobacter]
spoT	WP_218710197	K662I	662	664	K	I	K	K	97.159	100.0	702	704	704	1412.0	bifunctional GTP diphosphokinase/guanosine-3',5'-bis pyrophosphate 3'-pyrophosphohydrolase [Citrobacter braakii]
spoT	WP_439177801	K662I	662	664	K	I	K	K	96.733	100.0	702	704	704	1412.0	bifunctional GTP diphosphokinase/guanosine-3',5'-bis pyrophosphate 3'-pyrophosphohydrolase [Enterobacter hormaechei]
spoT	WP_481229738	K662I	662	664	K	I	K	K	96.591	100.0	702	704	704	1412.0	N/A
spoT	WP_163358989	K662I	662	664	K	I	K	K	96.733	100.0	702	704	704	1412.0	bifunctional GTP diphosphokinase/guanosine-3',5'-bis pyrophosphate 3'-pyrophosphohydrolase [Enterobacter hormaechei]
spoT	WP_334371565	K662I	662	664	K	I	K	K	96.733	100.0	702	704	704	1412.0	bifunctional GTP diphosphokinase/guanosine-3',5'-bis pyrophosphate 3'-pyrophosphohydrolase [Enterobacter hormaechei]
spoT	WP_136053299	K662I	662	666	K	I	K	K	96.459	100.0	702	706	706	1412.0	bifunctional GTP diphosphokinase/guanosine-3',5'-bis pyrophosphate 3'-pyrophosphohydrolase [Klebsiella quasivariicola]
spoT	WP_054178052	K662I	662	665	K	I	K	K	96.738	100.0	702	705	705	1412.0	bifunctional GTP diphosphokinase/guanosine-3',5'-bis pyrophosphate 3'-pyrophosphohydrolase [Trabulsiella odontotermitis]
spoT	WP_311381273	K662I	662	664	K	I	K	K	96.733	100.0	702	704	704	1412.0	bifunctional GTP diphosphokinase/guanosine-3',5'-bis pyrophosphate 3'-pyrophosphohydrolase [Enterobacter hormaechei]
spoT	WP_043081312	K662I	662	664	K	I	K	K	96.591	100.0	702	704	704	1412.0	bifunctional GTP diphosphokinase/guanosine-3',5'-bis pyrophosphate 3'-pyrophosphohydrolase [Pluralibacter gergoviae]
spoT	WP_049056966	K662I	662	666	K	I	K	K	96.601	100.0	702	706	706	1412.0	bifunctional GTP diphosphokinase/guanosine-3',5'-bis pyrophosphate 3'-pyrophosphohydrolase [Klebsiella aerogenes]
spoT	WP_063452130	K662I	662	664	K	I	K	K	96.733	100.0	702	704	704	1412.0	bifunctional GTP diphosphokinase/guanosine-3',5'-bis pyrophosphate 3'-pyrophosphohydrolase [Enterobacter genomosp. S]
spoT	WP_049839338	K662I	662	660	K	I	K	K	96.724	100.0	702	700	700	1412.0	bifunctional GTP diphosphokinase/guanosine-3',5'-bis pyrophosphate 3'-pyrophosphohydrolase [Klebsiella sp. RIT-PI-d]
spoT	WP_063863144	K662I	662	664	K	I	K	K	96.733	100.0	702	704	704	1412.0	bifunctional GTP diphosphokinase/guanosine-3',5'-bis pyrophosphate 3'-pyrophosphohydrolase [Enterobacter hormaechei]
spoT	WP_257713616	K662I	662	664	K	I	K	K	96.733	100.0	702	704	704	1412.0	bifunctional GTP diphosphokinase/guanosine-3',5'-bis pyrophosphate 3'-pyrophosphohydrolase [Enterobacter hormaechei]
spoT	WP_234674146	K662I	662	664	K	I	K	K	96.875	100.0	702	704	704	1412.0	bifunctional GTP diphosphokinase/guanosine-3',5'-bis pyrophosphate 3'-pyrophosphohydrolase [Enterobacter sp.]
spoT	WP_421631745	K662I	662	664	K	I	K	K	96.733	100.0	702	704	704	1412.0	bifunctional GTP diphosphokinase/guanosine-3',5'-bis pyrophosphate 3'-pyrophosphohydrolase [Enterobacter cloacae complex sp. SHL004]
spoT	WP_482840637	K662I	662	664	K	I	K	K	97.017	100.0	702	704	704	1411.0	N/A
spoT	WP_058675196	K662I	662	664	K	I	K	K	96.733	100.0	702	704	704	1411.0	bifunctional GTP diphosphokinase/guanosine-3',5'-bis pyrophosphate 3'-pyrophosphohydrolase [Enterobacter hormaechei]
spoT	WP_137382116	K662I	662	664	K	I	K	K	97.017	100.0	702	704	704	1411.0	MULTISPECIES: bifunctional GTP diphosphokinase/guanosine-3',5'-bis pyrophosphate 3'-pyrophosphohydrolase [Citrobacter]
spoT	WP_414599500	K662I	662	664	K	I	K	K	96.733	100.0	702	704	704	1411.0	bifunctional GTP diphosphokinase/guanosine-3',5'-bis pyrophosphate 3'-pyrophosphohydrolase [Enterobacter hormaechei]
spoT	WP_445445426	K662I	662	664	K	I	K	K	97.017	100.0	702	704	704	1411.0	bifunctional GTP diphosphokinase/guanosine-3',5'-bis pyrophosphate 3'-pyrophosphohydrolase [Citrobacter freundii]
spoT	WP_015343999	K662I	662	663	K	I	K	K	96.728	100.0	702	703	703	1411.0	MULTISPECIES: bifunctional GTP diphosphokinase/guanosine-3',5'-bis pyrophosphate 3'-pyrophosphohydrolase [Pseudocitrobacter]
spoT	WP_062939073	K662I	662	664	K	I	K	K	96.733	100.0	702	704	704	1411.0	bifunctional GTP diphosphokinase/guanosine-3',5'-bis pyrophosphate 3'-pyrophosphohydrolase [Enterobacter hormaechei]
spoT	WP_332067907	K662I	662	664	K	I	K	K	97.017	100.0	702	704	704	1411.0	bifunctional GTP diphosphokinase/guanosine-3',5'-bis pyrophosphate 3'-pyrophosphohydrolase [Citrobacter freundii]
spoT	WP_137377039	K662I	662	664	K	I	K	K	97.017	100.0	702	704	704	1411.0	bifunctional GTP diphosphokinase/guanosine-3',5'-bis pyrophosphate 3'-pyrophosphohydrolase [Citrobacter sp. wls757]
spoT	WP_045375271	K662I	662	666	K	I	K	K	96.601	100.0	702	706	706	1411.0	bifunctional GTP diphosphokinase/guanosine-3',5'-bis pyrophosphate 3'-pyrophosphohydrolase [Klebsiella aerogenes]
spoT	WP_414438303	K662I	662	664	K	I	K	K	97.159	100.0	702	704	704	1411.0	bifunctional GTP diphosphokinase/guanosine-3',5'-bis pyrophosphate 3'-pyrophosphohydrolase [Citrobacter meridianamericanus]
spoT	WP_032731497	K662I	662	666	K	I	K	K	96.459	100.0	702	706	706	1411.0	MULTISPECIES: bifunctional GTP diphosphokinase/guanosine-3',5'-bis pyrophosphate 3'-pyrophosphohydrolase [Klebsiella]
spoT	WP_220221835	K662I	662	664	K	I	K	K	97.017	100.0	702	704	704	1411.0	bifunctional GTP diphosphokinase/guanosine-3',5'-bis pyrophosphate 3'-pyrophosphohydrolase [Citrobacter braakii]
spoT	WP_048215289	K662I	662	664	K	I	K	K	97.017	100.0	702	704	704	1411.0	MULTISPECIES: bifunctional GTP diphosphokinase/guanosine-3',5'-bis pyrophosphate 3'-pyrophosphohydrolase [Citrobacter]
spoT	WP_114675717	K662I	662	664	K	I	K	K	97.159	100.0	702	704	704	1411.0	bifunctional GTP diphosphokinase/guanosine-3',5'-bis pyrophosphate 3'-pyrophosphohydrolase [Citrobacter freundii]
spoT	WP_395302816	K662I	662	664	K	I	K	K	96.733	100.0	702	704	704	1411.0	bifunctional GTP diphosphokinase/guanosine-3',5'-bis pyrophosphate 3'-pyrophosphohydrolase [Enterobacter hormaechei]
spoT	WP_271266929	K662I	662	664	K	I	K	K	96.591	100.0	702	704	704	1411.0	bifunctional GTP diphosphokinase/guanosine-3',5'-bis pyrophosphate 3'-pyrophosphohydrolase [Silvania confinis]
spoT	WP_005122599	K662I	662	664	K	I	K	K	97.159	100.0	702	704	704	1411.0	MULTISPECIES: bifunctional GTP diphosphokinase/guanosine-3',5'-bis pyrophosphate 3'-pyrophosphohydrolase [Citrobacter]
spoT	WP_065882897	K662I	662	666	K	I	K	K	96.317	100.0	702	706	706	1411.0	MULTISPECIES: bifunctional GTP diphosphokinase/guanosine-3',5'-bis pyrophosphate 3'-pyrophosphohydrolase [Klebsiella]
spoT	WP_163346880	K662I	662	664	K	I	K	K	96.733	100.0	702	704	704	1411.0	bifunctional GTP diphosphokinase/guanosine-3',5'-bis pyrophosphate 3'-pyrophosphohydrolase [Enterobacter hormaechei]
spoT	WP_332963088	K662I	662	664	K	I	K	K	96.733	100.0	702	704	704	1411.0	bifunctional GTP diphosphokinase/guanosine-3',5'-bis pyrophosphate 3'-pyrophosphohydrolase [Enterobacter hormaechei]
spoT	WP_277718235	K662I	662	664	K	I	K	K	96.591	100.0	702	704	704	1411.0	bifunctional GTP diphosphokinase/guanosine-3',5'-bis pyrophosphate 3'-pyrophosphohydrolase [Enterobacter quasiroggenkampii]
spoT	WP_227448111	K662I	662	664	K	I	K	K	96.733	100.0	702	704	704	1411.0	bifunctional GTP diphosphokinase/guanosine-3',5'-bis pyrophosphate 3'-pyrophosphohydrolase [Enterobacter hormaechei]
spoT	WP_234282617	K662I	662	666	K	I	K	K	96.459	100.0	702	706	706	1411.0	bifunctional GTP diphosphokinase/guanosine-3',5'-bis pyrophosphate 3'-pyrophosphohydrolase [Klebsiella quasipneumoniae]
spoT	WP_279274180	K662I	662	664	K	I	K	K	97.017	100.0	702	704	704	1411.0	bifunctional GTP diphosphokinase/guanosine-3',5'-bis pyrophosphate 3'-pyrophosphohydrolase [Citrobacter freundii]
spoT	WP_287117295	K662I	662	664	K	I	K	K	97.017	100.0	702	704	704	1411.0	bifunctional GTP diphosphokinase/guanosine-3',5'-bis pyrophosphate 3'-pyrophosphohydrolase [Citrobacter sp. Cb022]
spoT	WP_257651357	K662I	662	664	K	I	K	K	97.017	100.0	702	704	704	1411.0	MULTISPECIES: bifunctional GTP diphosphokinase/guanosine-3',5'-bis pyrophosphate 3'-pyrophosphohydrolase [Citrobacter]
spoT	WP_103675962	K662I	662	661	K	I	K	K	96.724	100.0	702	701	701	1410.0	bifunctional GTP diphosphokinase/guanosine-3',5'-bis pyrophosphate 3'-pyrophosphohydrolase [Superficieibacter electus]
spoT	WP_094917564	K662I	662	666	K	I	K	K	96.459	100.0	702	706	706	1410.0	MULTISPECIES: bifunctional GTP diphosphokinase/guanosine-3',5'-bis pyrophosphate 3'-pyrophosphohydrolase [Klebsiella]
spoT	WP_286621723	K662I	662	664	K	I	K	K	97.017	100.0	702	704	704	1410.0	bifunctional GTP diphosphokinase/guanosine-3',5'-bis pyrophosphate 3'-pyrophosphohydrolase [Citrobacter sp. Cpo030]
spoT	WP_321475060	K662I	662	664	K	I	K	K	96.733	100.0	702	704	704	1410.0	bifunctional GTP diphosphokinase/guanosine-3',5'-bis pyrophosphate 3'-pyrophosphohydrolase [Enterobacter hormaechei]
spoT	WP_182936567	K662I	662	664	K	I	K	K	97.017	100.0	702	704	704	1410.0	bifunctional GTP diphosphokinase/guanosine-3',5'-bis pyrophosphate 3'-pyrophosphohydrolase [Citrobacter freundii]
spoT	WP_228338263	K662I	662	664	K	I	K	K	96.733	100.0	702	704	704	1410.0	bifunctional GTP diphosphokinase/guanosine-3',5'-bis pyrophosphate 3'-pyrophosphohydrolase [Enterobacter hormaechei]
spoT	WP_146411018	K662I	662	666	K	I	K	K	96.317	100.0	702	706	706	1410.0	bifunctional GTP diphosphokinase/guanosine-3',5'-bis pyrophosphate 3'-pyrophosphohydrolase [Klebsiella quasipneumoniae]
spoT	WP_369118055	K662I	662	664	K	I	K	K	96.733	100.0	702	704	704	1410.0	bifunctional GTP diphosphokinase/guanosine-3',5'-bis pyrophosphate 3'-pyrophosphohydrolase [Enterobacter hormaechei]
spoT	WP_447552001	K662I	662	664	K	I	K	K	96.733	100.0	702	704	704	1410.0	bifunctional GTP diphosphokinase/guanosine-3',5'-bis pyrophosphate 3'-pyrophosphohydrolase [Enterobacter sp. 186315]
spoT	WP_409242453	K662I	662	664	K	I	K	K	96.733	100.0	702	704	704	1410.0	bifunctional GTP diphosphokinase/guanosine-3',5'-bis pyrophosphate 3'-pyrophosphohydrolase [Enterobacter hormaechei]
spoT	WP_332858108	K662I	662	666	K	I	K	K	96.176	100.0	702	706	706	1410.0	bifunctional GTP diphosphokinase/guanosine-3',5'-bis pyrophosphate 3'-pyrophosphohydrolase [Klebsiella quasipneumoniae]
spoT	WP_003837596	K662I	662	664	K	I	K	K	97.017	100.0	702	704	704	1410.0	bifunctional GTP diphosphokinase/guanosine-3',5'-bis pyrophosphate 3'-pyrophosphohydrolase [Citrobacter freundii]
spoT	WP_323573690	K662I	662	664	K	I	K	K	97.017	100.0	702	704	704	1410.0	bifunctional GTP diphosphokinase/guanosine-3',5'-bis pyrophosphate 3'-pyrophosphohydrolase [Citrobacter portucalensis]
spoT	WP_328757475	K662I	662	664	K	I	K	K	96.733	100.0	702	704	704	1410.0	bifunctional GTP diphosphokinase/guanosine-3',5'-bis pyrophosphate 3'-pyrophosphohydrolase [Enterobacter hormaechei]
spoT	WP_349335801	K662I	662	664	K	I	K	K	96.733	100.0	702	704	704	1410.0	bifunctional GTP diphosphokinase/guanosine-3',5'-bis pyrophosphate 3'-pyrophosphohydrolase [Enterobacter hormaechei]
spoT	WP_161617327	K662I	662	664	K	I	K	K	96.875	100.0	702	704	704	1410.0	bifunctional GTP diphosphokinase/guanosine-3',5'-bis pyrophosphate 3'-pyrophosphohydrolase [Yokenella regensburgei]
spoT	WP_063932872	K662I	662	664	K	I	K	K	96.733	100.0	702	704	704	1410.0	bifunctional GTP diphosphokinase/guanosine-3',5'-bis pyrophosphate 3'-pyrophosphohydrolase [Enterobacter hormaechei]
spoT	WP_004205080	K662I	662	666	K	I	K	K	96.317	100.0	702	706	706	1410.0	MULTISPECIES: bifunctional GTP diphosphokinase/guanosine-3',5'-bis pyrophosphate 3'-pyrophosphohydrolase [Klebsiella]
spoT	WP_348878311	K662I	662	666	K	I	K	K	96.317	100.0	702	706	706	1410.0	bifunctional GTP diphosphokinase/guanosine-3',5'-bis pyrophosphate 3'-pyrophosphohydrolase [Klebsiella sp. GB_Kp047]
spoT	WP_394949167	K662I	662	664	K	I	K	K	97.017	100.0	702	704	704	1410.0	bifunctional GTP diphosphokinase/guanosine-3',5'-bis pyrophosphate 3'-pyrophosphohydrolase [Citrobacter freundii]
spoT	WP_182273128	K662I	662	664	K	I	K	K	96.449	100.0	702	704	704	1410.0	bifunctional GTP diphosphokinase/guanosine-3',5'-bis pyrophosphate 3'-pyrophosphohydrolase [Enterobacter sp. RHBSTW-00901]
spoT	WP_395030093	K662I	662	664	K	I	K	K	96.733	100.0	702	704	704	1410.0	bifunctional GTP diphosphokinase/guanosine-3',5'-bis pyrophosphate 3'-pyrophosphohydrolase [Enterobacter hormaechei]
spoT	WP_286488953	K662I	662	664	K	I	K	K	97.017	100.0	702	704	704	1410.0	bifunctional GTP diphosphokinase/guanosine-3',5'-bis pyrophosphate 3'-pyrophosphohydrolase [Citrobacter sp. Cb223]
spoT	WP_149384370	K662I	662	664	K	I	K	K	97.017	100.0	702	704	704	1410.0	N/A
spoT	WP_409247447	K662I	662	664	K	I	K	K	96.733	100.0	702	704	704	1410.0	bifunctional GTP diphosphokinase/guanosine-3',5'-bis pyrophosphate 3'-pyrophosphohydrolase [Enterobacter hormaechei]
spoT	WP_200516065	K662I	662	664	K	I	K	K	96.733	100.0	702	704	704	1410.0	bifunctional GTP diphosphokinase/guanosine-3',5'-bis pyrophosphate 3'-pyrophosphohydrolase [Enterobacter hormaechei]
spoT	WP_330988677	K662I	662	664	K	I	K	K	96.733	100.0	702	704	704	1410.0	bifunctional GTP diphosphokinase/guanosine-3',5'-bis pyrophosphate 3'-pyrophosphohydrolase [Enterobacter hormaechei]
spoT	WP_004150214	K662I	662	666	K	I	K	K	96.317	100.0	702	706	706	1410.0	MULTISPECIES: bifunctional GTP diphosphokinase/guanosine-3',5'-bis pyrophosphate 3'-pyrophosphohydrolase [Klebsiella]
spoT	WP_087858926	K662I	662	666	K	I	K	K	96.459	100.0	702	706	706	1410.0	MULTISPECIES: bifunctional GTP diphosphokinase/guanosine-3',5'-bis pyrophosphate 3'-pyrophosphohydrolase [Klebsiella]
spoT	WP_200444570	K662I	662	664	K	I	K	K	96.733	100.0	702	704	704	1410.0	bifunctional GTP diphosphokinase/guanosine-3',5'-bis pyrophosphate 3'-pyrophosphohydrolase [Enterobacter hormaechei]
spoT	WP_217332678	K662I	662	666	K	I	K	K	96.176	100.0	702	706	706	1410.0	bifunctional GTP diphosphokinase/guanosine-3',5'-bis pyrophosphate 3'-pyrophosphohydrolase [Klebsiella quasipneumoniae]
spoT	WP_064180595	K662I	662	666	K	I	K	K	96.317	100.0	702	706	706	1410.0	bifunctional GTP diphosphokinase/guanosine-3',5'-bis pyrophosphate 3'-pyrophosphohydrolase [Klebsiella variicola]
spoT	WP_232934661	K662I	662	664	K	I	K	K	96.733	100.0	702	704	704	1410.0	bifunctional GTP diphosphokinase/guanosine-3',5'-bis pyrophosphate 3'-pyrophosphohydrolase [Enterobacter hormaechei]
spoT	WP_182919190	K662I	662	664	K	I	K	K	96.449	100.0	702	704	704	1410.0	MULTISPECIES: bifunctional GTP diphosphokinase/guanosine-3',5'-bis pyrophosphate 3'-pyrophosphohydrolase [Enterobacter]
spoT	WP_482452206	K662I	662	664	K	I	K	K	96.591	100.0	702	704	704	1410.0	N/A
spoT	WP_474457931	K662I	662	664	K	I	K	K	97.017	100.0	702	704	704	1410.0	N/A
spoT	WP_063859992	K662I	662	664	K	I	K	K	96.733	100.0	702	704	704	1410.0	bifunctional GTP diphosphokinase/guanosine-3',5'-bis pyrophosphate 3'-pyrophosphohydrolase [Enterobacter hormaechei]
spoT	WP_071195081	K662I	662	670	K	I	K	K	95.634	100.0	702	710	710	1410.0	bifunctional GTP diphosphokinase/guanosine-3',5'-bis pyrophosphate 3'-pyrophosphohydrolase [Citrobacter sp. UYEF32]
spoT	WP_181500162	K662I	662	664	K	I	K	K	97.017	100.0	702	704	704	1410.0	MULTISPECIES: bifunctional GTP diphosphokinase/guanosine-3',5'-bis pyrophosphate 3'-pyrophosphohydrolase [unclassified Citrobacter]
spoT	WP_016151177	K662I	662	664	K	I	K	K	97.017	100.0	702	704	704	1410.0	MULTISPECIES: bifunctional GTP diphosphokinase/guanosine-3',5'-bis pyrophosphate 3'-pyrophosphohydrolase [Citrobacter]
spoT	WP_039080106	K662I	662	670	K	I	K	K	95.634	100.0	702	710	710	1409.0	MULTISPECIES: bifunctional GTP diphosphokinase/guanosine-3',5'-bis pyrophosphate 3'-pyrophosphohydrolase [Enterobacteriaceae]
spoT	WP_110910472	K662I	662	666	K	I	K	K	96.176	100.0	702	706	706	1409.0	bifunctional GTP diphosphokinase/guanosine-3',5'-bis pyrophosphate 3'-pyrophosphohydrolase [Klebsiella pneumoniae]
spoT	WP_192474443	K662I	662	664	K	I	K	K	97.017	100.0	702	704	704	1409.0	bifunctional GTP diphosphokinase/guanosine-3',5'-bis pyrophosphate 3'-pyrophosphohydrolase [Citrobacter freundii]
spoT	WP_090083577	K662I	662	670	K	I	K	K	95.634	100.0	702	710	710	1409.0	bifunctional GTP diphosphokinase/guanosine-3',5'-bis pyrophosphate 3'-pyrophosphohydrolase [Phytobacter palmae]
spoT	WP_115464636	K662I	662	670	K	I	K	K	95.634	100.0	702	710	710	1409.0	bifunctional GTP diphosphokinase/guanosine-3',5'-bis pyrophosphate 3'-pyrophosphohydrolase [Phytobacter ursingii]
spoT	WP_080924175	K662I	662	666	K	I	K	K	96.317	100.0	702	706	706	1409.0	bifunctional GTP diphosphokinase/guanosine-3',5'-bis pyrophosphate 3'-pyrophosphohydrolase [Klebsiella quasivariicola]
spoT	WP_180240638	K662I	662	664	K	I	K	K	96.733	100.0	702	704	704	1409.0	bifunctional GTP diphosphokinase/guanosine-3',5'-bis pyrophosphate 3'-pyrophosphohydrolase [Enterobacter hormaechei]
spoT	WP_411547892	K662I	662	666	K	I	K	K	96.176	100.0	702	706	706	1409.0	bifunctional GTP diphosphokinase/guanosine-3',5'-bis pyrophosphate 3'-pyrophosphohydrolase [Klebsiella pneumoniae]
spoT	WP_077723960	K662I	662	666	K	I	K	K	96.176	100.0	702	706	706	1409.0	bifunctional GTP diphosphokinase/guanosine-3',5'-bis pyrophosphate 3'-pyrophosphohydrolase [Klebsiella pneumoniae]
spoT	WP_006177709	K662I	662	665	K	I	K	K	96.879	100.0	702	705	705	1409.0	MULTISPECIES: bifunctional GTP diphosphokinase/guanosine-3',5'-bis pyrophosphate 3'-pyrophosphohydrolase [Enterobacter]
spoT	WP_348857824	K662I	662	666	K	I	K	K	96.176	100.0	702	706	706	1409.0	MULTISPECIES: bifunctional GTP diphosphokinase/guanosine-3',5'-bis pyrophosphate 3'-pyrophosphohydrolase [unclassified Klebsiella]
spoT	WP_108700441	K662I	662	670	K	I	K	K	95.634	100.0	702	710	710	1409.0	MULTISPECIES: bifunctional GTP diphosphokinase/guanosine-3',5'-bis pyrophosphate 3'-pyrophosphohydrolase [Enterobacteriaceae]
spoT	WP_410752797	K662I	662	664	K	I	K	K	97.017	100.0	702	704	704	1409.0	MULTISPECIES: bifunctional GTP diphosphokinase/guanosine-3',5'-bis pyrophosphate 3'-pyrophosphohydrolase [Citrobacter freundii complex]
spoT	WP_279749074	K662I	662	664	K	I	K	K	96.733	100.0	702	704	704	1409.0	bifunctional GTP diphosphokinase/guanosine-3',5'-bis pyrophosphate 3'-pyrophosphohydrolase [Enterobacter sp. GD03975]
spoT	WP_255084221	K662I	662	666	K	I	K	K	96.176	100.0	702	706	706	1409.0	bifunctional GTP diphosphokinase/guanosine-3',5'-bis pyrophosphate 3'-pyrophosphohydrolase [Klebsiella pneumoniae]
spoT	WP_319857075	K662I	662	664	K	I	K	K	97.017	100.0	702	704	704	1409.0	bifunctional GTP diphosphokinase/guanosine-3',5'-bis pyrophosphate 3'-pyrophosphohydrolase [Citrobacter portucalensis]
spoT	WP_004151503	K662I	662	666	K	I	K	K	96.176	100.0	702	706	706	1409.0	MULTISPECIES: bifunctional GTP diphosphokinase/guanosine-3',5'-bis pyrophosphate 3'-pyrophosphohydrolase [Klebsiella]
spoT	WP_231535081	K662I	662	666	K	I	K	K	96.176	100.0	702	706	706	1409.0	bifunctional GTP diphosphokinase/guanosine-3',5'-bis pyrophosphate 3'-pyrophosphohydrolase [Klebsiella pneumoniae]
spoT	WP_101857210	K662I	662	666	K	I	K	K	96.176	100.0	702	706	706	1409.0	bifunctional GTP diphosphokinase/guanosine-3',5'-bis pyrophosphate 3'-pyrophosphohydrolase [Klebsiella pneumoniae]
spoT	WP_281083672	K662I	662	666	K	I	K	K	96.317	100.0	702	706	706	1409.0	bifunctional GTP diphosphokinase/guanosine-3',5'-bis pyrophosphate 3'-pyrophosphohydrolase [Klebsiella quasivariicola]
spoT	WP_125305049	K662I	662	666	K	I	K	K	96.317	100.0	702	706	706	1409.0	bifunctional GTP diphosphokinase/guanosine-3',5'-bis pyrophosphate 3'-pyrophosphohydrolase [Klebsiella pneumoniae]
spoT	WP_070181029	K662I	662	666	K	I	K	K	96.317	100.0	702	706	706	1409.0	bifunctional GTP diphosphokinase/guanosine-3',5'-bis pyrophosphate 3'-pyrophosphohydrolase [Klebsiella pneumoniae]
spoT	WP_126502778	K662I	662	664	K	I	K	K	96.733	100.0	702	704	704	1409.0	MULTISPECIES: bifunctional GTP diphosphokinase/guanosine-3',5'-bis pyrophosphate 3'-pyrophosphohydrolase [Enterobacter cloacae complex]
spoT	WP_114681576	K662I	662	664	K	I	K	K	97.017	100.0	702	704	704	1409.0	MULTISPECIES: bifunctional GTP diphosphokinase/guanosine-3',5'-bis pyrophosphate 3'-pyrophosphohydrolase [Citrobacter]
spoT	WP_074386944	K662I	662	666	K	I	K	K	96.317	100.0	702	706	706	1409.0	MULTISPECIES: bifunctional GTP diphosphokinase/guanosine-3',5'-bis pyrophosphate 3'-pyrophosphohydrolase [Klebsiella]
spoT	WP_255894558	K662I	662	666	K	I	K	K	96.317	100.0	702	706	706	1409.0	bifunctional GTP diphosphokinase/guanosine-3',5'-bis pyrophosphate 3'-pyrophosphohydrolase [Klebsiella quasipneumoniae]
spoT	WP_008806818	K662I	662	666	K	I	K	K	96.317	100.0	702	706	706	1409.0	MULTISPECIES: bifunctional GTP diphosphokinase/guanosine-3',5'-bis pyrophosphate 3'-pyrophosphohydrolase [Klebsiella]
spoT	WP_117052614	K662I	662	666	K	I	K	K	96.317	100.0	702	706	706	1409.0	bifunctional GTP diphosphokinase/guanosine-3',5'-bis pyrophosphate 3'-pyrophosphohydrolase [Klebsiella pneumoniae]
spoT	WP_042632431	K662I	662	666	K	I	K	K	96.176	100.0	702	706	706	1409.0	bifunctional GTP diphosphokinase/guanosine-3',5'-bis pyrophosphate 3'-pyrophosphohydrolase [Klebsiella pneumoniae]
spoT	WP_104442678	K662I	662	666	K	I	K	K	96.317	100.0	702	706	706	1409.0	bifunctional GTP diphosphokinase/guanosine-3',5'-bis pyrophosphate 3'-pyrophosphohydrolase [Klebsiella pneumoniae]
spoT	WP_435948597	K662I	662	666	K	I	K	K	96.317	100.0	702	706	706	1409.0	bifunctional GTP diphosphokinase/guanosine-3',5'-bis pyrophosphate 3'-pyrophosphohydrolase [Klebsiella pneumoniae]
spoT	WP_117026061	K662I	662	666	K	I	K	K	96.459	100.0	702	706	706	1409.0	bifunctional GTP diphosphokinase/guanosine-3',5'-bis pyrophosphate 3'-pyrophosphohydrolase [Klebsiella aerogenes]
spoT	WP_242901534	K662I	662	666	K	I	K	K	96.317	100.0	702	706	706	1409.0	bifunctional GTP diphosphokinase/guanosine-3',5'-bis pyrophosphate 3'-pyrophosphohydrolase [Klebsiella variicola]
spoT	WP_484137305	K662I	662	666	K	I	K	K	96.317	100.0	702	706	706	1409.0	N/A
spoT	WP_004873076	K662I	662	666	K	I	K	K	96.176	100.0	702	706	706	1409.0	bifunctional GTP diphosphokinase/guanosine-3',5'-bis pyrophosphate 3'-pyrophosphohydrolase [Klebsiella pneumoniae]
spoT	WP_134392586	K662I	662	665	K	I	K	K	96.17	100.0	702	705	705	1409.0	bifunctional GTP diphosphokinase/guanosine-3',5'-bis pyrophosphate 3'-pyrophosphohydrolase [Klebsiella pneumoniae]
spoT	WP_458186278	K662I	662	664	K	I	K	K	97.017	100.0	702	704	704	1409.0	bifunctional GTP diphosphokinase/guanosine-3',5'-bis pyrophosphate 3'-pyrophosphohydrolase [Citrobacter braakii]
spoT	WP_480149934	K662I	662	666	K	I	K	K	96.176	100.0	702	706	706	1409.0	N/A
spoT	WP_278223106	K662I	662	666	K	I	K	K	96.176	100.0	702	706	706	1409.0	bifunctional GTP diphosphokinase/guanosine-3',5'-bis pyrophosphate 3'-pyrophosphohydrolase [Klebsiella pneumoniae]
spoT	WP_322256649	K662I	662	666	K	I	K	K	96.176	100.0	702	706	706	1409.0	bifunctional GTP diphosphokinase/guanosine-3',5'-bis pyrophosphate 3'-pyrophosphohydrolase [Klebsiella quasipneumoniae]
spoT	WP_354691656	K662I	662	670	K	I	K	K	95.493	100.0	702	710	710	1409.0	bifunctional GTP diphosphokinase/guanosine-3',5'-bis pyrophosphate 3'-pyrophosphohydrolase [Phytobacter sp. RSE-02]
spoT	WP_117245911	K662I	662	666	K	I	K	K	96.317	100.0	702	706	706	1409.0	bifunctional GTP diphosphokinase/guanosine-3',5'-bis pyrophosphate 3'-pyrophosphohydrolase [Klebsiella pneumoniae]
spoT	WP_110184081	K662I	662	666	K	I	K	K	96.176	100.0	702	706	706	1409.0	bifunctional GTP diphosphokinase/guanosine-3',5'-bis pyrophosphate 3'-pyrophosphohydrolase [Klebsiella pneumoniae]
spoT	WP_049014608	K662I	662	664	K	I	K	K	97.017	100.0	702	704	704	1409.0	bifunctional GTP diphosphokinase/guanosine-3',5'-bis pyrophosphate 3'-pyrophosphohydrolase [Citrobacter freundii]
spoT	WP_281131350	K662I	662	666	K	I	K	K	96.176	100.0	702	706	706	1409.0	bifunctional GTP diphosphokinase/guanosine-3',5'-bis pyrophosphate 3'-pyrophosphohydrolase [Klebsiella pneumoniae]
spoT	WP_265779414	K662I	662	666	K	I	K	K	96.176	100.0	702	706	706	1409.0	bifunctional GTP diphosphokinase/guanosine-3',5'-bis pyrophosphate 3'-pyrophosphohydrolase [Klebsiella pneumoniae]
spoT	WP_410398985	K662I	662	664	K	I	K	K	97.017	100.0	702	704	704	1409.0	bifunctional GTP diphosphokinase/guanosine-3',5'-bis pyrophosphate 3'-pyrophosphohydrolase [Citrobacter braakii]
spoT	WP_032425330	K662I	662	666	K	I	K	K	96.176	100.0	702	706	706	1409.0	bifunctional GTP diphosphokinase/guanosine-3',5'-bis pyrophosphate 3'-pyrophosphohydrolase [Klebsiella pneumoniae]
spoT	WP_131634653	K662I	662	664	K	I	K	K	96.591	100.0	702	704	704	1409.0	bifunctional GTP diphosphokinase/guanosine-3',5'-bis pyrophosphate 3'-pyrophosphohydrolase [Enterobacter wuhouensis]
spoT	WP_103177696	K662I	662	663	K	I	K	K	96.159	100.0	702	703	703	1409.0	MULTISPECIES: bifunctional GTP diphosphokinase/guanosine-3',5'-bis pyrophosphate 3'-pyrophosphohydrolase [Leclercia]
spoT	WP_255086063	K662I	662	666	K	I	K	K	96.176	100.0	702	706	706	1409.0	bifunctional GTP diphosphokinase/guanosine-3',5'-bis pyrophosphate 3'-pyrophosphohydrolase [Klebsiella pneumoniae]
spoT	WP_406908265	K662I	662	664	K	I	K	K	97.017	100.0	702	704	704	1409.0	bifunctional GTP diphosphokinase/guanosine-3',5'-bis pyrophosphate 3'-pyrophosphohydrolase [Citrobacter freundii]
spoT	WP_419389556	K662I	662	666	K	I	K	K	96.176	100.0	702	706	706	1409.0	bifunctional GTP diphosphokinase/guanosine-3',5'-bis pyrophosphate 3'-pyrophosphohydrolase [Klebsiella pneumoniae]
spoT	WP_411372288	K662I	662	666	K	I	K	K	96.317	100.0	702	706	706	1409.0	bifunctional GTP diphosphokinase/guanosine-3',5'-bis pyrophosphate 3'-pyrophosphohydrolase [Klebsiella pneumoniae]
spoT	WP_420527263	K662I	662	666	K	I	K	K	96.176	100.0	702	706	706	1409.0	bifunctional GTP diphosphokinase/guanosine-3',5'-bis pyrophosphate 3'-pyrophosphohydrolase [Klebsiella pneumoniae]
spoT	WP_370621470	K662I	662	664	K	I	K	K	97.017	100.0	702	704	704	1409.0	bifunctional GTP diphosphokinase/guanosine-3',5'-bis pyrophosphate 3'-pyrophosphohydrolase [Citrobacter portucalensis]
spoT	WP_263086879	K662I	662	666	K	I	K	K	96.176	100.0	702	706	706	1409.0	bifunctional GTP diphosphokinase/guanosine-3',5'-bis pyrophosphate 3'-pyrophosphohydrolase [Klebsiella pneumoniae]
spoT	WP_305242882	K662I	662	666	K	I	K	K	96.176	100.0	702	706	706	1409.0	bifunctional GTP diphosphokinase/guanosine-3',5'-bis pyrophosphate 3'-pyrophosphohydrolase [Klebsiella quasipneumoniae]
spoT	WP_297203224	K662I	662	662	K	I	K	K	96.439	100.0	702	702	702	1409.0	bifunctional GTP diphosphokinase/guanosine-3',5'-bis pyrophosphate 3'-pyrophosphohydrolase [uncultured Pluralibacter sp.]
spoT	WP_117043148	K662I	662	666	K	I	K	K	96.176	100.0	702	706	706	1409.0	bifunctional GTP diphosphokinase/guanosine-3',5'-bis pyrophosphate 3'-pyrophosphohydrolase [Klebsiella pneumoniae]
spoT	WP_261666790	K662I	662	664	K	I	K	K	96.733	100.0	702	704	704	1409.0	bifunctional GTP diphosphokinase/guanosine-3',5'-bis pyrophosphate 3'-pyrophosphohydrolase [Enterobacter hormaechei]
spoT	WP_486516647	K662I	662	666	K	I	K	K	96.176	100.0	702	706	706	1409.0	N/A
spoT	WP_487158795	K662I	662	666	K	I	K	K	96.034	100.0	702	706	706	1408.0	N/A
spoT	WP_461644738	K662I	662	666	K	I	K	K	96.176	100.0	702	706	706	1408.0	N/A
spoT	WP_395035986	K662I	662	666	K	I	K	K	96.176	100.0	702	706	706	1408.0	bifunctional GTP diphosphokinase/guanosine-3',5'-bis pyrophosphate 3'-pyrophosphohydrolase [Klebsiella pneumoniae]
spoT	WP_114447016	K662I	662	666	K	I	K	K	96.034	100.0	702	706	706	1408.0	bifunctional GTP diphosphokinase/guanosine-3',5'-bis pyrophosphate 3'-pyrophosphohydrolase [Klebsiella pneumoniae]
spoT	WP_440767614	K662I	662	666	K	I	K	K	96.176	100.0	702	706	706	1408.0	bifunctional GTP diphosphokinase/guanosine-3',5'-bis pyrophosphate 3'-pyrophosphohydrolase [Klebsiella pneumoniae]
spoT	WP_243204969	K662I	662	666	K	I	K	K	96.176	100.0	702	706	706	1408.0	bifunctional GTP diphosphokinase/guanosine-3',5'-bis pyrophosphate 3'-pyrophosphohydrolase [Klebsiella pneumoniae]
spoT	WP_253610621	K662I	662	666	K	I	K	K	96.034	100.0	702	706	706	1408.0	bifunctional GTP diphosphokinase/guanosine-3',5'-bis pyrophosphate 3'-pyrophosphohydrolase [Klebsiella pneumoniae]
spoT	WP_191974965	K662I	662	666	K	I	K	K	96.176	100.0	702	706	706	1408.0	bifunctional GTP diphosphokinase/guanosine-3',5'-bis pyrophosphate 3'-pyrophosphohydrolase [Klebsiella pneumoniae]
spoT	WP_323060442	K662I	662	666	K	I	K	K	96.176	100.0	702	706	706	1408.0	bifunctional GTP diphosphokinase/guanosine-3',5'-bis pyrophosphate 3'-pyrophosphohydrolase [Klebsiella variicola]
spoT	WP_251335822	K662I	662	666	K	I	K	K	96.176	100.0	702	706	706	1408.0	bifunctional GTP diphosphokinase/guanosine-3',5'-bis pyrophosphate 3'-pyrophosphohydrolase [Klebsiella pneumoniae]
spoT	WP_306610736	K662I	662	666	K	I	K	K	96.176	100.0	702	706	706	1408.0	bifunctional GTP diphosphokinase/guanosine-3',5'-bis pyrophosphate 3'-pyrophosphohydrolase [Klebsiella pneumoniae]
spoT	WP_253380861	K662I	662	664	K	I	K	K	96.591	100.0	702	704	704	1408.0	bifunctional GTP diphosphokinase/guanosine-3',5'-bis pyrophosphate 3'-pyrophosphohydrolase [unidentified bacterial endosymbiont]
spoT	WP_277461084	K662I	662	666	K	I	K	K	96.176	100.0	702	706	706	1408.0	bifunctional GTP diphosphokinase/guanosine-3',5'-bis pyrophosphate 3'-pyrophosphohydrolase [Klebsiella pneumoniae]
spoT	WP_420533262	K662I	662	666	K	I	K	K	96.176	100.0	702	706	706	1408.0	bifunctional GTP diphosphokinase/guanosine-3',5'-bis pyrophosphate 3'-pyrophosphohydrolase [Klebsiella pneumoniae]
spoT	WP_110224328	K662I	662	666	K	I	K	K	96.034	100.0	702	706	706	1408.0	bifunctional GTP diphosphokinase/guanosine-3',5'-bis pyrophosphate 3'-pyrophosphohydrolase [Klebsiella pneumoniae]
spoT	WP_169329677	K662I	662	664	K	I	K	K	97.017	100.0	702	704	704	1408.0	MULTISPECIES: bifunctional GTP diphosphokinase/guanosine-3',5'-bis pyrophosphate 3'-pyrophosphohydrolase [Citrobacter]
spoT	WP_117074869	K662I	662	666	K	I	K	K	96.176	100.0	702	706	706	1408.0	bifunctional GTP diphosphokinase/guanosine-3',5'-bis pyrophosphate 3'-pyrophosphohydrolase [Klebsiella pneumoniae]
spoT	WP_121590613	K662I	662	666	K	I	K	K	96.176	100.0	702	706	706	1408.0	bifunctional GTP diphosphokinase/guanosine-3',5'-bis pyrophosphate 3'-pyrophosphohydrolase [Klebsiella pneumoniae]
spoT	WP_331837929	K662I	662	666	K	I	K	K	96.317	100.0	702	706	706	1408.0	bifunctional GTP diphosphokinase/guanosine-3',5'-bis pyrophosphate 3'-pyrophosphohydrolase [Klebsiella quasipneumoniae]
spoT	WP_180846842	K662I	662	666	K	I	K	K	96.176	100.0	702	706	706	1408.0	bifunctional GTP diphosphokinase/guanosine-3',5'-bis pyrophosphate 3'-pyrophosphohydrolase [Klebsiella pneumoniae]
spoT	WP_117115285	K662I	662	666	K	I	K	K	96.176	100.0	702	706	706	1408.0	bifunctional GTP diphosphokinase/guanosine-3',5'-bis pyrophosphate 3'-pyrophosphohydrolase [Klebsiella pneumoniae]
spoT	WP_127113104	K662I	662	666	K	I	K	K	96.317	100.0	702	706	706	1408.0	bifunctional GTP diphosphokinase/guanosine-3',5'-bis pyrophosphate 3'-pyrophosphohydrolase [Klebsiella quasipneumoniae]
spoT	WP_095715334	K662I	662	664	K	I	K	K	97.017	100.0	702	704	704	1408.0	bifunctional GTP diphosphokinase/guanosine-3',5'-bis pyrophosphate 3'-pyrophosphohydrolase [Citrobacter sp. TSA-1]
spoT	WP_104457239	K662I	662	666	K	I	K	K	96.176	100.0	702	706	706	1408.0	bifunctional GTP diphosphokinase/guanosine-3',5'-bis pyrophosphate 3'-pyrophosphohydrolase [Klebsiella pneumoniae]
spoT	WP_181249056	K662I	662	666	K	I	K	K	96.176	100.0	702	706	706	1408.0	bifunctional GTP diphosphokinase/guanosine-3',5'-bis pyrophosphate 3'-pyrophosphohydrolase [Klebsiella pneumoniae]
spoT	WP_004210824	K662I	662	666	K	I	K	K	96.176	100.0	702	706	706	1408.0	bifunctional GTP diphosphokinase/guanosine-3',5'-bis pyrophosphate 3'-pyrophosphohydrolase [Klebsiella pneumoniae]
spoT	WP_243817343	K662I	662	666	K	I	K	K	96.176	100.0	702	706	706	1408.0	bifunctional GTP diphosphokinase/guanosine-3',5'-bis pyrophosphate 3'-pyrophosphohydrolase [Klebsiella quasipneumoniae]
spoT	WP_366228342	K662I	662	666	K	I	K	K	96.176	100.0	702	706	706	1408.0	bifunctional GTP diphosphokinase/guanosine-3',5'-bis pyrophosphate 3'-pyrophosphohydrolase [Klebsiella variicola]
spoT	WP_102063469	K662I	662	666	K	I	K	K	96.176	100.0	702	706	706	1408.0	bifunctional GTP diphosphokinase/guanosine-3',5'-bis pyrophosphate 3'-pyrophosphohydrolase [Klebsiella pneumoniae]
spoT	WP_114266666	K662I	662	666	K	I	K	K	96.176	100.0	702	706	706	1408.0	bifunctional GTP diphosphokinase/guanosine-3',5'-bis pyrophosphate 3'-pyrophosphohydrolase [Klebsiella pneumoniae]
spoT	WP_200539721	K662I	662	666	K	I	K	K	96.176	100.0	702	706	706	1408.0	bifunctional GTP diphosphokinase/guanosine-3',5'-bis pyrophosphate 3'-pyrophosphohydrolase [Klebsiella pneumoniae]
spoT	WP_210217293	K662I	662	666	K	I	K	K	96.176	100.0	702	706	706	1408.0	bifunctional GTP diphosphokinase/guanosine-3',5'-bis pyrophosphate 3'-pyrophosphohydrolase [Klebsiella pneumoniae]
spoT	WP_114271213	K662I	662	666	K	I	K	K	96.176	100.0	702	706	706	1408.0	bifunctional GTP diphosphokinase/guanosine-3',5'-bis pyrophosphate 3'-pyrophosphohydrolase [Klebsiella pneumoniae]
spoT	WP_160540093	K662I	662	666	K	I	K	K	96.176	100.0	702	706	706	1408.0	bifunctional GTP diphosphokinase/guanosine-3',5'-bis pyrophosphate 3'-pyrophosphohydrolase [Klebsiella pneumoniae]
spoT	WP_274914989	K662I	662	666	K	I	K	K	96.176	100.0	702	706	706	1408.0	bifunctional GTP diphosphokinase/guanosine-3',5'-bis pyrophosphate 3'-pyrophosphohydrolase [Klebsiella pneumoniae]
spoT	WP_105424121	K662I	662	666	K	I	K	K	96.034	100.0	702	706	706	1408.0	bifunctional GTP diphosphokinase/guanosine-3',5'-bis pyrophosphate 3'-pyrophosphohydrolase [Klebsiella pneumoniae]
spoT	WP_265011076	K662I	662	666	K	I	K	K	96.176	100.0	702	706	706	1408.0	bifunctional GTP diphosphokinase/guanosine-3',5'-bis pyrophosphate 3'-pyrophosphohydrolase [Klebsiella variicola]
spoT	WP_480129069	K662I	662	666	K	I	K	K	96.176	100.0	702	706	706	1408.0	N/A
spoT	WP_480095498	K662I	662	666	K	I	K	K	96.176	100.0	702	706	706	1408.0	N/A
spoT	WP_177341688	K662I	662	666	K	I	K	K	96.176	100.0	702	706	706	1408.0	bifunctional GTP diphosphokinase/guanosine-3',5'-bis pyrophosphate 3'-pyrophosphohydrolase [Klebsiella variicola]
spoT	WP_221001198	K662I	662	666	K	I	K	K	96.176	100.0	702	706	706	1408.0	bifunctional GTP diphosphokinase/guanosine-3',5'-bis pyrophosphate 3'-pyrophosphohydrolase [Klebsiella pneumoniae]
spoT	WP_130941849	K662I	662	666	K	I	K	K	96.176	100.0	702	706	706	1408.0	bifunctional GTP diphosphokinase/guanosine-3',5'-bis pyrophosphate 3'-pyrophosphohydrolase [Klebsiella quasipneumoniae]
spoT	WP_480107753	K662I	662	666	K	I	K	K	96.176	100.0	702	706	706	1408.0	N/A
spoT	WP_104458677	K662I	662	666	K	I	K	K	96.176	100.0	702	706	706	1408.0	bifunctional GTP diphosphokinase/guanosine-3',5'-bis pyrophosphate 3'-pyrophosphohydrolase [Klebsiella variicola]
spoT	WP_427064661	K662I	662	666	K	I	K	K	96.176	100.0	702	706	706	1408.0	bifunctional GTP diphosphokinase/guanosine-3',5'-bis pyrophosphate 3'-pyrophosphohydrolase [Klebsiella pneumoniae]
spoT	WP_065805551	K662I	662	666	K	I	K	K	96.176	100.0	702	706	706	1408.0	bifunctional GTP diphosphokinase/guanosine-3',5'-bis pyrophosphate 3'-pyrophosphohydrolase [Klebsiella pneumoniae]
spoT	WP_420227807	K662I	662	666	K	I	K	K	96.176	100.0	702	706	706	1408.0	bifunctional GTP diphosphokinase/guanosine-3',5'-bis pyrophosphate 3'-pyrophosphohydrolase [Klebsiella pneumoniae]
spoT	WP_443087894	K662I	662	665	K	I	K	K	96.17	100.0	702	705	705	1408.0	bifunctional GTP diphosphokinase/guanosine-3',5'-bis pyrophosphate 3'-pyrophosphohydrolase [Vagococcus sp. WN89Y]
spoT	WP_032414067	K662I	662	666	K	I	K	K	96.176	100.0	702	706	706	1408.0	bifunctional GTP diphosphokinase/guanosine-3',5'-bis pyrophosphate 3'-pyrophosphohydrolase [Klebsiella pneumoniae]
spoT	WP_202711971	K662I	662	666	K	I	K	K	96.176	100.0	702	706	706	1408.0	bifunctional GTP diphosphokinase/guanosine-3',5'-bis pyrophosphate 3'-pyrophosphohydrolase [Klebsiella pneumoniae]
spoT	WP_047372567	K662I	662	668	K	I	K	K	96.045	100.0	702	708	708	1408.0	MULTISPECIES: bifunctional GTP diphosphokinase/guanosine-3',5'-bis pyrophosphate 3'-pyrophosphohydrolase [Enterobacteriaceae]
spoT	WP_136846751	K662I	662	666	K	I	K	K	96.176	100.0	702	706	706	1408.0	bifunctional GTP diphosphokinase/guanosine-3',5'-bis pyrophosphate 3'-pyrophosphohydrolase [Klebsiella pneumoniae]
spoT	WP_259556160	K662I	662	666	K	I	K	K	96.176	100.0	702	706	706	1408.0	bifunctional GTP diphosphokinase/guanosine-3',5'-bis pyrophosphate 3'-pyrophosphohydrolase [Klebsiella pneumoniae]
spoT	WP_117086767	K662I	662	666	K	I	K	K	96.034	100.0	702	706	706	1408.0	bifunctional GTP diphosphokinase/guanosine-3',5'-bis pyrophosphate 3'-pyrophosphohydrolase [Klebsiella pneumoniae]
spoT	WP_100111835	K662I	662	666	K	I	K	K	96.176	100.0	702	706	706	1408.0	bifunctional GTP diphosphokinase/guanosine-3',5'-bis pyrophosphate 3'-pyrophosphohydrolase [Klebsiella pneumoniae]
spoT	WP_107331960	K662I	662	666	K	I	K	K	96.034	100.0	702	706	706	1408.0	bifunctional GTP diphosphokinase/guanosine-3',5'-bis pyrophosphate 3'-pyrophosphohydrolase [Klebsiella pneumoniae]
spoT	WP_480136010	K662I	662	666	K	I	K	K	96.176	100.0	702	706	706	1408.0	N/A
spoT	WP_200557453	K662I	662	666	K	I	K	K	96.176	100.0	702	706	706	1408.0	bifunctional GTP diphosphokinase/guanosine-3',5'-bis pyrophosphate 3'-pyrophosphohydrolase [Klebsiella quasipneumoniae]
spoT	WP_480074152	K662I	662	666	K	I	K	K	96.176	100.0	702	706	706	1408.0	N/A
spoT	WP_411545965	K662I	662	666	K	I	K	K	96.176	100.0	702	706	706	1408.0	bifunctional GTP diphosphokinase/guanosine-3',5'-bis pyrophosphate 3'-pyrophosphohydrolase [Klebsiella pneumoniae]
spoT	WP_328735579	K662I	662	664	K	I	K	K	96.591	100.0	702	704	704	1408.0	MULTISPECIES: bifunctional GTP diphosphokinase/guanosine-3',5'-bis pyrophosphate 3'-pyrophosphohydrolase [Enterobacter cloacae complex]
spoT	WP_480098779	K662I	662	666	K	I	K	K	96.317	100.0	702	706	706	1408.0	N/A
spoT	WP_418133310	K662I	662	666	K	I	K	K	96.176	100.0	702	706	706	1408.0	bifunctional GTP diphosphokinase/guanosine-3',5'-bis pyrophosphate 3'-pyrophosphohydrolase [Klebsiella pneumoniae]
spoT	WP_349949652	K662I	662	666	K	I	K	K	96.176	100.0	702	706	706	1408.0	bifunctional GTP diphosphokinase/guanosine-3',5'-bis pyrophosphate 3'-pyrophosphohydrolase [Klebsiella quasipneumoniae]
spoT	WP_253891808	K662I	662	666	K	I	K	K	96.034	100.0	702	706	706	1408.0	bifunctional GTP diphosphokinase/guanosine-3',5'-bis pyrophosphate 3'-pyrophosphohydrolase [Klebsiella pneumoniae]
spoT	WP_159300611	K662I	662	666	K	I	K	K	96.176	100.0	702	706	706	1408.0	bifunctional GTP diphosphokinase/guanosine-3',5'-bis pyrophosphate 3'-pyrophosphohydrolase [Klebsiella pneumoniae]
spoT	WP_201196914	K662I	662	666	K	I	K	K	96.176	100.0	702	706	706	1408.0	bifunctional GTP diphosphokinase/guanosine-3',5'-bis pyrophosphate 3'-pyrophosphohydrolase [Klebsiella pneumoniae]
spoT	WP_230042305	K662I	662	666	K	I	K	K	96.176	100.0	702	706	706	1408.0	bifunctional GTP diphosphokinase/guanosine-3',5'-bis pyrophosphate 3'-pyrophosphohydrolase [Klebsiella pneumoniae]
spoT	WP_213221148	K662I	662	666	K	I	K	K	96.317	100.0	702	706	706	1408.0	MULTISPECIES: bifunctional GTP diphosphokinase/guanosine-3',5'-bis pyrophosphate 3'-pyrophosphohydrolase [Klebsiella pneumoniae complex]
spoT	WP_480102445	K662I	662	666	K	I	K	K	96.317	100.0	702	706	706	1408.0	N/A
spoT	WP_472973446	K662I	662	666	K	I	K	K	96.176	100.0	702	706	706	1408.0	N/A
spoT	WP_410242149	K662I	662	664	K	I	K	K	96.733	100.0	702	704	704	1408.0	bifunctional GTP diphosphokinase/guanosine-3',5'-bis pyrophosphate 3'-pyrophosphohydrolase [Enterobacter hormaechei]
spoT	WP_102035525	K662I	662	666	K	I	K	K	96.176	100.0	702	706	706	1408.0	bifunctional GTP diphosphokinase/guanosine-3',5'-bis pyrophosphate 3'-pyrophosphohydrolase [Klebsiella pneumoniae]
spoT	WP_234276835	K662I	662	666	K	I	K	K	96.176	100.0	702	706	706	1407.0	bifunctional GTP diphosphokinase/guanosine-3',5'-bis pyrophosphate 3'-pyrophosphohydrolase [Klebsiella pneumoniae]
spoT	WP_124990032	K662I	662	666	K	I	K	K	96.176	100.0	702	706	706	1407.0	bifunctional GTP diphosphokinase/guanosine-3',5'-bis pyrophosphate 3'-pyrophosphohydrolase [Klebsiella pneumoniae]
spoT	WP_144134596	K662I	662	666	K	I	K	K	96.034	100.0	702	706	706	1407.0	bifunctional GTP diphosphokinase/guanosine-3',5'-bis pyrophosphate 3'-pyrophosphohydrolase [Kosakonia radicincitans]
spoT	WP_296406333	K662I	662	663	K	I	K	K	96.302	100.0	702	703	703	1407.0	bifunctional GTP diphosphokinase/guanosine-3',5'-bis pyrophosphate 3'-pyrophosphohydrolase [Pluralibacter sp.]
spoT	WP_136086298	K662I	662	666	K	I	K	K	96.176	100.0	702	706	706	1407.0	bifunctional GTP diphosphokinase/guanosine-3',5'-bis pyrophosphate 3'-pyrophosphohydrolase [Klebsiella variicola]
spoT	WP_032690255	K662I	662	666	K	I	K	K	96.176	100.0	702	706	706	1407.0	MULTISPECIES: bifunctional GTP diphosphokinase/guanosine-3',5'-bis pyrophosphate 3'-pyrophosphohydrolase [Raoultella]
spoT	WP_048290067	K662I	662	666	K	I	K	K	96.176	100.0	702	706	706	1407.0	bifunctional GTP diphosphokinase/guanosine-3',5'-bis pyrophosphate 3'-pyrophosphohydrolase [Klebsiella pneumoniae]
spoT	WP_023325399	K662I	662	666	K	I	K	K	96.176	100.0	702	706	706	1407.0	bifunctional GTP diphosphokinase/guanosine-3',5'-bis pyrophosphate 3'-pyrophosphohydrolase [Klebsiella pneumoniae]
spoT	WP_480145475	K662I	662	666	K	I	K	K	96.176	100.0	702	706	706	1407.0	N/A
spoT	WP_276160989	K662I	662	660	K	I	K	K	96.444	100.0	702	700	700	1407.0	bifunctional GTP diphosphokinase/guanosine-3',5'-bis pyrophosphate 3'-pyrophosphohydrolase [Superficieibacter sp. HKU1]
spoT	WP_200109871	K662I	662	664	K	I	K	K	96.875	100.0	702	704	704	1407.0	bifunctional GTP diphosphokinase/guanosine-3',5'-bis pyrophosphate 3'-pyrophosphohydrolase [Citrobacter braakii]
spoT	WP_348858774	K662I	662	666	K	I	K	K	96.176	100.0	702	706	706	1407.0	bifunctional GTP diphosphokinase/guanosine-3',5'-bis pyrophosphate 3'-pyrophosphohydrolase [Klebsiella sp. JB_Kp008]
spoT	WP_484495559	K662I	662	666	K	I	K	K	96.034	100.0	702	706	706	1407.0	N/A
spoT	WP_117255712	K662I	662	666	K	I	K	K	96.176	100.0	702	706	706	1407.0	bifunctional GTP diphosphokinase/guanosine-3',5'-bis pyrophosphate 3'-pyrophosphohydrolase [Klebsiella pneumoniae]
spoT	WP_426813761	K662I	662	666	K	I	K	K	96.034	100.0	702	706	706	1407.0	bifunctional GTP diphosphokinase/guanosine-3',5'-bis pyrophosphate 3'-pyrophosphohydrolase [Klebsiella sp. WOUb02]
spoT	WP_159335383	K662I	662	666	K	I	K	K	96.176	100.0	702	706	706	1407.0	bifunctional GTP diphosphokinase/guanosine-3',5'-bis pyrophosphate 3'-pyrophosphohydrolase [Klebsiella pneumoniae]
spoT	WP_157173773	K662I	662	666	K	I	K	K	96.176	100.0	702	706	706	1407.0	bifunctional GTP diphosphokinase/guanosine-3',5'-bis pyrophosphate 3'-pyrophosphohydrolase [Klebsiella pneumoniae]
spoT	WP_144274157	K662I	662	666	K	I	K	K	96.176	100.0	702	706	706	1407.0	bifunctional GTP diphosphokinase/guanosine-3',5'-bis pyrophosphate 3'-pyrophosphohydrolase [Raoultella planticola]
spoT	WP_135716775	K662I	662	666	K	I	K	K	96.176	100.0	702	706	706	1407.0	bifunctional GTP diphosphokinase/guanosine-3',5'-bis pyrophosphate 3'-pyrophosphohydrolase [Klebsiella pneumoniae]
spoT	WP_038161128	K662I	662	665	K	I	K	K	96.454	100.0	702	705	705	1407.0	bifunctional GTP diphosphokinase/guanosine-3',5'-bis pyrophosphate 3'-pyrophosphohydrolase [Trabulsiella guamensis]
spoT	WP_482520080	K662I	662	666	K	I	K	K	96.176	100.0	702	706	706	1407.0	N/A
spoT	WP_242924731	K662I	662	666	K	I	K	K	96.176	100.0	702	706	706	1407.0	bifunctional GTP diphosphokinase/guanosine-3',5'-bis pyrophosphate 3'-pyrophosphohydrolase [Klebsiella variicola]
spoT	WP_007369480	K662I	662	666	K	I	K	K	95.892	100.0	702	706	706	1407.0	MULTISPECIES: bifunctional GTP diphosphokinase/guanosine-3',5'-bis pyrophosphate 3'-pyrophosphohydrolase [Kosakonia]
spoT	WP_135727523	K662I	662	666	K	I	K	K	96.176	100.0	702	706	706	1407.0	bifunctional GTP diphosphokinase/guanosine-3',5'-bis pyrophosphate 3'-pyrophosphohydrolase [Klebsiella pneumoniae]
spoT	WP_233994016	K662I	662	666	K	I	K	K	96.176	100.0	702	706	706	1407.0	bifunctional GTP diphosphokinase/guanosine-3',5'-bis pyrophosphate 3'-pyrophosphohydrolase [Klebsiella pneumoniae]
spoT	WP_341964682	K662I	662	666	K	I	K	K	96.034	100.0	702	706	706	1407.0	bifunctional GTP diphosphokinase/guanosine-3',5'-bis pyrophosphate 3'-pyrophosphohydrolase [Klebsiella pneumoniae]
spoT	WP_040173301	K662I	662	666	K	I	K	K	96.176	100.0	702	706	706	1407.0	bifunctional GTP diphosphokinase/guanosine-3',5'-bis pyrophosphate 3'-pyrophosphohydrolase [Klebsiella pneumoniae]
spoT	WP_461237639	K662I	662	666	K	I	K	K	96.176	100.0	702	706	706	1407.0	N/A
spoT	WP_420693200	K662I	662	666	K	I	K	K	96.034	100.0	702	706	706	1407.0	bifunctional GTP diphosphokinase/guanosine-3',5'-bis pyrophosphate 3'-pyrophosphohydrolase [Klebsiella sp. R28]
spoT	WP_117122721	K662I	662	666	K	I	K	K	96.176	100.0	702	706	706	1407.0	bifunctional GTP diphosphokinase/guanosine-3',5'-bis pyrophosphate 3'-pyrophosphohydrolase [Klebsiella variicola]
spoT	WP_420531782	K662I	662	666	K	I	K	K	96.176	100.0	702	706	706	1407.0	bifunctional GTP diphosphokinase/guanosine-3',5'-bis pyrophosphate 3'-pyrophosphohydrolase [Klebsiella pneumoniae]
spoT	WP_115667944	K662I	662	666	K	I	K	K	96.176	100.0	702	706	706	1407.0	bifunctional GTP diphosphokinase/guanosine-3',5'-bis pyrophosphate 3'-pyrophosphohydrolase [Klebsiella pneumoniae]
spoT	WP_434638058	K662I	662	666	K	I	K	K	96.176	100.0	702	706	706	1407.0	bifunctional GTP diphosphokinase/guanosine-3',5'-bis pyrophosphate 3'-pyrophosphohydrolase [Klebsiella sp. I138]
spoT	WP_102017439	K662I	662	666	K	I	K	K	96.034	100.0	702	706	706	1407.0	bifunctional GTP diphosphokinase/guanosine-3',5'-bis pyrophosphate 3'-pyrophosphohydrolase [Klebsiella pneumoniae]
spoT	WP_259601334	K662I	662	666	K	I	K	K	96.176	100.0	702	706	706	1407.0	bifunctional GTP diphosphokinase/guanosine-3',5'-bis pyrophosphate 3'-pyrophosphohydrolase [Klebsiella quasipneumoniae]
spoT	WP_273959765	K662I	662	666	K	I	K	K	96.176	100.0	702	706	706	1407.0	bifunctional GTP diphosphokinase/guanosine-3',5'-bis pyrophosphate 3'-pyrophosphohydrolase [Klebsiella pneumoniae]
spoT	WP_312132497	K662I	662	663	K	I	K	K	96.017	100.0	702	703	703	1407.0	bifunctional GTP diphosphokinase/guanosine-3',5'-bis pyrophosphate 3'-pyrophosphohydrolase [Leclercia sp.]
spoT	WP_048964127	K662I	662	666	K	I	K	K	96.176	100.0	702	706	706	1407.0	bifunctional GTP diphosphokinase/guanosine-3',5'-bis pyrophosphate 3'-pyrophosphohydrolase [Klebsiella variicola]
spoT	WP_100680980	K662I	662	666	K	I	K	K	96.176	100.0	702	706	706	1407.0	MULTISPECIES: bifunctional GTP diphosphokinase/guanosine-3',5'-bis pyrophosphate 3'-pyrophosphohydrolase [Klebsiella]
spoT	WP_448686586	K662I	662	666	K	I	K	K	96.176	100.0	702	706	706	1407.0	bifunctional GTP diphosphokinase/guanosine-3',5'-bis pyrophosphate 3'-pyrophosphohydrolase [Klebsiella pneumoniae]
spoT	WP_135734957	K662I	662	666	K	I	K	K	96.176	100.0	702	706	706	1407.0	bifunctional GTP diphosphokinase/guanosine-3',5'-bis pyrophosphate 3'-pyrophosphohydrolase [Klebsiella pneumoniae]
spoT	WP_406915114	K662I	662	666	K	I	K	K	96.176	100.0	702	706	706	1407.0	bifunctional GTP diphosphokinase/guanosine-3',5'-bis pyrophosphate 3'-pyrophosphohydrolase [Klebsiella pneumoniae]
spoT	WP_159212379	K662I	662	666	K	I	K	K	96.176	100.0	702	706	706	1407.0	bifunctional GTP diphosphokinase/guanosine-3',5'-bis pyrophosphate 3'-pyrophosphohydrolase [Klebsiella pneumoniae]
spoT	WP_257067724	K662I	662	666	K	I	K	K	96.034	100.0	702	706	706	1407.0	bifunctional GTP diphosphokinase/guanosine-3',5'-bis pyrophosphate 3'-pyrophosphohydrolase [Klebsiella pneumoniae]
spoT	WP_447542085	K662I	662	666	K	I	K	K	96.176	100.0	702	706	706	1407.0	bifunctional GTP diphosphokinase/guanosine-3',5'-bis pyrophosphate 3'-pyrophosphohydrolase [Klebsiella pneumoniae]
spoT	WP_263750326	K662I	662	666	K	I	K	K	96.176	100.0	702	706	706	1407.0	bifunctional GTP diphosphokinase/guanosine-3',5'-bis pyrophosphate 3'-pyrophosphohydrolase [Klebsiella pneumoniae]
spoT	WP_159306286	K662I	662	666	K	I	K	K	96.176	100.0	702	706	706	1407.0	bifunctional GTP diphosphokinase/guanosine-3',5'-bis pyrophosphate 3'-pyrophosphohydrolase [Klebsiella pneumoniae]
spoT	WP_203544229	K662I	662	666	K	I	K	K	96.176	100.0	702	706	706	1407.0	bifunctional GTP diphosphokinase/guanosine-3',5'-bis pyrophosphate 3'-pyrophosphohydrolase [Klebsiella pneumoniae]
spoT	WP_095102616	K662I	662	666	K	I	K	K	96.176	100.0	702	706	706	1407.0	MULTISPECIES: bifunctional GTP diphosphokinase/guanosine-3',5'-bis pyrophosphate 3'-pyrophosphohydrolase [Raoultella]
spoT	WP_148379361	K662I	662	666	K	I	K	K	96.176	100.0	702	706	706	1407.0	bifunctional GTP diphosphokinase/guanosine-3',5'-bis pyrophosphate 3'-pyrophosphohydrolase [Klebsiella pneumoniae]
spoT	WP_195770443	K662I	662	666	K	I	K	K	96.176	100.0	702	706	706	1407.0	bifunctional GTP diphosphokinase/guanosine-3',5'-bis pyrophosphate 3'-pyrophosphohydrolase [Klebsiella pneumoniae]
spoT	WP_110225803	K662I	662	666	K	I	K	K	96.176	100.0	702	706	706	1407.0	bifunctional GTP diphosphokinase/guanosine-3',5'-bis pyrophosphate 3'-pyrophosphohydrolase [Klebsiella pneumoniae]
spoT	WP_122051023	K662I	662	666	K	I	K	K	96.176	100.0	702	706	706	1407.0	MULTISPECIES: bifunctional GTP diphosphokinase/guanosine-3',5'-bis pyrophosphate 3'-pyrophosphohydrolase [Klebsiella]
spoT	WP_333937532	K662I	662	666	K	I	K	K	96.176	100.0	702	706	706	1407.0	bifunctional GTP diphosphokinase/guanosine-3',5'-bis pyrophosphate 3'-pyrophosphohydrolase [Klebsiella pneumoniae]
spoT	WP_305226493	K662I	662	666	K	I	K	K	96.317	100.0	702	706	706	1407.0	bifunctional GTP diphosphokinase/guanosine-3',5'-bis pyrophosphate 3'-pyrophosphohydrolase [Klebsiella variicola]
spoT	WP_139783104	K662I	662	651	K	I	K	K	98.119	98.0	702	691	691	1407.0	bifunctional GTP diphosphokinase/guanosine-3',5'-bis pyrophosphate 3'-pyrophosphohydrolase, partial [Salmonella enterica]
spoT	WP_214455702	K662I	662	666	K	I	K	K	96.176	100.0	702	706	706	1407.0	bifunctional GTP diphosphokinase/guanosine-3',5'-bis pyrophosphate 3'-pyrophosphohydrolase [Klebsiella quasipneumoniae]
spoT	WP_117244138	K662I	662	666	K	I	K	K	96.176	100.0	702	706	706	1407.0	bifunctional GTP diphosphokinase/guanosine-3',5'-bis pyrophosphate 3'-pyrophosphohydrolase [Klebsiella pneumoniae]
spoT	WP_255051002	K662I	662	666	K	I	K	K	96.176	100.0	702	706	706	1407.0	bifunctional GTP diphosphokinase/guanosine-3',5'-bis pyrophosphate 3'-pyrophosphohydrolase [Klebsiella pneumoniae]
spoT	WP_086872384	K662I	662	663	K	I	K	K	96.302	100.0	702	703	703	1407.0	bifunctional GTP diphosphokinase/guanosine-3',5'-bis pyrophosphate 3'-pyrophosphohydrolase [Kosakonia pseudosacchari]
spoT	WP_124036851	K662I	662	666	K	I	K	K	96.176	100.0	702	706	706	1407.0	bifunctional GTP diphosphokinase/guanosine-3',5'-bis pyrophosphate 3'-pyrophosphohydrolase [Klebsiella pneumoniae]
spoT	WP_420655320	K662I	662	666	K	I	K	K	96.176	100.0	702	706	706	1407.0	bifunctional GTP diphosphokinase/guanosine-3',5'-bis pyrophosphate 3'-pyrophosphohydrolase [Klebsiella sp. R71]
spoT	WP_015369143	K662I	662	666	K	I	K	K	96.317	100.0	702	706	706	1407.0	MULTISPECIES: bifunctional GTP diphosphokinase/guanosine-3',5'-bis pyrophosphate 3'-pyrophosphohydrolase [Klebsiella]
spoT	WP_100279366	K662I	662	666	K	I	K	K	96.317	100.0	702	706	706	1407.0	bifunctional GTP diphosphokinase/guanosine-3',5'-bis pyrophosphate 3'-pyrophosphohydrolase [Klebsiella aerogenes]
spoT	WP_310948404	K662I	662	666	K	I	K	K	96.176	100.0	702	706	706	1407.0	bifunctional GTP diphosphokinase/guanosine-3',5'-bis pyrophosphate 3'-pyrophosphohydrolase [Klebsiella pneumoniae]
spoT	WP_109232135	K662I	662	666	K	I	K	K	96.176	100.0	702	706	706	1407.0	bifunctional GTP diphosphokinase/guanosine-3',5'-bis pyrophosphate 3'-pyrophosphohydrolase [Klebsiella pneumoniae]
spoT	WP_064168243	K662I	662	666	K	I	K	K	96.176	100.0	702	706	706	1407.0	bifunctional GTP diphosphokinase/guanosine-3',5'-bis pyrophosphate 3'-pyrophosphohydrolase [Klebsiella pneumoniae]
spoT	WP_327061691	K662I	662	666	K	I	K	K	96.317	100.0	702	706	706	1407.0	bifunctional GTP diphosphokinase/guanosine-3',5'-bis pyrophosphate 3'-pyrophosphohydrolase [Klebsiella aerogenes]
spoT	WP_480112699	K662I	662	666	K	I	K	K	96.176	100.0	702	706	706	1407.0	N/A
spoT	WP_436920669	K662I	662	666	K	I	K	K	96.176	100.0	702	706	706	1407.0	bifunctional GTP diphosphokinase/guanosine-3',5'-bis pyrophosphate 3'-pyrophosphohydrolase [Klebsiella pneumoniae]
spoT	WP_274863151	K662I	662	666	K	I	K	K	96.176	100.0	702	706	706	1407.0	bifunctional GTP diphosphokinase/guanosine-3',5'-bis pyrophosphate 3'-pyrophosphohydrolase [Klebsiella pneumoniae]
spoT	WP_283282088	K662I	662	665	K	I	K	K	96.454	100.0	702	705	705	1407.0	bifunctional GTP diphosphokinase/guanosine-3',5'-bis pyrophosphate 3'-pyrophosphohydrolase [Trabulsiella odontotermitis]
spoT	WP_049115174	K662I	662	666	K	I	K	K	96.176	100.0	702	706	706	1407.0	bifunctional GTP diphosphokinase/guanosine-3',5'-bis pyrophosphate 3'-pyrophosphohydrolase [Klebsiella quasipneumoniae]
spoT	WP_369049811	K662I	662	666	K	I	K	K	96.317	100.0	702	706	706	1407.0	bifunctional GTP diphosphokinase/guanosine-3',5'-bis pyrophosphate 3'-pyrophosphohydrolase [Klebsiella aerogenes]
spoT	WP_180863857	K662I	662	666	K	I	K	K	96.034	100.0	702	706	706	1407.0	bifunctional GTP diphosphokinase/guanosine-3',5'-bis pyrophosphate 3'-pyrophosphohydrolase [Klebsiella pneumoniae]
spoT	WP_445554576	K662I	662	666	K	I	K	K	96.034	100.0	702	706	706	1407.0	bifunctional GTP diphosphokinase/guanosine-3',5'-bis pyrophosphate 3'-pyrophosphohydrolase [Klebsiella pneumoniae]
spoT	WP_194207586	K662I	662	660	K	I	K	K	96.439	100.0	702	700	700	1407.0	MULTISPECIES: bifunctional GTP diphosphokinase/guanosine-3',5'-bis pyrophosphate 3'-pyrophosphohydrolase [unclassified Superficieibacter]
spoT	WP_117075537	K662I	662	666	K	I	K	K	96.176	100.0	702	706	706	1407.0	bifunctional GTP diphosphokinase/guanosine-3',5'-bis pyrophosphate 3'-pyrophosphohydrolase [Klebsiella pneumoniae]
spoT	WP_374026820	K662I	662	666	K	I	K	K	96.176	100.0	702	706	706	1407.0	bifunctional GTP diphosphokinase/guanosine-3',5'-bis pyrophosphate 3'-pyrophosphohydrolase [Klebsiella quasipneumoniae]
spoT	WP_480135271	K662I	662	666	K	I	K	K	96.176	100.0	702	706	706	1407.0	N/A
spoT	WP_106924946	K662I	662	664	K	I	K	K	96.449	100.0	702	704	704	1407.0	MULTISPECIES: bifunctional GTP diphosphokinase/guanosine-3',5'-bis pyrophosphate 3'-pyrophosphohydrolase [Enterobacteriaceae]
spoT	WP_336506569	K662I	662	666	K	I	K	K	96.176	100.0	702	706	706	1407.0	bifunctional GTP diphosphokinase/guanosine-3',5'-bis pyrophosphate 3'-pyrophosphohydrolase [Klebsiella pneumoniae]
spoT	WP_058336020	K662I	662	666	K	I	K	K	96.176	100.0	702	706	706	1407.0	bifunctional GTP diphosphokinase/guanosine-3',5'-bis pyrophosphate 3'-pyrophosphohydrolase [Klebsiella pneumoniae]
spoT	WP_480095237	K662I	662	666	K	I	K	K	96.176	100.0	702	706	706	1407.0	N/A
spoT	WP_373890565	K662I	662	666	K	I	K	K	96.176	100.0	702	706	706	1407.0	bifunctional GTP diphosphokinase/guanosine-3',5'-bis pyrophosphate 3'-pyrophosphohydrolase [Klebsiella variicola]
spoT	WP_032718404	K662I	662	666	K	I	K	K	96.034	100.0	702	706	706	1406.0	bifunctional GTP diphosphokinase/guanosine-3',5'-bis pyrophosphate 3'-pyrophosphohydrolase [Raoultella ornithinolytica]
spoT	WP_126476218	K662I	662	666	K	I	K	K	96.176	100.0	702	706	706	1406.0	bifunctional GTP diphosphokinase/guanosine-3',5'-bis pyrophosphate 3'-pyrophosphohydrolase [Klebsiella pneumoniae]
spoT	WP_427172397	K662I	662	666	K	I	K	K	96.176	100.0	702	706	706	1406.0	bifunctional GTP diphosphokinase/guanosine-3',5'-bis pyrophosphate 3'-pyrophosphohydrolase [Klebsiella pneumoniae]
spoT	WP_373857425	K662I	662	666	K	I	K	K	96.176	100.0	702	706	706	1406.0	bifunctional GTP diphosphokinase/guanosine-3',5'-bis pyrophosphate 3'-pyrophosphohydrolase [Klebsiella pneumoniae]
spoT	WP_196976723	K662I	662	666	K	I	K	K	96.176	100.0	702	706	706	1406.0	bifunctional GTP diphosphokinase/guanosine-3',5'-bis pyrophosphate 3'-pyrophosphohydrolase [Klebsiella pneumoniae]
spoT	WP_408883869	K662I	662	666	K	I	K	K	96.176	100.0	702	706	706	1406.0	bifunctional GTP diphosphokinase/guanosine-3',5'-bis pyrophosphate 3'-pyrophosphohydrolase [Klebsiella variicola]
spoT	WP_182422523	K662I	662	666	K	I	K	K	96.034	100.0	702	706	706	1406.0	bifunctional GTP diphosphokinase/guanosine-3',5'-bis pyrophosphate 3'-pyrophosphohydrolase [Klebsiella pneumoniae]
spoT	WP_435941467	K662I	662	666	K	I	K	K	96.176	100.0	702	706	706	1406.0	bifunctional GTP diphosphokinase/guanosine-3',5'-bis pyrophosphate 3'-pyrophosphohydrolase [Klebsiella pneumoniae]
spoT	WP_116955190	K662I	662	666	K	I	K	K	96.034	100.0	702	706	706	1406.0	bifunctional GTP diphosphokinase/guanosine-3',5'-bis pyrophosphate 3'-pyrophosphohydrolase [Klebsiella pneumoniae]
spoT	WP_114473017	K662I	662	666	K	I	K	K	96.176	100.0	702	706	706	1406.0	bifunctional GTP diphosphokinase/guanosine-3',5'-bis pyrophosphate 3'-pyrophosphohydrolase [Klebsiella pneumoniae]
spoT	WP_404877161	K662I	662	666	K	I	K	K	96.176	100.0	702	706	706	1406.0	bifunctional GTP diphosphokinase/guanosine-3',5'-bis pyrophosphate 3'-pyrophosphohydrolase [Klebsiella pneumoniae]
spoT	WP_446685490	K662I	662	666	K	I	K	K	96.176	100.0	702	706	706	1406.0	bifunctional GTP diphosphokinase/guanosine-3',5'-bis pyrophosphate 3'-pyrophosphohydrolase [Klebsiella pneumoniae]
spoT	WP_449272422	K662I	662	666	K	I	K	K	96.176	100.0	702	706	706	1406.0	bifunctional GTP diphosphokinase/guanosine-3',5'-bis pyrophosphate 3'-pyrophosphohydrolase [Klebsiella pneumoniae]
spoT	WP_324654899	K662I	662	666	K	I	K	K	96.034	100.0	702	706	706	1406.0	bifunctional GTP diphosphokinase/guanosine-3',5'-bis pyrophosphate 3'-pyrophosphohydrolase [Klebsiella pneumoniae]
spoT	WP_032738268	K662I	662	666	K	I	K	K	96.176	100.0	702	706	706	1406.0	MULTISPECIES: bifunctional GTP diphosphokinase/guanosine-3',5'-bis pyrophosphate 3'-pyrophosphohydrolase [Klebsiella]
spoT	WP_231542601	K662I	662	666	K	I	K	K	96.176	100.0	702	706	706	1406.0	bifunctional GTP diphosphokinase/guanosine-3',5'-bis pyrophosphate 3'-pyrophosphohydrolase [Klebsiella pneumoniae]
spoT	WP_174893327	K662I	662	666	K	I	K	K	96.176	100.0	702	706	706	1406.0	bifunctional GTP diphosphokinase/guanosine-3',5'-bis pyrophosphate 3'-pyrophosphohydrolase [Klebsiella pneumoniae]
spoT	WP_463790875	K662I	662	666	K	I	K	K	96.176	100.0	702	706	706	1406.0	N/A
spoT	WP_455685460	K662I	662	666	K	I	K	K	96.176	100.0	702	706	706	1406.0	bifunctional GTP diphosphokinase/guanosine-3',5'-bis pyrophosphate 3'-pyrophosphohydrolase [Klebsiella pneumoniae]
spoT	WP_087761930	K662I	662	666	K	I	K	K	96.034	100.0	702	706	706	1406.0	bifunctional GTP diphosphokinase/guanosine-3',5'-bis pyrophosphate 3'-pyrophosphohydrolase [Klebsiella pneumoniae]
spoT	WP_486515327	K662I	662	666	K	I	K	K	96.034	100.0	702	706	706	1406.0	N/A
spoT	WP_257697791	K662I	662	666	K	I	K	K	96.176	100.0	702	706	706	1406.0	bifunctional GTP diphosphokinase/guanosine-3',5'-bis pyrophosphate 3'-pyrophosphohydrolase [Klebsiella variicola]
spoT	WP_367166066	K662I	662	666	K	I	K	K	96.176	100.0	702	706	706	1406.0	bifunctional GTP diphosphokinase/guanosine-3',5'-bis pyrophosphate 3'-pyrophosphohydrolase [Klebsiella pneumoniae]
spoT	WP_230652495	K662I	662	666	K	I	K	K	96.034	100.0	702	706	706	1406.0	bifunctional GTP diphosphokinase/guanosine-3',5'-bis pyrophosphate 3'-pyrophosphohydrolase [Klebsiella pneumoniae]
spoT	WP_458039331	K662I	662	666	K	I	K	K	96.176	100.0	702	706	706	1406.0	bifunctional GTP diphosphokinase/guanosine-3',5'-bis pyrophosphate 3'-pyrophosphohydrolase [Klebsiella pneumoniae]
spoT	WP_446719898	K662I	662	666	K	I	K	K	96.176	100.0	702	706	706	1406.0	bifunctional GTP diphosphokinase/guanosine-3',5'-bis pyrophosphate 3'-pyrophosphohydrolase [Klebsiella pneumoniae]
spoT	WP_309748128	K662I	662	666	K	I	K	K	96.176	100.0	702	706	706	1406.0	bifunctional GTP diphosphokinase/guanosine-3',5'-bis pyrophosphate 3'-pyrophosphohydrolase [Klebsiella pneumoniae]
spoT	WP_255996675	K662I	662	666	K	I	K	K	96.176	100.0	702	706	706	1406.0	bifunctional GTP diphosphokinase/guanosine-3',5'-bis pyrophosphate 3'-pyrophosphohydrolase [Klebsiella pneumoniae]
spoT	WP_332094972	K662I	662	666	K	I	K	K	96.176	100.0	702	706	706	1406.0	bifunctional GTP diphosphokinase/guanosine-3',5'-bis pyrophosphate 3'-pyrophosphohydrolase [Klebsiella pneumoniae]
spoT	WP_159147208	K662I	662	666	K	I	K	K	96.176	100.0	702	706	706	1406.0	bifunctional GTP diphosphokinase/guanosine-3',5'-bis pyrophosphate 3'-pyrophosphohydrolase [Klebsiella pneumoniae]
spoT	WP_274899345	K662I	662	666	K	I	K	K	96.176	100.0	702	706	706	1406.0	bifunctional GTP diphosphokinase/guanosine-3',5'-bis pyrophosphate 3'-pyrophosphohydrolase [Klebsiella pneumoniae]
spoT	WP_063446511	K662I	662	666	K	I	K	K	96.317	100.0	702	706	706	1406.0	bifunctional GTP diphosphokinase/guanosine-3',5'-bis pyrophosphate 3'-pyrophosphohydrolase [Klebsiella aerogenes]
spoT	WP_310665965	K662I	662	666	K	I	K	K	96.034	100.0	702	706	706	1406.0	bifunctional GTP diphosphokinase/guanosine-3',5'-bis pyrophosphate 3'-pyrophosphohydrolase [Klebsiella pneumoniae]
spoT	WP_074776287	K662I	662	666	K	I	K	K	95.892	100.0	702	706	706	1406.0	bifunctional GTP diphosphokinase/guanosine-3',5'-bis pyrophosphate 3'-pyrophosphohydrolase [Kosakonia sp. MUSA4]
spoT	WP_090138732	K662I	662	666	K	I	K	K	95.751	100.0	702	706	706	1406.0	bifunctional GTP diphosphokinase/guanosine-3',5'-bis pyrophosphate 3'-pyrophosphohydrolase [Kosakonia oryziphila]
spoT	WP_117138063	K662I	662	666	K	I	K	K	96.176	100.0	702	706	706	1406.0	bifunctional GTP diphosphokinase/guanosine-3',5'-bis pyrophosphate 3'-pyrophosphohydrolase [Klebsiella variicola]
spoT	WP_105427966	K662I	662	666	K	I	K	K	96.034	100.0	702	706	706	1406.0	bifunctional GTP diphosphokinase/guanosine-3',5'-bis pyrophosphate 3'-pyrophosphohydrolase [Klebsiella pneumoniae]
spoT	WP_316147929	K662I	662	661	K	I	K	K	97.147	100.0	702	701	701	1406.0	bifunctional GTP diphosphokinase/guanosine-3',5'-bis pyrophosphate 3'-pyrophosphohydrolase, partial [Citrobacter sp.]
spoT	WP_268085510	K662I	662	666	K	I	K	K	96.176	100.0	702	706	706	1406.0	bifunctional GTP diphosphokinase/guanosine-3',5'-bis pyrophosphate 3'-pyrophosphohydrolase [Klebsiella pneumoniae]
spoT	WP_110915791	K662I	662	666	K	I	K	K	96.176	100.0	702	706	706	1406.0	bifunctional GTP diphosphokinase/guanosine-3',5'-bis pyrophosphate 3'-pyrophosphohydrolase [Klebsiella pneumoniae]
spoT	WP_117083326	K662I	662	666	K	I	K	K	96.176	100.0	702	706	706	1406.0	bifunctional GTP diphosphokinase/guanosine-3',5'-bis pyrophosphate 3'-pyrophosphohydrolase [Klebsiella pneumoniae]
spoT	WP_103219422	K662I	662	666	K	I	K	K	96.034	100.0	702	706	706	1406.0	bifunctional GTP diphosphokinase/guanosine-3',5'-bis pyrophosphate 3'-pyrophosphohydrolase [Klebsiella pneumoniae]
spoT	WP_446837096	K662I	662	666	K	I	K	K	96.176	100.0	702	706	706	1406.0	bifunctional GTP diphosphokinase/guanosine-3',5'-bis pyrophosphate 3'-pyrophosphohydrolase [Klebsiella pneumoniae]
spoT	WP_110231508	K662I	662	666	K	I	K	K	96.176	100.0	702	706	706	1406.0	bifunctional GTP diphosphokinase/guanosine-3',5'-bis pyrophosphate 3'-pyrophosphohydrolase [Klebsiella pneumoniae]
spoT	WP_065357229	K662I	662	664	K	I	K	K	96.454	100.0	702	704	704	1405.0	bifunctional GTP diphosphokinase/guanosine-3',5'-bis pyrophosphate 3'-pyrophosphohydrolase [Kluyvera georgiana]
spoT	WP_480054794	K662I	662	666	K	I	K	K	96.176	100.0	702	706	706	1405.0	N/A
spoT	WP_463632833	K662I	662	663	K	I	K	K	96.159	100.0	702	703	703	1405.0	N/A
spoT	WP_234580060	K662I	662	666	K	I	K	K	95.892	100.0	702	706	706	1405.0	bifunctional GTP diphosphokinase/guanosine-3',5'-bis pyrophosphate 3'-pyrophosphohydrolase [Raoultella ornithinolytica]
spoT	WP_414056182	K662I	662	666	K	I	K	K	96.176	100.0	702	706	706	1405.0	bifunctional GTP diphosphokinase/guanosine-3',5'-bis pyrophosphate 3'-pyrophosphohydrolase [Klebsiella pneumoniae]
spoT	WP_330191683	K662I	662	666	K	I	K	K	96.176	100.0	702	706	706	1405.0	bifunctional GTP diphosphokinase/guanosine-3',5'-bis pyrophosphate 3'-pyrophosphohydrolase [Klebsiella pneumoniae]
spoT	WP_370429416	K662I	662	666	K	I	K	K	96.176	100.0	702	706	706	1405.0	bifunctional GTP diphosphokinase/guanosine-3',5'-bis pyrophosphate 3'-pyrophosphohydrolase [Klebsiella aerogenes]
spoT	WP_035895850	K662I	662	664	K	I	K	K	96.454	100.0	702	704	704	1405.0	bifunctional GTP diphosphokinase/guanosine-3',5'-bis pyrophosphate 3'-pyrophosphohydrolase [Kluyvera ascorbata]
spoT	WP_110191373	K662I	662	666	K	I	K	K	96.176	100.0	702	706	706	1405.0	bifunctional GTP diphosphokinase/guanosine-3',5'-bis pyrophosphate 3'-pyrophosphohydrolase [Klebsiella variicola]
spoT	WP_411547357	K662I	662	666	K	I	K	K	96.176	100.0	702	706	706	1405.0	bifunctional GTP diphosphokinase/guanosine-3',5'-bis pyrophosphate 3'-pyrophosphohydrolase [Klebsiella pneumoniae]
spoT	WP_032615686	K662I	662	663	K	I	K	K	96.017	100.0	702	703	703	1405.0	MULTISPECIES: bifunctional GTP diphosphokinase/guanosine-3',5'-bis pyrophosphate 3'-pyrophosphohydrolase [Leclercia]
spoT	WP_285292666	K662I	662	666	K	I	K	K	96.176	100.0	702	706	706	1405.0	bifunctional GTP diphosphokinase/guanosine-3',5'-bis pyrophosphate 3'-pyrophosphohydrolase [Klebsiella variicola]
spoT	WP_409071555	K662I	662	666	K	I	K	K	96.034	100.0	702	706	706	1405.0	bifunctional GTP diphosphokinase/guanosine-3',5'-bis pyrophosphate 3'-pyrophosphohydrolase [Klebsiella pneumoniae]
spoT	WP_310663710	K662I	662	666	K	I	K	K	96.176	100.0	702	706	706	1405.0	bifunctional GTP diphosphokinase/guanosine-3',5'-bis pyrophosphate 3'-pyrophosphohydrolase [Klebsiella pneumoniae]
spoT	WP_460198733	K662I	662	666	K	I	K	K	96.176	100.0	702	706	706	1405.0	N/A
spoT	WP_439237639	K662I	662	666	K	I	K	K	96.176	100.0	702	706	706	1405.0	bifunctional GTP diphosphokinase/guanosine-3',5'-bis pyrophosphate 3'-pyrophosphohydrolase [Klebsiella quasipneumoniae]
spoT	WP_125984944	K662I	662	666	K	I	K	K	96.176	100.0	702	706	706	1405.0	bifunctional GTP diphosphokinase/guanosine-3',5'-bis pyrophosphate 3'-pyrophosphohydrolase [Klebsiella aerogenes]
spoT	WP_330984687	K662I	662	663	K	I	K	K	96.444	100.0	702	703	703	1405.0	MULTISPECIES: bifunctional GTP diphosphokinase/guanosine-3',5'-bis pyrophosphate 3'-pyrophosphohydrolase [Enterobacterales]
spoT	WP_090124008	K662I	662	666	K	I	K	K	95.609	100.0	702	706	706	1405.0	bifunctional GTP diphosphokinase/guanosine-3',5'-bis pyrophosphate 3'-pyrophosphohydrolase [Kosakonia arachidis]
spoT	WP_416502669	K662I	662	666	K	I	K	K	96.034	100.0	702	706	706	1405.0	bifunctional GTP diphosphokinase/guanosine-3',5'-bis pyrophosphate 3'-pyrophosphohydrolase [Klebsiella pneumoniae]
spoT	WP_080183859	K662I	662	663	K	I	K	K	98.119	98.0	702	691	691	1405.0	bifunctional GTP diphosphokinase/guanosine-3',5'-bis pyrophosphate 3'-pyrophosphohydrolase, partial [Salmonella enterica]
spoT	WP_048231433	K662I	662	666	K	I	K	K	96.176	100.0	702	706	706	1405.0	bifunctional GTP diphosphokinase/guanosine-3',5'-bis pyrophosphate 3'-pyrophosphohydrolase [Klebsiella aerogenes]
spoT	WP_237372149	K662I	662	667	K	I	K	K	95.898	100.0	702	707	707	1405.0	bifunctional GTP diphosphokinase/guanosine-3',5'-bis pyrophosphate 3'-pyrophosphohydrolase [Raoultella terrigena]
spoT	WP_139538385	K662I	662	666	K	I	K	K	96.317	100.0	702	706	706	1405.0	bifunctional GTP diphosphokinase/guanosine-3',5'-bis pyrophosphate 3'-pyrophosphohydrolase [Klebsiella spallanzanii]
spoT	WP_179108474	K662I	662	666	K	I	K	K	96.176	100.0	702	706	706	1405.0	bifunctional GTP diphosphokinase/guanosine-3',5'-bis pyrophosphate 3'-pyrophosphohydrolase [Klebsiella pneumoniae]
spoT	WP_409541382	K662I	662	666	K	I	K	K	96.034	100.0	702	706	706	1405.0	bifunctional GTP diphosphokinase/guanosine-3',5'-bis pyrophosphate 3'-pyrophosphohydrolase [Klebsiella pneumoniae]
spoT	WP_106995430	K662I	662	664	K	I	K	K	96.023	100.0	702	704	704	1405.0	MULTISPECIES: bifunctional GTP diphosphokinase/guanosine-3',5'-bis pyrophosphate 3'-pyrophosphohydrolase [Leclercia]
spoT	WP_258783990	K662I	662	666	K	I	K	K	96.034	100.0	702	706	706	1405.0	bifunctional GTP diphosphokinase/guanosine-3',5'-bis pyrophosphate 3'-pyrophosphohydrolase [Klebsiella pneumoniae]
spoT	WP_114137700	K662I	662	666	K	I	K	K	96.034	100.0	702	706	706	1405.0	bifunctional GTP diphosphokinase/guanosine-3',5'-bis pyrophosphate 3'-pyrophosphohydrolase [Klebsiella pneumoniae]
spoT	WP_093987496	K662I	662	666	K	I	K	K	96.034	100.0	702	706	706	1405.0	bifunctional GTP diphosphokinase/guanosine-3',5'-bis pyrophosphate 3'-pyrophosphohydrolase [Klebsiella pneumoniae]
spoT	WP_063266751	K662I	662	666	K	I	K	K	96.176	100.0	702	706	706	1405.0	bifunctional GTP diphosphokinase/guanosine-3',5'-bis pyrophosphate 3'-pyrophosphohydrolase [Klebsiella sp. D5A]
spoT	WP_330765979	K662I	662	666	K	I	K	K	96.034	100.0	702	706	706	1405.0	bifunctional GTP diphosphokinase/guanosine-3',5'-bis pyrophosphate 3'-pyrophosphohydrolase [Klebsiella pneumoniae]
spoT	WP_217074573	K662I	662	666	K	I	K	K	96.176	100.0	702	706	706	1404.0	bifunctional GTP diphosphokinase/guanosine-3',5'-bis pyrophosphate 3'-pyrophosphohydrolase [Klebsiella aerogenes]
spoT	WP_004868967	K662I	662	666	K	I	K	K	95.892	100.0	702	706	706	1404.0	MULTISPECIES: bifunctional GTP diphosphokinase/guanosine-3',5'-bis pyrophosphate 3'-pyrophosphohydrolase [Raoultella]
spoT	WP_004106928	K662I	662	666	K	I	K	K	96.317	100.0	702	706	706	1404.0	MULTISPECIES: bifunctional GTP diphosphokinase/guanosine-3',5'-bis pyrophosphate 3'-pyrophosphohydrolase [Klebsiella]
spoT	WP_478293267	K662I	662	666	K	I	K	K	96.176	100.0	702	706	706	1404.0	N/A
spoT	WP_483868870	K662I	662	666	K	I	K	K	96.034	100.0	702	706	706	1404.0	N/A
spoT	WP_049591466	K662I	662	666	K	I	K	K	96.317	100.0	702	706	706	1404.0	bifunctional GTP diphosphokinase/guanosine-3',5'-bis pyrophosphate 3'-pyrophosphohydrolase [Klebsiella oxytoca]
spoT	WP_041143235	K662I	662	667	K	I	K	K	95.898	100.0	702	707	707	1404.0	MULTISPECIES: bifunctional GTP diphosphokinase/guanosine-3',5'-bis pyrophosphate 3'-pyrophosphohydrolase [Raoultella]
spoT	WP_171489978	K662I	662	666	K	I	K	K	95.892	100.0	702	706	706	1404.0	bifunctional GTP diphosphokinase/guanosine-3',5'-bis pyrophosphate 3'-pyrophosphohydrolase [Klebsiella pneumoniae]
spoT	WP_144330174	K662I	662	666	K	I	K	K	96.176	100.0	702	706	706	1404.0	bifunctional GTP diphosphokinase/guanosine-3',5'-bis pyrophosphate 3'-pyrophosphohydrolase [Klebsiella aerogenes]
spoT	WP_434649514	K662I	662	666	K	I	K	K	96.034	100.0	702	706	706	1404.0	bifunctional GTP diphosphokinase/guanosine-3',5'-bis pyrophosphate 3'-pyrophosphohydrolase [Raoultella planticola]
spoT	WP_064540943	K662I	662	664	K	I	K	K	96.454	100.0	702	704	704	1404.0	MULTISPECIES: bifunctional GTP diphosphokinase/guanosine-3',5'-bis pyrophosphate 3'-pyrophosphohydrolase [Kluyvera]
spoT	WP_325928261	K662I	662	666	K	I	K	K	95.892	100.0	702	706	706	1404.0	bifunctional GTP diphosphokinase/guanosine-3',5'-bis pyrophosphate 3'-pyrophosphohydrolase [Raoultella ornithinolytica]
spoT	WP_270195897	K662I	662	666	K	I	K	K	96.034	100.0	702	706	706	1404.0	bifunctional GTP diphosphokinase/guanosine-3',5'-bis pyrophosphate 3'-pyrophosphohydrolase [Klebsiella pneumoniae]
spoT	WP_249880251	K662I	662	665	K	I	K	K	95.887	100.0	702	705	705	1404.0	bifunctional GTP diphosphokinase/guanosine-3',5'-bis pyrophosphate 3'-pyrophosphohydrolase [Kosakonia sp. R1.Fl]
spoT	WP_342702658	K662I	662	666	K	I	K	K	96.317	100.0	702	706	706	1404.0	bifunctional GTP diphosphokinase/guanosine-3',5'-bis pyrophosphate 3'-pyrophosphohydrolase [Klebsiella huaxiensis]
spoT	WP_117026306	K662I	662	666	K	I	K	K	96.176	100.0	702	706	706	1404.0	bifunctional GTP diphosphokinase/guanosine-3',5'-bis pyrophosphate 3'-pyrophosphohydrolase [Klebsiella pneumoniae]
spoT	WP_444511817	K662I	662	666	K	I	K	K	96.034	100.0	702	706	706	1404.0	bifunctional GTP diphosphokinase/guanosine-3',5'-bis pyrophosphate 3'-pyrophosphohydrolase [Klebsiella pneumoniae]
spoT	WP_125285929	K662I	662	666	K	I	K	K	96.034	100.0	702	706	706	1404.0	bifunctional GTP diphosphokinase/guanosine-3',5'-bis pyrophosphate 3'-pyrophosphohydrolase [Klebsiella pneumoniae]
spoT	WP_097408061	K662I	662	665	K	I	K	K	96.17	100.0	702	705	705	1404.0	MULTISPECIES: bifunctional GTP diphosphokinase/guanosine-3',5'-bis pyrophosphate 3'-pyrophosphohydrolase [Kosakonia]
spoT	WP_409034524	K662I	662	666	K	I	K	K	95.892	100.0	702	706	706	1404.0	bifunctional GTP diphosphokinase/guanosine-3',5'-bis pyrophosphate 3'-pyrophosphohydrolase [Raoultella ornithinolytica]
spoT	WP_323267443	K662I	662	666	K	I	K	K	96.034	100.0	702	706	706	1404.0	bifunctional GTP diphosphokinase/guanosine-3',5'-bis pyrophosphate 3'-pyrophosphohydrolase [Raoultella planticola]
spoT	WP_283147458	K662I	662	666	K	I	K	K	96.034	100.0	702	706	706	1404.0	bifunctional GTP diphosphokinase/guanosine-3',5'-bis pyrophosphate 3'-pyrophosphohydrolase [Klebsiella pneumoniae]
spoT	WP_182235318	K662I	662	666	K	I	K	K	96.176	100.0	702	706	706	1404.0	MULTISPECIES: bifunctional GTP diphosphokinase/guanosine-3',5'-bis pyrophosphate 3'-pyrophosphohydrolase [Klebsiella]
spoT	WP_200551185	K662I	662	665	K	I	K	K	95.887	100.0	702	705	705	1404.0	MULTISPECIES: bifunctional GTP diphosphokinase/guanosine-3',5'-bis pyrophosphate 3'-pyrophosphohydrolase [Kosakonia]
spoT	WP_440310211	K662I	662	668	K	I	K	K	95.904	100.0	702	708	708	1404.0	bifunctional GTP diphosphokinase/guanosine-3',5'-bis pyrophosphate 3'-pyrophosphohydrolase [Klebsiella pneumoniae]
spoT	WP_045853829	K662I	662	667	K	I	K	K	95.898	100.0	702	707	707	1404.0	MULTISPECIES: bifunctional GTP diphosphokinase/guanosine-3',5'-bis pyrophosphate 3'-pyrophosphohydrolase [Raoultella]
spoT	WP_347114843	K662I	662	664	K	I	K	K	95.881	100.0	702	704	704	1404.0	MULTISPECIES: bifunctional GTP diphosphokinase/guanosine-3',5'-bis pyrophosphate 3'-pyrophosphohydrolase [Leclercia]
spoT	WP_142513443	K662I	662	666	K	I	K	K	96.317	100.0	702	706	706	1403.0	MULTISPECIES: bifunctional GTP diphosphokinase/guanosine-3',5'-bis pyrophosphate 3'-pyrophosphohydrolase [Klebsiella]
spoT	WP_289178102	K662I	662	666	K	I	K	K	96.176	100.0	702	706	706	1403.0	bifunctional GTP diphosphokinase/guanosine-3',5'-bis pyrophosphate 3'-pyrophosphohydrolase [Klebsiella spallanzanii]
spoT	WP_284127771	K662I	662	666	K	I	K	K	96.034	100.0	702	706	706	1403.0	bifunctional GTP diphosphokinase/guanosine-3',5'-bis pyrophosphate 3'-pyrophosphohydrolase [Klebsiella sp. K4-38]
spoT	WP_193108827	K662I	662	666	K	I	K	K	96.176	100.0	702	706	706	1403.0	bifunctional GTP diphosphokinase/guanosine-3',5'-bis pyrophosphate 3'-pyrophosphohydrolase [Klebsiella aerogenes]
spoT	WP_333498033	K662I	662	664	K	I	K	K	96.165	100.0	702	704	704	1403.0	MULTISPECIES: bifunctional GTP diphosphokinase/guanosine-3',5'-bis pyrophosphate 3'-pyrophosphohydrolase [Kluyvera]
spoT	WP_171484463	K662I	662	666	K	I	K	K	95.892	100.0	702	706	706	1403.0	bifunctional GTP diphosphokinase/guanosine-3',5'-bis pyrophosphate 3'-pyrophosphohydrolase [Klebsiella pneumoniae]
spoT	WP_462980635	K662I	662	664	K	I	K	K	95.739	100.0	702	704	704	1403.0	N/A
spoT	WP_142981651	K662I	662	666	K	I	K	K	96.176	100.0	702	706	706	1403.0	bifunctional GTP diphosphokinase/guanosine-3',5'-bis pyrophosphate 3'-pyrophosphohydrolase [Klebsiella spallanzanii]
spoT	WP_150870020	K662I	662	663	K	I	K	K	95.875	100.0	702	703	703	1403.0	bifunctional GTP diphosphokinase/guanosine-3',5'-bis pyrophosphate 3'-pyrophosphohydrolase [Leclercia adecarboxylata]
spoT	WP_110242167	K662I	662	666	K	I	K	K	96.034	100.0	702	706	706	1403.0	bifunctional GTP diphosphokinase/guanosine-3',5'-bis pyrophosphate 3'-pyrophosphohydrolase [Klebsiella pneumoniae]
spoT	WP_159757008	K662I	662	664	K	I	K	K	96.165	100.0	702	704	704	1403.0	bifunctional GTP diphosphokinase/guanosine-3',5'-bis pyrophosphate 3'-pyrophosphohydrolase [Scandinavium tedordense]
spoT	WP_151412660	K662I	662	664	K	I	K	K	96.307	100.0	702	704	704	1403.0	MULTISPECIES: bifunctional GTP diphosphokinase/guanosine-3',5'-bis pyrophosphate 3'-pyrophosphohydrolase [Enterobacter]
spoT	WP_110510341	K662I	662	664	K	I	K	K	96.307	100.0	702	704	704	1403.0	bifunctional GTP diphosphokinase/guanosine-3',5'-bis pyrophosphate 3'-pyrophosphohydrolase [Scandinavium goeteborgense]
spoT	WP_447638250	K662I	662	666	K	I	K	K	96.034	100.0	702	706	706	1403.0	bifunctional GTP diphosphokinase/guanosine-3',5'-bis pyrophosphate 3'-pyrophosphohydrolase [Klebsiella grimontii]
spoT	WP_447144738	K662I	662	666	K	I	K	K	96.176	100.0	702	706	706	1403.0	bifunctional GTP diphosphokinase/guanosine-3',5'-bis pyrophosphate 3'-pyrophosphohydrolase [Klebsiella aerogenes]
spoT	WP_438335009	K662I	662	666	K	I	K	K	96.176	100.0	702	706	706	1403.0	bifunctional GTP diphosphokinase/guanosine-3',5'-bis pyrophosphate 3'-pyrophosphohydrolase [Klebsiella oxytoca]
spoT	WP_416871644	K662I	662	664	K	I	K	K	96.165	100.0	702	704	704	1403.0	bifunctional GTP diphosphokinase/guanosine-3',5'-bis pyrophosphate 3'-pyrophosphohydrolase [Kluyvera sp.]
spoT	WP_115239111	K662I	662	666	K	I	K	K	96.176	100.0	702	706	706	1403.0	bifunctional GTP diphosphokinase/guanosine-3',5'-bis pyrophosphate 3'-pyrophosphohydrolase [Klebsiella oxytoca]
spoT	WP_368971096	K662I	662	666	K	I	K	K	95.892	100.0	702	706	706	1403.0	MULTISPECIES: bifunctional GTP diphosphokinase/guanosine-3',5'-bis pyrophosphate 3'-pyrophosphohydrolase [Raoultella]
spoT	WP_076769316	K662I	662	665	K	I	K	K	95.745	100.0	702	705	705	1403.0	bifunctional GTP diphosphokinase/guanosine-3',5'-bis pyrophosphate 3'-pyrophosphohydrolase [Kosakonia cowanii]
spoT	WP_097162407	K662I	662	664	K	I	K	K	96.307	100.0	702	704	704	1403.0	bifunctional GTP diphosphokinase/guanosine-3',5'-bis pyrophosphate 3'-pyrophosphohydrolase [Enterobacter sp. CC120223-11]
spoT	WP_455507576	K662I	662	664	K	I	K	K	96.307	100.0	702	704	704	1403.0	bifunctional GTP diphosphokinase/guanosine-3',5'-bis pyrophosphate 3'-pyrophosphohydrolase [Enterobacter sp.]
spoT	WP_014227257	K662I	662	666	K	I	K	K	96.034	100.0	702	706	706	1403.0	MULTISPECIES: bifunctional GTP diphosphokinase/guanosine-3',5'-bis pyrophosphate 3'-pyrophosphohydrolase [Klebsiella]
spoT	WP_185667495	K662I	662	664	K	I	K	K	96.312	100.0	702	704	704	1403.0	MULTISPECIES: bifunctional GTP diphosphokinase/guanosine-3',5'-bis pyrophosphate 3'-pyrophosphohydrolase [Kluyvera]
spoT	WP_028015011	K662I	662	664	K	I	K	K	96.307	100.0	702	704	704	1403.0	MULTISPECIES: bifunctional GTP diphosphokinase/guanosine-3',5'-bis pyrophosphate 3'-pyrophosphohydrolase [Enterobacter]
spoT	WP_148405828	K662I	662	666	K	I	K	K	96.176	100.0	702	706	706	1403.0	bifunctional GTP diphosphokinase/guanosine-3',5'-bis pyrophosphate 3'-pyrophosphohydrolase [Klebsiella oxytoca]
spoT	WP_333495432	K662I	662	664	K	I	K	K	96.312	100.0	702	704	704	1403.0	MULTISPECIES: bifunctional GTP diphosphokinase/guanosine-3',5'-bis pyrophosphate 3'-pyrophosphohydrolase [Kluyvera]
spoT	WP_312690182	K662I	662	666	K	I	K	K	95.609	100.0	702	706	706	1402.0	MULTISPECIES: bifunctional GTP diphosphokinase/guanosine-3',5'-bis pyrophosphate 3'-pyrophosphohydrolase [unclassified Kosakonia]
spoT	WP_181484431	K662I	662	666	K	I	K	K	96.034	100.0	702	706	706	1402.0	MULTISPECIES: bifunctional GTP diphosphokinase/guanosine-3',5'-bis pyrophosphate 3'-pyrophosphohydrolase [unclassified Klebsiella]
spoT	WP_407252739	K662I	662	666	K	I	K	K	96.034	100.0	702	706	706	1402.0	bifunctional GTP diphosphokinase/guanosine-3',5'-bis pyrophosphate 3'-pyrophosphohydrolase [Klebsiella michiganensis]
spoT	WP_020455762	K662I	662	665	K	I	K	K	96.028	100.0	702	705	705	1402.0	MULTISPECIES: bifunctional GTP diphosphokinase/guanosine-3',5'-bis pyrophosphate 3'-pyrophosphohydrolase [Enterobacteriaceae]
spoT	WP_458288627	K662I	662	664	K	I	K	K	96.312	100.0	702	704	704	1402.0	bifunctional GTP diphosphokinase/guanosine-3',5'-bis pyrophosphate 3'-pyrophosphohydrolase [Kluyvera sichuanensis]
spoT	WP_159769044	K662I	662	664	K	I	K	K	96.165	100.0	702	704	704	1402.0	bifunctional GTP diphosphokinase/guanosine-3',5'-bis pyrophosphate 3'-pyrophosphohydrolase [Scandinavium manionii]
spoT	WP_069335329	K662I	662	666	K	I	K	K	95.892	100.0	702	706	706	1402.0	bifunctional GTP diphosphokinase/guanosine-3',5'-bis pyrophosphate 3'-pyrophosphohydrolase [Klebsiella pneumoniae]
spoT	WP_410997060	K662I	662	664	K	I	K	K	96.312	100.0	702	704	704	1402.0	bifunctional GTP diphosphokinase/guanosine-3',5'-bis pyrophosphate 3'-pyrophosphohydrolase [Kluyvera sp. 142486]
spoT	WP_114385504	K662I	662	663	K	I	K	K	95.875	100.0	702	703	703	1402.0	bifunctional GTP diphosphokinase/guanosine-3',5'-bis pyrophosphate 3'-pyrophosphohydrolase [Leclercia sp. W17]
spoT	WP_196550786	K662I	662	666	K	I	K	K	96.176	100.0	702	706	706	1402.0	bifunctional GTP diphosphokinase/guanosine-3',5'-bis pyrophosphate 3'-pyrophosphohydrolase [Klebsiella oxytoca]
spoT	WP_472326862	K662I	662	664	K	I	K	K	96.312	100.0	702	704	704	1402.0	N/A
spoT	WP_004855514	K662I	662	666	K	I	K	K	96.034	100.0	702	706	706	1402.0	MULTISPECIES: bifunctional GTP diphosphokinase/guanosine-3',5'-bis pyrophosphate 3'-pyrophosphohydrolase [Klebsiella]
spoT	WP_014881976	K662I	662	664	K	I	K	K	96.312	100.0	702	704	704	1402.0	MULTISPECIES: bifunctional GTP diphosphokinase/guanosine-3',5'-bis pyrophosphate 3'-pyrophosphohydrolase [Enterobacter]
spoT	WP_367171893	K662I	662	666	K	I	K	K	96.176	100.0	702	706	706	1402.0	bifunctional GTP diphosphokinase/guanosine-3',5'-bis pyrophosphate 3'-pyrophosphohydrolase [Klebsiella oxytoca]
spoT	WP_394446189	K662I	662	665	K	I	K	K	96.028	100.0	702	705	705	1402.0	bifunctional GTP diphosphokinase/guanosine-3',5'-bis pyrophosphate 3'-pyrophosphohydrolase [Scandinavium sp. M-37]
spoT	WP_337018137	K662I	662	664	K	I	K	K	95.881	100.0	702	704	704	1402.0	bifunctional GTP diphosphokinase/guanosine-3',5'-bis pyrophosphate 3'-pyrophosphohydrolase [Leclercia sp. AS011]
spoT	WP_410165113	K662I	662	665	K	I	K	K	96.028	100.0	702	705	705	1402.0	bifunctional GTP diphosphokinase/guanosine-3',5'-bis pyrophosphate 3'-pyrophosphohydrolase, partial [Klebsiella pneumoniae]
spoT	WP_153587462	K662I	662	666	K	I	K	K	95.751	100.0	702	706	706	1402.0	bifunctional GTP diphosphokinase/guanosine-3',5'-bis pyrophosphate 3'-pyrophosphohydrolase [Klebsiella pneumoniae]
spoT	WP_042715011	K662I	662	665	K	I	K	K	95.745	100.0	702	705	705	1402.0	MULTISPECIES: bifunctional GTP diphosphokinase/guanosine-3',5'-bis pyrophosphate 3'-pyrophosphohydrolase [Kosakonia]
spoT	WP_329701496	K662I	662	664	K	I	K	K	96.165	100.0	702	704	704	1402.0	bifunctional GTP diphosphokinase/guanosine-3',5'-bis pyrophosphate 3'-pyrophosphohydrolase [Scandinavium sp.]
spoT	WP_110276949	K662I	662	666	K	I	K	K	96.034	100.0	702	706	706	1402.0	bifunctional GTP diphosphokinase/guanosine-3',5'-bis pyrophosphate 3'-pyrophosphohydrolase [Klebsiella oxytoca]
spoT	WP_406916073	K662I	662	666	K	I	K	K	96.176	100.0	702	706	706	1402.0	bifunctional GTP diphosphokinase/guanosine-3',5'-bis pyrophosphate 3'-pyrophosphohydrolase [Klebsiella oxytoca]
spoT	WP_410114600	K662I	662	664	K	I	K	K	96.023	100.0	702	704	704	1402.0	bifunctional GTP diphosphokinase/guanosine-3',5'-bis pyrophosphate 3'-pyrophosphohydrolase, partial [Klebsiella pneumoniae]
spoT	WP_368480391	K662I	662	664	K	I	K	K	96.449	100.0	702	704	704	1402.0	bifunctional GTP diphosphokinase/guanosine-3',5'-bis pyrophosphate 3'-pyrophosphohydrolase [Kluyvera sp. STS39-E]
spoT	WP_222567374	K662I	662	664	K	I	K	K	96.165	100.0	702	704	704	1402.0	bifunctional GTP diphosphokinase/guanosine-3',5'-bis pyrophosphate 3'-pyrophosphohydrolase [Enterobacter bugandensis]
spoT	WP_368758904	K662I	662	666	K	I	K	K	96.176	100.0	702	706	706	1402.0	bifunctional GTP diphosphokinase/guanosine-3',5'-bis pyrophosphate 3'-pyrophosphohydrolase [Klebsiella oxytoca]
spoT	WP_289193220	K662I	662	666	K	I	K	K	96.307	100.0	702	722	704	1402.0	bifunctional GTP diphosphokinase/guanosine-3',5'-bis pyrophosphate 3'-pyrophosphohydrolase [Klebsiella oxytoca]
spoT	WP_112216036	K662I	662	666	K	I	K	K	96.176	100.0	702	706	706	1402.0	bifunctional GTP diphosphokinase/guanosine-3',5'-bis pyrophosphate 3'-pyrophosphohydrolase [Klebsiella huaxiensis]
spoT	WP_252462918	K662I	662	664	K	I	K	K	96.17	100.0	702	704	704	1401.0	bifunctional GTP diphosphokinase/guanosine-3',5'-bis pyrophosphate 3'-pyrophosphohydrolase [Enterobacter kobei]
spoT	WP_194854678	K662I	662	666	K	I	K	K	96.034	100.0	702	706	706	1401.0	MULTISPECIES: bifunctional GTP diphosphokinase/guanosine-3',5'-bis pyrophosphate 3'-pyrophosphohydrolase [Klebsiella]
spoT	WP_103820516	K662I	662	662	K	I	K	K	95.869	100.0	702	702	702	1401.0	MULTISPECIES: bifunctional GTP diphosphokinase/guanosine-3',5'-bis pyrophosphate 3'-pyrophosphohydrolase [Enterobacteriaceae]
spoT	WP_024359707	K662I	662	666	K	I	K	K	96.034	100.0	702	706	706	1401.0	MULTISPECIES: bifunctional GTP diphosphokinase/guanosine-3',5'-bis pyrophosphate 3'-pyrophosphohydrolase [Klebsiella]
spoT	WP_288765333	K662I	662	664	K	I	K	K	96.307	100.0	702	704	704	1401.0	bifunctional GTP diphosphokinase/guanosine-3',5'-bis pyrophosphate 3'-pyrophosphohydrolase [uncultured Enterobacter sp.]
spoT	WP_129327151	K662I	662	664	K	I	K	K	96.165	100.0	702	704	704	1401.0	bifunctional GTP diphosphokinase/guanosine-3',5'-bis pyrophosphate 3'-pyrophosphohydrolase [Enterobacter cloacae]
spoT	WP_418342800	K662I	662	666	K	I	K	K	95.751	100.0	702	706	706	1401.0	bifunctional GTP diphosphokinase/guanosine-3',5'-bis pyrophosphate 3'-pyrophosphohydrolase [Raoultella ornithinolytica]
spoT	WP_312951283	K662I	662	661	K	I	K	K	96.296	100.0	702	701	701	1401.0	bifunctional GTP diphosphokinase/guanosine-3',5'-bis pyrophosphate 3'-pyrophosphohydrolase [Superficieibacter sp.]
spoT	WP_090462920	K662I	662	664	K	I	K	K	95.739	100.0	702	704	704	1401.0	MULTISPECIES: bifunctional GTP diphosphokinase/guanosine-3',5'-bis pyrophosphate 3'-pyrophosphohydrolase [unclassified Enterobacter]
spoT	WP_087529179	K662I	662	664	K	I	K	K	96.17	100.0	702	704	704	1401.0	bifunctional GTP diphosphokinase/guanosine-3',5'-bis pyrophosphate 3'-pyrophosphohydrolase [Enterobacter kobei]
spoT	WP_154925088	K662I	662	666	K	I	K	K	96.034	100.0	702	706	706	1401.0	bifunctional GTP diphosphokinase/guanosine-3',5'-bis pyrophosphate 3'-pyrophosphohydrolase [Klebsiella michiganensis]
spoT	WP_045630233	K662I	662	664	K	I	K	K	96.165	100.0	702	704	704	1401.0	MULTISPECIES: bifunctional GTP diphosphokinase/guanosine-3',5'-bis pyrophosphate 3'-pyrophosphohydrolase [Enterobacter]
spoT	WP_271282985	K662I	662	663	K	I	K	K	95.733	100.0	702	703	703	1401.0	MULTISPECIES: bifunctional GTP diphosphokinase/guanosine-3',5'-bis pyrophosphate 3'-pyrophosphohydrolase [Silvania]
spoT	WP_312211699	K662I	662	664	K	I	K	K	95.881	100.0	702	704	704	1401.0	bifunctional GTP diphosphokinase/guanosine-3',5'-bis pyrophosphate 3'-pyrophosphohydrolase [Pseudescherichia sp.]
spoT	WP_281446780	K662I	662	666	K	I	K	K	95.892	100.0	702	706	706	1401.0	bifunctional GTP diphosphokinase/guanosine-3',5'-bis pyrophosphate 3'-pyrophosphohydrolase [Klebsiella pneumoniae]
spoT	WP_313112886	K662I	662	662	K	I	K	K	96.011	100.0	702	702	702	1401.0	bifunctional GTP diphosphokinase/guanosine-3',5'-bis pyrophosphate 3'-pyrophosphohydrolase [Pseudescherichia sp.]
spoT	WP_313106747	K662I	662	662	K	I	K	K	95.869	100.0	702	702	702	1401.0	bifunctional GTP diphosphokinase/guanosine-3',5'-bis pyrophosphate 3'-pyrophosphohydrolase [Pseudescherichia vulneris]
spoT	WP_289191723	K662I	662	666	K	I	K	K	96.034	100.0	702	706	706	1401.0	bifunctional GTP diphosphokinase/guanosine-3',5'-bis pyrophosphate 3'-pyrophosphohydrolase [Klebsiella oxytoca]
spoT	WP_142487722	K662I	662	664	K	I	K	K	95.881	100.0	702	704	704	1401.0	MULTISPECIES: bifunctional GTP diphosphokinase/guanosine-3',5'-bis pyrophosphate 3'-pyrophosphohydrolase [Leclercia]
spoT	WP_400633089	K662I	662	664	K	I	K	K	96.165	100.0	702	704	704	1401.0	bifunctional GTP diphosphokinase/guanosine-3',5'-bis pyrophosphate 3'-pyrophosphohydrolase [Scandinavium goeteborgense]
spoT	WP_042393373	K662I	662	662	K	I	K	K	95.869	100.0	702	702	702	1401.0	MULTISPECIES: bifunctional GTP diphosphokinase/guanosine-3',5'-bis pyrophosphate 3'-pyrophosphohydrolase [Enterobacteriaceae]
spoT	WP_325927792	K662I	662	666	K	I	K	K	95.892	100.0	702	706	706	1401.0	bifunctional GTP diphosphokinase/guanosine-3',5'-bis pyrophosphate 3'-pyrophosphohydrolase [Klebsiella michiganensis]
spoT	WP_318365723	K662I	662	664	K	I	K	K	95.739	100.0	702	704	704	1400.0	bifunctional GTP diphosphokinase/guanosine-3',5'-bis pyrophosphate 3'-pyrophosphohydrolase [Enterobacter sp.]
spoT	WP_305207214	K662I	662	665	K	I	K	K	95.603	100.0	702	705	705	1400.0	bifunctional GTP diphosphokinase/guanosine-3',5'-bis pyrophosphate 3'-pyrophosphohydrolase [Kosakonia cowanii]
spoT	WP_305734668	K662I	662	665	K	I	K	K	95.745	100.0	702	705	705	1400.0	MULTISPECIES: bifunctional GTP diphosphokinase/guanosine-3',5'-bis pyrophosphate 3'-pyrophosphohydrolase [Kosakonia]
spoT	WP_032644393	K662I	662	664	K	I	K	K	96.312	100.0	702	704	704	1400.0	MULTISPECIES: bifunctional GTP diphosphokinase/guanosine-3',5'-bis pyrophosphate 3'-pyrophosphohydrolase [Enterobacter]
spoT	WP_017458160	K662I	662	665	K	I	K	K	95.745	100.0	702	705	705	1400.0	bifunctional GTP diphosphokinase/guanosine-3',5'-bis pyrophosphate 3'-pyrophosphohydrolase [Kosakonia sacchari]
spoT	WP_004126679	K662I	662	666	K	I	K	K	95.892	100.0	702	706	706	1400.0	MULTISPECIES: bifunctional GTP diphosphokinase/guanosine-3',5'-bis pyrophosphate 3'-pyrophosphohydrolase [Klebsiella]
spoT	WP_196548939	K662I	662	666	K	I	K	K	95.892	100.0	702	706	706	1400.0	bifunctional GTP diphosphokinase/guanosine-3',5'-bis pyrophosphate 3'-pyrophosphohydrolase [Klebsiella michiganensis]
spoT	WP_219677530	K662I	662	666	K	I	K	K	95.892	100.0	702	706	706	1400.0	bifunctional GTP diphosphokinase/guanosine-3',5'-bis pyrophosphate 3'-pyrophosphohydrolase [Klebsiella michiganensis]
spoT	WP_342323034	K662I	662	664	K	I	K	K	95.739	100.0	702	704	704	1400.0	bifunctional GTP diphosphokinase/guanosine-3',5'-bis pyrophosphate 3'-pyrophosphohydrolase [Kosakonia calanthes]
spoT	WP_196555853	K662I	662	666	K	I	K	K	95.892	100.0	702	706	706	1400.0	bifunctional GTP diphosphokinase/guanosine-3',5'-bis pyrophosphate 3'-pyrophosphohydrolase [Klebsiella michiganensis]
spoT	WP_475292416	K662I	662	664	K	I	K	K	96.023	100.0	702	704	704	1400.0	N/A
spoT	WP_312627934	K662I	662	664	K	I	K	K	96.023	100.0	702	704	704	1400.0	MULTISPECIES: bifunctional GTP diphosphokinase/guanosine-3',5'-bis pyrophosphate 3'-pyrophosphohydrolase [unclassified Scandinavium]
spoT	WP_475699239	K662I	662	666	K	I	K	K	95.892	100.0	702	706	706	1400.0	N/A
spoT	WP_311103759	K662I	662	666	K	I	K	K	95.892	100.0	702	706	706	1400.0	bifunctional GTP diphosphokinase/guanosine-3',5'-bis pyrophosphate 3'-pyrophosphohydrolase [Klebsiella pasteurii]
spoT	WP_111964293	K662I	662	664	K	I	K	K	96.165	100.0	702	704	704	1400.0	MULTISPECIES: bifunctional GTP diphosphokinase/guanosine-3',5'-bis pyrophosphate 3'-pyrophosphohydrolase [Enterobacter]
spoT	WP_132729278	K662I	662	666	K	I	K	K	95.751	100.0	702	706	706	1400.0	bifunctional GTP diphosphokinase/guanosine-3',5'-bis pyrophosphate 3'-pyrophosphohydrolase [Raoultella sp. BIGb0138]
spoT	WP_248053695	K662I	662	664	K	I	K	K	96.17	100.0	702	704	704	1400.0	bifunctional GTP diphosphokinase/guanosine-3',5'-bis pyrophosphate 3'-pyrophosphohydrolase [Enterobacter chengduensis]
spoT	WP_148849796	K662I	662	666	K	I	K	K	95.892	100.0	702	706	706	1400.0	bifunctional GTP diphosphokinase/guanosine-3',5'-bis pyrophosphate 3'-pyrophosphohydrolase [Klebsiella michiganensis]
spoT	WP_434665201	K662I	662	667	K	I	K	K	95.615	100.0	702	707	707	1400.0	bifunctional GTP diphosphokinase/guanosine-3',5'-bis pyrophosphate 3'-pyrophosphohydrolase [Klebsiella sp. B345]
spoT	WP_154682529	K662I	662	666	K	I	K	K	96.034	100.0	702	706	706	1400.0	bifunctional GTP diphosphokinase/guanosine-3',5'-bis pyrophosphate 3'-pyrophosphohydrolase [Klebsiella oxytoca]
spoT	WP_411301915	K662I	662	666	K	I	K	K	95.892	100.0	702	706	706	1400.0	bifunctional GTP diphosphokinase/guanosine-3',5'-bis pyrophosphate 3'-pyrophosphohydrolase [Klebsiella pasteurii]
spoT	WP_196568058	K662I	662	666	K	I	K	K	96.176	100.0	702	706	706	1400.0	bifunctional GTP diphosphokinase/guanosine-3',5'-bis pyrophosphate 3'-pyrophosphohydrolase [Klebsiella oxytoca]
spoT	WP_094422732	K662I	662	665	K	I	K	K	95.461	100.0	702	705	705	1400.0	bifunctional GTP diphosphokinase/guanosine-3',5'-bis pyrophosphate 3'-pyrophosphohydrolase [Kosakonia cowanii]
spoT	WP_186385455	K662I	662	666	K	I	K	K	95.892	100.0	702	706	706	1400.0	bifunctional GTP diphosphokinase/guanosine-3',5'-bis pyrophosphate 3'-pyrophosphohydrolase [Klebsiella michiganensis]
spoT	WP_410162585	K662I	662	662	K	I	K	K	96.296	99.0	702	702	702	1400.0	bifunctional GTP diphosphokinase/guanosine-3',5'-bis pyrophosphate 3'-pyrophosphohydrolase, partial [Klebsiella pneumoniae]
spoT	WP_431665823	K662I	662	666	K	I	K	K	95.892	100.0	702	706	706	1400.0	bifunctional GTP diphosphokinase/guanosine-3',5'-bis pyrophosphate 3'-pyrophosphohydrolase [Klebsiella michiganensis]
spoT	WP_481242157	K662I	662	664	K	I	K	K	96.312	100.0	702	704	704	1400.0	N/A
spoT	WP_417640686	K662I	662	666	K	I	K	K	95.892	100.0	702	706	706	1400.0	bifunctional GTP diphosphokinase/guanosine-3',5'-bis pyrophosphate 3'-pyrophosphohydrolase [Klebsiella sp. FR21TRMT6331]
spoT	WP_013364159	K662I	662	663	K	I	K	K	95.733	100.0	702	703	703	1400.0	bifunctional GTP diphosphokinase/guanosine-3',5'-bis pyrophosphate 3'-pyrophosphohydrolase [[Enterobacter] lignolyticus]
spoT	WP_224257106	K662I	662	666	K	I	K	K	95.892	100.0	702	706	706	1400.0	bifunctional GTP diphosphokinase/guanosine-3',5'-bis pyrophosphate 3'-pyrophosphohydrolase [Klebsiella grimontii]
spoT	WP_462456375	K662I	662	666	K	I	K	K	95.609	100.0	702	706	706	1400.0	N/A
spoT	WP_238082349	K662I	662	664	K	I	K	K	95.597	100.0	702	704	704	1399.0	MULTISPECIES: bifunctional GTP diphosphokinase/guanosine-3',5'-bis pyrophosphate 3'-pyrophosphohydrolase [Pseudescherichia]
spoT	WP_479983852	K662I	662	664	K	I	K	K	96.17	100.0	702	704	704	1399.0	N/A
spoT	WP_241820282	K662I	662	664	K	I	K	K	96.17	100.0	702	704	704	1399.0	bifunctional GTP diphosphokinase/guanosine-3',5'-bis pyrophosphate 3'-pyrophosphohydrolase [Enterobacter kobei]
spoT	WP_436874596	K662I	662	665	K	I	K	K	96.028	100.0	702	705	705	1399.0	bifunctional GTP diphosphokinase/guanosine-3',5'-bis pyrophosphate 3'-pyrophosphohydrolase [Kosakonia sacchari]
spoT	WP_013094882	K662I	662	664	K	I	K	K	96.17	100.0	702	704	704	1399.0	MULTISPECIES: bifunctional GTP diphosphokinase/guanosine-3',5'-bis pyrophosphate 3'-pyrophosphohydrolase [Enterobacter]
spoT	WP_176260982	K662I	662	664	K	I	K	K	96.17	100.0	702	704	704	1399.0	MULTISPECIES: bifunctional GTP diphosphokinase/guanosine-3',5'-bis pyrophosphate 3'-pyrophosphohydrolase [Enterobacter]
spoT	WP_154975468	K662I	662	666	K	I	K	K	95.892	100.0	702	706	706	1399.0	bifunctional GTP diphosphokinase/guanosine-3',5'-bis pyrophosphate 3'-pyrophosphohydrolase [Klebsiella grimontii]
spoT	WP_200134856	K662I	662	665	K	I	K	K	95.603	100.0	702	705	705	1399.0	MULTISPECIES: bifunctional GTP diphosphokinase/guanosine-3',5'-bis pyrophosphate 3'-pyrophosphohydrolase [Kosakonia]
spoT	WP_424634553	K662I	662	664	K	I	K	K	96.17	100.0	702	704	704	1399.0	bifunctional GTP diphosphokinase/guanosine-3',5'-bis pyrophosphate 3'-pyrophosphohydrolase [Enterobacter cloacae complex sp. 2025EL-00065]
spoT	WP_480127277	K662I	662	666	K	I	K	K	95.751	100.0	702	706	706	1399.0	N/A
spoT	WP_336043722	K662I	662	666	K	I	K	K	95.892	100.0	702	706	706	1399.0	bifunctional GTP diphosphokinase/guanosine-3',5'-bis pyrophosphate 3'-pyrophosphohydrolase [Klebsiella michiganensis]
spoT	WP_258988888	K662I	662	664	K	I	K	K	96.023	100.0	702	704	704	1399.0	bifunctional GTP diphosphokinase/guanosine-3',5'-bis pyrophosphate 3'-pyrophosphohydrolase [Scandinavium hiltneri]
spoT	WP_257286725	K662I	662	664	K	I	K	K	96.028	100.0	702	704	704	1399.0	bifunctional GTP diphosphokinase/guanosine-3',5'-bis pyrophosphate 3'-pyrophosphohydrolase [Enterobacter cloacae]
spoT	WP_380209460	K662I	662	665	K	I	K	K	95.461	100.0	702	705	705	1399.0	MULTISPECIES: bifunctional GTP diphosphokinase/guanosine-3',5'-bis pyrophosphate 3'-pyrophosphohydrolase [unclassified Kosakonia]
spoT	WP_058911923	K662I	662	664	K	I	K	K	95.455	100.0	702	704	704	1399.0	bifunctional GTP diphosphokinase/guanosine-3',5'-bis pyrophosphate 3'-pyrophosphohydrolase [Entomohabitans teleogrylli]
spoT	WP_425496172	K662I	662	664	K	I	K	K	96.023	100.0	702	704	704	1399.0	bifunctional GTP diphosphokinase/guanosine-3',5'-bis pyrophosphate 3'-pyrophosphohydrolase [Klebsiella pneumoniae]
spoT	WP_368528724	K662I	662	664	K	I	K	K	96.023	100.0	702	704	704	1399.0	bifunctional GTP diphosphokinase/guanosine-3',5'-bis pyrophosphate 3'-pyrophosphohydrolase [Enterobacter cloacae]
spoT	WP_248231981	K662I	662	664	K	I	K	K	96.17	100.0	702	704	704	1399.0	bifunctional GTP diphosphokinase/guanosine-3',5'-bis pyrophosphate 3'-pyrophosphohydrolase [Enterobacter kobei]
spoT	WP_439199814	K662I	662	664	K	I	K	K	96.17	100.0	702	704	704	1399.0	bifunctional GTP diphosphokinase/guanosine-3',5'-bis pyrophosphate 3'-pyrophosphohydrolase [Enterobacter cloacae]
spoT	WP_131412440	K662I	662	665	K	I	K	K	95.461	100.0	702	705	705	1399.0	bifunctional GTP diphosphokinase/guanosine-3',5'-bis pyrophosphate 3'-pyrophosphohydrolase [Kosakonia quasisacchari]
spoT	WP_312927350	K662I	662	662	K	I	K	K	95.726	100.0	702	702	702	1399.0	bifunctional GTP diphosphokinase/guanosine-3',5'-bis pyrophosphate 3'-pyrophosphohydrolase [Pseudescherichia sp.]
spoT	WP_196372963	K662I	662	664	K	I	K	K	96.17	100.0	702	704	704	1399.0	bifunctional GTP diphosphokinase/guanosine-3',5'-bis pyrophosphate 3'-pyrophosphohydrolase [Enterobacter cloacae]
spoT	WP_100682885	K662I	662	666	K	I	K	K	95.609	100.0	702	706	706	1399.0	MULTISPECIES: bifunctional GTP diphosphokinase/guanosine-3',5'-bis pyrophosphate 3'-pyrophosphohydrolase [Klebsiella/Raoultella group]
spoT	WP_162122286	K662I	662	666	K	I	K	K	95.892	100.0	702	706	706	1399.0	bifunctional GTP diphosphokinase/guanosine-3',5'-bis pyrophosphate 3'-pyrophosphohydrolase [Klebsiella michiganensis]
spoT	WP_039057962	K662I	662	665	K	I	K	K	95.461	100.0	702	705	705	1399.0	bifunctional GTP diphosphokinase/guanosine-3',5'-bis pyrophosphate 3'-pyrophosphohydrolase [Enterobacter sp. Bisph1]
spoT	WP_128310272	K662I	662	664	K	I	K	K	96.028	100.0	702	704	704	1399.0	bifunctional GTP diphosphokinase/guanosine-3',5'-bis pyrophosphate 3'-pyrophosphohydrolase [Enterobacter cloacae]
spoT	WP_316339880	K662I	662	658	K	I	K	K	96.848	99.0	702	702	698	1398.0	bifunctional GTP diphosphokinase/guanosine-3',5'-bis pyrophosphate 3'-pyrophosphohydrolase [Enterobacter sp.]
spoT	WP_234105220	K662I	662	664	K	I	K	K	96.17	100.0	702	704	704	1398.0	bifunctional GTP diphosphokinase/guanosine-3',5'-bis pyrophosphate 3'-pyrophosphohydrolase [Enterobacter kobei]
spoT	WP_319627236	K662I	662	665	K	I	K	K	95.745	100.0	702	705	705	1398.0	bifunctional GTP diphosphokinase/guanosine-3',5'-bis pyrophosphate 3'-pyrophosphohydrolase [Scandinavium lactucae]
spoT	WP_264822886	K662I	662	666	K	I	K	K	95.892	100.0	702	706	706	1398.0	bifunctional GTP diphosphokinase/guanosine-3',5'-bis pyrophosphate 3'-pyrophosphohydrolase [Klebsiella michiganensis]
spoT	WP_241186565	K662I	662	666	K	I	K	K	95.892	100.0	702	706	706	1398.0	bifunctional GTP diphosphokinase/guanosine-3',5'-bis pyrophosphate 3'-pyrophosphohydrolase [Klebsiella michiganensis]
spoT	WP_217046287	K662I	662	666	K	I	K	K	95.751	100.0	702	706	706	1398.0	bifunctional GTP diphosphokinase/guanosine-3',5'-bis pyrophosphate 3'-pyrophosphohydrolase [Klebsiella pneumoniae]
spoT	WP_312228186	K662I	662	662	K	I	K	K	95.726	100.0	702	702	702	1398.0	bifunctional GTP diphosphokinase/guanosine-3',5'-bis pyrophosphate 3'-pyrophosphohydrolase [Pseudescherichia sp.]
spoT	WP_123757097	K662I	662	667	K	I	K	K	95.474	100.0	702	707	707	1398.0	MULTISPECIES: bifunctional GTP diphosphokinase/guanosine-3',5'-bis pyrophosphate 3'-pyrophosphohydrolase [Enterobacteriaceae]
spoT	WP_088221201	K662I	662	663	K	I	K	K	95.306	100.0	702	703	703	1398.0	bifunctional GTP diphosphokinase/guanosine-3',5'-bis pyrophosphate 3'-pyrophosphohydrolase [Enterobacter kobei]
spoT	WP_312412946	K662I	662	662	K	I	K	K	95.726	100.0	702	702	702	1398.0	bifunctional GTP diphosphokinase/guanosine-3',5'-bis pyrophosphate 3'-pyrophosphohydrolase [Pseudescherichia sp.]
spoT	WP_231313345	K662I	662	664	K	I	K	K	95.739	100.0	702	704	704	1398.0	bifunctional GTP diphosphokinase/guanosine-3',5'-bis pyrophosphate 3'-pyrophosphohydrolase [Leclercia sp. G3L]
spoT	WP_312454966	K662I	662	664	K	I	K	K	95.597	100.0	702	704	704	1398.0	bifunctional GTP diphosphokinase/guanosine-3',5'-bis pyrophosphate 3'-pyrophosphohydrolase [Pseudescherichia sp.]
spoT	WP_133293505	K662I	662	664	K	I	K	K	96.023	100.0	702	704	704	1398.0	MULTISPECIES: bifunctional GTP diphosphokinase/guanosine-3',5'-bis pyrophosphate 3'-pyrophosphohydrolase [Enterobacter]
spoT	WP_319786015	K662I	662	665	K	I	K	K	95.745	100.0	702	705	705	1398.0	bifunctional GTP diphosphokinase/guanosine-3',5'-bis pyrophosphate 3'-pyrophosphohydrolase [Scandinavium lactucae]
spoT	WP_061280804	K662I	662	664	K	I	K	K	96.165	100.0	702	704	704	1398.0	bifunctional GTP diphosphokinase/guanosine-3',5'-bis pyrophosphate 3'-pyrophosphohydrolase [Kluyvera cryocrescens]
spoT	WP_410122006	K662I	662	663	K	I	K	K	96.017	100.0	702	703	703	1398.0	bifunctional GTP diphosphokinase/guanosine-3',5'-bis pyrophosphate 3'-pyrophosphohydrolase, partial [Klebsiella pneumoniae]
spoT	WP_313626972	K662I	662	665	K	I	K	K	95.887	100.0	702	705	705	1397.0	bifunctional GTP diphosphokinase/guanosine-3',5'-bis pyrophosphate 3'-pyrophosphohydrolase [Kosakonia sp.]
spoT	WP_041911674	K662I	662	664	K	I	K	K	96.023	100.0	702	704	704	1397.0	bifunctional GTP diphosphokinase/guanosine-3',5'-bis pyrophosphate 3'-pyrophosphohydrolase [Enterobacter sp. BIDMC 29]
spoT	WP_258994419	K662I	662	664	K	I	K	K	95.881	100.0	702	704	704	1397.0	bifunctional GTP diphosphokinase/guanosine-3',5'-bis pyrophosphate 3'-pyrophosphohydrolase [Scandinavium hiltneri]
spoT	WP_063147157	K662I	662	660	K	I	K	K	96.307	100.0	702	700	700	1397.0	bifunctional GTP diphosphokinase/guanosine-3',5'-bis pyrophosphate 3'-pyrophosphohydrolase [Enterobacter hormaechei]
spoT	WP_169723609	K662I	662	664	K	I	K	K	96.165	100.0	702	704	704	1397.0	bifunctional GTP diphosphokinase/guanosine-3',5'-bis pyrophosphate 3'-pyrophosphohydrolase [Enterobacter hormaechei]
spoT	WP_414848937	K662I	662	665	K	I	K	K	95.319	100.0	702	705	705	1397.0	bifunctional GTP diphosphokinase/guanosine-3',5'-bis pyrophosphate 3'-pyrophosphohydrolase [Kosakonia quasisacchari]
spoT	WP_094915731	K662I	662	664	K	I	K	K	96.028	100.0	702	704	704	1397.0	bifunctional GTP diphosphokinase/guanosine-3',5'-bis pyrophosphate 3'-pyrophosphohydrolase [Enterobacter cloacae]
spoT	WP_318392126	K662I	662	664	K	I	K	K	95.597	100.0	702	704	704	1397.0	bifunctional GTP diphosphokinase/guanosine-3',5'-bis pyrophosphate 3'-pyrophosphohydrolase [Enterobacter sp.]
spoT	WP_316459554	K662I	662	664	K	I	K	K	96.17	100.0	702	704	704	1397.0	bifunctional GTP diphosphokinase/guanosine-3',5'-bis pyrophosphate 3'-pyrophosphohydrolase [Enterobacter sp.]
spoT	WP_058655576	K662I	662	664	K	I	K	K	96.028	100.0	702	704	704	1397.0	bifunctional GTP diphosphokinase/guanosine-3',5'-bis pyrophosphate 3'-pyrophosphohydrolase [Enterobacter roggenkampii]
spoT	WP_008502673	K662I	662	664	K	I	K	K	96.17	100.0	702	704	704	1397.0	MULTISPECIES: bifunctional GTP diphosphokinase/guanosine-3',5'-bis pyrophosphate 3'-pyrophosphohydrolase [Enterobacter]
spoT	WP_476700445	K662I	662	664	K	I	K	K	96.028	100.0	702	704	704	1397.0	N/A
spoT	WP_289891954	K662I	662	665	K	I	K	K	95.603	100.0	702	705	705	1397.0	bifunctional GTP diphosphokinase/guanosine-3',5'-bis pyrophosphate 3'-pyrophosphohydrolase [Kosakonia sacchari]
spoT	WP_072570998	K662I	662	663	K	I	K	K	95.306	100.0	702	703	703	1397.0	MULTISPECIES: bifunctional GTP diphosphokinase/guanosine-3',5'-bis pyrophosphate 3'-pyrophosphohydrolase [unclassified Enterobacter]
spoT	WP_430749283	K662I	662	664	K	I	K	K	96.028	100.0	702	704	704	1397.0	bifunctional GTP diphosphokinase/guanosine-3',5'-bis pyrophosphate 3'-pyrophosphohydrolase [Enterobacter cloacae]
spoT	WP_325916853	K662I	662	664	K	I	K	K	96.023	100.0	702	704	704	1397.0	bifunctional GTP diphosphokinase/guanosine-3',5'-bis pyrophosphate 3'-pyrophosphohydrolase [Kluyvera cryocrescens]
spoT	WP_112202091	K662I	662	664	K	I	K	K	96.023	100.0	702	704	704	1397.0	bifunctional GTP diphosphokinase/guanosine-3',5'-bis pyrophosphate 3'-pyrophosphohydrolase [Kluyvera cryocrescens]
spoT	WP_318375103	K662I	662	663	K	I	K	K	95.306	100.0	702	703	703	1397.0	bifunctional GTP diphosphokinase/guanosine-3',5'-bis pyrophosphate 3'-pyrophosphohydrolase [Enterobacter sp.]
spoT	WP_262155404	K662I	662	664	K	I	K	K	96.028	100.0	702	704	704	1397.0	bifunctional GTP diphosphokinase/guanosine-3',5'-bis pyrophosphate 3'-pyrophosphohydrolase [Enterobacter roggenkampii]
spoT	WP_087449739	K662I	662	664	K	I	K	K	96.028	100.0	702	704	704	1397.0	bifunctional GTP diphosphokinase/guanosine-3',5'-bis pyrophosphate 3'-pyrophosphohydrolase [Enterobacter roggenkampii]
spoT	WP_219284387	K662I	662	664	K	I	K	K	96.028	100.0	702	704	704	1396.0	bifunctional GTP diphosphokinase/guanosine-3',5'-bis pyrophosphate 3'-pyrophosphohydrolase [Enterobacter roggenkampii]
spoT	WP_196562122	K662I	662	666	K	I	K	K	95.751	100.0	702	706	706	1396.0	bifunctional GTP diphosphokinase/guanosine-3',5'-bis pyrophosphate 3'-pyrophosphohydrolase [Klebsiella michiganensis]
spoT	WP_321988272	K662I	662	663	K	I	K	K	95.306	100.0	702	703	703	1396.0	bifunctional GTP diphosphokinase/guanosine-3',5'-bis pyrophosphate 3'-pyrophosphohydrolase [Enterobacter sp. PGRG2]
spoT	WP_263098777	K662I	662	667	K	I	K	K	95.615	100.0	702	707	707	1396.0	MULTISPECIES: bifunctional GTP diphosphokinase/guanosine-3',5'-bis pyrophosphate 3'-pyrophosphohydrolase [Kosakonia]
spoT	WP_336662989	K662I	662	664	K	I	K	K	96.028	100.0	702	704	704	1396.0	bifunctional GTP diphosphokinase/guanosine-3',5'-bis pyrophosphate 3'-pyrophosphohydrolase [Enterobacter roggenkampii]
spoT	WP_480046784	K662I	662	666	K	I	K	K	95.609	100.0	702	706	706	1396.0	N/A
spoT	WP_480139433	K662I	662	666	K	I	K	K	95.609	100.0	702	706	706	1396.0	N/A
spoT	WP_348555363	K662I	662	664	K	I	K	K	96.028	100.0	702	704	704	1396.0	bifunctional GTP diphosphokinase/guanosine-3',5'-bis pyrophosphate 3'-pyrophosphohydrolase [Enterobacter roggenkampii]
spoT	WP_262819876	K662I	662	664	K	I	K	K	96.028	100.0	702	704	704	1396.0	bifunctional GTP diphosphokinase/guanosine-3',5'-bis pyrophosphate 3'-pyrophosphohydrolase [Enterobacter cloacae]
spoT	WP_421142039	K662I	662	664	K	I	K	K	96.028	100.0	702	704	704	1396.0	bifunctional GTP diphosphokinase/guanosine-3',5'-bis pyrophosphate 3'-pyrophosphohydrolase [Enterobacter roggenkampii]
spoT	WP_069597726	K662I	662	664	K	I	K	K	96.028	100.0	702	704	704	1395.0	bifunctional GTP diphosphokinase/guanosine-3',5'-bis pyrophosphate 3'-pyrophosphohydrolase [Enterobacter roggenkampii]
spoT	WP_479898279	K662I	662	660	K	I	K	K	96.449	100.0	702	700	700	1395.0	N/A
spoT	WP_342821902	K662I	662	664	K	I	K	K	96.028	100.0	702	704	704	1395.0	bifunctional GTP diphosphokinase/guanosine-3',5'-bis pyrophosphate 3'-pyrophosphohydrolase [Enterobacter roggenkampii]
spoT	WP_349595595	K662I	662	664	K	I	K	K	95.881	100.0	702	704	704	1395.0	MULTISPECIES: bifunctional GTP diphosphokinase/guanosine-3',5'-bis pyrophosphate 3'-pyrophosphohydrolase [Kluyvera]
spoT	WP_138360989	K662I	662	666	K	I	K	K	95.609	100.0	702	706	706	1395.0	MULTISPECIES: bifunctional GTP diphosphokinase/guanosine-3',5'-bis pyrophosphate 3'-pyrophosphohydrolase [Klebsiella]
spoT	WP_416012994	K662I	662	664	K	I	K	K	95.881	100.0	702	704	704	1395.0	bifunctional GTP diphosphokinase/guanosine-3',5'-bis pyrophosphate 3'-pyrophosphohydrolase [Kluyvera cryocrescens]
spoT	WP_061492489	K662I	662	667	K	I	K	K	95.474	100.0	702	707	707	1395.0	MULTISPECIES: bifunctional GTP diphosphokinase/guanosine-3',5'-bis pyrophosphate 3'-pyrophosphohydrolase [Kosakonia]
spoT	WP_052282724	K662I	662	664	K	I	K	K	95.881	100.0	702	704	704	1395.0	bifunctional GTP diphosphokinase/guanosine-3',5'-bis pyrophosphate 3'-pyrophosphohydrolase [Kluyvera genomosp. 1]
spoT	WP_288449912	K662I	662	664	K	I	K	K	96.028	100.0	702	704	704	1395.0	bifunctional GTP diphosphokinase/guanosine-3',5'-bis pyrophosphate 3'-pyrophosphohydrolase [uncultured Enterobacter sp.]
spoT	WP_447223706	K662I	662	664	K	I	K	K	96.028	100.0	702	704	704	1394.0	bifunctional GTP diphosphokinase/guanosine-3',5'-bis pyrophosphate 3'-pyrophosphohydrolase [Enterobacter roggenkampii]
spoT	WP_218336054	K662I	662	663	K	I	K	K	95.164	100.0	702	703	703	1394.0	bifunctional GTP diphosphokinase/guanosine-3',5'-bis pyrophosphate 3'-pyrophosphohydrolase [Enterobacter sp. ENT03]
spoT	WP_437433297	K662I	662	668	K	I	K	K	95.056	100.0	702	708	708	1394.0	MULTISPECIES: bifunctional GTP diphosphokinase/guanosine-3',5'-bis pyrophosphate 3'-pyrophosphohydrolase [Enterobacteriaceae]
spoT	WP_400737179	K662I	662	664	K	I	K	K	95.881	100.0	702	704	704	1394.0	MULTISPECIES: bifunctional GTP diphosphokinase/guanosine-3',5'-bis pyrophosphate 3'-pyrophosphohydrolase [unclassified Kluyvera]
spoT	WP_049292429	K662I	662	665	K	I	K	K	95.035	100.0	702	705	705	1394.0	bifunctional GTP diphosphokinase/guanosine-3',5'-bis pyrophosphate 3'-pyrophosphohydrolase [Franconibacter helveticus]
spoT	WP_313063214	K662I	662	664	K	I	K	K	95.455	100.0	702	704	704	1394.0	bifunctional GTP diphosphokinase/guanosine-3',5'-bis pyrophosphate 3'-pyrophosphohydrolase [Atlantibacter hermannii]
spoT	WP_485887734	K662I	662	668	K	I	K	K	95.056	100.0	702	708	708	1393.0	N/A
spoT	WP_458045214	K662I	662	668	K	I	K	K	94.915	100.0	702	708	708	1393.0	bifunctional GTP diphosphokinase/guanosine-3',5'-bis pyrophosphate 3'-pyrophosphohydrolase [Phytobacter sp. AG2a]
spoT	WP_415978478	K662I	662	664	K	I	K	K	95.881	100.0	702	704	704	1393.0	bifunctional GTP diphosphokinase/guanosine-3',5'-bis pyrophosphate 3'-pyrophosphohydrolase [Kluyvera cryocrescens]
spoT	WP_062775888	K662I	662	664	K	I	K	K	95.739	100.0	702	704	704	1392.0	bifunctional GTP diphosphokinase/guanosine-3',5'-bis pyrophosphate 3'-pyrophosphohydrolase [Kluyvera intermedia]
spoT	WP_038477200	K662I	662	666	K	I	K	K	95.191	100.0	702	706	706	1392.0	MULTISPECIES: bifunctional GTP diphosphokinase/guanosine-3',5'-bis pyrophosphate 3'-pyrophosphohydrolase [Cedecea]
spoT	WP_024551554	K662I	662	665	K	I	K	K	94.894	100.0	702	705	705	1391.0	bifunctional GTP diphosphokinase/guanosine-3',5'-bis pyrophosphate 3'-pyrophosphohydrolase [Franconibacter helveticus]
spoT	WP_032993408	K662I	662	666	K	I	K	K	95.191	100.0	702	706	706	1391.0	bifunctional GTP diphosphokinase/guanosine-3',5'-bis pyrophosphate 3'-pyrophosphohydrolase [Cronobacter malonaticus]
spoT	WP_313715088	K662I	662	664	K	I	K	K	95.312	100.0	702	704	704	1391.0	bifunctional GTP diphosphokinase/guanosine-3',5'-bis pyrophosphate 3'-pyrophosphohydrolase [Atlantibacter hermannii]
spoT	WP_410128165	K662I	662	658	K	I	K	K	96.275	99.0	702	698	698	1391.0	bifunctional GTP diphosphokinase/guanosine-3',5'-bis pyrophosphate 3'-pyrophosphohydrolase, partial [Klebsiella pneumoniae]
spoT	WP_312983278	K662I	662	664	K	I	K	K	95.312	100.0	702	704	704	1391.0	bifunctional GTP diphosphokinase/guanosine-3',5'-bis pyrophosphate 3'-pyrophosphohydrolase [Atlantibacter sp.]
spoT	WP_024557860	K662I	662	665	K	I	K	K	94.752	100.0	702	705	705	1391.0	MULTISPECIES: bifunctional GTP diphosphokinase/guanosine-3',5'-bis pyrophosphate 3'-pyrophosphohydrolase [Franconibacter]
spoT	WP_313047208	K662I	662	664	K	I	K	K	95.312	100.0	702	704	704	1390.0	bifunctional GTP diphosphokinase/guanosine-3',5'-bis pyrophosphate 3'-pyrophosphohydrolase [Atlantibacter hermannii]
spoT	WP_283007456	K662I	662	666	K	I	K	K	94.915	100.0	702	706	706	1390.0	bifunctional GTP diphosphokinase/guanosine-3',5'-bis pyrophosphate 3'-pyrophosphohydrolase [Cronobacter universalis]
spoT	WP_031523236	K662I	662	667	K	I	K	K	94.767	100.0	702	707	707	1390.0	bifunctional GTP diphosphokinase/guanosine-3',5'-bis pyrophosphate 3'-pyrophosphohydrolase [Siccibacter colletis]
spoT	WP_284973820	K662I	662	664	K	I	K	K	95.312	100.0	702	704	704	1390.0	bifunctional GTP diphosphokinase/guanosine-3',5'-bis pyrophosphate 3'-pyrophosphohydrolase [Atlantibacter hermannii]
spoT	WP_220267074	K662I	662	664	K	I	K	K	95.312	100.0	702	704	704	1390.0	bifunctional GTP diphosphokinase/guanosine-3',5'-bis pyrophosphate 3'-pyrophosphohydrolase [Enterobacter sp. Colony194]
spoT	WP_146378201	K662I	662	666	K	I	K	K	95.05	100.0	702	706	706	1390.0	bifunctional GTP diphosphokinase/guanosine-3',5'-bis pyrophosphate 3'-pyrophosphohydrolase [Cronobacter turicensis]
spoT	WP_043992321	K662I	662	644	K	I	K	K	97.953	97.0	702	684	684	1390.0	bifunctional GTP diphosphokinase/guanosine-3',5'-bis pyrophosphate 3'-pyrophosphohydrolase [Salmonella enterica]
spoT	WP_095725607	K662I	662	650	K	I	K	K	95.875	100.0	702	690	690	1390.0	bifunctional GTP diphosphokinase/guanosine-3',5'-bis pyrophosphate 3'-pyrophosphohydrolase [Klebsiella pneumoniae]
spoT	WP_007680928	K662I	662	666	K	I	K	K	94.908	100.0	702	706	706	1390.0	bifunctional GTP diphosphokinase/guanosine-3',5'-bis pyrophosphate 3'-pyrophosphohydrolase [Cronobacter condimenti]
spoT	WP_105644498	K662I	662	666	K	I	K	K	95.05	100.0	702	706	706	1390.0	bifunctional GTP diphosphokinase/guanosine-3',5'-bis pyrophosphate 3'-pyrophosphohydrolase [Cronobacter malonaticus]
spoT	WP_183172015	K662I	662	664	K	I	K	K	95.17	100.0	702	704	704	1390.0	bifunctional GTP diphosphokinase/guanosine-3',5'-bis pyrophosphate 3'-pyrophosphohydrolase [Atlantibacter sp. RC6]
spoT	WP_002436667	K662I	662	664	K	I	K	K	95.312	100.0	702	704	704	1390.0	MULTISPECIES: bifunctional GTP diphosphokinase/guanosine-3',5'-bis pyrophosphate 3'-pyrophosphohydrolase [Atlantibacter]
spoT	WP_313668211	K662I	662	664	K	I	K	K	95.17	100.0	702	704	704	1390.0	bifunctional GTP diphosphokinase/guanosine-3',5'-bis pyrophosphate 3'-pyrophosphohydrolase [Atlantibacter sp.]
spoT	WP_038858593	K662I	662	666	K	I	K	K	94.915	100.0	702	706	706	1390.0	bifunctional GTP diphosphokinase/guanosine-3',5'-bis pyrophosphate 3'-pyrophosphohydrolase [Cronobacter universalis]
spoT	WP_312559603	K662I	662	664	K	I	K	K	95.312	100.0	702	704	704	1389.0	bifunctional GTP diphosphokinase/guanosine-3',5'-bis pyrophosphate 3'-pyrophosphohydrolase [Atlantibacter hermannii]
spoT	WP_220398514	K662I	662	664	K	I	K	K	95.312	100.0	702	704	704	1389.0	bifunctional GTP diphosphokinase/guanosine-3',5'-bis pyrophosphate 3'-pyrophosphohydrolase [Atlantibacter hermannii]
spoT	WP_123349673	K662I	662	662	K	I	K	K	95.448	100.0	702	702	702	1389.0	MULTISPECIES: bifunctional GTP diphosphokinase/guanosine-3',5'-bis pyrophosphate 3'-pyrophosphohydrolase [unclassified Enterobacter]
spoT	WP_029589930	K662I	662	665	K	I	K	K	94.61	100.0	702	705	705	1389.0	bifunctional GTP diphosphokinase/guanosine-3',5'-bis pyrophosphate 3'-pyrophosphohydrolase [Franconibacter pulveris]
spoT	WP_313796590	K662I	662	667	K	I	K	K	94.625	100.0	702	707	707	1389.0	bifunctional GTP diphosphokinase/guanosine-3',5'-bis pyrophosphate 3'-pyrophosphohydrolase [Siccibacter colletis]
spoT	WP_393970320	K662I	662	664	K	I	K	K	95.597	100.0	702	704	704	1389.0	bifunctional GTP diphosphokinase/guanosine-3',5'-bis pyrophosphate 3'-pyrophosphohydrolase [Kluyvera intermedia]
spoT	WP_016538871	K662I	662	666	K	I	K	K	94.484	100.0	702	706	706	1389.0	bifunctional GTP diphosphokinase/guanosine-3',5'-bis pyrophosphate 3'-pyrophosphohydrolase [Cedecea davisae]
spoT	WP_105636616	K662I	662	666	K	I	K	K	94.633	100.0	702	706	706	1388.0	bifunctional GTP diphosphokinase/guanosine-3',5'-bis pyrophosphate 3'-pyrophosphohydrolase [Cronobacter dublinensis]
spoT	WP_038874447	K662I	662	666	K	I	K	K	94.774	100.0	702	706	706	1388.0	bifunctional GTP diphosphokinase/guanosine-3',5'-bis pyrophosphate 3'-pyrophosphohydrolase [Cronobacter dublinensis]
spoT	WP_161591189	K662I	662	666	K	I	K	K	94.633	100.0	702	706	706	1388.0	bifunctional GTP diphosphokinase/guanosine-3',5'-bis pyrophosphate 3'-pyrophosphohydrolase [Cronobacter dublinensis]
spoT	WP_410164240	K662I	662	657	K	I	K	K	96.126	99.0	702	697	697	1388.0	bifunctional GTP diphosphokinase/guanosine-3',5'-bis pyrophosphate 3'-pyrophosphohydrolase [Klebsiella pneumoniae]
spoT	WP_032966559	K662I	662	666	K	I	K	K	94.774	100.0	702	706	706	1388.0	bifunctional GTP diphosphokinase/guanosine-3',5'-bis pyrophosphate 3'-pyrophosphohydrolase [Cronobacter dublinensis]
spoT	WP_312973721	K662I	662	664	K	I	K	K	95.028	100.0	702	704	704	1388.0	bifunctional GTP diphosphokinase/guanosine-3',5'-bis pyrophosphate 3'-pyrophosphohydrolase [Atlantibacter sp.]
spoT	WP_038866530	K662I	662	666	K	I	K	K	94.908	100.0	702	706	706	1388.0	MULTISPECIES: bifunctional GTP diphosphokinase/guanosine-3',5'-bis pyrophosphate 3'-pyrophosphohydrolase [Cronobacter]
spoT	WP_275876247	K662I	662	666	K	I	K	K	94.633	100.0	702	706	706	1387.0	bifunctional GTP diphosphokinase/guanosine-3',5'-bis pyrophosphate 3'-pyrophosphohydrolase [Cronobacter dublinensis]
spoT	WP_165155051	K662I	662	666	K	I	K	K	94.774	100.0	702	706	706	1387.0	MULTISPECIES: bifunctional GTP diphosphokinase/guanosine-3',5'-bis pyrophosphate 3'-pyrophosphohydrolase [Cronobacter]
spoT	WP_410111420	K662I	662	657	K	I	K	K	95.983	99.0	702	697	697	1387.0	bifunctional GTP diphosphokinase/guanosine-3',5'-bis pyrophosphate 3'-pyrophosphohydrolase [Klebsiella pneumoniae]
spoT	WP_313081313	K662I	662	664	K	I	K	K	95.028	100.0	702	704	704	1387.0	bifunctional GTP diphosphokinase/guanosine-3',5'-bis pyrophosphate 3'-pyrophosphohydrolase [Atlantibacter sp.]
spoT	WP_203120759	K662I	662	664	K	I	K	K	95.028	100.0	702	704	704	1387.0	bifunctional GTP diphosphokinase/guanosine-3',5'-bis pyrophosphate 3'-pyrophosphohydrolase [Atlantibacter hermannii]
spoT	WP_172568679	K662I	662	666	K	I	K	K	94.484	100.0	702	706	706	1387.0	bifunctional GTP diphosphokinase/guanosine-3',5'-bis pyrophosphate 3'-pyrophosphohydrolase [Cedecea sp. FDAARGOS_727]
spoT	WP_007894835	K662I	662	666	K	I	K	K	95.05	100.0	702	706	706	1387.0	MULTISPECIES: bifunctional GTP diphosphokinase/guanosine-3',5'-bis pyrophosphate 3'-pyrophosphohydrolase [Cronobacter]
spoT	WP_279049838	K662I	662	666	K	I	K	K	94.484	100.0	702	706	706	1387.0	bifunctional GTP diphosphokinase/guanosine-3',5'-bis pyrophosphate 3'-pyrophosphohydrolase [Cedecea davisae]
spoT	WP_216375914	K662I	662	666	K	I	K	K	94.484	100.0	702	706	706	1387.0	bifunctional GTP diphosphokinase/guanosine-3',5'-bis pyrophosphate 3'-pyrophosphohydrolase [Cedecea davisae]
spoT	WP_105719913	K662I	662	666	K	I	K	K	94.633	100.0	702	706	706	1387.0	bifunctional GTP diphosphokinase/guanosine-3',5'-bis pyrophosphate 3'-pyrophosphohydrolase [Cronobacter dublinensis]
spoT	WP_410135541	K662I	662	655	K	I	K	K	96.259	98.0	702	700	695	1387.0	bifunctional GTP diphosphokinase/guanosine-3',5'-bis pyrophosphate 3'-pyrophosphohydrolase [Klebsiella pneumoniae]
spoT	WP_269772189	K662I	662	664	K	I	K	K	95.028	100.0	702	704	704	1387.0	bifunctional GTP diphosphokinase/guanosine-3',5'-bis pyrophosphate 3'-pyrophosphohydrolase [Atlantibacter hermannii]
spoT	WP_015742964	K662I	662	666	K	I	K	K	94.774	100.0	702	706	706	1387.0	bifunctional GTP diphosphokinase/guanosine-3',5'-bis pyrophosphate 3'-pyrophosphohydrolase [Cronobacter turicensis]
spoT	WP_075197255	K662I	662	666	K	I	K	K	94.774	100.0	702	706	706	1387.0	bifunctional GTP diphosphokinase/guanosine-3',5'-bis pyrophosphate 3'-pyrophosphohydrolase [Cronobacter turicensis]
spoT	WP_175569384	K662I	662	666	K	I	K	K	94.774	100.0	702	706	706	1387.0	bifunctional GTP diphosphokinase/guanosine-3',5'-bis pyrophosphate 3'-pyrophosphohydrolase [Cronobacter muytjensii]
spoT	WP_437889383	K662I	662	668	K	I	K	K	94.774	100.0	702	708	708	1387.0	bifunctional GTP diphosphokinase/guanosine-3',5'-bis pyrophosphate 3'-pyrophosphohydrolase [Phytobacter sp. V91]
spoT	WP_165463527	K662I	662	664	K	I	K	K	95.028	100.0	702	704	704	1387.0	bifunctional GTP diphosphokinase/guanosine-3',5'-bis pyrophosphate 3'-pyrophosphohydrolase [Atlantibacter sp.]
spoT	WP_165431491	K662I	662	664	K	I	K	K	95.17	100.0	702	704	704	1387.0	bifunctional GTP diphosphokinase/guanosine-3',5'-bis pyrophosphate 3'-pyrophosphohydrolase [Atlantibacter hermannii]
spoT	WP_125295017	K662I	662	664	K	I	K	K	94.886	100.0	702	704	704	1387.0	MULTISPECIES: bifunctional GTP diphosphokinase/guanosine-3',5'-bis pyrophosphate 3'-pyrophosphohydrolase [Atlantibacter]
spoT	WP_105884732	K662I	662	666	K	I	K	K	94.908	100.0	702	706	706	1387.0	bifunctional GTP diphosphokinase/guanosine-3',5'-bis pyrophosphate 3'-pyrophosphohydrolase [Cronobacter malonaticus]
spoT	WP_320496624	K662I	662	667	K	I	K	K	94.767	100.0	702	707	707	1386.0	bifunctional GTP diphosphokinase/guanosine-3',5'-bis pyrophosphate 3'-pyrophosphohydrolase [Siccibacter turicensis]
spoT	WP_316351883	K662I	662	666	K	I	K	K	94.633	100.0	702	706	706	1386.0	bifunctional GTP diphosphokinase/guanosine-3',5'-bis pyrophosphate 3'-pyrophosphohydrolase [Cronobacter dublinensis]
spoT	WP_126358185	K662I	662	667	K	I	K	K	94.633	100.0	702	707	707	1386.0	bifunctional GTP diphosphokinase/guanosine-3',5'-bis pyrophosphate 3'-pyrophosphohydrolase [Cedecea lapagei]
spoT	WP_105655249	K662I	662	666	K	I	K	K	94.633	100.0	702	706	706	1386.0	bifunctional GTP diphosphokinase/guanosine-3',5'-bis pyrophosphate 3'-pyrophosphohydrolase [Cronobacter dublinensis]
spoT	WP_455426290	K662I	662	663	K	I	K	K	94.46	100.0	702	703	703	1386.0	MULTISPECIES: bifunctional GTP diphosphokinase/guanosine-3',5'-bis pyrophosphate 3'-pyrophosphohydrolase [Dryocola]
spoT	WP_227319115	K662I	662	666	K	I	K	K	94.342	100.0	702	706	706	1386.0	bifunctional GTP diphosphokinase/guanosine-3',5'-bis pyrophosphate 3'-pyrophosphohydrolase [Cedecea davisae]
spoT	WP_004387718	K662I	662	666	K	I	K	K	94.908	100.0	702	706	706	1386.0	MULTISPECIES: bifunctional GTP diphosphokinase/guanosine-3',5'-bis pyrophosphate 3'-pyrophosphohydrolase [Cronobacter]
spoT	WP_312611238	K662I	662	666	K	I	K	K	94.767	100.0	702	706	706	1386.0	bifunctional GTP diphosphokinase/guanosine-3',5'-bis pyrophosphate 3'-pyrophosphohydrolase [Cronobacter sakazakii]
spoT	WP_130100337	K662I	662	667	K	I	K	K	94.767	100.0	702	707	707	1386.0	bifunctional GTP diphosphokinase/guanosine-3',5'-bis pyrophosphate 3'-pyrophosphohydrolase [Siccibacter turicensis]
spoT	WP_276642712	K662I	662	667	K	I	K	K	94.767	100.0	702	707	707	1386.0	bifunctional GTP diphosphokinase/guanosine-3',5'-bis pyrophosphate 3'-pyrophosphohydrolase [Siccibacter turicensis]
spoT	WP_105574122	K662I	662	666	K	I	K	K	94.908	100.0	702	706	706	1386.0	bifunctional GTP diphosphokinase/guanosine-3',5'-bis pyrophosphate 3'-pyrophosphohydrolase [Cronobacter sakazakii]
spoT	WP_075191836	K662I	662	666	K	I	K	K	94.908	100.0	702	706	706	1386.0	bifunctional GTP diphosphokinase/guanosine-3',5'-bis pyrophosphate 3'-pyrophosphohydrolase [Cronobacter malonaticus]
spoT	WP_148736727	K662I	662	666	K	I	K	K	94.908	100.0	702	706	706	1386.0	bifunctional GTP diphosphokinase/guanosine-3',5'-bis pyrophosphate 3'-pyrophosphohydrolase [Cronobacter sakazakii]
spoT	WP_161659538	K662I	662	664	K	I	K	K	94.744	100.0	702	704	704	1385.0	N/A
spoT	WP_209632114	K662I	662	666	K	I	K	K	94.767	100.0	702	706	706	1385.0	bifunctional GTP diphosphokinase/guanosine-3',5'-bis pyrophosphate 3'-pyrophosphohydrolase [Cronobacter sakazakii]
spoT	WP_282914164	K662I	662	666	K	I	K	K	94.633	100.0	702	706	706	1385.0	bifunctional GTP diphosphokinase/guanosine-3',5'-bis pyrophosphate 3'-pyrophosphohydrolase [Cronobacter dublinensis]
spoT	WP_166868894	K662I	662	666	K	I	K	K	94.625	100.0	702	706	706	1385.0	bifunctional GTP diphosphokinase/guanosine-3',5'-bis pyrophosphate 3'-pyrophosphohydrolase [Enterobacter sp. Cy-643]
spoT	WP_435928392	K662I	662	663	K	I	K	K	94.31	100.0	702	703	703	1385.0	bifunctional GTP diphosphokinase/guanosine-3',5'-bis pyrophosphate 3'-pyrophosphohydrolase [Dryocola sharpae]
spoT	WP_038859421	K662I	662	666	K	I	K	K	94.908	100.0	702	706	706	1385.0	bifunctional GTP diphosphokinase/guanosine-3',5'-bis pyrophosphate 3'-pyrophosphohydrolase [Cronobacter sakazakii]
spoT	WP_014727788	K662I	662	666	K	I	K	K	94.767	100.0	702	706	706	1385.0	bifunctional GTP diphosphokinase/guanosine-3',5'-bis pyrophosphate 3'-pyrophosphohydrolase [Cronobacter sakazakii]
spoT	WP_129335124	K662I	662	654	K	I	K	K	95.455	100.0	702	694	694	1385.0	bifunctional GTP diphosphokinase/guanosine-3',5'-bis pyrophosphate 3'-pyrophosphohydrolase [Enterobacter cloacae complex sp. 2DZ2F20B]
spoT	WP_271121694	K662I	662	663	K	I	K	K	94.452	100.0	702	703	703	1385.0	bifunctional GTP diphosphokinase/guanosine-3',5'-bis pyrophosphate 3'-pyrophosphohydrolase [Dryocola boscaweniae]
spoT	WP_106878225	K662I	662	667	K	I	K	K	94.484	100.0	702	707	707	1385.0	bifunctional GTP diphosphokinase/guanosine-3',5'-bis pyrophosphate 3'-pyrophosphohydrolase [Siccibacter turicensis]
spoT	WP_312583962	K662I	662	664	K	I	K	K	94.886	100.0	702	704	704	1384.0	bifunctional GTP diphosphokinase/guanosine-3',5'-bis pyrophosphate 3'-pyrophosphohydrolase [Atlantibacter sp.]
spoT	WP_436894160	K662I	662	667	K	I	K	K	94.342	100.0	702	707	707	1384.0	bifunctional GTP diphosphokinase/guanosine-3',5'-bis pyrophosphate 3'-pyrophosphohydrolase [Siccibacter turicensis]
spoT	WP_321218803	K662I	662	666	K	I	K	K	94.499	100.0	702	706	706	1384.0	bifunctional GTP diphosphokinase/guanosine-3',5'-bis pyrophosphate 3'-pyrophosphohydrolase [Cedecea neteri]
spoT	WP_061276269	K662I	662	666	K	I	K	K	94.499	100.0	702	706	706	1384.0	bifunctional GTP diphosphokinase/guanosine-3',5'-bis pyrophosphate 3'-pyrophosphohydrolase [Cedecea neteri]
spoT	WP_213716155	K662I	662	666	K	I	K	K	94.499	100.0	702	706	706	1384.0	bifunctional GTP diphosphokinase/guanosine-3',5'-bis pyrophosphate 3'-pyrophosphohydrolase [Cedecea lapagei]
spoT	WP_039299085	K662I	662	666	K	I	K	K	94.492	100.0	702	706	706	1384.0	bifunctional GTP diphosphokinase/guanosine-3',5'-bis pyrophosphate 3'-pyrophosphohydrolase [Cedecea neteri]
spoT	WP_024547991	K662I	662	667	K	I	K	K	94.625	100.0	702	707	707	1384.0	bifunctional GTP diphosphokinase/guanosine-3',5'-bis pyrophosphate 3'-pyrophosphohydrolase [Siccibacter turicensis]
spoT	WP_138095093	K662I	662	663	K	I	K	K	94.452	100.0	702	703	703	1384.0	MULTISPECIES: bifunctional GTP diphosphokinase/guanosine-3',5'-bis pyrophosphate 3'-pyrophosphohydrolase [Jejuibacter]
spoT	WP_311888092	K662I	662	666	K	I	K	K	94.484	100.0	702	706	706	1384.0	bifunctional GTP diphosphokinase/guanosine-3',5'-bis pyrophosphate 3'-pyrophosphohydrolase [Cedecea neteri]
spoT	WP_039289139	K662I	662	666	K	I	K	K	94.484	100.0	702	706	706	1383.0	MULTISPECIES: bifunctional GTP diphosphokinase/guanosine-3',5'-bis pyrophosphate 3'-pyrophosphohydrolase [Enterobacteriaceae]
spoT	WP_167614652	K662I	662	663	K	I	K	K	94.31	100.0	702	703	703	1383.0	bifunctional GTP diphosphokinase/guanosine-3',5'-bis pyrophosphate 3'-pyrophosphohydrolase [Cedecea colo]
spoT	WP_259268557	K662I	662	663	K	I	K	K	94.318	100.0	702	703	703	1383.0	bifunctional GTP diphosphokinase/guanosine-3',5'-bis pyrophosphate 3'-pyrophosphohydrolase [Buttiauxella sp. BIGb0471]
spoT	WP_202305832	K662I	662	663	K	I	K	K	94.334	100.0	702	703	703	1383.0	bifunctional GTP diphosphokinase/guanosine-3',5'-bis pyrophosphate 3'-pyrophosphohydrolase [Dryocola clanedunensis]
spoT	WP_353613660	K662I	662	665	K	I	K	K	93.901	100.0	702	705	705	1382.0	bifunctional GTP diphosphokinase/guanosine-3',5'-bis pyrophosphate 3'-pyrophosphohydrolase [Mangrovibacter phragmitis]
spoT	WP_008457411	K662I	662	666	K	I	K	K	94.358	100.0	702	706	706	1382.0	MULTISPECIES: bifunctional GTP diphosphokinase/guanosine-3',5'-bis pyrophosphate 3'-pyrophosphohydrolase [Enterobacteriaceae]
spoT	WP_409324226	K662I	662	639	K	I	K	K	98.085	97.0	702	679	679	1382.0	bifunctional GTP diphosphokinase/guanosine-3',5'-bis pyrophosphate 3'-pyrophosphohydrolase, partial [Salmonella enterica]
spoT	WP_172896005	K662I	662	663	K	I	K	K	94.318	100.0	702	703	703	1382.0	bifunctional GTP diphosphokinase/guanosine-3',5'-bis pyrophosphate 3'-pyrophosphohydrolase [Buttiauxella agrestis]
spoT	WP_121266280	K662I	662	663	K	I	K	K	94.168	100.0	702	703	703	1382.0	bifunctional GTP diphosphokinase/guanosine-3',5'-bis pyrophosphate 3'-pyrophosphohydrolase [Enterobacter sp. R1(2018)]
spoT	WP_166995804	K662I	662	666	K	I	K	K	94.358	100.0	702	706	706	1382.0	MULTISPECIES: bifunctional GTP diphosphokinase/guanosine-3',5'-bis pyrophosphate 3'-pyrophosphohydrolase [Enterobacteriaceae]
spoT	WP_064596240	K662I	662	665	K	I	K	K	93.759	100.0	702	705	705	1381.0	bifunctional GTP diphosphokinase/guanosine-3',5'-bis pyrophosphate 3'-pyrophosphohydrolase [Mangrovibacter phragmitis]
spoT	WP_121814631	K662I	662	663	K	I	K	K	94.318	100.0	702	703	703	1381.0	MULTISPECIES: bifunctional GTP diphosphokinase/guanosine-3',5'-bis pyrophosphate 3'-pyrophosphohydrolase [Buttiauxella]
spoT	WP_435951490	K662I	662	663	K	I	K	K	94.168	100.0	702	703	703	1381.0	bifunctional GTP diphosphokinase/guanosine-3',5'-bis pyrophosphate 3'-pyrophosphohydrolase [Dryocola baronae]
spoT	WP_312745829	K662I	662	666	K	I	K	K	94.342	100.0	702	706	706	1381.0	bifunctional GTP diphosphokinase/guanosine-3',5'-bis pyrophosphate 3'-pyrophosphohydrolase [Cedecea neteri]
spoT	WP_034499979	K662I	662	663	K	I	K	K	94.176	100.0	702	703	703	1381.0	bifunctional GTP diphosphokinase/guanosine-3',5'-bis pyrophosphate 3'-pyrophosphohydrolase [Buttiauxella agrestis]
spoT	WP_057174935	K662I	662	652	K	I	K	K	96.243	98.0	702	692	692	1380.0	bifunctional GTP diphosphokinase/guanosine-3',5'-bis pyrophosphate 3'-pyrophosphohydrolase [Klebsiella pneumoniae]
spoT	WP_367595138	K662I	662	663	K	I	K	K	94.31	100.0	702	703	703	1380.0	bifunctional GTP diphosphokinase/guanosine-3',5'-bis pyrophosphate 3'-pyrophosphohydrolase [Buttiauxella gaviniae]
spoT	WP_052902219	K662I	662	664	K	I	K	K	94.176	100.0	702	704	704	1379.0	bifunctional GTP diphosphokinase/guanosine-3',5'-bis pyrophosphate 3'-pyrophosphohydrolase [Winslowiella iniecta]
spoT	WP_115631689	K662I	662	663	K	I	K	K	94.034	100.0	702	703	703	1379.0	MULTISPECIES: bifunctional GTP diphosphokinase/guanosine-3',5'-bis pyrophosphate 3'-pyrophosphohydrolase [Buttiauxella]
spoT	WP_034461477	K662I	662	663	K	I	K	K	94.168	100.0	702	703	703	1379.0	bifunctional GTP diphosphokinase/guanosine-3',5'-bis pyrophosphate 3'-pyrophosphohydrolase [Buttiauxella noackiae]
spoT	WP_331377368	K662I	662	664	K	I	K	K	97.093	98.0	702	688	688	1379.0	bifunctional GTP diphosphokinase/guanosine-3',5'-bis pyrophosphate 3'-pyrophosphohydrolase, partial [Citrobacter freundii]
spoT	WP_270141730	K662I	662	663	K	I	K	K	94.176	100.0	702	703	703	1378.0	MULTISPECIES: bifunctional GTP diphosphokinase/guanosine-3',5'-bis pyrophosphate 3'-pyrophosphohydrolase [unclassified Buttiauxella]
spoT	WP_413652860	K662I	662	665	K	I	K	K	94.184	100.0	702	705	705	1378.0	bifunctional GTP diphosphokinase/guanosine-3',5'-bis pyrophosphate 3'-pyrophosphohydrolase [Pantoea sp. B65]
spoT	WP_226573670	K662I	662	665	K	I	K	K	93.759	100.0	702	705	705	1378.0	bifunctional GTP diphosphokinase/guanosine-3',5'-bis pyrophosphate 3'-pyrophosphohydrolase [Mangrovibacter yixingensis]
spoT	WP_036115649	K662I	662	665	K	I	K	K	93.759	100.0	702	705	705	1378.0	MULTISPECIES: bifunctional GTP diphosphokinase/guanosine-3',5'-bis pyrophosphate 3'-pyrophosphohydrolase [Mangrovibacter]
spoT	WP_064541838	K662I	662	663	K	I	K	K	94.176	100.0	702	703	703	1378.0	bifunctional GTP diphosphokinase/guanosine-3',5'-bis pyrophosphate 3'-pyrophosphohydrolase [Buttiauxella ferragutiae]
spoT	WP_309876973	K662I	662	663	K	I	K	K	94.026	100.0	702	703	703	1378.0	bifunctional GTP diphosphokinase/guanosine-3',5'-bis pyrophosphate 3'-pyrophosphohydrolase [Buttiauxella selenatireducens]
spoT	WP_139881240	K662I	662	663	K	I	K	K	94.176	100.0	702	703	703	1377.0	bifunctional GTP diphosphokinase/guanosine-3',5'-bis pyrophosphate 3'-pyrophosphohydrolase [Buttiauxella sp. B2]
spoT	WP_064561490	K662I	662	663	K	I	K	K	94.034	100.0	702	703	703	1377.0	bifunctional GTP diphosphokinase/guanosine-3',5'-bis pyrophosphate 3'-pyrophosphohydrolase [Buttiauxella brennerae]
spoT	WP_183272944	K662I	662	663	K	I	K	K	93.883	100.0	702	703	703	1377.0	bifunctional GTP diphosphokinase/guanosine-3',5'-bis pyrophosphate 3'-pyrophosphohydrolase [Buttiauxella sp. A111]
spoT	WP_314425827	K662I	662	665	K	I	K	K	93.759	100.0	702	705	705	1377.0	bifunctional GTP diphosphokinase/guanosine-3',5'-bis pyrophosphate 3'-pyrophosphohydrolase [Erwinia sp. SLM-02]
spoT	WP_124025577	K662I	662	663	K	I	K	K	94.034	100.0	702	703	703	1377.0	bifunctional GTP diphosphokinase/guanosine-3',5'-bis pyrophosphate 3'-pyrophosphohydrolase [Buttiauxella warmboldiae]
spoT	WP_154154063	K662I	662	663	K	I	K	K	94.176	100.0	702	703	703	1377.0	bifunctional GTP diphosphokinase/guanosine-3',5'-bis pyrophosphate 3'-pyrophosphohydrolase [Buttiauxella gaviniae]
spoT	WP_410136745	K662I	662	660	K	I	K	K	95.429	99.0	702	700	700	1376.0	bifunctional GTP diphosphokinase/guanosine-3',5'-bis pyrophosphate 3'-pyrophosphohydrolase [Klebsiella pneumoniae]
spoT	WP_471683175	K662I	662	663	K	I	K	K	93.883	100.0	702	703	703	1376.0	N/A
spoT	WP_134187697	K662I	662	663	K	I	K	K	94.026	100.0	702	703	703	1376.0	MULTISPECIES: bifunctional GTP diphosphokinase/guanosine-3',5'-bis pyrophosphate 3'-pyrophosphohydrolase [Buttiauxella]
spoT	WP_123337388	K662I	662	665	K	I	K	K	93.759	100.0	702	705	705	1376.0	bifunctional GTP diphosphokinase/guanosine-3',5'-bis pyrophosphate 3'-pyrophosphohydrolase [Erwinia sp. JUb26]
spoT	WP_437612618	K662I	662	665	K	I	K	K	94.184	100.0	702	705	705	1375.0	bifunctional GTP diphosphokinase/guanosine-3',5'-bis pyrophosphate 3'-pyrophosphohydrolase [Erwinia sp. V71]
spoT	WP_236474953	K662I	662	633	K	I	K	K	95.442	100.0	702	673	673	1375.0	bifunctional GTP diphosphokinase/guanosine-3',5'-bis pyrophosphate 3'-pyrophosphohydrolase [Escherichia coli]
spoT	WP_064514982	K662I	662	663	K	I	K	K	94.026	100.0	702	703	703	1375.0	bifunctional GTP diphosphokinase/guanosine-3',5'-bis pyrophosphate 3'-pyrophosphohydrolase [Buttiauxella gaviniae]
spoT	WP_024966224	K662I	662	667	K	I	K	K	94.059	100.0	702	707	707	1375.0	bifunctional GTP diphosphokinase/guanosine-3',5'-bis pyrophosphate 3'-pyrophosphohydrolase [Pantoea sp. IMH]
spoT	WP_480134369	K662I	662	666	K	I	K	K	95.042	100.0	702	706	706	1375.0	N/A
spoT	WP_200547503	K662I	662	665	K	I	K	K	93.759	100.0	702	705	705	1374.0	bifunctional GTP diphosphokinase/guanosine-3',5'-bis pyrophosphate 3'-pyrophosphohydrolase [Erwinia sp. S38]
spoT	WP_200562139	K662I	662	665	K	I	K	K	93.759	100.0	702	705	705	1373.0	MULTISPECIES: bifunctional GTP diphosphokinase/guanosine-3',5'-bis pyrophosphate 3'-pyrophosphohydrolase [unclassified Erwinia]
spoT	WP_108477252	K662I	662	663	K	I	K	K	98.071	96.0	702	674	674	1373.0	bifunctional GTP diphosphokinase/guanosine-3',5'-bis pyrophosphate 3'-pyrophosphohydrolase, partial [Salmonella enterica]
spoT	WP_017801604	K662I	662	665	K	I	K	K	93.901	100.0	702	705	705	1372.0	bifunctional GTP diphosphokinase/guanosine-3',5'-bis pyrophosphate 3'-pyrophosphohydrolase [Winslowiella toletana]
spoT	WP_173635905	K662I	662	665	K	I	K	K	94.043	100.0	702	705	705	1372.0	bifunctional GTP diphosphokinase/guanosine-3',5'-bis pyrophosphate 3'-pyrophosphohydrolase [Paramixta manurensis]
spoT	WP_105594421	K662I	662	665	K	I	K	K	93.759	100.0	702	705	705	1372.0	bifunctional GTP diphosphokinase/guanosine-3',5'-bis pyrophosphate 3'-pyrophosphohydrolase [Pantoea coffeiphila]
spoT	WP_080181380	K662I	662	663	K	I	K	K	98.068	96.0	702	673	673	1372.0	bifunctional GTP diphosphokinase/guanosine-3',5'-bis pyrophosphate 3'-pyrophosphohydrolase, partial [Salmonella enterica]
spoT	WP_313854591	K662I	662	664	K	I	K	K	93.759	100.0	702	704	704	1370.0	MULTISPECIES: bifunctional GTP diphosphokinase/guanosine-3',5'-bis pyrophosphate 3'-pyrophosphohydrolase [Winslowiella]
spoT	WP_428944566	K662I	662	667	K	I	K	K	93.777	100.0	702	707	707	1370.0	bifunctional GTP diphosphokinase/guanosine-3',5'-bis pyrophosphate 3'-pyrophosphohydrolase [Pantoea sp. FN060301]
spoT	WP_125290632	K662I	662	664	K	I	K	K	93.892	100.0	702	704	704	1369.0	MULTISPECIES: bifunctional GTP diphosphokinase/guanosine-3',5'-bis pyrophosphate 3'-pyrophosphohydrolase [Erwinia]
spoT	WP_246761666	K662I	662	665	K	I	K	K	93.617	100.0	702	705	705	1369.0	MULTISPECIES: bifunctional GTP diphosphokinase/guanosine-3',5'-bis pyrophosphate 3'-pyrophosphohydrolase [Erwinia]
spoT	WP_338559423	K662I	662	666	K	I	K	K	93.201	100.0	702	706	706	1369.0	MULTISPECIES: bifunctional GTP diphosphokinase/guanosine-3',5'-bis pyrophosphate 3'-pyrophosphohydrolase [unclassified Erwinia]
spoT	WP_324117708	K662I	662	663	K	I	K	K	93.599	100.0	702	703	703	1368.0	bifunctional GTP diphosphokinase/guanosine-3',5'-bis pyrophosphate 3'-pyrophosphohydrolase [Buttiauxella sp.]
spoT	WP_336144479	K662I	662	664	K	I	K	K	93.892	100.0	702	704	704	1368.0	bifunctional GTP diphosphokinase/guanosine-3',5'-bis pyrophosphate 3'-pyrophosphohydrolase [Erwinia sp. CGal63]
spoT	WP_267142825	K662I	662	665	K	I	K	K	93.617	100.0	702	705	705	1368.0	bifunctional GTP diphosphokinase/guanosine-3',5'-bis pyrophosphate 3'-pyrophosphohydrolase [Winslowiella arboricola]
spoT	WP_312042748	K662I	662	664	K	I	K	K	93.892	100.0	702	704	704	1368.0	bifunctional GTP diphosphokinase/guanosine-3',5'-bis pyrophosphate 3'-pyrophosphohydrolase [Erwinia sp.]
spoT	WP_306209156	K662I	662	666	K	I	K	K	93.059	100.0	702	706	706	1367.0	bifunctional GTP diphosphokinase/guanosine-3',5'-bis pyrophosphate 3'-pyrophosphohydrolase [Erwinia pyri]
spoT	WP_199015981	K662I	662	662	K	I	K	K	93.741	100.0	702	702	702	1366.0	bifunctional GTP diphosphokinase/guanosine-3',5'-bis pyrophosphate 3'-pyrophosphohydrolase [Shimwellia pseudoproteus]
spoT	WP_342908034	K662I	662	667	K	I	K	K	93.494	100.0	702	707	707	1366.0	bifunctional GTP diphosphokinase/guanosine-3',5'-bis pyrophosphate 3'-pyrophosphohydrolase [Erwinia sp. P6884]
spoT	WP_253456967	K662I	662	664	K	I	K	K	93.75	100.0	702	704	704	1366.0	MULTISPECIES: bifunctional GTP diphosphokinase/guanosine-3',5'-bis pyrophosphate 3'-pyrophosphohydrolase [Erwinia]
spoT	WP_300000709	K662I	662	666	K	I	K	K	93.635	100.0	702	706	706	1366.0	bifunctional GTP diphosphokinase/guanosine-3',5'-bis pyrophosphate 3'-pyrophosphohydrolase [uncultured Cedecea sp.]
spoT	WP_342911751	K662I	662	666	K	I	K	K	93.059	100.0	702	706	706	1365.0	bifunctional GTP diphosphokinase/guanosine-3',5'-bis pyrophosphate 3'-pyrophosphohydrolase [Erwinia sp. P7711]
spoT	WP_380184212	K662I	662	663	K	I	K	K	93.883	100.0	702	703	703	1365.0	bifunctional GTP diphosphokinase/guanosine-3',5'-bis pyrophosphate 3'-pyrophosphohydrolase [Pantoea sp. sgz302252]
spoT	WP_034888446	K662I	662	666	K	I	K	K	93.069	100.0	702	706	706	1365.0	bifunctional GTP diphosphokinase/guanosine-3',5'-bis pyrophosphate 3'-pyrophosphohydrolase [Erwinia typographi]
spoT	WP_034918328	K662I	662	663	K	I	K	K	93.324	100.0	702	703	703	1365.0	bifunctional GTP diphosphokinase/guanosine-3',5'-bis pyrophosphate 3'-pyrophosphohydrolase [Erwinia sp. 9145]
spoT	WP_158782303	K662I	662	667	K	I	K	K	92.786	100.0	702	707	707	1364.0	bifunctional GTP diphosphokinase/guanosine-3',5'-bis pyrophosphate 3'-pyrophosphohydrolase [Pantoea sp. BAV 3049]
spoT	WP_128175374	K662I	662	665	K	I	K	K	93.371	100.0	702	705	705	1364.0	bifunctional GTP diphosphokinase/guanosine-3',5'-bis pyrophosphate 3'-pyrophosphohydrolase [[Pantoea] beijingensis]
spoT	WP_056233540	K662I	662	665	K	I	K	K	93.05	100.0	702	705	705	1363.0	MULTISPECIES: bifunctional GTP diphosphokinase/guanosine-3',5'-bis pyrophosphate 3'-pyrophosphohydrolase [unclassified Erwinia]
spoT	WP_322836757	K662I	662	663	K	I	K	K	92.603	100.0	702	703	703	1363.0	bifunctional GTP diphosphokinase/guanosine-3',5'-bis pyrophosphate 3'-pyrophosphohydrolase [Erwinia sp. HR93]
spoT	WP_211993468	K662I	662	666	K	I	K	K	92.918	100.0	702	706	706	1363.0	bifunctional GTP diphosphokinase/guanosine-3',5'-bis pyrophosphate 3'-pyrophosphohydrolase [Citrobacter sp. JGM124]
spoT	WP_318791801	K662I	662	666	K	I	K	K	92.918	100.0	702	706	706	1362.0	bifunctional GTP diphosphokinase/guanosine-3',5'-bis pyrophosphate 3'-pyrophosphohydrolase [Erwinia sp. MMLR14_017]
spoT	WP_034943132	K662I	662	663	K	I	K	K	93.324	100.0	702	703	703	1362.0	bifunctional GTP diphosphokinase/guanosine-3',5'-bis pyrophosphate 3'-pyrophosphohydrolase [Erwinia oleae]
spoT	WP_015962388	K662I	662	661	K	I	K	K	93.447	100.0	702	701	701	1361.0	MULTISPECIES: bifunctional GTP diphosphokinase/guanosine-3',5'-bis pyrophosphate 3'-pyrophosphohydrolase [Serratia]
spoT	WP_259052999	K662I	662	666	K	I	K	K	92.776	100.0	702	706	706	1361.0	bifunctional GTP diphosphokinase/guanosine-3',5'-bis pyrophosphate 3'-pyrophosphohydrolase [Klebsiella sp. BIGb0407]
spoT	WP_002442539	K662I	662	664	K	I	K	K	93.201	100.0	702	704	704	1361.0	bifunctional GTP diphosphokinase/guanosine-3',5'-bis pyrophosphate 3'-pyrophosphohydrolase [Shimwellia blattae]
spoT	WP_424691758	K662I	662	667	K	I	K	K	92.221	100.0	702	707	707	1360.0	bifunctional GTP diphosphokinase/guanosine-3',5'-bis pyrophosphate 3'-pyrophosphohydrolase [Erwinia sp.]
spoT	WP_238712343	K662I	662	666	K	I	K	K	92.635	100.0	702	706	706	1359.0	MULTISPECIES: bifunctional GTP diphosphokinase/guanosine-3',5'-bis pyrophosphate 3'-pyrophosphohydrolase [Tenebrionibacter/Tenebrionicola group]
spoT	WP_151038610	K662I	662	667	K	I	K	K	92.362	100.0	702	707	707	1359.0	MULTISPECIES: bifunctional GTP diphosphokinase/guanosine-3',5'-bis pyrophosphate 3'-pyrophosphohydrolase [Erwiniaceae]
spoT	WP_013200084	K662I	662	667	K	I	K	K	92.362	100.0	702	707	707	1359.0	MULTISPECIES: bifunctional GTP diphosphokinase/guanosine-3',5'-bis pyrophosphate 3'-pyrophosphohydrolase [Erwiniaceae]
spoT	WP_416248832	K662I	662	667	K	I	K	K	92.645	100.0	702	707	707	1359.0	bifunctional GTP diphosphokinase/guanosine-3',5'-bis pyrophosphate 3'-pyrophosphohydrolase [Erwinia tasmaniensis]
spoT	WP_342754506	K662I	662	666	K	I	K	K	92.635	100.0	702	706	706	1358.0	bifunctional GTP diphosphokinase/guanosine-3',5'-bis pyrophosphate 3'-pyrophosphohydrolase [Pantoea sp. MBD-2R]
spoT	WP_147200396	K662I	662	666	K	I	K	K	92.635	100.0	702	706	706	1358.0	bifunctional GTP diphosphokinase/guanosine-3',5'-bis pyrophosphate 3'-pyrophosphohydrolase [Pantoea sp. CCBC3-3-1]
spoT	WP_346596263	K662I	662	667	K	I	K	K	92.221	100.0	702	707	707	1358.0	bifunctional GTP diphosphokinase/guanosine-3',5'-bis pyrophosphate 3'-pyrophosphohydrolase [Erwinia billingiae]
spoT	WP_405262458	K662I	662	662	K	I	K	K	92.45	100.0	702	702	702	1357.0	bifunctional GTP diphosphokinase/guanosine-3',5'-bis pyrophosphate 3'-pyrophosphohydrolase [Erwinia sp. AnSW2-5]
spoT	WP_129317639	K662I	662	648	K	I	K	K	93.901	100.0	702	688	688	1357.0	bifunctional GTP diphosphokinase/guanosine-3',5'-bis pyrophosphate 3'-pyrophosphohydrolase [Enterobacter cloacae]
spoT	WP_206404614	K662I	662	667	K	I	K	K	92.362	100.0	702	707	707	1356.0	bifunctional GTP diphosphokinase/guanosine-3',5'-bis pyrophosphate 3'-pyrophosphohydrolase [Erwinia billingiae]
spoT	WP_191935368	K662I	662	668	K	I	K	K	92.09	100.0	702	708	708	1355.0	bifunctional GTP diphosphokinase/guanosine-3',5'-bis pyrophosphate 3'-pyrophosphohydrolase [Erwinia persicina]
spoT	WP_062746978	K662I	662	668	K	I	K	K	92.09	100.0	702	708	708	1355.0	bifunctional GTP diphosphokinase/guanosine-3',5'-bis pyrophosphate 3'-pyrophosphohydrolase [Erwinia persicina]
spoT	WP_154754083	K662I	662	667	K	I	K	K	92.079	100.0	702	707	707	1355.0	bifunctional GTP diphosphokinase/guanosine-3',5'-bis pyrophosphate 3'-pyrophosphohydrolase [Erwinia sorbitola]
spoT	WP_346578518	K662I	662	667	K	I	K	K	92.079	100.0	702	707	707	1355.0	bifunctional GTP diphosphokinase/guanosine-3',5'-bis pyrophosphate 3'-pyrophosphohydrolase [Erwinia sp. Eh17-17]
spoT	WP_318376823	K662I	662	642	K	I	K	K	95.308	97.0	702	682	682	1354.0	bifunctional GTP diphosphokinase/guanosine-3',5'-bis pyrophosphate 3'-pyrophosphohydrolase, partial [Enterobacter sp.]
spoT	WP_012439821	K662I	662	667	K	I	K	K	91.938	100.0	702	707	707	1354.0	bifunctional GTP diphosphokinase/guanosine-3',5'-bis pyrophosphate 3'-pyrophosphohydrolase [Erwinia tasmaniensis]
spoT	WP_067709236	K662I	662	667	K	I	K	K	92.645	100.0	702	707	707	1354.0	MULTISPECIES: bifunctional GTP diphosphokinase/guanosine-3',5'-bis pyrophosphate 3'-pyrophosphohydrolase [unclassified Erwinia]
spoT	WP_023653276	K662I	662	667	K	I	K	K	91.938	100.0	702	707	707	1354.0	bifunctional GTP diphosphokinase/guanosine-3',5'-bis pyrophosphate 3'-pyrophosphohydrolase [Erwinia piriflorinigrans]
spoT	WP_061799632	K662I	662	663	K	I	K	K	93.04	100.0	702	703	703	1352.0	MULTISPECIES: bifunctional GTP diphosphokinase/guanosine-3',5'-bis pyrophosphate 3'-pyrophosphohydrolase [Serratia]
spoT	WP_004956765	K662I	662	661	K	I	K	K	93.02	100.0	702	701	701	1352.0	MULTISPECIES: bifunctional GTP diphosphokinase/guanosine-3',5'-bis pyrophosphate 3'-pyrophosphohydrolase [Serratia]
spoT	WP_367168442	K662I	662	664	K	I	K	K	92.33	100.0	702	704	704	1352.0	MULTISPECIES: bifunctional GTP diphosphokinase/guanosine-3',5'-bis pyrophosphate 3'-pyrophosphohydrolase [Erwinia]
spoT	WP_261642919	K662I	662	664	K	I	K	K	92.188	100.0	702	704	704	1351.0	bifunctional GTP diphosphokinase/guanosine-3',5'-bis pyrophosphate 3'-pyrophosphohydrolase [Erwinia mallotivora]
spoT	WP_099706667	K662I	662	663	K	I	K	K	91.465	100.0	702	703	703	1351.0	MULTISPECIES: bifunctional GTP diphosphokinase/guanosine-3',5'-bis pyrophosphate 3'-pyrophosphohydrolase [unclassified Erwinia]
spoT	WP_078004699	K662I	662	663	K	I	K	K	91.75	100.0	702	703	703	1351.0	bifunctional GTP diphosphokinase/guanosine-3',5'-bis pyrophosphate 3'-pyrophosphohydrolase [Izhakiella australiensis]
spoT	WP_075183319	K662I	662	664	K	I	K	K	92.472	100.0	702	704	704	1351.0	bifunctional GTP diphosphokinase/guanosine-3',5'-bis pyrophosphate 3'-pyrophosphohydrolase [Pantoea sp. 1.19]
spoT	WP_261114416	K662I	662	663	K	I	K	K	93.04	100.0	702	703	703	1351.0	bifunctional GTP diphosphokinase/guanosine-3',5'-bis pyrophosphate 3'-pyrophosphohydrolase [Serratia entomophila]
spoT	WP_099802935	K662I	662	663	K	I	K	K	93.04	100.0	702	703	703	1350.0	bifunctional GTP diphosphokinase/guanosine-3',5'-bis pyrophosphate 3'-pyrophosphohydrolase [Serratia sp. OLBL1]
spoT	WP_048326716	K662I	662	663	K	I	K	K	93.04	100.0	702	703	703	1350.0	MULTISPECIES: bifunctional GTP diphosphokinase/guanosine-3',5'-bis pyrophosphate 3'-pyrophosphohydrolase [Serratia]
spoT	WP_337055771	K662I	662	663	K	I	K	K	93.04	100.0	702	703	703	1350.0	bifunctional GTP diphosphokinase/guanosine-3',5'-bis pyrophosphate 3'-pyrophosphohydrolase [Serratia marcescens]
spoT	WP_197808110	K662I	662	663	K	I	K	K	93.04	100.0	702	703	703	1350.0	bifunctional GTP diphosphokinase/guanosine-3',5'-bis pyrophosphate 3'-pyrophosphohydrolase [Serratia nevei]
spoT	WP_015379445	K662I	662	663	K	I	K	K	93.04	100.0	702	703	703	1350.0	MULTISPECIES: bifunctional GTP diphosphokinase/guanosine-3',5'-bis pyrophosphate 3'-pyrophosphohydrolase [Serratia]
spoT	WP_019452189	K662I	662	663	K	I	K	K	93.04	100.0	702	703	703	1350.0	MULTISPECIES: bifunctional GTP diphosphokinase/guanosine-3',5'-bis pyrophosphate 3'-pyrophosphohydrolase [Serratia]
spoT	WP_152321647	K662I	662	666	K	I	K	K	92.21	100.0	702	706	706	1349.0	bifunctional GTP diphosphokinase/guanosine-3',5'-bis pyrophosphate 3'-pyrophosphohydrolase [Erwinia endophytica]
spoT	WP_148874298	K662I	662	663	K	I	K	K	93.04	100.0	702	703	703	1349.0	bifunctional GTP diphosphokinase/guanosine-3',5'-bis pyrophosphate 3'-pyrophosphohydrolase [Serratia marcescens]
spoT	WP_034940558	K662I	662	664	K	I	K	K	92.188	100.0	702	704	704	1349.0	bifunctional GTP diphosphokinase/guanosine-3',5'-bis pyrophosphate 3'-pyrophosphohydrolase [Erwinia mallotivora]
spoT	WP_234587120	K662I	662	663	K	I	K	K	92.898	100.0	702	703	703	1349.0	bifunctional GTP diphosphokinase/guanosine-3',5'-bis pyrophosphate 3'-pyrophosphohydrolase [Serratia entomophila]
spoT	WP_336948653	K662I	662	663	K	I	K	K	93.04	100.0	702	703	703	1349.0	bifunctional GTP diphosphokinase/guanosine-3',5'-bis pyrophosphate 3'-pyrophosphohydrolase [Serratia nevei]
spoT	WP_349961563	K662I	662	661	K	I	K	K	92.45	100.0	702	701	701	1349.0	bifunctional GTP diphosphokinase/guanosine-3',5'-bis pyrophosphate 3'-pyrophosphohydrolase [Yersinia alsatica]
spoT	WP_399673485	K662I	662	661	K	I	K	K	92.735	100.0	702	701	701	1349.0	MULTISPECIES: bifunctional GTP diphosphokinase/guanosine-3',5'-bis pyrophosphate 3'-pyrophosphohydrolase [unclassified Serratia (in: enterobacteria)]
spoT	WP_254734430	K662I	662	663	K	I	K	K	92.898	100.0	702	703	703	1349.0	bifunctional GTP diphosphokinase/guanosine-3',5'-bis pyrophosphate 3'-pyrophosphohydrolase [Serratia nematodiphila]
spoT	WP_265319084	K662I	662	660	K	I	K	K	92.308	100.0	702	700	700	1348.0	bifunctional GTP diphosphokinase/guanosine-3',5'-bis pyrophosphate 3'-pyrophosphohydrolase [Yersinia ruckeri]
spoT	WP_004931224	K662I	662	663	K	I	K	K	92.898	100.0	702	703	703	1348.0	MULTISPECIES: bifunctional GTP diphosphokinase/guanosine-3',5'-bis pyrophosphate 3'-pyrophosphohydrolase [Serratia]
spoT	WP_124234841	K662I	662	664	K	I	K	K	91.761	100.0	702	704	704	1348.0	bifunctional GTP diphosphokinase/guanosine-3',5'-bis pyrophosphate 3'-pyrophosphohydrolase [Erwinia psidii]
spoT	WP_347883186	K662I	662	663	K	I	K	K	92.898	100.0	702	703	703	1348.0	bifunctional GTP diphosphokinase/guanosine-3',5'-bis pyrophosphate 3'-pyrophosphohydrolase [Serratia ureilytica]
spoT	WP_130054974	K662I	662	663	K	I	K	K	92.898	100.0	702	703	703	1348.0	bifunctional GTP diphosphokinase/guanosine-3',5'-bis pyrophosphate 3'-pyrophosphohydrolase [Serratia marcescens]
spoT	WP_438807669	K662I	662	663	K	I	K	K	92.898	100.0	702	703	703	1348.0	bifunctional GTP diphosphokinase/guanosine-3',5'-bis pyrophosphate 3'-pyrophosphohydrolase [Serratia sp. (in: enterobacteria)]
spoT	WP_241169349	K662I	662	663	K	I	K	K	92.898	100.0	702	703	703	1348.0	bifunctional GTP diphosphokinase/guanosine-3',5'-bis pyrophosphate 3'-pyrophosphohydrolase [Serratia marcescens]
spoT	WP_072626437	K662I	662	663	K	I	K	K	92.898	100.0	702	703	703	1348.0	bifunctional GTP diphosphokinase/guanosine-3',5'-bis pyrophosphate 3'-pyrophosphohydrolase [Serratia marcescens]
spoT	WP_248578891	K662I	662	660	K	I	K	K	92.308	100.0	702	700	700	1348.0	bifunctional GTP diphosphokinase/guanosine-3',5'-bis pyrophosphate 3'-pyrophosphohydrolase [Yersinia ruckeri]
spoT	WP_133846463	K662I	662	667	K	I	K	K	91.655	100.0	702	707	707	1348.0	MULTISPECIES: bifunctional GTP diphosphokinase/guanosine-3',5'-bis pyrophosphate 3'-pyrophosphohydrolase [Enterobacterales]
spoT	WP_447260940	K662I	662	663	K	I	K	K	92.898	100.0	702	703	703	1348.0	bifunctional GTP diphosphokinase/guanosine-3',5'-bis pyrophosphate 3'-pyrophosphohydrolase [Serratia marcescens]
spoT	WP_459375773	K662I	662	663	K	I	K	K	92.898	100.0	702	703	703	1348.0	bifunctional GTP diphosphokinase/guanosine-3',5'-bis pyrophosphate 3'-pyrophosphohydrolase [Serratia sp. ser-z]
spoT	WP_004721257	K662I	662	660	K	I	K	K	92.308	100.0	702	700	700	1348.0	bifunctional GTP diphosphokinase/guanosine-3',5'-bis pyrophosphate 3'-pyrophosphohydrolase [Yersinia ruckeri]
spoT	WP_050920054	K662I	662	660	K	I	K	K	92.308	100.0	702	700	700	1348.0	bifunctional GTP diphosphokinase/guanosine-3',5'-bis pyrophosphate 3'-pyrophosphohydrolase [Yersinia enterocolitica]
spoT	WP_149560070	K662I	662	663	K	I	K	K	92.756	100.0	702	703	703	1347.0	bifunctional GTP diphosphokinase/guanosine-3',5'-bis pyrophosphate 3'-pyrophosphohydrolase [Serratia marcescens]
spoT	WP_248946886	K662I	662	663	K	I	K	K	92.614	100.0	702	703	703	1347.0	bifunctional GTP diphosphokinase/guanosine-3',5'-bis pyrophosphate 3'-pyrophosphohydrolase [Serratia silvae]
spoT	WP_421130946	K662I	662	663	K	I	K	K	92.898	100.0	702	703	703	1347.0	bifunctional GTP diphosphokinase/guanosine-3',5'-bis pyrophosphate 3'-pyrophosphohydrolase [Serratia marcescens]
spoT	WP_261232788	K662I	662	663	K	I	K	K	92.756	100.0	702	703	703	1347.0	bifunctional GTP diphosphokinase/guanosine-3',5'-bis pyrophosphate 3'-pyrophosphohydrolase [Serratia entomophila]
spoT	WP_261444628	K662I	662	663	K	I	K	K	92.756	100.0	702	703	703	1347.0	bifunctional GTP diphosphokinase/guanosine-3',5'-bis pyrophosphate 3'-pyrophosphohydrolase [Serratia entomophila]
spoT	WP_435968750	K662I	662	663	K	I	K	K	92.898	100.0	702	703	703	1347.0	bifunctional GTP diphosphokinase/guanosine-3',5'-bis pyrophosphate 3'-pyrophosphohydrolase [Serratia marcescens]
spoT	WP_213993506	K662I	662	660	K	I	K	K	92.472	100.0	702	700	700	1347.0	bifunctional GTP diphosphokinase/guanosine-3',5'-bis pyrophosphate 3'-pyrophosphohydrolase [Sodalis sp. dw_96]
spoT	WP_455820566	K662I	662	667	K	I	K	K	91.655	100.0	702	707	707	1347.0	bifunctional GTP diphosphokinase/guanosine-3',5'-bis pyrophosphate 3'-pyrophosphohydrolase [Pseudomonas cerasi]
spoT	WP_060461113	K662I	662	663	K	I	K	K	92.898	100.0	702	703	703	1347.0	MULTISPECIES: bifunctional GTP diphosphokinase/guanosine-3',5'-bis pyrophosphate 3'-pyrophosphohydrolase [Serratia]
spoT	WP_239044058	K662I	662	663	K	I	K	K	92.756	100.0	702	703	703	1346.0	bifunctional GTP diphosphokinase/guanosine-3',5'-bis pyrophosphate 3'-pyrophosphohydrolase [Serratia marcescens]
spoT	WP_261440428	K662I	662	663	K	I	K	K	92.756	100.0	702	703	703	1346.0	bifunctional GTP diphosphokinase/guanosine-3',5'-bis pyrophosphate 3'-pyrophosphohydrolase [Serratia entomophila]
spoT	WP_126206041	K662I	662	663	K	I	K	K	92.898	100.0	702	703	703	1346.0	bifunctional GTP diphosphokinase/guanosine-3',5'-bis pyrophosphate 3'-pyrophosphohydrolase [Serratia marcescens]
spoT	WP_197800513	K662I	662	663	K	I	K	K	92.898	100.0	702	703	703	1346.0	bifunctional GTP diphosphokinase/guanosine-3',5'-bis pyrophosphate 3'-pyrophosphohydrolase [Serratia ureilytica]
spoT	WP_188240463	K662I	662	663	K	I	K	K	92.756	100.0	702	703	703	1346.0	bifunctional GTP diphosphokinase/guanosine-3',5'-bis pyrophosphate 3'-pyrophosphohydrolase [Serratia marcescens]
spoT	WP_164113834	K662I	662	663	K	I	K	K	92.898	100.0	702	703	703	1346.0	bifunctional GTP diphosphokinase/guanosine-3',5'-bis pyrophosphate 3'-pyrophosphohydrolase [Serratia marcescens]
spoT	WP_092879106	K662I	662	663	K	I	K	K	91.323	100.0	702	703	703	1346.0	bifunctional GTP diphosphokinase/guanosine-3',5'-bis pyrophosphate 3'-pyrophosphohydrolase [Izhakiella capsodis]
spoT	WP_208061023	K662I	662	663	K	I	K	K	92.756	100.0	702	703	703	1346.0	bifunctional GTP diphosphokinase/guanosine-3',5'-bis pyrophosphate 3'-pyrophosphohydrolase [Serratia ureilytica]
spoT	WP_446186422	K662I	662	667	K	I	K	K	91.513	100.0	702	707	707	1346.0	bifunctional GTP diphosphokinase/guanosine-3',5'-bis pyrophosphate 3'-pyrophosphohydrolase [Erwinia sp. 1181_3]
spoT	WP_118892623	K662I	662	663	K	I	K	K	92.898	100.0	702	703	703	1346.0	bifunctional GTP diphosphokinase/guanosine-3',5'-bis pyrophosphate 3'-pyrophosphohydrolase [Serratia marcescens]
spoT	WP_440506023	K662I	662	663	K	I	K	K	92.756	100.0	702	703	703	1346.0	bifunctional GTP diphosphokinase/guanosine-3',5'-bis pyrophosphate 3'-pyrophosphohydrolase [Serratia nevei]
spoT	WP_442992341	K662I	662	663	K	I	K	K	92.756	100.0	702	703	703	1346.0	bifunctional GTP diphosphokinase/guanosine-3',5'-bis pyrophosphate 3'-pyrophosphohydrolase [Serratia bockelmannii]
spoT	WP_283225694	K662I	662	663	K	I	K	K	92.898	100.0	702	703	703	1346.0	bifunctional GTP diphosphokinase/guanosine-3',5'-bis pyrophosphate 3'-pyrophosphohydrolase [Serratia sp. PF-27]
spoT	WP_025121292	K662I	662	663	K	I	K	K	92.472	100.0	702	703	703	1346.0	MULTISPECIES: bifunctional GTP diphosphokinase/guanosine-3',5'-bis pyrophosphate 3'-pyrophosphohydrolase [Serratia]
spoT	WP_004710426	K662I	662	661	K	I	K	K	92.308	100.0	702	701	701	1346.0	MULTISPECIES: bifunctional GTP diphosphokinase/guanosine-3',5'-bis pyrophosphate 3'-pyrophosphohydrolase [Yersinia]
spoT	WP_005176016	K662I	662	660	K	I	K	K	92.593	100.0	702	700	700	1346.0	bifunctional GTP diphosphokinase/guanosine-3',5'-bis pyrophosphate 3'-pyrophosphohydrolase [Yersinia enterocolitica]
spoT	WP_033636482	K662I	662	663	K	I	K	K	92.898	100.0	702	703	703	1346.0	MULTISPECIES: bifunctional GTP diphosphokinase/guanosine-3',5'-bis pyrophosphate 3'-pyrophosphohydrolase [Serratia]
spoT	WP_050101115	K662I	662	662	K	I	K	K	91.738	100.0	702	702	702	1345.0	MULTISPECIES: bifunctional GTP diphosphokinase/guanosine-3',5'-bis pyrophosphate 3'-pyrophosphohydrolase [Yersinia]
spoT	WP_176980444	K662I	662	663	K	I	K	K	92.614	100.0	702	703	703	1345.0	bifunctional GTP diphosphokinase/guanosine-3',5'-bis pyrophosphate 3'-pyrophosphohydrolase [Serratia proteamaculans]
spoT	WP_200643475	K662I	662	667	K	I	K	K	91.513	100.0	702	707	707	1345.0	bifunctional GTP diphosphokinase/guanosine-3',5'-bis pyrophosphate 3'-pyrophosphohydrolase [Pantoea agglomerans]
spoT	WP_265320470	K662I	662	660	K	I	K	K	92.165	100.0	702	700	700	1345.0	bifunctional GTP diphosphokinase/guanosine-3',5'-bis pyrophosphate 3'-pyrophosphohydrolase [Yersinia ruckeri]
spoT	WP_431224452	K662I	662	664	K	I	K	K	92.482	100.0	702	704	704	1345.0	bifunctional GTP diphosphokinase/guanosine-3',5'-bis pyrophosphate 3'-pyrophosphohydrolase [Serratia sp. L9]
spoT	WP_129936334	K662I	662	663	K	I	K	K	92.614	100.0	702	703	703	1345.0	bifunctional GTP diphosphokinase/guanosine-3',5'-bis pyrophosphate 3'-pyrophosphohydrolase [Serratia proteamaculans]
spoT	WP_012666433	K662I	662	667	K	I	K	K	91.796	100.0	702	707	707	1345.0	bifunctional GTP diphosphokinase/guanosine-3',5'-bis pyrophosphate 3'-pyrophosphohydrolase [Erwinia pyrifoliae]
spoT	WP_414073135	K662I	662	663	K	I	K	K	92.614	100.0	702	703	703	1345.0	bifunctional GTP diphosphokinase/guanosine-3',5'-bis pyrophosphate 3'-pyrophosphohydrolase [Serratia proteamaculans]
spoT	WP_050132107	K662I	662	661	K	I	K	K	92.308	100.0	702	701	701	1345.0	bifunctional GTP diphosphokinase/guanosine-3',5'-bis pyrophosphate 3'-pyrophosphohydrolase [Yersinia frederiksenii]
spoT	WP_048914209	K662I	662	669	K	I	K	K	91.114	100.0	702	709	709	1345.0	MULTISPECIES: bifunctional GTP diphosphokinase/guanosine-3',5'-bis pyrophosphate 3'-pyrophosphohydrolase [Erwinia]
spoT	WP_162367443	K662I	662	665	K	I	K	K	92.057	100.0	702	705	705	1345.0	bifunctional GTP diphosphokinase/guanosine-3',5'-bis pyrophosphate 3'-pyrophosphohydrolase [Acerihabitans arboris]
spoT	WP_050300688	K662I	662	661	K	I	K	K	92.165	100.0	702	701	701	1345.0	bifunctional GTP diphosphokinase/guanosine-3',5'-bis pyrophosphate 3'-pyrophosphohydrolase [Yersinia frederiksenii]
spoT	WP_049602823	K662I	662	660	K	I	K	K	92.45	100.0	702	700	700	1345.0	MULTISPECIES: bifunctional GTP diphosphokinase/guanosine-3',5'-bis pyrophosphate 3'-pyrophosphohydrolase [Yersinia]
spoT	WP_227728677	K662I	662	660	K	I	K	K	92.45	100.0	702	700	700	1344.0	bifunctional GTP diphosphokinase/guanosine-3',5'-bis pyrophosphate 3'-pyrophosphohydrolase [Yersinia proxima]
spoT	WP_019213087	K662I	662	660	K	I	K	K	92.165	100.0	702	700	700	1344.0	MULTISPECIES: bifunctional GTP diphosphokinase/guanosine-3',5'-bis pyrophosphate 3'-pyrophosphohydrolase [Yersinia]
spoT	WP_408572937	K662I	662	660	K	I	K	K	92.45	100.0	702	700	700	1344.0	bifunctional GTP diphosphokinase/guanosine-3',5'-bis pyrophosphate 3'-pyrophosphohydrolase [Yersinia enterocolitica]
spoT	WP_413727436	K662I	662	665	K	I	K	K	91.631	100.0	702	705	705	1344.0	bifunctional GTP diphosphokinase/guanosine-3',5'-bis pyrophosphate 3'-pyrophosphohydrolase [Sodalis sp. RH19]
spoT	WP_413736458	K662I	662	666	K	I	K	K	91.938	100.0	702	706	706	1344.0	MULTISPECIES: bifunctional GTP diphosphokinase/guanosine-3',5'-bis pyrophosphate 3'-pyrophosphohydrolase [unclassified Sodalis (in: enterobacteria)]
spoT	WP_114194841	K662I	662	661	K	I	K	K	92.176	100.0	702	701	701	1344.0	bifunctional GTP diphosphokinase/guanosine-3',5'-bis pyrophosphate 3'-pyrophosphohydrolase [Edaphovirga cremea]
spoT	WP_074013290	K662I	662	661	K	I	K	K	92.023	100.0	702	701	701	1344.0	bifunctional GTP diphosphokinase/guanosine-3',5'-bis pyrophosphate 3'-pyrophosphohydrolase [Candidatus Sodalis sp. SoCistrobi]
spoT	WP_005165887	K662I	662	660	K	I	K	K	92.45	100.0	702	700	700	1344.0	MULTISPECIES: bifunctional GTP diphosphokinase/guanosine-3',5'-bis pyrophosphate 3'-pyrophosphohydrolase [Yersinia]
spoT	WP_455814894	K662I	662	667	K	I	K	K	91.796	100.0	702	707	707	1344.0	bifunctional GTP diphosphokinase/guanosine-3',5'-bis pyrophosphate 3'-pyrophosphohydrolase [Pseudomonas graminis]
spoT	WP_230492782	K662I	662	660	K	I	K	K	92.057	100.0	702	713	700	1344.0	bifunctional GTP diphosphokinase/guanosine-3',5'-bis pyrophosphate 3'-pyrophosphohydrolase [Martelella alba]
spoT	WP_099754588	K662I	662	671	K	I	K	K	90.858	100.0	702	711	711	1344.0	bifunctional GTP diphosphokinase/guanosine-3',5'-bis pyrophosphate 3'-pyrophosphohydrolase [Erwinia aphidicola]
spoT	WP_209640156	K662I	662	663	K	I	K	K	92.472	100.0	702	703	703	1343.0	MULTISPECIES: bifunctional GTP diphosphokinase/guanosine-3',5'-bis pyrophosphate 3'-pyrophosphohydrolase [Serratia]
spoT	WP_263699009	K662I	662	660	K	I	K	K	92.45	100.0	702	700	700	1343.0	bifunctional GTP diphosphokinase/guanosine-3',5'-bis pyrophosphate 3'-pyrophosphohydrolase [Yersinia enterocolitica]
spoT	WP_049608753	K662I	662	660	K	I	K	K	92.165	100.0	702	700	700	1343.0	MULTISPECIES: bifunctional GTP diphosphokinase/guanosine-3',5'-bis pyrophosphate 3'-pyrophosphohydrolase [Yersinia]
spoT	WP_024913521	K662I	662	662	K	I	K	K	92.461	100.0	702	702	702	1343.0	bifunctional GTP diphosphokinase/guanosine-3',5'-bis pyrophosphate 3'-pyrophosphohydrolase [Chania multitudinisentens]
spoT	WP_050141055	K662I	662	662	K	I	K	K	91.595	100.0	702	702	702	1343.0	bifunctional GTP diphosphokinase/guanosine-3',5'-bis pyrophosphate 3'-pyrophosphohydrolase [Yersinia vastinensis]
spoT	WP_301213422	K662I	662	660	K	I	K	K	92.45	100.0	702	700	700	1343.0	bifunctional GTP diphosphokinase/guanosine-3',5'-bis pyrophosphate 3'-pyrophosphohydrolase [Yersinia sp. 22-579]
spoT	WP_048618703	K662I	662	660	K	I	K	K	92.45	100.0	702	700	700	1343.0	bifunctional GTP diphosphokinase/guanosine-3',5'-bis pyrophosphate 3'-pyrophosphohydrolase [Yersinia aleksiciae]
spoT	WP_458853993	K662I	662	660	K	I	K	K	92.45	100.0	702	700	700	1343.0	bifunctional GTP diphosphokinase/guanosine-3',5'-bis pyrophosphate 3'-pyrophosphohydrolase [Yersinia enterocolitica]
spoT	WP_087818719	K662I	662	661	K	I	K	K	92.165	100.0	702	701	701	1343.0	bifunctional GTP diphosphokinase/guanosine-3',5'-bis pyrophosphate 3'-pyrophosphohydrolase [Yersinia alsatica]
spoT	WP_095846552	K662I	662	661	K	I	K	K	92.308	100.0	702	701	701	1343.0	bifunctional GTP diphosphokinase/guanosine-3',5'-bis pyrophosphate 3'-pyrophosphohydrolase [Gibbsiella quercinecans]
spoT	WP_085903077	K662I	662	660	K	I	K	K	92.308	100.0	702	700	700	1343.0	bifunctional GTP diphosphokinase/guanosine-3',5'-bis pyrophosphate 3'-pyrophosphohydrolase [Yersinia enterocolitica]
spoT	WP_336203581	K662I	662	671	K	I	K	K	90.858	100.0	702	711	711	1343.0	bifunctional GTP diphosphokinase/guanosine-3',5'-bis pyrophosphate 3'-pyrophosphohydrolase [Erwinia aphidicola]
spoT	WP_005191125	K662I	662	660	K	I	K	K	92.45	100.0	702	700	700	1343.0	MULTISPECIES: bifunctional GTP diphosphokinase/guanosine-3',5'-bis pyrophosphate 3'-pyrophosphohydrolase [Yersinia]
spoT	WP_230050184	K662I	662	673	K	I	K	K	90.603	100.0	702	713	713	1343.0	bifunctional GTP diphosphokinase/guanosine-3',5'-bis pyrophosphate 3'-pyrophosphohydrolase [Erwinia aphidicola]
spoT	WP_219017263	K662I	662	663	K	I	K	K	92.614	100.0	702	703	703	1343.0	bifunctional GTP diphosphokinase/guanosine-3',5'-bis pyrophosphate 3'-pyrophosphohydrolase [Serratia proteamaculans]
spoT	WP_279024645	K662I	662	661	K	I	K	K	92.308	100.0	702	701	701	1343.0	MULTISPECIES: bifunctional GTP diphosphokinase/guanosine-3',5'-bis pyrophosphate 3'-pyrophosphohydrolase [Gibbsiella]
spoT	WP_004875503	K662I	662	660	K	I	K	K	92.45	100.0	702	700	700	1343.0	bifunctional GTP diphosphokinase/guanosine-3',5'-bis pyrophosphate 3'-pyrophosphohydrolase [Yersinia mollaretii]
spoT	WP_219643709	K662I	662	660	K	I	K	K	92.45	100.0	702	700	700	1343.0	bifunctional GTP diphosphokinase/guanosine-3',5'-bis pyrophosphate 3'-pyrophosphohydrolase [Yersinia enterocolitica]
spoT	WP_050928772	K662I	662	660	K	I	K	K	92.45	100.0	702	700	700	1343.0	bifunctional GTP diphosphokinase/guanosine-3',5'-bis pyrophosphate 3'-pyrophosphohydrolase [Yersinia enterocolitica]
spoT	WP_037421765	K662I	662	663	K	I	K	K	92.472	100.0	702	703	703	1343.0	bifunctional GTP diphosphokinase/guanosine-3',5'-bis pyrophosphate 3'-pyrophosphohydrolase [Serratia grimesii]
spoT	WP_004704192	K662I	662	660	K	I	K	K	92.023	100.0	702	700	700	1343.0	bifunctional GTP diphosphokinase/guanosine-3',5'-bis pyrophosphate 3'-pyrophosphohydrolase [Yersinia aldovae]
spoT	WP_261260289	K662I	662	663	K	I	K	K	92.472	100.0	702	703	703	1343.0	bifunctional GTP diphosphokinase/guanosine-3',5'-bis pyrophosphate 3'-pyrophosphohydrolase [Serratia proteamaculans]
spoT	WP_268215301	K662I	662	660	K	I	K	K	92.45	100.0	702	700	700	1343.0	bifunctional GTP diphosphokinase/guanosine-3',5'-bis pyrophosphate 3'-pyrophosphohydrolase [Yersinia enterocolitica]
spoT	WP_410012808	K662I	662	665	K	I	K	K	91.631	100.0	702	705	705	1343.0	MULTISPECIES: bifunctional GTP diphosphokinase/guanosine-3',5'-bis pyrophosphate 3'-pyrophosphohydrolase [unclassified Sodalis (in: enterobacteria)]
spoT	WP_006320163	K662I	662	663	K	I	K	K	92.472	100.0	702	703	703	1342.0	MULTISPECIES: bifunctional GTP diphosphokinase/guanosine-3',5'-bis pyrophosphate 3'-pyrophosphohydrolase [Serratia]
spoT	WP_135318548	K662I	662	663	K	I	K	K	92.33	100.0	702	703	703	1342.0	bifunctional GTP diphosphokinase/guanosine-3',5'-bis pyrophosphate 3'-pyrophosphohydrolase [Serratia proteamaculans]
spoT	WP_337263291	K662I	662	664	K	I	K	K	92.34	100.0	702	704	704	1342.0	MULTISPECIES: bifunctional GTP diphosphokinase/guanosine-3',5'-bis pyrophosphate 3'-pyrophosphohydrolase [unclassified Serratia (in: enterobacteria)]
spoT	WP_005273753	K662I	662	660	K	I	K	K	92.308	100.0	702	700	700	1342.0	MULTISPECIES: bifunctional GTP diphosphokinase/guanosine-3',5'-bis pyrophosphate 3'-pyrophosphohydrolase [Yersinia]
spoT	WP_338492532	K662I	662	669	K	I	K	K	90.973	100.0	702	709	709	1342.0	bifunctional GTP diphosphokinase/guanosine-3',5'-bis pyrophosphate 3'-pyrophosphohydrolase [Erwinia aphidicola]
spoT	WP_012147537	K662I	662	663	K	I	K	K	92.33	100.0	702	703	703	1342.0	MULTISPECIES: bifunctional GTP diphosphokinase/guanosine-3',5'-bis pyrophosphate 3'-pyrophosphohydrolase [Serratia]
spoT	WP_025382013	K662I	662	662	K	I	K	K	91.453	100.0	702	702	702	1342.0	bifunctional GTP diphosphokinase/guanosine-3',5'-bis pyrophosphate 3'-pyrophosphohydrolase [Yersinia similis]
spoT	WP_459400607	K662I	662	664	K	I	K	K	92.199	100.0	702	704	704	1342.0	bifunctional GTP diphosphokinase/guanosine-3',5'-bis pyrophosphate 3'-pyrophosphohydrolase [Serratia sp. D1N4]
spoT	WP_025424140	K662I	662	661	K	I	K	K	92.023	100.0	702	701	701	1342.0	MULTISPECIES: bifunctional GTP diphosphokinase/guanosine-3',5'-bis pyrophosphate 3'-pyrophosphohydrolase [Sodalis]
spoT	WP_411853135	K662I	662	660	K	I	K	K	92.308	100.0	702	700	700	1342.0	bifunctional GTP diphosphokinase/guanosine-3',5'-bis pyrophosphate 3'-pyrophosphohydrolase [Yersinia enterocolitica]
spoT	WP_115159579	K662I	662	664	K	I	K	K	92.34	100.0	702	704	704	1342.0	bifunctional GTP diphosphokinase/guanosine-3',5'-bis pyrophosphate 3'-pyrophosphohydrolase [Serratia fonticola]
spoT	WP_145931553	K662I	662	660	K	I	K	K	92.308	100.0	702	700	700	1342.0	bifunctional GTP diphosphokinase/guanosine-3',5'-bis pyrophosphate 3'-pyrophosphohydrolase [Yersinia bercovieri]
spoT	WP_049562893	K662I	662	660	K	I	K	K	92.165	100.0	702	700	700	1342.0	bifunctional GTP diphosphokinase/guanosine-3',5'-bis pyrophosphate 3'-pyrophosphohydrolase [Yersinia kristensenii]
spoT	WP_166733695	K662I	662	664	K	I	K	K	92.34	100.0	702	704	704	1342.0	bifunctional GTP diphosphokinase/guanosine-3',5'-bis pyrophosphate 3'-pyrophosphohydrolase [Serratia fonticola]
spoT	WP_129195299	K662I	662	660	K	I	K	K	92.308	100.0	702	700	700	1342.0	MULTISPECIES: bifunctional GTP diphosphokinase/guanosine-3',5'-bis pyrophosphate 3'-pyrophosphohydrolase [Yersinia]
spoT	WP_271311798	K662I	662	660	K	I	K	K	92.308	100.0	702	700	700	1342.0	bifunctional GTP diphosphokinase/guanosine-3',5'-bis pyrophosphate 3'-pyrophosphohydrolase [Yersinia intermedia]
spoT	WP_439308461	K662I	662	660	K	I	K	K	92.308	100.0	702	700	700	1342.0	bifunctional GTP diphosphokinase/guanosine-3',5'-bis pyrophosphate 3'-pyrophosphohydrolase [Yersinia enterocolitica]
spoT	WP_331121755	K662I	662	665	K	I	K	K	91.773	100.0	702	705	705	1342.0	bifunctional GTP diphosphokinase/guanosine-3',5'-bis pyrophosphate 3'-pyrophosphohydrolase [Acerihabitans sp.]
spoT	WP_002209002	K662I	662	662	K	I	K	K	91.453	100.0	702	702	702	1342.0	MULTISPECIES: bifunctional GTP diphosphokinase/guanosine-3',5'-bis pyrophosphate 3'-pyrophosphohydrolase [Yersinia pseudotuberculosis complex]
spoT	WP_241440274	K662I	662	663	K	I	K	K	92.614	100.0	702	703	703	1342.0	bifunctional GTP diphosphokinase/guanosine-3',5'-bis pyrophosphate 3'-pyrophosphohydrolase [Serratia ureilytica]
spoT	WP_336804061	K662I	662	673	K	I	K	K	90.463	100.0	702	713	713	1342.0	bifunctional GTP diphosphokinase/guanosine-3',5'-bis pyrophosphate 3'-pyrophosphohydrolase [Erwinia aphidicola]
spoT	WP_075338994	K662I	662	660	K	I	K	K	92.308	100.0	702	700	700	1342.0	MULTISPECIES: bifunctional GTP diphosphokinase/guanosine-3',5'-bis pyrophosphate 3'-pyrophosphohydrolase [Yersinia]
spoT	WP_085120071	K662I	662	663	K	I	K	K	92.472	100.0	702	703	703	1342.0	MULTISPECIES: bifunctional GTP diphosphokinase/guanosine-3',5'-bis pyrophosphate 3'-pyrophosphohydrolase [Serratia]
spoT	WP_050944283	K662I	662	660	K	I	K	K	92.308	100.0	702	700	700	1342.0	bifunctional GTP diphosphokinase/guanosine-3',5'-bis pyrophosphate 3'-pyrophosphohydrolase [Yersinia enterocolitica]
spoT	WP_145493760	K662I	662	660	K	I	K	K	92.165	100.0	702	700	700	1342.0	bifunctional GTP diphosphokinase/guanosine-3',5'-bis pyrophosphate 3'-pyrophosphohydrolase [Yersinia aleksiciae]
spoT	WP_004154765	K662I	662	667	K	I	K	K	91.655	100.0	702	707	707	1341.0	bifunctional GTP diphosphokinase/guanosine-3',5'-bis pyrophosphate 3'-pyrophosphohydrolase [Erwinia amylovora]
spoT	WP_442233503	K662I	662	663	K	I	K	K	92.33	100.0	702	703	703	1341.0	bifunctional GTP diphosphokinase/guanosine-3',5'-bis pyrophosphate 3'-pyrophosphohydrolase [Serratia quinivorans]
spoT	WP_153858506	K662I	662	663	K	I	K	K	92.188	100.0	702	703	703	1341.0	MULTISPECIES: bifunctional GTP diphosphokinase/guanosine-3',5'-bis pyrophosphate 3'-pyrophosphohydrolase [Serratia]
spoT	WP_413481661	K662I	662	663	K	I	K	K	92.472	100.0	702	703	703	1341.0	bifunctional GTP diphosphokinase/guanosine-3',5'-bis pyrophosphate 3'-pyrophosphohydrolase [Serratia proteamaculans]
spoT	WP_020837653	K662I	662	663	K	I	K	K	92.472	100.0	702	703	703	1341.0	MULTISPECIES: bifunctional GTP diphosphokinase/guanosine-3',5'-bis pyrophosphate 3'-pyrophosphohydrolase [Serratia]
spoT	WP_473244466	K662I	662	660	K	I	K	K	92.023	100.0	702	700	700	1341.0	N/A
spoT	WP_024482946	K662I	662	664	K	I	K	K	92.34	100.0	702	704	704	1341.0	MULTISPECIES: bifunctional GTP diphosphokinase/guanosine-3',5'-bis pyrophosphate 3'-pyrophosphohydrolase [Serratia]
spoT	WP_004167779	K662I	662	667	K	I	K	K	91.655	100.0	702	707	707	1341.0	bifunctional GTP diphosphokinase/guanosine-3',5'-bis pyrophosphate 3'-pyrophosphohydrolase [Erwinia amylovora]
spoT	WP_338511462	K662I	662	669	K	I	K	K	90.832	100.0	702	709	709	1341.0	bifunctional GTP diphosphokinase/guanosine-3',5'-bis pyrophosphate 3'-pyrophosphohydrolase [Erwinia aphidicola]
spoT	WP_484384348	K662I	662	664	K	I	K	K	92.199	100.0	702	704	704	1341.0	N/A
spoT	WP_037400330	K662I	662	664	K	I	K	K	92.199	100.0	702	704	704	1341.0	MULTISPECIES: bifunctional GTP diphosphokinase/guanosine-3',5'-bis pyrophosphate 3'-pyrophosphohydrolase [unclassified Serratia (in: enterobacteria)]
spoT	WP_318431789	K662I	662	663	K	I	K	K	92.188	100.0	702	703	703	1341.0	bifunctional GTP diphosphokinase/guanosine-3',5'-bis pyrophosphate 3'-pyrophosphohydrolase [Serratia proteamaculans]
spoT	WP_215669139	K662I	662	661	K	I	K	K	92.023	100.0	702	701	701	1340.0	bifunctional GTP diphosphokinase/guanosine-3',5'-bis pyrophosphate 3'-pyrophosphohydrolase [Candidatus Sodalis endolongispinus]
spoT	WP_415211423	K662I	662	661	K	I	K	K	91.738	100.0	702	701	701	1340.0	bifunctional GTP diphosphokinase/guanosine-3',5'-bis pyrophosphate 3'-pyrophosphohydrolase [Sodalis sp. (in: enterobacteria)]
spoT	WP_132924176	K662I	662	660	K	I	K	K	92.33	100.0	702	700	700	1340.0	MULTISPECIES: bifunctional GTP diphosphokinase/guanosine-3',5'-bis pyrophosphate 3'-pyrophosphohydrolase [Sodalis]
spoT	WP_338383288	K662I	662	662	K	I	K	K	91.311	100.0	702	702	702	1340.0	bifunctional GTP diphosphokinase/guanosine-3',5'-bis pyrophosphate 3'-pyrophosphohydrolase [Yersinia pseudotuberculosis]
spoT	WP_168394992	K662I	662	667	K	I	K	K	91.655	100.0	702	707	707	1340.0	bifunctional GTP diphosphokinase/guanosine-3',5'-bis pyrophosphate 3'-pyrophosphohydrolase [Erwinia amylovora]
spoT	WP_004714366	K662I	662	660	K	I	K	K	91.88	100.0	702	700	700	1340.0	bifunctional GTP diphosphokinase/guanosine-3',5'-bis pyrophosphate 3'-pyrophosphohydrolase [Yersinia rohdei]
spoT	WP_038400694	K662I	662	662	K	I	K	K	91.453	100.0	702	702	702	1340.0	bifunctional GTP diphosphokinase/guanosine-3',5'-bis pyrophosphate 3'-pyrophosphohydrolase [Yersinia pseudotuberculosis]
spoT	WP_004392060	K662I	662	660	K	I	K	K	92.165	100.0	702	700	700	1340.0	bifunctional GTP diphosphokinase/guanosine-3',5'-bis pyrophosphate 3'-pyrophosphohydrolase [Yersinia kristensenii]
spoT	WP_083161661	K662I	662	660	K	I	K	K	92.165	100.0	702	700	700	1340.0	MULTISPECIES: bifunctional GTP diphosphokinase/guanosine-3',5'-bis pyrophosphate 3'-pyrophosphohydrolase [unclassified Yersinia (in: enterobacteria)]
spoT	WP_016191358	K662I	662	664	K	I	K	K	90.909	100.0	702	704	704	1340.0	bifunctional GTP diphosphokinase/guanosine-3',5'-bis pyrophosphate 3'-pyrophosphohydrolase [Erwinia tracheiphila]
spoT	WP_076943931	K662I	662	664	K	I	K	K	92.199	100.0	702	704	704	1340.0	bifunctional GTP diphosphokinase/guanosine-3',5'-bis pyrophosphate 3'-pyrophosphohydrolase [Serratia oryzae]
spoT	WP_038834436	K662I	662	662	K	I	K	K	91.311	100.0	702	702	702	1340.0	bifunctional GTP diphosphokinase/guanosine-3',5'-bis pyrophosphate 3'-pyrophosphohydrolase [Yersinia pseudotuberculosis]
spoT	WP_140599698	K662I	662	666	K	I	K	K	96.125	95.0	702	671	671	1340.0	bifunctional GTP diphosphokinase/guanosine-3',5'-bis pyrophosphate 3'-pyrophosphohydrolase, partial [Klebsiella quasipneumoniae]
spoT	WP_049614920	K662I	662	660	K	I	K	K	92.023	100.0	702	700	700	1340.0	bifunctional GTP diphosphokinase/guanosine-3',5'-bis pyrophosphate 3'-pyrophosphohydrolase [Yersinia pekkanenii]
spoT	WP_345994250	K662I	662	661	K	I	K	K	91.88	100.0	702	701	701	1340.0	bifunctional GTP diphosphokinase/guanosine-3',5'-bis pyrophosphate 3'-pyrophosphohydrolase [Sodalis praecaptivus subsp. spalangiae]
spoT	WP_099289521	K662I	662	667	K	I	K	K	91.513	100.0	702	707	707	1340.0	bifunctional GTP diphosphokinase/guanosine-3',5'-bis pyrophosphate 3'-pyrophosphohydrolase [Erwinia amylovora]
spoT	WP_368463553	K662I	662	664	K	I	K	K	92.199	100.0	702	704	704	1340.0	bifunctional GTP diphosphokinase/guanosine-3',5'-bis pyrophosphate 3'-pyrophosphohydrolase [Serratia fonticola]
spoT	WP_438809723	K662I	662	661	K	I	K	K	91.88	100.0	702	701	701	1339.0	bifunctional GTP diphosphokinase/guanosine-3',5'-bis pyrophosphate 3'-pyrophosphohydrolase [Sodalis sp. (in: enterobacteria)]
spoT	WP_050096259	K662I	662	660	K	I	K	K	92.165	100.0	702	700	700	1339.0	bifunctional GTP diphosphokinase/guanosine-3',5'-bis pyrophosphate 3'-pyrophosphohydrolase [Yersinia kristensenii]
spoT	WP_120509389	K662I	662	662	K	I	K	K	91.761	100.0	702	702	702	1339.0	MULTISPECIES: bifunctional GTP diphosphokinase/guanosine-3',5'-bis pyrophosphate 3'-pyrophosphohydrolase [Rahnella]
spoT	WP_050114839	K662I	662	660	K	I	K	K	92.165	100.0	702	700	700	1339.0	bifunctional GTP diphosphokinase/guanosine-3',5'-bis pyrophosphate 3'-pyrophosphohydrolase [Yersinia thracica]
spoT	WP_416119446	K662I	662	662	K	I	K	K	91.761	100.0	702	702	702	1339.0	bifunctional GTP diphosphokinase/guanosine-3',5'-bis pyrophosphate 3'-pyrophosphohydrolase [Rahnella sp. PCH160]
spoT	WP_406703827	K662I	662	661	K	I	K	K	91.595	100.0	702	701	701	1339.0	bifunctional GTP diphosphokinase/guanosine-3',5'-bis pyrophosphate 3'-pyrophosphohydrolase [Sodalis sp. (in: enterobacteria)]
spoT	WP_038637855	K662I	662	660	K	I	K	K	92.165	100.0	702	700	700	1339.0	MULTISPECIES: bifunctional GTP diphosphokinase/guanosine-3',5'-bis pyrophosphate 3'-pyrophosphohydrolase [Yersinia]
spoT	WP_016603963	K662I	662	662	K	I	K	K	91.311	100.0	702	702	702	1339.0	bifunctional GTP diphosphokinase/guanosine-3',5'-bis pyrophosphate 3'-pyrophosphohydrolase [Yersinia pestis]
spoT	WP_011412034	K662I	662	662	K	I	K	K	91.453	100.0	702	702	702	1339.0	bifunctional GTP diphosphokinase/guanosine-3',5'-bis pyrophosphate 3'-pyrophosphohydrolase [Sodalis glossinidius]
spoT	WP_269936066	K662I	662	663	K	I	K	K	92.33	100.0	702	703	703	1339.0	bifunctional GTP diphosphokinase/guanosine-3',5'-bis pyrophosphate 3'-pyrophosphohydrolase [Serratia liquefaciens]
spoT	WP_120133071	K662I	662	662	K	I	K	K	91.761	100.0	702	702	702	1339.0	bifunctional GTP diphosphokinase/guanosine-3',5'-bis pyrophosphate 3'-pyrophosphohydrolase [Rahnella woolbedingensis]
spoT	WP_004163726	K662I	662	667	K	I	K	K	91.513	100.0	702	707	707	1338.0	bifunctional GTP diphosphokinase/guanosine-3',5'-bis pyrophosphate 3'-pyrophosphohydrolase [Erwinia amylovora]
spoT	WP_473189305	K662I	662	664	K	I	K	K	92.057	100.0	702	704	704	1338.0	N/A
spoT	WP_380679884	K662I	662	662	K	I	K	K	91.75	100.0	702	702	702	1338.0	bifunctional GTP diphosphokinase/guanosine-3',5'-bis pyrophosphate 3'-pyrophosphohydrolase [Serratia aquatilis]
spoT	WP_261170404	K662I	662	664	K	I	K	K	92.199	100.0	702	704	704	1338.0	bifunctional GTP diphosphokinase/guanosine-3',5'-bis pyrophosphate 3'-pyrophosphohydrolase [Serratia fonticola]
spoT	WP_050153035	K662I	662	660	K	I	K	K	92.165	100.0	702	700	700	1338.0	bifunctional GTP diphosphokinase/guanosine-3',5'-bis pyrophosphate 3'-pyrophosphohydrolase [Yersinia enterocolitica]
spoT	WP_057534076	K662I	662	662	K	I	K	K	91.311	100.0	702	702	702	1338.0	bifunctional GTP diphosphokinase/guanosine-3',5'-bis pyrophosphate 3'-pyrophosphohydrolase [Yersinia pseudotuberculosis]
spoT	WP_267248905	K662I	662	660	K	I	K	K	92.023	100.0	702	700	700	1338.0	bifunctional GTP diphosphokinase/guanosine-3',5'-bis pyrophosphate 3'-pyrophosphohydrolase [Yersinia sp. Marseille-Q5920]
spoT	WP_104923928	K662I	662	662	K	I	K	K	91.619	100.0	702	702	702	1338.0	bifunctional GTP diphosphokinase/guanosine-3',5'-bis pyrophosphate 3'-pyrophosphohydrolase [Rahnella sikkimica]
spoT	WP_016595046	K662I	662	662	K	I	K	K	91.311	100.0	702	702	702	1338.0	bifunctional GTP diphosphokinase/guanosine-3',5'-bis pyrophosphate 3'-pyrophosphohydrolase [Yersinia pestis]
spoT	WP_074729012	K662I	662	659	K	I	K	K	91.477	100.0	702	699	699	1337.0	bifunctional GTP diphosphokinase/guanosine-3',5'-bis pyrophosphate 3'-pyrophosphohydrolase [Lonsdalea quercina]
spoT	WP_323479616	K662I	662	662	K	I	K	K	91.595	100.0	702	702	702	1337.0	bifunctional GTP diphosphokinase/guanosine-3',5'-bis pyrophosphate 3'-pyrophosphohydrolase [Acerihabitans sp. TG2]
spoT	WP_223536715	K662I	662	664	K	I	K	K	92.199	100.0	702	704	704	1337.0	bifunctional GTP diphosphokinase/guanosine-3',5'-bis pyrophosphate 3'-pyrophosphohydrolase [Serratia sp. JSRIV004]
spoT	WP_095924090	K662I	662	662	K	I	K	K	91.619	100.0	702	702	702	1337.0	MULTISPECIES: bifunctional GTP diphosphokinase/guanosine-3',5'-bis pyrophosphate 3'-pyrophosphohydrolase [Rahnella]
spoT	WP_120010979	K662I	662	660	K	I	K	K	92.023	100.0	702	700	700	1337.0	bifunctional GTP diphosphokinase/guanosine-3',5'-bis pyrophosphate 3'-pyrophosphohydrolase [Yersinia rochesterensis]
spoT	WP_112289300	K662I	662	662	K	I	K	K	91.477	100.0	702	702	702	1337.0	MULTISPECIES: bifunctional GTP diphosphokinase/guanosine-3',5'-bis pyrophosphate 3'-pyrophosphohydrolase [Rahnella]
spoT	WP_056777553	K662I	662	662	K	I	K	K	91.477	100.0	702	702	702	1337.0	MULTISPECIES: bifunctional GTP diphosphokinase/guanosine-3',5'-bis pyrophosphate 3'-pyrophosphohydrolase [Rahnella]
spoT	WP_025380038	K662I	662	660	K	I	K	K	91.88	100.0	702	700	700	1336.0	bifunctional GTP diphosphokinase/guanosine-3',5'-bis pyrophosphate 3'-pyrophosphohydrolase [Yersinia hibernica]
spoT	WP_410440850	K662I	662	659	K	I	K	K	91.335	100.0	702	699	699	1336.0	bifunctional GTP diphosphokinase/guanosine-3',5'-bis pyrophosphate 3'-pyrophosphohydrolase [Lonsdalea quercina]
spoT	WP_140474811	K662I	662	661	K	I	K	K	91.465	100.0	702	701	701	1336.0	bifunctional GTP diphosphokinase/guanosine-3',5'-bis pyrophosphate 3'-pyrophosphohydrolase [Ewingella americana]
spoT	WP_015699239	K662I	662	662	K	I	K	K	91.477	100.0	702	702	702	1336.0	bifunctional GTP diphosphokinase/guanosine-3',5'-bis pyrophosphate 3'-pyrophosphohydrolase [Rahnella aquatilis]
spoT	WP_410151192	K662I	662	662	K	I	K	K	91.477	100.0	702	702	702	1336.0	bifunctional GTP diphosphokinase/guanosine-3',5'-bis pyrophosphate 3'-pyrophosphohydrolase [Rahnella selenatireducens]
spoT	WP_218523118	K662I	662	662	K	I	K	K	91.477	100.0	702	702	702	1336.0	bifunctional GTP diphosphokinase/guanosine-3',5'-bis pyrophosphate 3'-pyrophosphohydrolase [Rahnella sp. PD12R]
spoT	WP_132967238	K662I	662	662	K	I	K	K	91.477	100.0	702	702	702	1336.0	MULTISPECIES: bifunctional GTP diphosphokinase/guanosine-3',5'-bis pyrophosphate 3'-pyrophosphohydrolase [Rahnella]
spoT	WP_064514632	K662I	662	660	K	I	K	K	91.738	100.0	702	700	700	1336.0	MULTISPECIES: bifunctional GTP diphosphokinase/guanosine-3',5'-bis pyrophosphate 3'-pyrophosphohydrolase [Yersinia]
spoT	WP_070134156	K662I	662	669	K	I	K	K	90.55	100.0	702	709	709	1335.0	bifunctional GTP diphosphokinase/guanosine-3',5'-bis pyrophosphate 3'-pyrophosphohydrolase [Candidatus Erwinia dacicola]
spoT	WP_410447528	K662I	662	659	K	I	K	K	91.335	100.0	702	699	699	1335.0	bifunctional GTP diphosphokinase/guanosine-3',5'-bis pyrophosphate 3'-pyrophosphohydrolase [Lonsdalea quercina]
spoT	WP_431296727	K662I	662	662	K	I	K	K	91.477	100.0	702	702	702	1335.0	bifunctional GTP diphosphokinase/guanosine-3',5'-bis pyrophosphate 3'-pyrophosphohydrolase [Rahnella sp. PAMC25559]
spoT	WP_213051669	K662I	662	662	K	I	K	K	91.335	100.0	702	702	702	1335.0	bifunctional GTP diphosphokinase/guanosine-3',5'-bis pyrophosphate 3'-pyrophosphohydrolase [Rahnella inusitata]
spoT	WP_134706764	K662I	662	662	K	I	K	K	91.193	100.0	702	702	702	1335.0	bifunctional GTP diphosphokinase/guanosine-3',5'-bis pyrophosphate 3'-pyrophosphohydrolase [Rahnella sp. CJA17(1/100)]
spoT	WP_013577640	K662I	662	662	K	I	K	K	91.335	100.0	702	702	702	1335.0	MULTISPECIES: bifunctional GTP diphosphokinase/guanosine-3',5'-bis pyrophosphate 3'-pyrophosphohydrolase [Rahnella]
spoT	WP_308822705	K662I	662	661	K	I	K	K	91.595	100.0	702	701	701	1335.0	bifunctional GTP diphosphokinase/guanosine-3',5'-bis pyrophosphate 3'-pyrophosphohydrolase [Sodalis praecaptivus]
spoT	WP_410425855	K662I	662	659	K	I	K	K	91.335	100.0	702	699	699	1335.0	bifunctional GTP diphosphokinase/guanosine-3',5'-bis pyrophosphate 3'-pyrophosphohydrolase [Lonsdalea quercina]
spoT	WP_026743672	K662I	662	659	K	I	K	K	91.335	100.0	702	699	699	1335.0	bifunctional GTP diphosphokinase/guanosine-3',5'-bis pyrophosphate 3'-pyrophosphohydrolase [Lonsdalea quercina]
spoT	WP_463739254	K662I	662	661	K	I	K	K	91.323	100.0	702	701	701	1335.0	N/A
spoT	WP_063887333	K662I	662	616	K	I	K	K	98.018	93.0	702	656	656	1335.0	bifunctional GTP diphosphokinase/guanosine-3',5'-bis pyrophosphate 3'-pyrophosphohydrolase, partial [Salmonella enterica]
spoT	WP_131866758	K662I	662	660	K	I	K	K	91.88	100.0	702	700	700	1335.0	bifunctional GTP diphosphokinase/guanosine-3',5'-bis pyrophosphate 3'-pyrophosphohydrolase [Biostraticola tofi]
spoT	WP_118894725	K662I	662	659	K	I	K	K	91.311	100.0	702	699	699	1335.0	bifunctional GTP diphosphokinase/guanosine-3',5'-bis pyrophosphate 3'-pyrophosphohydrolase [Lonsdalea britannica]
spoT	WP_049601428	K662I	662	660	K	I	K	K	91.595	100.0	702	700	700	1335.0	bifunctional GTP diphosphokinase/guanosine-3',5'-bis pyrophosphate 3'-pyrophosphohydrolase [Yersinia nurmii]
spoT	WP_085652519	K662I	662	659	K	I	K	K	91.453	100.0	702	699	699	1335.0	bifunctional GTP diphosphokinase/guanosine-3',5'-bis pyrophosphate 3'-pyrophosphohydrolase [Lonsdalea britannica]
spoT	WP_112165184	K662I	662	662	K	I	K	K	91.193	100.0	702	702	702	1335.0	bifunctional GTP diphosphokinase/guanosine-3',5'-bis pyrophosphate 3'-pyrophosphohydrolase [Rahnella inusitata]
spoT	WP_026740807	K662I	662	659	K	I	K	K	91.335	100.0	702	699	699	1334.0	bifunctional GTP diphosphokinase/guanosine-3',5'-bis pyrophosphate 3'-pyrophosphohydrolase [Lonsdalea quercina]
spoT	WP_129955261	K662I	662	662	K	I	K	K	91.335	100.0	702	702	702	1334.0	MULTISPECIES: bifunctional GTP diphosphokinase/guanosine-3',5'-bis pyrophosphate 3'-pyrophosphohydrolase [Rahnella]
spoT	WP_413531170	K662I	662	662	K	I	K	K	91.193	100.0	702	702	702	1334.0	bifunctional GTP diphosphokinase/guanosine-3',5'-bis pyrophosphate 3'-pyrophosphohydrolase [Rahnella inusitata]
spoT	WP_094100307	K662I	662	659	K	I	K	K	91.335	100.0	702	699	699	1333.0	bifunctional GTP diphosphokinase/guanosine-3',5'-bis pyrophosphate 3'-pyrophosphohydrolase [Lonsdalea iberica]
spoT	WP_188474033	K662I	662	661	K	I	K	K	90.896	100.0	702	701	701	1333.0	bifunctional GTP diphosphokinase/guanosine-3',5'-bis pyrophosphate 3'-pyrophosphohydrolase [Hafnia psychrotolerans]
spoT	WP_094107964	K662I	662	659	K	I	K	K	91.335	100.0	702	699	699	1333.0	MULTISPECIES: bifunctional GTP diphosphokinase/guanosine-3',5'-bis pyrophosphate 3'-pyrophosphohydrolase [Lonsdalea]
spoT	WP_410433744	K662I	662	659	K	I	K	K	91.193	100.0	702	699	699	1333.0	bifunctional GTP diphosphokinase/guanosine-3',5'-bis pyrophosphate 3'-pyrophosphohydrolase [Lonsdalea quercina]
spoT	WP_037035565	K662I	662	662	K	I	K	K	91.193	100.0	702	702	702	1333.0	MULTISPECIES: bifunctional GTP diphosphokinase/guanosine-3',5'-bis pyrophosphate 3'-pyrophosphohydrolase [Rahnella]
spoT	WP_477987955	K662I	662	662	K	I	K	K	91.193	100.0	702	702	702	1333.0	N/A
spoT	WP_335894325	K662I	662	666	K	I	K	K	95.421	96.0	702	677	677	1332.0	bifunctional GTP diphosphokinase/guanosine-3',5'-bis pyrophosphate 3'-pyrophosphohydrolase, partial [Klebsiella quasipneumoniae]
spoT	WP_452120231	K662I	662	625	K	I	K	K	97.143	94.0	702	665	665	1332.0	bifunctional GTP diphosphokinase/guanosine-3',5'-bis pyrophosphate 3'-pyrophosphohydrolase, partial [Citrobacter freundii]
spoT	WP_421595737	K662I	662	662	K	I	K	K	91.193	100.0	702	702	702	1332.0	bifunctional GTP diphosphokinase/guanosine-3',5'-bis pyrophosphate 3'-pyrophosphohydrolase [Rahnella sp. PD4]
spoT	WP_039493702	K662I	662	659	K	I	K	K	91.311	100.0	702	699	699	1331.0	bifunctional GTP diphosphokinase/guanosine-3',5'-bis pyrophosphate 3'-pyrophosphohydrolase [Pectobacterium odoriferum]
spoT	WP_317693842	K662I	662	662	K	I	K	K	91.181	100.0	702	702	702	1331.0	bifunctional GTP diphosphokinase/guanosine-3',5'-bis pyrophosphate 3'-pyrophosphohydrolase [Serratia sp. UGAL515B_01]
spoT	WP_034794480	K662I	662	661	K	I	K	K	91.038	100.0	702	701	701	1331.0	MULTISPECIES: bifunctional GTP diphosphokinase/guanosine-3',5'-bis pyrophosphate 3'-pyrophosphohydrolase [Ewingella]
spoT	WP_205569353	K662I	662	659	K	I	K	K	91.168	100.0	702	699	699	1330.0	MULTISPECIES: bifunctional GTP diphosphokinase/guanosine-3',5'-bis pyrophosphate 3'-pyrophosphohydrolase [Pectobacterium]
spoT	WP_010281663	K662I	662	659	K	I	K	K	91.168	100.0	702	699	699	1329.0	MULTISPECIES: bifunctional GTP diphosphokinase/guanosine-3',5'-bis pyrophosphate 3'-pyrophosphohydrolase [Pectobacterium]
spoT	WP_103157808	K662I	662	659	K	I	K	K	91.168	100.0	702	699	699	1329.0	bifunctional GTP diphosphokinase/guanosine-3',5'-bis pyrophosphate 3'-pyrophosphohydrolase [Pectobacterium odoriferum]
spoT	WP_336857028	K662I	662	659	K	I	K	K	91.168	100.0	702	699	699	1329.0	bifunctional GTP diphosphokinase/guanosine-3',5'-bis pyrophosphate 3'-pyrophosphohydrolase [Pectobacterium carotovorum]
spoT	WP_017493939	K662I	662	662	K	I	K	K	91.051	100.0	702	702	702	1328.0	bifunctional GTP diphosphokinase/guanosine-3',5'-bis pyrophosphate 3'-pyrophosphohydrolase [Rouxiella badensis]
spoT	WP_150436629	K662I	662	662	K	I	K	K	90.767	100.0	702	702	702	1328.0	bifunctional GTP diphosphokinase/guanosine-3',5'-bis pyrophosphate 3'-pyrophosphohydrolase [Affinibrenneria salicis]
spoT	WP_025797268	K662I	662	659	K	I	K	K	91.88	100.0	702	699	699	1328.0	MULTISPECIES: bifunctional GTP diphosphokinase/guanosine-3',5'-bis pyrophosphate 3'-pyrophosphohydrolase [Hafnia]
spoT	WP_130986221	K662I	662	659	K	I	K	K	91.501	100.0	702	699	699	1328.0	bifunctional GTP diphosphokinase/guanosine-3',5'-bis pyrophosphate 3'-pyrophosphohydrolase [Obesumbacterium proteus]
spoT	WP_240584124	K662I	662	659	K	I	K	K	91.026	100.0	702	699	699	1328.0	MULTISPECIES: bifunctional GTP diphosphokinase/guanosine-3',5'-bis pyrophosphate 3'-pyrophosphohydrolase [Pectobacterium]
spoT	WP_039532985	K662I	662	659	K	I	K	K	91.026	100.0	702	699	699	1328.0	bifunctional GTP diphosphokinase/guanosine-3',5'-bis pyrophosphate 3'-pyrophosphohydrolase [Pectobacterium carotovorum]
spoT	WP_119871543	K662I	662	659	K	I	K	K	91.168	100.0	702	699	699	1328.0	MULTISPECIES: bifunctional GTP diphosphokinase/guanosine-3',5'-bis pyrophosphate 3'-pyrophosphohydrolase [Pectobacterium]
spoT	WP_336826427	K662I	662	659	K	I	K	K	91.026	100.0	702	699	699	1328.0	bifunctional GTP diphosphokinase/guanosine-3',5'-bis pyrophosphate 3'-pyrophosphohydrolase [Pectobacterium carotovorum]
spoT	WP_422793611	K662I	662	662	K	I	K	K	90.909	100.0	702	702	702	1328.0	bifunctional GTP diphosphokinase/guanosine-3',5'-bis pyrophosphate 3'-pyrophosphohydrolase [Rouxiella sp. Mn2063]
spoT	WP_314154619	K662I	662	662	K	I	K	K	91.051	100.0	702	702	702	1328.0	bifunctional GTP diphosphokinase/guanosine-3',5'-bis pyrophosphate 3'-pyrophosphohydrolase [Rouxiella badensis]
spoT	WP_004094074	K662I	662	659	K	I	K	K	91.88	100.0	702	699	699	1328.0	MULTISPECIES: bifunctional GTP diphosphokinase/guanosine-3',5'-bis pyrophosphate 3'-pyrophosphohydrolase [Hafnia]
spoT	WP_400442100	K662I	662	659	K	I	K	K	91.026	100.0	702	699	699	1328.0	bifunctional GTP diphosphokinase/guanosine-3',5'-bis pyrophosphate 3'-pyrophosphohydrolase [Pectobacterium carotovorum]
spoT	WP_180780195	K662I	662	659	K	I	K	K	91.026	100.0	702	699	699	1328.0	bifunctional GTP diphosphokinase/guanosine-3',5'-bis pyrophosphate 3'-pyrophosphohydrolase [Pectobacterium carotovorum]
spoT	WP_205547210	K662I	662	659	K	I	K	K	91.026	100.0	702	699	699	1328.0	bifunctional GTP diphosphokinase/guanosine-3',5'-bis pyrophosphate 3'-pyrophosphohydrolase [Pectobacterium brasiliense]
spoT	WP_180784416	K662I	662	659	K	I	K	K	90.883	100.0	702	699	699	1328.0	bifunctional GTP diphosphokinase/guanosine-3',5'-bis pyrophosphate 3'-pyrophosphohydrolase [Pectobacterium brasiliense]
spoT	WP_483097675	K662I	662	659	K	I	K	K	91.738	100.0	702	699	699	1327.0	N/A
spoT	WP_195775868	K662I	662	626	K	I	K	K	96.246	94.0	702	666	666	1327.0	bifunctional GTP diphosphokinase/guanosine-3',5'-bis pyrophosphate 3'-pyrophosphohydrolase, partial [Klebsiella pneumoniae]
spoT	WP_482019988	K662I	662	661	K	I	K	K	90.469	100.0	702	701	701	1327.0	N/A
spoT	WP_192504282	K662I	662	662	K	I	K	K	91.051	100.0	702	702	702	1327.0	bifunctional GTP diphosphokinase/guanosine-3',5'-bis pyrophosphate 3'-pyrophosphohydrolase [Rouxiella badensis]
spoT	WP_046457304	K662I	662	659	K	I	K	K	91.738	100.0	702	699	699	1326.0	MULTISPECIES: bifunctional GTP diphosphokinase/guanosine-3',5'-bis pyrophosphate 3'-pyrophosphohydrolase [Hafniaceae]
spoT	WP_400375078	K662I	662	659	K	I	K	K	91.026	100.0	702	699	699	1326.0	bifunctional GTP diphosphokinase/guanosine-3',5'-bis pyrophosphate 3'-pyrophosphohydrolase [Pectobacterium sp. CHL-2024]
spoT	WP_316454905	K662I	662	659	K	I	K	K	91.738	100.0	702	699	699	1326.0	bifunctional GTP diphosphokinase/guanosine-3',5'-bis pyrophosphate 3'-pyrophosphohydrolase [Hafnia alvei]
spoT	WP_039498345	K662I	662	659	K	I	K	K	91.026	100.0	702	699	699	1326.0	bifunctional GTP diphosphokinase/guanosine-3',5'-bis pyrophosphate 3'-pyrophosphohydrolase [Pectobacterium brasiliense]
spoT	WP_456924746	K662I	662	658	K	I	K	K	91.143	100.0	702	708	698	1326.0	bifunctional GTP diphosphokinase/guanosine-3',5'-bis pyrophosphate 3'-pyrophosphohydrolase [Ewingella americana]
spoT	WP_159159335	K662I	662	627	K	I	K	K	96.257	95.0	702	667	667	1326.0	bifunctional GTP diphosphokinase/guanosine-3',5'-bis pyrophosphate 3'-pyrophosphohydrolase, partial [Enterobacter roggenkampii]
spoT	WP_367671663	K662I	662	664	K	I	K	K	90.909	100.0	702	704	704	1326.0	bifunctional GTP diphosphokinase/guanosine-3',5'-bis pyrophosphate 3'-pyrophosphohydrolase [Serratia symbiotica]
spoT	WP_055773528	K662I	662	662	K	I	K	K	90.625	100.0	702	702	702	1325.0	MULTISPECIES: bifunctional GTP diphosphokinase/guanosine-3',5'-bis pyrophosphate 3'-pyrophosphohydrolase [Rouxiella]
spoT	WP_006708499	K662I	662	664	K	I	K	K	90.909	100.0	702	704	704	1325.0	bifunctional GTP diphosphokinase/guanosine-3',5'-bis pyrophosphate 3'-pyrophosphohydrolase [Serratia symbiotica]
spoT	WP_332733461	K662I	662	662	K	I	K	K	90.767	100.0	702	702	702	1325.0	bifunctional GTP diphosphokinase/guanosine-3',5'-bis pyrophosphate 3'-pyrophosphohydrolase [Rouxiella sp. T17]
spoT	WP_011091684	K662I	662	659	K	I	K	K	90.741	100.0	702	699	699	1325.0	MULTISPECIES: bifunctional GTP diphosphokinase/guanosine-3',5'-bis pyrophosphate 3'-pyrophosphohydrolase [Pectobacterium]
spoT	WP_132457463	K662I	662	659	K	I	K	K	90.883	100.0	702	699	699	1324.0	bifunctional GTP diphosphokinase/guanosine-3',5'-bis pyrophosphate 3'-pyrophosphohydrolase [Samsonia erythrinae]
spoT	WP_061771035	K662I	662	664	K	I	K	K	90.625	100.0	702	704	704	1323.0	bifunctional GTP diphosphokinase/guanosine-3',5'-bis pyrophosphate 3'-pyrophosphohydrolase [Serratia symbiotica]
spoT	WP_061553113	K662I	662	659	K	I	K	K	91.595	100.0	702	699	699	1323.0	bifunctional GTP diphosphokinase/guanosine-3',5'-bis pyrophosphate 3'-pyrophosphohydrolase [Obesumbacterium proteus]
spoT	WP_024522803	K662I	662	657	K	I	K	K	91.168	100.0	702	697	697	1323.0	bifunctional GTP diphosphokinase/guanosine-3',5'-bis pyrophosphate 3'-pyrophosphohydrolase [Edwardsiella hoshinae]
spoT	WP_049640247	K662I	662	657	K	I	K	K	90.883	100.0	702	697	697	1323.0	bifunctional GTP diphosphokinase/guanosine-3',5'-bis pyrophosphate 3'-pyrophosphohydrolase [Edwardsiella ictaluri]
spoT	WP_015869516	K662I	662	657	K	I	K	K	90.883	100.0	702	697	697	1322.0	bifunctional GTP diphosphokinase/guanosine-3',5'-bis pyrophosphate 3'-pyrophosphohydrolase [Edwardsiella ictaluri]
spoT	WP_045049677	K662I	662	662	K	I	K	K	90.625	100.0	702	702	702	1321.0	bifunctional GTP diphosphokinase/guanosine-3',5'-bis pyrophosphate 3'-pyrophosphohydrolase [Rouxiella chamberiensis]
spoT	WP_012846912	K662I	662	657	K	I	K	K	90.883	100.0	702	697	697	1321.0	MULTISPECIES: bifunctional GTP diphosphokinase/guanosine-3',5'-bis pyrophosphate 3'-pyrophosphohydrolase [Edwardsiella]
spoT	WP_264497148	K662I	662	659	K	I	K	K	90.741	100.0	702	699	699	1321.0	bifunctional GTP diphosphokinase/guanosine-3',5'-bis pyrophosphate 3'-pyrophosphohydrolase [Pectobacterium cacticida]
spoT	WP_252747902	K662I	662	664	K	I	K	K	90.341	100.0	702	704	704	1321.0	bifunctional GTP diphosphokinase/guanosine-3',5'-bis pyrophosphate 3'-pyrophosphohydrolase [Serratia symbiotica]
spoT	WP_109728607	K662I	662	657	K	I	K	K	91.026	100.0	702	697	697	1321.0	bifunctional GTP diphosphokinase/guanosine-3',5'-bis pyrophosphate 3'-pyrophosphohydrolase [Edwardsiella tarda]
spoT	WP_077999300	K662I	662	657	K	I	K	K	91.026	100.0	702	697	697	1321.0	bifunctional GTP diphosphokinase/guanosine-3',5'-bis pyrophosphate 3'-pyrophosphohydrolase [Edwardsiella tarda]
spoT	WP_005291033	K662I	662	657	K	I	K	K	91.026	100.0	702	697	697	1321.0	bifunctional GTP diphosphokinase/guanosine-3',5'-bis pyrophosphate 3'-pyrophosphohydrolase [Edwardsiella tarda]
spoT	WP_115458090	K662I	662	659	K	I	K	K	91.311	100.0	702	699	699	1321.0	bifunctional GTP diphosphokinase/guanosine-3',5'-bis pyrophosphate 3'-pyrophosphohydrolase [Enterobacillus tribolii]
spoT	WP_392421071	K662I	662	657	K	I	K	K	90.883	100.0	702	697	697	1320.0	bifunctional GTP diphosphokinase/guanosine-3',5'-bis pyrophosphate 3'-pyrophosphohydrolase [Edwardsiella piscicida]
spoT	WP_015855595	K662I	662	660	K	I	K	K	90.456	100.0	702	700	700	1320.0	bifunctional GTP diphosphokinase/guanosine-3',5'-bis pyrophosphate 3'-pyrophosphohydrolase [Musicola paradisiaca]
spoT	WP_205439088	K662I	662	657	K	I	K	K	90.883	100.0	702	697	697	1320.0	bifunctional GTP diphosphokinase/guanosine-3',5'-bis pyrophosphate 3'-pyrophosphohydrolase [Edwardsiella tarda]
spoT	WP_009638730	K662I	662	662	K	I	K	K	90.341	100.0	702	702	702	1319.0	MULTISPECIES: bifunctional GTP diphosphokinase/guanosine-3',5'-bis pyrophosphate 3'-pyrophosphohydrolase [Yersiniaceae]
spoT	WP_226088193	K662I	662	657	K	I	K	K	90.741	100.0	702	697	697	1319.0	bifunctional GTP diphosphokinase/guanosine-3',5'-bis pyrophosphate 3'-pyrophosphohydrolase [Edwardsiella piscicida]
spoT	WP_395755483	K662I	662	657	K	I	K	K	90.741	100.0	702	697	697	1318.0	bifunctional GTP diphosphokinase/guanosine-3',5'-bis pyrophosphate 3'-pyrophosphohydrolase [Edwardsiella ictaluri]
spoT	WP_309367884	K662I	662	662	K	I	K	K	89.915	100.0	702	702	702	1318.0	bifunctional GTP diphosphokinase/guanosine-3',5'-bis pyrophosphate 3'-pyrophosphohydrolase [Rouxiella aceris]
spoT	WP_226088624	K662I	662	657	K	I	K	K	90.741	100.0	702	697	697	1318.0	bifunctional GTP diphosphokinase/guanosine-3',5'-bis pyrophosphate 3'-pyrophosphohydrolase [Edwardsiella piscicida]
spoT	WP_192458530	K662I	662	660	K	I	K	K	90.313	100.0	702	700	700	1318.0	bifunctional GTP diphosphokinase/guanosine-3',5'-bis pyrophosphate 3'-pyrophosphohydrolase [Musicola keenii]
spoT	WP_427651387	K662I	662	620	K	I	K	K	96.212	93.0	702	660	660	1316.0	bifunctional GTP diphosphokinase/guanosine-3',5'-bis pyrophosphate 3'-pyrophosphohydrolase, partial [Raoultella planticola]
spoT	WP_169405119	K662I	662	662	K	I	K	K	89.773	100.0	702	702	702	1316.0	bifunctional GTP diphosphokinase/guanosine-3',5'-bis pyrophosphate 3'-pyrophosphohydrolase [Rouxiella aceris]
spoT	WP_370546238	K662I	662	657	K	I	K	K	90.741	100.0	702	697	697	1316.0	bifunctional GTP diphosphokinase/guanosine-3',5'-bis pyrophosphate 3'-pyrophosphohydrolase [Edwardsiella tarda]
spoT	WP_172290988	K662I	662	659	K	I	K	K	91.453	100.0	702	699	699	1313.0	MULTISPECIES: bifunctional GTP diphosphokinase/guanosine-3',5'-bis pyrophosphate 3'-pyrophosphohydrolase [unclassified Brenneria]
spoT	WP_327618250	K662I	662	659	K	I	K	K	89.601	100.0	702	699	699	1311.0	bifunctional GTP diphosphokinase/guanosine-3',5'-bis pyrophosphate 3'-pyrophosphohydrolase [Brenneria populi]
spoT	WP_438806843	K662I	662	661	K	I	K	K	90.171	100.0	702	701	701	1310.0	bifunctional GTP diphosphokinase/guanosine-3',5'-bis pyrophosphate 3'-pyrophosphohydrolase [Sodalis sp. (in: enterobacteria)]
spoT	WP_327615310	K662I	662	659	K	I	K	K	89.459	100.0	702	699	699	1308.0	bifunctional GTP diphosphokinase/guanosine-3',5'-bis pyrophosphate 3'-pyrophosphohydrolase [Brenneria populi]
spoT	WP_339038118	K662I	662	665	K	I	K	K	89.504	100.0	702	705	705	1308.0	bifunctional GTP diphosphokinase/guanosine-3',5'-bis pyrophosphate 3'-pyrophosphohydrolase [Serratia symbiotica]
spoT	WP_045957404	K662I	662	664	K	I	K	K	88.494	100.0	702	704	704	1302.0	bifunctional GTP diphosphokinase/guanosine-3',5'-bis pyrophosphate 3'-pyrophosphohydrolase [Xenorhabdus poinarii]
spoT	WP_121575203	K662I	662	660	K	I	K	K	90.469	100.0	702	700	700	1300.0	bifunctional GTP diphosphokinase/guanosine-3',5'-bis pyrophosphate 3'-pyrophosphohydrolase [Brenneria alni]
spoT	WP_074020087	K662I	662	664	K	I	K	K	88.352	100.0	702	704	704	1298.0	bifunctional GTP diphosphokinase/guanosine-3',5'-bis pyrophosphate 3'-pyrophosphohydrolase [Xenorhabdus thuongxuanensis]
spoT	WP_099142216	K662I	662	664	K	I	K	K	88.21	100.0	702	704	704	1298.0	bifunctional GTP diphosphokinase/guanosine-3',5'-bis pyrophosphate 3'-pyrophosphohydrolase [Xenorhabdus kozodoii]
spoT	WP_047683457	K662I	662	663	K	I	K	K	88.336	100.0	702	703	703	1296.0	MULTISPECIES: bifunctional GTP diphosphokinase/guanosine-3',5'-bis pyrophosphate 3'-pyrophosphohydrolase [Xenorhabdus]
spoT	WP_099131758	K662I	662	664	K	I	K	K	88.21	100.0	702	704	704	1296.0	MULTISPECIES: bifunctional GTP diphosphokinase/guanosine-3',5'-bis pyrophosphate 3'-pyrophosphohydrolase [Xenorhabdus]
spoT	WP_338884069	K662I	662	664	K	I	K	K	88.068	100.0	702	704	704	1296.0	MULTISPECIES: bifunctional GTP diphosphokinase/guanosine-3',5'-bis pyrophosphate 3'-pyrophosphohydrolase [Xenorhabdus]
spoT	WP_012986847	K662I	662	662	K	I	K	K	88.177	100.0	702	702	702	1295.0	bifunctional GTP diphosphokinase/guanosine-3',5'-bis pyrophosphate 3'-pyrophosphohydrolase [Xenorhabdus bovienii]
spoT	WP_273555826	K662I	662	664	K	I	K	K	88.21	100.0	702	704	704	1295.0	bifunctional GTP diphosphokinase/guanosine-3',5'-bis pyrophosphate 3'-pyrophosphohydrolase [Xenorhabdus yunnanensis]
spoT	WP_081167141	K662I	662	657	K	I	K	K	90.598	100.0	702	697	697	1295.0	bifunctional GTP diphosphokinase/guanosine-3',5'-bis pyrophosphate 3'-pyrophosphohydrolase [Edwardsiella ictaluri]
spoT	WP_338804239	K662I	662	664	K	I	K	K	87.926	100.0	702	704	704	1295.0	bifunctional GTP diphosphokinase/guanosine-3',5'-bis pyrophosphate 3'-pyrophosphohydrolase [Xenorhabdus griffiniae]
spoT	WP_323871884	K662I	662	664	K	I	K	K	88.244	100.0	702	704	704	1295.0	bifunctional GTP diphosphokinase/guanosine-3',5'-bis pyrophosphate 3'-pyrophosphohydrolase [Xenorhabdus doucetiae]
spoT	WP_274712267	K662I	662	662	K	I	K	K	87.892	100.0	702	702	702	1294.0	bifunctional GTP diphosphokinase/guanosine-3',5'-bis pyrophosphate 3'-pyrophosphohydrolase [Xenorhabdus bovienii]
spoT	WP_099117561	K662I	662	664	K	I	K	K	87.926	100.0	702	704	704	1294.0	bifunctional GTP diphosphokinase/guanosine-3',5'-bis pyrophosphate 3'-pyrophosphohydrolase [Xenorhabdus ishibashii]
spoT	WP_038255707	K662I	662	662	K	I	K	K	88.177	100.0	702	702	702	1294.0	bifunctional GTP diphosphokinase/guanosine-3',5'-bis pyrophosphate 3'-pyrophosphohydrolase [Xenorhabdus bovienii]
spoT	WP_340620123	K662I	662	663	K	I	K	K	88.193	100.0	702	703	703	1294.0	bifunctional GTP diphosphokinase/guanosine-3',5'-bis pyrophosphate 3'-pyrophosphohydrolase [Xenorhabdus siamensis]
spoT	WP_319605588	K662I	662	659	K	I	K	K	90.456	100.0	702	699	699	1293.0	MULTISPECIES: bifunctional GTP diphosphokinase/guanosine-3',5'-bis pyrophosphate 3'-pyrophosphohydrolase [unclassified Brenneria]
spoT	WP_481088116	K662I	662	664	K	I	K	K	88.068	100.0	702	704	704	1293.0	N/A
spoT	WP_254850273	K662I	662	662	K	I	K	K	88.034	100.0	702	702	702	1293.0	bifunctional GTP diphosphokinase/guanosine-3',5'-bis pyrophosphate 3'-pyrophosphohydrolase [Xenorhabdus bovienii]
spoT	WP_074023244	K662I	662	664	K	I	K	K	88.068	100.0	702	704	704	1293.0	bifunctional GTP diphosphokinase/guanosine-3',5'-bis pyrophosphate 3'-pyrophosphohydrolase [Xenorhabdus eapokensis]
spoT	WP_323857448	K662I	662	664	K	I	K	K	88.102	100.0	702	704	704	1293.0	bifunctional GTP diphosphokinase/guanosine-3',5'-bis pyrophosphate 3'-pyrophosphohydrolase [Xenorhabdus doucetiae]
spoT	WP_374052248	K662I	662	664	K	I	K	K	87.712	100.0	702	704	704	1293.0	bifunctional GTP diphosphokinase/guanosine-3',5'-bis pyrophosphate 3'-pyrophosphohydrolase [Xenorhabdus taiwanensis]
spoT	WP_045973137	K662I	662	664	K	I	K	K	88.102	100.0	702	704	704	1293.0	bifunctional GTP diphosphokinase/guanosine-3',5'-bis pyrophosphate 3'-pyrophosphohydrolase [Xenorhabdus doucetiae]
spoT	WP_092509638	K662I	662	664	K	I	K	K	88.068	100.0	702	704	704	1292.0	bifunctional GTP diphosphokinase/guanosine-3',5'-bis pyrophosphate 3'-pyrophosphohydrolase [Xenorhabdus mauleonii]
spoT	WP_273576596	K662I	662	664	K	I	K	K	87.96	100.0	702	704	704	1292.0	bifunctional GTP diphosphokinase/guanosine-3',5'-bis pyrophosphate 3'-pyrophosphohydrolase [Xenorhabdus anantnagensis]
spoT	WP_038189893	K662I	662	662	K	I	K	K	88.034	100.0	702	702	702	1292.0	bifunctional GTP diphosphokinase/guanosine-3',5'-bis pyrophosphate 3'-pyrophosphohydrolase [Xenorhabdus bovienii]
spoT	WP_086109751	K662I	662	664	K	I	K	K	87.784	100.0	702	704	704	1292.0	bifunctional GTP diphosphokinase/guanosine-3',5'-bis pyrophosphate 3'-pyrophosphohydrolase [Xenorhabdus vietnamensis]
spoT	WP_189759875	K662I	662	664	K	I	K	K	87.784	100.0	702	704	704	1292.0	bifunctional GTP diphosphokinase/guanosine-3',5'-bis pyrophosphate 3'-pyrophosphohydrolase [Xenorhabdus griffiniae]
spoT	WP_330521452	K662I	662	659	K	I	K	K	90.313	100.0	702	699	699	1292.0	bifunctional GTP diphosphokinase/guanosine-3',5'-bis pyrophosphate 3'-pyrophosphohydrolase [Brenneria sp. g21c3]
spoT	WP_319928612	K662I	662	664	K	I	K	K	87.926	100.0	702	704	704	1292.0	bifunctional GTP diphosphokinase/guanosine-3',5'-bis pyrophosphate 3'-pyrophosphohydrolase [Xenorhabdus santafensis]
spoT	WP_273551531	K662I	662	669	K	I	K	K	87.764	100.0	702	709	709	1291.0	bifunctional GTP diphosphokinase/guanosine-3',5'-bis pyrophosphate 3'-pyrophosphohydrolase [Xenorhabdus sp. IM139775]
spoT	WP_092550473	K662I	662	664	K	I	K	K	88.21	100.0	702	704	704	1291.0	bifunctional GTP diphosphokinase/guanosine-3',5'-bis pyrophosphate 3'-pyrophosphohydrolase [Xenorhabdus koppenhoeferi]
spoT	WP_038250147	K662I	662	662	K	I	K	K	87.892	100.0	702	702	702	1291.0	MULTISPECIES: bifunctional GTP diphosphokinase/guanosine-3',5'-bis pyrophosphate 3'-pyrophosphohydrolase [Xenorhabdus]
spoT	WP_198688488	K662I	662	664	K	I	K	K	87.642	100.0	702	704	704	1291.0	bifunctional GTP diphosphokinase/guanosine-3',5'-bis pyrophosphate 3'-pyrophosphohydrolase [Xenorhabdus lircayensis]
spoT	WP_099112922	K662I	662	664	K	I	K	K	87.819	100.0	702	704	704	1291.0	MULTISPECIES: bifunctional GTP diphosphokinase/guanosine-3',5'-bis pyrophosphate 3'-pyrophosphohydrolase [Xenorhabdus]
spoT	WP_285809100	K662I	662	664	K	I	K	K	87.926	100.0	702	704	704	1291.0	MULTISPECIES: bifunctional GTP diphosphokinase/guanosine-3',5'-bis pyrophosphate 3'-pyrophosphohydrolase [Xenorhabdus]
spoT	WP_238097644	K662I	662	662	K	I	K	K	87.749	100.0	702	702	702	1291.0	bifunctional GTP diphosphokinase/guanosine-3',5'-bis pyrophosphate 3'-pyrophosphohydrolase [Xenorhabdus bovienii]
spoT	WP_367960363	K662I	662	663	K	I	K	K	88.051	100.0	702	703	703	1291.0	bifunctional GTP diphosphokinase/guanosine-3',5'-bis pyrophosphate 3'-pyrophosphohydrolase [Xenorhabdus sp. SGI246]
spoT	WP_038194650	K662I	662	662	K	I	K	K	87.749	100.0	702	702	702	1290.0	bifunctional GTP diphosphokinase/guanosine-3',5'-bis pyrophosphate 3'-pyrophosphohydrolase [Xenorhabdus bovienii]
spoT	WP_274725253	K662I	662	662	K	I	K	K	87.749	100.0	702	702	702	1290.0	bifunctional GTP diphosphokinase/guanosine-3',5'-bis pyrophosphate 3'-pyrophosphohydrolase [Xenorhabdus bovienii]
spoT	WP_323864834	K662I	662	663	K	I	K	K	88.193	100.0	702	703	703	1290.0	bifunctional GTP diphosphokinase/guanosine-3',5'-bis pyrophosphate 3'-pyrophosphohydrolase [Xenorhabdus cabanillasii]
spoT	WP_086113401	K662I	662	664	K	I	K	K	87.642	100.0	702	704	704	1290.0	bifunctional GTP diphosphokinase/guanosine-3',5'-bis pyrophosphate 3'-pyrophosphohydrolase [Xenorhabdus beddingii]
spoT	WP_274714214	K662I	662	662	K	I	K	K	87.749	100.0	702	702	702	1290.0	bifunctional GTP diphosphokinase/guanosine-3',5'-bis pyrophosphate 3'-pyrophosphohydrolase [Xenorhabdus bovienii]
spoT	WP_010848452	K662I	662	664	K	I	K	K	88.068	100.0	702	704	704	1290.0	bifunctional GTP diphosphokinase/guanosine-3',5'-bis pyrophosphate 3'-pyrophosphohydrolase [Xenorhabdus nematophila]
spoT	WP_237385821	K662I	662	664	K	I	K	K	87.926	100.0	702	704	704	1289.0	bifunctional GTP diphosphokinase/guanosine-3',5'-bis pyrophosphate 3'-pyrophosphohydrolase [Xenorhabdus sp. Sc-CR9]
spoT	WP_273583460	K662I	662	664	K	I	K	K	87.535	100.0	702	704	704	1289.0	bifunctional GTP diphosphokinase/guanosine-3',5'-bis pyrophosphate 3'-pyrophosphohydrolase [Xenorhabdus sp. PR6a]
spoT	WP_068438568	K662I	662	665	K	I	K	K	87.092	100.0	702	705	705	1289.0	MULTISPECIES: bifunctional GTP diphosphokinase/guanosine-3',5'-bis pyrophosphate 3'-pyrophosphohydrolase [Providencia]
spoT	WP_193849871	K662I	662	664	K	I	K	K	87.784	100.0	702	704	704	1288.0	bifunctional GTP diphosphokinase/guanosine-3',5'-bis pyrophosphate 3'-pyrophosphohydrolase [Xenorhabdus sp. BG5]
spoT	WP_340618353	K662I	662	664	K	I	K	K	87.535	100.0	702	704	704	1288.0	bifunctional GTP diphosphokinase/guanosine-3',5'-bis pyrophosphate 3'-pyrophosphohydrolase [Xenorhabdus entomophaga]
spoT	WP_323853440	K662I	662	664	K	I	K	K	87.784	100.0	702	704	704	1288.0	bifunctional GTP diphosphokinase/guanosine-3',5'-bis pyrophosphate 3'-pyrophosphohydrolase [Xenorhabdus koppenhoeferi]
spoT	WP_127956526	K662I	662	662	K	I	K	K	87.909	100.0	702	702	702	1288.0	bifunctional GTP diphosphokinase/guanosine-3',5'-bis pyrophosphate 3'-pyrophosphohydrolase [Serratia microhaemolytica]
spoT	WP_273547027	K662I	662	664	K	I	K	K	87.535	100.0	702	704	704	1288.0	bifunctional GTP diphosphokinase/guanosine-3',5'-bis pyrophosphate 3'-pyrophosphohydrolase [Xenorhabdus khoisanae]
spoT	WP_275385489	K662I	662	662	K	I	K	K	87.749	100.0	702	702	702	1288.0	bifunctional GTP diphosphokinase/guanosine-3',5'-bis pyrophosphate 3'-pyrophosphohydrolase [Xenorhabdus bovienii]
spoT	WP_047766438	K662I	662	664	K	I	K	K	87.784	100.0	702	704	704	1287.0	MULTISPECIES: bifunctional GTP diphosphokinase/guanosine-3',5'-bis pyrophosphate 3'-pyrophosphohydrolase [Xenorhabdus]
spoT	WP_086954697	K662I	662	668	K	I	K	K	87.147	100.0	702	708	708	1287.0	bifunctional GTP diphosphokinase/guanosine-3',5'-bis pyrophosphate 3'-pyrophosphohydrolase [Xenorhabdus innexi]
spoT	WP_294107139	K662I	662	665	K	I	K	K	87.092	100.0	702	705	705	1286.0	bifunctional GTP diphosphokinase/guanosine-3',5'-bis pyrophosphate 3'-pyrophosphohydrolase [Providencia sp.]
spoT	WP_069317598	K662I	662	664	K	I	K	K	87.784	100.0	702	704	704	1286.0	bifunctional GTP diphosphokinase/guanosine-3',5'-bis pyrophosphate 3'-pyrophosphohydrolase [Xenorhabdus hominickii]
spoT	WP_319927763	K662I	662	664	K	I	K	K	87.642	100.0	702	704	704	1286.0	bifunctional GTP diphosphokinase/guanosine-3',5'-bis pyrophosphate 3'-pyrophosphohydrolase [Xenorhabdus littoralis]
spoT	WP_434720292	K662I	662	665	K	I	K	K	87.092	100.0	702	705	705	1286.0	bifunctional GTP diphosphokinase/guanosine-3',5'-bis pyrophosphate 3'-pyrophosphohydrolase [Providencia sp. Je.9.19]
spoT	WP_047963912	K662I	662	664	K	I	K	K	87.642	100.0	702	704	704	1286.0	bifunctional GTP diphosphokinase/guanosine-3',5'-bis pyrophosphate 3'-pyrophosphohydrolase [Xenorhabdus khoisanae]
spoT	WP_038259330	K662I	662	663	K	I	K	K	87.909	100.0	702	703	703	1286.0	bifunctional GTP diphosphokinase/guanosine-3',5'-bis pyrophosphate 3'-pyrophosphohydrolase [Xenorhabdus cabanillasii]
spoT	WP_008914447	K662I	662	665	K	I	K	K	86.544	100.0	702	705	705	1286.0	bifunctional GTP diphosphokinase/guanosine-3',5'-bis pyrophosphate 3'-pyrophosphohydrolase [Providencia sneebia]
spoT	WP_369309595	K662I	662	665	K	I	K	K	86.95	100.0	702	705	705	1286.0	bifunctional GTP diphosphokinase/guanosine-3',5'-bis pyrophosphate 3'-pyrophosphohydrolase [Providencia rettgeri]
spoT	WP_099135368	K662I	662	663	K	I	K	K	87.767	100.0	702	703	703	1285.0	bifunctional GTP diphosphokinase/guanosine-3',5'-bis pyrophosphate 3'-pyrophosphohydrolase [Xenorhabdus budapestensis]
spoT	WP_070929423	K662I	662	665	K	I	K	K	86.667	100.0	702	705	705	1285.0	MULTISPECIES: bifunctional GTP diphosphokinase/guanosine-3',5'-bis pyrophosphate 3'-pyrophosphohydrolase [Providencia]
spoT	WP_369513564	K662I	662	665	K	I	K	K	86.525	100.0	702	705	705	1285.0	bifunctional GTP diphosphokinase/guanosine-3',5'-bis pyrophosphate 3'-pyrophosphohydrolase [Providencia manganoxydans]
spoT	WP_092520228	K662I	662	664	K	I	K	K	87.358	100.0	702	704	704	1284.0	bifunctional GTP diphosphokinase/guanosine-3',5'-bis pyrophosphate 3'-pyrophosphohydrolase [Xenorhabdus japonica]
spoT	WP_219245403	K662I	662	665	K	I	K	K	86.667	100.0	702	705	705	1283.0	MULTISPECIES: bifunctional GTP diphosphokinase/guanosine-3',5'-bis pyrophosphate 3'-pyrophosphohydrolase [Providencia]
spoT	WP_196718850	K662I	662	665	K	I	K	K	86.667	100.0	702	705	705	1283.0	bifunctional GTP diphosphokinase/guanosine-3',5'-bis pyrophosphate 3'-pyrophosphohydrolase [Providencia rettgeri]
spoT	WP_350025055	K662I	662	665	K	I	K	K	86.525	100.0	702	705	705	1283.0	bifunctional GTP diphosphokinase/guanosine-3',5'-bis pyrophosphate 3'-pyrophosphohydrolase [Providencia rettgeri]
spoT	WP_099109497	K662I	662	668	K	I	K	K	87.006	100.0	702	708	708	1283.0	bifunctional GTP diphosphokinase/guanosine-3',5'-bis pyrophosphate 3'-pyrophosphohydrolase [Xenorhabdus sp. KJ12.1]
spoT	WP_115166395	K662I	662	665	K	I	K	K	86.525	100.0	702	705	705	1282.0	MULTISPECIES: bifunctional GTP diphosphokinase/guanosine-3',5'-bis pyrophosphate 3'-pyrophosphohydrolase [Providencia]
spoT	WP_123569658	K662I	662	661	K	I	K	K	87.179	100.0	702	701	701	1282.0	bifunctional GTP diphosphokinase/guanosine-3',5'-bis pyrophosphate 3'-pyrophosphohydrolase [Morganella morganii]
spoT	WP_195432898	K662I	662	661	K	I	K	K	87.037	100.0	702	701	701	1282.0	bifunctional GTP diphosphokinase/guanosine-3',5'-bis pyrophosphate 3'-pyrophosphohydrolase [Morganella morganii]
spoT	WP_214233803	K662I	662	661	K	I	K	K	87.037	100.0	702	701	701	1282.0	bifunctional GTP diphosphokinase/guanosine-3',5'-bis pyrophosphate 3'-pyrophosphohydrolase [Morganella morganii]
spoT	WP_004923698	K662I	662	665	K	I	K	K	86.667	100.0	702	705	705	1282.0	MULTISPECIES: bifunctional GTP diphosphokinase/guanosine-3',5'-bis pyrophosphate 3'-pyrophosphohydrolase [Providencia]
spoT	WP_350893165	K662I	662	665	K	I	K	K	86.667	100.0	702	705	705	1282.0	bifunctional GTP diphosphokinase/guanosine-3',5'-bis pyrophosphate 3'-pyrophosphohydrolase [Providencia stuartii]
spoT	WP_004262666	K662I	662	665	K	I	K	K	86.667	100.0	702	705	705	1282.0	MULTISPECIES: bifunctional GTP diphosphokinase/guanosine-3',5'-bis pyrophosphate 3'-pyrophosphohydrolase [Providencia]
spoT	WP_141173255	K662I	662	665	K	I	K	K	86.667	100.0	702	705	705	1282.0	MULTISPECIES: bifunctional GTP diphosphokinase/guanosine-3',5'-bis pyrophosphate 3'-pyrophosphohydrolase [Providencia]
spoT	WP_166265949	K662I	662	665	K	I	K	K	86.667	100.0	702	705	705	1282.0	MULTISPECIES: bifunctional GTP diphosphokinase/guanosine-3',5'-bis pyrophosphate 3'-pyrophosphohydrolase [Providencia]
spoT	WP_072871431	K662I	662	661	K	I	K	K	87.037	100.0	702	701	701	1282.0	bifunctional GTP diphosphokinase/guanosine-3',5'-bis pyrophosphate 3'-pyrophosphohydrolase [Morganella morganii]
spoT	WP_112549730	K662I	662	661	K	I	K	K	87.179	100.0	702	701	701	1282.0	bifunctional GTP diphosphokinase/guanosine-3',5'-bis pyrophosphate 3'-pyrophosphohydrolase [Morganella morganii]
spoT	WP_449312373	K662I	662	665	K	I	K	K	86.525	100.0	702	705	705	1282.0	bifunctional GTP diphosphokinase/guanosine-3',5'-bis pyrophosphate 3'-pyrophosphohydrolase [Providencia hangzhouensis]
spoT	WP_004266083	K662I	662	665	K	I	K	K	86.525	100.0	702	705	705	1282.0	MULTISPECIES: bifunctional GTP diphosphokinase/guanosine-3',5'-bis pyrophosphate 3'-pyrophosphohydrolase [Providencia]
spoT	WP_004236566	K662I	662	661	K	I	K	K	87.037	100.0	702	701	701	1282.0	MULTISPECIES: bifunctional GTP diphosphokinase/guanosine-3',5'-bis pyrophosphate 3'-pyrophosphohydrolase [Morganella]
spoT	WP_210837953	K662I	662	665	K	I	K	K	86.383	100.0	702	705	705	1282.0	MULTISPECIES: bifunctional GTP diphosphokinase/guanosine-3',5'-bis pyrophosphate 3'-pyrophosphohydrolase [Providencia]
spoT	WP_239414162	K662I	662	665	K	I	K	K	86.667	100.0	702	705	705	1281.0	bifunctional GTP diphosphokinase/guanosine-3',5'-bis pyrophosphate 3'-pyrophosphohydrolase [Providencia rettgeri]
spoT	WP_353243975	K662I	662	665	K	I	K	K	86.667	100.0	702	705	705	1281.0	bifunctional GTP diphosphokinase/guanosine-3',5'-bis pyrophosphate 3'-pyrophosphohydrolase [Providencia sp.]
spoT	WP_214211056	K662I	662	661	K	I	K	K	87.037	100.0	702	701	701	1281.0	bifunctional GTP diphosphokinase/guanosine-3',5'-bis pyrophosphate 3'-pyrophosphohydrolase [Morganella morganii]
spoT	WP_196712832	K662I	662	665	K	I	K	K	86.525	100.0	702	705	705	1281.0	bifunctional GTP diphosphokinase/guanosine-3',5'-bis pyrophosphate 3'-pyrophosphohydrolase [Providencia stuartii]
spoT	WP_024473624	K662I	662	661	K	I	K	K	87.037	100.0	702	701	701	1281.0	MULTISPECIES: bifunctional GTP diphosphokinase/guanosine-3',5'-bis pyrophosphate 3'-pyrophosphohydrolase [Morganella]
spoT	WP_125891718	K662I	662	665	K	I	K	K	86.667	100.0	702	705	705	1281.0	MULTISPECIES: bifunctional GTP diphosphokinase/guanosine-3',5'-bis pyrophosphate 3'-pyrophosphohydrolase [Providencia]
spoT	WP_272577846	K662I	662	665	K	I	K	K	86.525	100.0	702	705	705	1281.0	bifunctional GTP diphosphokinase/guanosine-3',5'-bis pyrophosphate 3'-pyrophosphohydrolase [Providencia sp. PROV268]
spoT	WP_182095890	K662I	662	661	K	I	K	K	86.895	100.0	702	701	701	1281.0	bifunctional GTP diphosphokinase/guanosine-3',5'-bis pyrophosphate 3'-pyrophosphohydrolase [Morganella morganii]
spoT	WP_214270757	K662I	662	661	K	I	K	K	87.037	100.0	702	701	701	1281.0	bifunctional GTP diphosphokinase/guanosine-3',5'-bis pyrophosphate 3'-pyrophosphohydrolase [Morganella morganii]
spoT	WP_318836675	K662I	662	665	K	I	K	K	86.667	100.0	702	705	705	1281.0	MULTISPECIES: bifunctional GTP diphosphokinase/guanosine-3',5'-bis pyrophosphate 3'-pyrophosphohydrolase [unclassified Providencia]
spoT	WP_186727091	K662I	662	661	K	I	K	K	86.895	100.0	702	701	701	1281.0	bifunctional GTP diphosphokinase/guanosine-3',5'-bis pyrophosphate 3'-pyrophosphohydrolase [Morganella morganii]
spoT	WP_318576098	K662I	662	665	K	I	K	K	86.667	100.0	702	705	705	1281.0	bifunctional GTP diphosphokinase/guanosine-3',5'-bis pyrophosphate 3'-pyrophosphohydrolase [Providencia stuartii]
spoT	WP_046891897	K662I	662	661	K	I	K	K	87.037	100.0	702	701	701	1281.0	MULTISPECIES: bifunctional GTP diphosphokinase/guanosine-3',5'-bis pyrophosphate 3'-pyrophosphohydrolase [Morganella]
spoT	WP_081119800	K662I	662	661	K	I	K	K	87.037	100.0	702	701	701	1281.0	bifunctional GTP diphosphokinase/guanosine-3',5'-bis pyrophosphate 3'-pyrophosphohydrolase [Morganella morganii]
spoT	WP_463844736	K662I	662	661	K	I	K	K	87.037	100.0	702	701	701	1281.0	N/A
spoT	WP_395033363	K662I	662	661	K	I	K	K	86.895	100.0	702	701	701	1281.0	bifunctional GTP diphosphokinase/guanosine-3',5'-bis pyrophosphate 3'-pyrophosphohydrolase [Morganella morganii]
spoT	WP_435000381	K662I	662	661	K	I	K	K	87.037	100.0	702	701	701	1281.0	bifunctional GTP diphosphokinase/guanosine-3',5'-bis pyrophosphate 3'-pyrophosphohydrolase [Morganella morganii]
spoT	WP_102138852	K662I	662	665	K	I	K	K	86.667	100.0	702	705	705	1281.0	MULTISPECIES: bifunctional GTP diphosphokinase/guanosine-3',5'-bis pyrophosphate 3'-pyrophosphohydrolase [Providencia]
spoT	WP_042847681	K662I	662	665	K	I	K	K	86.383	100.0	702	705	705	1281.0	MULTISPECIES: bifunctional GTP diphosphokinase/guanosine-3',5'-bis pyrophosphate 3'-pyrophosphohydrolase [Providencia]
spoT	WP_228859545	K662I	662	678	K	I	K	K	85.933	100.0	702	718	718	1281.0	bifunctional GTP diphosphokinase/guanosine-3',5'-bis pyrophosphate 3'-pyrophosphohydrolase [Xenorhabdus sp. PB61.4]
spoT	WP_272520707	K662I	662	665	K	I	K	K	86.383	100.0	702	705	705	1281.0	bifunctional GTP diphosphokinase/guanosine-3',5'-bis pyrophosphate 3'-pyrophosphohydrolase [Providencia sp. PROV223]
spoT	WP_349488733	K662I	662	665	K	I	K	K	86.383	100.0	702	705	705	1281.0	bifunctional GTP diphosphokinase/guanosine-3',5'-bis pyrophosphate 3'-pyrophosphohydrolase [Providencia alcalifaciens]
spoT	WP_262859588	K662I	662	661	K	I	K	K	86.895	100.0	702	701	701	1281.0	MULTISPECIES: bifunctional GTP diphosphokinase/guanosine-3',5'-bis pyrophosphate 3'-pyrophosphohydrolase [Morganella]
spoT	WP_196724751	K662I	662	665	K	I	K	K	86.667	100.0	702	705	705	1281.0	MULTISPECIES: bifunctional GTP diphosphokinase/guanosine-3',5'-bis pyrophosphate 3'-pyrophosphohydrolase [Providencia]
spoT	WP_105874328	K662I	662	665	K	I	K	K	86.525	100.0	702	705	705	1280.0	bifunctional GTP diphosphokinase/guanosine-3',5'-bis pyrophosphate 3'-pyrophosphohydrolase [Providencia stuartii]
spoT	WP_182105814	K662I	662	661	K	I	K	K	86.895	100.0	702	701	701	1280.0	MULTISPECIES: bifunctional GTP diphosphokinase/guanosine-3',5'-bis pyrophosphate 3'-pyrophosphohydrolase [Morganella]
spoT	WP_430929328	K662I	662	665	K	I	K	K	86.525	100.0	702	705	705	1280.0	bifunctional GTP diphosphokinase/guanosine-3',5'-bis pyrophosphate 3'-pyrophosphohydrolase [Providencia sp. R3]
spoT	WP_129466948	K662I	662	665	K	I	K	K	86.383	100.0	702	705	705	1280.0	MULTISPECIES: bifunctional GTP diphosphokinase/guanosine-3',5'-bis pyrophosphate 3'-pyrophosphohydrolase [Providencia]
spoT	WP_267785721	K662I	662	661	K	I	K	K	86.895	100.0	702	701	701	1280.0	bifunctional GTP diphosphokinase/guanosine-3',5'-bis pyrophosphate 3'-pyrophosphohydrolase [Morganella morganii]
spoT	WP_102780996	K662I	662	665	K	I	K	K	86.525	100.0	702	705	705	1280.0	bifunctional GTP diphosphokinase/guanosine-3',5'-bis pyrophosphate 3'-pyrophosphohydrolase [Providencia stuartii]
spoT	WP_369442268	K662I	662	661	K	I	K	K	86.895	100.0	702	701	701	1280.0	bifunctional GTP diphosphokinase/guanosine-3',5'-bis pyrophosphate 3'-pyrophosphohydrolase [Morganella morganii]
spoT	WP_218454904	K662I	662	661	K	I	K	K	86.895	100.0	702	701	701	1280.0	bifunctional GTP diphosphokinase/guanosine-3',5'-bis pyrophosphate 3'-pyrophosphohydrolase [Morganella morganii]
spoT	WP_426578174	K662I	662	676	K	I	K	K	86.034	100.0	702	716	716	1280.0	bifunctional GTP diphosphokinase/guanosine-3',5'-bis pyrophosphate 3'-pyrophosphohydrolase [Xenorhabdus stockiae]
spoT	WP_264998024	K662I	662	661	K	I	K	K	87.037	100.0	702	701	701	1280.0	bifunctional GTP diphosphokinase/guanosine-3',5'-bis pyrophosphate 3'-pyrophosphohydrolase [Morganella morganii]
spoT	WP_036942212	K662I	662	665	K	I	K	K	86.525	100.0	702	705	705	1280.0	bifunctional GTP diphosphokinase/guanosine-3',5'-bis pyrophosphate 3'-pyrophosphohydrolase [Providencia stuartii]
spoT	WP_136134098	K662I	662	665	K	I	K	K	86.525	100.0	702	705	705	1280.0	bifunctional GTP diphosphokinase/guanosine-3',5'-bis pyrophosphate 3'-pyrophosphohydrolase [Providencia sp. MGF014]
spoT	WP_430255258	K662I	662	665	K	I	K	K	86.319	100.0	702	705	705	1280.0	bifunctional GTP diphosphokinase/guanosine-3',5'-bis pyrophosphate 3'-pyrophosphohydrolase [Providencia vermicola]
spoT	WP_484547254	K662I	662	661	K	I	K	K	86.895	100.0	702	701	701	1280.0	N/A
spoT	WP_340610079	K662I	662	677	K	I	K	K	85.914	100.0	702	717	717	1280.0	bifunctional GTP diphosphokinase/guanosine-3',5'-bis pyrophosphate 3'-pyrophosphohydrolase [Xenorhabdus bharatensis]
spoT	WP_214234160	K662I	662	661	K	I	K	K	86.895	100.0	702	701	701	1280.0	bifunctional GTP diphosphokinase/guanosine-3',5'-bis pyrophosphate 3'-pyrophosphohydrolase [Morganella morganii]
spoT	WP_318574122	K662I	662	665	K	I	K	K	86.525	100.0	702	705	705	1280.0	bifunctional GTP diphosphokinase/guanosine-3',5'-bis pyrophosphate 3'-pyrophosphohydrolase [Providencia stuartii]
spoT	WP_152713695	K662I	662	661	K	I	K	K	86.895	100.0	702	701	701	1280.0	bifunctional GTP diphosphokinase/guanosine-3',5'-bis pyrophosphate 3'-pyrophosphohydrolase [Morganella morganii]
spoT	WP_230233309	K662I	662	665	K	I	K	K	86.241	100.0	702	705	705	1280.0	bifunctional GTP diphosphokinase/guanosine-3',5'-bis pyrophosphate 3'-pyrophosphohydrolase [Providencia rettgeri]
spoT	WP_025151519	K662I	662	661	K	I	K	K	86.895	100.0	702	701	701	1280.0	bifunctional GTP diphosphokinase/guanosine-3',5'-bis pyrophosphate 3'-pyrophosphohydrolase [Morganella morganii]
spoT	WP_146644702	K662I	662	589	K	I	K	K	97.933	89.0	702	629	629	1280.0	bifunctional GTP diphosphokinase/guanosine-3',5'-bis pyrophosphate 3'-pyrophosphohydrolase, partial [Salmonella enterica]
spoT	WP_426099229	K662I	662	665	K	I	K	K	86.525	100.0	702	705	705	1280.0	bifunctional GTP diphosphokinase/guanosine-3',5'-bis pyrophosphate 3'-pyrophosphohydrolase [Providencia sp. PROV200]
spoT	WP_234598642	K662I	662	661	K	I	K	K	86.895	100.0	702	701	701	1280.0	bifunctional GTP diphosphokinase/guanosine-3',5'-bis pyrophosphate 3'-pyrophosphohydrolase [Morganella morganii]
spoT	WP_008912931	K662I	662	665	K	I	K	K	86.525	100.0	702	705	705	1279.0	bifunctional GTP diphosphokinase/guanosine-3',5'-bis pyrophosphate 3'-pyrophosphohydrolase [Providencia burhodogranariea]
spoT	WP_038241036	K662I	662	667	K	I	K	K	86.846	100.0	702	707	707	1279.0	bifunctional GTP diphosphokinase/guanosine-3',5'-bis pyrophosphate 3'-pyrophosphohydrolase [Xenorhabdus szentirmaii]
spoT	WP_369105513	K662I	662	665	K	I	K	K	86.525	100.0	702	705	705	1279.0	bifunctional GTP diphosphokinase/guanosine-3',5'-bis pyrophosphate 3'-pyrophosphohydrolase [Providencia hangzhouensis]
spoT	WP_272686252	K662I	662	665	K	I	K	K	86.241	100.0	702	705	705	1279.0	bifunctional GTP diphosphokinase/guanosine-3',5'-bis pyrophosphate 3'-pyrophosphohydrolase [Providencia sp. PROV024]
spoT	WP_349424971	K662I	662	665	K	I	K	K	86.178	100.0	702	705	705	1279.0	bifunctional GTP diphosphokinase/guanosine-3',5'-bis pyrophosphate 3'-pyrophosphohydrolase [Providencia vermicola]
spoT	WP_099125371	K662I	662	678	K	I	K	K	85.794	100.0	702	718	718	1279.0	bifunctional GTP diphosphokinase/guanosine-3',5'-bis pyrophosphate 3'-pyrophosphohydrolase [Xenorhabdus stockiae]
spoT	WP_105880923	K662I	662	665	K	I	K	K	86.241	100.0	702	705	705	1279.0	bifunctional GTP diphosphokinase/guanosine-3',5'-bis pyrophosphate 3'-pyrophosphohydrolase [Providencia rettgeri]
spoT	WP_099120334	K662I	662	678	K	I	K	K	85.794	100.0	702	718	718	1279.0	MULTISPECIES: bifunctional GTP diphosphokinase/guanosine-3',5'-bis pyrophosphate 3'-pyrophosphohydrolase [unclassified Xenorhabdus]
spoT	WP_341261602	K662I	662	661	K	I	K	K	86.895	100.0	702	701	701	1279.0	bifunctional GTP diphosphokinase/guanosine-3',5'-bis pyrophosphate 3'-pyrophosphohydrolase [Morganella morganii]
spoT	WP_272685844	K662I	662	665	K	I	K	K	86.525	100.0	702	705	705	1278.0	bifunctional GTP diphosphokinase/guanosine-3',5'-bis pyrophosphate 3'-pyrophosphohydrolase [Providencia sp. PROV115]
spoT	WP_272582332	K662I	662	665	K	I	K	K	86.383	100.0	702	705	705	1278.0	bifunctional GTP diphosphokinase/guanosine-3',5'-bis pyrophosphate 3'-pyrophosphohydrolase [Providencia sp. PROV257]
spoT	WP_087696812	K662I	662	661	K	I	K	K	86.895	100.0	702	701	701	1278.0	bifunctional GTP diphosphokinase/guanosine-3',5'-bis pyrophosphate 3'-pyrophosphohydrolase [Morganella morganii]
spoT	WP_143970060	K662I	662	661	K	I	K	K	86.895	100.0	702	701	701	1278.0	bifunctional GTP diphosphokinase/guanosine-3',5'-bis pyrophosphate 3'-pyrophosphohydrolase [Morganella morganii]
spoT	WP_225820136	K662I	662	665	K	I	K	K	86.178	100.0	702	705	705	1278.0	bifunctional GTP diphosphokinase/guanosine-3',5'-bis pyrophosphate 3'-pyrophosphohydrolase [Providencia vermicola]
spoT	WP_446470268	K662I	662	678	K	I	K	K	85.794	100.0	702	718	718	1278.0	bifunctional GTP diphosphokinase/guanosine-3',5'-bis pyrophosphate 3'-pyrophosphohydrolase [Xenorhabdus stockiae]
spoT	WP_107679909	K662I	662	661	K	I	K	K	86.752	100.0	702	701	701	1278.0	bifunctional GTP diphosphokinase/guanosine-3',5'-bis pyrophosphate 3'-pyrophosphohydrolase [Morganella morganii]
spoT	WP_464696775	K662I	662	665	K	I	K	K	86.525	100.0	702	705	705	1278.0	N/A
spoT	WP_206084865	K662I	662	665	K	I	K	K	86.383	100.0	702	705	705	1277.0	MULTISPECIES: bifunctional GTP diphosphokinase/guanosine-3',5'-bis pyrophosphate 3'-pyrophosphohydrolase [Providencia]
spoT	WP_154622478	K662I	662	667	K	I	K	K	86.139	100.0	702	707	707	1276.0	MULTISPECIES: bifunctional GTP diphosphokinase/guanosine-3',5'-bis pyrophosphate 3'-pyrophosphohydrolase [Providencia]
spoT	WP_472533398	K662I	662	665	K	I	K	K	86.383	100.0	702	705	705	1276.0	N/A
spoT	WP_413484316	K662I	662	661	K	I	K	K	86.325	100.0	702	701	701	1275.0	bifunctional GTP diphosphokinase/guanosine-3',5'-bis pyrophosphate 3'-pyrophosphohydrolase [Morganella psychrotolerans]
spoT	WP_224059870	K662I	662	669	K	I	K	K	85.614	100.0	702	709	709	1274.0	bifunctional GTP diphosphokinase/guanosine-3',5'-bis pyrophosphate 3'-pyrophosphohydrolase [Providencia alcalifaciens]
spoT	WP_006813770	K662I	662	665	K	I	K	K	85.957	100.0	702	705	705	1273.0	MULTISPECIES: bifunctional GTP diphosphokinase/guanosine-3',5'-bis pyrophosphate 3'-pyrophosphohydrolase [Providencia]
spoT	WP_132496919	K662I	662	669	K	I	K	K	85.614	100.0	702	709	709	1273.0	MULTISPECIES: bifunctional GTP diphosphokinase/guanosine-3',5'-bis pyrophosphate 3'-pyrophosphohydrolase [Providencia]
spoT	WP_154602286	K662I	662	669	K	I	K	K	85.472	100.0	702	709	709	1273.0	MULTISPECIES: bifunctional GTP diphosphokinase/guanosine-3',5'-bis pyrophosphate 3'-pyrophosphohydrolase [unclassified Providencia]
spoT	WP_166308996	K662I	662	665	K	I	K	K	86.544	100.0	702	705	705	1273.0	bifunctional GTP diphosphokinase/guanosine-3',5'-bis pyrophosphate 3'-pyrophosphohydrolase [Photorhabdus cinerea]
spoT	WP_225576954	K662I	662	669	K	I	K	K	85.472	100.0	702	709	709	1273.0	bifunctional GTP diphosphokinase/guanosine-3',5'-bis pyrophosphate 3'-pyrophosphohydrolase [Providencia alcalifaciens]
spoT	WP_067425989	K662I	662	661	K	I	K	K	86.182	100.0	702	701	701	1273.0	bifunctional GTP diphosphokinase/guanosine-3',5'-bis pyrophosphate 3'-pyrophosphohydrolase [Morganella psychrotolerans]
spoT	WP_272657829	K662I	662	667	K	I	K	K	85.997	100.0	702	707	707	1273.0	bifunctional GTP diphosphokinase/guanosine-3',5'-bis pyrophosphate 3'-pyrophosphohydrolase [Providencia sp. PROV086]
spoT	WP_021326363	K662I	662	665	K	I	K	K	86.544	100.0	702	705	705	1273.0	bifunctional GTP diphosphokinase/guanosine-3',5'-bis pyrophosphate 3'-pyrophosphohydrolase [Photorhabdus temperata]
spoT	WP_413495277	K662I	662	661	K	I	K	K	86.182	100.0	702	701	701	1273.0	bifunctional GTP diphosphokinase/guanosine-3',5'-bis pyrophosphate 3'-pyrophosphohydrolase [Morganella psychrotolerans]
spoT	WP_181477868	K662I	662	669	K	I	K	K	85.472	100.0	702	709	709	1273.0	MULTISPECIES: bifunctional GTP diphosphokinase/guanosine-3',5'-bis pyrophosphate 3'-pyrophosphohydrolase [Providencia]
spoT	WP_323084413	K662I	662	669	K	I	K	K	85.472	100.0	702	709	709	1272.0	bifunctional GTP diphosphokinase/guanosine-3',5'-bis pyrophosphate 3'-pyrophosphohydrolase [Providencia alcalifaciens]
spoT	WP_272677643	K662I	662	667	K	I	K	K	85.997	100.0	702	707	707	1272.0	MULTISPECIES: bifunctional GTP diphosphokinase/guanosine-3',5'-bis pyrophosphate 3'-pyrophosphohydrolase [unclassified Providencia]
spoT	WP_214052193	K662I	662	665	K	I	K	K	86.241	100.0	702	705	705	1272.0	bifunctional GTP diphosphokinase/guanosine-3',5'-bis pyrophosphate 3'-pyrophosphohydrolase [Photorhabdus caribbeanensis]
spoT	WP_006659599	K662I	662	669	K	I	K	K	85.614	100.0	702	709	709	1272.0	bifunctional GTP diphosphokinase/guanosine-3',5'-bis pyrophosphate 3'-pyrophosphohydrolase [Providencia alcalifaciens]
spoT	WP_006663061	K662I	662	669	K	I	K	K	85.614	100.0	702	709	709	1272.0	MULTISPECIES: bifunctional GTP diphosphokinase/guanosine-3',5'-bis pyrophosphate 3'-pyrophosphohydrolase [Providencia]
spoT	WP_430262496	K662I	662	664	K	I	K	K	86.544	100.0	702	704	704	1272.0	bifunctional GTP diphosphokinase/guanosine-3',5'-bis pyrophosphate 3'-pyrophosphohydrolase [Providencia sp. Me31A]
spoT	WP_211887179	K662I	662	669	K	I	K	K	85.472	100.0	702	709	709	1272.0	MULTISPECIES: bifunctional GTP diphosphokinase/guanosine-3',5'-bis pyrophosphate 3'-pyrophosphohydrolase [unclassified Providencia]
spoT	WP_108478727	K662I	662	669	K	I	K	K	85.472	100.0	702	709	709	1271.0	bifunctional GTP diphosphokinase/guanosine-3',5'-bis pyrophosphate 3'-pyrophosphohydrolase [Providencia alcalifaciens]
spoT	WP_067368744	K662I	662	661	K	I	K	K	86.182	100.0	702	701	701	1271.0	bifunctional GTP diphosphokinase/guanosine-3',5'-bis pyrophosphate 3'-pyrophosphohydrolase [Morganella psychrotolerans]
spoT	WP_036959668	K662I	662	669	K	I	K	K	85.472	100.0	702	709	709	1271.0	bifunctional GTP diphosphokinase/guanosine-3',5'-bis pyrophosphate 3'-pyrophosphohydrolase [Providencia alcalifaciens]
spoT	WP_026822165	K662I	662	665	K	I	K	K	85.694	100.0	702	705	705	1271.0	bifunctional GTP diphosphokinase/guanosine-3',5'-bis pyrophosphate 3'-pyrophosphohydrolase [Arsenophonus nasoniae]
spoT	WP_154599873	K662I	662	669	K	I	K	K	85.472	100.0	702	709	709	1271.0	MULTISPECIES: bifunctional GTP diphosphokinase/guanosine-3',5'-bis pyrophosphate 3'-pyrophosphohydrolase [Providencia]
spoT	WP_391528332	K662I	662	665	K	I	K	K	85.957	100.0	702	705	705	1271.0	bifunctional GTP diphosphokinase/guanosine-3',5'-bis pyrophosphate 3'-pyrophosphohydrolase [Photorhabdus akhurstii]
spoT	WP_032116049	K662I	662	665	K	I	K	K	85.694	100.0	702	705	705	1271.0	MULTISPECIES: bifunctional GTP diphosphokinase/guanosine-3',5'-bis pyrophosphate 3'-pyrophosphohydrolase [Arsenophonus]
spoT	WP_241542261	K662I	662	676	K	I	K	K	85.196	100.0	702	716	716	1271.0	bifunctional GTP diphosphokinase/guanosine-3',5'-bis pyrophosphate 3'-pyrophosphohydrolase [Moellerella wisconsensis]
spoT	WP_118985222	K662I	662	665	K	I	K	K	86.383	100.0	702	705	705	1271.0	MULTISPECIES: bifunctional GTP diphosphokinase/guanosine-3',5'-bis pyrophosphate 3'-pyrophosphohydrolase [Photorhabdus]
spoT	WP_154601660	K662I	662	669	K	I	K	K	85.472	100.0	702	709	709	1271.0	bifunctional GTP diphosphokinase/guanosine-3',5'-bis pyrophosphate 3'-pyrophosphohydrolase [Providencia alcalifaciens]
spoT	WP_321146290	K662I	662	669	K	I	K	K	85.472	100.0	702	709	709	1271.0	bifunctional GTP diphosphokinase/guanosine-3',5'-bis pyrophosphate 3'-pyrophosphohydrolase [Providencia alcalifaciens]
spoT	WP_225816854	K662I	662	665	K	I	K	K	86.402	100.0	702	705	705	1270.0	bifunctional GTP diphosphokinase/guanosine-3',5'-bis pyrophosphate 3'-pyrophosphohydrolase [Photorhabdus antumapuensis]
spoT	WP_280629418	K662I	662	665	K	I	K	K	85.694	100.0	702	705	705	1270.0	bifunctional GTP diphosphokinase/guanosine-3',5'-bis pyrophosphate 3'-pyrophosphohydrolase [Arsenophonus nasoniae]
spoT	WP_152963293	K662I	662	665	K	I	K	K	86.241	100.0	702	705	705	1270.0	MULTISPECIES: bifunctional GTP diphosphokinase/guanosine-3',5'-bis pyrophosphate 3'-pyrophosphohydrolase [Photorhabdus]
spoT	WP_406940752	K662I	662	665	K	I	K	K	85.694	100.0	702	705	705	1270.0	bifunctional GTP diphosphokinase/guanosine-3',5'-bis pyrophosphate 3'-pyrophosphohydrolase [Arsenophonus sp.]
spoT	WP_036948581	K662I	662	669	K	I	K	K	85.331	100.0	702	709	709	1270.0	bifunctional GTP diphosphokinase/guanosine-3',5'-bis pyrophosphate 3'-pyrophosphohydrolase [Providencia alcalifaciens]
spoT	WP_479373354	K662I	662	665	K	I	K	K	85.552	100.0	702	705	705	1269.0	N/A
spoT	WP_047254655	K662I	662	676	K	I	K	K	85.196	100.0	702	716	716	1269.0	bifunctional GTP diphosphokinase/guanosine-3',5'-bis pyrophosphate 3'-pyrophosphohydrolase [Moellerella wisconsensis]
spoT	WP_406701618	K662I	662	661	K	I	K	K	87.749	100.0	702	704	701	1269.0	bifunctional GTP diphosphokinase/guanosine-3',5'-bis pyrophosphate 3'-pyrophosphohydrolase [Sodalis sp. (in: enterobacteria)]
spoT	WP_337260729	K662I	662	676	K	I	K	K	85.196	100.0	702	716	716	1269.0	bifunctional GTP diphosphokinase/guanosine-3',5'-bis pyrophosphate 3'-pyrophosphohydrolase [Moellerella wisconsensis]
spoT	WP_154626451	K662I	662	669	K	I	K	K	85.331	100.0	702	709	709	1269.0	bifunctional GTP diphosphokinase/guanosine-3',5'-bis pyrophosphate 3'-pyrophosphohydrolase [Providencia sp. wls1943]
spoT	WP_310511765	K662I	662	665	K	I	K	K	85.552	100.0	702	705	705	1269.0	bifunctional GTP diphosphokinase/guanosine-3',5'-bis pyrophosphate 3'-pyrophosphohydrolase [Arsenophonus sp.]
spoT	WP_367144893	K662I	662	661	K	I	K	K	86.325	100.0	702	701	701	1269.0	bifunctional GTP diphosphokinase/guanosine-3',5'-bis pyrophosphate 3'-pyrophosphohydrolase [Morganella morganii]
spoT	WP_214089055	K662I	662	665	K	I	K	K	86.525	100.0	702	705	705	1268.0	bifunctional GTP diphosphokinase/guanosine-3',5'-bis pyrophosphate 3'-pyrophosphohydrolase [Photorhabdus noenieputensis]
spoT	WP_012776403	K662I	662	665	K	I	K	K	86.099	100.0	702	705	705	1268.0	MULTISPECIES: bifunctional GTP diphosphokinase/guanosine-3',5'-bis pyrophosphate 3'-pyrophosphohydrolase [Photorhabdus]
spoT	WP_119797684	K662I	662	659	K	I	K	K	86.61	100.0	702	699	699	1268.0	MULTISPECIES: bifunctional GTP diphosphokinase/guanosine-3',5'-bis pyrophosphate 3'-pyrophosphohydrolase [Candidatus Fukatsuia]
spoT	WP_180560338	K662I	662	665	K	I	K	K	85.411	100.0	702	705	705	1268.0	MULTISPECIES: bifunctional GTP diphosphokinase/guanosine-3',5'-bis pyrophosphate 3'-pyrophosphohydrolase [Arsenophonus]
spoT	WP_337271839	K662I	662	676	K	I	K	K	85.056	100.0	702	716	716	1268.0	bifunctional GTP diphosphokinase/guanosine-3',5'-bis pyrophosphate 3'-pyrophosphohydrolase [Moellerella wisconsensis]
spoT	WP_036768291	K662I	662	665	K	I	K	K	86.241	100.0	702	705	705	1268.0	bifunctional GTP diphosphokinase/guanosine-3',5'-bis pyrophosphate 3'-pyrophosphohydrolase [Photorhabdus australis]
spoT	WP_053907384	K662I	662	676	K	I	K	K	85.056	100.0	702	716	716	1267.0	bifunctional GTP diphosphokinase/guanosine-3',5'-bis pyrophosphate 3'-pyrophosphohydrolase [Moellerella wisconsensis]
spoT	WP_445495899	K662I	662	665	K	I	K	K	86.119	100.0	702	705	705	1267.0	bifunctional GTP diphosphokinase/guanosine-3',5'-bis pyrophosphate 3'-pyrophosphohydrolase [Photorhabdus sp. SF281]
spoT	WP_406936374	K662I	662	665	K	I	K	K	85.411	100.0	702	705	705	1267.0	bifunctional GTP diphosphokinase/guanosine-3',5'-bis pyrophosphate 3'-pyrophosphohydrolase [Arsenophonus apicola]
spoT	WP_065392333	K662I	662	665	K	I	K	K	85.532	100.0	702	705	705	1267.0	bifunctional GTP diphosphokinase/guanosine-3',5'-bis pyrophosphate 3'-pyrophosphohydrolase [Photorhabdus namnaonensis]
spoT	WP_112878900	K662I	662	665	K	I	K	K	85.614	100.0	702	705	705	1267.0	MULTISPECIES: bifunctional GTP diphosphokinase/guanosine-3',5'-bis pyrophosphate 3'-pyrophosphohydrolase [Photorhabdus]
spoT	WP_280938203	K662I	662	665	K	I	K	K	85.269	100.0	702	705	705	1267.0	bifunctional GTP diphosphokinase/guanosine-3',5'-bis pyrophosphate 3'-pyrophosphohydrolase [Arsenophonus apicola]
spoT	WP_072550467	K662I	662	659	K	I	K	K	86.61	100.0	702	699	699	1266.0	bifunctional GTP diphosphokinase/guanosine-3',5'-bis pyrophosphate 3'-pyrophosphohydrolase [Candidatus Fukatsuia symbiotica]
spoT	WP_228999913	K662I	662	665	K	I	K	K	85.957	100.0	702	705	705	1266.0	bifunctional GTP diphosphokinase/guanosine-3',5'-bis pyrophosphate 3'-pyrophosphohydrolase [Photorhabdus aegyptia]
spoT	WP_036778387	K662I	662	665	K	I	K	K	85.957	100.0	702	705	705	1266.0	bifunctional GTP diphosphokinase/guanosine-3',5'-bis pyrophosphate 3'-pyrophosphohydrolase [Photorhabdus aegyptia]
spoT	WP_011144671	K662I	662	665	K	I	K	K	85.614	100.0	702	705	705	1266.0	MULTISPECIES: bifunctional GTP diphosphokinase/guanosine-3',5'-bis pyrophosphate 3'-pyrophosphohydrolase [Photorhabdus]
spoT	WP_280550552	K662I	662	665	K	I	K	K	85.411	100.0	702	705	705	1266.0	bifunctional GTP diphosphokinase/guanosine-3',5'-bis pyrophosphate 3'-pyrophosphohydrolase [Arsenophonus sp. aPb]
spoT	WP_036846176	K662I	662	665	K	I	K	K	85.472	100.0	702	705	705	1266.0	MULTISPECIES: bifunctional GTP diphosphokinase/guanosine-3',5'-bis pyrophosphate 3'-pyrophosphohydrolase [Photorhabdus]
spoT	WP_113041171	K662I	662	665	K	I	K	K	85.614	100.0	702	705	705	1265.0	MULTISPECIES: bifunctional GTP diphosphokinase/guanosine-3',5'-bis pyrophosphate 3'-pyrophosphohydrolase [Photorhabdus]
spoT	WP_434526678	K662I	662	665	K	I	K	K	85.816	100.0	702	705	705	1265.0	bifunctional GTP diphosphokinase/guanosine-3',5'-bis pyrophosphate 3'-pyrophosphohydrolase [Photorhabdus asymbiotica]
spoT	WP_036813825	K662I	662	665	K	I	K	K	85.957	100.0	702	705	705	1265.0	bifunctional GTP diphosphokinase/guanosine-3',5'-bis pyrophosphate 3'-pyrophosphohydrolase [Photorhabdus akhurstii]
spoT	WP_046974764	K662I	662	665	K	I	K	K	85.472	100.0	702	705	705	1265.0	MULTISPECIES: bifunctional GTP diphosphokinase/guanosine-3',5'-bis pyrophosphate 3'-pyrophosphohydrolase [Photorhabdus]
spoT	WP_113025701	K662I	662	665	K	I	K	K	85.472	100.0	702	705	705	1265.0	bifunctional GTP diphosphokinase/guanosine-3',5'-bis pyrophosphate 3'-pyrophosphohydrolase [Photorhabdus laumondii]
spoT	WP_339053803	K662I	662	665	K	I	K	K	85.411	100.0	702	705	705	1265.0	bifunctional GTP diphosphokinase/guanosine-3',5'-bis pyrophosphate 3'-pyrophosphohydrolase [Arsenophonus endosymbiont of Crataerina pallida]
spoT	WP_133814444	K662I	662	667	K	I	K	K	86.017	100.0	702	707	707	1265.0	MULTISPECIES: bifunctional GTP diphosphokinase/guanosine-3',5'-bis pyrophosphate 3'-pyrophosphohydrolase [Photorhabdus]
spoT	WP_110086257	K662I	662	665	K	I	K	K	85.816	100.0	702	705	705	1264.0	bifunctional GTP diphosphokinase/guanosine-3',5'-bis pyrophosphate 3'-pyrophosphohydrolase [Photorhabdus akhurstii]
spoT	WP_162107547	K662I	662	665	K	I	K	K	85.472	100.0	702	705	705	1264.0	bifunctional GTP diphosphokinase/guanosine-3',5'-bis pyrophosphate 3'-pyrophosphohydrolase [Photorhabdus laumondii]
spoT	WP_350385885	K662I	662	665	K	I	K	K	85.472	100.0	702	705	705	1264.0	MULTISPECIES: bifunctional GTP diphosphokinase/guanosine-3',5'-bis pyrophosphate 3'-pyrophosphohydrolase [Photorhabdus]
spoT	WP_059334263	K662I	662	568	K	I	K	K	99.836	87.0	702	608	608	1264.0	bifunctional GTP diphosphokinase/guanosine-3',5'-bis pyrophosphate 3'-pyrophosphohydrolase, partial [Escherichia coli]
spoT	WP_271866041	K662I	662	665	K	I	K	K	85.472	100.0	702	705	705	1264.0	MULTISPECIES: bifunctional GTP diphosphokinase/guanosine-3',5'-bis pyrophosphate 3'-pyrophosphohydrolase [Photorhabdus]
spoT	WP_262978031	K662I	662	665	K	I	K	K	85.331	100.0	702	705	705	1263.0	bifunctional GTP diphosphokinase/guanosine-3',5'-bis pyrophosphate 3'-pyrophosphohydrolase [Photorhabdus kayaii]
spoT	WP_172908771	K662I	662	667	K	I	K	K	85.856	100.0	702	707	707	1263.0	bifunctional GTP diphosphokinase/guanosine-3',5'-bis pyrophosphate 3'-pyrophosphohydrolase [Photorhabdus heterorhabditis]
spoT	WP_290606635	K662I	662	665	K	I	K	K	85.269	100.0	702	705	705	1262.0	bifunctional GTP diphosphokinase/guanosine-3',5'-bis pyrophosphate 3'-pyrophosphohydrolase [Arsenophonus sp. ENCA]
spoT	WP_339058354	K662I	662	662	K	I	K	K	86.222	100.0	702	702	702	1262.0	bifunctional GTP diphosphokinase/guanosine-3',5'-bis pyrophosphate 3'-pyrophosphohydrolase [Candidatus Regiella endosymbiont of Tuberolachnus salignus]
spoT	WP_065821953	K662I	662	665	K	I	K	K	86.099	100.0	702	705	705	1262.0	bifunctional GTP diphosphokinase/guanosine-3',5'-bis pyrophosphate 3'-pyrophosphohydrolase [Photorhabdus australis]
spoT	WP_049584042	K662I	662	669	K	I	K	K	85.472	100.0	702	709	709	1262.0	MULTISPECIES: bifunctional GTP diphosphokinase/guanosine-3',5'-bis pyrophosphate 3'-pyrophosphohydrolase [Photorhabdus]
spoT	WP_474450660	K662I	662	665	K	I	K	K	85.127	100.0	702	705	705	1262.0	N/A
spoT	WP_176488296	K662I	662	662	K	I	K	K	85.938	100.0	702	702	702	1261.0	bifunctional GTP diphosphokinase/guanosine-3',5'-bis pyrophosphate 3'-pyrophosphohydrolase [Candidatus Regiella insecticola]
spoT	WP_039907077	K662I	662	662	K	I	K	K	85.938	100.0	702	702	702	1261.0	bifunctional GTP diphosphokinase/guanosine-3',5'-bis pyrophosphate 3'-pyrophosphohydrolase [Candidatus Regiella insecticola]
spoT	WP_054480504	K662I	662	667	K	I	K	K	85.714	100.0	702	707	707	1261.0	MULTISPECIES: bifunctional GTP diphosphokinase/guanosine-3',5'-bis pyrophosphate 3'-pyrophosphohydrolase [Photorhabdus]
spoT	WP_130590015	K662I	662	663	K	I	K	K	86.06	100.0	702	703	703	1261.0	MULTISPECIES: bifunctional GTP diphosphokinase/guanosine-3',5'-bis pyrophosphate 3'-pyrophosphohydrolase [Limnobaculum]
spoT	WP_046395303	K662I	662	665	K	I	K	K	85.816	100.0	702	705	705	1261.0	MULTISPECIES: bifunctional GTP diphosphokinase/guanosine-3',5'-bis pyrophosphate 3'-pyrophosphohydrolase [Photorhabdus]
spoT	WP_230609686	K662I	662	663	K	I	K	K	86.06	100.0	702	703	703	1261.0	bifunctional GTP diphosphokinase/guanosine-3',5'-bis pyrophosphate 3'-pyrophosphohydrolase [Limnobaculum eriocheiris]
spoT	WP_140920494	K662I	662	663	K	I	K	K	86.06	100.0	702	703	703	1260.0	bifunctional GTP diphosphokinase/guanosine-3',5'-bis pyrophosphate 3'-pyrophosphohydrolase [Limnobaculum xujianqingii]
spoT	WP_111738771	K662I	662	663	K	I	K	K	86.08	100.0	702	703	703	1260.0	bifunctional GTP diphosphokinase/guanosine-3',5'-bis pyrophosphate 3'-pyrophosphohydrolase [Leminorella richardii]
spoT	WP_119121164	K662I	662	566	K	I	K	K	99.835	86.0	702	606	606	1260.0	bifunctional GTP diphosphokinase/guanosine-3',5'-bis pyrophosphate 3'-pyrophosphohydrolase, partial [Escherichia coli]
spoT	WP_132346376	K662I	662	669	K	I	K	K	85.331	100.0	702	709	709	1259.0	MULTISPECIES: bifunctional GTP diphosphokinase/guanosine-3',5'-bis pyrophosphate 3'-pyrophosphohydrolase [Photorhabdus]
spoT	WP_088374939	K662I	662	674	K	I	K	K	84.734	100.0	702	714	714	1259.0	bifunctional GTP diphosphokinase/guanosine-3',5'-bis pyrophosphate 3'-pyrophosphohydrolase [Photorhabdus luminescens]
spoT	WP_047782431	K662I	662	663	K	I	K	K	85.775	100.0	702	703	703	1259.0	bifunctional GTP diphosphokinase/guanosine-3',5'-bis pyrophosphate 3'-pyrophosphohydrolase [Pragia fontium]
spoT	WP_074823943	K662I	662	663	K	I	K	K	85.775	100.0	702	703	703	1258.0	bifunctional GTP diphosphokinase/guanosine-3',5'-bis pyrophosphate 3'-pyrophosphohydrolase [Pragia fontium]
spoT	WP_265512972	K662I	662	674	K	I	K	K	84.734	100.0	702	714	714	1257.0	bifunctional GTP diphosphokinase/guanosine-3',5'-bis pyrophosphate 3'-pyrophosphohydrolase [Photorhabdus luminescens]
spoT	WP_200644874	K662I	662	579	K	I	K	K	97.9	88.0	702	619	619	1257.0	bifunctional GTP diphosphokinase/guanosine-3',5'-bis pyrophosphate 3'-pyrophosphohydrolase, partial [Salmonella enterica]
spoT	WP_196566121	K662I	662	668	K	I	K	K	84.485	100.0	702	708	708	1256.0	bifunctional GTP diphosphokinase/guanosine-3',5'-bis pyrophosphate 3'-pyrophosphohydrolase [Proteus alimentorum]
spoT	WP_285805051	K662I	662	668	K	I	K	K	84.626	100.0	702	708	708	1256.0	bifunctional GTP diphosphokinase/guanosine-3',5'-bis pyrophosphate 3'-pyrophosphohydrolase [Proteus appendicitidis]
spoT	WP_180816290	K662I	662	665	K	I	K	K	84.561	100.0	702	705	705	1256.0	bifunctional GTP diphosphokinase/guanosine-3',5'-bis pyrophosphate 3'-pyrophosphohydrolase [Arsenophonus endosymbiont of Aphis craccivora]
spoT	WP_151436337	K662I	662	668	K	I	K	K	84.485	100.0	702	708	708	1256.0	MULTISPECIES: bifunctional GTP diphosphokinase/guanosine-3',5'-bis pyrophosphate 3'-pyrophosphohydrolase [Proteus]
spoT	WP_099075991	K662I	662	668	K	I	K	K	84.485	100.0	702	708	708	1256.0	bifunctional GTP diphosphokinase/guanosine-3',5'-bis pyrophosphate 3'-pyrophosphohydrolase [Proteus alimentorum]
spoT	WP_100159688	K662I	662	668	K	I	K	K	84.344	100.0	702	708	708	1255.0	bifunctional GTP diphosphokinase/guanosine-3',5'-bis pyrophosphate 3'-pyrophosphohydrolase [Proteus columbae]
spoT	WP_036914370	K662I	662	668	K	I	K	K	84.626	100.0	702	708	708	1254.0	bifunctional GTP diphosphokinase/guanosine-3',5'-bis pyrophosphate 3'-pyrophosphohydrolase [Proteus cibi]
spoT	WP_109374333	K662I	662	668	K	I	K	K	84.485	100.0	702	708	708	1254.0	MULTISPECIES: bifunctional GTP diphosphokinase/guanosine-3',5'-bis pyrophosphate 3'-pyrophosphohydrolase [Proteus]
spoT	WP_198623198	K662I	662	668	K	I	K	K	84.344	100.0	702	708	708	1254.0	bifunctional GTP diphosphokinase/guanosine-3',5'-bis pyrophosphate 3'-pyrophosphohydrolase [Proteus vulgaris]
spoT	WP_129038472	K662I	662	665	K	I	K	K	84.648	100.0	702	705	705	1254.0	bifunctional GTP diphosphokinase/guanosine-3',5'-bis pyrophosphate 3'-pyrophosphohydrolase [Proteus hauseri]
spoT	WP_166539115	K662I	662	668	K	I	K	K	84.203	100.0	702	708	708	1254.0	MULTISPECIES: bifunctional GTP diphosphokinase/guanosine-3',5'-bis pyrophosphate 3'-pyrophosphohydrolase [Proteus]
spoT	WP_109395897	K662I	662	668	K	I	K	K	84.203	100.0	702	708	708	1254.0	MULTISPECIES: bifunctional GTP diphosphokinase/guanosine-3',5'-bis pyrophosphate 3'-pyrophosphohydrolase [Proteus]
spoT	WP_196534064	K662I	662	668	K	I	K	K	84.485	100.0	702	708	708	1254.0	MULTISPECIES: bifunctional GTP diphosphokinase/guanosine-3',5'-bis pyrophosphate 3'-pyrophosphohydrolase [Proteus]
spoT	WP_108901042	K662I	662	663	K	I	K	K	85.633	100.0	702	703	703	1254.0	bifunctional GTP diphosphokinase/guanosine-3',5'-bis pyrophosphate 3'-pyrophosphohydrolase [Limnobaculum parvum]
spoT	WP_066749381	K662I	662	668	K	I	K	K	84.485	100.0	702	708	708	1253.0	bifunctional GTP diphosphokinase/guanosine-3',5'-bis pyrophosphate 3'-pyrophosphohydrolase [Proteus myxofaciens]
spoT	WP_109408957	K662I	662	668	K	I	K	K	84.203	100.0	702	708	708	1253.0	MULTISPECIES: bifunctional GTP diphosphokinase/guanosine-3',5'-bis pyrophosphate 3'-pyrophosphohydrolase [Proteus]
spoT	WP_109399107	K662I	662	668	K	I	K	K	84.203	100.0	702	708	708	1253.0	bifunctional GTP diphosphokinase/guanosine-3',5'-bis pyrophosphate 3'-pyrophosphohydrolase [Proteus sp. TJ1640]
spoT	WP_036933842	K662I	662	668	K	I	K	K	84.203	100.0	702	708	708	1253.0	MULTISPECIES: bifunctional GTP diphosphokinase/guanosine-3',5'-bis pyrophosphate 3'-pyrophosphohydrolase [Proteus]
spoT	WP_198630376	K662I	662	668	K	I	K	K	84.344	100.0	702	708	708	1253.0	bifunctional GTP diphosphokinase/guanosine-3',5'-bis pyrophosphate 3'-pyrophosphohydrolase [Proteus sp. PR00208]
spoT	WP_196729172	K662I	662	668	K	I	K	K	84.344	100.0	702	708	708	1252.0	bifunctional GTP diphosphokinase/guanosine-3',5'-bis pyrophosphate 3'-pyrophosphohydrolase [Proteus terrae]
spoT	WP_193015846	K662I	662	668	K	I	K	K	83.921	100.0	702	708	708	1252.0	bifunctional GTP diphosphokinase/guanosine-3',5'-bis pyrophosphate 3'-pyrophosphohydrolase [Proteus sp. FME41]
spoT	WP_027273748	K662I	662	663	K	I	K	K	85.206	100.0	702	703	703	1252.0	bifunctional GTP diphosphokinase/guanosine-3',5'-bis pyrophosphate 3'-pyrophosphohydrolase [Leminorella grimontii]
spoT	WP_072064837	K662I	662	668	K	I	K	K	84.062	100.0	702	708	708	1252.0	MULTISPECIES: bifunctional GTP diphosphokinase/guanosine-3',5'-bis pyrophosphate 3'-pyrophosphohydrolase [Proteus]
spoT	WP_064718163	K662I	662	665	K	I	K	K	84.507	100.0	702	705	705	1252.0	bifunctional GTP diphosphokinase/guanosine-3',5'-bis pyrophosphate 3'-pyrophosphohydrolase [Proteus hauseri]
spoT	WP_088494337	K662I	662	668	K	I	K	K	84.203	100.0	702	708	708	1252.0	MULTISPECIES: bifunctional GTP diphosphokinase/guanosine-3',5'-bis pyrophosphate 3'-pyrophosphohydrolase [Proteus]
spoT	WP_159567199	K662I	662	662	K	I	K	K	85.633	100.0	702	702	702	1252.0	bifunctional GTP diphosphokinase/guanosine-3',5'-bis pyrophosphate 3'-pyrophosphohydrolase [Budvicia diplopodorum]
spoT	WP_227336150	K662I	662	668	K	I	K	K	84.203	100.0	702	708	708	1252.0	bifunctional GTP diphosphokinase/guanosine-3',5'-bis pyrophosphate 3'-pyrophosphohydrolase [Proteus sp. NMG38-2]
spoT	WP_098941683	K662I	662	668	K	I	K	K	84.203	100.0	702	708	708	1252.0	MULTISPECIES: bifunctional GTP diphosphokinase/guanosine-3',5'-bis pyrophosphate 3'-pyrophosphohydrolase [Proteus]
spoT	WP_075671312	K662I	662	668	K	I	K	K	84.203	100.0	702	708	708	1252.0	MULTISPECIES: bifunctional GTP diphosphokinase/guanosine-3',5'-bis pyrophosphate 3'-pyrophosphohydrolase [Proteus]
spoT	WP_325935149	K662I	662	668	K	I	K	K	84.485	100.0	702	708	708	1251.0	bifunctional GTP diphosphokinase/guanosine-3',5'-bis pyrophosphate 3'-pyrophosphohydrolase [Proteus cibi]
spoT	WP_413688145	K662I	662	668	K	I	K	K	84.248	100.0	702	708	708	1251.0	bifunctional GTP diphosphokinase/guanosine-3',5'-bis pyrophosphate 3'-pyrophosphohydrolase [Proteus mirabilis]
spoT	WP_161723998	K662I	662	668	K	I	K	K	84.062	100.0	702	708	708	1251.0	bifunctional GTP diphosphokinase/guanosine-3',5'-bis pyrophosphate 3'-pyrophosphohydrolase [Proteus sp. G2673]
spoT	WP_290314893	K662I	662	668	K	I	K	K	84.248	100.0	702	708	708	1251.0	bifunctional GTP diphosphokinase/guanosine-3',5'-bis pyrophosphate 3'-pyrophosphohydrolase [Proteus mirabilis]
spoT	WP_069369563	K662I	662	668	K	I	K	K	84.203	100.0	702	708	708	1251.0	MULTISPECIES: bifunctional GTP diphosphokinase/guanosine-3',5'-bis pyrophosphate 3'-pyrophosphohydrolase [Enterobacterales]
spoT	WP_049203258	K662I	662	668	K	I	K	K	84.248	100.0	702	708	708	1251.0	MULTISPECIES: bifunctional GTP diphosphokinase/guanosine-3',5'-bis pyrophosphate 3'-pyrophosphohydrolase [Proteus]
spoT	WP_072068820	K662I	662	668	K	I	K	K	84.485	100.0	702	708	708	1251.0	MULTISPECIES: bifunctional GTP diphosphokinase/guanosine-3',5'-bis pyrophosphate 3'-pyrophosphohydrolase [Proteus]
spoT	WP_109419310	K662I	662	668	K	I	K	K	84.203	100.0	702	708	708	1251.0	bifunctional GTP diphosphokinase/guanosine-3',5'-bis pyrophosphate 3'-pyrophosphohydrolase [Proteus terrae]
spoT	WP_113976811	K662I	662	668	K	I	K	K	84.107	100.0	702	708	708	1250.0	bifunctional GTP diphosphokinase/guanosine-3',5'-bis pyrophosphate 3'-pyrophosphohydrolase [Proteus mirabilis]
spoT	WP_196748089	K662I	662	668	K	I	K	K	84.107	100.0	702	708	708	1250.0	bifunctional GTP diphosphokinase/guanosine-3',5'-bis pyrophosphate 3'-pyrophosphohydrolase [Proteus mirabilis]
spoT	WP_109910629	K662I	662	670	K	I	K	K	83.826	100.0	702	710	710	1249.0	bifunctional GTP diphosphokinase/guanosine-3',5'-bis pyrophosphate 3'-pyrophosphohydrolase [Proteus mirabilis]
spoT	WP_368870557	K662I	662	668	K	I	K	K	84.203	100.0	702	708	708	1249.0	bifunctional GTP diphosphokinase/guanosine-3',5'-bis pyrophosphate 3'-pyrophosphohydrolase [Proteus mirabilis]
spoT	WP_413688597	K662I	662	668	K	I	K	K	84.107	100.0	702	708	708	1249.0	bifunctional GTP diphosphokinase/guanosine-3',5'-bis pyrophosphate 3'-pyrophosphohydrolase [Proteus mirabilis]
spoT	WP_211838143	K662I	662	668	K	I	K	K	84.062	100.0	702	708	708	1249.0	bifunctional GTP diphosphokinase/guanosine-3',5'-bis pyrophosphate 3'-pyrophosphohydrolase [Proteus terrae]
spoT	WP_029093749	K662I	662	662	K	I	K	K	85.328	100.0	702	702	702	1249.0	bifunctional GTP diphosphokinase/guanosine-3',5'-bis pyrophosphate 3'-pyrophosphohydrolase [Budvicia aquatica]
spoT	WP_071425739	K662I	662	668	K	I	K	K	84.107	100.0	702	708	708	1249.0	bifunctional GTP diphosphokinase/guanosine-3',5'-bis pyrophosphate 3'-pyrophosphohydrolase [Proteus mirabilis]
spoT	WP_004246819	K662I	662	668	K	I	K	K	84.107	100.0	702	708	708	1249.0	MULTISPECIES: bifunctional GTP diphosphokinase/guanosine-3',5'-bis pyrophosphate 3'-pyrophosphohydrolase [Proteus]
spoT	WP_060555746	K662I	662	669	K	I	K	K	83.989	100.0	702	709	709	1249.0	MULTISPECIES: bifunctional GTP diphosphokinase/guanosine-3',5'-bis pyrophosphate 3'-pyrophosphohydrolase [Proteus]
spoT	WP_286452047	K662I	662	668	K	I	K	K	83.966	100.0	702	708	708	1249.0	bifunctional GTP diphosphokinase/guanosine-3',5'-bis pyrophosphate 3'-pyrophosphohydrolase [Proteus mirabilis]
spoT	WP_269616167	K662I	662	668	K	I	K	K	83.966	100.0	702	708	708	1248.0	bifunctional GTP diphosphokinase/guanosine-3',5'-bis pyrophosphate 3'-pyrophosphohydrolase [Proteus mirabilis]
spoT	WP_119711713	K662I	662	665	K	I	K	K	84.136	100.0	702	705	705	1248.0	bifunctional GTP diphosphokinase/guanosine-3',5'-bis pyrophosphate 3'-pyrophosphohydrolase [Arsenophonus endosymbiont of Aleurodicus floccissimus]
spoT	WP_349464431	K662I	662	668	K	I	K	K	83.921	100.0	702	708	708	1248.0	bifunctional GTP diphosphokinase/guanosine-3',5'-bis pyrophosphate 3'-pyrophosphohydrolase [Proteus hauseri]
spoT	WP_371032816	K662I	662	668	K	I	K	K	84.344	100.0	702	708	708	1248.0	bifunctional GTP diphosphokinase/guanosine-3',5'-bis pyrophosphate 3'-pyrophosphohydrolase [Proteus vulgaris]
spoT	WP_273800104	K662I	662	668	K	I	K	K	83.966	100.0	702	708	708	1248.0	bifunctional GTP diphosphokinase/guanosine-3',5'-bis pyrophosphate 3'-pyrophosphohydrolase [Proteus mirabilis]
spoT	WP_202054645	K662I	662	668	K	I	K	K	83.966	100.0	702	708	708	1248.0	bifunctional GTP diphosphokinase/guanosine-3',5'-bis pyrophosphate 3'-pyrophosphohydrolase [Proteus mirabilis]
spoT	WP_049211627	K662I	662	668	K	I	K	K	83.966	100.0	702	708	708	1248.0	bifunctional GTP diphosphokinase/guanosine-3',5'-bis pyrophosphate 3'-pyrophosphohydrolase [Proteus mirabilis]
spoT	WP_368897805	K662I	662	668	K	I	K	K	83.966	100.0	702	708	708	1248.0	bifunctional GTP diphosphokinase/guanosine-3',5'-bis pyrophosphate 3'-pyrophosphohydrolase [Proteus mirabilis]
spoT	WP_237737523	K662I	662	668	K	I	K	K	83.966	100.0	702	708	708	1248.0	bifunctional GTP diphosphokinase/guanosine-3',5'-bis pyrophosphate 3'-pyrophosphohydrolase [Proteus mirabilis]
spoT	WP_458968089	K662I	662	668	K	I	K	K	83.966	100.0	702	708	708	1248.0	bifunctional GTP diphosphokinase/guanosine-3',5'-bis pyrophosphate 3'-pyrophosphohydrolase [Proteus mirabilis]
spoT	WP_212552383	K662I	662	668	K	I	K	K	83.966	100.0	702	708	708	1247.0	bifunctional GTP diphosphokinase/guanosine-3',5'-bis pyrophosphate 3'-pyrophosphohydrolase [Proteus mirabilis]
spoT	WP_425655384	K662I	662	668	K	I	K	K	83.966	100.0	702	708	708	1247.0	bifunctional GTP diphosphokinase/guanosine-3',5'-bis pyrophosphate 3'-pyrophosphohydrolase [Proteus mirabilis]
spoT	WP_135180097	K662I	662	667	K	I	K	K	84.085	100.0	702	707	707	1247.0	bifunctional GTP diphosphokinase/guanosine-3',5'-bis pyrophosphate 3'-pyrophosphohydrolase, partial [Proteus mirabilis]
spoT	WP_155195825	K662I	662	668	K	I	K	K	83.966	100.0	702	708	708	1247.0	bifunctional GTP diphosphokinase/guanosine-3',5'-bis pyrophosphate 3'-pyrophosphohydrolase [Proteus mirabilis]
spoT	WP_265824936	K662I	662	668	K	I	K	K	83.966	100.0	702	708	708	1246.0	bifunctional GTP diphosphokinase/guanosine-3',5'-bis pyrophosphate 3'-pyrophosphohydrolase [Proteus mirabilis]
spoT	WP_458039185	K662I	662	668	K	I	K	K	83.966	100.0	702	708	708	1246.0	bifunctional GTP diphosphokinase/guanosine-3',5'-bis pyrophosphate 3'-pyrophosphohydrolase [Proteus mirabilis]
spoT	WP_340129408	K662I	662	586	K	I	K	K	96.006	89.0	702	626	626	1246.0	bifunctional GTP diphosphokinase/guanosine-3',5'-bis pyrophosphate 3'-pyrophosphohydrolase, partial [Klebsiella pneumoniae]
spoT	WP_181995216	K662I	662	665	K	I	K	K	83.853	100.0	702	705	705	1246.0	bifunctional GTP diphosphokinase/guanosine-3',5'-bis pyrophosphate 3'-pyrophosphohydrolase [Arsenophonus endosymbiont of Bemisia tabaci]
spoT	WP_135425974	K662I	662	558	K	I	K	K	97.826	85.0	702	598	598	1215.0	bifunctional GTP diphosphokinase/guanosine-3',5'-bis pyrophosphate 3'-pyrophosphohydrolase, partial [Salmonella enterica]
spoT	WP_274351248	K662I	662	571	K	I	K	K	95.417	86.0	702	611	611	1212.0	bifunctional GTP diphosphokinase/guanosine-3',5'-bis pyrophosphate 3'-pyrophosphohydrolase, partial [Kosakonia radicincitans]
spoT	WP_226810478	K662I	662	664	K	I	K	K	83.404	100.0	702	704	704	1212.0	bifunctional GTP diphosphokinase/guanosine-3',5'-bis pyrophosphate 3'-pyrophosphohydrolase [Candidatus Steffania adelgidicola]
spoT	WP_174889041	K662I	662	660	K	I	K	K	81.935	100.0	702	700	700	1211.0	bifunctional GTP diphosphokinase/guanosine-3',5'-bis pyrophosphate 3'-pyrophosphohydrolase [Candidatus Williamhamiltonella defendens]
spoT	WP_015873188	K662I	662	660	K	I	K	K	81.792	100.0	702	700	700	1209.0	MULTISPECIES: bifunctional GTP diphosphokinase/guanosine-3',5'-bis pyrophosphate 3'-pyrophosphohydrolase [Candidatus Williamhamiltonella]
spoT	WP_046493640	K662I	662	660	K	I	K	K	81.792	100.0	702	700	700	1209.0	bifunctional GTP diphosphokinase/guanosine-3',5'-bis pyrophosphate 3'-pyrophosphohydrolase [Candidatus Williamhamiltonella defendens]
spoT	WP_100103132	K662I	662	660	K	I	K	K	81.65	100.0	702	700	700	1207.0	bifunctional GTP diphosphokinase/guanosine-3',5'-bis pyrophosphate 3'-pyrophosphohydrolase [Candidatus Williamhamiltonella defendens]
spoT	WP_100096345	K662I	662	660	K	I	K	K	81.65	100.0	702	700	700	1207.0	bifunctional GTP diphosphokinase/guanosine-3',5'-bis pyrophosphate 3'-pyrophosphohydrolase [Candidatus Williamhamiltonella defendens]
spoT	WP_016857395	K662I	662	660	K	I	K	K	81.65	100.0	702	700	700	1206.0	bifunctional GTP diphosphokinase/guanosine-3',5'-bis pyrophosphate 3'-pyrophosphohydrolase [Candidatus Williamhamiltonella defendens]
spoT	WP_213977896	K662I	662	582	K	I	K	K	92.937	88.0	702	622	622	1193.0	bifunctional GTP diphosphokinase/guanosine-3',5'-bis pyrophosphate 3'-pyrophosphohydrolase, partial [Serratia marcescens]
spoT	WP_158380022	K662I	662	660	K	I	K	K	80.512	100.0	702	700	700	1186.0	bifunctional GTP diphosphokinase/guanosine-3',5'-bis pyrophosphate 3'-pyrophosphohydrolase [Candidatus Williamhamiltonella defendens]
spoT	WP_158367595	K662I	662	660	K	I	K	K	80.228	100.0	702	700	700	1186.0	bifunctional GTP diphosphokinase/guanosine-3',5'-bis pyrophosphate 3'-pyrophosphohydrolase [Candidatus Williamhamiltonella defendens]
spoT	WP_380379623	K662I	662	557	K	I	K	K	95.477	84.0	702	597	597	1181.0	bifunctional GTP diphosphokinase/guanosine-3',5'-bis pyrophosphate 3'-pyrophosphohydrolase, partial [Klebsiella aerogenes]
spoT	WP_473647992	K662I	662	537	K	I	K	K	97.574	82.0	702	577	577	1170.0	N/A
spoT	WP_112156463	K662I	662	545	K	I	K	K	95.726	83.0	702	585	585	1162.0	bifunctional GTP diphosphokinase/guanosine-3',5'-bis pyrophosphate 3'-pyrophosphohydrolase, partial [Klebsiella pneumoniae]
spoT	WP_244267399	K662I	662	589	K	I	K	K	89.984	90.0	702	629	629	1158.0	bifunctional GTP diphosphokinase/guanosine-3',5'-bis pyrophosphate 3'-pyrophosphohydrolase, partial [Sodalis-like endosymbiont of Proechinophthirus fluctus]
spoT	WP_183071258	K662I	662	525	K	I	K	K	97.699	80.0	702	565	565	1150.0	bifunctional GTP diphosphokinase/guanosine-3',5'-bis pyrophosphate 3'-pyrophosphohydrolase, partial [Salmonella enterica]
spoT	WP_274872496	K662I	662	558	K	I	K	K	92.654	85.0	702	598	598	1144.0	bifunctional GTP diphosphokinase/guanosine-3',5'-bis pyrophosphate 3'-pyrophosphohydrolase, partial [Serratia marcescens]
spoT	WP_093317355	K662I	662	666	K	I	K	K	75.212	100.0	702	706	706	1125.0	bifunctional GTP diphosphokinase/guanosine-3',5'-bis pyrophosphate 3'-pyrophosphohydrolase [Thorsellia anophelis]
spoT	WP_446511537	K662I	662	660	K	I	K	K	75.214	100.0	702	700	700	1115.0	bifunctional GTP diphosphokinase/guanosine-3',5'-bis pyrophosphate 3'-pyrophosphohydrolase [Photobacterium sp. DNB22_13_2]
spoT	WP_281026123	K662I	662	660	K	I	K	K	75.356	100.0	702	700	700	1115.0	bifunctional GTP diphosphokinase/guanosine-3',5'-bis pyrophosphate 3'-pyrophosphohydrolase [Photobacterium sp. DA100]
spoT	WP_039457189	K662I	662	660	K	I	K	K	75.214	100.0	702	700	700	1114.0	bifunctional GTP diphosphokinase/guanosine-3',5'-bis pyrophosphate 3'-pyrophosphohydrolase [Photobacterium gaetbulicola]
spoT	WP_047877763	K662I	662	661	K	I	K	K	75.214	100.0	702	701	701	1113.0	bifunctional GTP diphosphokinase/guanosine-3',5'-bis pyrophosphate 3'-pyrophosphohydrolase [Photobacterium aquae]
spoT	WP_428466168	K662I	662	660	K	I	K	K	74.929	100.0	702	700	700	1113.0	bifunctional GTP diphosphokinase/guanosine-3',5'-bis pyrophosphate 3'-pyrophosphohydrolase [Photobacterium minamisatsumaniensis]
spoT	WP_107349750	K662I	662	660	K	I	K	K	75.071	100.0	702	700	700	1112.0	bifunctional GTP diphosphokinase/guanosine-3',5'-bis pyrophosphate 3'-pyrophosphohydrolase [Photobacterium lutimaris]
spoT	WP_107298954	K662I	662	660	K	I	K	K	74.786	100.0	702	700	700	1112.0	MULTISPECIES: bifunctional GTP diphosphokinase/guanosine-3',5'-bis pyrophosphate 3'-pyrophosphohydrolase [Photobacterium]
spoT	WP_317524131	K662I	662	660	K	I	K	K	74.929	100.0	702	700	700	1112.0	bifunctional GTP diphosphokinase/guanosine-3',5'-bis pyrophosphate 3'-pyrophosphohydrolase [Photobacterium rosenbergii]
spoT	WP_107228632	K662I	662	660	K	I	K	K	75.499	100.0	702	700	700	1111.0	bifunctional GTP diphosphokinase/guanosine-3',5'-bis pyrophosphate 3'-pyrophosphohydrolase [Photobacterium phosphoreum]
spoT	WP_428654324	K662I	662	660	K	I	K	K	75.214	100.0	702	700	700	1111.0	bifunctional GTP diphosphokinase/guanosine-3',5'-bis pyrophosphate 3'-pyrophosphohydrolase [Photobacterium satsumensis]
spoT	WP_385876785	K662I	662	669	K	I	K	K	74.753	100.0	702	709	709	1111.0	bifunctional GTP diphosphokinase/guanosine-3',5'-bis pyrophosphate 3'-pyrophosphohydrolase [Thorsellia kenyensis]
spoT	WP_101768135	K662I	662	660	K	I	K	K	75.783	100.0	702	700	700	1111.0	bifunctional GTP diphosphokinase/guanosine-3',5'-bis pyrophosphate 3'-pyrophosphohydrolase [Photobacterium carnosum]
spoT	WP_016676017	K662I	662	544	K	I	K	K	90.753	83.0	702	584	584	1111.0	bifunctional GTP diphosphokinase/guanosine-3',5'-bis pyrophosphate 3'-pyrophosphohydrolase, partial [Yersinia pestis]
spoT	WP_065195687	K662I	662	660	K	I	K	K	75.499	100.0	702	700	700	1111.0	bifunctional GTP diphosphokinase/guanosine-3',5'-bis pyrophosphate 3'-pyrophosphohydrolase [Photobacterium phosphoreum]
spoT	WP_428456580	K662I	662	660	K	I	K	K	74.786	100.0	702	700	700	1111.0	bifunctional GTP diphosphokinase/guanosine-3',5'-bis pyrophosphate 3'-pyrophosphohydrolase [Photobacterium makurazakiensis]
spoT	WP_232598249	K662I	662	660	K	I	K	K	75.783	100.0	702	700	700	1111.0	bifunctional GTP diphosphokinase/guanosine-3',5'-bis pyrophosphate 3'-pyrophosphohydrolase [Photobacterium carnosum]
spoT	WP_255040314	K662I	662	660	K	I	K	K	74.929	100.0	702	700	700	1111.0	MULTISPECIES: bifunctional GTP diphosphokinase/guanosine-3',5'-bis pyrophosphate 3'-pyrophosphohydrolase [Photobacterium]
spoT	WP_044622310	K662I	662	660	K	I	K	K	74.929	100.0	702	700	700	1111.0	bifunctional GTP diphosphokinase/guanosine-3',5'-bis pyrophosphate 3'-pyrophosphohydrolase [Photobacterium gaetbulicola]
spoT	WP_428447161	K662I	662	660	K	I	K	K	75.071	100.0	702	700	700	1110.0	bifunctional GTP diphosphokinase/guanosine-3',5'-bis pyrophosphate 3'-pyrophosphohydrolase [Photobacterium nomapromontoriensis]
spoT	WP_327775041	K662I	662	660	K	I	K	K	75.356	100.0	702	700	700	1110.0	bifunctional GTP diphosphokinase/guanosine-3',5'-bis pyrophosphate 3'-pyrophosphohydrolase [Photobacterium toruni]
spoT	WP_045031803	K662I	662	660	K	I	K	K	75.356	100.0	702	700	700	1110.0	bifunctional GTP diphosphokinase/guanosine-3',5'-bis pyrophosphate 3'-pyrophosphohydrolase [Photobacterium phosphoreum]
spoT	WP_475237868	K662I	662	660	K	I	K	K	74.786	100.0	702	700	700	1110.0	N/A
spoT	WP_080174304	K662I	662	660	K	I	K	K	75.356	100.0	702	700	700	1110.0	bifunctional GTP diphosphokinase/guanosine-3',5'-bis pyrophosphate 3'-pyrophosphohydrolase [Photobacterium toruni]
spoT	WP_107189955	K662I	662	660	K	I	K	K	75.356	100.0	702	700	700	1110.0	bifunctional GTP diphosphokinase/guanosine-3',5'-bis pyrophosphate 3'-pyrophosphohydrolase [Photobacterium phosphoreum]
spoT	WP_232615936	K662I	662	660	K	I	K	K	75.641	100.0	702	700	700	1110.0	bifunctional GTP diphosphokinase/guanosine-3',5'-bis pyrophosphate 3'-pyrophosphohydrolase [Photobacterium carnosum]
spoT	WP_464691983	K662I	662	660	K	I	K	K	74.644	100.0	702	700	700	1109.0	N/A
spoT	WP_475252749	K662I	662	660	K	I	K	K	74.929	100.0	702	700	700	1109.0	N/A
spoT	WP_087845716	K662I	662	660	K	I	K	K	75.214	100.0	702	700	700	1109.0	bifunctional GTP diphosphokinase/guanosine-3',5'-bis pyrophosphate 3'-pyrophosphohydrolase [Photobacterium malacitanum]
spoT	WP_065169262	K662I	662	660	K	I	K	K	75.071	100.0	702	700	700	1108.0	bifunctional GTP diphosphokinase/guanosine-3',5'-bis pyrophosphate 3'-pyrophosphohydrolase [Photobacterium aquimaris]
spoT	WP_087854352	K662I	662	660	K	I	K	K	75.071	100.0	702	700	700	1108.0	bifunctional GTP diphosphokinase/guanosine-3',5'-bis pyrophosphate 3'-pyrophosphohydrolase [Photobacterium andalusiense]
spoT	WP_087821420	K662I	662	660	K	I	K	K	75.071	100.0	702	700	700	1108.0	bifunctional GTP diphosphokinase/guanosine-3',5'-bis pyrophosphate 3'-pyrophosphohydrolase [Photobacterium aquimaris]
spoT	WP_163923117	K662I	662	660	K	I	K	K	75.071	100.0	702	700	700	1108.0	bifunctional GTP diphosphokinase/guanosine-3',5'-bis pyrophosphate 3'-pyrophosphohydrolase [Photobacterium sp. Alg240-V54]
spoT	WP_394166976	K662I	662	660	K	I	K	K	75.214	100.0	702	700	700	1108.0	bifunctional GTP diphosphokinase/guanosine-3',5'-bis pyrophosphate 3'-pyrophosphohydrolase [Photobacterium piscicola]
spoT	WP_256383500	K662I	662	660	K	I	K	K	75.214	100.0	702	700	700	1108.0	bifunctional GTP diphosphokinase/guanosine-3',5'-bis pyrophosphate 3'-pyrophosphohydrolase [Photobacterium toruni]
spoT	WP_107239832	K662I	662	660	K	I	K	K	75.071	100.0	702	700	700	1108.0	bifunctional GTP diphosphokinase/guanosine-3',5'-bis pyrophosphate 3'-pyrophosphohydrolase [Photobacterium phosphoreum]
spoT	WP_107207439	K662I	662	660	K	I	K	K	74.359	100.0	702	700	700	1107.0	MULTISPECIES: bifunctional GTP diphosphokinase/guanosine-3',5'-bis pyrophosphate 3'-pyrophosphohydrolase [unclassified Photobacterium]
spoT	WP_080159206	K662I	662	660	K	I	K	K	75.214	100.0	702	700	700	1107.0	MULTISPECIES: bifunctional GTP diphosphokinase/guanosine-3',5'-bis pyrophosphate 3'-pyrophosphohydrolase [Photobacterium]
spoT	WP_060997760	K662I	662	660	K	I	K	K	74.929	100.0	702	700	700	1107.0	bifunctional GTP diphosphokinase/guanosine-3',5'-bis pyrophosphate 3'-pyrophosphohydrolase [Photobacterium aquimaris]
spoT	WP_318478662	K662I	662	660	K	I	K	K	74.501	100.0	702	700	700	1107.0	bifunctional GTP diphosphokinase/guanosine-3',5'-bis pyrophosphate 3'-pyrophosphohydrolase [Photobacterium leiognathi]
spoT	WP_279146522	K662I	662	660	K	I	K	K	75.499	100.0	702	700	700	1107.0	bifunctional GTP diphosphokinase/guanosine-3',5'-bis pyrophosphate 3'-pyrophosphohydrolase [Photobacterium carnosum]
spoT	WP_305837238	K662I	662	660	K	I	K	K	74.501	100.0	702	700	700	1106.0	bifunctional GTP diphosphokinase/guanosine-3',5'-bis pyrophosphate 3'-pyrophosphohydrolase [Photobacterium leiognathi]
spoT	WP_107234677	K662I	662	660	K	I	K	K	74.501	100.0	702	700	700	1106.0	bifunctional GTP diphosphokinase/guanosine-3',5'-bis pyrophosphate 3'-pyrophosphohydrolase [Photobacterium leiognathi]
spoT	WP_036789321	K662I	662	660	K	I	K	K	75.142	100.0	702	700	700	1106.0	bifunctional GTP diphosphokinase/guanosine-3',5'-bis pyrophosphate 3'-pyrophosphohydrolase [Photobacterium kishitanii]
spoT	WP_008988190	K662I	662	660	K	I	K	K	74.501	100.0	702	700	700	1106.0	MULTISPECIES: bifunctional GTP diphosphokinase/guanosine-3',5'-bis pyrophosphate 3'-pyrophosphohydrolase [Photobacterium]
spoT	WP_047875553	K662I	662	660	K	I	K	K	74.644	100.0	702	700	700	1106.0	bifunctional GTP diphosphokinase/guanosine-3',5'-bis pyrophosphate 3'-pyrophosphohydrolase [Photobacterium aphoticum]
spoT	WP_327768227	K662I	662	660	K	I	K	K	75.071	100.0	702	700	700	1106.0	bifunctional GTP diphosphokinase/guanosine-3',5'-bis pyrophosphate 3'-pyrophosphohydrolase [Photobacterium piscicola]
spoT	WP_045063353	K662I	662	660	K	I	K	K	74.501	100.0	702	700	700	1105.0	bifunctional GTP diphosphokinase/guanosine-3',5'-bis pyrophosphate 3'-pyrophosphohydrolase [Photobacterium leiognathi]
spoT	WP_318483715	K662I	662	660	K	I	K	K	74.501	100.0	702	700	700	1105.0	bifunctional GTP diphosphokinase/guanosine-3',5'-bis pyrophosphate 3'-pyrophosphohydrolase [Photobacterium leiognathi]
spoT	WP_005371961	K662I	662	660	K	I	K	K	74.217	100.0	702	700	700	1105.0	bifunctional GTP diphosphokinase/guanosine-3',5'-bis pyrophosphate 3'-pyrophosphohydrolase [Photobacterium angustum]
spoT	WP_408900591	K662I	662	660	K	I	K	K	75.071	100.0	702	700	700	1105.0	bifunctional GTP diphosphokinase/guanosine-3',5'-bis pyrophosphate 3'-pyrophosphohydrolase [Photobacterium piscicola]
spoT	WP_318521372	K662I	662	660	K	I	K	K	74.501	100.0	702	700	700	1104.0	bifunctional GTP diphosphokinase/guanosine-3',5'-bis pyrophosphate 3'-pyrophosphohydrolase [Photobacterium leiognathi]
spoT	WP_048898817	K662I	662	661	K	I	K	K	74.217	100.0	702	701	701	1104.0	bifunctional GTP diphosphokinase/guanosine-3',5'-bis pyrophosphate 3'-pyrophosphohydrolase [Photobacterium swingsii]
spoT	WP_261857657	K662I	662	661	K	I	K	K	74.074	100.0	702	701	701	1104.0	bifunctional GTP diphosphokinase/guanosine-3',5'-bis pyrophosphate 3'-pyrophosphohydrolase [Photobacterium sanguinicancri]
spoT	WP_045083817	K662I	662	660	K	I	K	K	74.217	100.0	702	700	700	1104.0	bifunctional GTP diphosphokinase/guanosine-3',5'-bis pyrophosphate 3'-pyrophosphohydrolase [Photobacterium angustum]
spoT	WP_297480969	K662I	662	660	K	I	K	K	75.071	100.0	702	700	700	1104.0	bifunctional GTP diphosphokinase/guanosine-3',5'-bis pyrophosphate 3'-pyrophosphohydrolase [uncultured Photobacterium sp.]
spoT	WP_428475912	K662I	662	660	K	I	K	K	74.501	100.0	702	700	700	1104.0	bifunctional GTP diphosphokinase/guanosine-3',5'-bis pyrophosphate 3'-pyrophosphohydrolase [Photobacterium japonica]
spoT	WP_318401726	K662I	662	660	K	I	K	K	74.359	100.0	702	700	700	1104.0	bifunctional GTP diphosphokinase/guanosine-3',5'-bis pyrophosphate 3'-pyrophosphohydrolase [Photobacterium leiognathi]
spoT	WP_318481490	K662I	662	660	K	I	K	K	74.359	100.0	702	700	700	1104.0	bifunctional GTP diphosphokinase/guanosine-3',5'-bis pyrophosphate 3'-pyrophosphohydrolase [Photobacterium leiognathi]
spoT	WP_107286032	K662I	662	660	K	I	K	K	75.0	100.0	702	700	700	1104.0	bifunctional GTP diphosphokinase/guanosine-3',5'-bis pyrophosphate 3'-pyrophosphohydrolase [Photobacterium kishitanii]
spoT	WP_238029840	K662I	662	660	K	I	K	K	74.074	100.0	702	700	700	1104.0	MULTISPECIES: bifunctional GTP diphosphokinase/guanosine-3',5'-bis pyrophosphate 3'-pyrophosphohydrolase [unclassified Photobacterium]
spoT	WP_284647868	K662I	662	661	K	I	K	K	74.68	100.0	702	701	701	1104.0	bifunctional GTP diphosphokinase/guanosine-3',5'-bis pyrophosphate 3'-pyrophosphohydrolase [Photobacterium damselae]
spoT	WP_327763811	K662I	662	660	K	I	K	K	74.929	100.0	702	700	700	1103.0	bifunctional GTP diphosphokinase/guanosine-3',5'-bis pyrophosphate 3'-pyrophosphohydrolase [Photobacterium sp. S4TG1]
spoT	WP_305464466	K662I	662	660	K	I	K	K	74.359	100.0	702	700	700	1103.0	bifunctional GTP diphosphokinase/guanosine-3',5'-bis pyrophosphate 3'-pyrophosphohydrolase [Photobacterium leiognathi]
spoT	WP_176284257	K662I	662	661	K	I	K	K	74.68	100.0	702	701	701	1103.0	bifunctional GTP diphosphokinase/guanosine-3',5'-bis pyrophosphate 3'-pyrophosphohydrolase [Photobacterium damselae]
spoT	WP_086367659	K662I	662	661	K	I	K	K	74.68	100.0	702	701	701	1103.0	bifunctional GTP diphosphokinase/guanosine-3',5'-bis pyrophosphate 3'-pyrophosphohydrolase [Photobacterium damselae]
spoT	WP_305840770	K662I	662	660	K	I	K	K	74.359	100.0	702	700	700	1103.0	bifunctional GTP diphosphokinase/guanosine-3',5'-bis pyrophosphate 3'-pyrophosphohydrolase [Photobacterium leiognathi]
spoT	WP_128785079	K662I	662	660	K	I	K	K	74.217	100.0	702	700	700	1103.0	bifunctional GTP diphosphokinase/guanosine-3',5'-bis pyrophosphate 3'-pyrophosphohydrolase [Photobacterium chitinilyticum]
spoT	WP_305373728	K662I	662	660	K	I	K	K	74.359	100.0	702	700	700	1102.0	bifunctional GTP diphosphokinase/guanosine-3',5'-bis pyrophosphate 3'-pyrophosphohydrolase [Photobacterium leiognathi]
spoT	WP_265697559	K662I	662	660	K	I	K	K	74.359	100.0	702	700	700	1102.0	bifunctional GTP diphosphokinase/guanosine-3',5'-bis pyrophosphate 3'-pyrophosphohydrolase [Photobacterium obscurum]
spoT	WP_419239491	K662I	662	660	K	I	K	K	74.359	100.0	702	700	700	1102.0	bifunctional GTP diphosphokinase/guanosine-3',5'-bis pyrophosphate 3'-pyrophosphohydrolase [Photobacterium leiognathi]
spoT	WP_094957588	K662I	662	661	K	I	K	K	74.074	100.0	702	701	701	1102.0	bifunctional GTP diphosphokinase/guanosine-3',5'-bis pyrophosphate 3'-pyrophosphohydrolase [Photobacterium sanguinicancri]
spoT	WP_446030991	K662I	662	668	K	I	K	K	74.085	100.0	702	708	708	1102.0	bifunctional GTP diphosphokinase/guanosine-3',5'-bis pyrophosphate 3'-pyrophosphohydrolase [Photobacterium ganghwense]
spoT	WP_272469140	K662I	662	661	K	I	K	K	74.538	100.0	702	701	701	1102.0	bifunctional GTP diphosphokinase/guanosine-3',5'-bis pyrophosphate 3'-pyrophosphohydrolase [Photobacterium damselae]
spoT	WP_154139651	K662I	662	661	K	I	K	K	74.538	100.0	702	701	701	1102.0	bifunctional GTP diphosphokinase/guanosine-3',5'-bis pyrophosphate 3'-pyrophosphohydrolase [Photobacterium damselae]
spoT	WP_428462820	K662I	662	661	K	I	K	K	74.217	100.0	702	701	701	1102.0	bifunctional GTP diphosphokinase/guanosine-3',5'-bis pyrophosphate 3'-pyrophosphohydrolase [Photobacterium kagoshimensis]
spoT	WP_483580984	K662I	662	661	K	I	K	K	74.68	100.0	702	701	701	1102.0	N/A
spoT	WP_232567678	K662I	662	660	K	I	K	K	75.356	100.0	702	700	700	1102.0	bifunctional GTP diphosphokinase/guanosine-3',5'-bis pyrophosphate 3'-pyrophosphohydrolase [Photobacterium iliopiscarium]
spoT	WP_419209069	K662I	662	660	K	I	K	K	74.217	100.0	702	700	700	1101.0	bifunctional GTP diphosphokinase/guanosine-3',5'-bis pyrophosphate 3'-pyrophosphohydrolase [Photobacterium leiognathi]
spoT	WP_303558190	K662I	662	661	K	I	K	K	74.074	100.0	702	701	701	1101.0	bifunctional GTP diphosphokinase/guanosine-3',5'-bis pyrophosphate 3'-pyrophosphohydrolase [Photobacterium sanguinicancri]
spoT	WP_047887238	K662I	662	668	K	I	K	K	74.085	100.0	702	708	708	1101.0	MULTISPECIES: bifunctional GTP diphosphokinase/guanosine-3',5'-bis pyrophosphate 3'-pyrophosphohydrolase [Photobacterium]
spoT	WP_005302514	K662I	662	661	K	I	K	K	74.538	100.0	702	701	701	1101.0	bifunctional GTP diphosphokinase/guanosine-3',5'-bis pyrophosphate 3'-pyrophosphohydrolase [Photobacterium damselae]
spoT	WP_188012798	K662I	662	661	K	I	K	K	74.538	100.0	702	701	701	1101.0	bifunctional GTP diphosphokinase/guanosine-3',5'-bis pyrophosphate 3'-pyrophosphohydrolase [Photobacterium damselae]
spoT	WP_045035894	K662I	662	660	K	I	K	K	75.356	100.0	702	700	700	1101.0	bifunctional GTP diphosphokinase/guanosine-3',5'-bis pyrophosphate 3'-pyrophosphohydrolase [Photobacterium iliopiscarium]
spoT	WP_160652573	K662I	662	660	K	I	K	K	74.217	100.0	702	700	700	1101.0	bifunctional GTP diphosphokinase/guanosine-3',5'-bis pyrophosphate 3'-pyrophosphohydrolase [Photobacterium alginatilyticum]
spoT	WP_299017173	K662I	662	660	K	I	K	K	74.359	100.0	702	700	700	1100.0	bifunctional GTP diphosphokinase/guanosine-3',5'-bis pyrophosphate 3'-pyrophosphohydrolase [uncultured Photobacterium sp.]
spoT	WP_075763036	K662I	662	660	K	I	K	K	74.217	100.0	702	700	700	1100.0	MULTISPECIES: bifunctional GTP diphosphokinase/guanosine-3',5'-bis pyrophosphate 3'-pyrophosphohydrolase [Photobacterium]
spoT	WP_006647616	K662I	662	660	K	I	K	K	74.074	100.0	702	700	700	1100.0	bifunctional GTP diphosphokinase/guanosine-3',5'-bis pyrophosphate 3'-pyrophosphohydrolase [Photobacterium sp. SKA34]
spoT	WP_068330491	K662I	662	662	K	I	K	K	73.969	100.0	702	702	702	1100.0	bifunctional GTP diphosphokinase/guanosine-3',5'-bis pyrophosphate 3'-pyrophosphohydrolase [Photobacterium jeanii]
spoT	WP_106338934	K662I	662	661	K	I	K	K	74.538	100.0	702	701	701	1100.0	bifunctional GTP diphosphokinase/guanosine-3',5'-bis pyrophosphate 3'-pyrophosphohydrolase [Photobacterium damselae]
spoT	WP_044173961	K662I	662	661	K	I	K	K	74.395	100.0	702	701	701	1100.0	bifunctional GTP diphosphokinase/guanosine-3',5'-bis pyrophosphate 3'-pyrophosphohydrolase [Photobacterium damselae]
spoT	WP_077455032	K662I	662	661	K	I	K	K	73.864	100.0	702	701	701	1099.0	bifunctional GTP diphosphokinase/guanosine-3',5'-bis pyrophosphate 3'-pyrophosphohydrolase [Salinivibrio sp. IB872]
spoT	WP_138976525	K662I	662	661	K	I	K	K	74.395	100.0	702	701	701	1099.0	bifunctional GTP diphosphokinase/guanosine-3',5'-bis pyrophosphate 3'-pyrophosphohydrolase [Photobacterium damselae]
spoT	WP_069588984	K662I	662	661	K	I	K	K	74.148	100.0	702	701	701	1099.0	MULTISPECIES: bifunctional GTP diphosphokinase/guanosine-3',5'-bis pyrophosphate 3'-pyrophosphohydrolase [Salinivibrio]
spoT	WP_077479791	K662I	662	661	K	I	K	K	74.148	100.0	702	701	701	1098.0	MULTISPECIES: bifunctional GTP diphosphokinase/guanosine-3',5'-bis pyrophosphate 3'-pyrophosphohydrolase [Salinivibrio]
spoT	WP_341508824	K662I	662	661	K	I	K	K	74.395	100.0	702	701	701	1098.0	bifunctional GTP diphosphokinase/guanosine-3',5'-bis pyrophosphate 3'-pyrophosphohydrolase [Photobacterium damselae]
spoT	WP_217393037	K662I	662	668	K	I	K	K	73.944	100.0	702	708	708	1098.0	bifunctional GTP diphosphokinase/guanosine-3',5'-bis pyrophosphate 3'-pyrophosphohydrolase [Photobacterium ganghwense]
spoT	WP_269597858	K662I	662	661	K	I	K	K	74.148	100.0	702	701	701	1098.0	bifunctional GTP diphosphokinase/guanosine-3',5'-bis pyrophosphate 3'-pyrophosphohydrolase [Salinivibrio proteolyticus]
spoT	WP_207103431	K662I	662	668	K	I	K	K	73.944	100.0	702	708	708	1098.0	bifunctional GTP diphosphokinase/guanosine-3',5'-bis pyrophosphate 3'-pyrophosphohydrolase [Photobacterium ganghwense]
spoT	WP_105061153	K662I	662	660	K	I	K	K	73.647	100.0	702	700	700	1098.0	bifunctional GTP diphosphokinase/guanosine-3',5'-bis pyrophosphate 3'-pyrophosphohydrolase [Photobacterium angustum]
spoT	WP_239183348	K662I	662	666	K	I	K	K	72.996	100.0	702	706	706	1096.0	bifunctional GTP diphosphokinase/guanosine-3',5'-bis pyrophosphate 3'-pyrophosphohydrolase [Vibrio sp. Of7-15]
spoT	WP_318925379	K662I	662	661	K	I	K	K	73.932	100.0	702	701	701	1095.0	bifunctional GTP diphosphokinase/guanosine-3',5'-bis pyrophosphate 3'-pyrophosphohydrolase [Photobacterium sp.]
spoT	WP_255389129	K662I	662	660	K	I	K	K	74.006	100.0	702	700	700	1094.0	bifunctional GTP diphosphokinase/guanosine-3',5'-bis pyrophosphate 3'-pyrophosphohydrolase [Photobacterium atrarenae]
spoT	WP_007469462	K662I	662	661	K	I	K	K	74.148	100.0	702	701	701	1094.0	MULTISPECIES: bifunctional GTP diphosphokinase/guanosine-3',5'-bis pyrophosphate 3'-pyrophosphohydrolase [Photobacterium]
spoT	WP_107283519	K662I	662	661	K	I	K	K	73.647	100.0	702	701	701	1094.0	bifunctional GTP diphosphokinase/guanosine-3',5'-bis pyrophosphate 3'-pyrophosphohydrolase [Photobacterium lipolyticum]
spoT	WP_261601470	K662I	662	660	K	I	K	K	73.647	100.0	702	700	700	1094.0	bifunctional GTP diphosphokinase/guanosine-3',5'-bis pyrophosphate 3'-pyrophosphohydrolase [Photobacterium sp. TY1-4]
spoT	WP_428440610	K662I	662	662	K	I	K	K	73.684	100.0	702	702	702	1093.0	bifunctional GTP diphosphokinase/guanosine-3',5'-bis pyrophosphate 3'-pyrophosphohydrolase [Photobacterium sagamiensis]
spoT	WP_337734977	K662I	662	660	K	I	K	K	73.647	100.0	702	700	700	1093.0	bifunctional GTP diphosphokinase/guanosine-3',5'-bis pyrophosphate 3'-pyrophosphohydrolase [Photobacterium sp. MCCC 1A19761]
spoT	WP_211646527	K662I	662	660	K	I	K	K	73.647	100.0	702	700	700	1093.0	bifunctional GTP diphosphokinase/guanosine-3',5'-bis pyrophosphate 3'-pyrophosphohydrolase [Photobacterium sp. GJ3]
spoT	WP_036821445	K662I	662	660	K	I	K	K	74.786	100.0	702	700	700	1092.0	bifunctional GTP diphosphokinase/guanosine-3',5'-bis pyrophosphate 3'-pyrophosphohydrolase [Photobacterium sanctipauli]
spoT	WP_108649012	K662I	662	671	K	I	K	K	73.287	100.0	702	711	711	1092.0	bifunctional GTP diphosphokinase/guanosine-3',5'-bis pyrophosphate 3'-pyrophosphohydrolase [Dongshaea marina]
spoT	WP_303563345	K662I	662	660	K	I	K	K	73.647	100.0	702	700	700	1091.0	bifunctional GTP diphosphokinase/guanosine-3',5'-bis pyrophosphate 3'-pyrophosphohydrolase [Photobacterium sp. 1_MG-2023]
spoT	WP_042047230	K662I	662	665	K	I	K	K	74.011	100.0	702	705	705	1088.0	bifunctional GTP diphosphokinase/guanosine-3',5'-bis pyrophosphate 3'-pyrophosphohydrolase [Aeromonas simiae]
spoT	WP_100801343	K662I	662	666	K	I	K	K	73.267	100.0	702	706	705	1087.0	bifunctional GTP diphosphokinase/guanosine-3',5'-bis pyrophosphate 3'-pyrophosphohydrolase [Vibrio sp. HA2012]
spoT	WP_171753510	K662I	662	666	K	I	K	K	72.779	100.0	702	706	705	1087.0	MULTISPECIES: bifunctional GTP diphosphokinase/guanosine-3',5'-bis pyrophosphate 3'-pyrophosphohydrolase [unclassified Vibrio]
spoT	WP_155675934	K662I	662	667	K	I	K	K	73.267	100.0	702	707	707	1087.0	bifunctional GTP diphosphokinase/guanosine-3',5'-bis pyrophosphate 3'-pyrophosphohydrolase [Aliivibrio fischeri]
spoT	WP_036754780	K662I	662	660	K	I	K	K	73.219	100.0	702	700	700	1086.0	bifunctional GTP diphosphokinase/guanosine-3',5'-bis pyrophosphate 3'-pyrophosphohydrolase [Photobacterium galatheae]
spoT	WP_481083755	K662I	662	667	K	I	K	K	72.355	100.0	702	707	707	1086.0	N/A
spoT	WP_193002907	K662I	662	665	K	I	K	K	73.87	100.0	702	705	705	1086.0	bifunctional GTP diphosphokinase/guanosine-3',5'-bis pyrophosphate 3'-pyrophosphohydrolase [Aeromonas simiae]
spoT	WP_408862855	K662I	662	665	K	I	K	K	74.011	100.0	702	705	705	1086.0	bifunctional GTP diphosphokinase/guanosine-3',5'-bis pyrophosphate 3'-pyrophosphohydrolase [Aeromonas simiae]
spoT	WP_105056693	K662I	662	668	K	I	K	K	73.343	100.0	702	708	708	1086.0	bifunctional GTP diphosphokinase/guanosine-3',5'-bis pyrophosphate 3'-pyrophosphohydrolase [Aliivibrio sifiae]
spoT	WP_446702872	K662I	662	668	K	I	K	K	73.202	100.0	702	708	708	1085.0	bifunctional GTP diphosphokinase/guanosine-3',5'-bis pyrophosphate 3'-pyrophosphohydrolase [Aliivibrio wodanis]
spoT	WP_428199036	K662I	662	669	K	I	K	K	73.099	100.0	702	709	709	1085.0	bifunctional GTP diphosphokinase/guanosine-3',5'-bis pyrophosphate 3'-pyrophosphohydrolase [Aliivibrio salmonicida]
spoT	WP_130045098	K662I	662	668	K	I	K	K	73.202	100.0	702	708	708	1085.0	bifunctional GTP diphosphokinase/guanosine-3',5'-bis pyrophosphate 3'-pyrophosphohydrolase [Aliivibrio finisterrensis]
spoT	WP_011260973	K662I	662	667	K	I	K	K	73.126	100.0	702	707	707	1085.0	bifunctional GTP diphosphokinase/guanosine-3',5'-bis pyrophosphate 3'-pyrophosphohydrolase [Aliivibrio fischeri]
spoT	WP_155664854	K662I	662	667	K	I	K	K	73.126	100.0	702	707	707	1085.0	bifunctional GTP diphosphokinase/guanosine-3',5'-bis pyrophosphate 3'-pyrophosphohydrolase [Aliivibrio fischeri]
spoT	WP_012549087	K662I	662	669	K	I	K	K	73.099	100.0	702	709	709	1085.0	bifunctional GTP diphosphokinase/guanosine-3',5'-bis pyrophosphate 3'-pyrophosphohydrolase [Aliivibrio salmonicida]
spoT	WP_155656904	K662I	662	667	K	I	K	K	73.126	100.0	702	707	707	1085.0	bifunctional GTP diphosphokinase/guanosine-3',5'-bis pyrophosphate 3'-pyrophosphohydrolase [Aliivibrio fischeri]
spoT	WP_017022163	K662I	662	669	K	I	K	K	72.958	100.0	702	709	709	1085.0	MULTISPECIES: bifunctional GTP diphosphokinase/guanosine-3',5'-bis pyrophosphate 3'-pyrophosphohydrolase [Aliivibrio]
spoT	WP_190395765	K662I	662	667	K	I	K	K	73.126	100.0	702	707	707	1085.0	bifunctional GTP diphosphokinase/guanosine-3',5'-bis pyrophosphate 3'-pyrophosphohydrolase [Aliivibrio sp. S10_S31]
spoT	WP_248144500	K662I	662	660	K	I	K	K	73.219	100.0	702	700	700	1085.0	MULTISPECIES: bifunctional GTP diphosphokinase/guanosine-3',5'-bis pyrophosphate 3'-pyrophosphohydrolase [unclassified Photobacterium]
spoT	WP_486306888	K662I	662	668	K	I	K	K	73.202	100.0	702	708	708	1084.0	N/A
spoT	WP_192016010	K662I	662	660	K	I	K	K	73.153	100.0	702	700	700	1084.0	MULTISPECIES: bifunctional GTP diphosphokinase/guanosine-3',5'-bis pyrophosphate 3'-pyrophosphohydrolase [Photobacterium]
spoT	WP_274443618	K662I	662	668	K	I	K	K	73.484	100.0	702	708	708	1084.0	MULTISPECIES: bifunctional GTP diphosphokinase/guanosine-3',5'-bis pyrophosphate 3'-pyrophosphohydrolase [unclassified Aliivibrio]
spoT	WP_302342199	K662I	662	665	K	I	K	K	73.87	100.0	702	705	705	1084.0	bifunctional GTP diphosphokinase/guanosine-3',5'-bis pyrophosphate 3'-pyrophosphohydrolase [Aeromonas simiae]
spoT	WP_063656497	K662I	662	667	K	I	K	K	73.126	100.0	702	707	707	1084.0	bifunctional GTP diphosphokinase/guanosine-3',5'-bis pyrophosphate 3'-pyrophosphohydrolase [Aliivibrio fischeri]
spoT	WP_063669644	K662I	662	667	K	I	K	K	73.126	100.0	702	707	707	1084.0	bifunctional GTP diphosphokinase/guanosine-3',5'-bis pyrophosphate 3'-pyrophosphohydrolase [Aliivibrio fischeri]
spoT	WP_076577451	K662I	662	666	K	I	K	K	73.305	100.0	702	706	706	1084.0	bifunctional GTP diphosphokinase/guanosine-3',5'-bis pyrophosphate 3'-pyrophosphohydrolase [Aeromonas sp. RU39B]
spoT	WP_027250546	K662I	662	660	K	I	K	K	73.153	100.0	702	700	700	1084.0	bifunctional GTP diphosphokinase/guanosine-3',5'-bis pyrophosphate 3'-pyrophosphohydrolase [Photobacterium halotolerans]
spoT	WP_233942068	K662I	662	667	K	I	K	K	73.126	100.0	702	707	707	1084.0	bifunctional GTP diphosphokinase/guanosine-3',5'-bis pyrophosphate 3'-pyrophosphohydrolase [Aliivibrio fischeri]
spoT	WP_342391081	K662I	662	660	K	I	K	K	73.153	100.0	702	700	700	1084.0	bifunctional GTP diphosphokinase/guanosine-3',5'-bis pyrophosphate 3'-pyrophosphohydrolase [Photobacterium sp. SP02]
spoT	WP_060993375	K662I	662	668	K	I	K	K	73.202	100.0	702	708	708	1084.0	bifunctional GTP diphosphokinase/guanosine-3',5'-bis pyrophosphate 3'-pyrophosphohydrolase [Aliivibrio sifiae]
spoT	WP_155649340	K662I	662	667	K	I	K	K	73.126	100.0	702	707	707	1084.0	bifunctional GTP diphosphokinase/guanosine-3',5'-bis pyrophosphate 3'-pyrophosphohydrolase [Aliivibrio fischeri]
spoT	WP_122033356	K662I	662	668	K	I	K	K	73.061	100.0	702	708	708	1083.0	bifunctional GTP diphosphokinase/guanosine-3',5'-bis pyrophosphate 3'-pyrophosphohydrolase [Aliivibrio sp. EL58]
spoT	WP_065594461	K662I	662	668	K	I	K	K	72.638	100.0	702	708	708	1083.0	MULTISPECIES: bifunctional GTP diphosphokinase/guanosine-3',5'-bis pyrophosphate 3'-pyrophosphohydrolase [unclassified Aliivibrio]
spoT	WP_017019534	K662I	662	667	K	I	K	K	73.126	100.0	702	707	707	1083.0	bifunctional GTP diphosphokinase/guanosine-3',5'-bis pyrophosphate 3'-pyrophosphohydrolase [Aliivibrio fischeri]
spoT	WP_375321531	K662I	662	668	K	I	K	K	73.202	100.0	702	708	708	1083.0	bifunctional GTP diphosphokinase/guanosine-3',5'-bis pyrophosphate 3'-pyrophosphohydrolase [Aliivibrio logei]
spoT	WP_065594944	K662I	662	667	K	I	K	K	72.984	100.0	702	707	707	1083.0	bifunctional GTP diphosphokinase/guanosine-3',5'-bis pyrophosphate 3'-pyrophosphohydrolase [Aliivibrio fischeri]
spoT	WP_004405948	K662I	662	667	K	I	K	K	72.355	100.0	702	707	707	1083.0	MULTISPECIES: bifunctional GTP diphosphokinase/guanosine-3',5'-bis pyrophosphate 3'-pyrophosphohydrolase [Vibrio]
spoT	WP_046220409	K662I	662	660	K	I	K	K	73.011	100.0	702	700	700	1083.0	MULTISPECIES: bifunctional GTP diphosphokinase/guanosine-3',5'-bis pyrophosphate 3'-pyrophosphohydrolase [Photobacterium]
spoT	WP_012532692	K662I	662	667	K	I	K	K	72.984	100.0	702	707	707	1083.0	bifunctional GTP diphosphokinase/guanosine-3',5'-bis pyrophosphate 3'-pyrophosphohydrolase [Aliivibrio fischeri]
spoT	WP_065624634	K662I	662	667	K	I	K	K	72.984	100.0	702	707	707	1083.0	bifunctional GTP diphosphokinase/guanosine-3',5'-bis pyrophosphate 3'-pyrophosphohydrolase [Aliivibrio fischeri]
spoT	WP_155689231	K662I	662	667	K	I	K	K	72.984	100.0	702	707	707	1083.0	bifunctional GTP diphosphokinase/guanosine-3',5'-bis pyrophosphate 3'-pyrophosphohydrolase [Aliivibrio fischeri]
spoT	WP_486318292	K662I	662	668	K	I	K	K	73.061	100.0	702	708	708	1083.0	N/A
spoT	WP_141346547	K662I	662	666	K	I	K	K	73.126	100.0	702	706	705	1083.0	bifunctional GTP diphosphokinase/guanosine-3',5'-bis pyrophosphate 3'-pyrophosphohydrolase [Vibrio inusitatus]
spoT	WP_155660210	K662I	662	667	K	I	K	K	72.984	100.0	702	707	707	1083.0	bifunctional GTP diphosphokinase/guanosine-3',5'-bis pyrophosphate 3'-pyrophosphohydrolase [Aliivibrio fischeri]
spoT	WP_005416991	K662I	662	667	K	I	K	K	72.984	100.0	702	707	707	1083.0	bifunctional GTP diphosphokinase/guanosine-3',5'-bis pyrophosphate 3'-pyrophosphohydrolase [Aliivibrio fischeri]
spoT	WP_017032925	K662I	662	666	K	I	K	K	73.55	100.0	702	706	705	1083.0	bifunctional GTP diphosphokinase/guanosine-3',5'-bis pyrophosphate 3'-pyrophosphohydrolase [Vibrio breoganii]
spoT	WP_120513707	K662I	662	660	K	I	K	K	73.153	100.0	702	700	700	1083.0	bifunctional GTP diphosphokinase/guanosine-3',5'-bis pyrophosphate 3'-pyrophosphohydrolase [Photobacterium salinisoli]
spoT	WP_274419049	K662I	662	668	K	I	K	K	73.061	100.0	702	708	708	1083.0	MULTISPECIES: bifunctional GTP diphosphokinase/guanosine-3',5'-bis pyrophosphate 3'-pyrophosphohydrolase [unclassified Aliivibrio]
spoT	WP_022596460	K662I	662	667	K	I	K	K	72.355	100.0	702	707	707	1083.0	bifunctional GTP diphosphokinase/guanosine-3',5'-bis pyrophosphate 3'-pyrophosphohydrolase [Vibrio nigripulchritudo]
spoT	WP_130047969	K662I	662	668	K	I	K	K	73.061	100.0	702	708	708	1083.0	MULTISPECIES: bifunctional GTP diphosphokinase/guanosine-3',5'-bis pyrophosphate 3'-pyrophosphohydrolase [Aliivibrio]
spoT	WP_109320180	K662I	662	666	K	I	K	K	73.126	100.0	702	706	705	1082.0	bifunctional GTP diphosphokinase/guanosine-3',5'-bis pyrophosphate 3'-pyrophosphohydrolase [Vibrio albus]
spoT	WP_102542681	K662I	662	666	K	I	K	K	73.55	100.0	702	706	705	1082.0	bifunctional GTP diphosphokinase/guanosine-3',5'-bis pyrophosphate 3'-pyrophosphohydrolase [Vibrio breoganii]
spoT	WP_151654914	K662I	662	668	K	I	K	K	72.92	100.0	702	708	708	1082.0	bifunctional GTP diphosphokinase/guanosine-3',5'-bis pyrophosphate 3'-pyrophosphohydrolase [Aliivibrio finisterrensis]
spoT	WP_237464122	K662I	662	661	K	I	K	K	72.688	100.0	702	701	700	1082.0	bifunctional GTP diphosphokinase/guanosine-3',5'-bis pyrophosphate 3'-pyrophosphohydrolase [Vibrio stylophorae]
spoT	WP_371967737	K662I	662	667	K	I	K	K	72.843	100.0	702	707	707	1082.0	bifunctional GTP diphosphokinase/guanosine-3',5'-bis pyrophosphate 3'-pyrophosphohydrolase [Aliivibrio fischeri]
spoT	WP_155679932	K662I	662	667	K	I	K	K	72.984	100.0	702	707	707	1082.0	bifunctional GTP diphosphokinase/guanosine-3',5'-bis pyrophosphate 3'-pyrophosphohydrolase [Aliivibrio fischeri]
spoT	WP_119009344	K662I	662	666	K	I	K	K	73.55	100.0	702	706	705	1082.0	bifunctional GTP diphosphokinase/guanosine-3',5'-bis pyrophosphate 3'-pyrophosphohydrolase [Vibrio superstes]
spoT	WP_446713795	K662I	662	668	K	I	K	K	73.061	100.0	702	708	708	1082.0	bifunctional GTP diphosphokinase/guanosine-3',5'-bis pyrophosphate 3'-pyrophosphohydrolase [Aliivibrio wodanis]
spoT	WP_275130775	K662I	662	666	K	I	K	K	72.92	100.0	702	706	705	1082.0	bifunctional GTP diphosphokinase/guanosine-3',5'-bis pyrophosphate 3'-pyrophosphohydrolase [Vibrio sp. JC009]
spoT	WP_486305079	K662I	662	668	K	I	K	K	72.92	100.0	702	708	708	1082.0	N/A
spoT	WP_345009858	K662I	662	671	K	I	K	K	73.455	100.0	702	711	711	1082.0	bifunctional GTP diphosphokinase/guanosine-3',5'-bis pyrophosphate 3'-pyrophosphohydrolase [Pseudaeromonas paramecii]
spoT	WP_349920474	K662I	662	665	K	I	K	K	73.305	100.0	702	705	705	1082.0	MULTISPECIES: bifunctional GTP diphosphokinase/guanosine-3',5'-bis pyrophosphate 3'-pyrophosphohydrolase [Aeromonas]
spoT	WP_107242027	K662I	662	663	K	I	K	K	72.908	100.0	702	703	703	1082.0	bifunctional GTP diphosphokinase/guanosine-3',5'-bis pyrophosphate 3'-pyrophosphohydrolase [Photobacterium frigidiphilum]
spoT	WP_117405689	K662I	662	665	K	I	K	K	73.305	100.0	702	705	705	1081.0	MULTISPECIES: bifunctional GTP diphosphokinase/guanosine-3',5'-bis pyrophosphate 3'-pyrophosphohydrolase [Aeromonas]
spoT	WP_459679704	K662I	662	666	K	I	K	K	73.126	100.0	702	706	705	1081.0	N/A
spoT	WP_042650647	K662I	662	665	K	I	K	K	73.164	100.0	702	705	705	1081.0	bifunctional GTP diphosphokinase/guanosine-3',5'-bis pyrophosphate 3'-pyrophosphohydrolase [Aeromonas media]
spoT	WP_408845742	K662I	662	665	K	I	K	K	73.164	100.0	702	705	705	1081.0	bifunctional GTP diphosphokinase/guanosine-3',5'-bis pyrophosphate 3'-pyrophosphohydrolase [Aeromonas media]
spoT	WP_114785885	K662I	662	667	K	I	K	K	72.881	100.0	702	707	707	1081.0	bifunctional GTP diphosphokinase/guanosine-3',5'-bis pyrophosphate 3'-pyrophosphohydrolase [Vibrio tetraodonis]
spoT	WP_139391335	K662I	662	665	K	I	K	K	73.446	100.0	702	705	705	1081.0	bifunctional GTP diphosphokinase/guanosine-3',5'-bis pyrophosphate 3'-pyrophosphohydrolase [Aeromonas hydrophila]
spoT	WP_300173148	K662I	662	668	K	I	K	K	72.92	100.0	702	708	708	1081.0	bifunctional GTP diphosphokinase/guanosine-3',5'-bis pyrophosphate 3'-pyrophosphohydrolase [uncultured Aliivibrio sp.]
spoT	WP_463946310	K662I	662	667	K	I	K	K	73.669	100.0	702	707	707	1081.0	N/A
spoT	WP_456502531	K662I	662	665	K	I	K	K	73.305	100.0	702	705	705	1081.0	bifunctional GTP diphosphokinase/guanosine-3',5'-bis pyrophosphate 3'-pyrophosphohydrolase [Aeromonas intestinalis]
spoT	WP_017027278	K662I	662	666	K	I	K	K	73.55	100.0	702	706	705	1081.0	bifunctional GTP diphosphokinase/guanosine-3',5'-bis pyrophosphate 3'-pyrophosphohydrolase [Vibrio breoganii]
spoT	WP_065210297	K662I	662	666	K	I	K	K	73.409	100.0	702	706	705	1081.0	bifunctional GTP diphosphokinase/guanosine-3',5'-bis pyrophosphate 3'-pyrophosphohydrolase [Vibrio breoganii]
spoT	WP_237363309	K662I	662	666	K	I	K	K	72.702	100.0	702	706	706	1081.0	bifunctional GTP diphosphokinase/guanosine-3',5'-bis pyrophosphate 3'-pyrophosphohydrolase [Vibrio marisflavi]
spoT	WP_005326354	K662I	662	665	K	I	K	K	73.164	100.0	702	705	705	1081.0	MULTISPECIES: bifunctional GTP diphosphokinase/guanosine-3',5'-bis pyrophosphate 3'-pyrophosphohydrolase [Aeromonas]
spoT	WP_146863739	K662I	662	667	K	I	K	K	72.984	100.0	702	707	707	1081.0	bifunctional GTP diphosphokinase/guanosine-3',5'-bis pyrophosphate 3'-pyrophosphohydrolase [Aliivibrio fischeri]
spoT	WP_141272679	K662I	662	666	K	I	K	K	73.267	100.0	702	706	705	1080.0	bifunctional GTP diphosphokinase/guanosine-3',5'-bis pyrophosphate 3'-pyrophosphohydrolase [Vibrio comitans]
spoT	WP_377151140	K662I	662	667	K	I	K	K	74.011	100.0	702	707	707	1080.0	bifunctional GTP diphosphokinase/guanosine-3',5'-bis pyrophosphate 3'-pyrophosphohydrolase [Pseudaeromonas sharmana]
spoT	WP_123245633	K662I	662	665	K	I	K	K	73.305	100.0	702	705	705	1080.0	bifunctional GTP diphosphokinase/guanosine-3',5'-bis pyrophosphate 3'-pyrophosphohydrolase [Aeromonas dhakensis]
spoT	WP_005307064	K662I	662	665	K	I	K	K	73.305	100.0	702	705	705	1080.0	MULTISPECIES: bifunctional GTP diphosphokinase/guanosine-3',5'-bis pyrophosphate 3'-pyrophosphohydrolase [Aeromonas]
spoT	WP_476004629	K662I	662	665	K	I	K	K	73.164	100.0	702	705	705	1080.0	N/A
spoT	WP_006233309	K662I	662	663	K	I	K	K	72.908	100.0	702	703	703	1080.0	bifunctional GTP diphosphokinase/guanosine-3',5'-bis pyrophosphate 3'-pyrophosphohydrolase [Photobacterium profundum]
spoT	WP_378012187	K662I	662	665	K	I	K	K	73.446	100.0	702	705	705	1080.0	bifunctional GTP diphosphokinase/guanosine-3',5'-bis pyrophosphate 3'-pyrophosphohydrolase [Aeromonas hydrophila]
spoT	WP_371160332	K662I	662	665	K	I	K	K	73.164	100.0	702	705	705	1080.0	bifunctional GTP diphosphokinase/guanosine-3',5'-bis pyrophosphate 3'-pyrophosphohydrolase [Aeromonas sp. S16(2024)]
spoT	WP_439841827	K662I	662	665	K	I	K	K	73.023	100.0	702	705	705	1080.0	bifunctional GTP diphosphokinase/guanosine-3',5'-bis pyrophosphate 3'-pyrophosphohydrolase [Aeromonas taiwanensis]
spoT	WP_254196788	K662I	662	665	K	I	K	K	73.305	100.0	702	705	705	1080.0	bifunctional GTP diphosphokinase/guanosine-3',5'-bis pyrophosphate 3'-pyrophosphohydrolase [Aeromonas dhakensis]
spoT	WP_408844513	K662I	662	665	K	I	K	K	73.305	100.0	702	705	705	1080.0	bifunctional GTP diphosphokinase/guanosine-3',5'-bis pyrophosphate 3'-pyrophosphohydrolase [Aeromonas dhakensis]
spoT	WP_043165271	K662I	662	665	K	I	K	K	73.305	100.0	702	705	705	1080.0	bifunctional GTP diphosphokinase/guanosine-3',5'-bis pyrophosphate 3'-pyrophosphohydrolase [Aeromonas hydrophila]
spoT	WP_438549099	K662I	662	665	K	I	K	K	73.164	100.0	702	705	705	1080.0	MULTISPECIES: bifunctional GTP diphosphokinase/guanosine-3',5'-bis pyrophosphate 3'-pyrophosphohydrolase [unclassified Aeromonas]
spoT	WP_042064407	K662I	662	665	K	I	K	K	73.305	100.0	702	705	705	1080.0	bifunctional GTP diphosphokinase/guanosine-3',5'-bis pyrophosphate 3'-pyrophosphohydrolase [Aeromonas hydrophila]
spoT	WP_279973139	K662I	662	665	K	I	K	K	73.305	100.0	702	705	705	1080.0	bifunctional GTP diphosphokinase/guanosine-3',5'-bis pyrophosphate 3'-pyrophosphohydrolase [Aeromonas dhakensis]
spoT	WP_025325210	K662I	662	665	K	I	K	K	73.164	100.0	702	705	705	1080.0	bifunctional GTP diphosphokinase/guanosine-3',5'-bis pyrophosphate 3'-pyrophosphohydrolase [Aeromonas rivipollensis]
spoT	WP_011704079	K662I	662	665	K	I	K	K	73.305	100.0	702	705	705	1080.0	MULTISPECIES: bifunctional GTP diphosphokinase/guanosine-3',5'-bis pyrophosphate 3'-pyrophosphohydrolase [Aeromonas]
spoT	WP_201971899	K662I	662	665	K	I	K	K	73.305	100.0	702	705	705	1080.0	bifunctional GTP diphosphokinase/guanosine-3',5'-bis pyrophosphate 3'-pyrophosphohydrolase [Aeromonas dhakensis]
spoT	WP_341659482	K662I	662	667	K	I	K	K	73.202	100.0	702	707	707	1080.0	bifunctional GTP diphosphokinase/guanosine-3',5'-bis pyrophosphate 3'-pyrophosphohydrolase [Vibrio sp.]
spoT	WP_458754956	K662I	662	665	K	I	K	K	73.305	100.0	702	705	705	1080.0	bifunctional GTP diphosphokinase/guanosine-3',5'-bis pyrophosphate 3'-pyrophosphohydrolase [Aeromonas dhakensis]
spoT	WP_429153191	K662I	662	665	K	I	K	K	73.305	100.0	702	705	705	1079.0	bifunctional GTP diphosphokinase/guanosine-3',5'-bis pyrophosphate 3'-pyrophosphohydrolase [Aeromonas hydrophila]
spoT	WP_050718203	K662I	662	665	K	I	K	K	73.164	100.0	702	705	705	1079.0	bifunctional GTP diphosphokinase/guanosine-3',5'-bis pyrophosphate 3'-pyrophosphohydrolase [Aeromonas tecta]
spoT	WP_428434765	K662I	662	663	K	I	K	K	72.908	100.0	702	703	703	1079.0	bifunctional GTP diphosphokinase/guanosine-3',5'-bis pyrophosphate 3'-pyrophosphohydrolase [Photobacterium frigidiphilum]
spoT	WP_239172598	K662I	662	667	K	I	K	K	73.202	100.0	702	707	707	1079.0	bifunctional GTP diphosphokinase/guanosine-3',5'-bis pyrophosphate 3'-pyrophosphohydrolase [Vibrio sp. Of14-4]
spoT	WP_100861612	K662I	662	665	K	I	K	K	73.164	100.0	702	705	705	1079.0	MULTISPECIES: bifunctional GTP diphosphokinase/guanosine-3',5'-bis pyrophosphate 3'-pyrophosphohydrolase [Aeromonas]
spoT	WP_033130871	K662I	662	665	K	I	K	K	73.164	100.0	702	705	705	1079.0	MULTISPECIES: bifunctional GTP diphosphokinase/guanosine-3',5'-bis pyrophosphate 3'-pyrophosphohydrolase [Aeromonas]
spoT	WP_374898544	K662I	662	665	K	I	K	K	73.305	100.0	702	705	705	1079.0	bifunctional GTP diphosphokinase/guanosine-3',5'-bis pyrophosphate 3'-pyrophosphohydrolase [Aeromonas hydrophila]
spoT	WP_038514097	K662I	662	667	K	I	K	K	71.751	100.0	702	707	707	1079.0	bifunctional GTP diphosphokinase/guanosine-3',5'-bis pyrophosphate 3'-pyrophosphohydrolase [Vibrio coralliilyticus]
spoT	WP_139745084	K662I	662	665	K	I	K	K	73.023	100.0	702	705	705	1079.0	MULTISPECIES: bifunctional GTP diphosphokinase/guanosine-3',5'-bis pyrophosphate 3'-pyrophosphohydrolase [Aeromonas]
spoT	WP_428195533	K662I	662	664	K	I	K	K	72.199	100.0	702	704	704	1079.0	bifunctional GTP diphosphokinase/guanosine-3',5'-bis pyrophosphate 3'-pyrophosphohydrolase [Aliivibrio kagoshimensis]
spoT	WP_411622466	K662I	662	665	K	I	K	K	73.164	100.0	702	705	705	1079.0	bifunctional GTP diphosphokinase/guanosine-3',5'-bis pyrophosphate 3'-pyrophosphohydrolase [Aeromonas dhakensis]
spoT	WP_107254516	K662I	662	663	K	I	K	K	72.908	100.0	702	703	703	1078.0	bifunctional GTP diphosphokinase/guanosine-3',5'-bis pyrophosphate 3'-pyrophosphohydrolase [Photobacterium indicum]
spoT	WP_303807315	K662I	662	665	K	I	K	K	73.023	100.0	702	705	705	1078.0	bifunctional GTP diphosphokinase/guanosine-3',5'-bis pyrophosphate 3'-pyrophosphohydrolase [Aeromonas rivipollensis]
spoT	WP_409421609	K662I	662	671	K	I	K	K	73.315	100.0	702	711	711	1078.0	bifunctional GTP diphosphokinase/guanosine-3',5'-bis pyrophosphate 3'-pyrophosphohydrolase [Pseudaeromonas aegiceratis]
spoT	WP_060390961	K662I	662	663	K	I	K	K	73.088	100.0	702	703	703	1078.0	bifunctional GTP diphosphokinase/guanosine-3',5'-bis pyrophosphate 3'-pyrophosphohydrolase [Aeromonas hydrophila]
spoT	WP_408832589	K662I	662	665	K	I	K	K	73.164	100.0	702	705	705	1078.0	bifunctional GTP diphosphokinase/guanosine-3',5'-bis pyrophosphate 3'-pyrophosphohydrolase [Aeromonas hydrophila]
spoT	WP_205642848	K662I	662	665	K	I	K	K	73.164	100.0	702	705	705	1078.0	bifunctional GTP diphosphokinase/guanosine-3',5'-bis pyrophosphate 3'-pyrophosphohydrolase [Aeromonas media]
spoT	WP_160931755	K662I	662	667	K	I	K	K	73.061	100.0	702	707	707	1078.0	bifunctional GTP diphosphokinase/guanosine-3',5'-bis pyrophosphate 3'-pyrophosphohydrolase [Vibrio tetraodonis]
spoT	WP_261835687	K662I	662	666	K	I	K	K	72.638	100.0	702	706	705	1078.0	bifunctional GTP diphosphokinase/guanosine-3',5'-bis pyrophosphate 3'-pyrophosphohydrolase [Vibrio ishigakensis]
spoT	WP_335853233	K662I	662	665	K	I	K	K	73.305	100.0	702	705	705	1078.0	bifunctional GTP diphosphokinase/guanosine-3',5'-bis pyrophosphate 3'-pyrophosphohydrolase [Aeromonas hydrophila]
spoT	WP_259232355	K662I	662	665	K	I	K	K	73.164	100.0	702	705	705	1078.0	bifunctional GTP diphosphokinase/guanosine-3',5'-bis pyrophosphate 3'-pyrophosphohydrolase [Aeromonas hydrophila]
spoT	WP_438373610	K662I	662	665	K	I	K	K	73.164	100.0	702	705	705	1078.0	bifunctional GTP diphosphokinase/guanosine-3',5'-bis pyrophosphate 3'-pyrophosphohydrolase [Aeromonas hydrophila]
spoT	WP_239837904	K662I	662	667	K	I	K	K	72.034	100.0	702	707	707	1078.0	MULTISPECIES: bifunctional GTP diphosphokinase/guanosine-3',5'-bis pyrophosphate 3'-pyrophosphohydrolase [Vibrio]
spoT	WP_408791932	K662I	662	665	K	I	K	K	73.164	100.0	702	705	705	1078.0	bifunctional GTP diphosphokinase/guanosine-3',5'-bis pyrophosphate 3'-pyrophosphohydrolase [Aeromonas hydrophila]
spoT	WP_042641049	K662I	662	665	K	I	K	K	73.023	100.0	702	705	705	1078.0	bifunctional GTP diphosphokinase/guanosine-3',5'-bis pyrophosphate 3'-pyrophosphohydrolase [Aeromonas eucrenophila]
spoT	WP_101150432	K662I	662	665	K	I	K	K	73.164	100.0	702	705	705	1078.0	bifunctional GTP diphosphokinase/guanosine-3',5'-bis pyrophosphate 3'-pyrophosphohydrolase [Aeromonas hydrophila]
spoT	WP_106885353	K662I	662	665	K	I	K	K	73.023	100.0	702	705	705	1078.0	MULTISPECIES: bifunctional GTP diphosphokinase/guanosine-3',5'-bis pyrophosphate 3'-pyrophosphohydrolase [Aeromonas]
spoT	WP_201976184	K662I	662	665	K	I	K	K	73.164	100.0	702	705	705	1078.0	bifunctional GTP diphosphokinase/guanosine-3',5'-bis pyrophosphate 3'-pyrophosphohydrolase [Aeromonas hydrophila]
spoT	WP_210549701	K662I	662	665	K	I	K	K	72.881	100.0	702	705	705	1078.0	MULTISPECIES: bifunctional GTP diphosphokinase/guanosine-3',5'-bis pyrophosphate 3'-pyrophosphohydrolase [Aeromonas]
spoT	WP_042651544	K662I	662	665	K	I	K	K	73.164	100.0	702	705	705	1078.0	MULTISPECIES: bifunctional GTP diphosphokinase/guanosine-3',5'-bis pyrophosphate 3'-pyrophosphohydrolase [Aeromonas]
spoT	WP_011217006	K662I	662	663	K	I	K	K	72.766	100.0	702	703	703	1078.0	bifunctional GTP diphosphokinase/guanosine-3',5'-bis pyrophosphate 3'-pyrophosphohydrolase [Photobacterium profundum]
spoT	WP_482319015	K662I	662	665	K	I	K	K	73.305	100.0	702	705	705	1078.0	N/A
spoT	WP_042026803	K662I	662	665	K	I	K	K	73.023	100.0	702	705	705	1077.0	MULTISPECIES: bifunctional GTP diphosphokinase/guanosine-3',5'-bis pyrophosphate 3'-pyrophosphohydrolase [Aeromonas]
spoT	WP_171349190	K662I	662	667	K	I	K	K	71.751	100.0	702	707	707	1077.0	MULTISPECIES: bifunctional GTP diphosphokinase/guanosine-3',5'-bis pyrophosphate 3'-pyrophosphohydrolase [Vibrio]
spoT	WP_392417796	K662I	662	665	K	I	K	K	73.023	100.0	702	705	705	1077.0	bifunctional GTP diphosphokinase/guanosine-3',5'-bis pyrophosphate 3'-pyrophosphohydrolase [Aeromonas media]
spoT	WP_161506702	K662I	662	665	K	I	K	K	73.023	100.0	702	705	705	1077.0	bifunctional GTP diphosphokinase/guanosine-3',5'-bis pyrophosphate 3'-pyrophosphohydrolase [Aeromonas media]
spoT	WP_411641189	K662I	662	665	K	I	K	K	73.305	100.0	702	705	705	1077.0	bifunctional GTP diphosphokinase/guanosine-3',5'-bis pyrophosphate 3'-pyrophosphohydrolase [Aeromonas hydrophila]
spoT	WP_248008377	K662I	662	666	K	I	K	K	71.994	100.0	702	706	706	1077.0	bifunctional GTP diphosphokinase/guanosine-3',5'-bis pyrophosphate 3'-pyrophosphohydrolase [Vibrio amylolyticus]
spoT	WP_427256561	K662I	662	665	K	I	K	K	73.023	100.0	702	705	705	1077.0	bifunctional GTP diphosphokinase/guanosine-3',5'-bis pyrophosphate 3'-pyrophosphohydrolase [Aeromonas rivipollensis]
spoT	WP_411649086	K662I	662	663	K	I	K	K	72.663	100.0	702	703	703	1077.0	bifunctional GTP diphosphokinase/guanosine-3',5'-bis pyrophosphate 3'-pyrophosphohydrolase [Aeromonas taiwanensis]
spoT	WP_069651597	K662I	662	665	K	I	K	K	72.74	100.0	702	705	705	1077.0	bifunctional GTP diphosphokinase/guanosine-3',5'-bis pyrophosphate 3'-pyrophosphohydrolase [Aeromonas caviae]
spoT	WP_139437071	K662I	662	665	K	I	K	K	73.164	100.0	702	705	705	1077.0	MULTISPECIES: bifunctional GTP diphosphokinase/guanosine-3',5'-bis pyrophosphate 3'-pyrophosphohydrolase [Aeromonas]
spoT	WP_043763686	K662I	662	665	K	I	K	K	72.74	100.0	702	705	705	1077.0	bifunctional GTP diphosphokinase/guanosine-3',5'-bis pyrophosphate 3'-pyrophosphohydrolase [Aeromonas taiwanensis]
spoT	WP_378051028	K662I	662	665	K	I	K	K	72.881	100.0	702	705	705	1077.0	bifunctional GTP diphosphokinase/guanosine-3',5'-bis pyrophosphate 3'-pyrophosphohydrolase [Aeromonas eucrenophila]
spoT	WP_460883792	K662I	662	667	K	I	K	K	73.389	100.0	702	707	707	1077.0	N/A
spoT	WP_457914359	K662I	662	666	K	I	K	K	71.733	100.0	702	706	704	1077.0	bifunctional GTP diphosphokinase/guanosine-3',5'-bis pyrophosphate 3'-pyrophosphohydrolase [Candidatus Hartigia pinicola]
spoT	WP_429048855	K662I	662	665	K	I	K	K	73.164	100.0	702	705	705	1077.0	bifunctional GTP diphosphokinase/guanosine-3',5'-bis pyrophosphate 3'-pyrophosphohydrolase [Aeromonas hydrophila]
spoT	WP_341669802	K662I	662	665	K	I	K	K	73.164	100.0	702	705	705	1077.0	bifunctional GTP diphosphokinase/guanosine-3',5'-bis pyrophosphate 3'-pyrophosphohydrolase [Aeromonas hydrophila]
spoT	WP_482298206	K662I	662	665	K	I	K	K	73.023	100.0	702	705	705	1077.0	N/A
spoT	WP_446709326	K662I	662	668	K	I	K	K	72.254	100.0	702	708	708	1077.0	bifunctional GTP diphosphokinase/guanosine-3',5'-bis pyrophosphate 3'-pyrophosphohydrolase [Aliivibrio salmonicida]
spoT	WP_006957185	K662I	662	667	K	I	K	K	71.751	100.0	702	707	707	1077.0	MULTISPECIES: bifunctional GTP diphosphokinase/guanosine-3',5'-bis pyrophosphate 3'-pyrophosphohydrolase [Vibrio]
spoT	WP_482299647	K662I	662	665	K	I	K	K	73.164	100.0	702	705	705	1077.0	N/A
spoT	WP_068698477	K662I	662	666	K	I	K	K	72.779	100.0	702	706	705	1077.0	MULTISPECIES: bifunctional GTP diphosphokinase/guanosine-3',5'-bis pyrophosphate 3'-pyrophosphohydrolase [unclassified Vibrio]
spoT	WP_042079042	K662I	662	665	K	I	K	K	72.74	100.0	702	705	705	1076.0	MULTISPECIES: bifunctional GTP diphosphokinase/guanosine-3',5'-bis pyrophosphate 3'-pyrophosphohydrolase [Aeromonas]
spoT	WP_428470899	K662I	662	663	K	I	K	K	72.766	100.0	702	703	703	1076.0	bifunctional GTP diphosphokinase/guanosine-3',5'-bis pyrophosphate 3'-pyrophosphohydrolase [Photobacterium indicum]
spoT	WP_229630968	K662I	662	667	K	I	K	K	71.751	100.0	702	707	707	1076.0	bifunctional GTP diphosphokinase/guanosine-3',5'-bis pyrophosphate 3'-pyrophosphohydrolase [Vibrio coralliilyticus]
spoT	WP_153447957	K662I	662	670	K	I	K	K	72.612	100.0	702	710	710	1076.0	bifunctional GTP diphosphokinase/guanosine-3',5'-bis pyrophosphate 3'-pyrophosphohydrolase [Vibrio algicola]
spoT	WP_033115280	K662I	662	665	K	I	K	K	73.164	100.0	702	705	705	1076.0	bifunctional GTP diphosphokinase/guanosine-3',5'-bis pyrophosphate 3'-pyrophosphohydrolase [Aeromonas lacus]
spoT	WP_310596531	K662I	662	665	K	I	K	K	73.023	100.0	702	705	705	1076.0	bifunctional GTP diphosphokinase/guanosine-3',5'-bis pyrophosphate 3'-pyrophosphohydrolase [Aeromonas aquatica]
spoT	WP_108570975	K662I	662	665	K	I	K	K	73.164	100.0	702	705	705	1076.0	bifunctional GTP diphosphokinase/guanosine-3',5'-bis pyrophosphate 3'-pyrophosphohydrolase [Aeromonas sp. HMWF016]
spoT	WP_371173553	K662I	662	665	K	I	K	K	73.023	100.0	702	705	705	1076.0	MULTISPECIES: bifunctional GTP diphosphokinase/guanosine-3',5'-bis pyrophosphate 3'-pyrophosphohydrolase [Aeromonas]
spoT	WP_429066672	K662I	662	665	K	I	K	K	72.881	100.0	702	705	705	1076.0	bifunctional GTP diphosphokinase/guanosine-3',5'-bis pyrophosphate 3'-pyrophosphohydrolase [Aeromonas bestiarum]
spoT	WP_232765919	K662I	662	664	K	I	K	K	72.946	100.0	702	704	704	1076.0	bifunctional GTP diphosphokinase/guanosine-3',5'-bis pyrophosphate 3'-pyrophosphohydrolase [Vibrio salinus]
spoT	WP_439829400	K662I	662	665	K	I	K	K	72.74	100.0	702	705	705	1076.0	bifunctional GTP diphosphokinase/guanosine-3',5'-bis pyrophosphate 3'-pyrophosphohydrolase [Aeromonas caviae]
spoT	WP_234576894	K662I	662	665	K	I	K	K	73.164	100.0	702	705	705	1076.0	bifunctional GTP diphosphokinase/guanosine-3',5'-bis pyrophosphate 3'-pyrophosphohydrolase [Aeromonas salmonicida]
spoT	WP_323934495	K662I	662	665	K	I	K	K	72.74	100.0	702	705	705	1076.0	bifunctional GTP diphosphokinase/guanosine-3',5'-bis pyrophosphate 3'-pyrophosphohydrolase [Aeromonas caviae]
spoT	WP_152429287	K662I	662	664	K	I	K	K	73.088	100.0	702	704	704	1075.0	bifunctional GTP diphosphokinase/guanosine-3',5'-bis pyrophosphate 3'-pyrophosphohydrolase [Vibrio aquimaris]
spoT	WP_134696383	K662I	662	665	K	I	K	K	72.74	100.0	702	705	705	1075.0	bifunctional GTP diphosphokinase/guanosine-3',5'-bis pyrophosphate 3'-pyrophosphohydrolase [Aeromonas taiwanensis]
spoT	WP_408812520	K662I	662	665	K	I	K	K	72.881	100.0	702	705	705	1075.0	bifunctional GTP diphosphokinase/guanosine-3',5'-bis pyrophosphate 3'-pyrophosphohydrolase [Aeromonas enteropelogenes]
spoT	WP_010672318	K662I	662	665	K	I	K	K	72.74	100.0	702	705	705	1075.0	MULTISPECIES: bifunctional GTP diphosphokinase/guanosine-3',5'-bis pyrophosphate 3'-pyrophosphohydrolase [Aeromonas]
spoT	WP_421225870	K662I	662	665	K	I	K	K	73.023	100.0	702	705	705	1075.0	bifunctional GTP diphosphokinase/guanosine-3',5'-bis pyrophosphate 3'-pyrophosphohydrolase [Aeromonas jandaei]
spoT	WP_378080974	K662I	662	665	K	I	K	K	72.881	100.0	702	705	705	1075.0	bifunctional GTP diphosphokinase/guanosine-3',5'-bis pyrophosphate 3'-pyrophosphohydrolase [Aeromonas bestiarum]
spoT	WP_456495445	K662I	662	665	K	I	K	K	72.881	100.0	702	705	705	1075.0	bifunctional GTP diphosphokinase/guanosine-3',5'-bis pyrophosphate 3'-pyrophosphohydrolase [Aeromonas enterica]
spoT	WP_250610838	K662I	662	666	K	I	K	K	72.277	100.0	702	706	706	1075.0	bifunctional GTP diphosphokinase/guanosine-3',5'-bis pyrophosphate 3'-pyrophosphohydrolase [Vibrio sinus]
spoT	WP_271696973	K662I	662	666	K	I	K	K	73.126	100.0	702	706	705	1075.0	bifunctional GTP diphosphokinase/guanosine-3',5'-bis pyrophosphate 3'-pyrophosphohydrolase [Vibrio sp. SCSIO 43137]
spoT	WP_257713780	K662I	662	665	K	I	K	K	72.74	100.0	702	705	705	1075.0	bifunctional GTP diphosphokinase/guanosine-3',5'-bis pyrophosphate 3'-pyrophosphohydrolase [Aeromonas caviae]
spoT	WP_060583554	K662I	662	665	K	I	K	K	72.881	100.0	702	705	705	1075.0	bifunctional GTP diphosphokinase/guanosine-3',5'-bis pyrophosphate 3'-pyrophosphohydrolase [Aeromonas schubertii]
spoT	WP_043140283	K662I	662	665	K	I	K	K	72.74	100.0	702	705	705	1075.0	MULTISPECIES: bifunctional GTP diphosphokinase/guanosine-3',5'-bis pyrophosphate 3'-pyrophosphohydrolase [Aeromonas]
spoT	WP_126606602	K662I	662	665	K	I	K	K	71.671	100.0	702	705	705	1075.0	bifunctional GTP diphosphokinase/guanosine-3',5'-bis pyrophosphate 3'-pyrophosphohydrolase [Vibrio penaeicida]
spoT	WP_265458282	K662I	662	664	K	I	K	K	72.881	100.0	702	704	704	1075.0	bifunctional GTP diphosphokinase/guanosine-3',5'-bis pyrophosphate 3'-pyrophosphohydrolase [Aeromonas salmonicida]
spoT	WP_213320601	K662I	662	665	K	I	K	K	73.023	100.0	702	705	705	1075.0	bifunctional GTP diphosphokinase/guanosine-3',5'-bis pyrophosphate 3'-pyrophosphohydrolase [Aeromonas caviae]
spoT	WP_367581712	K662I	662	665	K	I	K	K	72.881	100.0	702	705	705	1075.0	bifunctional GTP diphosphokinase/guanosine-3',5'-bis pyrophosphate 3'-pyrophosphohydrolase [Aeromonas diversa]
spoT	WP_215987100	K662I	662	667	K	I	K	K	72.034	100.0	702	707	707	1075.0	bifunctional GTP diphosphokinase/guanosine-3',5'-bis pyrophosphate 3'-pyrophosphohydrolase [Vibrio hepatarius]
spoT	WP_005356268	K662I	662	665	K	I	K	K	72.74	100.0	702	705	705	1075.0	bifunctional GTP diphosphokinase/guanosine-3',5'-bis pyrophosphate 3'-pyrophosphohydrolase [Aeromonas diversa]
spoT	WP_457532662	K662I	662	667	K	I	K	K	71.61	100.0	702	707	707	1075.0	bifunctional GTP diphosphokinase/guanosine-3',5'-bis pyrophosphate 3'-pyrophosphohydrolase [Vibrio coralliilyticus]
spoT	WP_336580452	K662I	662	665	K	I	K	K	72.599	100.0	702	705	705	1075.0	bifunctional GTP diphosphokinase/guanosine-3',5'-bis pyrophosphate 3'-pyrophosphohydrolase [Aeromonas caviae]
spoT	WP_272132314	K662I	662	666	K	I	K	K	72.034	100.0	702	706	706	1075.0	bifunctional GTP diphosphokinase/guanosine-3',5'-bis pyrophosphate 3'-pyrophosphohydrolase [Vibrio algarum]
spoT	WP_099608961	K662I	662	667	K	I	K	K	71.61	100.0	702	707	707	1075.0	bifunctional GTP diphosphokinase/guanosine-3',5'-bis pyrophosphate 3'-pyrophosphohydrolase [Vibrio coralliilyticus]
spoT	WP_208737468	K662I	662	665	K	I	K	K	73.023	100.0	702	705	705	1075.0	MULTISPECIES: bifunctional GTP diphosphokinase/guanosine-3',5'-bis pyrophosphate 3'-pyrophosphohydrolase [Aeromonas]
spoT	WP_041210828	K662I	662	665	K	I	K	K	73.023	100.0	702	705	705	1075.0	bifunctional GTP diphosphokinase/guanosine-3',5'-bis pyrophosphate 3'-pyrophosphohydrolase [Aeromonas jandaei]
spoT	WP_050666440	K662I	662	665	K	I	K	K	72.74	100.0	702	705	705	1075.0	MULTISPECIES: bifunctional GTP diphosphokinase/guanosine-3',5'-bis pyrophosphate 3'-pyrophosphohydrolase [Aeromonas]
spoT	WP_216993327	K662I	662	665	K	I	K	K	72.881	100.0	702	705	705	1075.0	MULTISPECIES: bifunctional GTP diphosphokinase/guanosine-3',5'-bis pyrophosphate 3'-pyrophosphohydrolase [Aeromonas]
spoT	WP_172854695	K662I	662	667	K	I	K	K	71.61	100.0	702	707	707	1075.0	bifunctional GTP diphosphokinase/guanosine-3',5'-bis pyrophosphate 3'-pyrophosphohydrolase [Vibrio coralliilyticus]
spoT	WP_102665436	K662I	662	664	K	I	K	K	72.74	100.0	702	704	704	1075.0	bifunctional GTP diphosphokinase/guanosine-3',5'-bis pyrophosphate 3'-pyrophosphohydrolase [Aeromonas salmonicida]
spoT	WP_408766312	K662I	662	665	K	I	K	K	72.599	100.0	702	705	705	1075.0	bifunctional GTP diphosphokinase/guanosine-3',5'-bis pyrophosphate 3'-pyrophosphohydrolase [Aeromonas caviae]
spoT	WP_201968429	K662I	662	665	K	I	K	K	73.023	100.0	702	705	705	1075.0	bifunctional GTP diphosphokinase/guanosine-3',5'-bis pyrophosphate 3'-pyrophosphohydrolase [Aeromonas jandaei]
spoT	WP_102523443	K662I	662	667	K	I	K	K	71.791	100.0	702	707	707	1074.0	bifunctional GTP diphosphokinase/guanosine-3',5'-bis pyrophosphate 3'-pyrophosphohydrolase [Vibrio tapetis]
spoT	WP_043851698	K662I	662	665	K	I	K	K	73.023	100.0	702	705	705	1074.0	MULTISPECIES: bifunctional GTP diphosphokinase/guanosine-3',5'-bis pyrophosphate 3'-pyrophosphohydrolase [Aeromonas]
spoT	WP_084885491	K662I	662	666	K	I	K	K	72.419	100.0	702	706	705	1074.0	bifunctional GTP diphosphokinase/guanosine-3',5'-bis pyrophosphate 3'-pyrophosphohydrolase [Vibrio sp. qd031]
spoT	WP_005319472	K662I	662	664	K	I	K	K	72.74	100.0	702	704	704	1074.0	MULTISPECIES: bifunctional GTP diphosphokinase/guanosine-3',5'-bis pyrophosphate 3'-pyrophosphohydrolase [Aeromonas]
spoT	WP_096119794	K662I	662	665	K	I	K	K	72.881	100.0	702	705	705	1074.0	MULTISPECIES: bifunctional GTP diphosphokinase/guanosine-3',5'-bis pyrophosphate 3'-pyrophosphohydrolase [Aeromonas]
spoT	WP_266136970	K662I	662	665	K	I	K	K	72.599	100.0	702	705	705	1074.0	bifunctional GTP diphosphokinase/guanosine-3',5'-bis pyrophosphate 3'-pyrophosphohydrolase [Aeromonas caviae]
spoT	WP_125319483	K662I	662	666	K	I	K	K	72.136	100.0	702	706	706	1074.0	bifunctional GTP diphosphokinase/guanosine-3',5'-bis pyrophosphate 3'-pyrophosphohydrolase [Vibrio pectenicida]
spoT	WP_316287163	K662I	662	665	K	I	K	K	72.881	100.0	702	705	705	1074.0	bifunctional GTP diphosphokinase/guanosine-3',5'-bis pyrophosphate 3'-pyrophosphohydrolase [Aeromonas sp.]
spoT	WP_190336242	K662I	662	665	K	I	K	K	71.53	100.0	702	705	705	1074.0	bifunctional GTP diphosphokinase/guanosine-3',5'-bis pyrophosphate 3'-pyrophosphohydrolase [Vibrio sp. S9_S30]
spoT	WP_101111470	K662I	662	665	K	I	K	K	71.671	100.0	702	705	705	1074.0	bifunctional GTP diphosphokinase/guanosine-3',5'-bis pyrophosphate 3'-pyrophosphohydrolase [Vibrio sp. vnigr-6D03]
spoT	WP_290067466	K662I	662	665	K	I	K	K	72.881	100.0	702	705	705	1074.0	bifunctional GTP diphosphokinase/guanosine-3',5'-bis pyrophosphate 3'-pyrophosphohydrolase [Aeromonas salmonicida]
spoT	WP_205159746	K662I	662	666	K	I	K	K	72.419	100.0	702	706	705	1074.0	bifunctional GTP diphosphokinase/guanosine-3',5'-bis pyrophosphate 3'-pyrophosphohydrolase [Vibrio ulleungensis]
spoT	WP_421251498	K662I	662	665	K	I	K	K	72.881	100.0	702	705	705	1074.0	MULTISPECIES: bifunctional GTP diphosphokinase/guanosine-3',5'-bis pyrophosphate 3'-pyrophosphohydrolase [unclassified Aeromonas]
spoT	WP_290042652	K662I	662	664	K	I	K	K	72.458	100.0	702	704	704	1074.0	bifunctional GTP diphosphokinase/guanosine-3',5'-bis pyrophosphate 3'-pyrophosphohydrolase [Aeromonas piscicola]
spoT	WP_043557359	K662I	662	665	K	I	K	K	72.74	100.0	702	705	705	1074.0	bifunctional GTP diphosphokinase/guanosine-3',5'-bis pyrophosphate 3'-pyrophosphohydrolase [Aeromonas bestiarum]
spoT	WP_139394799	K662I	662	665	K	I	K	K	73.023	100.0	702	705	705	1074.0	MULTISPECIES: bifunctional GTP diphosphokinase/guanosine-3',5'-bis pyrophosphate 3'-pyrophosphohydrolase [Aeromonas]
spoT	WP_305397578	K662I	662	665	K	I	K	K	71.671	100.0	702	705	705	1073.0	bifunctional GTP diphosphokinase/guanosine-3',5'-bis pyrophosphate 3'-pyrophosphohydrolase [Vibrio penaeicida]
spoT	WP_407954145	K662I	662	665	K	I	K	K	72.74	100.0	702	705	705	1073.0	bifunctional GTP diphosphokinase/guanosine-3',5'-bis pyrophosphate 3'-pyrophosphohydrolase [Aeromonas schubertii]
spoT	WP_033137028	K662I	662	665	K	I	K	K	72.881	100.0	702	705	705	1073.0	bifunctional GTP diphosphokinase/guanosine-3',5'-bis pyrophosphate 3'-pyrophosphohydrolase [Aeromonas finlandensis]
spoT	WP_323922120	K662I	662	665	K	I	K	K	72.599	100.0	702	705	705	1073.0	bifunctional GTP diphosphokinase/guanosine-3',5'-bis pyrophosphate 3'-pyrophosphohydrolase [Aeromonas caviae]
spoT	WP_039040667	K662I	662	665	K	I	K	K	72.599	100.0	702	705	705	1073.0	MULTISPECIES: bifunctional GTP diphosphokinase/guanosine-3',5'-bis pyrophosphate 3'-pyrophosphohydrolase [Aeromonas]
spoT	WP_087023350	K662I	662	661	K	I	K	K	72.727	100.0	702	701	701	1073.0	bifunctional GTP diphosphokinase/guanosine-3',5'-bis pyrophosphate 3'-pyrophosphohydrolase [Thaumasiovibrio subtropicus]
spoT	WP_058395522	K662I	662	664	K	I	K	K	72.74	100.0	702	704	704	1073.0	bifunctional GTP diphosphokinase/guanosine-3',5'-bis pyrophosphate 3'-pyrophosphohydrolase [Aeromonas salmonicida]
spoT	WP_113721586	K662I	662	664	K	I	K	K	72.74	100.0	702	704	704	1073.0	bifunctional GTP diphosphokinase/guanosine-3',5'-bis pyrophosphate 3'-pyrophosphohydrolase [Aeromonas salmonicida]
spoT	WP_407962570	K662I	662	665	K	I	K	K	72.881	100.0	702	705	705	1073.0	bifunctional GTP diphosphokinase/guanosine-3',5'-bis pyrophosphate 3'-pyrophosphohydrolase [Aeromonas jandaei]
spoT	WP_319885115	K662I	662	665	K	I	K	K	72.599	100.0	702	705	705	1073.0	bifunctional GTP diphosphokinase/guanosine-3',5'-bis pyrophosphate 3'-pyrophosphohydrolase [Aeromonas caviae]
spoT	WP_274161017	K662I	662	665	K	I	K	K	72.881	100.0	702	705	705	1073.0	bifunctional GTP diphosphokinase/guanosine-3',5'-bis pyrophosphate 3'-pyrophosphohydrolase [Aeromonas veronii]
spoT	WP_323919776	K662I	662	665	K	I	K	K	72.599	100.0	702	705	705	1073.0	bifunctional GTP diphosphokinase/guanosine-3',5'-bis pyrophosphate 3'-pyrophosphohydrolase [Aeromonas caviae]
spoT	WP_201970138	K662I	662	665	K	I	K	K	72.599	100.0	702	705	705	1073.0	bifunctional GTP diphosphokinase/guanosine-3',5'-bis pyrophosphate 3'-pyrophosphohydrolase [Aeromonas caviae]
spoT	WP_257711822	K662I	662	665	K	I	K	K	72.458	100.0	702	705	705	1073.0	bifunctional GTP diphosphokinase/guanosine-3',5'-bis pyrophosphate 3'-pyrophosphohydrolase [Aeromonas caviae]
spoT	WP_171359963	K662I	662	666	K	I	K	K	72.136	100.0	702	706	706	1073.0	bifunctional GTP diphosphokinase/guanosine-3',5'-bis pyrophosphate 3'-pyrophosphohydrolase [Vibrio pectenicida]
spoT	WP_216979783	K662I	662	665	K	I	K	K	72.881	100.0	702	705	705	1073.0	MULTISPECIES: bifunctional GTP diphosphokinase/guanosine-3',5'-bis pyrophosphate 3'-pyrophosphohydrolase [Aeromonas]
spoT	WP_274798989	K662I	662	665	K	I	K	K	72.458	100.0	702	705	705	1073.0	bifunctional GTP diphosphokinase/guanosine-3',5'-bis pyrophosphate 3'-pyrophosphohydrolase [Aeromonas caviae]
spoT	WP_340140455	K662I	662	664	K	I	K	K	72.599	100.0	702	704	704	1073.0	bifunctional GTP diphosphokinase/guanosine-3',5'-bis pyrophosphate 3'-pyrophosphohydrolase [Aeromonas salmonicida]
spoT	WP_042873570	K662I	662	664	K	I	K	K	72.458	100.0	702	704	704	1073.0	bifunctional GTP diphosphokinase/guanosine-3',5'-bis pyrophosphate 3'-pyrophosphohydrolase [Aeromonas piscicola]
spoT	WP_279980902	K662I	662	665	K	I	K	K	72.599	100.0	702	705	705	1073.0	bifunctional GTP diphosphokinase/guanosine-3',5'-bis pyrophosphate 3'-pyrophosphohydrolase [Aeromonas caviae]
spoT	WP_005342271	K662I	662	665	K	I	K	K	72.881	100.0	702	705	705	1073.0	bifunctional GTP diphosphokinase/guanosine-3',5'-bis pyrophosphate 3'-pyrophosphohydrolase [Aeromonas veronii]
spoT	WP_042467169	K662I	662	664	K	I	K	K	72.599	100.0	702	704	704	1073.0	bifunctional GTP diphosphokinase/guanosine-3',5'-bis pyrophosphate 3'-pyrophosphohydrolase [Aeromonas salmonicida]
spoT	WP_438547656	K662I	662	665	K	I	K	K	72.599	100.0	702	705	705	1072.0	bifunctional GTP diphosphokinase/guanosine-3',5'-bis pyrophosphate 3'-pyrophosphohydrolase [Aeromonas popoffii]
spoT	WP_270821632	K662I	662	665	K	I	K	K	72.458	100.0	702	705	705	1072.0	bifunctional GTP diphosphokinase/guanosine-3',5'-bis pyrophosphate 3'-pyrophosphohydrolase [Aeromonas sp. QDB14]
spoT	WP_290325268	K662I	662	667	K	I	K	K	71.932	100.0	702	707	707	1072.0	bifunctional GTP diphosphokinase/guanosine-3',5'-bis pyrophosphate 3'-pyrophosphohydrolase [Vibrio tapetis]
spoT	WP_139736271	K662I	662	665	K	I	K	K	72.458	100.0	702	705	705	1072.0	bifunctional GTP diphosphokinase/guanosine-3',5'-bis pyrophosphate 3'-pyrophosphohydrolase [Aeromonas caviae]
spoT	WP_458480903	K662I	662	664	K	I	K	K	72.74	100.0	702	704	704	1072.0	bifunctional GTP diphosphokinase/guanosine-3',5'-bis pyrophosphate 3'-pyrophosphohydrolase [Aeromonas salmonicida]
spoT	WP_373967656	K662I	662	664	K	I	K	K	72.74	100.0	702	704	704	1072.0	bifunctional GTP diphosphokinase/guanosine-3',5'-bis pyrophosphate 3'-pyrophosphohydrolase [Aeromonas salmonicida]
spoT	WP_261816221	K662I	662	666	K	I	K	K	72.753	99.0	702	706	699	1072.0	bifunctional GTP diphosphokinase/guanosine-3',5'-bis pyrophosphate 3'-pyrophosphohydrolase [Vibrio gallicus]
spoT	WP_201985640	K662I	662	665	K	I	K	K	72.458	100.0	702	705	705	1072.0	bifunctional GTP diphosphokinase/guanosine-3',5'-bis pyrophosphate 3'-pyrophosphohydrolase [Aeromonas caviae]
spoT	WP_421290442	K662I	662	665	K	I	K	K	72.881	100.0	702	705	705	1072.0	bifunctional GTP diphosphokinase/guanosine-3',5'-bis pyrophosphate 3'-pyrophosphohydrolase [Aeromonas veronii]
spoT	WP_210538205	K662I	662	665	K	I	K	K	72.38	100.0	702	705	705	1072.0	bifunctional GTP diphosphokinase/guanosine-3',5'-bis pyrophosphate 3'-pyrophosphohydrolase [Aeromonas sp. Prich7-2]
spoT	WP_104400977	K662I	662	665	K	I	K	K	71.53	100.0	702	705	705	1072.0	bifunctional GTP diphosphokinase/guanosine-3',5'-bis pyrophosphate 3'-pyrophosphohydrolase [Vibrio penaeicida]
spoT	WP_323579821	K662I	662	665	K	I	K	K	72.458	100.0	702	705	705	1072.0	bifunctional GTP diphosphokinase/guanosine-3',5'-bis pyrophosphate 3'-pyrophosphohydrolase [Aeromonas caviae]
spoT	WP_052815374	K662I	662	665	K	I	K	K	72.458	100.0	702	705	705	1072.0	bifunctional GTP diphosphokinase/guanosine-3',5'-bis pyrophosphate 3'-pyrophosphohydrolase [Aeromonas caviae]
spoT	WP_462709932	K662I	662	666	K	I	K	K	72.624	100.0	702	715	704	1071.0	N/A
spoT	WP_362772203	K662I	662	665	K	I	K	K	72.74	100.0	702	705	705	1071.0	bifunctional GTP diphosphokinase/guanosine-3',5'-bis pyrophosphate 3'-pyrophosphohydrolase [Aeromonas veronii]
spoT	WP_277825194	K662I	662	666	K	I	K	K	72.56	100.0	702	706	705	1071.0	bifunctional GTP diphosphokinase/guanosine-3',5'-bis pyrophosphate 3'-pyrophosphohydrolase [Vibrio hannami]
spoT	WP_445983518	K662I	662	665	K	I	K	K	72.74	100.0	702	705	705	1071.0	bifunctional GTP diphosphokinase/guanosine-3',5'-bis pyrophosphate 3'-pyrophosphohydrolase [Aeromonas veronii]
spoT	WP_104016762	K662I	662	665	K	I	K	K	72.881	100.0	702	705	705	1071.0	bifunctional GTP diphosphokinase/guanosine-3',5'-bis pyrophosphate 3'-pyrophosphohydrolase [Aeromonas jandaei]
spoT	WP_279461248	K662I	662	665	K	I	K	K	72.881	100.0	702	705	705	1071.0	bifunctional GTP diphosphokinase/guanosine-3',5'-bis pyrophosphate 3'-pyrophosphohydrolase [Aeromonas veronii]
spoT	WP_042063569	K662I	662	665	K	I	K	K	72.74	100.0	702	705	705	1071.0	MULTISPECIES: bifunctional GTP diphosphokinase/guanosine-3',5'-bis pyrophosphate 3'-pyrophosphohydrolase [Aeromonas]
spoT	WP_447993358	K662I	662	665	K	I	K	K	72.74	100.0	702	705	705	1071.0	bifunctional GTP diphosphokinase/guanosine-3',5'-bis pyrophosphate 3'-pyrophosphohydrolase [Aeromonas veronii]
spoT	WP_431362578	K662I	662	665	K	I	K	K	72.74	100.0	702	705	705	1071.0	bifunctional GTP diphosphokinase/guanosine-3',5'-bis pyrophosphate 3'-pyrophosphohydrolase [Aeromonas sp.]
spoT	WP_227272658	K662I	662	665	K	I	K	K	72.74	100.0	702	705	705	1071.0	bifunctional GTP diphosphokinase/guanosine-3',5'-bis pyrophosphate 3'-pyrophosphohydrolase [Aeromonas veronii]
spoT	WP_317103115	K662I	662	665	K	I	K	K	72.74	100.0	702	705	705	1071.0	MULTISPECIES: bifunctional GTP diphosphokinase/guanosine-3',5'-bis pyrophosphate 3'-pyrophosphohydrolase [Aeromonas]
spoT	WP_017412633	K662I	662	664	K	I	K	K	72.599	100.0	702	704	704	1071.0	bifunctional GTP diphosphokinase/guanosine-3',5'-bis pyrophosphate 3'-pyrophosphohydrolase [Aeromonas salmonicida]
spoT	WP_019446267	K662I	662	665	K	I	K	K	72.74	100.0	702	705	705	1071.0	MULTISPECIES: bifunctional GTP diphosphokinase/guanosine-3',5'-bis pyrophosphate 3'-pyrophosphohydrolase [Aeromonas]
spoT	WP_206875386	K662I	662	665	K	I	K	K	72.74	100.0	702	705	705	1071.0	bifunctional GTP diphosphokinase/guanosine-3',5'-bis pyrophosphate 3'-pyrophosphohydrolase [Aeromonas veronii]
spoT	WP_429214142	K662I	662	665	K	I	K	K	72.74	100.0	702	705	705	1071.0	bifunctional GTP diphosphokinase/guanosine-3',5'-bis pyrophosphate 3'-pyrophosphohydrolase [Aeromonas veronii]
spoT	WP_201909144	K662I	662	665	K	I	K	K	72.74	100.0	702	705	705	1071.0	bifunctional GTP diphosphokinase/guanosine-3',5'-bis pyrophosphate 3'-pyrophosphohydrolase [Aeromonas veronii]
spoT	WP_413113182	K662I	662	660	K	I	K	K	72.585	100.0	702	700	700	1071.0	bifunctional GTP diphosphokinase/guanosine-3',5'-bis pyrophosphate 3'-pyrophosphohydrolase [Thaumasiovibrio sp. DFM-14]
spoT	WP_064334994	K662I	662	665	K	I	K	K	72.74	100.0	702	705	705	1071.0	bifunctional GTP diphosphokinase/guanosine-3',5'-bis pyrophosphate 3'-pyrophosphohydrolase [Aeromonas veronii]
spoT	WP_429221170	K662I	662	665	K	I	K	K	72.74	100.0	702	705	705	1071.0	bifunctional GTP diphosphokinase/guanosine-3',5'-bis pyrophosphate 3'-pyrophosphohydrolase [Aeromonas veronii]
spoT	WP_430521382	K662I	662	664	K	I	K	K	71.813	100.0	702	704	704	1071.0	bifunctional GTP diphosphokinase/guanosine-3',5'-bis pyrophosphate 3'-pyrophosphohydrolase [Aliivibrio sp.]
spoT	WP_005339255	K662I	662	665	K	I	K	K	72.74	100.0	702	705	705	1071.0	MULTISPECIES: bifunctional GTP diphosphokinase/guanosine-3',5'-bis pyrophosphate 3'-pyrophosphohydrolase [Aeromonas]
spoT	WP_202004884	K662I	662	665	K	I	K	K	72.74	100.0	702	705	705	1071.0	bifunctional GTP diphosphokinase/guanosine-3',5'-bis pyrophosphate 3'-pyrophosphohydrolase [Aeromonas veronii]
spoT	WP_110304367	K662I	662	665	K	I	K	K	72.74	100.0	702	705	705	1071.0	MULTISPECIES: bifunctional GTP diphosphokinase/guanosine-3',5'-bis pyrophosphate 3'-pyrophosphohydrolase [Aeromonas]
spoT	WP_374807870	K662I	662	665	K	I	K	K	72.74	100.0	702	705	705	1071.0	bifunctional GTP diphosphokinase/guanosine-3',5'-bis pyrophosphate 3'-pyrophosphohydrolase [Aeromonas veronii]
spoT	WP_042082217	K662I	662	665	K	I	K	K	72.74	100.0	702	705	705	1071.0	bifunctional GTP diphosphokinase/guanosine-3',5'-bis pyrophosphate 3'-pyrophosphohydrolase [Aeromonas veronii]
spoT	WP_421266729	K662I	662	665	K	I	K	K	72.74	100.0	702	705	705	1071.0	bifunctional GTP diphosphokinase/guanosine-3',5'-bis pyrophosphate 3'-pyrophosphohydrolase [Aeromonas veronii]
spoT	WP_482299999	K662I	662	665	K	I	K	K	72.74	100.0	702	705	705	1071.0	N/A
spoT	WP_439975368	K662I	662	665	K	I	K	K	72.74	100.0	702	705	705	1070.0	bifunctional GTP diphosphokinase/guanosine-3',5'-bis pyrophosphate 3'-pyrophosphohydrolase [Aeromonas sp. 61P]
spoT	WP_042035607	K662I	662	665	K	I	K	K	72.458	100.0	702	705	705	1070.0	MULTISPECIES: bifunctional GTP diphosphokinase/guanosine-3',5'-bis pyrophosphate 3'-pyrophosphohydrolase [Aeromonas]
spoT	WP_139459586	K662I	662	665	K	I	K	K	72.74	100.0	702	705	705	1070.0	bifunctional GTP diphosphokinase/guanosine-3',5'-bis pyrophosphate 3'-pyrophosphohydrolase [Aeromonas veronii]
spoT	WP_042013304	K662I	662	665	K	I	K	K	72.599	100.0	702	705	705	1070.0	bifunctional GTP diphosphokinase/guanosine-3',5'-bis pyrophosphate 3'-pyrophosphohydrolase [Aeromonas fluvialis]
spoT	WP_319919999	K662I	662	665	K	I	K	K	72.74	100.0	702	705	705	1070.0	bifunctional GTP diphosphokinase/guanosine-3',5'-bis pyrophosphate 3'-pyrophosphohydrolase [Aeromonas veronii]
spoT	WP_111808865	K662I	662	665	K	I	K	K	72.599	100.0	702	705	705	1070.0	bifunctional GTP diphosphokinase/guanosine-3',5'-bis pyrophosphate 3'-pyrophosphohydrolase [Aeromonas allosaccharophila]
spoT	WP_227341707	K662I	662	665	K	I	K	K	72.74	100.0	702	705	705	1070.0	bifunctional GTP diphosphokinase/guanosine-3',5'-bis pyrophosphate 3'-pyrophosphohydrolase [Aeromonas veronii]
spoT	WP_368210155	K662I	662	665	K	I	K	K	72.74	100.0	702	705	705	1070.0	bifunctional GTP diphosphokinase/guanosine-3',5'-bis pyrophosphate 3'-pyrophosphohydrolase [Aeromonas sp. R4-2]
spoT	WP_163129621	K662I	662	665	K	I	K	K	72.74	100.0	702	705	705	1070.0	bifunctional GTP diphosphokinase/guanosine-3',5'-bis pyrophosphate 3'-pyrophosphohydrolase [Aeromonas allosaccharophila]
spoT	WP_284194225	K662I	662	667	K	I	K	K	72.355	100.0	702	707	707	1070.0	bifunctional GTP diphosphokinase/guanosine-3',5'-bis pyrophosphate 3'-pyrophosphohydrolase [Vibrio zhanjiangensis]
spoT	WP_287145635	K662I	662	665	K	I	K	K	72.458	100.0	702	705	705	1070.0	bifunctional GTP diphosphokinase/guanosine-3',5'-bis pyrophosphate 3'-pyrophosphohydrolase [Aeromonas sp.]
spoT	WP_103252032	K662I	662	665	K	I	K	K	72.74	100.0	702	705	705	1070.0	bifunctional GTP diphosphokinase/guanosine-3',5'-bis pyrophosphate 3'-pyrophosphohydrolase [Aeromonas veronii]
spoT	WP_335818001	K662I	662	665	K	I	K	K	72.599	100.0	702	705	705	1070.0	bifunctional GTP diphosphokinase/guanosine-3',5'-bis pyrophosphate 3'-pyrophosphohydrolase [Aeromonas veronii]
spoT	WP_428788668	K662I	662	666	K	I	K	K	71.287	100.0	702	706	706	1070.0	bifunctional GTP diphosphokinase/guanosine-3',5'-bis pyrophosphate 3'-pyrophosphohydrolase [Vibrio profundum]
spoT	WP_421254418	K662I	662	665	K	I	K	K	72.74	100.0	702	705	705	1070.0	MULTISPECIES: bifunctional GTP diphosphokinase/guanosine-3',5'-bis pyrophosphate 3'-pyrophosphohydrolase [Aeromonas]
spoT	WP_429117664	K662I	662	665	K	I	K	K	72.599	100.0	702	705	705	1070.0	bifunctional GTP diphosphokinase/guanosine-3',5'-bis pyrophosphate 3'-pyrophosphohydrolase [Aeromonas veronii]
spoT	WP_335855849	K662I	662	665	K	I	K	K	72.599	100.0	702	705	705	1070.0	bifunctional GTP diphosphokinase/guanosine-3',5'-bis pyrophosphate 3'-pyrophosphohydrolase [Aeromonas allosaccharophila]
spoT	WP_446679803	K662I	662	665	K	I	K	K	72.74	100.0	702	705	705	1070.0	bifunctional GTP diphosphokinase/guanosine-3',5'-bis pyrophosphate 3'-pyrophosphohydrolase [Aeromonas veronii]
spoT	WP_108542493	K662I	662	665	K	I	K	K	72.74	100.0	702	705	705	1070.0	MULTISPECIES: bifunctional GTP diphosphokinase/guanosine-3',5'-bis pyrophosphate 3'-pyrophosphohydrolase [unclassified Aeromonas]
spoT	WP_182951433	K662I	662	665	K	I	K	K	72.458	100.0	702	705	705	1070.0	bifunctional GTP diphosphokinase/guanosine-3',5'-bis pyrophosphate 3'-pyrophosphohydrolase [Aeromonas sp. WP2-W18-CRE-05]
spoT	WP_012728407	K662I	662	666	K	I	K	K	72.624	100.0	702	715	704	1070.0	bifunctional GTP diphosphokinase/guanosine-3',5'-bis pyrophosphate 3'-pyrophosphohydrolase [Tolumonas auensis]
spoT	WP_053287968	K662I	662	665	K	I	K	K	72.238	100.0	702	705	705	1070.0	MULTISPECIES: bifunctional GTP diphosphokinase/guanosine-3',5'-bis pyrophosphate 3'-pyrophosphohydrolase [Aeromonas]
spoT	WP_368150851	K662I	662	665	K	I	K	K	72.599	100.0	702	705	705	1070.0	bifunctional GTP diphosphokinase/guanosine-3',5'-bis pyrophosphate 3'-pyrophosphohydrolase [Aeromonas sp. R2-4]
spoT	WP_216960178	K662I	662	665	K	I	K	K	72.74	100.0	702	705	705	1070.0	MULTISPECIES: bifunctional GTP diphosphokinase/guanosine-3',5'-bis pyrophosphate 3'-pyrophosphohydrolase [Aeromonas]
spoT	WP_429061270	K662I	662	665	K	I	K	K	72.74	100.0	702	705	705	1070.0	bifunctional GTP diphosphokinase/guanosine-3',5'-bis pyrophosphate 3'-pyrophosphohydrolase [Aeromonas veronii]
spoT	WP_335849138	K662I	662	665	K	I	K	K	72.599	100.0	702	705	705	1070.0	bifunctional GTP diphosphokinase/guanosine-3',5'-bis pyrophosphate 3'-pyrophosphohydrolase [Aeromonas veronii]
spoT	WP_447834613	K662I	662	665	K	I	K	K	72.599	100.0	702	705	705	1070.0	bifunctional GTP diphosphokinase/guanosine-3',5'-bis pyrophosphate 3'-pyrophosphohydrolase [Aeromonas veronii]
spoT	WP_429067061	K662I	662	665	K	I	K	K	72.599	100.0	702	705	705	1070.0	bifunctional GTP diphosphokinase/guanosine-3',5'-bis pyrophosphate 3'-pyrophosphohydrolase [Aeromonas veronii]
spoT	WP_429078174	K662I	662	665	K	I	K	K	72.599	100.0	702	705	705	1070.0	bifunctional GTP diphosphokinase/guanosine-3',5'-bis pyrophosphate 3'-pyrophosphohydrolase [Aeromonas veronii]
spoT	WP_375752195	K662I	662	666	K	I	K	K	72.419	100.0	702	706	705	1070.0	bifunctional GTP diphosphokinase/guanosine-3',5'-bis pyrophosphate 3'-pyrophosphohydrolase [Vibrio iocasae]
spoT	WP_236767854	K662I	662	665	K	I	K	K	72.74	100.0	702	705	705	1069.0	bifunctional GTP diphosphokinase/guanosine-3',5'-bis pyrophosphate 3'-pyrophosphohydrolase [Aeromonas veronii]
spoT	WP_201932932	K662I	662	665	K	I	K	K	72.599	100.0	702	705	705	1069.0	bifunctional GTP diphosphokinase/guanosine-3',5'-bis pyrophosphate 3'-pyrophosphohydrolase [Aeromonas veronii]
spoT	WP_374869187	K662I	662	665	K	I	K	K	72.74	100.0	702	705	705	1069.0	bifunctional GTP diphosphokinase/guanosine-3',5'-bis pyrophosphate 3'-pyrophosphohydrolase [Aeromonas sp. MdU4]
spoT	WP_086938419	K662I	662	660	K	I	K	K	73.115	100.0	702	700	700	1069.0	bifunctional GTP diphosphokinase/guanosine-3',5'-bis pyrophosphate 3'-pyrophosphohydrolase [Thaumasiovibrio occultus]
spoT	WP_335877841	K662I	662	665	K	I	K	K	72.599	100.0	702	705	705	1069.0	bifunctional GTP diphosphokinase/guanosine-3',5'-bis pyrophosphate 3'-pyrophosphohydrolase [Aeromonas allosaccharophila]
spoT	WP_421285222	K662I	662	665	K	I	K	K	72.74	100.0	702	705	705	1069.0	bifunctional GTP diphosphokinase/guanosine-3',5'-bis pyrophosphate 3'-pyrophosphohydrolase [Aeromonas veronii]
spoT	WP_429202626	K662I	662	665	K	I	K	K	72.599	100.0	702	705	705	1069.0	bifunctional GTP diphosphokinase/guanosine-3',5'-bis pyrophosphate 3'-pyrophosphohydrolase [Aeromonas veronii]
spoT	WP_279500416	K662I	662	665	K	I	K	K	72.599	100.0	702	705	705	1069.0	bifunctional GTP diphosphokinase/guanosine-3',5'-bis pyrophosphate 3'-pyrophosphohydrolase [Aeromonas veronii]
spoT	WP_152822255	K662I	662	666	K	I	K	K	73.257	99.0	702	706	699	1069.0	MULTISPECIES: bifunctional GTP diphosphokinase/guanosine-3',5'-bis pyrophosphate 3'-pyrophosphohydrolase [Vibrio]
spoT	WP_376891344	K662I	662	665	K	I	K	K	72.599	100.0	702	705	705	1068.0	bifunctional GTP diphosphokinase/guanosine-3',5'-bis pyrophosphate 3'-pyrophosphohydrolase [Aeromonas veronii]
spoT	WP_127007953	K662I	662	665	K	I	K	K	72.599	100.0	702	705	705	1068.0	bifunctional GTP diphosphokinase/guanosine-3',5'-bis pyrophosphate 3'-pyrophosphohydrolase [Aeromonas veronii]
spoT	WP_456513009	K662I	662	665	K	I	K	K	72.599	100.0	702	705	705	1068.0	bifunctional GTP diphosphokinase/guanosine-3',5'-bis pyrophosphate 3'-pyrophosphohydrolase [Aeromonas veronii]
spoT	WP_429087402	K662I	662	665	K	I	K	K	72.599	100.0	702	705	705	1068.0	bifunctional GTP diphosphokinase/guanosine-3',5'-bis pyrophosphate 3'-pyrophosphohydrolase [Aeromonas veronii]
spoT	WP_194090367	K662I	662	670	K	I	K	K	71.409	100.0	702	710	710	1068.0	bifunctional GTP diphosphokinase/guanosine-3',5'-bis pyrophosphate 3'-pyrophosphohydrolase [Vibrio hibernica]
spoT	WP_421275074	K662I	662	665	K	I	K	K	72.599	100.0	702	705	705	1068.0	bifunctional GTP diphosphokinase/guanosine-3',5'-bis pyrophosphate 3'-pyrophosphohydrolase [Aeromonas veronii]
spoT	WP_362792221	K662I	662	665	K	I	K	K	72.599	100.0	702	705	705	1068.0	bifunctional GTP diphosphokinase/guanosine-3',5'-bis pyrophosphate 3'-pyrophosphohydrolase [Aeromonas allosaccharophila]
spoT	WP_261873449	K662I	662	666	K	I	K	K	72.831	99.0	702	706	699	1067.0	bifunctional GTP diphosphokinase/guanosine-3',5'-bis pyrophosphate 3'-pyrophosphohydrolase [Vibrio rarus]
spoT	WP_440004803	K662I	662	667	K	I	K	K	72.254	100.0	702	707	707	1067.0	bifunctional GTP diphosphokinase/guanosine-3',5'-bis pyrophosphate 3'-pyrophosphohydrolase [Aeromonas sp. 102P]
spoT	WP_040098259	K662I	662	665	K	I	K	K	72.599	100.0	702	705	705	1067.0	bifunctional GTP diphosphokinase/guanosine-3',5'-bis pyrophosphate 3'-pyrophosphohydrolase [Aeromonas australiensis]
spoT	WP_023404606	K662I	662	666	K	I	K	K	73.115	99.0	702	706	699	1067.0	bifunctional GTP diphosphokinase/guanosine-3',5'-bis pyrophosphate 3'-pyrophosphohydrolase [Vibrio halioticoli]
spoT	WP_021714661	K662I	662	666	K	I	K	K	73.115	99.0	702	706	699	1067.0	bifunctional GTP diphosphokinase/guanosine-3',5'-bis pyrophosphate 3'-pyrophosphohydrolase [Vibrio ezurae]
spoT	WP_232801628	K662I	662	664	K	I	K	K	70.78	100.0	702	710	704	1067.0	MULTISPECIES: bifunctional GTP diphosphokinase/guanosine-3',5'-bis pyrophosphate 3'-pyrophosphohydrolase [Motilimonas]
spoT	WP_429188078	K662I	662	665	K	I	K	K	72.458	100.0	702	705	705	1067.0	bifunctional GTP diphosphokinase/guanosine-3',5'-bis pyrophosphate 3'-pyrophosphohydrolase [Aeromonas veronii]
spoT	WP_252020559	K662I	662	665	K	I	K	K	70.863	100.0	702	705	705	1066.0	bifunctional GTP diphosphokinase/guanosine-3',5'-bis pyrophosphate 3'-pyrophosphohydrolase [Vibrio sp. SCSIO 43136]
spoT	WP_408795876	K662I	662	665	K	I	K	K	72.175	100.0	702	705	705	1066.0	bifunctional GTP diphosphokinase/guanosine-3',5'-bis pyrophosphate 3'-pyrophosphohydrolase [Aeromonas bivalvium]
spoT	WP_233051535	K662I	662	664	K	I	K	K	70.922	100.0	702	710	704	1066.0	bifunctional GTP diphosphokinase/guanosine-3',5'-bis pyrophosphate 3'-pyrophosphohydrolase [Motilimonas cestriensis]
spoT	WP_415846826	K662I	662	666	K	I	K	K	73.115	99.0	702	706	699	1066.0	bifunctional GTP diphosphokinase/guanosine-3',5'-bis pyrophosphate 3'-pyrophosphohydrolase [Vibrio neonatus]
spoT	WP_235061396	K662I	662	660	K	I	K	K	71.408	100.0	702	700	700	1065.0	bifunctional GTP diphosphokinase/guanosine-3',5'-bis pyrophosphate 3'-pyrophosphohydrolase [Vibrio sp. SS-MA-C1-2]
spoT	WP_427262562	K662I	662	665	K	I	K	K	72.034	100.0	702	705	705	1065.0	MULTISPECIES: bifunctional GTP diphosphokinase/guanosine-3',5'-bis pyrophosphate 3'-pyrophosphohydrolase [Aeromonas]
spoT	WP_408747913	K662I	662	661	K	I	K	K	72.057	100.0	702	701	701	1065.0	bifunctional GTP diphosphokinase/guanosine-3',5'-bis pyrophosphate 3'-pyrophosphohydrolase [Aeromonas bivalvium]
spoT	WP_233072581	K662I	662	664	K	I	K	K	70.922	100.0	702	710	704	1065.0	bifunctional GTP diphosphokinase/guanosine-3',5'-bis pyrophosphate 3'-pyrophosphohydrolase [Motilimonas eburnea]
spoT	WP_413285417	K662I	662	666	K	I	K	K	71.328	100.0	702	706	706	1065.0	bifunctional GTP diphosphokinase/guanosine-3',5'-bis pyrophosphate 3'-pyrophosphohydrolase [Vibrio sp. MA40-2]
spoT	WP_235462329	K662I	662	665	K	I	K	K	72.458	100.0	702	705	705	1064.0	bifunctional GTP diphosphokinase/guanosine-3',5'-bis pyrophosphate 3'-pyrophosphohydrolase [Aeromonas australiensis]
spoT	WP_042000206	K662I	662	664	K	I	K	K	71.915	100.0	702	704	704	1064.0	bifunctional GTP diphosphokinase/guanosine-3',5'-bis pyrophosphate 3'-pyrophosphohydrolase [Aeromonas bivalvium]
spoT	WP_100294189	K662I	662	665	K	I	K	K	72.881	100.0	702	705	705	1063.0	bifunctional GTP diphosphokinase/guanosine-3',5'-bis pyrophosphate 3'-pyrophosphohydrolase [Aeromonas cavernicola]
spoT	WP_410196077	K662I	662	664	K	I	K	K	70.496	100.0	702	710	704	1062.0	bifunctional GTP diphosphokinase/guanosine-3',5'-bis pyrophosphate 3'-pyrophosphohydrolase [Motilimonas sp. KMU-193]
spoT	WP_231361361	K662I	662	577	K	I	K	K	85.691	84.0	702	599	598	1061.0	bifunctional GTP diphosphokinase/guanosine-3',5'-bis pyrophosphate 3'-pyrophosphohydrolase, partial [Proteus mirabilis]
spoT	WP_275135321	K662I	662	666	K	I	K	K	71.469	100.0	702	706	706	1061.0	bifunctional GTP diphosphokinase/guanosine-3',5'-bis pyrophosphate 3'-pyrophosphohydrolase [Vibrio sp. DW001]
spoT	WP_119909731	K662I	662	664	K	I	K	K	70.496	100.0	702	709	704	1061.0	bifunctional GTP diphosphokinase/guanosine-3',5'-bis pyrophosphate 3'-pyrophosphohydrolase [Motilimonas pumila]
spoT	WP_188027782	K662I	662	666	K	I	K	K	72.599	100.0	702	715	704	1061.0	bifunctional GTP diphosphokinase/guanosine-3',5'-bis pyrophosphate 3'-pyrophosphohydrolase [Tolumonas osonensis]
spoT	WP_195704871	K662I	662	666	K	I	K	K	71.469	100.0	702	706	706	1060.0	bifunctional GTP diphosphokinase/guanosine-3',5'-bis pyrophosphate 3'-pyrophosphohydrolase [Vibrio sp. VB16]
spoT	WP_005897951	K662I	662	665	K	I	K	K	71.469	100.0	702	705	705	1060.0	bifunctional GTP diphosphokinase/guanosine-3',5'-bis pyrophosphate 3'-pyrophosphohydrolase [Aeromonas molluscorum]
spoT	WP_456051583	K662I	662	664	K	I	K	K	70.438	100.0	702	704	704	1060.0	MULTISPECIES: bifunctional GTP diphosphokinase/guanosine-3',5'-bis pyrophosphate 3'-pyrophosphohydrolase [unclassified Vibrio]
spoT	WP_042041214	K662I	662	665	K	I	K	K	71.469	100.0	702	705	705	1060.0	MULTISPECIES: bifunctional GTP diphosphokinase/guanosine-3',5'-bis pyrophosphate 3'-pyrophosphohydrolase [Aeromonas]
spoT	WP_190338494	K662I	662	670	K	I	K	K	72.331	100.0	702	710	710	1059.0	bifunctional GTP diphosphokinase/guanosine-3',5'-bis pyrophosphate 3'-pyrophosphohydrolase [Vibrio sp. S11_S32]
spoT	WP_026958134	K662I	662	662	K	I	K	K	70.881	100.0	702	702	702	1059.0	bifunctional GTP diphosphokinase/guanosine-3',5'-bis pyrophosphate 3'-pyrophosphohydrolase [Aliagarivorans taiwanensis]
spoT	WP_026971175	K662I	662	662	K	I	K	K	70.739	100.0	702	702	702	1058.0	bifunctional GTP diphosphokinase/guanosine-3',5'-bis pyrophosphate 3'-pyrophosphohydrolase [Aliagarivorans marinus]
spoT	WP_390237039	K662I	662	666	K	I	K	K	71.328	100.0	702	706	706	1058.0	bifunctional GTP diphosphokinase/guanosine-3',5'-bis pyrophosphate 3'-pyrophosphohydrolase [Vibrio sp. F74]
spoT	WP_068902104	K662I	662	661	K	I	K	K	70.739	100.0	702	701	701	1058.0	bifunctional GTP diphosphokinase/guanosine-3',5'-bis pyrophosphate 3'-pyrophosphohydrolase [Veronia pacifica]
spoT	WP_317716519	K662I	662	666	K	I	K	K	71.328	100.0	702	706	706	1057.0	bifunctional GTP diphosphokinase/guanosine-3',5'-bis pyrophosphate 3'-pyrophosphohydrolase [Vibrio sp. TH_r3]
spoT	WP_475323868	K662I	662	666	K	I	K	K	71.186	100.0	702	706	706	1057.0	N/A
spoT	WP_152785143	K662I	662	663	K	I	K	K	70.355	100.0	702	704	703	1055.0	bifunctional GTP diphosphokinase/guanosine-3',5'-bis pyrophosphate 3'-pyrophosphohydrolase [Agarivorans sp. B2Z047]
spoT	WP_016400214	K662I	662	663	K	I	K	K	70.355	100.0	702	704	703	1055.0	MULTISPECIES: bifunctional GTP diphosphokinase/guanosine-3',5'-bis pyrophosphate 3'-pyrophosphohydrolase [Agarivorans]
spoT	WP_406609949	K662I	662	663	K	I	K	K	70.355	100.0	702	704	703	1055.0	bifunctional GTP diphosphokinase/guanosine-3',5'-bis pyrophosphate 3'-pyrophosphohydrolase [Agarivorans sp. JK6]
spoT	WP_076589066	K662I	662	666	K	I	K	K	71.61	100.0	702	706	706	1054.0	bifunctional GTP diphosphokinase/guanosine-3',5'-bis pyrophosphate 3'-pyrophosphohydrolase [Vibrio ostreicida]
spoT	WP_170883687	K662I	662	666	K	I	K	K	71.61	100.0	702	706	706	1054.0	bifunctional GTP diphosphokinase/guanosine-3',5'-bis pyrophosphate 3'-pyrophosphohydrolase [Vibrio ostreicida]
spoT	WP_408619542	K662I	662	661	K	I	K	K	69.886	100.0	702	701	701	1054.0	bifunctional GTP diphosphokinase/guanosine-3',5'-bis pyrophosphate 3'-pyrophosphohydrolase [Celerinatantimonas sp. YJH-8]
spoT	WP_190331154	K662I	662	670	K	I	K	K	71.629	100.0	702	710	710	1052.0	bifunctional GTP diphosphokinase/guanosine-3',5'-bis pyrophosphate 3'-pyrophosphohydrolase [Vibrio sp. S17_S38]
spoT	WP_139691574	K662I	662	665	K	I	K	K	71.751	100.0	702	705	705	1051.0	bifunctional GTP diphosphokinase/guanosine-3',5'-bis pyrophosphate 3'-pyrophosphohydrolase [Aeromonas sobria]
spoT	WP_463893113	K662I	662	667	K	I	K	K	71.108	100.0	702	707	706	1051.0	N/A
spoT	WP_220719740	K662I	662	663	K	I	K	K	70.213	100.0	702	703	703	1051.0	bifunctional GTP diphosphokinase/guanosine-3',5'-bis pyrophosphate 3'-pyrophosphohydrolase [Agarivorans litoreus]
spoT	WP_375056377	K662I	662	665	K	I	K	K	73.088	100.0	702	705	705	1051.0	bifunctional GTP diphosphokinase/guanosine-3',5'-bis pyrophosphate 3'-pyrophosphohydrolase [Zobellella sp. DQSA1]
spoT	WP_287978828	K662I	662	665	K	I	K	K	71.751	100.0	702	705	705	1050.0	bifunctional GTP diphosphokinase/guanosine-3',5'-bis pyrophosphate 3'-pyrophosphohydrolase [Aeromonas sp.]
spoT	WP_101317610	K662I	662	665	K	I	K	K	71.751	100.0	702	705	705	1050.0	bifunctional GTP diphosphokinase/guanosine-3',5'-bis pyrophosphate 3'-pyrophosphohydrolase [Aeromonas sobria]
spoT	WP_221075375	K662I	662	663	K	I	K	K	70.071	100.0	702	704	703	1050.0	bifunctional GTP diphosphokinase/guanosine-3',5'-bis pyrophosphate 3'-pyrophosphohydrolase [Agarivorans aestuarii]
spoT	WP_042022990	K662I	662	665	K	I	K	K	71.751	100.0	702	705	705	1050.0	MULTISPECIES: bifunctional GTP diphosphokinase/guanosine-3',5'-bis pyrophosphate 3'-pyrophosphohydrolase [Aeromonas]
spoT	WP_427983285	K662I	662	663	K	I	K	K	70.355	100.0	702	703	703	1050.0	bifunctional GTP diphosphokinase/guanosine-3',5'-bis pyrophosphate 3'-pyrophosphohydrolase [Agarivorans sp.]
spoT	WP_055733438	K662I	662	663	K	I	K	K	70.355	100.0	702	703	703	1049.0	bifunctional GTP diphosphokinase/guanosine-3',5'-bis pyrophosphate 3'-pyrophosphohydrolase [Agarivorans gilvus]
spoT	WP_408625085	K662I	662	661	K	I	K	K	69.744	100.0	702	701	701	1049.0	bifunctional GTP diphosphokinase/guanosine-3',5'-bis pyrophosphate 3'-pyrophosphohydrolase [Celerinatantimonas yamalensis]
spoT	WP_163134258	K662I	662	663	K	I	K	K	69.787	100.0	702	704	703	1049.0	bifunctional GTP diphosphokinase/guanosine-3',5'-bis pyrophosphate 3'-pyrophosphohydrolase [Agarivorans sp. Alg241-V36]
spoT	WP_137673492	K662I	662	662	K	I	K	K	69.929	100.0	702	703	702	1048.0	bifunctional GTP diphosphokinase/guanosine-3',5'-bis pyrophosphate 3'-pyrophosphohydrolase [Agarivorans sp. Toyoura001]
spoT	WP_320151640	K662I	662	668	K	I	K	K	70.804	100.0	702	724	708	1048.0	bifunctional GTP diphosphokinase/guanosine-3',5'-bis pyrophosphate 3'-pyrophosphohydrolase [uncultured Tolumonas sp.]
spoT	WP_303513221	K662I	662	662	K	I	K	K	69.929	100.0	702	703	702	1048.0	MULTISPECIES: bifunctional GTP diphosphokinase/guanosine-3',5'-bis pyrophosphate 3'-pyrophosphohydrolase [unclassified Agarivorans]
spoT	WP_329776833	K662I	662	663	K	I	K	K	69.645	100.0	702	704	703	1048.0	bifunctional GTP diphosphokinase/guanosine-3',5'-bis pyrophosphate 3'-pyrophosphohydrolase [Agarivorans aestuarii]
spoT	WP_316677111	K662I	662	668	K	I	K	K	70.804	100.0	702	724	708	1047.0	bifunctional GTP diphosphokinase/guanosine-3',5'-bis pyrophosphate 3'-pyrophosphohydrolase [uncultured Tolumonas sp.]
spoT	WP_457873772	K662I	662	663	K	I	K	K	69.787	100.0	702	703	703	1047.0	bifunctional GTP diphosphokinase/guanosine-3',5'-bis pyrophosphate 3'-pyrophosphohydrolase [Agarivorans sp. MS3-6]
spoT	WP_222524837	K662I	662	661	K	I	K	K	70.739	100.0	702	701	701	1046.0	bifunctional GTP diphosphokinase/guanosine-3',5'-bis pyrophosphate 3'-pyrophosphohydrolase [Ferrimonas balearica]
spoT	WP_432455315	K662I	662	663	K	I	K	K	70.071	100.0	702	703	703	1046.0	MULTISPECIES: bifunctional GTP diphosphokinase/guanosine-3',5'-bis pyrophosphate 3'-pyrophosphohydrolase [unclassified Agarivorans]
spoT	WP_432460524	K662I	662	663	K	I	K	K	70.071	100.0	702	703	703	1046.0	MULTISPECIES: bifunctional GTP diphosphokinase/guanosine-3',5'-bis pyrophosphate 3'-pyrophosphohydrolase [unclassified Agarivorans]
spoT	WP_248713537	K662I	662	663	K	I	K	K	69.645	100.0	702	703	703	1046.0	bifunctional GTP diphosphokinase/guanosine-3',5'-bis pyrophosphate 3'-pyrophosphohydrolase [Agarivorans sediminis]
spoT	WP_202088110	K662I	662	665	K	I	K	K	72.946	100.0	702	705	705	1045.0	bifunctional GTP diphosphokinase/guanosine-3',5'-bis pyrophosphate 3'-pyrophosphohydrolase [Zobellella iuensis]
spoT	WP_106729848	K662I	662	665	K	I	K	K	72.766	100.0	702	705	704	1044.0	bifunctional GTP diphosphokinase/guanosine-3',5'-bis pyrophosphate 3'-pyrophosphohydrolase [Zobellella endophytica]
spoT	WP_408615252	K662I	662	662	K	I	K	K	69.034	100.0	702	702	702	1043.0	bifunctional GTP diphosphokinase/guanosine-3',5'-bis pyrophosphate 3'-pyrophosphohydrolase [Celerinatantimonas sp. MCCC 1A17872]
spoT	WP_024871796	K662I	662	666	K	I	K	K	71.348	100.0	702	715	704	1043.0	N/A
spoT	WP_222545389	K662I	662	661	K	I	K	K	70.455	100.0	702	701	701	1042.0	bifunctional GTP diphosphokinase/guanosine-3',5'-bis pyrophosphate 3'-pyrophosphohydrolase [Ferrimonas balearica]
spoT	WP_120352917	K662I	662	663	K	I	K	K	69.929	100.0	702	703	703	1041.0	bifunctional GTP diphosphokinase/guanosine-3',5'-bis pyrophosphate 3'-pyrophosphohydrolase [Alginatibacterium sediminis]
spoT	WP_071472305	K662I	662	665	K	I	K	K	72.482	100.0	702	705	704	1041.0	bifunctional GTP diphosphokinase/guanosine-3',5'-bis pyrophosphate 3'-pyrophosphohydrolase [Oceanisphaera psychrotolerans]
spoT	WP_106453319	K662I	662	665	K	I	K	K	72.624	100.0	702	705	704	1040.0	bifunctional GTP diphosphokinase/guanosine-3',5'-bis pyrophosphate 3'-pyrophosphohydrolase [Zobellella taiwanensis]
spoT	WP_344958434	K662I	662	666	K	I	K	K	71.853	100.0	702	706	706	1040.0	bifunctional GTP diphosphokinase/guanosine-3',5'-bis pyrophosphate 3'-pyrophosphohydrolase [Zobellella aerophila]
spoT	WP_094040669	K662I	662	665	K	I	K	K	72.482	100.0	702	705	704	1039.0	bifunctional GTP diphosphokinase/guanosine-3',5'-bis pyrophosphate 3'-pyrophosphohydrolase [Zobellella denitrificans]
spoT	WP_445395487	K662I	662	665	K	I	K	K	72.482	100.0	702	705	704	1038.0	bifunctional GTP diphosphokinase/guanosine-3',5'-bis pyrophosphate 3'-pyrophosphohydrolase [Zobellella sp. An-6]
spoT	WP_114337607	K662I	662	662	K	I	K	K	69.59	100.0	702	702	702	1038.0	MULTISPECIES: bifunctional GTP diphosphokinase/guanosine-3',5'-bis pyrophosphate 3'-pyrophosphohydrolase [Corallincola]
spoT	WP_431050792	K662I	662	669	K	I	K	K	70.704	100.0	702	710	709	1038.0	MULTISPECIES: bifunctional GTP diphosphokinase/guanosine-3',5'-bis pyrophosphate 3'-pyrophosphohydrolase [unclassified Testudinibacter]
spoT	WP_395535352	K662I	662	662	K	I	K	K	72.199	100.0	702	702	701	1038.0	bifunctional GTP diphosphokinase/guanosine-3',5'-bis pyrophosphate 3'-pyrophosphohydrolase [Oceanimonas smirnovii]
spoT	WP_228211649	K662I	662	662	K	I	K	K	72.301	100.0	702	702	701	1037.0	bifunctional GTP diphosphokinase/guanosine-3',5'-bis pyrophosphate 3'-pyrophosphohydrolase [Oceanimonas baumannii]
spoT	WP_094278313	K662I	662	662	K	I	K	K	72.301	100.0	702	702	701	1037.0	bifunctional GTP diphosphokinase/guanosine-3',5'-bis pyrophosphate 3'-pyrophosphohydrolase [Oceanimonas baumannii]
spoT	WP_014291109	K662I	662	662	K	I	K	K	72.585	100.0	702	702	701	1037.0	bifunctional GTP diphosphokinase/guanosine-3',5'-bis pyrophosphate 3'-pyrophosphohydrolase [Oceanimonas sp. GK1]
spoT	WP_116474798	K662I	662	666	K	I	K	K	71.711	100.0	702	706	706	1037.0	bifunctional GTP diphosphokinase/guanosine-3',5'-bis pyrophosphate 3'-pyrophosphohydrolase [Zobellella maritima]
spoT	WP_317074931	K662I	662	662	K	I	K	K	72.017	100.0	702	702	701	1036.0	bifunctional GTP diphosphokinase/guanosine-3',5'-bis pyrophosphate 3'-pyrophosphohydrolase [Oceanimonas sp. CAM02]
spoT	WP_019934520	K662I	662	662	K	I	K	K	72.199	100.0	702	702	701	1036.0	MULTISPECIES: bifunctional GTP diphosphokinase/guanosine-3',5'-bis pyrophosphate 3'-pyrophosphohydrolase [Oceanimonas]
spoT	WP_418139602	K662I	662	662	K	I	K	K	72.057	100.0	702	702	701	1035.0	bifunctional GTP diphosphokinase/guanosine-3',5'-bis pyrophosphate 3'-pyrophosphohydrolase [Oceanimonas smirnovii]
spoT	WP_306761967	K662I	662	662	K	I	K	K	72.301	100.0	702	702	701	1035.0	bifunctional GTP diphosphokinase/guanosine-3',5'-bis pyrophosphate 3'-pyrophosphohydrolase [Oceanimonas pelagia]
spoT	WP_131911379	K662I	662	663	K	I	K	K	68.182	100.0	702	703	703	1035.0	bifunctional GTP diphosphokinase/guanosine-3',5'-bis pyrophosphate 3'-pyrophosphohydrolase [Celerinatantimonas diazotrophica]
spoT	WP_306079744	K662I	662	662	K	I	K	K	72.017	100.0	702	702	701	1035.0	bifunctional GTP diphosphokinase/guanosine-3',5'-bis pyrophosphate 3'-pyrophosphohydrolase [Oceanimonas sp. CHS3-5]
spoT	WP_446231418	K662I	662	669	K	I	K	K	70.563	100.0	702	710	709	1035.0	bifunctional GTP diphosphokinase/guanosine-3',5'-bis pyrophosphate 3'-pyrophosphohydrolase [Pasteurella testudinis]
spoT	WP_104488047	K662I	662	665	K	I	K	K	71.773	100.0	702	705	704	1035.0	bifunctional GTP diphosphokinase/guanosine-3',5'-bis pyrophosphate 3'-pyrophosphohydrolase [Oceanisphaera arctica]
spoT	WP_410455912	K662I	662	665	K	I	K	K	71.773	100.0	702	705	704	1035.0	bifunctional GTP diphosphokinase/guanosine-3',5'-bis pyrophosphate 3'-pyrophosphohydrolase [Oceanisphaera submarina]
spoT	WP_094200917	K662I	662	662	K	I	K	K	72.301	100.0	702	702	701	1034.0	MULTISPECIES: bifunctional GTP diphosphokinase/guanosine-3',5'-bis pyrophosphate 3'-pyrophosphohydrolase [Oceanimonas]
spoT	WP_345339440	K662I	662	662	K	I	K	K	69.645	100.0	702	702	702	1034.0	bifunctional GTP diphosphokinase/guanosine-3',5'-bis pyrophosphate 3'-pyrophosphohydrolase [Corallincola platygyrae]
spoT	WP_013343630	K662I	662	661	K	I	K	K	69.744	100.0	702	701	701	1033.0	bifunctional GTP diphosphokinase/guanosine-3',5'-bis pyrophosphate 3'-pyrophosphohydrolase [Ferrimonas balearica]
spoT	WP_298721565	K662I	662	665	K	I	K	K	71.773	100.0	702	705	704	1032.0	bifunctional GTP diphosphokinase/guanosine-3',5'-bis pyrophosphate 3'-pyrophosphohydrolase [Oceanisphaera sediminis]
spoT	WP_219177639	K662I	662	661	K	I	K	K	69.602	100.0	702	701	701	1032.0	bifunctional GTP diphosphokinase/guanosine-3',5'-bis pyrophosphate 3'-pyrophosphohydrolase [Ferrimonas balearica]
spoT	WP_446834343	K662I	662	668	K	I	K	K	70.099	100.0	702	709	708	1031.0	bifunctional GTP diphosphokinase/guanosine-3',5'-bis pyrophosphate 3'-pyrophosphohydrolase [Testudinibacter sp. P27/CKL/0425]
spoT	WP_084255676	K662I	662	669	K	I	K	K	70.282	100.0	702	710	709	1030.0	bifunctional GTP diphosphokinase/guanosine-3',5'-bis pyrophosphate 3'-pyrophosphohydrolase [Pasteurella testudinis]
spoT	WP_233538479	K662I	662	661	K	I	K	K	69.46	100.0	702	701	701	1030.0	bifunctional GTP diphosphokinase/guanosine-3',5'-bis pyrophosphate 3'-pyrophosphohydrolase [Ferrimonas balearica]
spoT	WP_204796148	K662I	662	665	K	I	K	K	71.631	100.0	702	705	704	1030.0	bifunctional GTP diphosphokinase/guanosine-3',5'-bis pyrophosphate 3'-pyrophosphohydrolase [Oceanisphaera litoralis]
spoT	WP_107851211	K662I	662	662	K	I	K	K	71.875	100.0	702	702	701	1028.0	bifunctional GTP diphosphokinase/guanosine-3',5'-bis pyrophosphate 3'-pyrophosphohydrolase [Oceanimonas marisflavi]
spoT	WP_166916442	K662I	662	662	K	I	K	K	68.848	100.0	702	702	702	1028.0	bifunctional GTP diphosphokinase/guanosine-3',5'-bis pyrophosphate 3'-pyrophosphohydrolase [Zophobihabitans entericus]
spoT	WP_188629411	K662I	662	665	K	I	K	K	70.78	100.0	702	705	704	1023.0	bifunctional GTP diphosphokinase/guanosine-3',5'-bis pyrophosphate 3'-pyrophosphohydrolase [Oceanisphaera marina]
spoT	WP_067661392	K662I	662	661	K	I	K	K	69.132	100.0	702	701	701	1022.0	bifunctional GTP diphosphokinase/guanosine-3',5'-bis pyrophosphate 3'-pyrophosphohydrolase [Ferrimonas marina]
spoT	WP_239409893	K662I	662	611	K	I	K	K	73.966	93.0	702	651	651	1021.0	bifunctional GTP diphosphokinase/guanosine-3',5'-bis pyrophosphate 3'-pyrophosphohydrolase, partial [Photobacterium sp. OFAV2-7]
spoT	WP_345317153	K662I	662	661	K	I	K	K	68.99	100.0	702	701	701	1021.0	bifunctional GTP diphosphokinase/guanosine-3',5'-bis pyrophosphate 3'-pyrophosphohydrolase [Ferrimonas gelatinilytica]
spoT	WP_417617230	K662I	662	665	K	I	K	K	70.922	100.0	702	705	704	1018.0	bifunctional GTP diphosphokinase/guanosine-3',5'-bis pyrophosphate 3'-pyrophosphohydrolase [Oceanisphaera sp.]
spoT	WP_251262479	K662I	662	662	K	I	K	K	68.085	100.0	702	702	702	1016.0	bifunctional GTP diphosphokinase/guanosine-3',5'-bis pyrophosphate 3'-pyrophosphohydrolase [Echinimonas agarilytica]
spoT	WP_484620305	K662I	662	660	K	I	K	K	68.279	100.0	702	700	700	1014.0	N/A
spoT	WP_095506696	K662I	662	665	K	I	K	K	68.079	100.0	702	705	705	1014.0	bifunctional GTP diphosphokinase/guanosine-3',5'-bis pyrophosphate 3'-pyrophosphohydrolase [Paraferrimonas sedimenticola]
spoT	WP_208123046	K662I	662	668	K	I	K	K	70.24	100.0	702	709	708	1014.0	bifunctional GTP diphosphokinase/guanosine-3',5'-bis pyrophosphate 3'-pyrophosphohydrolase [Spirabiliibacterium mucosae]
spoT	WP_028112585	K662I	662	659	K	I	K	K	69.176	100.0	702	699	699	1014.0	MULTISPECIES: bifunctional GTP diphosphokinase/guanosine-3',5'-bis pyrophosphate 3'-pyrophosphohydrolase [Ferrimonas]
spoT	WP_136864699	K662I	662	659	K	I	K	K	69.318	100.0	702	699	699	1013.0	bifunctional GTP diphosphokinase/guanosine-3',5'-bis pyrophosphate 3'-pyrophosphohydrolase [Ferrimonas aestuarii]
spoT	WP_090367014	K662I	662	659	K	I	K	K	69.034	100.0	702	699	699	1011.0	bifunctional GTP diphosphokinase/guanosine-3',5'-bis pyrophosphate 3'-pyrophosphohydrolase [Ferrimonas sediminum]
spoT	WP_345336136	K662I	662	660	K	I	K	K	67.852	100.0	702	700	700	1011.0	bifunctional GTP diphosphokinase/guanosine-3',5'-bis pyrophosphate 3'-pyrophosphohydrolase [Ferrimonas pelagia]
spoT	WP_028109327	K662I	662	659	K	I	K	K	68.892	100.0	702	699	699	1010.0	bifunctional GTP diphosphokinase/guanosine-3',5'-bis pyrophosphate 3'-pyrophosphohydrolase [Ferrimonas futtsuensis]
spoT	WP_417349770	K662I	662	659	K	I	K	K	69.034	100.0	702	699	699	1009.0	bifunctional GTP diphosphokinase/guanosine-3',5'-bis pyrophosphate 3'-pyrophosphohydrolase [Ferrimonas sp.]
spoT	WP_208119217	K662I	662	668	K	I	K	K	69.817	100.0	702	709	708	1008.0	bifunctional GTP diphosphokinase/guanosine-3',5'-bis pyrophosphate 3'-pyrophosphohydrolase [Spirabiliibacterium falconis]
spoT	WP_442021132	K662I	662	665	K	I	K	K	70.297	100.0	702	705	704	1006.0	bifunctional GTP diphosphokinase/guanosine-3',5'-bis pyrophosphate 3'-pyrophosphohydrolase [Oceanisphaera sp. W20_SRM_FM3]
spoT	WP_095499414	K662I	662	665	K	I	K	K	67.09	100.0	702	705	705	1004.0	bifunctional GTP diphosphokinase/guanosine-3',5'-bis pyrophosphate 3'-pyrophosphohydrolase [Paraferrimonas haliotis]
spoT	WP_319782714	K662I	662	665	K	I	K	K	70.638	100.0	702	705	704	1004.0	bifunctional GTP diphosphokinase/guanosine-3',5'-bis pyrophosphate 3'-pyrophosphohydrolase [Oceanisphaera sp. IT1-181]
spoT	WP_208120810	K662I	662	668	K	I	K	K	69.859	100.0	702	709	708	1004.0	bifunctional GTP diphosphokinase/guanosine-3',5'-bis pyrophosphate 3'-pyrophosphohydrolase [Spirabiliibacterium pneumoniae]
spoT	WP_424418476	K662I	662	665	K	I	K	K	70.071	100.0	702	705	704	1002.0	bifunctional GTP diphosphokinase/guanosine-3',5'-bis pyrophosphate 3'-pyrophosphohydrolase [Oceanisphaera sp.]
spoT	WP_086964219	K662I	662	665	K	I	K	K	70.538	100.0	702	705	704	1001.0	bifunctional GTP diphosphokinase/guanosine-3',5'-bis pyrophosphate 3'-pyrophosphohydrolase [Oceanisphaera avium]
spoT	WP_286341081	K662I	662	659	K	I	K	K	68.466	100.0	702	699	699	1000.0	bifunctional GTP diphosphokinase/guanosine-3',5'-bis pyrophosphate 3'-pyrophosphohydrolase [Ferrimonas sp. YFM]
spoT	WP_379557391	K662I	662	665	K	I	K	K	69.929	100.0	702	705	704	999.0	bifunctional GTP diphosphokinase/guanosine-3',5'-bis pyrophosphate 3'-pyrophosphohydrolase [Oceanisphaera ostreae]
spoT	WP_019441234	K662I	662	667	K	I	K	K	65.537	100.0	702	707	707	998.0	bifunctional GTP diphosphokinase/guanosine-3',5'-bis pyrophosphate 3'-pyrophosphohydrolase [Moritella marina]
spoT	WP_101061627	K662I	662	667	K	I	K	K	65.819	100.0	702	707	707	998.0	bifunctional GTP diphosphokinase/guanosine-3',5'-bis pyrophosphate 3'-pyrophosphohydrolase [Moritella sp. Urea-trap-13]
spoT	WP_293157486	K662I	662	667	K	I	K	K	65.819	100.0	702	707	707	998.0	bifunctional GTP diphosphokinase/guanosine-3',5'-bis pyrophosphate 3'-pyrophosphohydrolase [Moritella sp.]
spoT	WP_191145235	K662I	662	662	K	I	K	K	67.943	100.0	702	702	702	998.0	bifunctional GTP diphosphokinase/guanosine-3',5'-bis pyrophosphate 3'-pyrophosphohydrolase [Neiella litorisoli]
spoT	WP_089072976	K662I	662	664	K	I	K	K	65.674	100.0	702	704	704	998.0	bifunctional GTP diphosphokinase/guanosine-3',5'-bis pyrophosphate 3'-pyrophosphohydrolase [Paraphotobacterium marinum]
spoT	WP_006030913	K662I	662	667	K	I	K	K	65.819	100.0	702	707	707	997.0	MULTISPECIES: bifunctional GTP diphosphokinase/guanosine-3',5'-bis pyrophosphate 3'-pyrophosphohydrolase [unclassified Moritella]
spoT	WP_293147816	K662I	662	667	K	I	K	K	65.819	100.0	702	707	707	996.0	bifunctional GTP diphosphokinase/guanosine-3',5'-bis pyrophosphate 3'-pyrophosphohydrolase [Moritella sp.]
spoT	WP_319220609	K662I	662	667	K	I	K	K	65.537	100.0	702	707	707	996.0	bifunctional GTP diphosphokinase/guanosine-3',5'-bis pyrophosphate 3'-pyrophosphohydrolase [Moritella sp.]
spoT	WP_198438625	K662I	662	667	K	I	K	K	65.678	100.0	702	707	707	996.0	bifunctional GTP diphosphokinase/guanosine-3',5'-bis pyrophosphate 3'-pyrophosphohydrolase [Moritella sp. F3]
spoT	WP_087507081	K662I	662	662	K	I	K	K	67.801	100.0	702	702	702	995.0	bifunctional GTP diphosphokinase/guanosine-3',5'-bis pyrophosphate 3'-pyrophosphohydrolase [Neiella marina]
spoT	WP_211684257	K662I	662	667	K	I	K	K	65.537	100.0	702	707	707	995.0	bifunctional GTP diphosphokinase/guanosine-3',5'-bis pyrophosphate 3'-pyrophosphohydrolase [Moritella sp. 24]
spoT	WP_017222385	K662I	662	667	K	I	K	K	65.537	100.0	702	707	707	994.0	bifunctional GTP diphosphokinase/guanosine-3',5'-bis pyrophosphate 3'-pyrophosphohydrolase [Moritella dasanensis]
spoT	WP_067040824	K662I	662	666	K	I	K	K	65.819	100.0	702	706	706	992.0	bifunctional GTP diphosphokinase/guanosine-3',5'-bis pyrophosphate 3'-pyrophosphohydrolase [Moritella sp. JT01]
spoT	WP_208005781	K662I	662	665	K	I	K	K	69.787	100.0	702	705	704	991.0	bifunctional GTP diphosphokinase/guanosine-3',5'-bis pyrophosphate 3'-pyrophosphohydrolase [Oceanisphaera pacifica]
spoT	WP_112716288	K662I	662	667	K	I	K	K	65.254	100.0	702	707	707	990.0	bifunctional GTP diphosphokinase/guanosine-3',5'-bis pyrophosphate 3'-pyrophosphohydrolase [Moritella yayanosii]
spoT	WP_075477660	K662I	662	666	K	I	K	K	65.395	100.0	702	706	706	989.0	bifunctional GTP diphosphokinase/guanosine-3',5'-bis pyrophosphate 3'-pyrophosphohydrolase [Moritella viscosa]
spoT	WP_075472564	K662I	662	666	K	I	K	K	65.395	100.0	702	706	706	989.0	bifunctional GTP diphosphokinase/guanosine-3',5'-bis pyrophosphate 3'-pyrophosphohydrolase [Moritella viscosa]
spoT	WP_075497430	K662I	662	666	K	I	K	K	65.395	100.0	702	706	706	988.0	bifunctional GTP diphosphokinase/guanosine-3',5'-bis pyrophosphate 3'-pyrophosphohydrolase [Moritella viscosa]
spoT	WP_211673444	K662I	662	666	K	I	K	K	65.395	100.0	702	706	706	988.0	bifunctional GTP diphosphokinase/guanosine-3',5'-bis pyrophosphate 3'-pyrophosphohydrolase [Moritella sp. 5]
spoT	WP_441879228	K662I	662	665	K	I	K	K	69.362	100.0	702	705	704	988.0	bifunctional GTP diphosphokinase/guanosine-3',5'-bis pyrophosphate 3'-pyrophosphohydrolase [Oceanisphaera sp.]
spoT	WP_211677876	K662I	662	666	K	I	K	K	65.395	100.0	702	706	706	987.0	MULTISPECIES: bifunctional GTP diphosphokinase/guanosine-3',5'-bis pyrophosphate 3'-pyrophosphohydrolase [unclassified Moritella]
spoT	WP_220103858	K662I	662	662	K	I	K	K	66.95	100.0	702	702	702	986.0	bifunctional GTP diphosphokinase/guanosine-3',5'-bis pyrophosphate 3'-pyrophosphohydrolase [Neiella holothuriorum]
spoT	WP_239440508	K662I	662	656	K	I	K	K	65.665	100.0	702	696	693	985.0	bifunctional GTP diphosphokinase/guanosine-3',5'-bis pyrophosphate 3'-pyrophosphohydrolase [Psychrobium sp. MM17-31]
spoT	WP_045108600	K662I	662	666	K	I	K	K	65.254	100.0	702	706	706	985.0	bifunctional GTP diphosphokinase/guanosine-3',5'-bis pyrophosphate 3'-pyrophosphohydrolase [Moritella viscosa]
spoT	WP_101213620	K662I	662	658	K	I	K	K	64.53	100.0	702	698	698	982.0	bifunctional GTP diphosphokinase/guanosine-3',5'-bis pyrophosphate 3'-pyrophosphohydrolase [Psychrobium sp. 1_MG-2023]
spoT	WP_294832952	K662I	662	662	K	I	K	K	65.292	100.0	702	702	702	976.0	bifunctional GTP diphosphokinase/guanosine-3',5'-bis pyrophosphate 3'-pyrophosphohydrolase [uncultured Gilliamella sp.]
spoT	WP_294951813	K662I	662	662	K	I	K	K	65.292	100.0	702	702	702	976.0	bifunctional GTP diphosphokinase/guanosine-3',5'-bis pyrophosphate 3'-pyrophosphohydrolase [uncultured Gilliamella sp.]
spoT	WP_267328989	K662I	662	662	K	I	K	K	65.292	100.0	702	702	702	976.0	MULTISPECIES: bifunctional GTP diphosphokinase/guanosine-3',5'-bis pyrophosphate 3'-pyrophosphohydrolase [unclassified Gilliamella]
spoT	WP_220217707	K662I	662	662	K	I	K	K	65.292	100.0	702	702	702	974.0	bifunctional GTP diphosphokinase/guanosine-3',5'-bis pyrophosphate 3'-pyrophosphohydrolase [Gilliamella sp. ESL0405]
spoT	WP_024496059	K662I	662	662	K	I	K	K	66.43	100.0	702	702	702	974.0	bifunctional GTP diphosphokinase/guanosine-3',5'-bis pyrophosphate 3'-pyrophosphohydrolase [Candidatus Schmidhempelia bombi]
spoT	WP_065619470	K662I	662	662	K	I	K	K	65.434	100.0	702	702	702	973.0	bifunctional GTP diphosphokinase/guanosine-3',5'-bis pyrophosphate 3'-pyrophosphohydrolase [Gilliamella sp. wkB108]
spoT	WP_294611318	K662I	662	662	K	I	K	K	65.292	100.0	702	702	702	970.0	bifunctional GTP diphosphokinase/guanosine-3',5'-bis pyrophosphate 3'-pyrophosphohydrolase [uncultured Gilliamella sp.]
spoT	WP_294963742	K662I	662	662	K	I	K	K	65.292	100.0	702	702	702	970.0	bifunctional GTP diphosphokinase/guanosine-3',5'-bis pyrophosphate 3'-pyrophosphohydrolase [uncultured Gilliamella sp.]
spoT	WP_065633530	K662I	662	662	K	I	K	K	64.58	100.0	702	702	702	969.0	MULTISPECIES: bifunctional GTP diphosphokinase/guanosine-3',5'-bis pyrophosphate 3'-pyrophosphohydrolase [unclassified Gilliamella]
spoT	WP_091119406	K662I	662	662	K	I	K	K	64.296	100.0	702	702	702	969.0	bifunctional GTP diphosphokinase/guanosine-3',5'-bis pyrophosphate 3'-pyrophosphohydrolase [Gilliamella intestini]
spoT	WP_110423831	K662I	662	662	K	I	K	K	64.011	100.0	702	702	702	968.0	bifunctional GTP diphosphokinase/guanosine-3',5'-bis pyrophosphate 3'-pyrophosphohydrolase [Gilliamella apicola]
spoT	WP_392566768	K662I	662	662	K	I	K	K	66.714	100.0	702	702	702	967.0	bifunctional GTP diphosphokinase/guanosine-3',5'-bis pyrophosphate 3'-pyrophosphohydrolase [Utexia brackfieldae]
spoT	WP_160424647	K662I	662	662	K	I	K	K	64.154	100.0	702	702	702	967.0	bifunctional GTP diphosphokinase/guanosine-3',5'-bis pyrophosphate 3'-pyrophosphohydrolase [Gilliamella sp. Pas-s27]
spoT	WP_294909938	K662I	662	662	K	I	K	K	64.58	100.0	702	702	702	967.0	bifunctional GTP diphosphokinase/guanosine-3',5'-bis pyrophosphate 3'-pyrophosphohydrolase [Gilliamella apis]
spoT	WP_279084840	K662I	662	662	K	I	K	K	64.58	100.0	702	702	702	966.0	bifunctional GTP diphosphokinase/guanosine-3',5'-bis pyrophosphate 3'-pyrophosphohydrolase [Gilliamella apis]
spoT	WP_065578021	K662I	662	662	K	I	K	K	64.438	100.0	702	702	702	966.0	bifunctional GTP diphosphokinase/guanosine-3',5'-bis pyrophosphate 3'-pyrophosphohydrolase [Gilliamella apis]
spoT	WP_160412078	K662I	662	662	K	I	K	K	64.154	100.0	702	702	702	966.0	MULTISPECIES: bifunctional GTP diphosphokinase/guanosine-3',5'-bis pyrophosphate 3'-pyrophosphohydrolase [unclassified Gilliamella]
spoT	WP_065635511	K662I	662	662	K	I	K	K	64.154	100.0	702	702	702	966.0	bifunctional GTP diphosphokinase/guanosine-3',5'-bis pyrophosphate 3'-pyrophosphohydrolase [Gilliamella sp. Choc5-1]
spoT	WP_267351382	K662I	662	662	K	I	K	K	63.869	100.0	702	704	702	966.0	MULTISPECIES: bifunctional GTP diphosphokinase/guanosine-3',5'-bis pyrophosphate 3'-pyrophosphohydrolase [unclassified Gilliamella]
spoT	WP_086363481	K662I	662	662	K	I	K	K	64.438	100.0	702	702	702	966.0	bifunctional GTP diphosphokinase/guanosine-3',5'-bis pyrophosphate 3'-pyrophosphohydrolase [Gilliamella sp. A7]
spoT	WP_086320378	K662I	662	662	K	I	K	K	64.438	100.0	702	702	702	966.0	bifunctional GTP diphosphokinase/guanosine-3',5'-bis pyrophosphate 3'-pyrophosphohydrolase [Gilliamella apis]
spoT	WP_198192826	K662I	662	662	K	I	K	K	64.438	100.0	702	702	702	966.0	MULTISPECIES: bifunctional GTP diphosphokinase/guanosine-3',5'-bis pyrophosphate 3'-pyrophosphohydrolase [unclassified Gilliamella]
spoT	WP_160401682	K662I	662	662	K	I	K	K	64.296	100.0	702	702	702	966.0	MULTISPECIES: bifunctional GTP diphosphokinase/guanosine-3',5'-bis pyrophosphate 3'-pyrophosphohydrolase [unclassified Gilliamella]
spoT	WP_267333118	K662I	662	662	K	I	K	K	64.438	100.0	702	702	702	966.0	MULTISPECIES: bifunctional GTP diphosphokinase/guanosine-3',5'-bis pyrophosphate 3'-pyrophosphohydrolase [unclassified Gilliamella]
spoT	WP_267361249	K662I	662	662	K	I	K	K	63.869	100.0	702	704	702	965.0	bifunctional GTP diphosphokinase/guanosine-3',5'-bis pyrophosphate 3'-pyrophosphohydrolase [Gilliamella sp. B2717]
spoT	WP_065564631	K662I	662	662	K	I	K	K	64.438	100.0	702	702	702	965.0	bifunctional GTP diphosphokinase/guanosine-3',5'-bis pyrophosphate 3'-pyrophosphohydrolase [Gilliamella sp. wkB112]
spoT	WP_198215466	K662I	662	662	K	I	K	K	64.438	100.0	702	702	702	965.0	bifunctional GTP diphosphokinase/guanosine-3',5'-bis pyrophosphate 3'-pyrophosphohydrolase [Gilliamella sp. M0320]
spoT	WP_065556725	K662I	662	662	K	I	K	K	64.58	100.0	702	702	702	965.0	bifunctional GTP diphosphokinase/guanosine-3',5'-bis pyrophosphate 3'-pyrophosphohydrolase [Gilliamella sp. wkB178]
spoT	WP_086354196	K662I	662	662	K	I	K	K	64.58	100.0	702	702	702	965.0	MULTISPECIES: bifunctional GTP diphosphokinase/guanosine-3',5'-bis pyrophosphate 3'-pyrophosphohydrolase [Gilliamella]
spoT	WP_085246672	K662I	662	661	K	I	K	K	64.53	100.0	702	701	701	964.0	bifunctional GTP diphosphokinase/guanosine-3',5'-bis pyrophosphate 3'-pyrophosphohydrolase [Gilliamella mensalis]
spoT	WP_065614313	K662I	662	662	K	I	K	K	64.58	100.0	702	702	702	964.0	MULTISPECIES: bifunctional GTP diphosphokinase/guanosine-3',5'-bis pyrophosphate 3'-pyrophosphohydrolase [Gilliamella]
spoT	WP_065559247	K662I	662	662	K	I	K	K	64.011	100.0	702	704	702	964.0	bifunctional GTP diphosphokinase/guanosine-3',5'-bis pyrophosphate 3'-pyrophosphohydrolase [Gilliamella sp. wkB308]
spoT	WP_294884074	K662I	662	662	K	I	K	K	64.438	100.0	702	702	702	964.0	bifunctional GTP diphosphokinase/guanosine-3',5'-bis pyrophosphate 3'-pyrophosphohydrolase [uncultured Gilliamella sp.]
spoT	WP_198199259	K662I	662	662	K	I	K	K	64.296	100.0	702	702	702	964.0	bifunctional GTP diphosphokinase/guanosine-3',5'-bis pyrophosphate 3'-pyrophosphohydrolase [Gilliamella sp. W8145]
spoT	WP_267357311	K662I	662	662	K	I	K	K	64.011	100.0	702	702	702	964.0	bifunctional GTP diphosphokinase/guanosine-3',5'-bis pyrophosphate 3'-pyrophosphohydrolase [Gilliamella sp. B2889]
spoT	WP_483558899	K662I	662	662	K	I	K	K	64.438	100.0	702	702	702	964.0	N/A
spoT	WP_110453617	K662I	662	662	K	I	K	K	64.296	100.0	702	702	702	964.0	bifunctional GTP diphosphokinase/guanosine-3',5'-bis pyrophosphate 3'-pyrophosphohydrolase [Gilliamella apis]
spoT	WP_198221789	K662I	662	662	K	I	K	K	64.296	100.0	702	702	702	964.0	MULTISPECIES: bifunctional GTP diphosphokinase/guanosine-3',5'-bis pyrophosphate 3'-pyrophosphohydrolase [unclassified Gilliamella]
spoT	WP_174796271	K662I	662	661	K	I	K	K	64.245	100.0	702	701	701	963.0	bifunctional GTP diphosphokinase/guanosine-3',5'-bis pyrophosphate 3'-pyrophosphohydrolase [Gilliamella sp. ESL0250]
spoT	WP_411634732	K662I	662	662	K	I	K	K	64.639	100.0	702	702	702	963.0	bifunctional GTP diphosphokinase/guanosine-3',5'-bis pyrophosphate 3'-pyrophosphohydrolase [Gilliamella apicola]
spoT	WP_086362158	K662I	662	662	K	I	K	K	64.438	100.0	702	702	702	963.0	bifunctional GTP diphosphokinase/guanosine-3',5'-bis pyrophosphate 3'-pyrophosphohydrolase [Gilliamella apis]
spoT	WP_110448245	K662I	662	662	K	I	K	K	64.296	100.0	702	702	702	963.0	bifunctional GTP diphosphokinase/guanosine-3',5'-bis pyrophosphate 3'-pyrophosphohydrolase [Gilliamella apis]
spoT	WP_371375011	K662I	662	665	K	I	K	K	65.722	100.0	702	705	704	963.0	bifunctional GTP diphosphokinase/guanosine-3',5'-bis pyrophosphate 3'-pyrophosphohydrolase [Thalassotalea aquiviva]
spoT	WP_267353104	K662I	662	662	K	I	K	K	63.869	100.0	702	702	702	962.0	bifunctional GTP diphosphokinase/guanosine-3',5'-bis pyrophosphate 3'-pyrophosphohydrolase [Gilliamella sp. B3482]
spoT	WP_084390021	K662I	662	662	K	I	K	K	64.498	100.0	702	702	702	962.0	bifunctional GTP diphosphokinase/guanosine-3',5'-bis pyrophosphate 3'-pyrophosphohydrolase [Gilliamella apicola]
spoT	WP_199609725	K662I	662	663	K	I	K	K	66.193	100.0	702	702	702	962.0	bifunctional GTP diphosphokinase/guanosine-3',5'-bis pyrophosphate 3'-pyrophosphohydrolase [Flocculibacter collagenilyticus]
spoT	WP_411639062	K662I	662	662	K	I	K	K	64.498	100.0	702	702	702	962.0	bifunctional GTP diphosphokinase/guanosine-3',5'-bis pyrophosphate 3'-pyrophosphohydrolase [Gilliamella apicola]
spoT	WP_025315038	K662I	662	662	K	I	K	K	64.639	100.0	702	702	702	962.0	bifunctional GTP diphosphokinase/guanosine-3',5'-bis pyrophosphate 3'-pyrophosphohydrolase [Gilliamella apicola]
spoT	WP_294892339	K662I	662	662	K	I	K	K	64.296	100.0	702	702	702	962.0	bifunctional GTP diphosphokinase/guanosine-3',5'-bis pyrophosphate 3'-pyrophosphohydrolase [uncultured Gilliamella sp.]
spoT	WP_464320260	K662I	662	662	K	I	K	K	64.296	100.0	702	702	702	962.0	N/A
spoT	WP_464321332	K662I	662	662	K	I	K	K	64.498	100.0	702	702	702	962.0	N/A
spoT	WP_267331689	K662I	662	662	K	I	K	K	63.869	100.0	702	702	702	962.0	MULTISPECIES: bifunctional GTP diphosphokinase/guanosine-3',5'-bis pyrophosphate 3'-pyrophosphohydrolase [unclassified Gilliamella]
spoT	WP_086358725	K662I	662	662	K	I	K	K	64.154	100.0	702	702	702	962.0	MULTISPECIES: bifunctional GTP diphosphokinase/guanosine-3',5'-bis pyrophosphate 3'-pyrophosphohydrolase [unclassified Gilliamella]
spoT	WP_220225826	K662I	662	662	K	I	K	K	63.869	100.0	702	702	702	962.0	MULTISPECIES: bifunctional GTP diphosphokinase/guanosine-3',5'-bis pyrophosphate 3'-pyrophosphohydrolase [unclassified Gilliamella]
spoT	WP_110454367	K662I	662	662	K	I	K	K	64.356	100.0	702	702	702	962.0	bifunctional GTP diphosphokinase/guanosine-3',5'-bis pyrophosphate 3'-pyrophosphohydrolase [Gilliamella apicola]
spoT	WP_160407718	K662I	662	662	K	I	K	K	63.869	100.0	702	702	702	962.0	MULTISPECIES: bifunctional GTP diphosphokinase/guanosine-3',5'-bis pyrophosphate 3'-pyrophosphohydrolase [unclassified Gilliamella]
spoT	WP_065602222	K662I	662	662	K	I	K	K	64.498	100.0	702	702	702	962.0	bifunctional GTP diphosphokinase/guanosine-3',5'-bis pyrophosphate 3'-pyrophosphohydrolase [Gilliamella apicola]
spoT	WP_334326109	K662I	662	662	K	I	K	K	64.498	100.0	702	702	702	961.0	bifunctional GTP diphosphokinase/guanosine-3',5'-bis pyrophosphate 3'-pyrophosphohydrolase [Gilliamella apicola]
spoT	WP_334320148	K662I	662	662	K	I	K	K	64.639	100.0	702	702	702	961.0	bifunctional GTP diphosphokinase/guanosine-3',5'-bis pyrophosphate 3'-pyrophosphohydrolase [Gilliamella apicola]
spoT	WP_065563142	K662I	662	662	K	I	K	K	63.869	100.0	702	702	702	961.0	bifunctional GTP diphosphokinase/guanosine-3',5'-bis pyrophosphate 3'-pyrophosphohydrolase [Gilliamella sp. wkB195]
spoT	WP_267362512	K662I	662	662	K	I	K	K	63.869	100.0	702	702	702	961.0	bifunctional GTP diphosphokinase/guanosine-3',5'-bis pyrophosphate 3'-pyrophosphohydrolase [Gilliamella sp. B2772]
spoT	WP_483747711	K662I	662	661	K	I	K	K	64.245	100.0	702	701	701	961.0	N/A
spoT	WP_086271670	K662I	662	662	K	I	K	K	64.498	100.0	702	702	702	961.0	bifunctional GTP diphosphokinase/guanosine-3',5'-bis pyrophosphate 3'-pyrophosphohydrolase [Gilliamella apicola]
spoT	WP_065561524	K662I	662	662	K	I	K	K	63.585	100.0	702	702	702	960.0	bifunctional GTP diphosphokinase/guanosine-3',5'-bis pyrophosphate 3'-pyrophosphohydrolase [Gilliamella sp. Gris1-4]
spoT	WP_034912515	K662I	662	662	K	I	K	K	63.727	100.0	702	702	702	960.0	bifunctional GTP diphosphokinase/guanosine-3',5'-bis pyrophosphate 3'-pyrophosphohydrolase [Gilliamella sp. Imp1-1]
spoT	WP_110434043	K662I	662	662	K	I	K	K	63.442	100.0	702	702	702	960.0	bifunctional GTP diphosphokinase/guanosine-3',5'-bis pyrophosphate 3'-pyrophosphohydrolase [Gilliamella apicola]
spoT	WP_411627354	K662I	662	662	K	I	K	K	64.498	100.0	702	702	702	960.0	bifunctional GTP diphosphokinase/guanosine-3',5'-bis pyrophosphate 3'-pyrophosphohydrolase [Gilliamella apicola]
spoT	WP_144188714	K662I	662	662	K	I	K	K	64.296	100.0	702	702	702	960.0	bifunctional GTP diphosphokinase/guanosine-3',5'-bis pyrophosphate 3'-pyrophosphohydrolase [Gilliamella apicola]
spoT	WP_086336614	K662I	662	662	K	I	K	K	64.498	100.0	702	702	702	960.0	bifunctional GTP diphosphokinase/guanosine-3',5'-bis pyrophosphate 3'-pyrophosphohydrolase [Gilliamella apicola]
spoT	WP_065737433	K662I	662	662	K	I	K	K	64.498	100.0	702	702	702	959.0	MULTISPECIES: bifunctional GTP diphosphokinase/guanosine-3',5'-bis pyrophosphate 3'-pyrophosphohydrolase [Gilliamella]
spoT	WP_220216797	K662I	662	662	K	I	K	K	63.727	100.0	702	704	702	959.0	MULTISPECIES: bifunctional GTP diphosphokinase/guanosine-3',5'-bis pyrophosphate 3'-pyrophosphohydrolase [unclassified Gilliamella]
spoT	WP_086326710	K662I	662	662	K	I	K	K	64.498	100.0	702	702	702	959.0	MULTISPECIES: bifunctional GTP diphosphokinase/guanosine-3',5'-bis pyrophosphate 3'-pyrophosphohydrolase [Gilliamella]
spoT	WP_065733829	K662I	662	662	K	I	K	K	63.727	100.0	702	702	702	959.0	bifunctional GTP diphosphokinase/guanosine-3',5'-bis pyrophosphate 3'-pyrophosphohydrolase [Gilliamella sp. wkB72]
spoT	WP_334324217	K662I	662	662	K	I	K	K	64.498	100.0	702	702	702	958.0	bifunctional GTP diphosphokinase/guanosine-3',5'-bis pyrophosphate 3'-pyrophosphohydrolase [Gilliamella apicola]
spoT	WP_483751323	K662I	662	661	K	I	K	K	63.96	100.0	702	701	701	958.0	N/A
spoT	WP_065589287	K662I	662	662	K	I	K	K	63.585	100.0	702	702	702	957.0	MULTISPECIES: bifunctional GTP diphosphokinase/guanosine-3',5'-bis pyrophosphate 3'-pyrophosphohydrolase [Gilliamella]
spoT	WP_198236130	K662I	662	662	K	I	K	K	64.356	100.0	702	702	702	957.0	MULTISPECIES: bifunctional GTP diphosphokinase/guanosine-3',5'-bis pyrophosphate 3'-pyrophosphohydrolase [unclassified Gilliamella]
spoT	WP_065608840	K662I	662	662	K	I	K	K	63.585	100.0	702	702	702	957.0	bifunctional GTP diphosphokinase/guanosine-3',5'-bis pyrophosphate 3'-pyrophosphohydrolase [Gilliamella sp. Occ4-3]
spoT	WP_198226616	K662I	662	662	K	I	K	K	64.356	100.0	702	702	702	957.0	MULTISPECIES: bifunctional GTP diphosphokinase/guanosine-3',5'-bis pyrophosphate 3'-pyrophosphohydrolase [unclassified Gilliamella]
spoT	WP_138319567	K662I	662	665	K	I	K	K	65.014	100.0	702	705	704	956.0	bifunctional GTP diphosphokinase/guanosine-3',5'-bis pyrophosphate 3'-pyrophosphohydrolase [Thalassotalea litorea]
spoT	WP_160431731	K662I	662	661	K	I	K	K	64.245	100.0	702	701	701	956.0	bifunctional GTP diphosphokinase/guanosine-3',5'-bis pyrophosphate 3'-pyrophosphohydrolase [Gilliamella sp. Pas-s25]
spoT	WP_065587450	K662I	662	662	K	I	K	K	63.869	100.0	702	702	702	956.0	MULTISPECIES: bifunctional GTP diphosphokinase/guanosine-3',5'-bis pyrophosphate 3'-pyrophosphohydrolase [unclassified Gilliamella]
spoT	WP_297225494	K662I	662	662	K	I	K	K	63.442	100.0	702	702	702	955.0	bifunctional GTP diphosphokinase/guanosine-3',5'-bis pyrophosphate 3'-pyrophosphohydrolase [Gilliamella sp.]
spoT	WP_345488069	K662I	662	664	K	I	K	K	64.489	100.0	702	704	704	955.0	bifunctional GTP diphosphokinase/guanosine-3',5'-bis pyrophosphate 3'-pyrophosphohydrolase [Orbus sasakiae]
spoT	WP_065637223	K662I	662	661	K	I	K	K	63.818	100.0	702	701	701	955.0	bifunctional GTP diphosphokinase/guanosine-3',5'-bis pyrophosphate 3'-pyrophosphohydrolase [Gilliamella sp. App6-5]
spoT	WP_394176223	K662I	662	665	K	I	K	K	65.156	100.0	702	705	704	955.0	bifunctional GTP diphosphokinase/guanosine-3',5'-bis pyrophosphate 3'-pyrophosphohydrolase [Thalassotalea litorea]
spoT	WP_267340490	K662I	662	662	K	I	K	K	64.154	100.0	702	702	702	955.0	MULTISPECIES: bifunctional GTP diphosphokinase/guanosine-3',5'-bis pyrophosphate 3'-pyrophosphohydrolase [unclassified Gilliamella]
spoT	WP_121145449	K662I	662	663	K	I	K	K	64.205	100.0	702	703	703	955.0	bifunctional GTP diphosphokinase/guanosine-3',5'-bis pyrophosphate 3'-pyrophosphohydrolase [Orbus hercynius]
spoT	WP_174799448	K662I	662	662	K	I	K	K	63.442	100.0	702	702	702	955.0	MULTISPECIES: bifunctional GTP diphosphokinase/guanosine-3',5'-bis pyrophosphate 3'-pyrophosphohydrolase [unclassified Gilliamella]
spoT	WP_136734871	K662I	662	665	K	I	K	K	65.014	100.0	702	705	704	955.0	bifunctional GTP diphosphokinase/guanosine-3',5'-bis pyrophosphate 3'-pyrophosphohydrolase [Thalassotalea mangrovi]
spoT	WP_065575392	K662I	662	662	K	I	K	K	63.442	100.0	702	702	702	954.0	bifunctional GTP diphosphokinase/guanosine-3',5'-bis pyrophosphate 3'-pyrophosphohydrolase [Gilliamella sp. GillExp13]
spoT	WP_091345927	K662I	662	662	K	I	K	K	64.011	100.0	702	702	702	954.0	MULTISPECIES: bifunctional GTP diphosphokinase/guanosine-3',5'-bis pyrophosphate 3'-pyrophosphohydrolase [Gilliamella]
spoT	WP_160403801	K662I	662	662	K	I	K	K	63.869	100.0	702	702	702	954.0	bifunctional GTP diphosphokinase/guanosine-3',5'-bis pyrophosphate 3'-pyrophosphohydrolase [Gilliamella sp. Pas-s95]
spoT	WP_296302801	K662I	662	662	K	I	K	K	63.442	100.0	702	702	702	953.0	bifunctional GTP diphosphokinase/guanosine-3',5'-bis pyrophosphate 3'-pyrophosphohydrolase [Gilliamella sp.]
spoT	WP_411588532	K662I	662	662	K	I	K	K	63.585	100.0	702	702	702	952.0	MULTISPECIES: bifunctional GTP diphosphokinase/guanosine-3',5'-bis pyrophosphate 3'-pyrophosphohydrolase [unclassified Gilliamella]
spoT	WP_065580705	K662I	662	662	K	I	K	K	63.727	100.0	702	702	702	951.0	bifunctional GTP diphosphokinase/guanosine-3',5'-bis pyrophosphate 3'-pyrophosphohydrolase [Gilliamella sp. Fer1-1]
spoT	WP_065567935	K662I	662	662	K	I	K	K	63.585	100.0	702	702	702	951.0	MULTISPECIES: bifunctional GTP diphosphokinase/guanosine-3',5'-bis pyrophosphate 3'-pyrophosphohydrolase [unclassified Gilliamella]
spoT	WP_065606852	K662I	662	662	K	I	K	K	63.442	100.0	702	702	702	950.0	bifunctional GTP diphosphokinase/guanosine-3',5'-bis pyrophosphate 3'-pyrophosphohydrolase [Gilliamella sp. Occ3-1]
spoT	WP_281559209	K662I	662	663	K	I	K	K	64.731	100.0	702	702	702	950.0	bifunctional GTP diphosphokinase/guanosine-3',5'-bis pyrophosphate 3'-pyrophosphohydrolase [Thalassomonas sp. RHCl1]
spoT	WP_065572416	K662I	662	662	K	I	K	K	63.442	100.0	702	702	702	950.0	bifunctional GTP diphosphokinase/guanosine-3',5'-bis pyrophosphate 3'-pyrophosphohydrolase [Gilliamella sp. HK2]
spoT	WP_184422329	K662I	662	662	K	I	K	K	63.778	100.0	702	701	701	950.0	bifunctional GTP diphosphokinase/guanosine-3',5'-bis pyrophosphate 3'-pyrophosphohydrolase [Thalassotalea piscium]
spoT	WP_296317371	K662I	662	662	K	I	K	K	63.158	100.0	702	702	702	949.0	bifunctional GTP diphosphokinase/guanosine-3',5'-bis pyrophosphate 3'-pyrophosphohydrolase [Gilliamella sp.]
spoT	WP_421969436	K662I	662	662	K	I	K	K	63.105	100.0	702	701	701	949.0	bifunctional GTP diphosphokinase/guanosine-3',5'-bis pyrophosphate 3'-pyrophosphohydrolase [Pseudoalteromonas sp. SSDWG2]
spoT	WP_189378954	K662I	662	663	K	I	K	K	63.83	100.0	702	702	702	949.0	bifunctional GTP diphosphokinase/guanosine-3',5'-bis pyrophosphate 3'-pyrophosphohydrolase [Thalassotalea profundi]
spoT	WP_448247711	K662I	662	665	K	I	K	K	63.366	100.0	702	704	704	949.0	bifunctional GTP diphosphokinase/guanosine-3',5'-bis pyrophosphate 3'-pyrophosphohydrolase [Thalassotalea agariperforans]
spoT	WP_392560790	K662I	662	663	K	I	K	K	63.778	100.0	702	703	703	949.0	bifunctional GTP diphosphokinase/guanosine-3',5'-bis pyrophosphate 3'-pyrophosphohydrolase [Orbus mooreae]
spoT	WP_392553637	K662I	662	664	K	I	K	K	63.778	100.0	702	704	704	949.0	bifunctional GTP diphosphokinase/guanosine-3',5'-bis pyrophosphate 3'-pyrophosphohydrolase [Orbus wheelerorum]
spoT	WP_392563078	K662I	662	664	K	I	K	K	63.352	100.0	702	704	704	948.0	bifunctional GTP diphosphokinase/guanosine-3',5'-bis pyrophosphate 3'-pyrophosphohydrolase [Orbus sturtevantii]
spoT	WP_068546198	K662I	662	666	K	I	K	K	64.164	100.0	702	706	705	948.0	bifunctional GTP diphosphokinase/guanosine-3',5'-bis pyrophosphate 3'-pyrophosphohydrolase [Thalassotalea crassostreae]
spoT	WP_144035283	K662I	662	665	K	I	K	K	64.448	100.0	702	705	704	948.0	bifunctional GTP diphosphokinase/guanosine-3',5'-bis pyrophosphate 3'-pyrophosphohydrolase [Thalassotalea sp. PS06]
spoT	WP_065581439	K662I	662	662	K	I	K	K	63.585	100.0	702	702	702	947.0	MULTISPECIES: bifunctional GTP diphosphokinase/guanosine-3',5'-bis pyrophosphate 3'-pyrophosphohydrolase [unclassified Gilliamella]
spoT	WP_044838076	K662I	662	663	K	I	K	K	64.448	100.0	702	702	702	947.0	bifunctional GTP diphosphokinase/guanosine-3',5'-bis pyrophosphate 3'-pyrophosphohydrolase [Thalassomonas viridans]
spoT	WP_487122978	K662I	662	663	K	I	K	K	63.546	100.0	702	702	702	947.0	N/A
spoT	WP_101344847	K662I	662	663	K	I	K	K	64.306	100.0	702	702	702	947.0	bifunctional GTP diphosphokinase/guanosine-3',5'-bis pyrophosphate 3'-pyrophosphohydrolase [Colwellia echini]
spoT	WP_010558153	K662I	662	662	K	I	K	K	63.533	100.0	702	701	701	946.0	bifunctional GTP diphosphokinase/guanosine-3',5'-bis pyrophosphate 3'-pyrophosphohydrolase [Pseudoalteromonas marina]
spoT	WP_348387478	K662I	662	665	K	I	K	K	63.598	100.0	702	705	704	946.0	bifunctional GTP diphosphokinase/guanosine-3',5'-bis pyrophosphate 3'-pyrophosphohydrolase [Thalassotalea nanhaiensis]
spoT	WP_348394882	K662I	662	666	K	I	K	K	63.508	100.0	702	706	705	946.0	bifunctional GTP diphosphokinase/guanosine-3',5'-bis pyrophosphate 3'-pyrophosphohydrolase [Thalassotalea fonticola]
spoT	WP_044834338	K662I	662	663	K	I	K	K	64.448	100.0	702	702	702	946.0	bifunctional GTP diphosphokinase/guanosine-3',5'-bis pyrophosphate 3'-pyrophosphohydrolase [Thalassomonas actiniarum]
spoT	WP_348391782	K662I	662	665	K	I	K	K	63.881	100.0	702	705	704	946.0	bifunctional GTP diphosphokinase/guanosine-3',5'-bis pyrophosphate 3'-pyrophosphohydrolase [Thalassotalea psychrophila]
spoT	WP_143585685	K662I	662	665	K	I	K	K	63.598	100.0	702	705	704	945.0	bifunctional GTP diphosphokinase/guanosine-3',5'-bis pyrophosphate 3'-pyrophosphohydrolase [Thalassomonas sp. M1454]
spoT	WP_058405253	K662I	662	662	K	I	K	K	63.39	100.0	702	701	701	945.0	MULTISPECIES: bifunctional GTP diphosphokinase/guanosine-3',5'-bis pyrophosphate 3'-pyrophosphohydrolase [unclassified Pseudoalteromonas]
spoT	WP_077339849	K662I	662	666	K	I	K	K	63.764	100.0	702	705	705	944.0	bifunctional GTP diphosphokinase/guanosine-3',5'-bis pyrophosphate 3'-pyrophosphohydrolase [Pseudocolwellia agarivorans]
spoT	WP_291611174	K662I	662	663	K	I	K	K	63.739	100.0	702	702	702	944.0	bifunctional GTP diphosphokinase/guanosine-3',5'-bis pyrophosphate 3'-pyrophosphohydrolase [Colwellia sp.]
spoT	WP_039106478	K662I	662	662	K	I	K	K	64.205	100.0	702	702	702	944.0	bifunctional GTP diphosphokinase/guanosine-3',5'-bis pyrophosphate 3'-pyrophosphohydrolase [Frischella perrara]
spoT	WP_076417483	K662I	662	666	K	I	K	K	63.764	100.0	702	705	705	944.0	bifunctional GTP diphosphokinase/guanosine-3',5'-bis pyrophosphate 3'-pyrophosphohydrolase [Colwellia sp. UCD-KL20]
spoT	WP_008130682	K662I	662	662	K	I	K	K	63.39	100.0	702	701	701	944.0	MULTISPECIES: bifunctional GTP diphosphokinase/guanosine-3',5'-bis pyrophosphate 3'-pyrophosphohydrolase [Pseudoalteromonas]
spoT	WP_448565762	K662I	662	663	K	I	K	K	64.306	100.0	702	702	702	944.0	bifunctional GTP diphosphokinase/guanosine-3',5'-bis pyrophosphate 3'-pyrophosphohydrolase [Thalassotalea ganghwensis]
spoT	WP_462674551	K662I	662	662	K	I	K	K	63.39	100.0	702	701	701	944.0	N/A
spoT	WP_054014720	K662I	662	661	K	I	K	K	64.103	100.0	702	700	700	944.0	bifunctional GTP diphosphokinase/guanosine-3',5'-bis pyrophosphate 3'-pyrophosphohydrolase [Pseudoalteromonas sp. R3]
spoT	WP_291618994	K662I	662	663	K	I	K	K	63.739	100.0	702	702	702	944.0	bifunctional GTP diphosphokinase/guanosine-3',5'-bis pyrophosphate 3'-pyrophosphohydrolase [Colwellia sp.]
spoT	WP_138545374	K662I	662	661	K	I	K	K	64.103	100.0	702	700	700	943.0	bifunctional GTP diphosphokinase/guanosine-3',5'-bis pyrophosphate 3'-pyrophosphohydrolase [Pseudoalteromonas rubra]
spoT	WP_138527577	K662I	662	662	K	I	K	K	63.248	100.0	702	701	701	943.0	MULTISPECIES: bifunctional GTP diphosphokinase/guanosine-3',5'-bis pyrophosphate 3'-pyrophosphohydrolase [unclassified Pseudoalteromonas]
spoT	WP_426359139	K662I	662	674	K	I	K	K	63.687	100.0	702	713	713	942.0	MULTISPECIES: bifunctional GTP diphosphokinase/guanosine-3',5'-bis pyrophosphate 3'-pyrophosphohydrolase [unclassified Pseudocolwellia]
spoT	WP_487113007	K662I	662	663	K	I	K	K	63.83	100.0	702	702	702	942.0	N/A
spoT	WP_206486118	K662I	662	663	K	I	K	K	63.83	100.0	702	702	702	942.0	bifunctional GTP diphosphokinase/guanosine-3',5'-bis pyrophosphate 3'-pyrophosphohydrolase [Thalassotalea sp. G2M2-11]
spoT	WP_130602450	K662I	662	664	K	I	K	K	64.215	100.0	702	703	703	942.0	bifunctional GTP diphosphokinase/guanosine-3',5'-bis pyrophosphate 3'-pyrophosphohydrolase [Litorilituus sediminis]
spoT	WP_103829157	K662I	662	574	K	I	K	K	73.906	87.0	702	614	614	942.0	bifunctional GTP diphosphokinase/guanosine-3',5'-bis pyrophosphate 3'-pyrophosphohydrolase, partial [Aeromonas hydrophila]
spoT	WP_473609189	K662I	662	666	K	I	K	K	63.483	100.0	702	705	705	942.0	N/A
spoT	WP_046006225	K662I	662	661	K	I	K	K	63.96	100.0	702	700	700	942.0	MULTISPECIES: bifunctional GTP diphosphokinase/guanosine-3',5'-bis pyrophosphate 3'-pyrophosphohydrolase [Pseudoalteromonas]
spoT	WP_253046835	K662I	662	661	K	I	K	K	63.96	100.0	702	700	700	941.0	MULTISPECIES: bifunctional GTP diphosphokinase/guanosine-3',5'-bis pyrophosphate 3'-pyrophosphohydrolase [unclassified Pseudoalteromonas]
spoT	WP_135926154	K662I	662	662	K	I	K	K	63.533	100.0	702	701	701	941.0	MULTISPECIES: bifunctional GTP diphosphokinase/guanosine-3',5'-bis pyrophosphate 3'-pyrophosphohydrolase [Pseudoalteromonas]
spoT	WP_274051864	K662I	662	663	K	I	K	K	64.448	100.0	702	702	702	941.0	bifunctional GTP diphosphokinase/guanosine-3',5'-bis pyrophosphate 3'-pyrophosphohydrolase [Thalassomonas haliotis]
spoT	WP_065625796	K662I	662	662	K	I	K	K	62.304	100.0	702	702	702	941.0	bifunctional GTP diphosphokinase/guanosine-3',5'-bis pyrophosphate 3'-pyrophosphohydrolase [Gilliamella sp. Bif1-4]
spoT	WP_215971759	K662I	662	663	K	I	K	K	64.306	100.0	702	702	702	941.0	MULTISPECIES: bifunctional GTP diphosphokinase/guanosine-3',5'-bis pyrophosphate 3'-pyrophosphohydrolase [unclassified Colwellia]
spoT	WP_138622727	K662I	662	663	K	I	K	K	64.164	100.0	702	702	702	941.0	bifunctional GTP diphosphokinase/guanosine-3',5'-bis pyrophosphate 3'-pyrophosphohydrolase [Colwellia ponticola]
spoT	WP_421966877	K662I	662	662	K	I	K	K	63.39	100.0	702	701	701	941.0	bifunctional GTP diphosphokinase/guanosine-3',5'-bis pyrophosphate 3'-pyrophosphohydrolase [Pseudoalteromonas sp. SSMSWG5]
spoT	WP_304367371	K662I	662	674	K	I	K	K	63.547	100.0	702	713	713	941.0	MULTISPECIES: bifunctional GTP diphosphokinase/guanosine-3',5'-bis pyrophosphate 3'-pyrophosphohydrolase [Pseudocolwellia]
spoT	WP_286234274	K662I	662	663	K	I	K	K	63.983	100.0	702	702	702	941.0	bifunctional GTP diphosphokinase/guanosine-3',5'-bis pyrophosphate 3'-pyrophosphohydrolase [Thalassotalea sediminis]
spoT	WP_138550672	K662I	662	661	K	I	K	K	63.96	100.0	702	700	700	941.0	bifunctional GTP diphosphokinase/guanosine-3',5'-bis pyrophosphate 3'-pyrophosphohydrolase [Pseudoalteromonas rubra]
spoT	WP_473167444	K662I	662	663	K	I	K	K	64.113	100.0	702	702	702	941.0	N/A
spoT	WP_347392022	K662I	662	662	K	I	K	K	62.963	100.0	702	701	701	940.0	bifunctional GTP diphosphokinase/guanosine-3',5'-bis pyrophosphate 3'-pyrophosphohydrolase [Pseudoalteromonas pernae]
spoT	WP_487049008	K662I	662	663	K	I	K	K	63.456	100.0	702	702	702	940.0	N/A
spoT	WP_101233259	K662I	662	663	K	I	K	K	63.83	100.0	702	702	702	940.0	bifunctional GTP diphosphokinase/guanosine-3',5'-bis pyrophosphate 3'-pyrophosphohydrolase [Colwellia sp. 12G3]
spoT	WP_235412407	K662I	662	661	K	I	K	K	63.818	100.0	702	700	700	940.0	bifunctional GTP diphosphokinase/guanosine-3',5'-bis pyrophosphate 3'-pyrophosphohydrolase [Pseudoalteromonas sp. DL2-H2.2]
spoT	WP_053909714	K662I	662	662	K	I	K	K	63.39	100.0	702	701	701	940.0	MULTISPECIES: bifunctional GTP diphosphokinase/guanosine-3',5'-bis pyrophosphate 3'-pyrophosphohydrolase [unclassified Pseudoalteromonas]
spoT	WP_372762526	K662I	662	662	K	I	K	K	63.105	100.0	702	701	701	940.0	bifunctional GTP diphosphokinase/guanosine-3',5'-bis pyrophosphate 3'-pyrophosphohydrolase [Pseudoalteromonas sp.]
spoT	WP_440877149	K662I	662	663	K	I	K	K	63.404	100.0	702	702	702	939.0	bifunctional GTP diphosphokinase/guanosine-3',5'-bis pyrophosphate 3'-pyrophosphohydrolase [Thalassotalea sp. PLHSN55]
spoT	WP_369622347	K662I	662	662	K	I	K	K	63.105	100.0	702	701	701	939.0	bifunctional GTP diphosphokinase/guanosine-3',5'-bis pyrophosphate 3'-pyrophosphohydrolase [Pseudoalteromonas distincta]
spoT	WP_171627709	K662I	662	661	K	I	K	K	63.39	100.0	702	700	700	939.0	bifunctional GTP diphosphokinase/guanosine-3',5'-bis pyrophosphate 3'-pyrophosphohydrolase [Pseudoalteromonas caenipelagi]
spoT	WP_024611812	K662I	662	662	K	I	K	K	63.105	100.0	702	701	701	939.0	MULTISPECIES: bifunctional GTP diphosphokinase/guanosine-3',5'-bis pyrophosphate 3'-pyrophosphohydrolase [unclassified Pseudoalteromonas]
spoT	WP_261593184	K662I	662	661	K	I	K	K	63.248	100.0	702	700	700	939.0	bifunctional GTP diphosphokinase/guanosine-3',5'-bis pyrophosphate 3'-pyrophosphohydrolase [Pseudoalteromonas holothuriae]
spoT	WP_058796412	K662I	662	661	K	I	K	K	63.818	100.0	702	700	700	939.0	bifunctional GTP diphosphokinase/guanosine-3',5'-bis pyrophosphate 3'-pyrophosphohydrolase [Pseudoalteromonas rubra]
spoT	WP_033080984	K662I	662	663	K	I	K	K	63.83	100.0	702	702	702	939.0	bifunctional GTP diphosphokinase/guanosine-3',5'-bis pyrophosphate 3'-pyrophosphohydrolase [Colwellia psychrerythraea]
spoT	WP_462159227	K662I	662	662	K	I	K	K	63.3	100.0	702	701	701	939.0	N/A
spoT	WP_341594416	K662I	662	662	K	I	K	K	63.105	100.0	702	701	701	939.0	bifunctional GTP diphosphokinase/guanosine-3',5'-bis pyrophosphate 3'-pyrophosphohydrolase [Pseudoalteromonas aliena]
spoT	WP_159822195	K662I	662	663	K	I	K	K	64.164	100.0	702	702	702	939.0	bifunctional GTP diphosphokinase/guanosine-3',5'-bis pyrophosphate 3'-pyrophosphohydrolase [Colwellia sp. 20A7]
spoT	WP_008165567	K662I	662	662	K	I	K	K	63.105	100.0	702	701	701	939.0	bifunctional GTP diphosphokinase/guanosine-3',5'-bis pyrophosphate 3'-pyrophosphohydrolase [Pseudoalteromonas sp. BSi20652]
spoT	WP_022943475	K662I	662	662	K	I	K	K	63.248	100.0	702	701	701	939.0	MULTISPECIES: bifunctional GTP diphosphokinase/guanosine-3',5'-bis pyrophosphate 3'-pyrophosphohydrolase [Pseudoalteromonas]
spoT	WP_448895798	K662I	662	663	K	I	K	K	63.456	100.0	702	702	702	939.0	bifunctional GTP diphosphokinase/guanosine-3',5'-bis pyrophosphate 3'-pyrophosphohydrolase [Colwellia sp. E150_009]
spoT	WP_010383500	K662I	662	661	K	I	K	K	63.818	100.0	702	700	700	939.0	MULTISPECIES: bifunctional GTP diphosphokinase/guanosine-3',5'-bis pyrophosphate 3'-pyrophosphohydrolase [Pseudoalteromonas]
spoT	WP_074497357	K662I	662	663	K	I	K	K	64.448	100.0	702	702	702	939.0	MULTISPECIES: bifunctional GTP diphosphokinase/guanosine-3',5'-bis pyrophosphate 3'-pyrophosphohydrolase [Thalassotalea]
spoT	WP_010364222	K662I	662	661	K	I	K	K	63.248	100.0	702	700	700	939.0	bifunctional GTP diphosphokinase/guanosine-3',5'-bis pyrophosphate 3'-pyrophosphohydrolase [Pseudoalteromonas citrea]
spoT	WP_146796598	K662I	662	666	K	I	K	K	64.175	100.0	702	705	705	939.0	bifunctional GTP diphosphokinase/guanosine-3',5'-bis pyrophosphate 3'-pyrophosphohydrolase [Colwellia hornerae]
spoT	WP_303475486	K662I	662	663	K	I	K	K	64.448	100.0	702	702	702	938.0	bifunctional GTP diphosphokinase/guanosine-3',5'-bis pyrophosphate 3'-pyrophosphohydrolase [Thalassotalea sp. 1_MG-2023]
spoT	WP_089348844	K662I	662	662	K	I	K	K	63.105	100.0	702	701	701	938.0	bifunctional GTP diphosphokinase/guanosine-3',5'-bis pyrophosphate 3'-pyrophosphohydrolase [Pseudoalteromonas espejiana]
spoT	WP_163935211	K662I	662	665	K	I	K	K	65.248	100.0	702	703	703	938.0	bifunctional GTP diphosphokinase/guanosine-3',5'-bis pyrophosphate 3'-pyrophosphohydrolase [Paraferrimonas sp. SM1919]
spoT	WP_216023241	K662I	662	663	K	I	K	K	63.585	100.0	702	718	700	938.0	bifunctional GTP diphosphokinase/guanosine-3',5'-bis pyrophosphate 3'-pyrophosphohydrolase [Colwellia sp. E2M01]
spoT	WP_119859976	K662I	662	661	K	I	K	K	63.39	100.0	702	700	700	938.0	MULTISPECIES: bifunctional GTP diphosphokinase/guanosine-3',5'-bis pyrophosphate 3'-pyrophosphohydrolase [Pseudoalteromonas]
spoT	WP_152087170	K662I	662	661	K	I	K	K	63.248	100.0	702	700	700	938.0	bifunctional GTP diphosphokinase/guanosine-3',5'-bis pyrophosphate 3'-pyrophosphohydrolase [Pseudoalteromonas sp. A25]
spoT	WP_290251236	K662I	662	665	K	I	K	K	63.366	100.0	702	705	704	938.0	bifunctional GTP diphosphokinase/guanosine-3',5'-bis pyrophosphate 3'-pyrophosphohydrolase [Thalassotalea ponticola]
spoT	WP_421961011	K662I	662	662	K	I	K	K	63.105	100.0	702	701	701	938.0	bifunctional GTP diphosphokinase/guanosine-3',5'-bis pyrophosphate 3'-pyrophosphohydrolase [Pseudoalteromonas sp. ZZD1]
spoT	WP_211001769	K662I	662	662	K	I	K	K	63.105	100.0	702	701	701	938.0	bifunctional GTP diphosphokinase/guanosine-3',5'-bis pyrophosphate 3'-pyrophosphohydrolase [Pseudoalteromonas sp. MMG007]
spoT	WP_311581820	K662I	662	663	K	I	K	K	64.164	100.0	702	702	702	938.0	MULTISPECIES: bifunctional GTP diphosphokinase/guanosine-3',5'-bis pyrophosphate 3'-pyrophosphohydrolase [Thalassotalea]
spoT	WP_462764812	K662I	662	661	K	I	K	K	63.105	100.0	702	700	700	938.0	N/A
spoT	WP_303450180	K662I	662	663	K	I	K	K	63.881	100.0	702	702	702	938.0	bifunctional GTP diphosphokinase/guanosine-3',5'-bis pyrophosphate 3'-pyrophosphohydrolase [Colwellia sp. 1_MG-2023]
spoT	WP_058548748	K662I	662	662	K	I	K	K	62.963	100.0	702	701	701	937.0	MULTISPECIES: bifunctional GTP diphosphokinase/guanosine-3',5'-bis pyrophosphate 3'-pyrophosphohydrolase [Pseudoalteromonas]
spoT	WP_130049728	K662I	662	662	K	I	K	K	63.105	100.0	702	701	701	937.0	MULTISPECIES: bifunctional GTP diphosphokinase/guanosine-3',5'-bis pyrophosphate 3'-pyrophosphohydrolase [Pseudoalteromonas]
spoT	WP_086996267	K662I	662	663	K	I	K	K	62.731	100.0	702	702	702	937.0	MULTISPECIES: bifunctional GTP diphosphokinase/guanosine-3',5'-bis pyrophosphate 3'-pyrophosphohydrolase [unclassified Pseudoalteromonas]
spoT	WP_342878011	K662I	662	662	K	I	K	K	62.963	100.0	702	701	701	937.0	bifunctional GTP diphosphokinase/guanosine-3',5'-bis pyrophosphate 3'-pyrophosphohydrolase [Pseudoalteromonas sp. AS71]
spoT	WP_138587674	K662I	662	662	K	I	K	K	63.105	100.0	702	701	701	937.0	bifunctional GTP diphosphokinase/guanosine-3',5'-bis pyrophosphate 3'-pyrophosphohydrolase [Pseudoalteromonas ruthenica]
spoT	WP_349561933	K662I	662	662	K	I	K	K	63.105	100.0	702	701	701	937.0	bifunctional GTP diphosphokinase/guanosine-3',5'-bis pyrophosphate 3'-pyrophosphohydrolase [Pseudoalteromonas sp. NFXS39]
spoT	WP_190365457	K662I	662	661	K	I	K	K	63.248	100.0	702	700	700	937.0	bifunctional GTP diphosphokinase/guanosine-3',5'-bis pyrophosphate 3'-pyrophosphohydrolase [Pseudoalteromonas sp. S16_S37]
spoT	WP_011045692	K662I	662	664	K	I	K	K	63.314	100.0	702	703	703	937.0	MULTISPECIES: bifunctional GTP diphosphokinase/guanosine-3',5'-bis pyrophosphate 3'-pyrophosphohydrolase [Colwellia]
spoT	WP_033092600	K662I	662	662	K	I	K	K	63.21	100.0	702	701	701	937.0	bifunctional GTP diphosphokinase/guanosine-3',5'-bis pyrophosphate 3'-pyrophosphohydrolase [Colwellia psychrerythraea]
spoT	WP_462179379	K662I	662	662	K	I	K	K	62.963	100.0	702	701	701	937.0	N/A
spoT	WP_174198909	K662I	662	660	K	I	K	K	63.766	100.0	702	700	699	937.0	bifunctional GTP diphosphokinase/guanosine-3',5'-bis pyrophosphate 3'-pyrophosphohydrolase [Marinifaba aquimaris]
spoT	WP_063699773	K662I	662	662	K	I	K	K	62.963	100.0	702	701	701	937.0	MULTISPECIES: bifunctional GTP diphosphokinase/guanosine-3',5'-bis pyrophosphate 3'-pyrophosphohydrolase [Pseudoalteromonas]
spoT	WP_101230001	K662I	662	663	K	I	K	K	63.688	100.0	702	702	702	937.0	bifunctional GTP diphosphokinase/guanosine-3',5'-bis pyrophosphate 3'-pyrophosphohydrolase [Colwellia sp. 75C3]
spoT	WP_166420108	K662I	662	662	K	I	K	K	62.821	100.0	702	701	701	937.0	MULTISPECIES: bifunctional GTP diphosphokinase/guanosine-3',5'-bis pyrophosphate 3'-pyrophosphohydrolase [unclassified Pseudoalteromonas]
spoT	WP_013466063	K662I	662	662	K	I	K	K	62.536	100.0	702	701	701	936.0	MULTISPECIES: bifunctional GTP diphosphokinase/guanosine-3',5'-bis pyrophosphate 3'-pyrophosphohydrolase [Pseudoalteromonas]
spoT	WP_057183387	K662I	662	663	K	I	K	K	63.314	100.0	702	702	702	936.0	MULTISPECIES: bifunctional GTP diphosphokinase/guanosine-3',5'-bis pyrophosphate 3'-pyrophosphohydrolase [Colwellia]
spoT	WP_370633721	K662I	662	662	K	I	K	K	63.559	100.0	702	702	702	936.0	bifunctional GTP diphosphokinase/guanosine-3',5'-bis pyrophosphate 3'-pyrophosphohydrolase [Frischella sp. Ac48]
spoT	WP_211019420	K662I	662	662	K	I	K	K	62.963	100.0	702	701	701	936.0	MULTISPECIES: bifunctional GTP diphosphokinase/guanosine-3',5'-bis pyrophosphate 3'-pyrophosphohydrolase [Pseudoalteromonas]
spoT	WP_069438927	K662I	662	662	K	I	K	K	62.536	100.0	702	701	701	936.0	MULTISPECIES: bifunctional GTP diphosphokinase/guanosine-3',5'-bis pyrophosphate 3'-pyrophosphohydrolase [Pseudoalteromonas]
spoT	WP_036973057	K662I	662	662	K	I	K	K	63.533	100.0	702	701	701	936.0	MULTISPECIES: bifunctional GTP diphosphokinase/guanosine-3',5'-bis pyrophosphate 3'-pyrophosphohydrolase [Pseudoalteromonas]
spoT	WP_448547114	K662I	662	663	K	I	K	K	63.262	100.0	702	702	702	936.0	bifunctional GTP diphosphokinase/guanosine-3',5'-bis pyrophosphate 3'-pyrophosphohydrolase [Thalassotalea fusca]
spoT	WP_199524282	K662I	662	662	K	I	K	K	63.533	100.0	702	701	701	936.0	bifunctional GTP diphosphokinase/guanosine-3',5'-bis pyrophosphate 3'-pyrophosphohydrolase [Pseudoalteromonas sp. bablab_jr011]
spoT	WP_128730718	K662I	662	661	K	I	K	K	63.39	100.0	702	700	700	936.0	MULTISPECIES: bifunctional GTP diphosphokinase/guanosine-3',5'-bis pyrophosphate 3'-pyrophosphohydrolase [Pseudoalteromonas]
spoT	WP_290192265	K662I	662	662	K	I	K	K	62.821	100.0	702	701	701	936.0	bifunctional GTP diphosphokinase/guanosine-3',5'-bis pyrophosphate 3'-pyrophosphohydrolase [Pseudoalteromonas sp. APC 3691]
spoT	WP_146784423	K662I	662	664	K	I	K	K	63.598	100.0	702	703	703	936.0	bifunctional GTP diphosphokinase/guanosine-3',5'-bis pyrophosphate 3'-pyrophosphohydrolase [Colwellia demingiae]
spoT	WP_215981264	K662I	662	662	K	I	K	K	63.494	100.0	702	701	701	936.0	MULTISPECIES: bifunctional GTP diphosphokinase/guanosine-3',5'-bis pyrophosphate 3'-pyrophosphohydrolase [Colwellia]
spoT	WP_125253762	K662I	662	661	K	I	K	K	63.39	100.0	702	700	700	936.0	MULTISPECIES: bifunctional GTP diphosphokinase/guanosine-3',5'-bis pyrophosphate 3'-pyrophosphohydrolase [Pseudoalteromonas]
spoT	WP_009840639	K662I	662	662	K	I	K	K	62.821	100.0	702	701	701	936.0	bifunctional GTP diphosphokinase/guanosine-3',5'-bis pyrophosphate 3'-pyrophosphohydrolase [Pseudoalteromonas tunicata]
spoT	WP_057833078	K662I	662	663	K	I	K	K	63.173	100.0	702	702	702	936.0	bifunctional GTP diphosphokinase/guanosine-3',5'-bis pyrophosphate 3'-pyrophosphohydrolase [Colwellia sp. TT2012]
spoT	WP_337150626	K662I	662	662	K	I	K	K	62.963	100.0	702	701	701	936.0	bifunctional GTP diphosphokinase/guanosine-3',5'-bis pyrophosphate 3'-pyrophosphohydrolase [Pseudoalteromonas sp. B62]
spoT	WP_096740250	K662I	662	662	K	I	K	K	62.963	100.0	702	701	701	936.0	bifunctional GTP diphosphokinase/guanosine-3',5'-bis pyrophosphate 3'-pyrophosphohydrolase [Pseudoalteromonas atlantica]
spoT	WP_095366045	K662I	662	665	K	I	K	K	61.844	100.0	702	704	704	936.0	bifunctional GTP diphosphokinase/guanosine-3',5'-bis pyrophosphate 3'-pyrophosphohydrolase [Pseudoalteromonas sp. NBT06-2]
spoT	WP_008464067	K662I	662	662	K	I	K	K	62.393	100.0	702	701	701	936.0	bifunctional GTP diphosphokinase/guanosine-3',5'-bis pyrophosphate 3'-pyrophosphohydrolase [Pseudoalteromonas sp. BSi20439]
spoT	WP_087531118	K662I	662	662	K	I	K	K	62.963	100.0	702	701	701	936.0	MULTISPECIES: bifunctional GTP diphosphokinase/guanosine-3',5'-bis pyrophosphate 3'-pyrophosphohydrolase [unclassified Pseudoalteromonas]
spoT	WP_286264081	K662I	662	664	K	I	K	K	63.366	100.0	702	703	703	936.0	bifunctional GTP diphosphokinase/guanosine-3',5'-bis pyrophosphate 3'-pyrophosphohydrolase [Thalassotalea atypica]
spoT	WP_096038207	K662I	662	662	K	I	K	K	62.393	100.0	702	701	701	936.0	bifunctional GTP diphosphokinase/guanosine-3',5'-bis pyrophosphate 3'-pyrophosphohydrolase [Pseudoalteromonas tetraodonis]
spoT	WP_182679196	K662I	662	663	K	I	K	K	62.589	100.0	702	702	702	936.0	bifunctional GTP diphosphokinase/guanosine-3',5'-bis pyrophosphate 3'-pyrophosphohydrolase [Pseudoalteromonas sp. SR45-4]
spoT	WP_019028707	K662I	662	663	K	I	K	K	63.262	100.0	702	702	702	936.0	bifunctional GTP diphosphokinase/guanosine-3',5'-bis pyrophosphate 3'-pyrophosphohydrolase [Colwellia piezophila]
spoT	WP_077536288	K662I	662	662	K	I	K	K	62.963	100.0	702	701	701	935.0	MULTISPECIES: bifunctional GTP diphosphokinase/guanosine-3',5'-bis pyrophosphate 3'-pyrophosphohydrolase [Pseudoalteromonas]
spoT	WP_036980413	K662I	662	662	K	I	K	K	62.393	100.0	702	701	701	935.0	bifunctional GTP diphosphokinase/guanosine-3',5'-bis pyrophosphate 3'-pyrophosphohydrolase [Pseudoalteromonas sp. SCSIO_11900]
spoT	WP_024600050	K662I	662	662	K	I	K	K	62.821	100.0	702	701	701	935.0	MULTISPECIES: bifunctional GTP diphosphokinase/guanosine-3',5'-bis pyrophosphate 3'-pyrophosphohydrolase [Pseudoalteromonas]
spoT	WP_342865226	K662I	662	662	K	I	K	K	62.821	100.0	702	701	701	935.0	bifunctional GTP diphosphokinase/guanosine-3',5'-bis pyrophosphate 3'-pyrophosphohydrolase [Pseudoalteromonas fuliginea]
spoT	WP_058374318	K662I	662	663	K	I	K	K	62.589	100.0	702	702	702	935.0	MULTISPECIES: bifunctional GTP diphosphokinase/guanosine-3',5'-bis pyrophosphate 3'-pyrophosphohydrolase [Pseudoalteromonas]
spoT	WP_182226678	K662I	662	666	K	I	K	K	63.893	100.0	702	705	705	935.0	bifunctional GTP diphosphokinase/guanosine-3',5'-bis pyrophosphate 3'-pyrophosphohydrolase [Colwellia sp. Bg11-12]
spoT	WP_256828156	K662I	662	662	K	I	K	K	62.963	100.0	702	701	701	935.0	bifunctional GTP diphosphokinase/guanosine-3',5'-bis pyrophosphate 3'-pyrophosphohydrolase [Pseudoalteromonas shioyasakiensis]
spoT	WP_010392967	K662I	662	662	K	I	K	K	62.393	100.0	702	701	701	935.0	MULTISPECIES: bifunctional GTP diphosphokinase/guanosine-3',5'-bis pyrophosphate 3'-pyrophosphohydrolase [Pseudoalteromonas]
spoT	WP_182716038	K662I	662	662	K	I	K	K	62.821	100.0	702	701	701	935.0	bifunctional GTP diphosphokinase/guanosine-3',5'-bis pyrophosphate 3'-pyrophosphohydrolase [Pseudoalteromonas sp. SG45-2]
spoT	WP_026317770	K662I	662	664	K	I	K	K	64.347	100.0	702	703	703	935.0	bifunctional GTP diphosphokinase/guanosine-3',5'-bis pyrophosphate 3'-pyrophosphohydrolase [Algicola sagamiensis]
spoT	WP_085286000	K662I	662	663	K	I	K	K	63.404	100.0	702	702	702	935.0	bifunctional GTP diphosphokinase/guanosine-3',5'-bis pyrophosphate 3'-pyrophosphohydrolase [Colwellia chukchiensis]
spoT	WP_151173355	K662I	662	662	K	I	K	K	62.963	100.0	702	701	701	935.0	bifunctional GTP diphosphokinase/guanosine-3',5'-bis pyrophosphate 3'-pyrophosphohydrolase [Pseudoalteromonas ruthenica]
spoT	WP_394193665	K662I	662	662	K	I	K	K	62.963	100.0	702	701	701	935.0	bifunctional GTP diphosphokinase/guanosine-3',5'-bis pyrophosphate 3'-pyrophosphohydrolase [Pseudoalteromonas atlantica]
spoT	WP_109875868	K662I	662	662	K	I	K	K	62.393	100.0	702	701	701	935.0	MULTISPECIES: bifunctional GTP diphosphokinase/guanosine-3',5'-bis pyrophosphate 3'-pyrophosphohydrolase [Pseudoalteromonas]
spoT	WP_409424057	K662I	662	662	K	I	K	K	62.678	100.0	702	701	701	934.0	bifunctional GTP diphosphokinase/guanosine-3',5'-bis pyrophosphate 3'-pyrophosphohydrolase [Pseudoalteromonas sp. RW-H-Ap-1]
spoT	WP_004588254	K662I	662	662	K	I	K	K	62.821	100.0	702	701	701	934.0	MULTISPECIES: bifunctional GTP diphosphokinase/guanosine-3',5'-bis pyrophosphate 3'-pyrophosphohydrolase [Pseudoalteromonas]
spoT	WP_187754830	K662I	662	662	K	I	K	K	63.418	100.0	702	702	702	934.0	bifunctional GTP diphosphokinase/guanosine-3',5'-bis pyrophosphate 3'-pyrophosphohydrolase [Frischella japonica]
spoT	WP_338367093	K662I	662	662	K	I	K	K	62.821	100.0	702	701	701	934.0	bifunctional GTP diphosphokinase/guanosine-3',5'-bis pyrophosphate 3'-pyrophosphohydrolase [uncultured Pseudoalteromonas sp.]
spoT	WP_337849152	K662I	662	662	K	I	K	K	62.678	100.0	702	701	701	934.0	bifunctional GTP diphosphokinase/guanosine-3',5'-bis pyrophosphate 3'-pyrophosphohydrolase [Pseudoalteromonas sp. C12FD-1]
spoT	WP_062567389	K662I	662	662	K	I	K	K	63.248	100.0	702	701	701	934.0	MULTISPECIES: bifunctional GTP diphosphokinase/guanosine-3',5'-bis pyrophosphate 3'-pyrophosphohydrolase [Pseudoalteromonas]
spoT	WP_182182331	K662I	662	666	K	I	K	K	63.893	100.0	702	705	705	934.0	MULTISPECIES: bifunctional GTP diphosphokinase/guanosine-3',5'-bis pyrophosphate 3'-pyrophosphohydrolase [unclassified Colwellia]
spoT	WP_350645313	K662I	662	662	K	I	K	K	62.393	100.0	702	701	701	934.0	bifunctional GTP diphosphokinase/guanosine-3',5'-bis pyrophosphate 3'-pyrophosphohydrolase [Pseudoalteromonas sp. G24-MNA-CIBAN-0072]
spoT	WP_105187777	K662I	662	662	K	I	K	K	62.536	100.0	702	701	701	934.0	bifunctional GTP diphosphokinase/guanosine-3',5'-bis pyrophosphate 3'-pyrophosphohydrolase [Pseudoalteromonas sp. T1lg48]
spoT	WP_119853792	K662I	662	662	K	I	K	K	62.963	100.0	702	701	701	934.0	bifunctional GTP diphosphokinase/guanosine-3',5'-bis pyrophosphate 3'-pyrophosphohydrolase [Pseudoalteromonas gelatinilytica]
spoT	WP_463240389	K662I	662	662	K	I	K	K	62.393	100.0	702	701	701	934.0	N/A
spoT	WP_024601824	K662I	662	662	K	I	K	K	62.393	100.0	702	701	701	934.0	MULTISPECIES: bifunctional GTP diphosphokinase/guanosine-3',5'-bis pyrophosphate 3'-pyrophosphohydrolase [Pseudoalteromonas]
spoT	WP_099296224	K662I	662	662	K	I	K	K	62.963	100.0	702	701	701	934.0	MULTISPECIES: bifunctional GTP diphosphokinase/guanosine-3',5'-bis pyrophosphate 3'-pyrophosphohydrolase [unclassified Pseudoalteromonas]
spoT	WP_372859591	K662I	662	662	K	I	K	K	62.393	100.0	702	701	701	934.0	bifunctional GTP diphosphokinase/guanosine-3',5'-bis pyrophosphate 3'-pyrophosphohydrolase [Pseudoalteromonas sp.]
spoT	WP_140604691	K662I	662	663	K	I	K	K	62.837	100.0	702	702	702	934.0	bifunctional GTP diphosphokinase/guanosine-3',5'-bis pyrophosphate 3'-pyrophosphohydrolase [Litorilituus lipolyticus]
spoT	WP_476292992	K662I	662	661	K	I	K	K	62.678	100.0	702	700	700	934.0	N/A
spoT	WP_339981816	K662I	662	662	K	I	K	K	63.248	100.0	702	701	701	934.0	bifunctional GTP diphosphokinase/guanosine-3',5'-bis pyrophosphate 3'-pyrophosphohydrolase [Pseudoalteromonas lipolytica]
spoT	WP_248530197	K662I	662	662	K	I	K	K	62.393	100.0	702	701	701	934.0	bifunctional GTP diphosphokinase/guanosine-3',5'-bis pyrophosphate 3'-pyrophosphohydrolase [Pseudoalteromonas sp. 2CM39R]
spoT	WP_474701838	K662I	662	662	K	I	K	K	62.393	100.0	702	701	701	934.0	N/A
spoT	WP_086744677	K662I	662	662	K	I	K	K	62.251	100.0	702	701	701	934.0	bifunctional GTP diphosphokinase/guanosine-3',5'-bis pyrophosphate 3'-pyrophosphohydrolase [Pseudoalteromonas ulvae]
spoT	WP_288989542	K662I	662	662	K	I	K	K	62.251	100.0	702	701	701	934.0	bifunctional GTP diphosphokinase/guanosine-3',5'-bis pyrophosphate 3'-pyrophosphohydrolase [uncultured Pseudoalteromonas sp.]
spoT	WP_487093732	K662I	662	663	K	I	K	K	63.688	100.0	702	702	702	934.0	N/A
spoT	WP_448212471	K662I	662	662	K	I	K	K	63.262	100.0	702	701	701	934.0	bifunctional GTP diphosphokinase/guanosine-3',5'-bis pyrophosphate 3'-pyrophosphohydrolase [Colwellia sp. MEBiC06753]
spoT	WP_070375401	K662I	662	666	K	I	K	K	63.893	100.0	702	705	705	933.0	MULTISPECIES: bifunctional GTP diphosphokinase/guanosine-3',5'-bis pyrophosphate 3'-pyrophosphohydrolase [unclassified Colwellia]
spoT	WP_290157017	K662I	662	662	K	I	K	K	62.393	100.0	702	701	701	933.0	bifunctional GTP diphosphokinase/guanosine-3',5'-bis pyrophosphate 3'-pyrophosphohydrolase [Pseudoalteromonas sp. APC 3694]
spoT	WP_386035548	K662I	662	661	K	I	K	K	63.404	100.0	702	700	700	933.0	bifunctional GTP diphosphokinase/guanosine-3',5'-bis pyrophosphate 3'-pyrophosphohydrolase [Thalassotalea euphylliae]
spoT	WP_007378834	K662I	662	662	K	I	K	K	62.678	100.0	702	701	701	933.0	bifunctional GTP diphosphokinase/guanosine-3',5'-bis pyrophosphate 3'-pyrophosphohydrolase [Pseudoalteromonas fuliginea]
spoT	WP_065791145	K662I	662	661	K	I	K	K	63.248	100.0	702	700	700	933.0	bifunctional GTP diphosphokinase/guanosine-3',5'-bis pyrophosphate 3'-pyrophosphohydrolase [Pseudoalteromonas luteoviolacea]
spoT	WP_213611218	K662I	662	662	K	I	K	K	62.393	100.0	702	701	701	933.0	bifunctional GTP diphosphokinase/guanosine-3',5'-bis pyrophosphate 3'-pyrophosphohydrolase [Pseudoalteromonas sp.]
spoT	WP_070991080	K662I	662	661	K	I	K	K	62.678	100.0	702	700	700	933.0	bifunctional GTP diphosphokinase/guanosine-3',5'-bis pyrophosphate 3'-pyrophosphohydrolase [Pseudoalteromonas byunsanensis]
spoT	WP_371354246	K662I	662	662	K	I	K	K	63.105	100.0	702	701	701	933.0	bifunctional GTP diphosphokinase/guanosine-3',5'-bis pyrophosphate 3'-pyrophosphohydrolase [Pseudoalteromonas sp. 68 DY56-GL68]
spoT	WP_474817191	K662I	662	664	K	I	K	K	64.205	100.0	702	703	703	933.0	N/A
spoT	WP_415637952	K662I	662	662	K	I	K	K	62.678	100.0	702	701	701	933.0	bifunctional GTP diphosphokinase/guanosine-3',5'-bis pyrophosphate 3'-pyrophosphohydrolase [Pseudoalteromonas distincta]
spoT	WP_058560307	K662I	662	662	K	I	K	K	62.821	100.0	702	701	701	933.0	bifunctional GTP diphosphokinase/guanosine-3',5'-bis pyrophosphate 3'-pyrophosphohydrolase [Pseudoalteromonas sp. H105]
spoT	WP_416158861	K662I	662	662	K	I	K	K	62.678	100.0	702	701	701	933.0	bifunctional GTP diphosphokinase/guanosine-3',5'-bis pyrophosphate 3'-pyrophosphohydrolase [Pseudoalteromonas sp. ASV78]
spoT	WP_099642328	K662I	662	661	K	I	K	K	63.105	100.0	702	700	700	933.0	bifunctional GTP diphosphokinase/guanosine-3',5'-bis pyrophosphate 3'-pyrophosphohydrolase [Pseudoalteromonas piscicida]
spoT	WP_008139659	K662I	662	662	K	I	K	K	62.821	100.0	702	701	701	933.0	MULTISPECIES: bifunctional GTP diphosphokinase/guanosine-3',5'-bis pyrophosphate 3'-pyrophosphohydrolase [Pseudoalteromonas]
spoT	WP_475659091	K662I	662	663	K	I	K	K	63.636	100.0	702	702	700	933.0	N/A
spoT	WP_473841317	K662I	662	662	K	I	K	K	62.678	100.0	702	701	701	933.0	N/A
spoT	WP_011329430	K662I	662	663	K	I	K	K	62.447	100.0	702	702	702	932.0	MULTISPECIES: bifunctional GTP diphosphokinase/guanosine-3',5'-bis pyrophosphate 3'-pyrophosphohydrolase [Pseudoalteromonas]
spoT	WP_138616403	K662I	662	662	K	I	K	K	63.105	100.0	702	701	701	932.0	bifunctional GTP diphosphokinase/guanosine-3',5'-bis pyrophosphate 3'-pyrophosphohydrolase [Pseudoalteromonas sp. S2721]
spoT	WP_116006301	K662I	662	661	K	I	K	K	63.688	100.0	702	700	700	932.0	bifunctional GTP diphosphokinase/guanosine-3',5'-bis pyrophosphate 3'-pyrophosphohydrolase [Thalassotalea euphylliae]
spoT	WP_023399755	K662I	662	661	K	I	K	K	63.105	100.0	702	700	700	932.0	MULTISPECIES: bifunctional GTP diphosphokinase/guanosine-3',5'-bis pyrophosphate 3'-pyrophosphohydrolase [Pseudoalteromonas]
spoT	WP_169076467	K662I	662	661	K	I	K	K	63.494	100.0	702	700	700	932.0	bifunctional GTP diphosphokinase/guanosine-3',5'-bis pyrophosphate 3'-pyrophosphohydrolase [Thalassotalea algicola]
spoT	WP_070986282	K662I	662	661	K	I	K	K	62.678	100.0	702	700	700	932.0	MULTISPECIES: bifunctional GTP diphosphokinase/guanosine-3',5'-bis pyrophosphate 3'-pyrophosphohydrolase [Pseudoalteromonas]
spoT	WP_304180189	K662I	662	662	K	I	K	K	62.678	100.0	702	701	701	932.0	bifunctional GTP diphosphokinase/guanosine-3',5'-bis pyrophosphate 3'-pyrophosphohydrolase [Pseudoalteromonas prydzensis]
spoT	WP_475440712	K662I	662	662	K	I	K	K	62.821	100.0	702	701	701	932.0	N/A
spoT	WP_033077329	K662I	662	665	K	I	K	K	62.695	100.0	702	705	704	932.0	bifunctional GTP diphosphokinase/guanosine-3',5'-bis pyrophosphate 3'-pyrophosphohydrolase [Thalassotalea sp. ND16A]
spoT	WP_063366780	K662I	662	661	K	I	K	K	63.105	100.0	702	700	700	932.0	bifunctional GTP diphosphokinase/guanosine-3',5'-bis pyrophosphate 3'-pyrophosphohydrolase [Pseudoalteromonas luteoviolacea]
spoT	WP_055020459	K662I	662	662	K	I	K	K	62.678	100.0	702	701	701	932.0	bifunctional GTP diphosphokinase/guanosine-3',5'-bis pyrophosphate 3'-pyrophosphohydrolase [Pseudoalteromonas sp. P1-7a]
spoT	WP_209113014	K662I	662	667	K	I	K	K	63.611	100.0	702	706	706	932.0	bifunctional GTP diphosphokinase/guanosine-3',5'-bis pyrophosphate 3'-pyrophosphohydrolase [Endozoicomonas sp. G2_1]
spoT	WP_149604949	K662I	662	662	K	I	K	K	62.678	100.0	702	701	701	932.0	bifunctional GTP diphosphokinase/guanosine-3',5'-bis pyrophosphate 3'-pyrophosphohydrolase [Pseudoalteromonas fuliginea]
spoT	WP_175081165	K662I	662	662	K	I	K	K	62.963	100.0	702	701	701	931.0	MULTISPECIES: bifunctional GTP diphosphokinase/guanosine-3',5'-bis pyrophosphate 3'-pyrophosphohydrolase [Pseudoalteromonas]
spoT	WP_138601110	K662I	662	662	K	I	K	K	63.105	100.0	702	701	701	931.0	MULTISPECIES: bifunctional GTP diphosphokinase/guanosine-3',5'-bis pyrophosphate 3'-pyrophosphohydrolase [Pseudoalteromonas]
spoT	WP_377127750	K662I	662	662	K	I	K	K	62.251	100.0	702	701	701	931.0	bifunctional GTP diphosphokinase/guanosine-3',5'-bis pyrophosphate 3'-pyrophosphohydrolase [Pseudoalteromonas fenneropenaei]
spoT	WP_118959736	K662I	662	663	K	I	K	K	62.979	100.0	702	702	702	931.0	bifunctional GTP diphosphokinase/guanosine-3',5'-bis pyrophosphate 3'-pyrophosphohydrolase [Colwellia sp. RSH04]
spoT	WP_211011187	K662I	662	661	K	I	K	K	63.105	100.0	702	700	700	931.0	MULTISPECIES: bifunctional GTP diphosphokinase/guanosine-3',5'-bis pyrophosphate 3'-pyrophosphohydrolase [Pseudoalteromonas]
spoT	WP_211056246	K662I	662	662	K	I	K	K	62.536	100.0	702	701	701	931.0	bifunctional GTP diphosphokinase/guanosine-3',5'-bis pyrophosphate 3'-pyrophosphohydrolase [Pseudoalteromonas sp. MMG010]
spoT	WP_212547341	K662I	662	662	K	I	K	K	62.536	100.0	702	701	701	931.0	bifunctional GTP diphosphokinase/guanosine-3',5'-bis pyrophosphate 3'-pyrophosphohydrolase [Pseudoalteromonas sp. BDTF-M6]
spoT	WP_063356680	K662I	662	661	K	I	K	K	63.105	100.0	702	700	700	931.0	bifunctional GTP diphosphokinase/guanosine-3',5'-bis pyrophosphate 3'-pyrophosphohydrolase [Pseudoalteromonas luteoviolacea]
spoT	WP_484016126	K662I	662	663	K	I	K	K	63.031	100.0	702	702	702	931.0	N/A
spoT	WP_335679618	K662I	662	662	K	I	K	K	62.536	100.0	702	701	701	931.0	bifunctional GTP diphosphokinase/guanosine-3',5'-bis pyrophosphate 3'-pyrophosphohydrolase [Pseudoalteromonas sp.]
spoT	WP_064667922	K662I	662	662	K	I	K	K	62.536	100.0	702	701	701	931.0	MULTISPECIES: bifunctional GTP diphosphokinase/guanosine-3',5'-bis pyrophosphate 3'-pyrophosphohydrolase [Pseudoalteromonas]
spoT	WP_055021901	K662I	662	662	K	I	K	K	63.105	100.0	702	701	701	931.0	MULTISPECIES: bifunctional GTP diphosphokinase/guanosine-3',5'-bis pyrophosphate 3'-pyrophosphohydrolase [Pseudoalteromonas]
spoT	WP_487054235	K662I	662	663	K	I	K	K	63.456	100.0	702	702	702	931.0	N/A
spoT	WP_138568313	K662I	662	667	K	I	K	K	62.429	100.0	702	706	706	931.0	bifunctional GTP diphosphokinase/guanosine-3',5'-bis pyrophosphate 3'-pyrophosphohydrolase [Pseudoalteromonas phenolica]
spoT	WP_353537578	K662I	662	663	K	I	K	K	63.688	100.0	702	702	702	931.0	bifunctional GTP diphosphokinase/guanosine-3',5'-bis pyrophosphate 3'-pyrophosphohydrolase [Colwellia sp. KU-HH00111]
spoT	WP_130254093	K662I	662	667	K	I	K	K	62.571	100.0	702	706	706	931.0	bifunctional GTP diphosphokinase/guanosine-3',5'-bis pyrophosphate 3'-pyrophosphohydrolase [Pseudoalteromonas phenolica]
spoT	WP_300360442	K662I	662	662	K	I	K	K	63.105	100.0	702	701	701	931.0	bifunctional GTP diphosphokinase/guanosine-3',5'-bis pyrophosphate 3'-pyrophosphohydrolase [uncultured Pseudoalteromonas sp.]
spoT	WP_199529939	K662I	662	662	K	I	K	K	63.105	100.0	702	701	701	931.0	MULTISPECIES: bifunctional GTP diphosphokinase/guanosine-3',5'-bis pyrophosphate 3'-pyrophosphohydrolase [unclassified Pseudoalteromonas]
spoT	WP_016709397	K662I	662	662	K	I	K	K	62.678	100.0	702	701	701	931.0	MULTISPECIES: bifunctional GTP diphosphokinase/guanosine-3',5'-bis pyrophosphate 3'-pyrophosphohydrolase [Pseudoalteromonas]
spoT	WP_063364533	K662I	662	661	K	I	K	K	63.105	100.0	702	700	700	931.0	bifunctional GTP diphosphokinase/guanosine-3',5'-bis pyrophosphate 3'-pyrophosphohydrolase [Pseudoalteromonas luteoviolacea]
spoT	WP_054563422	K662I	662	662	K	I	K	K	62.963	100.0	702	701	701	931.0	MULTISPECIES: bifunctional GTP diphosphokinase/guanosine-3',5'-bis pyrophosphate 3'-pyrophosphohydrolase [Pseudoalteromonas]
spoT	WP_392344177	K662I	662	662	K	I	K	K	62.536	100.0	702	701	701	931.0	bifunctional GTP diphosphokinase/guanosine-3',5'-bis pyrophosphate 3'-pyrophosphohydrolase [Pseudoalteromonas prydzensis]
spoT	WP_054554224	K662I	662	662	K	I	K	K	62.963	100.0	702	701	701	931.0	bifunctional GTP diphosphokinase/guanosine-3',5'-bis pyrophosphate 3'-pyrophosphohydrolase [Pseudoalteromonas lipolytica]
spoT	WP_284244261	K662I	662	663	K	I	K	K	63.121	100.0	702	702	702	930.0	bifunctional GTP diphosphokinase/guanosine-3',5'-bis pyrophosphate 3'-pyrophosphohydrolase [Thalassotalea insulae]
spoT	WP_058583783	K662I	662	662	K	I	K	K	62.963	100.0	702	701	701	930.0	MULTISPECIES: bifunctional GTP diphosphokinase/guanosine-3',5'-bis pyrophosphate 3'-pyrophosphohydrolase [unclassified Pseudoalteromonas]
spoT	WP_124028923	K662I	662	659	K	I	K	K	63.338	100.0	702	703	697	930.0	bifunctional GTP diphosphokinase/guanosine-3',5'-bis pyrophosphate 3'-pyrophosphohydrolase [Alteromonas sediminis]
spoT	WP_446888617	K662I	662	662	K	I	K	K	62.984	99.0	702	699	696	930.0	bifunctional GTP diphosphokinase/guanosine-3',5'-bis pyrophosphate 3'-pyrophosphohydrolase [Pseudoalteromonas sp. SaAl2]
spoT	WP_114327734	K662I	662	663	K	I	K	K	63.456	100.0	702	702	702	930.0	bifunctional GTP diphosphokinase/guanosine-3',5'-bis pyrophosphate 3'-pyrophosphohydrolase [Candidatus Colwellia aromaticivorans]
spoT	WP_179808272	K662I	662	663	K	I	K	K	62.304	100.0	702	702	702	930.0	bifunctional GTP diphosphokinase/guanosine-3',5'-bis pyrophosphate 3'-pyrophosphohydrolase [Pseudoalteromonas sp. MIP2626]
spoT	WP_487192881	K662I	662	662	K	I	K	K	62.678	100.0	702	701	701	929.0	N/A
spoT	WP_169020369	K662I	662	662	K	I	K	K	62.251	100.0	702	701	701	929.0	bifunctional GTP diphosphokinase/guanosine-3',5'-bis pyrophosphate 3'-pyrophosphohydrolase [Pseudoalteromonas arctica]
spoT	WP_272181633	K662I	662	661	K	I	K	K	62.286	100.0	702	699	698	929.0	bifunctional GTP diphosphokinase/guanosine-3',5'-bis pyrophosphate 3'-pyrophosphohydrolase [Psychrosphaera algicola]
spoT	WP_342678167	K662I	662	662	K	I	K	K	62.251	100.0	702	701	701	929.0	bifunctional GTP diphosphokinase/guanosine-3',5'-bis pyrophosphate 3'-pyrophosphohydrolase [Pseudoalteromonas qingdaonensis]
spoT	WP_210796223	K662I	662	662	K	I	K	K	62.536	100.0	702	701	701	929.0	bifunctional GTP diphosphokinase/guanosine-3',5'-bis pyrophosphate 3'-pyrophosphohydrolase [Pseudoalteromonas ostreae]
spoT	WP_419147199	K662I	662	661	K	I	K	K	63.105	100.0	702	700	700	929.0	bifunctional GTP diphosphokinase/guanosine-3',5'-bis pyrophosphate 3'-pyrophosphohydrolase [Pseudoalteromonas 'SMAR']
spoT	WP_300419025	K662I	662	662	K	I	K	K	63.105	100.0	702	701	701	929.0	bifunctional GTP diphosphokinase/guanosine-3',5'-bis pyrophosphate 3'-pyrophosphohydrolase [uncultured Pseudoalteromonas sp.]
spoT	WP_475162951	K662I	662	667	K	I	K	K	62.429	100.0	702	706	706	929.0	N/A
spoT	WP_138478436	K662I	662	667	K	I	K	K	62.376	100.0	702	706	706	929.0	bifunctional GTP diphosphokinase/guanosine-3',5'-bis pyrophosphate 3'-pyrophosphohydrolase [Pseudoalteromonas phenolica]
spoT	WP_145237104	K662I	662	662	K	I	K	K	62.393	100.0	702	701	701	929.0	MULTISPECIES: bifunctional GTP diphosphokinase/guanosine-3',5'-bis pyrophosphate 3'-pyrophosphohydrolase [Pseudoalteromonas]
spoT	WP_039611919	K662I	662	661	K	I	K	K	62.821	100.0	702	700	700	929.0	bifunctional GTP diphosphokinase/guanosine-3',5'-bis pyrophosphate 3'-pyrophosphohydrolase [Pseudoalteromonas luteoviolacea]
spoT	WP_237136983	K662I	662	661	K	I	K	K	62.821	100.0	702	700	700	929.0	MULTISPECIES: bifunctional GTP diphosphokinase/guanosine-3',5'-bis pyrophosphate 3'-pyrophosphohydrolase [Pseudoalteromonas]
spoT	WP_404687549	K662I	662	662	K	I	K	K	62.536	100.0	702	701	701	929.0	bifunctional GTP diphosphokinase/guanosine-3',5'-bis pyrophosphate 3'-pyrophosphohydrolase [Pseudoalteromonas rhizosphaerae]
spoT	WP_063377183	K662I	662	661	K	I	K	K	63.3	100.0	702	700	700	929.0	bifunctional GTP diphosphokinase/guanosine-3',5'-bis pyrophosphate 3'-pyrophosphohydrolase [Pseudoalteromonas luteoviolacea]
spoT	WP_487126392	K662I	662	663	K	I	K	K	63.404	100.0	702	702	702	929.0	N/A
spoT	WP_058031057	K662I	662	667	K	I	K	K	62.376	100.0	702	706	706	929.0	bifunctional GTP diphosphokinase/guanosine-3',5'-bis pyrophosphate 3'-pyrophosphohydrolase [Pseudoalteromonas phenolica]
spoT	WP_182718083	K662I	662	662	K	I	K	K	62.393	100.0	702	701	701	929.0	MULTISPECIES: bifunctional GTP diphosphokinase/guanosine-3',5'-bis pyrophosphate 3'-pyrophosphohydrolase [Pseudoalteromonas]
spoT	WP_390448518	K662I	662	667	K	I	K	K	62.288	100.0	702	706	706	929.0	MULTISPECIES: bifunctional GTP diphosphokinase/guanosine-3',5'-bis pyrophosphate 3'-pyrophosphohydrolase [unclassified Pseudoalteromonas]
spoT	WP_349285033	K662I	662	667	K	I	K	K	62.429	100.0	702	706	706	929.0	bifunctional GTP diphosphokinase/guanosine-3',5'-bis pyrophosphate 3'-pyrophosphohydrolase [Pseudoalteromonas sp. BZB3]
spoT	WP_063361049	K662I	662	661	K	I	K	K	62.821	100.0	702	700	700	928.0	bifunctional GTP diphosphokinase/guanosine-3',5'-bis pyrophosphate 3'-pyrophosphohydrolase [Pseudoalteromonas luteoviolacea]
spoT	WP_105214597	K662I	662	662	K	I	K	K	62.251	100.0	702	701	701	928.0	bifunctional GTP diphosphokinase/guanosine-3',5'-bis pyrophosphate 3'-pyrophosphohydrolase [Pseudoalteromonas sp. T1lg22]
spoT	WP_308360225	K662I	662	662	K	I	K	K	61.966	100.0	702	701	701	928.0	bifunctional GTP diphosphokinase/guanosine-3',5'-bis pyrophosphate 3'-pyrophosphohydrolase [Pseudoalteromonas xiamenensis]
spoT	WP_484584690	K662I	662	661	K	I	K	K	62.821	100.0	702	700	700	928.0	N/A
spoT	WP_010374287	K662I	662	661	K	I	K	K	62.536	100.0	702	700	700	928.0	bifunctional GTP diphosphokinase/guanosine-3',5'-bis pyrophosphate 3'-pyrophosphohydrolase [Pseudoalteromonas piscicida]
spoT	WP_128727633	K662I	662	661	K	I	K	K	62.678	100.0	702	700	700	928.0	MULTISPECIES: bifunctional GTP diphosphokinase/guanosine-3',5'-bis pyrophosphate 3'-pyrophosphohydrolase [Pseudoalteromonas]
spoT	WP_350401398	K662I	662	663	K	I	K	K	63.585	100.0	702	703	702	928.0	bifunctional GTP diphosphokinase/guanosine-3',5'-bis pyrophosphate 3'-pyrophosphohydrolase [Catenovulum sediminis]
spoT	WP_404391725	K662I	662	667	K	I	K	K	62.288	100.0	702	706	706	928.0	bifunctional GTP diphosphokinase/guanosine-3',5'-bis pyrophosphate 3'-pyrophosphohydrolase [Pseudoalteromonas phenolica]
spoT	WP_189772397	K662I	662	663	K	I	K	K	63.546	100.0	702	702	702	928.0	bifunctional GTP diphosphokinase/guanosine-3',5'-bis pyrophosphate 3'-pyrophosphohydrolase [Thalassotalea marina]
spoT	WP_111978227	K662I	662	660	K	I	K	K	63.068	100.0	702	700	699	928.0	bifunctional GTP diphosphokinase/guanosine-3',5'-bis pyrophosphate 3'-pyrophosphohydrolase [Algibacillus agarilyticus]
spoT	WP_010605866	K662I	662	661	K	I	K	K	62.678	100.0	702	700	700	928.0	MULTISPECIES: bifunctional GTP diphosphokinase/guanosine-3',5'-bis pyrophosphate 3'-pyrophosphohydrolase [Pseudoalteromonas]
spoT	WP_336567598	K662I	662	661	K	I	K	K	62.963	100.0	702	700	700	928.0	MULTISPECIES: bifunctional GTP diphosphokinase/guanosine-3',5'-bis pyrophosphate 3'-pyrophosphohydrolase [unclassified Pseudoalteromonas]
spoT	WP_095728010	K662I	662	661	K	I	K	K	62.678	100.0	702	700	700	928.0	bifunctional GTP diphosphokinase/guanosine-3',5'-bis pyrophosphate 3'-pyrophosphohydrolase [Pseudoalteromonas sp. HM-SA03]
spoT	WP_085300817	K662I	662	664	K	I	K	K	63.136	100.0	702	703	703	928.0	bifunctional GTP diphosphokinase/guanosine-3',5'-bis pyrophosphate 3'-pyrophosphohydrolase [Colwellia polaris]
spoT	WP_138560526	K662I	662	667	K	I	K	K	62.235	100.0	702	706	706	928.0	bifunctional GTP diphosphokinase/guanosine-3',5'-bis pyrophosphate 3'-pyrophosphohydrolase [Pseudoalteromonas phenolica]
spoT	WP_182797700	K662I	662	662	K	I	K	K	62.393	100.0	702	701	701	928.0	MULTISPECIES: bifunctional GTP diphosphokinase/guanosine-3',5'-bis pyrophosphate 3'-pyrophosphohydrolase [unclassified Pseudoalteromonas]
spoT	WP_441835065	K662I	662	662	K	I	K	K	62.251	100.0	702	701	701	928.0	MULTISPECIES: bifunctional GTP diphosphokinase/guanosine-3',5'-bis pyrophosphate 3'-pyrophosphohydrolase [unclassified Pseudoalteromonas]
spoT	WP_149980654	K662I	662	662	K	I	K	K	62.393	100.0	702	701	701	928.0	bifunctional GTP diphosphokinase/guanosine-3',5'-bis pyrophosphate 3'-pyrophosphohydrolase [Pseudoalteromonas rhizosphaerae]
spoT	WP_085300097	K662I	662	663	K	I	K	K	62.979	100.0	702	702	702	928.0	bifunctional GTP diphosphokinase/guanosine-3',5'-bis pyrophosphate 3'-pyrophosphohydrolase [Cognaticolwellia mytili]
spoT	WP_105253832	K662I	662	662	K	I	K	K	62.251	100.0	702	701	701	927.0	bifunctional GTP diphosphokinase/guanosine-3',5'-bis pyrophosphate 3'-pyrophosphohydrolase [Pseudoalteromonas sp. T1lg75]
spoT	WP_088531900	K662I	662	661	K	I	K	K	62.536	100.0	702	700	700	927.0	bifunctional GTP diphosphokinase/guanosine-3',5'-bis pyrophosphate 3'-pyrophosphohydrolase [Pseudoalteromonas piscicida]
spoT	WP_487105123	K662I	662	664	K	I	K	K	63.136	100.0	702	703	703	927.0	N/A
spoT	WP_063374673	K662I	662	661	K	I	K	K	63.105	100.0	702	700	700	927.0	bifunctional GTP diphosphokinase/guanosine-3',5'-bis pyrophosphate 3'-pyrophosphohydrolase [Pseudoalteromonas luteoviolacea]
spoT	WP_377101313	K662I	662	662	K	I	K	K	61.966	100.0	702	701	701	927.0	bifunctional GTP diphosphokinase/guanosine-3',5'-bis pyrophosphate 3'-pyrophosphohydrolase [Pseudoalteromonas xiamenensis]
spoT	WP_046356843	K662I	662	661	K	I	K	K	62.821	100.0	702	700	700	927.0	bifunctional GTP diphosphokinase/guanosine-3',5'-bis pyrophosphate 3'-pyrophosphohydrolase [Pseudoalteromonas luteoviolacea]
spoT	WP_126670443	K662I	662	663	K	I	K	K	62.979	100.0	702	702	702	927.0	bifunctional GTP diphosphokinase/guanosine-3',5'-bis pyrophosphate 3'-pyrophosphohydrolase [Colwellia sp. Arc7-635]
spoT	WP_239420592	K662I	662	661	K	I	K	K	62.536	100.0	702	700	700	927.0	bifunctional GTP diphosphokinase/guanosine-3',5'-bis pyrophosphate 3'-pyrophosphohydrolase [Pseudoalteromonas sp. Of11M-6]
spoT	WP_414829279	K662I	662	659	K	I	K	K	62.91	100.0	702	702	697	927.0	bifunctional GTP diphosphokinase/guanosine-3',5'-bis pyrophosphate 3'-pyrophosphohydrolase [Alteromonas sp. H39]
spoT	WP_349198742	K662I	662	661	K	I	K	K	62.678	100.0	702	700	700	927.0	bifunctional GTP diphosphokinase/guanosine-3',5'-bis pyrophosphate 3'-pyrophosphohydrolase [Pseudoalteromonas piscicida]
spoT	WP_105200275	K662I	662	662	K	I	K	K	62.251	100.0	702	701	701	927.0	MULTISPECIES: bifunctional GTP diphosphokinase/guanosine-3',5'-bis pyrophosphate 3'-pyrophosphohydrolase [unclassified Pseudoalteromonas]
spoT	WP_099030430	K662I	662	661	K	I	K	K	62.678	100.0	702	700	700	927.0	bifunctional GTP diphosphokinase/guanosine-3',5'-bis pyrophosphate 3'-pyrophosphohydrolase [Pseudoalteromonas sp. GCY]
spoT	WP_215962480	K662I	662	661	K	I	K	K	62.143	100.0	702	699	698	927.0	MULTISPECIES: bifunctional GTP diphosphokinase/guanosine-3',5'-bis pyrophosphate 3'-pyrophosphohydrolase [unclassified Psychrosphaera]
spoT	WP_054206695	K662I	662	660	K	I	K	K	62.678	100.0	702	699	699	927.0	MULTISPECIES: bifunctional GTP diphosphokinase/guanosine-3',5'-bis pyrophosphate 3'-pyrophosphohydrolase [Pseudoalteromonas]
spoT	WP_404342640	K662I	662	662	K	I	K	K	62.678	100.0	702	701	701	927.0	bifunctional GTP diphosphokinase/guanosine-3',5'-bis pyrophosphate 3'-pyrophosphohydrolase [Pseudoalteromonas mariniglutinosa]
spoT	WP_193022579	K662I	662	664	K	I	K	K	63.521	100.0	702	703	703	927.0	bifunctional GTP diphosphokinase/guanosine-3',5'-bis pyrophosphate 3'-pyrophosphohydrolase [Thalassotalea sp. LPB0316]
spoT	WP_441993244	K662I	662	662	K	I	K	K	62.251	100.0	702	701	701	927.0	MULTISPECIES: bifunctional GTP diphosphokinase/guanosine-3',5'-bis pyrophosphate 3'-pyrophosphohydrolase [unclassified Pseudoalteromonas]
spoT	WP_138582332	K662I	662	661	K	I	K	K	62.536	100.0	702	700	700	927.0	bifunctional GTP diphosphokinase/guanosine-3',5'-bis pyrophosphate 3'-pyrophosphohydrolase [Pseudoalteromonas sp. S2755]
spoT	WP_108602867	K662I	662	661	K	I	K	K	63.494	100.0	702	701	700	926.0	bifunctional GTP diphosphokinase/guanosine-3',5'-bis pyrophosphate 3'-pyrophosphohydrolase [Saccharobesus litoralis]
spoT	WP_480361562	K662I	662	667	K	I	K	K	62.235	100.0	702	706	706	926.0	N/A
spoT	WP_077284286	K662I	662	663	K	I	K	K	63.173	100.0	702	702	702	926.0	bifunctional GTP diphosphokinase/guanosine-3',5'-bis pyrophosphate 3'-pyrophosphohydrolase [Cognaticolwellia aestuarii]
spoT	WP_109340848	K662I	662	662	K	I	K	K	62.821	100.0	702	707	700	926.0	bifunctional GTP diphosphokinase/guanosine-3',5'-bis pyrophosphate 3'-pyrophosphohydrolase [Saliniradius amylolyticus]
spoT	WP_169328336	K662I	662	660	K	I	K	K	62.536	100.0	702	699	699	926.0	MULTISPECIES: bifunctional GTP diphosphokinase/guanosine-3',5'-bis pyrophosphate 3'-pyrophosphohydrolase [unclassified Pseudoalteromonas]
spoT	WP_235405784	K662I	662	661	K	I	K	K	63.105	100.0	702	700	700	926.0	bifunctional GTP diphosphokinase/guanosine-3',5'-bis pyrophosphate 3'-pyrophosphohydrolase [Pseudoalteromonas sp. SMS1]
spoT	WP_054455958	K662I	662	660	K	I	K	K	62.536	100.0	702	699	699	926.0	bifunctional GTP diphosphokinase/guanosine-3',5'-bis pyrophosphate 3'-pyrophosphohydrolase [Pseudoalteromonas porphyrae]
spoT	WP_284299016	K662I	662	664	K	I	K	K	63.239	100.0	702	703	703	926.0	bifunctional GTP diphosphokinase/guanosine-3',5'-bis pyrophosphate 3'-pyrophosphohydrolase [Thalassotalea loyana]
spoT	WP_462153722	K662I	662	661	K	I	K	K	62.536	100.0	702	700	700	926.0	N/A
spoT	WP_342884394	K662I	662	660	K	I	K	K	62.536	100.0	702	699	699	926.0	bifunctional GTP diphosphokinase/guanosine-3',5'-bis pyrophosphate 3'-pyrophosphohydrolase [Pseudoalteromonas neustonica]
spoT	WP_257174980	K662I	662	663	K	I	K	K	63.031	100.0	702	702	702	926.0	bifunctional GTP diphosphokinase/guanosine-3',5'-bis pyrophosphate 3'-pyrophosphohydrolase [Colwellia sp. M166]
spoT	WP_081150883	K662I	662	663	K	I	K	K	62.748	100.0	702	702	702	925.0	bifunctional GTP diphosphokinase/guanosine-3',5'-bis pyrophosphate 3'-pyrophosphohydrolase [Cognaticolwellia beringensis]
spoT	WP_169128831	K662I	662	665	K	I	K	K	63.314	100.0	702	705	704	925.0	bifunctional GTP diphosphokinase/guanosine-3',5'-bis pyrophosphate 3'-pyrophosphohydrolase [Thalassotalea sp. Y01]
spoT	WP_054979093	K662I	662	662	K	I	K	K	61.396	100.0	702	701	701	925.0	bifunctional GTP diphosphokinase/guanosine-3',5'-bis pyrophosphate 3'-pyrophosphohydrolase [Pseudoalteromonas sp. P1-9]
spoT	WP_143871085	K662I	662	663	K	I	K	K	63.3	100.0	702	703	702	925.0	bifunctional GTP diphosphokinase/guanosine-3',5'-bis pyrophosphate 3'-pyrophosphohydrolase [Catenovulum sediminis]
spoT	WP_135438400	K662I	662	665	K	I	K	K	63.314	100.0	702	705	704	924.0	bifunctional GTP diphosphokinase/guanosine-3',5'-bis pyrophosphate 3'-pyrophosphohydrolase [Thalassotalea sp. HSM 43]
spoT	WP_182196445	K662I	662	662	K	I	K	K	62.748	100.0	702	701	701	924.0	bifunctional GTP diphosphokinase/guanosine-3',5'-bis pyrophosphate 3'-pyrophosphohydrolase [Colwellia sp. MB02u-9]
spoT	WP_182129703	K662I	662	663	K	I	K	K	62.606	100.0	702	702	702	924.0	bifunctional GTP diphosphokinase/guanosine-3',5'-bis pyrophosphate 3'-pyrophosphohydrolase [Colwellia sp. BRX10-3]
spoT	WP_108457572	K662I	662	664	K	I	K	K	62.606	100.0	702	703	703	923.0	MULTISPECIES: bifunctional GTP diphosphokinase/guanosine-3',5'-bis pyrophosphate 3'-pyrophosphohydrolase [unclassified Colwellia]
spoT	WP_218311521	K662I	662	659	K	I	K	K	62.91	100.0	702	702	697	922.0	bifunctional GTP diphosphokinase/guanosine-3',5'-bis pyrophosphate 3'-pyrophosphohydrolase [Alteromonas antoniana]
spoT	WP_475147927	K662I	662	662	K	I	K	K	61.254	100.0	702	701	701	922.0	N/A
spoT	WP_081179429	K662I	662	664	K	I	K	K	62.323	100.0	702	703	703	922.0	bifunctional GTP diphosphokinase/guanosine-3',5'-bis pyrophosphate 3'-pyrophosphohydrolase [Colwellia sp. PAMC 21821]
spoT	WP_306020828	K662I	662	660	K	I	K	K	62.678	100.0	702	709	698	922.0	MULTISPECIES: bifunctional GTP diphosphokinase/guanosine-3',5'-bis pyrophosphate 3'-pyrophosphohydrolase [Pseudomonadati]
spoT	WP_182137135	K662I	662	662	K	I	K	K	62.606	100.0	702	701	701	922.0	MULTISPECIES: bifunctional GTP diphosphokinase/guanosine-3',5'-bis pyrophosphate 3'-pyrophosphohydrolase [unclassified Colwellia]
spoT	WP_343823642	K662I	662	659	K	I	K	K	61.286	100.0	702	697	696	922.0	bifunctional GTP diphosphokinase/guanosine-3',5'-bis pyrophosphate 3'-pyrophosphohydrolase [Psychrosphaera haliotis]
spoT	WP_475492032	K662I	662	659	K	I	K	K	61.286	100.0	702	697	696	922.0	N/A
spoT	WP_206573789	K662I	662	661	K	I	K	K	62.821	100.0	702	705	699	922.0	bifunctional GTP diphosphokinase/guanosine-3',5'-bis pyrophosphate 3'-pyrophosphohydrolase [Bowmanella dokdonensis]
spoT	WP_042150511	K662I	662	665	K	I	K	K	61.56	100.0	702	704	704	921.0	MULTISPECIES: bifunctional GTP diphosphokinase/guanosine-3',5'-bis pyrophosphate 3'-pyrophosphohydrolase [unclassified Pseudoalteromonas]
spoT	WP_216040326	K662I	662	665	K	I	K	K	61.56	100.0	702	704	704	921.0	bifunctional GTP diphosphokinase/guanosine-3',5'-bis pyrophosphate 3'-pyrophosphohydrolase [Pseudoalteromonas sp. C2R02]
spoT	WP_166378313	K662I	662	662	K	I	K	K	63.105	100.0	702	701	701	921.0	MULTISPECIES: bifunctional GTP diphosphokinase/guanosine-3',5'-bis pyrophosphate 3'-pyrophosphohydrolase [unclassified Pseudoalteromonas]
spoT	WP_182236903	K662I	662	662	K	I	K	K	62.606	100.0	702	701	701	921.0	bifunctional GTP diphosphokinase/guanosine-3',5'-bis pyrophosphate 3'-pyrophosphohydrolase [Colwellia sp. MB02u-10]
spoT	WP_193226816	K662I	662	662	K	I	K	K	63.105	100.0	702	701	701	921.0	bifunctional GTP diphosphokinase/guanosine-3',5'-bis pyrophosphate 3'-pyrophosphohydrolase [Pseudoalteromonas distincta]
spoT	WP_474688693	K662I	662	662	K	I	K	K	63.105	100.0	702	701	701	921.0	N/A
spoT	WP_048690191	K662I	662	661	K	I	K	K	63.016	100.0	702	700	700	921.0	bifunctional GTP diphosphokinase/guanosine-3',5'-bis pyrophosphate 3'-pyrophosphohydrolase [Catenovulum maritimum]
spoT	WP_372547087	K662I	662	661	K	I	K	K	62.873	100.0	702	705	699	921.0	bifunctional GTP diphosphokinase/guanosine-3',5'-bis pyrophosphate 3'-pyrophosphohydrolase [Aliiglaciecola sp. SL4]
spoT	WP_039488599	K662I	662	662	K	I	K	K	63.105	100.0	702	701	701	920.0	MULTISPECIES: bifunctional GTP diphosphokinase/guanosine-3',5'-bis pyrophosphate 3'-pyrophosphohydrolase [Pseudoalteromonas]
spoT	WP_275795059	K662I	662	660	K	I	K	K	62.731	100.0	702	705	698	920.0	bifunctional GTP diphosphokinase/guanosine-3',5'-bis pyrophosphate 3'-pyrophosphohydrolase [Aliiglaciecola sp. CAU 1673]
spoT	WP_348493658	K662I	662	661	K	I	K	K	62.731	100.0	702	705	699	920.0	bifunctional GTP diphosphokinase/guanosine-3',5'-bis pyrophosphate 3'-pyrophosphohydrolase [Aliiglaciecola sp.]
spoT	WP_002958827	K662I	662	662	K	I	K	K	63.105	100.0	702	701	701	920.0	MULTISPECIES: bifunctional GTP diphosphokinase/guanosine-3',5'-bis pyrophosphate 3'-pyrophosphohydrolase [Pseudoalteromonas]
spoT	WP_197209091	K662I	662	662	K	I	K	K	63.105	100.0	702	701	701	920.0	bifunctional GTP diphosphokinase/guanosine-3',5'-bis pyrophosphate 3'-pyrophosphohydrolase [Pseudoalteromonas sp. NZS100_1]
spoT	WP_091986639	K662I	662	662	K	I	K	K	61.681	100.0	702	701	701	920.0	bifunctional GTP diphosphokinase/guanosine-3',5'-bis pyrophosphate 3'-pyrophosphohydrolase [Pseudoalteromonas denitrificans]
spoT	WP_007580016	K662I	662	662	K	I	K	K	63.105	100.0	702	701	701	920.0	MULTISPECIES: bifunctional GTP diphosphokinase/guanosine-3',5'-bis pyrophosphate 3'-pyrophosphohydrolase [Pseudoalteromonas]
spoT	WP_472674291	K662I	662	661	K	I	K	K	61.429	100.0	702	699	698	920.0	N/A
spoT	WP_487078289	K662I	662	663	K	I	K	K	62.695	100.0	702	702	702	920.0	N/A
spoT	WP_115998596	K662I	662	661	K	I	K	K	62.571	100.0	702	700	700	920.0	MULTISPECIES: bifunctional GTP diphosphokinase/guanosine-3',5'-bis pyrophosphate 3'-pyrophosphohydrolase [Thalassotalea]
spoT	WP_330997762	K662I	662	659	K	I	K	K	61.143	100.0	702	697	696	920.0	bifunctional GTP diphosphokinase/guanosine-3',5'-bis pyrophosphate 3'-pyrophosphohydrolase [Psychrosphaera haliotis]
spoT	WP_475073204	K662I	662	657	K	I	K	K	63.195	100.0	702	701	695	920.0	N/A
spoT	WP_210561076	K662I	662	661	K	I	K	K	61.429	100.0	702	699	698	920.0	bifunctional GTP diphosphokinase/guanosine-3',5'-bis pyrophosphate 3'-pyrophosphohydrolase [Psychrosphaera aestuarii]
spoT	WP_370167395	K662I	662	657	K	I	K	K	63.053	100.0	702	700	695	920.0	bifunctional GTP diphosphokinase/guanosine-3',5'-bis pyrophosphate 3'-pyrophosphohydrolase, partial [Marisediminitalea sp.]
spoT	WP_062475638	K662I	662	662	K	I	K	K	62.536	100.0	702	707	700	919.0	bifunctional GTP diphosphokinase/guanosine-3',5'-bis pyrophosphate 3'-pyrophosphohydrolase [Lacimicrobium alkaliphilum]
spoT	WP_026376568	K662I	662	659	K	I	K	K	62.054	100.0	702	703	697	919.0	bifunctional GTP diphosphokinase/guanosine-3',5'-bis pyrophosphate 3'-pyrophosphohydrolase [Aestuariibacter salexigens]
spoT	WP_182192388	K662I	662	662	K	I	K	K	62.606	100.0	702	701	701	919.0	MULTISPECIES: bifunctional GTP diphosphokinase/guanosine-3',5'-bis pyrophosphate 3'-pyrophosphohydrolase [unclassified Colwellia]
spoT	WP_474878047	K662I	662	659	K	I	K	K	62.34	100.0	702	703	697	919.0	N/A
spoT	WP_348617422	K662I	662	660	K	I	K	K	62.251	100.0	702	709	698	919.0	bifunctional GTP diphosphokinase/guanosine-3',5'-bis pyrophosphate 3'-pyrophosphohydrolase [Paraglaciecola sp. 25GB23A]
spoT	WP_309167987	K662I	662	662	K	I	K	K	62.963	100.0	702	701	701	919.0	bifunctional GTP diphosphokinase/guanosine-3',5'-bis pyrophosphate 3'-pyrophosphohydrolase [Pseudoalteromonas sp. HL-AS1]
spoT	WP_255053071	K662I	662	657	K	I	K	K	63.053	100.0	702	701	695	919.0	bifunctional GTP diphosphokinase/guanosine-3',5'-bis pyrophosphate 3'-pyrophosphohydrolase [Marisediminitalea aggregata]
spoT	WP_070175263	K662I	662	658	K	I	K	K	62.625	100.0	702	702	696	919.0	bifunctional GTP diphosphokinase/guanosine-3',5'-bis pyrophosphate 3'-pyrophosphohydrolase [Alteromonas lipolytica]
spoT	WP_073324160	K662I	662	657	K	I	K	K	63.053	100.0	702	701	695	919.0	bifunctional GTP diphosphokinase/guanosine-3',5'-bis pyrophosphate 3'-pyrophosphohydrolase [Marisediminitalea aggregata]
spoT	WP_146877878	K662I	662	662	K	I	K	K	62.465	100.0	702	701	701	919.0	bifunctional GTP diphosphokinase/guanosine-3',5'-bis pyrophosphate 3'-pyrophosphohydrolase [Colwellia sp. C1TZA3]
spoT	WP_065568893	K662I	662	662	K	I	K	K	63.016	100.0	702	704	702	919.0	MULTISPECIES: bifunctional GTP diphosphokinase/guanosine-3',5'-bis pyrophosphate 3'-pyrophosphohydrolase [unclassified Gilliamella]
spoT	WP_440054122	K662I	662	661	K	I	K	K	63.105	100.0	702	700	700	919.0	bifunctional GTP diphosphokinase/guanosine-3',5'-bis pyrophosphate 3'-pyrophosphohydrolase [Pseudoalteromonas sp. T1lg65]
spoT	WP_182233926	K662I	662	662	K	I	K	K	62.465	100.0	702	701	701	918.0	bifunctional GTP diphosphokinase/guanosine-3',5'-bis pyrophosphate 3'-pyrophosphohydrolase [Colwellia sp. MB02u-6]
spoT	WP_102797597	K662I	662	661	K	I	K	K	63.248	100.0	702	706	699	918.0	bifunctional GTP diphosphokinase/guanosine-3',5'-bis pyrophosphate 3'-pyrophosphohydrolase [Bowmanella denitrificans]
spoT	WP_214343764	K662I	662	661	K	I	K	K	63.39	100.0	702	706	699	918.0	bifunctional GTP diphosphokinase/guanosine-3',5'-bis pyrophosphate 3'-pyrophosphohydrolase [Bowmanella yangjiangensis]
spoT	WP_007105841	K662I	662	660	K	I	K	K	61.681	100.0	702	709	698	918.0	bifunctional GTP diphosphokinase/guanosine-3',5'-bis pyrophosphate 3'-pyrophosphohydrolase [Paraglaciecola polaris]
spoT	WP_262792550	K662I	662	663	K	I	K	K	62.926	100.0	702	703	703	917.0	bifunctional GTP diphosphokinase/guanosine-3',5'-bis pyrophosphate 3'-pyrophosphohydrolase [Catenovulum sp. 2E275]
spoT	WP_370239977	K662I	662	657	K	I	K	K	62.91	100.0	702	701	695	917.0	bifunctional GTP diphosphokinase/guanosine-3',5'-bis pyrophosphate 3'-pyrophosphohydrolase [Marisediminitalea sp.]
spoT	WP_411270916	K662I	662	659	K	I	K	K	62.625	100.0	702	702	697	917.0	bifunctional GTP diphosphokinase/guanosine-3',5'-bis pyrophosphate 3'-pyrophosphohydrolase [Alteromonas nitratireducens]
spoT	WP_371187252	K662I	662	664	K	I	K	K	63.546	100.0	702	704	703	917.0	bifunctional GTP diphosphokinase/guanosine-3',5'-bis pyrophosphate 3'-pyrophosphohydrolase [Thalassotalea maritima]
spoT	WP_216052590	K662I	662	660	K	I	K	K	61.538	100.0	702	709	698	917.0	bifunctional GTP diphosphokinase/guanosine-3',5'-bis pyrophosphate 3'-pyrophosphohydrolase [Paraglaciecola chathamensis]
spoT	WP_131093732	K662I	662	660	K	I	K	K	62.197	100.0	702	703	698	917.0	bifunctional GTP diphosphokinase/guanosine-3',5'-bis pyrophosphate 3'-pyrophosphohydrolase [Alteromonas sp. KUL42]
spoT	WP_414699245	K662I	662	660	K	I	K	K	62.108	100.0	702	711	698	917.0	bifunctional GTP diphosphokinase/guanosine-3',5'-bis pyrophosphate 3'-pyrophosphohydrolase [Paraglaciecola sp. 2405UD69-4]
spoT	WP_198825157	K662I	662	660	K	I	K	K	61.396	100.0	702	709	698	916.0	bifunctional GTP diphosphokinase/guanosine-3',5'-bis pyrophosphate 3'-pyrophosphohydrolase [Paraglaciecola chathamensis]
spoT	WP_099034803	K662I	662	662	K	I	K	K	62.678	100.0	702	707	700	916.0	bifunctional GTP diphosphokinase/guanosine-3',5'-bis pyrophosphate 3'-pyrophosphohydrolase [Lacimicrobium alkaliphilum]
spoT	WP_192505912	K662I	662	661	K	I	K	K	62.536	100.0	702	700	700	916.0	MULTISPECIES: bifunctional GTP diphosphokinase/guanosine-3',5'-bis pyrophosphate 3'-pyrophosphohydrolase [Pseudoalteromonas]
spoT	WP_474823701	K662I	662	659	K	I	K	K	62.482	100.0	702	702	697	916.0	N/A
spoT	WP_070125888	K662I	662	659	K	I	K	K	62.625	100.0	702	702	697	916.0	bifunctional GTP diphosphokinase/guanosine-3',5'-bis pyrophosphate 3'-pyrophosphohydrolase [Alteromonas confluentis]
spoT	WP_034943285	K662I	662	662	K	I	K	K	62.873	100.0	702	704	702	916.0	bifunctional GTP diphosphokinase/guanosine-3',5'-bis pyrophosphate 3'-pyrophosphohydrolase [Gilliamella sp. wkB18]
spoT	WP_068382276	K662I	662	660	K	I	K	K	62.251	100.0	702	709	698	916.0	bifunctional GTP diphosphokinase/guanosine-3',5'-bis pyrophosphate 3'-pyrophosphohydrolase [Paraglaciecola hydrolytica]
spoT	WP_214131194	K662I	662	659	K	I	K	K	61.769	100.0	702	706	697	915.0	bifunctional GTP diphosphokinase/guanosine-3',5'-bis pyrophosphate 3'-pyrophosphohydrolase [Alteromonas oceanisediminis]
spoT	WP_303473248	K662I	662	661	K	I	K	K	62.304	100.0	702	705	699	915.0	bifunctional GTP diphosphokinase/guanosine-3',5'-bis pyrophosphate 3'-pyrophosphohydrolase [Aliiglaciecola sp. 3_MG-2023]
spoT	WP_218354431	K662I	662	659	K	I	K	K	62.34	100.0	702	702	697	915.0	bifunctional GTP diphosphokinase/guanosine-3',5'-bis pyrophosphate 3'-pyrophosphohydrolase [Alteromonas lipotrueiana]
spoT	WP_263713477	K662I	662	660	K	I	K	K	62.536	100.0	702	704	698	915.0	bifunctional GTP diphosphokinase/guanosine-3',5'-bis pyrophosphate 3'-pyrophosphohydrolase [Fluctibacter corallii]
spoT	WP_206594677	K662I	662	661	K	I	K	K	63.39	100.0	702	706	699	915.0	bifunctional GTP diphosphokinase/guanosine-3',5'-bis pyrophosphate 3'-pyrophosphohydrolase [Bowmanella yangjiangensis]
spoT	WP_318573080	K662I	662	660	K	I	K	K	61.396	100.0	702	709	698	915.0	bifunctional GTP diphosphokinase/guanosine-3',5'-bis pyrophosphate 3'-pyrophosphohydrolase [Paraglaciecola chathamensis]
spoT	WP_166422003	K662I	662	660	K	I	K	K	61.823	100.0	702	709	698	915.0	bifunctional GTP diphosphokinase/guanosine-3',5'-bis pyrophosphate 3'-pyrophosphohydrolase [Paraglaciecola sp. 20A4]
spoT	WP_286284831	K662I	662	661	K	I	K	K	62.589	100.0	702	705	699	915.0	bifunctional GTP diphosphokinase/guanosine-3',5'-bis pyrophosphate 3'-pyrophosphohydrolase [Aliiglaciecola sp. LCG003]
spoT	WP_105934218	K662I	662	658	K	I	K	K	62.197	100.0	702	702	696	914.0	MULTISPECIES: bifunctional GTP diphosphokinase/guanosine-3',5'-bis pyrophosphate 3'-pyrophosphohydrolase [Alteromonas]
spoT	WP_235313245	K662I	662	660	K	I	K	K	61.966	100.0	702	712	698	914.0	bifunctional GTP diphosphokinase/guanosine-3',5'-bis pyrophosphate 3'-pyrophosphohydrolase [Paraglaciecola algarum]
spoT	WP_216049216	K662I	662	661	K	I	K	K	62.162	100.0	702	705	699	914.0	MULTISPECIES: bifunctional GTP diphosphokinase/guanosine-3',5'-bis pyrophosphate 3'-pyrophosphohydrolase [Alteromonadaceae]
spoT	WP_421972736	K662I	662	662	K	I	K	K	61.396	100.0	702	701	701	914.0	bifunctional GTP diphosphokinase/guanosine-3',5'-bis pyrophosphate 3'-pyrophosphohydrolase [Pseudoalteromonas sp. SSM20]
spoT	WP_007984294	K662I	662	660	K	I	K	K	61.396	100.0	702	709	698	914.0	MULTISPECIES: bifunctional GTP diphosphokinase/guanosine-3',5'-bis pyrophosphate 3'-pyrophosphohydrolase [Paraglaciecola]
spoT	WP_438863248	K662I	662	661	K	I	K	K	61.932	100.0	702	706	699	914.0	bifunctional GTP diphosphokinase/guanosine-3',5'-bis pyrophosphate 3'-pyrophosphohydrolase [Neptunicella sp.]
spoT	WP_229161795	K662I	662	662	K	I	K	K	62.5	100.0	702	706	700	914.0	bifunctional GTP diphosphokinase/guanosine-3',5'-bis pyrophosphate 3'-pyrophosphohydrolase [Fluctibacter halophilus]
spoT	WP_460312801	K662I	662	661	K	I	K	K	62.162	100.0	702	705	699	914.0	N/A
spoT	WP_272994361	K662I	662	660	K	I	K	K	61.396	100.0	702	709	698	914.0	bifunctional GTP diphosphokinase/guanosine-3',5'-bis pyrophosphate 3'-pyrophosphohydrolase [Paraglaciecola chathamensis]
spoT	WP_010561051	K662I	662	662	K	I	K	K	61.681	100.0	702	701	701	914.0	bifunctional GTP diphosphokinase/guanosine-3',5'-bis pyrophosphate 3'-pyrophosphohydrolase [Pseudoalteromonas spongiae]
spoT	WP_006994678	K662I	662	660	K	I	K	K	61.396	100.0	702	709	698	914.0	bifunctional GTP diphosphokinase/guanosine-3',5'-bis pyrophosphate 3'-pyrophosphohydrolase [Paraglaciecola mesophila]
spoT	WP_318555385	K662I	662	660	K	I	K	K	61.396	100.0	702	709	698	914.0	bifunctional GTP diphosphokinase/guanosine-3',5'-bis pyrophosphate 3'-pyrophosphohydrolase [Paraglaciecola chathamensis]
spoT	WP_038639746	K662I	662	662	K	I	K	K	61.538	100.0	702	701	701	914.0	bifunctional GTP diphosphokinase/guanosine-3',5'-bis pyrophosphate 3'-pyrophosphohydrolase [Pseudoalteromonas piratica]
spoT	WP_131257606	K662I	662	658	K	I	K	K	62.536	100.0	702	702	696	914.0	MULTISPECIES: bifunctional GTP diphosphokinase/guanosine-3',5'-bis pyrophosphate 3'-pyrophosphohydrolase [Alteromonadaceae]
spoT	WP_188691091	K662I	662	662	K	I	K	K	62.821	100.0	702	707	700	914.0	bifunctional GTP diphosphokinase/guanosine-3',5'-bis pyrophosphate 3'-pyrophosphohydrolase [Bowmanella pacifica]
spoT	WP_232359060	K662I	662	663	K	I	K	K	62.251	100.0	702	708	701	914.0	bifunctional GTP diphosphokinase/guanosine-3',5'-bis pyrophosphate 3'-pyrophosphohydrolase [Paraneptunicella aestuarii]
spoT	WP_008305206	K662I	662	660	K	I	K	K	61.396	100.0	702	709	698	914.0	bifunctional GTP diphosphokinase/guanosine-3',5'-bis pyrophosphate 3'-pyrophosphohydrolase [Paraglaciecola chathamensis]
spoT	WP_100912641	K662I	662	662	K	I	K	K	61.538	100.0	702	701	701	913.0	MULTISPECIES: bifunctional GTP diphosphokinase/guanosine-3',5'-bis pyrophosphate 3'-pyrophosphohydrolase [Pseudoalteromonas]
spoT	WP_343858908	K662I	662	661	K	I	K	K	62.162	100.0	702	705	699	913.0	bifunctional GTP diphosphokinase/guanosine-3',5'-bis pyrophosphate 3'-pyrophosphohydrolase [Aliiglaciecola litoralis]
spoT	WP_473477693	K662I	662	660	K	I	K	K	61.396	100.0	702	709	698	913.0	N/A
spoT	WP_158768415	K662I	662	660	K	I	K	K	61.823	100.0	702	709	698	913.0	bifunctional GTP diphosphokinase/guanosine-3',5'-bis pyrophosphate 3'-pyrophosphohydrolase [Paraglaciecola sp. L1A13]
spoT	WP_013786067	K662I	662	659	K	I	K	K	61.912	100.0	702	702	697	913.0	bifunctional GTP diphosphokinase/guanosine-3',5'-bis pyrophosphate 3'-pyrophosphohydrolase [Alteromonas naphthalenivorans]
spoT	WP_143834184	K662I	662	661	K	I	K	K	62.162	100.0	702	705	699	913.0	bifunctional GTP diphosphokinase/guanosine-3',5'-bis pyrophosphate 3'-pyrophosphohydrolase [Aliiglaciecola sp. M165]
spoT	WP_011573278	K662I	662	660	K	I	K	K	61.396	100.0	702	709	698	913.0	bifunctional GTP diphosphokinase/guanosine-3',5'-bis pyrophosphate 3'-pyrophosphohydrolase [Paraglaciecola sp. T6c]
spoT	WP_093329365	K662I	662	662	K	I	K	K	62.181	100.0	702	701	701	913.0	bifunctional GTP diphosphokinase/guanosine-3',5'-bis pyrophosphate 3'-pyrophosphohydrolase [Thalassotalea agarivorans]
spoT	WP_372768851	K662I	662	662	K	I	K	K	61.254	100.0	702	701	701	913.0	bifunctional GTP diphosphokinase/guanosine-3',5'-bis pyrophosphate 3'-pyrophosphohydrolase [Pseudoalteromonas sp.]
spoT	WP_088329668	K662I	662	662	K	I	K	K	62.251	100.0	702	707	700	913.0	bifunctional GTP diphosphokinase/guanosine-3',5'-bis pyrophosphate 3'-pyrophosphohydrolase [Lacimicrobium sp. SS2-24]
spoT	WP_274761638	K662I	662	662	K	I	K	K	61.396	100.0	702	701	701	912.0	bifunctional GTP diphosphokinase/guanosine-3',5'-bis pyrophosphate 3'-pyrophosphohydrolase [Pseudoalteromonas sp. G4]
spoT	WP_435688189	K662I	662	660	K	I	K	K	62.536	100.0	702	705	698	912.0	bifunctional GTP diphosphokinase/guanosine-3',5'-bis pyrophosphate 3'-pyrophosphohydrolase [Paraglaciecola sp.]
spoT	WP_195810861	K662I	662	659	K	I	K	K	62.054	100.0	702	702	697	912.0	bifunctional GTP diphosphokinase/guanosine-3',5'-bis pyrophosphate 3'-pyrophosphohydrolase [Salinimonas marina]
spoT	WP_296048040	K662I	662	658	K	I	K	K	62.34	100.0	702	702	696	912.0	bifunctional GTP diphosphokinase/guanosine-3',5'-bis pyrophosphate 3'-pyrophosphohydrolase [uncultured Alteromonas sp.]
spoT	WP_339891284	K662I	662	659	K	I	K	K	61.769	100.0	702	702	697	912.0	bifunctional GTP diphosphokinase/guanosine-3',5'-bis pyrophosphate 3'-pyrophosphohydrolase [uncultured Alteromonas sp.]
spoT	WP_487120577	K662I	662	658	K	I	K	K	62.34	100.0	702	702	696	912.0	N/A
spoT	WP_158965731	K662I	662	660	K	I	K	K	61.111	100.0	702	705	698	912.0	bifunctional GTP diphosphokinase/guanosine-3',5'-bis pyrophosphate 3'-pyrophosphohydrolase [Paraglaciecola sp. L3A3]
spoT	WP_486358965	K662I	662	662	K	I	K	K	61.396	100.0	702	701	701	912.0	N/A
spoT	WP_268409585	K662I	662	664	K	I	K	K	61.681	100.0	702	709	702	912.0	bifunctional GTP diphosphokinase/guanosine-3',5'-bis pyrophosphate 3'-pyrophosphohydrolase [Alteromonas sp. a30]
spoT	WP_160179842	K662I	662	660	K	I	K	K	61.254	100.0	702	709	698	912.0	bifunctional GTP diphosphokinase/guanosine-3',5'-bis pyrophosphate 3'-pyrophosphohydrolase [Paraglaciecola mesophila]
spoT	WP_008845134	K662I	662	661	K	I	K	K	62.02	100.0	702	705	699	912.0	bifunctional GTP diphosphokinase/guanosine-3',5'-bis pyrophosphate 3'-pyrophosphohydrolase [Aliiglaciecola lipolytica]
spoT	WP_348359002	K662I	662	659	K	I	K	K	61.254	100.0	702	710	697	912.0	bifunctional GTP diphosphokinase/guanosine-3',5'-bis pyrophosphate 3'-pyrophosphohydrolase [Paraglaciecola sp.]
spoT	WP_108568707	K662I	662	659	K	I	K	K	62.197	100.0	702	702	697	911.0	bifunctional GTP diphosphokinase/guanosine-3',5'-bis pyrophosphate 3'-pyrophosphohydrolase [Salinimonas sediminis]
spoT	WP_262993694	K662I	662	659	K	I	K	K	61.912	100.0	702	702	697	911.0	bifunctional GTP diphosphokinase/guanosine-3',5'-bis pyrophosphate 3'-pyrophosphohydrolase [Alteromonas salexigens]
spoT	WP_474828607	K662I	662	660	K	I	K	K	61.341	100.0	702	703	698	911.0	N/A
spoT	WP_137168614	K662I	662	659	K	I	K	K	62.054	100.0	702	702	697	911.0	bifunctional GTP diphosphokinase/guanosine-3',5'-bis pyrophosphate 3'-pyrophosphohydrolase [Salinimonas lutimaris]
spoT	WP_284206041	K662I	662	664	K	I	K	K	62.817	100.0	702	703	703	911.0	bifunctional GTP diphosphokinase/guanosine-3',5'-bis pyrophosphate 3'-pyrophosphohydrolase [Thalassotalea eurytherma]
spoT	WP_338455504	K662I	662	659	K	I	K	K	61.912	100.0	702	702	697	911.0	bifunctional GTP diphosphokinase/guanosine-3',5'-bis pyrophosphate 3'-pyrophosphohydrolase [uncultured Alteromonas sp.]
spoT	WP_269917561	K662I	662	660	K	I	K	K	61.484	100.0	702	703	698	911.0	bifunctional GTP diphosphokinase/guanosine-3',5'-bis pyrophosphate 3'-pyrophosphohydrolase [Alteromonas sp. PRIM-21]
spoT	WP_334014602	K662I	662	660	K	I	K	K	61.484	100.0	702	703	698	910.0	bifunctional GTP diphosphokinase/guanosine-3',5'-bis pyrophosphate 3'-pyrophosphohydrolase [Alteromonas sp. S167]
spoT	WP_014977933	K662I	662	660	K	I	K	K	61.484	100.0	702	703	698	910.0	bifunctional GTP diphosphokinase/guanosine-3',5'-bis pyrophosphate 3'-pyrophosphohydrolase [Alteromonas macleodii]
spoT	WP_273641764	K662I	662	658	K	I	K	K	62.054	100.0	702	702	696	910.0	bifunctional GTP diphosphokinase/guanosine-3',5'-bis pyrophosphate 3'-pyrophosphohydrolase [Alteromonas gilva]
spoT	WP_189405803	K662I	662	659	K	I	K	K	61.912	100.0	702	702	697	910.0	bifunctional GTP diphosphokinase/guanosine-3',5'-bis pyrophosphate 3'-pyrophosphohydrolase [Alteromonas halophila]
spoT	WP_216056343	K662I	662	658	K	I	K	K	61.143	100.0	702	696	695	910.0	MULTISPECIES: bifunctional GTP diphosphokinase/guanosine-3',5'-bis pyrophosphate 3'-pyrophosphohydrolase [Psychrosphaera]
spoT	WP_133468046	K662I	662	659	K	I	K	K	61.111	100.0	702	710	697	910.0	bifunctional GTP diphosphokinase/guanosine-3',5'-bis pyrophosphate 3'-pyrophosphohydrolase [Paraglaciecola marina]
spoT	WP_349583278	K662I	662	659	K	I	K	K	62.625	100.0	702	702	697	910.0	bifunctional GTP diphosphokinase/guanosine-3',5'-bis pyrophosphate 3'-pyrophosphohydrolase [Alteromonas sp. NFXS44]
spoT	WP_303573532	K662I	662	659	K	I	K	K	62.625	100.0	702	702	697	910.0	bifunctional GTP diphosphokinase/guanosine-3',5'-bis pyrophosphate 3'-pyrophosphohydrolase [Alteromonas sp. 1_MG-2023]
spoT	WP_474843692	K662I	662	659	K	I	K	K	62.482	100.0	702	702	697	909.0	N/A
spoT	WP_487075687	K662I	662	659	K	I	K	K	62.054	100.0	702	702	697	909.0	N/A
spoT	WP_126872671	K662I	662	659	K	I	K	K	61.769	100.0	702	702	697	909.0	MULTISPECIES: bifunctional GTP diphosphokinase/guanosine-3',5'-bis pyrophosphate 3'-pyrophosphohydrolase [unclassified Alteromonas]
spoT	WP_342286254	K662I	662	660	K	I	K	K	61.341	100.0	702	703	698	909.0	bifunctional GTP diphosphokinase/guanosine-3',5'-bis pyrophosphate 3'-pyrophosphohydrolase [Alteromonas macleodii]
spoT	WP_377948777	K662I	662	660	K	I	K	K	61.484	100.0	702	703	698	909.0	bifunctional GTP diphosphokinase/guanosine-3',5'-bis pyrophosphate 3'-pyrophosphohydrolase [Alteromonas macleodii]
spoT	WP_025257012	K662I	662	660	K	I	K	K	61.626	100.0	702	703	698	909.0	MULTISPECIES: bifunctional GTP diphosphokinase/guanosine-3',5'-bis pyrophosphate 3'-pyrophosphohydrolase [unclassified Alteromonas]
spoT	WP_118490773	K662I	662	660	K	I	K	K	61.484	100.0	702	703	698	909.0	bifunctional GTP diphosphokinase/guanosine-3',5'-bis pyrophosphate 3'-pyrophosphohydrolase [Alteromonas sp. BL110]
spoT	WP_390379563	K662I	662	660	K	I	K	K	61.484	100.0	702	703	698	909.0	bifunctional GTP diphosphokinase/guanosine-3',5'-bis pyrophosphate 3'-pyrophosphohydrolase [Alteromonas sp. MTD1]
spoT	WP_136783185	K662I	662	660	K	I	K	K	61.484	100.0	702	703	698	909.0	bifunctional GTP diphosphokinase/guanosine-3',5'-bis pyrophosphate 3'-pyrophosphohydrolase [Alteromonas portus]
spoT	WP_100970704	K662I	662	660	K	I	K	K	61.626	100.0	702	703	698	909.0	bifunctional GTP diphosphokinase/guanosine-3',5'-bis pyrophosphate 3'-pyrophosphohydrolase [Alteromonas sp. MB-3u-76]
spoT	WP_413364590	K662I	662	658	K	I	K	K	62.34	100.0	702	702	696	909.0	bifunctional GTP diphosphokinase/guanosine-3',5'-bis pyrophosphate 3'-pyrophosphohydrolase [Alteromonas sp. AMM-1]
spoT	WP_265608282	K662I	662	659	K	I	K	K	62.054	100.0	702	702	697	909.0	bifunctional GTP diphosphokinase/guanosine-3',5'-bis pyrophosphate 3'-pyrophosphohydrolase [Alteromonas sp. ASW11-130]
spoT	WP_479383506	K662I	662	660	K	I	K	K	61.341	100.0	702	703	698	909.0	N/A
spoT	WP_140958348	K662I	662	658	K	I	K	K	62.34	100.0	702	702	696	909.0	bifunctional GTP diphosphokinase/guanosine-3',5'-bis pyrophosphate 3'-pyrophosphohydrolase [Aestuariibacter sp. GS-14]
spoT	WP_057794789	K662I	662	659	K	I	K	K	61.769	100.0	702	702	697	909.0	bifunctional GTP diphosphokinase/guanosine-3',5'-bis pyrophosphate 3'-pyrophosphohydrolase [Alteromonas stellipolaris]
spoT	WP_061093918	K662I	662	660	K	I	K	K	61.341	100.0	702	703	698	909.0	MULTISPECIES: bifunctional GTP diphosphokinase/guanosine-3',5'-bis pyrophosphate 3'-pyrophosphohydrolase [Alteromonas]
spoT	WP_071978248	K662I	662	660	K	I	K	K	61.626	100.0	702	703	698	909.0	MULTISPECIES: bifunctional GTP diphosphokinase/guanosine-3',5'-bis pyrophosphate 3'-pyrophosphohydrolase [Alteromonas]
spoT	WP_211069185	K662I	662	659	K	I	K	K	61.626	100.0	702	702	697	908.0	MULTISPECIES: bifunctional GTP diphosphokinase/guanosine-3',5'-bis pyrophosphate 3'-pyrophosphohydrolase [unclassified Alteromonas]
spoT	WP_119499764	K662I	662	659	K	I	K	K	62.482	100.0	702	702	697	908.0	bifunctional GTP diphosphokinase/guanosine-3',5'-bis pyrophosphate 3'-pyrophosphohydrolase [Alteromonas sp. RKMC-009]
spoT	WP_229531020	K662I	662	663	K	I	K	K	61.538	100.0	702	708	701	908.0	bifunctional GTP diphosphokinase/guanosine-3',5'-bis pyrophosphate 3'-pyrophosphohydrolase [Planctobacterium marinum]
spoT	WP_474849004	K662I	662	659	K	I	K	K	62.482	100.0	702	702	697	908.0	N/A
spoT	WP_458726137	K662I	662	660	K	I	K	K	61.341	100.0	702	703	698	908.0	bifunctional GTP diphosphokinase/guanosine-3',5'-bis pyrophosphate 3'-pyrophosphohydrolase [Alteromonas macleodii]
spoT	WP_474802975	K662I	662	660	K	I	K	K	61.341	100.0	702	703	698	908.0	N/A
spoT	WP_039226917	K662I	662	660	K	I	K	K	61.341	100.0	702	703	698	908.0	MULTISPECIES: bifunctional GTP diphosphokinase/guanosine-3',5'-bis pyrophosphate 3'-pyrophosphohydrolase [Alteromonas]
spoT	WP_458730719	K662I	662	660	K	I	K	K	61.341	100.0	702	703	698	908.0	bifunctional GTP diphosphokinase/guanosine-3',5'-bis pyrophosphate 3'-pyrophosphohydrolase [Alteromonas alvinellae]
spoT	WP_179981968	K662I	662	660	K	I	K	K	61.341	100.0	702	703	698	908.0	bifunctional GTP diphosphokinase/guanosine-3',5'-bis pyrophosphate 3'-pyrophosphohydrolase [Alteromonas macleodii]
spoT	WP_115593138	K662I	662	659	K	I	K	K	62.34	100.0	702	702	697	908.0	bifunctional GTP diphosphokinase/guanosine-3',5'-bis pyrophosphate 3'-pyrophosphohydrolase [Alteromonas aestuariivivens]
spoT	WP_129735717	K662I	662	659	K	I	K	K	61.484	100.0	702	702	697	907.0	MULTISPECIES: bifunctional GTP diphosphokinase/guanosine-3',5'-bis pyrophosphate 3'-pyrophosphohydrolase [Alteromonas]
spoT	WP_075607563	K662I	662	659	K	I	K	K	62.34	100.0	702	704	697	907.0	bifunctional GTP diphosphokinase/guanosine-3',5'-bis pyrophosphate 3'-pyrophosphohydrolase [Alteromonas pelagimontana]
spoT	WP_061996845	K662I	662	659	K	I	K	K	61.769	100.0	702	702	697	907.0	MULTISPECIES: bifunctional GTP diphosphokinase/guanosine-3',5'-bis pyrophosphate 3'-pyrophosphohydrolase [Alteromonas]
spoT	WP_269350373	K662I	662	660	K	I	K	K	61.341	100.0	702	703	698	907.0	bifunctional GTP diphosphokinase/guanosine-3',5'-bis pyrophosphate 3'-pyrophosphohydrolase [Alteromonas macleodii]
spoT	WP_473021518	K662I	662	663	K	I	K	K	61.538	100.0	702	708	701	907.0	N/A
spoT	WP_031578712	K662I	662	668	K	I	K	K	60.226	100.0	702	712	707	907.0	MULTISPECIES: bifunctional GTP diphosphokinase/guanosine-3',5'-bis pyrophosphate 3'-pyrophosphohydrolase [Ruminobacter]
spoT	WP_159527959	K662I	662	659	K	I	K	K	61.626	100.0	702	702	697	907.0	MULTISPECIES: bifunctional GTP diphosphokinase/guanosine-3',5'-bis pyrophosphate 3'-pyrophosphohydrolase [Alteromonas]
spoT	WP_014947806	K662I	662	660	K	I	K	K	61.341	100.0	702	703	698	907.0	bifunctional GTP diphosphokinase/guanosine-3',5'-bis pyrophosphate 3'-pyrophosphohydrolase [Alteromonas macleodii]
spoT	WP_462573742	K662I	662	660	K	I	K	K	61.198	100.0	702	703	698	907.0	N/A
spoT	WP_071816640	K662I	662	660	K	I	K	K	61.341	100.0	702	703	698	907.0	bifunctional GTP diphosphokinase/guanosine-3',5'-bis pyrophosphate 3'-pyrophosphohydrolase [Alteromonas sp. V450]
spoT	WP_269518566	K662I	662	660	K	I	K	K	61.626	100.0	702	703	698	907.0	bifunctional GTP diphosphokinase/guanosine-3',5'-bis pyrophosphate 3'-pyrophosphohydrolase [Alteromonas sp. BMJM2]
spoT	WP_139754838	K662I	662	659	K	I	K	K	61.769	100.0	702	702	697	907.0	bifunctional GTP diphosphokinase/guanosine-3',5'-bis pyrophosphate 3'-pyrophosphohydrolase [Salinimonas iocasae]
spoT	WP_191026544	K662I	662	659	K	I	K	K	61.484	100.0	702	702	697	906.0	bifunctional GTP diphosphokinase/guanosine-3',5'-bis pyrophosphate 3'-pyrophosphohydrolase [Salinimonas profundi]
spoT	WP_305443739	K662I	662	659	K	I	K	K	61.769	100.0	702	702	697	906.0	bifunctional GTP diphosphokinase/guanosine-3',5'-bis pyrophosphate 3'-pyrophosphohydrolase [Alteromonas stellipolaris]
spoT	WP_327773072	K662I	662	528	K	I	K	K	74.912	81.0	702	568	568	906.0	bifunctional GTP diphosphokinase/guanosine-3',5'-bis pyrophosphate 3'-pyrophosphohydrolase, partial [Photobacterium piscicola]
spoT	WP_447131096	K662I	662	660	K	I	K	K	60.969	100.0	702	704	698	906.0	bifunctional GTP diphosphokinase/guanosine-3',5'-bis pyrophosphate 3'-pyrophosphohydrolase [Paraglaciecola aestuariivivens]
spoT	WP_334020911	K662I	662	660	K	I	K	K	61.198	100.0	702	703	698	906.0	bifunctional GTP diphosphokinase/guanosine-3',5'-bis pyrophosphate 3'-pyrophosphohydrolase [Alteromonas sp. S015]
spoT	WP_303458310	K662I	662	659	K	I	K	K	61.341	100.0	702	702	697	906.0	bifunctional GTP diphosphokinase/guanosine-3',5'-bis pyrophosphate 3'-pyrophosphohydrolase [Alteromonas sp. 1_MG-2023]
spoT	WP_163084034	K662I	662	659	K	I	K	K	61.626	100.0	702	702	697	906.0	bifunctional GTP diphosphokinase/guanosine-3',5'-bis pyrophosphate 3'-pyrophosphohydrolase [Alteromonas profundi]
spoT	WP_311369870	K662I	662	659	K	I	K	K	61.912	100.0	702	703	697	906.0	bifunctional GTP diphosphokinase/guanosine-3',5'-bis pyrophosphate 3'-pyrophosphohydrolase [Glaciecola petra]
spoT	WP_018984258	K662I	662	659	K	I	K	K	61.484	100.0	702	702	697	906.0	bifunctional GTP diphosphokinase/guanosine-3',5'-bis pyrophosphate 3'-pyrophosphohydrolase [Salinimonas chungwhensis]
spoT	WP_476082333	K662I	662	660	K	I	K	K	61.056	100.0	702	703	698	906.0	N/A
spoT	WP_390607004	K662I	662	660	K	I	K	K	61.198	100.0	702	703	698	906.0	bifunctional GTP diphosphokinase/guanosine-3',5'-bis pyrophosphate 3'-pyrophosphohydrolase [Alteromonas gracilis]
spoT	WP_014996856	K662I	662	660	K	I	K	K	61.341	100.0	702	703	698	906.0	bifunctional GTP diphosphokinase/guanosine-3',5'-bis pyrophosphate 3'-pyrophosphohydrolase [Alteromonas abrolhosensis]
spoT	WP_474857268	K662I	662	660	K	I	K	K	61.198	100.0	702	703	698	906.0	N/A
spoT	WP_198816731	K662I	662	660	K	I	K	K	61.198	100.0	702	703	698	906.0	bifunctional GTP diphosphokinase/guanosine-3',5'-bis pyrophosphate 3'-pyrophosphohydrolase [Alteromonas sp. IB21]
spoT	WP_487129382	K662I	662	660	K	I	K	K	61.056	100.0	702	703	698	906.0	N/A
spoT	WP_239260487	K662I	662	660	K	I	K	K	61.198	100.0	702	703	698	905.0	bifunctional GTP diphosphokinase/guanosine-3',5'-bis pyrophosphate 3'-pyrophosphohydrolase [Alteromonas sp. Cnat3-28]
spoT	WP_348146610	K662I	662	659	K	I	K	K	61.538	100.0	702	710	697	905.0	bifunctional GTP diphosphokinase/guanosine-3',5'-bis pyrophosphate 3'-pyrophosphohydrolase [Paraglaciecola sp.]
spoT	WP_463637268	K662I	662	659	K	I	K	K	61.769	100.0	702	702	697	905.0	N/A
spoT	WP_412723899	K662I	662	660	K	I	K	K	61.198	100.0	702	703	698	905.0	bifunctional GTP diphosphokinase/guanosine-3',5'-bis pyrophosphate 3'-pyrophosphohydrolase [Alteromonas sp. D210916BOD_24]
spoT	WP_474857982	K662I	662	660	K	I	K	K	61.198	100.0	702	703	698	905.0	N/A
spoT	WP_405348977	K662I	662	668	K	I	K	K	60.085	100.0	702	712	707	905.0	bifunctional GTP diphosphokinase/guanosine-3',5'-bis pyrophosphate 3'-pyrophosphohydrolase [Ruminobacter amylophilus]
spoT	WP_039221068	K662I	662	660	K	I	K	K	61.056	100.0	702	703	698	905.0	bifunctional GTP diphosphokinase/guanosine-3',5'-bis pyrophosphate 3'-pyrophosphohydrolase [Alteromonas marina]
spoT	WP_474873934	K662I	662	660	K	I	K	K	61.056	100.0	702	703	698	905.0	N/A
spoT	WP_105929872	K662I	662	660	K	I	K	K	61.198	100.0	702	703	698	905.0	MULTISPECIES: bifunctional GTP diphosphokinase/guanosine-3',5'-bis pyrophosphate 3'-pyrophosphohydrolase [Alteromonas]
spoT	WP_268074433	K662I	662	663	K	I	K	K	62.358	100.0	702	703	703	905.0	bifunctional GTP diphosphokinase/guanosine-3',5'-bis pyrophosphate 3'-pyrophosphohydrolase [Catenovulum adriaticum]
spoT	WP_394223510	K662I	662	660	K	I	K	K	61.056	100.0	702	703	698	905.0	bifunctional GTP diphosphokinase/guanosine-3',5'-bis pyrophosphate 3'-pyrophosphohydrolase [Alteromonas gracilis]
spoT	WP_159579866	K662I	662	660	K	I	K	K	61.341	100.0	702	703	698	905.0	bifunctional GTP diphosphokinase/guanosine-3',5'-bis pyrophosphate 3'-pyrophosphohydrolase [Alteromonas sp. KUL106]
spoT	WP_334048964	K662I	662	660	K	I	K	K	61.056	100.0	702	703	698	905.0	bifunctional GTP diphosphokinase/guanosine-3',5'-bis pyrophosphate 3'-pyrophosphohydrolase [Alteromonas gracilis]
spoT	WP_226432526	K662I	662	660	K	I	K	K	61.198	100.0	702	703	698	905.0	bifunctional GTP diphosphokinase/guanosine-3',5'-bis pyrophosphate 3'-pyrophosphohydrolase [Alteromonas sp. McT4-15]
spoT	WP_274742222	K662I	662	660	K	I	K	K	61.198	100.0	702	703	698	905.0	bifunctional GTP diphosphokinase/guanosine-3',5'-bis pyrophosphate 3'-pyrophosphohydrolase [Alteromonas sp. 009811495]
spoT	WP_463242770	K662I	662	660	K	I	K	K	61.823	100.0	702	709	698	905.0	N/A
spoT	WP_207612726	K662I	662	659	K	I	K	K	60.913	100.0	702	703	697	905.0	bifunctional GTP diphosphokinase/guanosine-3',5'-bis pyrophosphate 3'-pyrophosphohydrolase [Alteromonas sp. 5E99-2]
spoT	WP_252119524	K662I	662	660	K	I	K	K	61.056	100.0	702	703	698	905.0	bifunctional GTP diphosphokinase/guanosine-3',5'-bis pyrophosphate 3'-pyrophosphohydrolase [Alteromonas macleodii]
spoT	WP_265618787	K662I	662	659	K	I	K	K	62.197	100.0	702	702	697	904.0	bifunctional GTP diphosphokinase/guanosine-3',5'-bis pyrophosphate 3'-pyrophosphohydrolase [Alteromonas aquimaris]
spoT	WP_202263136	K662I	662	660	K	I	K	K	61.198	100.0	702	703	698	904.0	MULTISPECIES: bifunctional GTP diphosphokinase/guanosine-3',5'-bis pyrophosphate 3'-pyrophosphohydrolase [unclassified Alteromonas]
spoT	WP_218418063	K662I	662	659	K	I	K	K	61.484	100.0	702	702	697	904.0	bifunctional GTP diphosphokinase/guanosine-3',5'-bis pyrophosphate 3'-pyrophosphohydrolase [Alteromonas lipotrueae]
spoT	WP_338519733	K662I	662	660	K	I	K	K	61.056	100.0	702	703	698	904.0	bifunctional GTP diphosphokinase/guanosine-3',5'-bis pyrophosphate 3'-pyrophosphohydrolase [Alteromonas gracilis]
spoT	WP_186507007	K662I	662	661	K	I	K	K	61.681	100.0	702	706	699	904.0	bifunctional GTP diphosphokinase/guanosine-3',5'-bis pyrophosphate 3'-pyrophosphohydrolase [Neptunicella marina]
spoT	WP_100657653	K662I	662	658	K	I	K	K	62.054	100.0	702	705	696	904.0	bifunctional GTP diphosphokinase/guanosine-3',5'-bis pyrophosphate 3'-pyrophosphohydrolase [Alteromonas flava]
spoT	WP_334058745	K662I	662	660	K	I	K	K	61.056	100.0	702	703	698	904.0	bifunctional GTP diphosphokinase/guanosine-3',5'-bis pyrophosphate 3'-pyrophosphohydrolase [Alteromonas sp. S005]
spoT	WP_474375766	K662I	662	660	K	I	K	K	61.056	100.0	702	703	698	904.0	N/A
spoT	WP_044055503	K662I	662	659	K	I	K	K	61.484	100.0	702	702	697	904.0	bifunctional GTP diphosphokinase/guanosine-3',5'-bis pyrophosphate 3'-pyrophosphohydrolase [Alteromonas australica]
spoT	WP_420934590	K662I	662	660	K	I	K	K	61.341	100.0	702	703	698	904.0	bifunctional GTP diphosphokinase/guanosine-3',5'-bis pyrophosphate 3'-pyrophosphohydrolase [Alteromonas ulvae]
spoT	WP_196897889	K662I	662	659	K	I	K	K	61.484	100.0	702	702	697	904.0	MULTISPECIES: bifunctional GTP diphosphokinase/guanosine-3',5'-bis pyrophosphate 3'-pyrophosphohydrolase [Alteromonas]
spoT	WP_348109944	K662I	662	659	K	I	K	K	61.396	100.0	702	710	697	903.0	bifunctional GTP diphosphokinase/guanosine-3',5'-bis pyrophosphate 3'-pyrophosphohydrolase [Paraglaciecola sp.]
spoT	WP_475229567	K662I	662	663	K	I	K	K	61.111	100.0	702	708	701	903.0	N/A
spoT	WP_340677797	K662I	662	660	K	I	K	K	61.823	100.0	702	709	698	903.0	bifunctional GTP diphosphokinase/guanosine-3',5'-bis pyrophosphate 3'-pyrophosphohydrolase [Paraglaciecola sp.]
spoT	WP_278383294	K662I	662	660	K	I	K	K	61.198	100.0	702	703	698	902.0	bifunctional GTP diphosphokinase/guanosine-3',5'-bis pyrophosphate 3'-pyrophosphohydrolase [Alteromonas mediterranea]
spoT	WP_100643469	K662I	662	658	K	I	K	K	61.484	100.0	702	705	696	902.0	bifunctional GTP diphosphokinase/guanosine-3',5'-bis pyrophosphate 3'-pyrophosphohydrolase [Alteromonas facilis]
spoT	WP_289363113	K662I	662	659	K	I	K	K	60.913	100.0	702	704	697	902.0	bifunctional GTP diphosphokinase/guanosine-3',5'-bis pyrophosphate 3'-pyrophosphohydrolase [Alteromonas arenosi]
spoT	WP_012516677	K662I	662	660	K	I	K	K	61.198	100.0	702	703	698	902.0	MULTISPECIES: bifunctional GTP diphosphokinase/guanosine-3',5'-bis pyrophosphate 3'-pyrophosphohydrolase [Alteromonas]
spoT	WP_141153196	K662I	662	660	K	I	K	K	61.198	100.0	702	703	698	902.0	bifunctional GTP diphosphokinase/guanosine-3',5'-bis pyrophosphate 3'-pyrophosphohydrolase [Alteromonas mediterranea]
spoT	WP_416306594	K662I	662	661	K	I	K	K	61.309	100.0	702	705	699	902.0	bifunctional GTP diphosphokinase/guanosine-3',5'-bis pyrophosphate 3'-pyrophosphohydrolase [Neptunicella plasticusilytica]
spoT	WP_163106551	K662I	662	660	K	I	K	K	61.341	100.0	702	703	698	902.0	bifunctional GTP diphosphokinase/guanosine-3',5'-bis pyrophosphate 3'-pyrophosphohydrolase [Alteromonas genovensis]
spoT	WP_462835274	K662I	662	660	K	I	K	K	61.056	100.0	702	703	698	901.0	N/A
spoT	WP_208831327	K662I	662	660	K	I	K	K	61.714	100.0	702	698	697	901.0	bifunctional GTP diphosphokinase/guanosine-3',5'-bis pyrophosphate 3'-pyrophosphohydrolase [Psychrosphaera ytuae]
spoT	WP_332929717	K662I	662	659	K	I	K	K	61.198	100.0	702	702	697	901.0	bifunctional GTP diphosphokinase/guanosine-3',5'-bis pyrophosphate 3'-pyrophosphohydrolase [Alteromonas sp. 14N.309.X.WAT.G.H12]
spoT	WP_334064880	K662I	662	660	K	I	K	K	61.484	100.0	702	703	698	901.0	bifunctional GTP diphosphokinase/guanosine-3',5'-bis pyrophosphate 3'-pyrophosphohydrolase [Alteromonas genovensis]
spoT	WP_007625031	K662I	662	660	K	I	K	K	60.826	100.0	702	704	698	901.0	bifunctional GTP diphosphokinase/guanosine-3',5'-bis pyrophosphate 3'-pyrophosphohydrolase [Paraglaciecola arctica]
spoT	WP_216027248	K662I	662	661	K	I	K	K	61.198	100.0	702	704	699	900.0	bifunctional GTP diphosphokinase/guanosine-3',5'-bis pyrophosphate 3'-pyrophosphohydrolase [Aestuariibacter sp. A3R04]
spoT	WP_032094694	K662I	662	660	K	I	K	K	61.341	100.0	702	703	698	900.0	MULTISPECIES: bifunctional GTP diphosphokinase/guanosine-3',5'-bis pyrophosphate 3'-pyrophosphohydrolase [unclassified Alteromonas]
spoT	WP_349377673	K662I	662	660	K	I	K	K	61.341	100.0	702	703	698	900.0	bifunctional GTP diphosphokinase/guanosine-3',5'-bis pyrophosphate 3'-pyrophosphohydrolase [Alteromonas sp.]
spoT	WP_216030918	K662I	662	659	K	I	K	K	61.056	100.0	702	702	697	899.0	bifunctional GTP diphosphokinase/guanosine-3',5'-bis pyrophosphate 3'-pyrophosphohydrolase [Alteromonas sp. C1M14]
spoT	WP_296609521	K662I	662	668	K	I	K	K	59.803	100.0	702	712	707	899.0	bifunctional GTP diphosphokinase/guanosine-3',5'-bis pyrophosphate 3'-pyrophosphohydrolase [Ruminobacter sp.]
spoT	WP_130637077	K662I	662	659	K	I	K	K	61.341	100.0	702	702	697	899.0	bifunctional GTP diphosphokinase/guanosine-3',5'-bis pyrophosphate 3'-pyrophosphohydrolase [Alteromonas sp. KUL49]
spoT	WP_287009490	K662I	662	660	K	I	K	K	61.341	100.0	702	703	698	899.0	bifunctional GTP diphosphokinase/guanosine-3',5'-bis pyrophosphate 3'-pyrophosphohydrolase [Alteromonas sp.]
spoT	WP_169210438	K662I	662	659	K	I	K	K	61.484	100.0	702	702	697	899.0	bifunctional GTP diphosphokinase/guanosine-3',5'-bis pyrophosphate 3'-pyrophosphohydrolase [Alteromonas ponticola]
spoT	WP_215931122	K662I	662	660	K	I	K	K	60.826	100.0	702	704	698	899.0	bifunctional GTP diphosphokinase/guanosine-3',5'-bis pyrophosphate 3'-pyrophosphohydrolase [Paraglaciecola arctica]
spoT	WP_421133156	K662I	662	659	K	I	K	K	61.198	100.0	702	702	697	899.0	bifunctional GTP diphosphokinase/guanosine-3',5'-bis pyrophosphate 3'-pyrophosphohydrolase [Alteromonas algae]
spoT	WP_475261098	K662I	662	663	K	I	K	K	60.826	100.0	702	708	701	898.0	N/A
spoT	WP_294494266	K662I	662	668	K	I	K	K	59.661	100.0	702	712	707	898.0	bifunctional GTP diphosphokinase/guanosine-3',5'-bis pyrophosphate 3'-pyrophosphohydrolase [Ruminobacter sp.]
spoT	WP_487134590	K662I	662	659	K	I	K	K	61.056	100.0	702	702	697	898.0	N/A
spoT	WP_334030425	K662I	662	660	K	I	K	K	61.341	100.0	702	703	698	897.0	bifunctional GTP diphosphokinase/guanosine-3',5'-bis pyrophosphate 3'-pyrophosphohydrolase [Alteromonas sp. P256]
spoT	WP_474819330	K662I	662	661	K	I	K	K	61.309	100.0	702	704	699	896.0	N/A
spoT	WP_105051639	K662I	662	658	K	I	K	K	61.857	100.0	702	696	695	896.0	bifunctional GTP diphosphokinase/guanosine-3',5'-bis pyrophosphate 3'-pyrophosphohydrolase [Psychrosphaera saromensis]
spoT	WP_299265116	K662I	662	658	K	I	K	K	61.857	100.0	702	696	695	896.0	bifunctional GTP diphosphokinase/guanosine-3',5'-bis pyrophosphate 3'-pyrophosphohydrolase [uncultured Psychrosphaera sp.]
spoT	WP_338294495	K662I	662	663	K	I	K	K	60.826	100.0	702	708	701	896.0	bifunctional GTP diphosphokinase/guanosine-3',5'-bis pyrophosphate 3'-pyrophosphohydrolase [Planctobacterium marinum]
spoT	WP_348350501	K662I	662	660	K	I	K	K	60.399	100.0	702	704	698	895.0	bifunctional GTP diphosphokinase/guanosine-3',5'-bis pyrophosphate 3'-pyrophosphohydrolase [Paraglaciecola sp.]
spoT	WP_007637917	K662I	662	660	K	I	K	K	60.399	100.0	702	704	698	895.0	bifunctional GTP diphosphokinase/guanosine-3',5'-bis pyrophosphate 3'-pyrophosphohydrolase [Paraglaciecola psychrophila]
spoT	WP_017443866	K662I	662	650	K	I	K	K	63.242	98.0	702	702	689	895.0	bifunctional GTP diphosphokinase/guanosine-3',5'-bis pyrophosphate 3'-pyrophosphohydrolase [Gayadomonas joobiniege]
spoT	WP_339719656	K662I	662	660	K	I	K	K	60.399	100.0	702	704	698	894.0	bifunctional GTP diphosphokinase/guanosine-3',5'-bis pyrophosphate 3'-pyrophosphohydrolase [uncultured Paraglaciecola sp.]
spoT	WP_293746622	K662I	662	660	K	I	K	K	60.541	100.0	702	704	698	892.0	bifunctional GTP diphosphokinase/guanosine-3',5'-bis pyrophosphate 3'-pyrophosphohydrolase [uncultured Paraglaciecola sp.]
spoT	WP_348172031	K662I	662	659	K	I	K	K	60.684	100.0	702	710	697	892.0	bifunctional GTP diphosphokinase/guanosine-3',5'-bis pyrophosphate 3'-pyrophosphohydrolase [Paraglaciecola sp.]
spoT	WP_299075050	K662I	662	660	K	I	K	K	59.687	100.0	702	704	698	891.0	bifunctional GTP diphosphokinase/guanosine-3',5'-bis pyrophosphate 3'-pyrophosphohydrolase [uncultured Paraglaciecola sp.]
spoT	WP_101198922	K662I	662	660	K	I	K	K	60.256	100.0	702	704	698	890.0	bifunctional GTP diphosphokinase/guanosine-3',5'-bis pyrophosphate 3'-pyrophosphohydrolase [Paraglaciecola sp. MB-3u-78]
spoT	WP_293757288	K662I	662	660	K	I	K	K	59.687	100.0	702	704	698	889.0	bifunctional GTP diphosphokinase/guanosine-3',5'-bis pyrophosphate 3'-pyrophosphohydrolase [uncultured Paraglaciecola sp.]
spoT	WP_348379555	K662I	662	659	K	I	K	K	60.399	100.0	702	710	697	889.0	bifunctional GTP diphosphokinase/guanosine-3',5'-bis pyrophosphate 3'-pyrophosphohydrolase [Paraglaciecola sp.]
spoT	WP_159628549	K662I	662	666	K	I	K	K	61.418	100.0	702	704	703	887.0	bifunctional GTP diphosphokinase/guanosine-3',5'-bis pyrophosphate 3'-pyrophosphohydrolase [Mannheimia pernigra]
spoT	WP_297817875	K662I	662	660	K	I	K	K	59.544	100.0	702	704	698	884.0	bifunctional GTP diphosphokinase/guanosine-3',5'-bis pyrophosphate 3'-pyrophosphohydrolase [uncultured Paraglaciecola sp.]
spoT	WP_427397836	K662I	662	659	K	I	K	K	61.341	100.0	702	718	697	881.0	MULTISPECIES: bifunctional GTP diphosphokinase/guanosine-3',5'-bis pyrophosphate 3'-pyrophosphohydrolase [Alteromonadaceae]
spoT	WP_254856349	K662I	662	661	K	I	K	K	59.714	100.0	702	706	698	879.0	MULTISPECIES: bifunctional GTP diphosphokinase/guanosine-3',5'-bis pyrophosphate 3'-pyrophosphohydrolase [Alteromonadaceae]
spoT	WP_010179223	K662I	662	660	K	I	K	K	60.2	100.0	702	704	698	879.0	bifunctional GTP diphosphokinase/guanosine-3',5'-bis pyrophosphate 3'-pyrophosphohydrolase [Glaciecola sp. HTCC2999]
spoT	WP_254100194	K662I	662	662	K	I	K	K	60.2	100.0	702	706	700	868.0	bifunctional GTP diphosphokinase/guanosine-3',5'-bis pyrophosphate 3'-pyrophosphohydrolase [Opacimonas viscosa]
spoT	WP_475576314	K662I	662	608	K	I	K	K	63.385	92.0	702	649	647	867.0	N/A
spoT	WP_294564458	K662I	662	662	K	I	K	K	59.123	100.0	702	701	701	855.0	bifunctional GTP diphosphokinase/guanosine-3',5'-bis pyrophosphate 3'-pyrophosphohydrolase [Succinatimonas hippei]
spoT	WP_113746693	K662I	662	658	K	I	K	K	57.55	99.0	702	734	697	853.0	bifunctional GTP diphosphokinase/guanosine-3',5'-bis pyrophosphate 3'-pyrophosphohydrolase [Anaerobiospirillum thomasii]
spoT	WP_113743379	K662I	662	658	K	I	K	K	57.407	99.0	702	734	697	850.0	bifunctional GTP diphosphokinase/guanosine-3',5'-bis pyrophosphate 3'-pyrophosphohydrolase [Anaerobiospirillum thomasii]
spoT	WP_481556860	K662I	662	662	K	I	K	K	58.582	100.0	702	735	701	848.0	N/A
spoT	WP_009142919	K662I	662	662	K	I	K	K	58.582	100.0	702	735	701	848.0	bifunctional GTP diphosphokinase/guanosine-3',5'-bis pyrophosphate 3'-pyrophosphohydrolase [Succinatimonas hippei]
spoT	WP_281757908	K662I	662	662	K	I	K	K	58.582	100.0	702	735	701	847.0	bifunctional GTP diphosphokinase/guanosine-3',5'-bis pyrophosphate 3'-pyrophosphohydrolase [Succinatimonas hippei]
spoT	WP_286035861	K662I	662	662	K	I	K	K	58.44	100.0	702	735	701	846.0	bifunctional GTP diphosphokinase/guanosine-3',5'-bis pyrophosphate 3'-pyrophosphohydrolase [Succinatimonas hippei]
spoT	WP_462510088	K662I	662	662	K	I	K	K	58.44	100.0	702	735	701	846.0	N/A
spoT	WP_246976331	K662I	662	658	K	I	K	K	56.879	100.0	702	702	697	831.0	MULTISPECIES: bifunctional GTP diphosphokinase/guanosine-3',5'-bis pyrophosphate 3'-pyrophosphohydrolase [unclassified Anaerobiospirillum]
spoT	WP_273326437	K662I	662	658	K	I	K	K	56.879	100.0	702	842	697	829.0	bifunctional GTP diphosphokinase/guanosine-3',5'-bis pyrophosphate 3'-pyrophosphohydrolase [Anaerobiospirillum succiniciproducens]
spoT	WP_320599401	K662I	662	658	K	I	K	K	56.879	100.0	702	842	697	829.0	bifunctional GTP diphosphokinase/guanosine-3',5'-bis pyrophosphate 3'-pyrophosphohydrolase [Anaerobiospirillum succiniciproducens]
spoT	WP_245580445	K662I	662	658	K	I	K	K	56.879	100.0	702	842	697	828.0	bifunctional GTP diphosphokinase/guanosine-3',5'-bis pyrophosphate 3'-pyrophosphohydrolase [Anaerobiospirillum succiniciproducens]
spoT	WP_281710214	K662I	662	658	K	I	K	K	56.879	100.0	702	842	697	828.0	bifunctional GTP diphosphokinase/guanosine-3',5'-bis pyrophosphate 3'-pyrophosphohydrolase [Anaerobiospirillum succiniciproducens]
spoT	WP_317383191	K662I	662	658	K	I	K	K	56.879	100.0	702	842	697	828.0	bifunctional GTP diphosphokinase/guanosine-3',5'-bis pyrophosphate 3'-pyrophosphohydrolase [Anaerobiospirillum succiniciproducens]
spoT	WP_273049346	K662I	662	576	K	I	K	K	62.825	88.0	702	615	615	822.0	bifunctional GTP diphosphokinase/guanosine-3',5'-bis pyrophosphate 3'-pyrophosphohydrolase, partial [Pseudoalteromonas sp.]
spoT	WP_246913031	K662I	662	658	K	I	K	K	56.738	100.0	702	805	697	818.0	bifunctional GTP diphosphokinase/guanosine-3',5'-bis pyrophosphate 3'-pyrophosphohydrolase [Anaerobiospirillum sp. NML120448]
spoT	WP_454465927	K662I	662	665	K	I	K	K	54.816	100.0	702	704	704	810.0	MULTISPECIES: bifunctional GTP diphosphokinase/guanosine-3',5'-bis pyrophosphate 3'-pyrophosphohydrolase [unclassified Aliikangiella]
spoT	WP_109676173	K662I	662	659	K	I	K	K	55.651	99.0	702	722	699	809.0	bifunctional GTP diphosphokinase/guanosine-3',5'-bis pyrophosphate 3'-pyrophosphohydrolase [Sediminicurvatus halobius]
spoT	WP_142942452	K662I	662	665	K	I	K	K	53.857	100.0	702	704	704	806.0	bifunctional GTP diphosphokinase/guanosine-3',5'-bis pyrophosphate 3'-pyrophosphohydrolase [Aliikangiella marina]
spoT	WP_196140058	K662I	662	664	K	I	K	K	54.584	100.0	702	703	703	806.0	bifunctional GTP diphosphokinase/guanosine-3',5'-bis pyrophosphate 3'-pyrophosphohydrolase [Aliikangiella sp. G2MR2-5]
spoT	WP_406030489	K662I	662	656	K	I	K	K	54.623	100.0	702	709	695	806.0	bifunctional GTP diphosphokinase/guanosine-3',5'-bis pyrophosphate 3'-pyrophosphohydrolase [Succinivibrio sp.]
spoT	WP_219937186	K662I	662	656	K	I	K	K	54.481	100.0	702	709	695	804.0	MULTISPECIES: bifunctional GTP diphosphokinase/guanosine-3',5'-bis pyrophosphate 3'-pyrophosphohydrolase [Succinivibrio]
spoT	WP_138118149	K662I	662	579	K	I	K	K	61.353	88.0	702	622	617	798.0	bifunctional GTP diphosphokinase/guanosine-3',5'-bis pyrophosphate 3'-pyrophosphohydrolase, partial [Alteromonas stellipolaris]
spoT	WP_290588096	K662I	662	652	K	I	K	K	55.491	98.0	702	704	692	798.0	MULTISPECIES: bifunctional GTP diphosphokinase/guanosine-3',5'-bis pyrophosphate 3'-pyrophosphohydrolase [unclassified Ketobacter]
spoT	WP_101894171	K662I	662	652	K	I	K	K	55.058	98.0	702	704	692	797.0	bifunctional GTP diphosphokinase/guanosine-3',5'-bis pyrophosphate 3'-pyrophosphohydrolase [Ketobacter alkanivorans]
spoT	WP_211827426	K662I	662	666	K	I	K	K	53.966	100.0	702	707	705	796.0	bifunctional GTP diphosphokinase/guanosine-3',5'-bis pyrophosphate 3'-pyrophosphohydrolase [Kistimonas asteriae]
spoT	WP_018718677	K662I	662	659	K	I	K	K	54.649	99.0	702	722	699	795.0	MULTISPECIES: bifunctional GTP diphosphokinase/guanosine-3',5'-bis pyrophosphate 3'-pyrophosphohydrolase [Arhodomonas]
spoT	WP_259202317	K662I	662	659	K	I	K	K	54.649	99.0	702	723	699	795.0	bifunctional GTP diphosphokinase/guanosine-3',5'-bis pyrophosphate 3'-pyrophosphohydrolase [Arhodomonas aquaeolei]
spoT	WP_083425424	K662I	662	655	K	I	K	K	54.558	99.0	702	722	694	795.0	bifunctional GTP diphosphokinase/guanosine-3',5'-bis pyrophosphate 3'-pyrophosphohydrolase [Succinivibrio dextrinosolvens]
spoT	WP_345197799	K662I	662	666	K	I	K	K	53.683	100.0	702	707	705	795.0	bifunctional GTP diphosphokinase/guanosine-3',5'-bis pyrophosphate 3'-pyrophosphohydrolase [Kistimonas scapharcae]
spoT	WP_083396838	K662I	662	655	K	I	K	K	54.274	99.0	702	722	694	795.0	bifunctional GTP diphosphokinase/guanosine-3',5'-bis pyrophosphate 3'-pyrophosphohydrolase [Succinivibrio dextrinosolvens]
spoT	WP_435102980	K662I	662	659	K	I	K	K	54.363	99.0	702	723	699	794.0	bifunctional GTP diphosphokinase/guanosine-3',5'-bis pyrophosphate 3'-pyrophosphohydrolase [Arhodomonas sp. AD133]
spoT	WP_440996401	K662I	662	655	K	I	K	K	55.014	99.0	702	722	695	794.0	bifunctional GTP diphosphokinase/guanosine-3',5'-bis pyrophosphate 3'-pyrophosphohydrolase [Arhodomonas sp. SL1]
spoT	WP_295001155	K662I	662	655	K	I	K	K	54.274	99.0	702	722	694	794.0	bifunctional GTP diphosphokinase/guanosine-3',5'-bis pyrophosphate 3'-pyrophosphohydrolase [Succinivibrio sp.]
spoT	WP_406018301	K662I	662	655	K	I	K	K	54.274	99.0	702	722	694	793.0	bifunctional GTP diphosphokinase/guanosine-3',5'-bis pyrophosphate 3'-pyrophosphohydrolase [Succinivibrio sp.]
spoT	WP_078927824	K662I	662	655	K	I	K	K	54.131	99.0	702	722	694	792.0	bifunctional GTP diphosphokinase/guanosine-3',5'-bis pyrophosphate 3'-pyrophosphohydrolase [Succinivibrio dextrinosolvens]
spoT	WP_295351557	K662I	662	655	K	I	K	K	54.274	99.0	702	722	694	792.0	bifunctional GTP diphosphokinase/guanosine-3',5'-bis pyrophosphate 3'-pyrophosphohydrolase [uncultured Succinivibrio sp.]
spoT	WP_295362901	K662I	662	655	K	I	K	K	54.416	99.0	702	722	694	792.0	bifunctional GTP diphosphokinase/guanosine-3',5'-bis pyrophosphate 3'-pyrophosphohydrolase [uncultured Succinivibrio sp.]
spoT	WP_101497127	K662I	662	662	K	I	K	K	54.558	100.0	702	702	701	792.0	bifunctional GTP diphosphokinase/guanosine-3',5'-bis pyrophosphate 3'-pyrophosphohydrolase [Thiopseudomonas denitrificans]
spoT	WP_081826006	K662I	662	655	K	I	K	K	53.989	99.0	702	722	694	791.0	bifunctional GTP diphosphokinase/guanosine-3',5'-bis pyrophosphate 3'-pyrophosphohydrolase [Succinivibrio dextrinosolvens]
spoT	WP_487152635	K662I	662	666	K	I	K	K	53.966	100.0	702	707	705	791.0	N/A
spoT	WP_263081367	K662I	662	658	K	I	K	K	53.659	98.0	702	709	697	790.0	bifunctional GTP diphosphokinase/guanosine-3',5'-bis pyrophosphate 3'-pyrophosphohydrolase [Endozoicomonas sp. Mp262]
spoT	WP_484181292	K662I	662	666	K	I	K	K	51.847	100.0	702	704	704	789.0	N/A
spoT	WP_461430363	K662I	662	664	K	I	K	K	53.748	100.0	702	704	704	789.0	N/A
spoT	WP_156870790	K662I	662	664	K	I	K	K	53.748	100.0	702	704	704	789.0	bifunctional GTP diphosphokinase/guanosine-3',5'-bis pyrophosphate 3'-pyrophosphohydrolase [Ketobacter nezhaii]
spoT	WP_290580247	K662I	662	653	K	I	K	K	54.401	98.0	702	705	693	786.0	bifunctional GTP diphosphokinase/guanosine-3',5'-bis pyrophosphate 3'-pyrophosphohydrolase [Ketobacter sp.]
spoT	WP_367967301	K662I	662	659	K	I	K	K	54.22	99.0	702	722	699	785.0	bifunctional GTP diphosphokinase/guanosine-3',5'-bis pyrophosphate 3'-pyrophosphohydrolase [Spiribacter onubensis]
spoT	WP_020413964	K662I	662	667	K	I	K	K	53.267	100.0	702	705	704	783.0	MULTISPECIES: bifunctional GTP diphosphokinase/guanosine-3',5'-bis pyrophosphate 3'-pyrophosphohydrolase [Microbulbifer]
spoT	WP_299585146	K662I	662	667	K	I	K	K	53.551	100.0	702	705	704	783.0	bifunctional GTP diphosphokinase/guanosine-3',5'-bis pyrophosphate 3'-pyrophosphohydrolase [Microbulbifer echini]
spoT	WP_438630746	K662I	662	667	K	I	K	K	53.267	100.0	702	705	704	783.0	bifunctional GTP diphosphokinase/guanosine-3',5'-bis pyrophosphate 3'-pyrophosphohydrolase [Microbulbifer sp.]
spoT	WP_475110471	K662I	662	667	K	I	K	K	53.551	100.0	702	705	704	783.0	N/A
spoT	WP_371838003	K662I	662	667	K	I	K	K	53.125	100.0	702	705	704	782.0	bifunctional GTP diphosphokinase/guanosine-3',5'-bis pyrophosphate 3'-pyrophosphohydrolase [Microbulbifer epialgicus]
spoT	WP_346838193	K662I	662	667	K	I	K	K	53.693	100.0	702	705	704	781.0	bifunctional GTP diphosphokinase/guanosine-3',5'-bis pyrophosphate 3'-pyrophosphohydrolase [Microbulbifer sp. SAOS-129_SWC]
spoT	WP_183460207	K662I	662	667	K	I	K	K	53.409	100.0	702	705	704	781.0	bifunctional GTP diphosphokinase/guanosine-3',5'-bis pyrophosphate 3'-pyrophosphohydrolase [Microbulbifer rhizosphaerae]
spoT	WP_069948701	K662I	662	667	K	I	K	K	53.803	100.0	702	706	704	781.0	bifunctional GTP diphosphokinase/guanosine-3',5'-bis pyrophosphate 3'-pyrophosphohydrolase [Microbulbifer aggregans]
spoT	WP_193163221	K662I	662	667	K	I	K	K	53.551	100.0	702	705	704	781.0	bifunctional GTP diphosphokinase/guanosine-3',5'-bis pyrophosphate 3'-pyrophosphohydrolase [Microbulbifer hainanensis]
spoT	WP_252083894	K662I	662	667	K	I	K	K	52.983	100.0	702	705	704	781.0	MULTISPECIES: bifunctional GTP diphosphokinase/guanosine-3',5'-bis pyrophosphate 3'-pyrophosphohydrolase [Microbulbifer]
spoT	WP_130504058	K662I	662	660	K	I	K	K	53.286	99.0	702	723	700	781.0	RelA/SpoT family protein [Spiribacter vilamensis]
spoT	WP_445356456	K662I	662	667	K	I	K	K	52.983	100.0	702	705	704	781.0	MULTISPECIES: bifunctional GTP diphosphokinase/guanosine-3',5'-bis pyrophosphate 3'-pyrophosphohydrolase [unclassified Microbulbifer]
spoT	WP_237067896	K662I	662	667	K	I	K	K	53.803	100.0	702	706	704	781.0	bifunctional GTP diphosphokinase/guanosine-3',5'-bis pyrophosphate 3'-pyrophosphohydrolase [Microbulbifer guangxiensis]
spoT	WP_143730006	K662I	662	667	K	I	K	K	53.09	100.0	702	705	704	780.0	bifunctional GTP diphosphokinase/guanosine-3',5'-bis pyrophosphate 3'-pyrophosphohydrolase [Microbulbifer sp. GL-2]
spoT	WP_367150084	K662I	662	667	K	I	K	K	53.693	100.0	702	705	704	780.0	bifunctional GTP diphosphokinase/guanosine-3',5'-bis pyrophosphate 3'-pyrophosphohydrolase [Microbulbifer discodermiae]
spoT	WP_323846210	K662I	662	667	K	I	K	K	53.267	100.0	702	705	704	780.0	bifunctional GTP diphosphokinase/guanosine-3',5'-bis pyrophosphate 3'-pyrophosphohydrolase [Microbulbifer magnicolonia]
spoT	WP_475086871	K662I	662	667	K	I	K	K	53.267	100.0	702	706	704	780.0	N/A
spoT	WP_444887587	K662I	662	667	K	I	K	K	52.841	100.0	702	705	704	780.0	MULTISPECIES: bifunctional GTP diphosphokinase/guanosine-3',5'-bis pyrophosphate 3'-pyrophosphohydrolase [unclassified Microbulbifer]
spoT	WP_091387899	K662I	662	667	K	I	K	K	53.267	100.0	702	705	704	780.0	bifunctional GTP diphosphokinase/guanosine-3',5'-bis pyrophosphate 3'-pyrophosphohydrolase [Microbulbifer marinus]
spoT	WP_207060823	K662I	662	667	K	I	K	K	52.273	100.0	702	705	704	780.0	bifunctional GTP diphosphokinase/guanosine-3',5'-bis pyrophosphate 3'-pyrophosphohydrolase [Motiliproteus sp. SC1-56]
spoT	WP_368455936	K662I	662	667	K	I	K	K	53.551	100.0	702	705	704	779.0	bifunctional GTP diphosphokinase/guanosine-3',5'-bis pyrophosphate 3'-pyrophosphohydrolase [Microbulbifer sp. TYP-18]
spoT	WP_153719093	K662I	662	660	K	I	K	K	54.0	99.0	702	723	700	778.0	bifunctional GTP diphosphokinase/guanosine-3',5'-bis pyrophosphate 3'-pyrophosphohydrolase [Spiribacter salilacus]
spoT	WP_308375581	K662I	662	667	K	I	K	K	53.125	100.0	702	705	704	778.0	bifunctional GTP diphosphokinase/guanosine-3',5'-bis pyrophosphate 3'-pyrophosphohydrolase [Microbulbifer sp. RZ01]
spoT	WP_250461686	K662I	662	667	K	I	K	K	53.693	100.0	702	705	704	777.0	bifunctional GTP diphosphokinase/guanosine-3',5'-bis pyrophosphate 3'-pyrophosphohydrolase [Microbulbifer litoralis]
spoT	WP_152455884	K662I	662	667	K	I	K	K	52.841	100.0	702	705	704	777.0	bifunctional GTP diphosphokinase/guanosine-3',5'-bis pyrophosphate 3'-pyrophosphohydrolase [Microbulbifer sp. THAF38]
spoT	WP_306042789	K662I	662	667	K	I	K	K	53.125	100.0	702	705	704	777.0	bifunctional GTP diphosphokinase/guanosine-3',5'-bis pyrophosphate 3'-pyrophosphohydrolase [Microbulbifer sp. 2205BS26-8]
spoT	WP_246948894	K662I	662	666	K	I	K	K	53.058	100.0	702	706	703	777.0	bifunctional GTP diphosphokinase/guanosine-3',5'-bis pyrophosphate 3'-pyrophosphohydrolase [Alcanivorax quisquiliarum]
spoT	WP_067083867	K662I	662	667	K	I	K	K	53.551	100.0	702	706	704	776.0	MULTISPECIES: bifunctional GTP diphosphokinase/guanosine-3',5'-bis pyrophosphate 3'-pyrophosphohydrolase [Microbulbifer]
spoT	WP_252464012	K662I	662	667	K	I	K	K	52.983	100.0	702	705	704	776.0	bifunctional GTP diphosphokinase/guanosine-3',5'-bis pyrophosphate 3'-pyrophosphohydrolase [Microbulbifer okhotskensis]
spoT	WP_237059697	K662I	662	667	K	I	K	K	53.267	100.0	702	706	704	776.0	bifunctional GTP diphosphokinase/guanosine-3',5'-bis pyrophosphate 3'-pyrophosphohydrolase [Microbulbifer sediminum]
spoT	WP_475109928	K662I	662	667	K	I	K	K	52.557	100.0	702	705	704	776.0	N/A
spoT	WP_226644103	K662I	662	667	K	I	K	K	52.699	100.0	702	705	704	776.0	bifunctional GTP diphosphokinase/guanosine-3',5'-bis pyrophosphate 3'-pyrophosphohydrolase [Microbulbifer variabilis]
spoT	WP_232940234	K662I	662	667	K	I	K	K	53.267	100.0	702	706	704	776.0	MULTISPECIES: bifunctional GTP diphosphokinase/guanosine-3',5'-bis pyrophosphate 3'-pyrophosphohydrolase [Microbulbifer]
spoT	WP_210397236	K662I	662	668	K	I	K	K	51.915	100.0	702	706	705	776.0	bifunctional GTP diphosphokinase/guanosine-3',5'-bis pyrophosphate 3'-pyrophosphohydrolase [Motiliproteus sediminis]
spoT	WP_444920512	K662I	662	667	K	I	K	K	52.557	100.0	702	705	704	776.0	bifunctional GTP diphosphokinase/guanosine-3',5'-bis pyrophosphate 3'-pyrophosphohydrolase [Microbulbifer sp. CnH-101-G]
spoT	WP_073273894	K662I	662	667	K	I	K	K	52.841	100.0	702	705	704	775.0	bifunctional GTP diphosphokinase/guanosine-3',5'-bis pyrophosphate 3'-pyrophosphohydrolase [Microbulbifer donghaiensis]
spoT	WP_484189852	K662I	662	670	K	I	K	K	50.706	100.0	702	708	708	775.0	N/A
spoT	WP_159556235	K662I	662	665	K	I	K	K	52.849	100.0	702	705	702	775.0	bifunctional GTP diphosphokinase/guanosine-3',5'-bis pyrophosphate 3'-pyrophosphohydrolase [Alcanivorax sp. S71-1-4]
spoT	WP_193190723	K662I	662	667	K	I	K	K	53.125	100.0	702	705	704	775.0	bifunctional GTP diphosphokinase/guanosine-3',5'-bis pyrophosphate 3'-pyrophosphohydrolase [Microbulbifer taiwanensis]
spoT	WP_367959462	K662I	662	659	K	I	K	K	54.22	99.0	702	722	699	775.0	bifunctional GTP diphosphokinase/guanosine-3',5'-bis pyrophosphate 3'-pyrophosphohydrolase [Spiribacter pallidus]
spoT	WP_445362844	K662I	662	667	K	I	K	K	52.983	100.0	702	705	704	775.0	bifunctional GTP diphosphokinase/guanosine-3',5'-bis pyrophosphate 3'-pyrophosphohydrolase [Microbulbifer sp. ANSA003]
spoT	WP_108735036	K662I	662	667	K	I	K	K	52.983	100.0	702	705	704	775.0	bifunctional GTP diphosphokinase/guanosine-3',5'-bis pyrophosphate 3'-pyrophosphohydrolase [Microbulbifer sp. A4B17]
spoT	WP_413393914	K662I	662	667	K	I	K	K	53.125	100.0	702	705	704	775.0	bifunctional GTP diphosphokinase/guanosine-3',5'-bis pyrophosphate 3'-pyrophosphohydrolase [Microbulbifer jejuensis]
spoT	WP_005000550	K662I	662	663	K	I	K	K	53.058	99.0	702	726	703	774.0	RelA/SpoT family protein [Nitrococcus mobilis]
spoT	WP_091513780	K662I	662	667	K	I	K	K	53.409	100.0	702	706	704	774.0	bifunctional GTP diphosphokinase/guanosine-3',5'-bis pyrophosphate 3'-pyrophosphohydrolase [Microbulbifer yueqingensis]
spoT	WP_301415620	K662I	662	667	K	I	K	K	52.983	100.0	702	705	704	773.0	bifunctional GTP diphosphokinase/guanosine-3',5'-bis pyrophosphate 3'-pyrophosphohydrolase [Microbulbifer spongiae]
spoT	WP_067156912	K662I	662	667	K	I	K	K	52.841	100.0	702	705	704	773.0	bifunctional GTP diphosphokinase/guanosine-3',5'-bis pyrophosphate 3'-pyrophosphohydrolase [Microbulbifer thermotolerans]
spoT	WP_299943205	K662I	662	667	K	I	K	K	52.983	100.0	702	705	704	773.0	bifunctional GTP diphosphokinase/guanosine-3',5'-bis pyrophosphate 3'-pyrophosphohydrolase [uncultured Microbulbifer sp.]
spoT	WP_308364739	K662I	662	662	K	I	K	K	53.125	100.0	702	700	699	773.0	bifunctional GTP diphosphokinase/guanosine-3',5'-bis pyrophosphate 3'-pyrophosphohydrolase [Microbulbifer sp. TB1203]
spoT	WP_476177562	K662I	662	667	K	I	K	K	52.841	100.0	702	705	704	773.0	N/A
spoT	WP_463292923	K662I	662	664	K	I	K	K	52.849	100.0	702	704	701	773.0	N/A
spoT	WP_282930627	K662I	662	667	K	I	K	K	52.841	100.0	702	705	704	773.0	MULTISPECIES: bifunctional GTP diphosphokinase/guanosine-3',5'-bis pyrophosphate 3'-pyrophosphohydrolase [unclassified Microbulbifer]
spoT	WP_484386750	K662I	662	664	K	I	K	K	52.991	100.0	702	704	701	773.0	N/A
spoT	WP_008734291	K662I	662	665	K	I	K	K	52.707	100.0	702	705	702	773.0	bifunctional GTP diphosphokinase/guanosine-3',5'-bis pyrophosphate 3'-pyrophosphohydrolase [Isoalcanivorax pacificus]
spoT	WP_265720444	K662I	662	667	K	I	K	K	53.267	100.0	702	705	704	773.0	bifunctional GTP diphosphokinase/guanosine-3',5'-bis pyrophosphate 3'-pyrophosphohydrolase [Microbulbifer halophilus]
spoT	WP_144114320	K662I	662	656	K	I	K	K	53.143	99.0	702	719	696	772.0	RelA/SpoT family protein [Spiribacter vilamensis]
spoT	WP_345549840	K662I	662	667	K	I	K	K	53.409	100.0	702	706	704	772.0	bifunctional GTP diphosphokinase/guanosine-3',5'-bis pyrophosphate 3'-pyrophosphohydrolase [Microbulbifer aestuariivivens]
spoT	WP_367983929	K662I	662	659	K	I	K	K	53.638	99.0	702	722	699	772.0	bifunctional GTP diphosphokinase/guanosine-3',5'-bis pyrophosphate 3'-pyrophosphohydrolase [Spiribacter insolitus]
spoT	WP_285762617	K662I	662	667	K	I	K	K	53.475	100.0	702	705	704	772.0	bifunctional GTP diphosphokinase/guanosine-3',5'-bis pyrophosphate 3'-pyrophosphohydrolase [Biformimicrobium ophioploci]
spoT	WP_350037983	K662I	662	666	K	I	K	K	52.691	100.0	702	706	706	771.0	bifunctional GTP diphosphokinase/guanosine-3',5'-bis pyrophosphate 3'-pyrophosphohydrolase [Pseudohaliea sp.]
spoT	WP_444918602	K662I	662	667	K	I	K	K	52.699	100.0	702	705	704	771.0	bifunctional GTP diphosphokinase/guanosine-3',5'-bis pyrophosphate 3'-pyrophosphohydrolase [Microbulbifer sp. JMSA003]
spoT	WP_116300488	K662I	662	659	K	I	K	K	53.485	99.0	702	722	699	771.0	bifunctional GTP diphosphokinase/guanosine-3',5'-bis pyrophosphate 3'-pyrophosphohydrolase [Alkalilimnicola ehrlichii]
spoT	WP_025264507	K662I	662	664	K	I	K	K	52.991	100.0	702	704	701	771.0	bifunctional GTP diphosphokinase/guanosine-3',5'-bis pyrophosphate 3'-pyrophosphohydrolase [Thalassolituus oleivorans]
spoT	WP_459428764	K662I	662	666	K	I	K	K	52.975	100.0	702	706	706	771.0	bifunctional GTP diphosphokinase/guanosine-3',5'-bis pyrophosphate 3'-pyrophosphohydrolase [Pseudohaliea sp.]
spoT	WP_068999779	K662I	662	667	K	I	K	K	51.983	100.0	702	706	704	771.0	bifunctional GTP diphosphokinase/guanosine-3',5'-bis pyrophosphate 3'-pyrophosphohydrolase [Terasakiispira papahanaumokuakeensis]
spoT	WP_288131939	K662I	662	667	K	I	K	K	52.983	100.0	702	705	704	771.0	bifunctional GTP diphosphokinase/guanosine-3',5'-bis pyrophosphate 3'-pyrophosphohydrolase [Microbulbifer sp.]
spoT	WP_052094663	K662I	662	665	K	I	K	K	52.34	100.0	702	716	705	771.0	bifunctional GTP diphosphokinase/guanosine-3',5'-bis pyrophosphate 3'-pyrophosphohydrolase [Pseudohaliea rubra]
spoT	WP_350146626	K662I	662	665	K	I	K	K	52.482	100.0	702	718	705	771.0	bifunctional GTP diphosphokinase/guanosine-3',5'-bis pyrophosphate 3'-pyrophosphohydrolase [Haliea sp.]
spoT	WP_194864429	K662I	662	662	K	I	K	K	52.504	99.0	702	707	699	770.0	bifunctional GTP diphosphokinase/guanosine-3',5'-bis pyrophosphate 3'-pyrophosphohydrolase [Alloalcanivorax profundimaris]
spoT	WP_276678169	K662I	662	664	K	I	K	K	52.991	100.0	702	704	701	770.0	MULTISPECIES: bifunctional GTP diphosphokinase/guanosine-3',5'-bis pyrophosphate 3'-pyrophosphohydrolase [Thalassolituus]
spoT	WP_320819828	K662I	662	664	K	I	K	K	52.991	100.0	702	704	701	770.0	bifunctional GTP diphosphokinase/guanosine-3',5'-bis pyrophosphate 3'-pyrophosphohydrolase [Thalassolituus sp.]
spoT	WP_444929056	K662I	662	667	K	I	K	K	52.841	100.0	702	705	704	770.0	MULTISPECIES: bifunctional GTP diphosphokinase/guanosine-3',5'-bis pyrophosphate 3'-pyrophosphohydrolase [unclassified Microbulbifer]
spoT	WP_194298194	K662I	662	662	K	I	K	K	52.504	99.0	702	707	699	770.0	bifunctional GTP diphosphokinase/guanosine-3',5'-bis pyrophosphate 3'-pyrophosphohydrolase [Alloalcanivorax profundimaris]
spoT	WP_203105439	K662I	662	661	K	I	K	K	52.436	99.0	702	706	698	769.0	MULTISPECIES: bifunctional GTP diphosphokinase/guanosine-3',5'-bis pyrophosphate 3'-pyrophosphohydrolase [Alloalcanivorax]
spoT	WP_089034006	K662I	662	659	K	I	K	K	52.299	99.0	702	704	696	769.0	bifunctional GTP diphosphokinase/guanosine-3',5'-bis pyrophosphate 3'-pyrophosphohydrolase [Alloalcanivorax mobilis]
spoT	WP_105192485	K662I	662	664	K	I	K	K	53.134	99.0	702	708	701	769.0	bifunctional GTP diphosphokinase/guanosine-3',5'-bis pyrophosphate 3'-pyrophosphohydrolase [Amnimonas aquatica]
spoT	WP_304844800	K662I	662	657	K	I	K	K	53.134	99.0	702	701	696	769.0	bifunctional GTP diphosphokinase/guanosine-3',5'-bis pyrophosphate 3'-pyrophosphohydrolase [Fluviicoccus sp.]
spoT	WP_462293922	K662I	662	665	K	I	K	K	52.482	100.0	702	718	705	769.0	N/A
spoT	WP_230437043	K662I	662	667	K	I	K	K	52.841	100.0	702	705	704	769.0	bifunctional GTP diphosphokinase/guanosine-3',5'-bis pyrophosphate 3'-pyrophosphohydrolase [Microbulbifer celer]
spoT	WP_304703553	K662I	662	665	K	I	K	K	52.624	100.0	702	718	705	768.0	bifunctional GTP diphosphokinase/guanosine-3',5'-bis pyrophosphate 3'-pyrophosphohydrolase [Haliea sp. E1-2-M8]
spoT	WP_222519444	K662I	662	659	K	I	K	K	52.933	99.0	702	722	699	768.0	RelA/SpoT family protein [Spiribacter salinus]
spoT	WP_015485368	K662I	662	664	K	I	K	K	52.849	100.0	702	704	701	768.0	bifunctional GTP diphosphokinase/guanosine-3',5'-bis pyrophosphate 3'-pyrophosphohydrolase [Thalassolituus oleivorans]
spoT	WP_483059198	K662I	662	662	K	I	K	K	52.361	99.0	702	707	699	768.0	N/A
spoT	WP_483459230	K662I	662	664	K	I	K	K	52.057	100.0	702	717	704	768.0	N/A
spoT	WP_111657745	K662I	662	670	K	I	K	K	52.617	100.0	702	710	707	768.0	bifunctional GTP diphosphokinase/guanosine-3',5'-bis pyrophosphate 3'-pyrophosphohydrolase [Isoalcanivorax indicus]
spoT	WP_020682395	K662I	662	669	K	I	K	K	51.909	100.0	702	707	707	767.0	bifunctional GTP diphosphokinase/guanosine-3',5'-bis pyrophosphate 3'-pyrophosphohydrolase [Marinobacterium rhizophilum]
spoT	WP_051230216	K662I	662	664	K	I	K	K	51.915	100.0	702	717	704	767.0	bifunctional GTP diphosphokinase/guanosine-3',5'-bis pyrophosphate 3'-pyrophosphohydrolase [Haliea salexigens]
spoT	WP_117319256	K662I	662	664	K	I	K	K	53.333	100.0	702	704	704	767.0	bifunctional GTP diphosphokinase/guanosine-3',5'-bis pyrophosphate 3'-pyrophosphohydrolase [Chromatocurvus halotolerans]
spoT	WP_182173145	K662I	662	664	K	I	K	K	52.482	100.0	702	704	704	766.0	bifunctional GTP diphosphokinase/guanosine-3',5'-bis pyrophosphate 3'-pyrophosphohydrolase [Sediminihaliea albiluteola]
spoT	WP_107864056	K662I	662	658	K	I	K	K	53.143	99.0	702	702	697	765.0	bifunctional GTP diphosphokinase/guanosine-3',5'-bis pyrophosphate 3'-pyrophosphohydrolase [Agitococcus lubricus]
spoT	WP_130410854	K662I	662	653	K	I	K	K	53.295	99.0	702	702	692	765.0	bifunctional GTP diphosphokinase/guanosine-3',5'-bis pyrophosphate 3'-pyrophosphohydrolase [Fluviicoccus keumensis]
spoT	WP_016352697	K662I	662	659	K	I	K	K	52.647	99.0	702	722	699	765.0	RelA/SpoT family protein [Spiribacter salinus]
spoT	WP_255875101	K662I	662	667	K	I	K	K	52.535	100.0	702	705	704	765.0	bifunctional GTP diphosphokinase/guanosine-3',5'-bis pyrophosphate 3'-pyrophosphohydrolase [Microbulbifer elongatus]
spoT	WP_116368240	K662I	662	668	K	I	K	K	53.107	100.0	702	708	708	764.0	bifunctional GTP diphosphokinase/guanosine-3',5'-bis pyrophosphate 3'-pyrophosphohydrolase [Parahaliea mediterranea]
spoT	WP_148063788	K662I	662	669	K	I	K	K	52.75	100.0	702	709	709	764.0	bifunctional GTP diphosphokinase/guanosine-3',5'-bis pyrophosphate 3'-pyrophosphohydrolase [Parahaliea aestuarii]
spoT	WP_280318303	K662I	662	667	K	I	K	K	51.972	100.0	702	705	704	764.0	RelA/SpoT family protein [Microbulbifer bruguierae]
spoT	WP_043319926	K662I	662	667	K	I	K	K	52.394	100.0	702	705	704	764.0	MULTISPECIES: bifunctional GTP diphosphokinase/guanosine-3',5'-bis pyrophosphate 3'-pyrophosphohydrolase [unclassified Microbulbifer]
spoT	WP_379909338	K662I	662	669	K	I	K	K	51.627	100.0	702	707	707	764.0	bifunctional GTP diphosphokinase/guanosine-3',5'-bis pyrophosphate 3'-pyrophosphohydrolase [Marinobacterium aestuariivivens]
spoT	WP_028299525	K662I	662	670	K	I	K	K	51.481	100.0	702	710	709	764.0	bifunctional GTP diphosphokinase/guanosine-3',5'-bis pyrophosphate 3'-pyrophosphohydrolase [Oceanospirillum beijerinckii]
spoT	WP_460589891	K662I	662	666	K	I	K	K	52.975	100.0	702	706	705	764.0	N/A
spoT	WP_295802572	K662I	662	667	K	I	K	K	51.989	100.0	702	705	704	764.0	bifunctional GTP diphosphokinase/guanosine-3',5'-bis pyrophosphate 3'-pyrophosphohydrolase [uncultured Microbulbifer sp.]
spoT	WP_475119962	K662I	662	667	K	I	K	K	52.415	100.0	702	705	704	764.0	N/A
spoT	WP_475091239	K662I	662	667	K	I	K	K	52.415	100.0	702	705	704	764.0	N/A
spoT	WP_078082704	K662I	662	667	K	I	K	K	52.254	100.0	702	705	704	763.0	RelA/SpoT family protein [Microbulbifer mangrovi]
spoT	WP_332035641	K662I	662	667	K	I	K	K	52.254	100.0	702	705	704	763.0	bifunctional GTP diphosphokinase/guanosine-3',5'-bis pyrophosphate 3'-pyrophosphohydrolase [Microbulbifer sp.]
spoT	WP_459421663	K662I	662	664	K	I	K	K	51.92	100.0	702	702	701	763.0	bifunctional GTP diphosphokinase/guanosine-3',5'-bis pyrophosphate 3'-pyrophosphohydrolase [Alloalcanivorax xenomutans]
spoT	WP_206560685	K662I	662	665	K	I	K	K	52.908	100.0	702	705	705	763.0	bifunctional GTP diphosphokinase/guanosine-3',5'-bis pyrophosphate 3'-pyrophosphohydrolase [Parahaliea mediterranea]
spoT	WP_022996598	K662I	662	664	K	I	K	K	51.92	100.0	702	702	701	763.0	bifunctional GTP diphosphokinase/guanosine-3',5'-bis pyrophosphate 3'-pyrophosphohydrolase [Alloalcanivorax xenomutans]
spoT	WP_105102515	K662I	662	667	K	I	K	K	52.254	100.0	702	705	704	763.0	bifunctional GTP diphosphokinase/guanosine-3',5'-bis pyrophosphate 3'-pyrophosphohydrolase [Microbulbifer pacificus]
spoT	WP_231759023	K662I	662	667	K	I	K	K	52.394	100.0	702	705	704	763.0	bifunctional GTP diphosphokinase/guanosine-3',5'-bis pyrophosphate 3'-pyrophosphohydrolase [Microbulbifer elongatus]
spoT	WP_138234201	K662I	662	667	K	I	K	K	52.113	100.0	702	705	704	763.0	bifunctional GTP diphosphokinase/guanosine-3',5'-bis pyrophosphate 3'-pyrophosphohydrolase [Microbulbifer harenosus]
spoT	WP_428819569	K662I	662	667	K	I	K	K	52.113	100.0	702	705	704	763.0	RelA/SpoT family protein [Microbulbifer sp. MCCC 1A16149]
spoT	WP_161856935	K662I	662	667	K	I	K	K	51.989	100.0	702	705	704	763.0	RelA/SpoT family protein [Microbulbifer hydrolyticus]
spoT	WP_318952542	K662I	662	667	K	I	K	K	52.254	100.0	702	705	704	763.0	bifunctional GTP diphosphokinase/guanosine-3',5'-bis pyrophosphate 3'-pyrophosphohydrolase [Microbulbifer pacificus]
spoT	WP_222248177	K662I	662	667	K	I	K	K	51.989	100.0	702	705	704	763.0	bifunctional GTP diphosphokinase/guanosine-3',5'-bis pyrophosphate 3'-pyrophosphohydrolase [Microbulbifer agarilyticus]
spoT	WP_255853010	K662I	662	669	K	I	K	K	51.983	100.0	702	707	706	763.0	bifunctional GTP diphosphokinase/guanosine-3',5'-bis pyrophosphate 3'-pyrophosphohydrolase [Marinobacterium rhizophilum]
spoT	WP_254581205	K662I	662	669	K	I	K	K	51.983	100.0	702	707	706	762.0	bifunctional GTP diphosphokinase/guanosine-3',5'-bis pyrophosphate 3'-pyrophosphohydrolase [Marinobacterium sedimentorum]
spoT	WP_166218915	K662I	662	667	K	I	K	K	52.113	100.0	702	705	704	762.0	bifunctional GTP diphosphokinase/guanosine-3',5'-bis pyrophosphate 3'-pyrophosphohydrolase [Microbulbifer sp. SH-1]
spoT	WP_222231001	K662I	662	667	K	I	K	K	51.989	100.0	702	705	704	762.0	bifunctional GTP diphosphokinase/guanosine-3',5'-bis pyrophosphate 3'-pyrophosphohydrolase [Microbulbifer agarilyticus]
spoT	WP_181254875	K662I	662	667	K	I	K	K	52.113	100.0	702	705	704	762.0	RelA/SpoT family protein [Microbulbifer sp. YPW1]
spoT	WP_097059055	K662I	662	664	K	I	K	K	51.778	100.0	702	702	701	762.0	bifunctional GTP diphosphokinase/guanosine-3',5'-bis pyrophosphate 3'-pyrophosphohydrolase [Alloalcanivorax xenomutans]
spoT	WP_262459930	K662I	662	664	K	I	K	K	51.778	100.0	702	702	701	762.0	MULTISPECIES: bifunctional GTP diphosphokinase/guanosine-3',5'-bis pyrophosphate 3'-pyrophosphohydrolase [Alloalcanivorax]
spoT	WP_127695005	K662I	662	666	K	I	K	K	51.351	100.0	702	704	703	762.0	MULTISPECIES: bifunctional GTP diphosphokinase/guanosine-3',5'-bis pyrophosphate 3'-pyrophosphohydrolase [Neptunomonas]
spoT	WP_116027458	K662I	662	664	K	I	K	K	51.778	100.0	702	702	701	761.0	bifunctional GTP diphosphokinase/guanosine-3',5'-bis pyrophosphate 3'-pyrophosphohydrolase [Alloalcanivorax xenomutans]
spoT	WP_169452355	K662I	662	665	K	I	K	K	51.567	99.0	702	706	702	761.0	bifunctional GTP diphosphokinase/guanosine-3',5'-bis pyrophosphate 3'-pyrophosphohydrolase [Marinobacterium sp. LSUCC0821]
spoT	WP_330924552	K662I	662	668	K	I	K	K	50.778	100.0	702	709	707	761.0	bifunctional GTP diphosphokinase/guanosine-3',5'-bis pyrophosphate 3'-pyrophosphohydrolase [Candidatus Sororendozoicomonas aggregata]
spoT	WP_077407792	K662I	662	667	K	I	K	K	51.847	100.0	702	705	704	761.0	RelA/SpoT family protein [Microbulbifer agarilyticus]
spoT	WP_226703408	K662I	662	667	K	I	K	K	51.972	100.0	702	705	704	761.0	RelA/SpoT family protein [Microbulbifer elongatus]
spoT	WP_224868120	K662I	662	667	K	I	K	K	51.847	100.0	702	705	704	761.0	MULTISPECIES: RelA/SpoT family protein [Microbulbifer]
spoT	WP_066056867	K662I	662	661	K	I	K	K	51.926	100.0	702	706	701	760.0	bifunctional GTP diphosphokinase/guanosine-3',5'-bis pyrophosphate 3'-pyrophosphohydrolase [Halioglobus sp. HI00S01]
spoT	WP_144347086	K662I	662	659	K	I	K	K	52.217	99.0	702	722	699	760.0	MULTISPECIES: RelA/SpoT family protein [Spiribacter]
spoT	WP_423938709	K662I	662	664	K	I	K	K	51.636	100.0	702	702	701	760.0	bifunctional GTP diphosphokinase/guanosine-3',5'-bis pyrophosphate 3'-pyrophosphohydrolase [Alloalcanivorax xenomutans]
spoT	WP_418260130	K662I	662	660	K	I	K	K	51.506	99.0	702	707	697	760.0	bifunctional GTP diphosphokinase/guanosine-3',5'-bis pyrophosphate 3'-pyrophosphohydrolase [Haliea sp. E17]
spoT	WP_055100130	K662I	662	664	K	I	K	K	51.636	100.0	702	702	701	760.0	bifunctional GTP diphosphokinase/guanosine-3',5'-bis pyrophosphate 3'-pyrophosphohydrolase [Alloalcanivorax xenomutans]
spoT	WP_084198143	K662I	662	661	K	I	K	K	51.926	100.0	702	706	701	759.0	bifunctional GTP diphosphokinase/guanosine-3',5'-bis pyrophosphate 3'-pyrophosphohydrolase [Halioglobus japonicus]
spoT	WP_418297076	K662I	662	667	K	I	K	K	51.847	100.0	702	705	704	759.0	RelA/SpoT family protein [Microbulbifer weihaiensis]
spoT	WP_299593964	K662I	662	667	K	I	K	K	51.549	100.0	702	705	704	759.0	RelA/SpoT family protein [uncultured Microbulbifer sp.]
spoT	WP_067386542	K662I	662	669	K	I	K	K	51.558	100.0	702	707	706	759.0	bifunctional GTP diphosphokinase/guanosine-3',5'-bis pyrophosphate 3'-pyrophosphohydrolase [Marinobacterium aestuarii]
spoT	WP_010132104	K662I	662	667	K	I	K	K	51.847	100.0	702	705	704	759.0	RelA/SpoT family protein [Microbulbifer agarilyticus]
spoT	WP_316309204	K662I	662	664	K	I	K	K	51.494	100.0	702	702	701	759.0	bifunctional GTP diphosphokinase/guanosine-3',5'-bis pyrophosphate 3'-pyrophosphohydrolase [Alloalcanivorax xenomutans]
spoT	WP_117956309	K662I	662	660	K	I	K	K	52.068	100.0	702	706	700	759.0	bifunctional GTP diphosphokinase/guanosine-3',5'-bis pyrophosphate 3'-pyrophosphohydrolase [Seongchinamella sediminis]
spoT	WP_226664145	K662I	662	667	K	I	K	K	51.847	100.0	702	705	704	759.0	RelA/SpoT family protein [Microbulbifer aggregans]
spoT	WP_101520160	K662I	662	665	K	I	K	K	52.908	100.0	702	718	705	759.0	bifunctional GTP diphosphokinase/guanosine-3',5'-bis pyrophosphate 3'-pyrophosphohydrolase [Kineobactrum sediminis]
spoT	WP_067297289	K662I	662	669	K	I	K	K	51.275	100.0	702	707	706	759.0	bifunctional GTP diphosphokinase/guanosine-3',5'-bis pyrophosphate 3'-pyrophosphohydrolase [Marinobacterium profundum]
spoT	WP_054340445	K662I	662	664	K	I	K	K	51.709	100.0	702	702	701	759.0	RelA/SpoT family protein [Neptunomonas antarctica]
spoT	WP_460804380	K662I	662	667	K	I	K	K	51.705	100.0	702	705	704	758.0	N/A
spoT	WP_373506761	K662I	662	668	K	I	K	K	53.05	99.0	702	726	705	758.0	RelA/SpoT family protein [Thiocapsa sp.]
spoT	WP_206998475	K662I	662	667	K	I	K	K	52.113	100.0	702	705	704	758.0	RelA/SpoT family protein [Microbulbifer salipaludis]
spoT	WP_188862611	K662I	662	672	K	I	K	K	51.545	100.0	702	710	709	758.0	bifunctional GTP diphosphokinase/guanosine-3',5'-bis pyrophosphate 3'-pyrophosphohydrolase [Marinobacterium nitratireducens]
spoT	WP_076714170	K662I	662	660	K	I	K	K	51.003	99.0	702	704	697	758.0	RelA/SpoT family protein [Motiliproteus sp. MSK22-1]
spoT	WP_178862688	K662I	662	659	K	I	K	K	53.802	98.0	702	713	696	758.0	RelA/SpoT family protein [Thiomicrorhabdus cannonii]
spoT	WP_204431272	K662I	662	660	K	I	K	K	51.433	99.0	702	705	697	758.0	bifunctional GTP diphosphokinase/guanosine-3',5'-bis pyrophosphate 3'-pyrophosphohydrolase [Alloalcanivorax marinus]
spoT	WP_148068130	K662I	662	665	K	I	K	K	53.05	100.0	702	705	705	758.0	bifunctional GTP diphosphokinase/guanosine-3',5'-bis pyrophosphate 3'-pyrophosphohydrolase [Parahaliea maris]
spoT	WP_279252623	K662I	662	660	K	I	K	K	51.926	100.0	702	706	700	758.0	N/A
spoT	WP_159300246	K662I	662	659	K	I	K	K	52.074	99.0	702	722	699	758.0	RelA/SpoT family protein [Spiribacter sp. SSL99]
spoT	WP_160151954	K662I	662	667	K	I	K	K	51.831	100.0	702	705	704	757.0	MULTISPECIES: RelA/SpoT family protein [unclassified Microbulbifer]
spoT	WP_154295548	K662I	662	659	K	I	K	K	53.219	99.0	702	722	699	757.0	bifunctional GTP diphosphokinase/guanosine-3',5'-bis pyrophosphate 3'-pyrophosphohydrolase [Spiribacter sp. 2438]
spoT	WP_133210431	K662I	662	660	K	I	K	K	51.926	100.0	702	706	700	757.0	N/A
spoT	WP_223425454	K662I	662	666	K	I	K	K	51.705	100.0	702	706	703	757.0	bifunctional GTP diphosphokinase/guanosine-3',5'-bis pyrophosphate 3'-pyrophosphohydrolase [Alcanivorax limicola]
spoT	WP_066960001	K662I	662	667	K	I	K	K	52.113	100.0	702	705	704	757.0	RelA/SpoT family protein [Microbulbifer sp. Q7]
spoT	WP_279409366	K662I	662	670	K	I	K	K	52.758	99.0	702	713	707	756.0	RelA/SpoT family protein [Thiomicrorhabdus sp. zzn3]
spoT	WP_323681963	K662I	662	677	K	I	K	K	51.95	100.0	702	743	717	756.0	RelA/SpoT family protein [Lamprobacter sp.]
spoT	WP_318901482	K662I	662	670	K	I	K	K	52.192	99.0	702	713	707	756.0	RelA/SpoT family protein [Thiomicrorhabdus chilensis]
spoT	WP_300521819	K662I	662	665	K	I	K	K	51.69	100.0	702	703	702	756.0	bifunctional GTP diphosphokinase/guanosine-3',5'-bis pyrophosphate 3'-pyrophosphohydrolase [Alcanivorax sp.]
spoT	WP_290511487	K662I	662	665	K	I	K	K	51.69	100.0	702	703	702	756.0	bifunctional GTP diphosphokinase/guanosine-3',5'-bis pyrophosphate 3'-pyrophosphohydrolase [Alcanivorax sp.]
spoT	WP_133493399	K662I	662	664	K	I	K	K	51.351	100.0	702	702	701	756.0	MULTISPECIES: bifunctional GTP diphosphokinase/guanosine-3',5'-bis pyrophosphate 3'-pyrophosphohydrolase [Alcanivorax]
spoT	WP_138988042	K662I	662	665	K	I	K	K	50.997	100.0	702	703	702	756.0	RelA/SpoT family protein [Neptunomonas concharum]
spoT	WP_063519890	K662I	662	665	K	I	K	K	51.408	100.0	702	703	702	756.0	bifunctional GTP diphosphokinase/guanosine-3',5'-bis pyrophosphate 3'-pyrophosphohydrolase [Alcanivorax sp. HI0083]
spoT	WP_008928980	K662I	662	665	K	I	K	K	51.549	100.0	702	703	702	756.0	bifunctional GTP diphosphokinase/guanosine-3',5'-bis pyrophosphate 3'-pyrophosphohydrolase [Alcanivorax hongdengensis]
spoT	WP_297768048	K662I	662	665	K	I	K	K	51.69	100.0	702	703	702	755.0	bifunctional GTP diphosphokinase/guanosine-3',5'-bis pyrophosphate 3'-pyrophosphohydrolase [Alcanivorax sp. IL2]
spoT	WP_483908897	K662I	662	665	K	I	K	K	51.69	100.0	702	703	702	755.0	N/A
spoT	WP_367605857	K662I	662	667	K	I	K	K	50.992	100.0	702	709	706	755.0	bifunctional GTP diphosphokinase/guanosine-3',5'-bis pyrophosphate 3'-pyrophosphohydrolase [Legionella sp. W05-934-2]
spoT	WP_173481729	K662I	662	670	K	I	K	K	50.778	100.0	702	708	707	755.0	MULTISPECIES: bifunctional GTP diphosphokinase/guanosine-3',5'-bis pyrophosphate 3'-pyrophosphohydrolase [unclassified Marinobacterium]
spoT	WP_035249862	K662I	662	665	K	I	K	K	51.69	100.0	702	703	702	754.0	MULTISPECIES: bifunctional GTP diphosphokinase/guanosine-3',5'-bis pyrophosphate 3'-pyrophosphohydrolase [Alcanivorax]
spoT	WP_153974129	K662I	662	669	K	I	K	K	53.116	99.0	702	763	706	754.0	RelA/SpoT family protein [Thermochromatium tepidum]
spoT	WP_417217685	K662I	662	665	K	I	K	K	51.549	100.0	702	703	702	754.0	bifunctional GTP diphosphokinase/guanosine-3',5'-bis pyrophosphate 3'-pyrophosphohydrolase [Alcanivorax sp.]
spoT	WP_063525877	K662I	662	665	K	I	K	K	51.549	100.0	702	703	702	754.0	MULTISPECIES: bifunctional GTP diphosphokinase/guanosine-3',5'-bis pyrophosphate 3'-pyrophosphohydrolase [unclassified Alcanivorax]
spoT	WP_014992534	K662I	662	663	K	I	K	K	51.209	100.0	702	701	700	754.0	bifunctional GTP diphosphokinase/guanosine-3',5'-bis pyrophosphate 3'-pyrophosphohydrolase [Alloalcanivorax dieselolei]
spoT	WP_290536780	K662I	662	665	K	I	K	K	51.549	100.0	702	703	702	754.0	MULTISPECIES: bifunctional GTP diphosphokinase/guanosine-3',5'-bis pyrophosphate 3'-pyrophosphohydrolase [Alcanivorax]
spoT	WP_305450525	K662I	662	665	K	I	K	K	51.758	100.0	702	703	702	754.0	RelA/SpoT family protein [Neptunomonas phycophila]
spoT	WP_062814951	K662I	662	665	K	I	K	K	51.549	100.0	702	703	702	754.0	MULTISPECIES: bifunctional GTP diphosphokinase/guanosine-3',5'-bis pyrophosphate 3'-pyrophosphohydrolase [unclassified Alcanivorax]
spoT	WP_242518678	K662I	662	676	K	I	K	K	51.883	100.0	702	794	716	753.0	RelA/SpoT family protein [Halochromatium roseum]
spoT	WP_138773745	K662I	662	660	K	I	K	K	51.506	99.0	702	705	697	753.0	bifunctional GTP diphosphokinase/guanosine-3',5'-bis pyrophosphate 3'-pyrophosphohydrolase [Alloalcanivorax gelatiniphagus]
spoT	WP_135445179	K662I	662	660	K	I	K	K	52.0	99.0	702	707	697	753.0	bifunctional GTP diphosphokinase/guanosine-3',5'-bis pyrophosphate 3'-pyrophosphohydrolase [Mangrovimicrobium sediminis]
spoT	WP_434536261	K662I	662	665	K	I	K	K	51.549	100.0	702	703	702	753.0	bifunctional GTP diphosphokinase/guanosine-3',5'-bis pyrophosphate 3'-pyrophosphohydrolase [Alcanivorax sp.]
spoT	WP_348320332	K662I	662	659	K	I	K	K	51.293	99.0	702	704	696	753.0	bifunctional GTP diphosphokinase/guanosine-3',5'-bis pyrophosphate 3'-pyrophosphohydrolase [Alloalcanivorax venustensis]
spoT	WP_246973042	K662I	662	664	K	I	K	K	51.07	100.0	702	702	701	753.0	bifunctional GTP diphosphokinase/guanosine-3',5'-bis pyrophosphate 3'-pyrophosphohydrolase [Alcanivorax sp. S6407]
spoT	WP_228232890	K662I	662	660	K	I	K	K	51.433	99.0	702	705	697	753.0	bifunctional GTP diphosphokinase/guanosine-3',5'-bis pyrophosphate 3'-pyrophosphohydrolase [Alloalcanivorax marinus]
spoT	WP_075173277	K662I	662	665	K	I	K	K	51.758	100.0	702	703	702	753.0	MULTISPECIES: RelA/SpoT family protein [Neptunomonas]
spoT	WP_279243994	K662I	662	666	K	I	K	K	50.85	100.0	702	706	706	753.0	bifunctional GTP diphosphokinase/guanosine-3',5'-bis pyrophosphate 3'-pyrophosphohydrolase [Candidatus Litorirhabdus singularis]
spoT	WP_102790475	K662I	662	665	K	I	K	K	51.127	100.0	702	703	702	753.0	MULTISPECIES: bifunctional GTP diphosphokinase/guanosine-3',5'-bis pyrophosphate 3'-pyrophosphohydrolase [Alcanivorax]
spoT	WP_428243953	K662I	662	664	K	I	K	K	50.994	100.0	702	704	704	753.0	RelA/SpoT family protein [Gynuella sp.]
spoT	WP_410306281	K662I	662	660	K	I	K	K	51.433	99.0	702	705	697	753.0	bifunctional GTP diphosphokinase/guanosine-3',5'-bis pyrophosphate 3'-pyrophosphohydrolase [Alloalcanivorax sp. C16-1]
spoT	WP_044615342	K662I	662	664	K	I	K	K	51.206	100.0	702	704	704	753.0	RelA/SpoT family protein [Gynuella sunshinyii]
spoT	WP_173494631	K662I	662	670	K	I	K	K	50.636	100.0	702	708	707	753.0	MULTISPECIES: RelA/SpoT family protein [unclassified Marinobacterium]
spoT	WP_485162836	K662I	662	661	K	I	K	K	51.289	99.0	702	704	698	753.0	N/A
spoT	WP_286829601	K662I	662	665	K	I	K	K	51.549	100.0	702	703	702	752.0	bifunctional GTP diphosphokinase/guanosine-3',5'-bis pyrophosphate 3'-pyrophosphohydrolase [Alcanivorax sp. UBA3183]
spoT	WP_229147792	K662I	662	665	K	I	K	K	51.14	100.0	702	703	702	752.0	bifunctional GTP diphosphokinase/guanosine-3',5'-bis pyrophosphate 3'-pyrophosphohydrolase [Alcanivorax sp. 1008]
spoT	WP_438985063	K662I	662	662	K	I	K	K	51.209	100.0	702	702	702	752.0	RelA/SpoT family protein [Aequoribacter sp.]
spoT	WP_483450764	K662I	662	659	K	I	K	K	51.437	99.0	702	704	696	752.0	N/A
spoT	WP_022985759	K662I	662	665	K	I	K	K	50.986	100.0	702	703	702	752.0	bifunctional GTP diphosphokinase/guanosine-3',5'-bis pyrophosphate 3'-pyrophosphohydrolase [Alcanivorax sp. P2S70]
spoT	WP_484231805	K662I	662	665	K	I	K	K	51.494	99.0	702	709	702	752.0	N/A
spoT	WP_290523652	K662I	662	664	K	I	K	K	51.213	100.0	702	702	701	752.0	bifunctional GTP diphosphokinase/guanosine-3',5'-bis pyrophosphate 3'-pyrophosphohydrolase [Alcanivorax sp.]
spoT	WP_068857808	K662I	662	665	K	I	K	K	51.494	99.0	702	709	702	752.0	bifunctional GTP diphosphokinase/guanosine-3',5'-bis pyrophosphate 3'-pyrophosphohydrolase [Perlucidibaca aquatica]
spoT	WP_149611615	K662I	662	660	K	I	K	K	52.632	100.0	702	706	700	751.0	bifunctional GTP diphosphokinase/guanosine-3',5'-bis pyrophosphate 3'-pyrophosphohydrolase [Pseudohalioglobus sediminis]
spoT	WP_423849276	K662I	662	662	K	I	K	K	51.209	100.0	702	702	702	751.0	RelA/SpoT family protein [Aequoribacter sp.]
spoT	WP_007151387	K662I	662	665	K	I	K	K	51.408	100.0	702	703	702	751.0	MULTISPECIES: bifunctional GTP diphosphokinase/guanosine-3',5'-bis pyrophosphate 3'-pyrophosphohydrolase [unclassified Alcanivorax]
spoT	WP_290499659	K662I	662	665	K	I	K	K	51.408	100.0	702	703	702	751.0	bifunctional GTP diphosphokinase/guanosine-3',5'-bis pyrophosphate 3'-pyrophosphohydrolase [Alcanivorax sp.]
spoT	WP_290496366	K662I	662	665	K	I	K	K	51.408	100.0	702	703	702	751.0	bifunctional GTP diphosphokinase/guanosine-3',5'-bis pyrophosphate 3'-pyrophosphohydrolase [Alcanivorax sp.]
spoT	WP_421868202	K662I	662	662	K	I	K	K	50.142	100.0	702	700	699	751.0	bifunctional GTP diphosphokinase/guanosine-3',5'-bis pyrophosphate 3'-pyrophosphohydrolase [Motiliproteus sp.]
spoT	WP_323772551	K662I	662	665	K	I	K	K	51.268	100.0	702	703	702	751.0	bifunctional GTP diphosphokinase/guanosine-3',5'-bis pyrophosphate 3'-pyrophosphohydrolase [Alcanivorax sp.]
spoT	WP_120799816	K662I	662	668	K	I	K	K	52.475	99.0	702	739	705	751.0	RelA/SpoT family protein [Thiocapsa rosea]
spoT	WP_372737487	K662I	662	664	K	I	K	K	50.997	100.0	702	702	701	751.0	RelA/SpoT family protein [Neptunomonas sp.]
spoT	WP_040727302	K662I	662	670	K	I	K	K	51.768	99.0	702	713	707	750.0	RelA/SpoT family protein [Thiomicrorhabdus sp. Kp2]
spoT	WP_290502021	K662I	662	665	K	I	K	K	51.268	100.0	702	703	702	750.0	RelA/SpoT family protein [Alcanivorax sp.]
spoT	WP_028485647	K662I	662	670	K	I	K	K	51.909	99.0	702	713	707	750.0	RelA/SpoT family protein [Thiomicrorhabdus chilensis]
spoT	WP_232406065	K662I	662	668	K	I	K	K	52.334	99.0	702	739	705	750.0	RelA/SpoT family protein [Thiocapsa bogorovii]
spoT	WP_483180360	K662I	662	661	K	I	K	K	51.003	99.0	702	704	698	750.0	N/A
spoT	WP_036511824	K662I	662	666	K	I	K	K	51.989	99.0	702	707	703	750.0	bifunctional GTP diphosphokinase/guanosine-3',5'-bis pyrophosphate 3'-pyrophosphohydrolase [Nitrincola nitratireducens]
spoT	WP_161318714	K662I	662	665	K	I	K	K	51.127	100.0	702	703	702	749.0	RelA/SpoT family protein [Alcanivorax sp. DP30]
spoT	WP_370210149	K662I	662	661	K	I	K	K	51.003	99.0	702	704	698	749.0	RelA/SpoT family protein [Alloalcanivorax venustensis]
spoT	WP_153499053	K662I	662	664	K	I	K	K	51.07	100.0	702	702	701	749.0	bifunctional GTP diphosphokinase/guanosine-3',5'-bis pyrophosphate 3'-pyrophosphohydrolase [Alcanivorax sediminis]
spoT	WP_009577093	K662I	662	662	K	I	K	K	51.067	100.0	702	702	702	749.0	RelA/SpoT family protein [Aequoribacter fuscus]
spoT	WP_193494956	K662I	662	666	K	I	K	K	51.989	99.0	702	707	703	749.0	bifunctional GTP diphosphokinase/guanosine-3',5'-bis pyrophosphate 3'-pyrophosphohydrolase [Nitrincola alkalisediminis]
spoT	WP_123032909	K662I	662	664	K	I	K	K	52.273	100.0	702	717	704	749.0	bifunctional GTP diphosphokinase/guanosine-3',5'-bis pyrophosphate 3'-pyrophosphohydrolase [Haliea alexandrii]
spoT	WP_321325605	K662I	662	670	K	I	K	K	51.768	99.0	702	713	707	749.0	RelA/SpoT family protein [Thiomicrorhabdus sp.]
spoT	WP_485167170	K662I	662	659	K	I	K	K	51.289	99.0	702	704	696	749.0	N/A
spoT	WP_242479140	K662I	662	676	K	I	K	K	51.185	100.0	702	794	716	749.0	RelA/SpoT family protein [Lamprobacter modestohalophilus]
spoT	WP_369957537	K662I	662	666	K	I	K	K	53.191	99.0	702	727	703	749.0	MULTISPECIES: RelA/SpoT family protein [Marichromatium]
spoT	WP_286980837	K662I	662	664	K	I	K	K	51.915	100.0	702	717	704	749.0	MULTISPECIES: bifunctional GTP diphosphokinase/guanosine-3',5'-bis pyrophosphate 3'-pyrophosphohydrolase [Haliea]
spoT	WP_189477796	K662I	662	665	K	I	K	K	51.7	100.0	702	705	705	748.0	bifunctional GTP diphosphokinase/guanosine-3',5'-bis pyrophosphate 3'-pyrophosphohydrolase [Parahalioglobus pacificus]
spoT	WP_093308558	K662I	662	666	K	I	K	K	51.705	100.0	702	704	703	748.0	bifunctional GTP diphosphokinase/guanosine-3',5'-bis pyrophosphate 3'-pyrophosphohydrolase [Allopseudospirillum japonicum]
spoT	WP_412778538	K662I	662	666	K	I	K	K	53.05	99.0	702	727	703	748.0	RelA/SpoT family protein [Marichromatium gracile]
spoT	WP_163494882	K662I	662	665	K	I	K	K	52.482	100.0	702	718	705	748.0	bifunctional GTP diphosphokinase/guanosine-3',5'-bis pyrophosphate 3'-pyrophosphohydrolase [Kineobactrum salinum]
spoT	WP_142947849	K662I	662	661	K	I	K	K	50.86	99.0	702	704	698	748.0	MULTISPECIES: RelA/SpoT family protein [Alloalcanivorax]
spoT	WP_022955264	K662I	662	662	K	I	K	K	52.063	99.0	702	709	701	748.0	RelA/SpoT family protein [Perlucidibaca piscinae]
spoT	WP_335628324	K662I	662	661	K	I	K	K	50.86	99.0	702	704	698	748.0	RelA/SpoT family protein [Alloalcanivorax venustensis]
spoT	WP_019557509	K662I	662	670	K	I	K	K	52.254	99.0	702	713	707	748.0	RelA/SpoT family protein [Thiomicrorhabdus arctica]
spoT	WP_411910391	K662I	662	666	K	I	K	K	53.191	99.0	702	727	703	748.0	RelA/SpoT family protein [Marichromatium gracile]
spoT	WP_296700769	K662I	662	668	K	I	K	K	52.192	99.0	702	739	705	748.0	RelA/SpoT family protein [Thiocapsa sp. UBA6158]
spoT	WP_123138991	K662I	662	666	K	I	K	K	53.191	99.0	702	732	703	748.0	RelA/SpoT family protein [Marichromatium sp. PS1]
spoT	WP_371293524	K662I	662	664	K	I	K	K	52.057	100.0	702	717	704	748.0	bifunctional GTP diphosphokinase/guanosine-3',5'-bis pyrophosphate 3'-pyrophosphohydrolase [Haliea sp.]
spoT	WP_473425213	K662I	662	665	K	I	K	K	51.348	100.0	702	705	705	748.0	N/A
spoT	WP_290740737	K662I	662	664	K	I	K	K	52.057	100.0	702	717	704	748.0	bifunctional GTP diphosphokinase/guanosine-3',5'-bis pyrophosphate 3'-pyrophosphohydrolase [Haliea sp.]
spoT	WP_007193610	K662I	662	668	K	I	K	K	52.34	99.0	702	739	705	748.0	RelA/SpoT family protein [Thiocapsa marina]
spoT	WP_322827657	K662I	662	676	K	I	K	K	51.046	100.0	702	794	716	747.0	RelA/SpoT family protein [Lamprobacter modestohalophilus]
spoT	WP_349382720	K662I	662	665	K	I	K	K	51.127	100.0	702	703	702	747.0	RelA/SpoT family protein [Alcanivorax sp.]
spoT	WP_287962455	K662I	662	665	K	I	K	K	50.986	100.0	702	703	702	747.0	RelA/SpoT family protein [Alcanivorax sp.]
spoT	WP_475075668	K662I	662	665	K	I	K	K	51.282	100.0	702	703	702	747.0	N/A
spoT	WP_011587473	K662I	662	665	K	I	K	K	50.986	100.0	702	703	702	747.0	MULTISPECIES: RelA/SpoT family protein [Alcanivorax]
spoT	WP_304995678	K662I	662	667	K	I	K	K	50.852	100.0	702	707	704	746.0	RelA/SpoT family protein [Salinispirillum sp. LH 10-3-1]
spoT	WP_372653156	K662I	662	665	K	I	K	K	50.986	100.0	702	703	702	746.0	RelA/SpoT family protein [Alcanivorax borkumensis]
spoT	WP_035232667	K662I	662	664	K	I	K	K	51.07	100.0	702	702	701	746.0	RelA/SpoT family protein [Alcanivorax nanhaiticus]
spoT	WP_051415226	K662I	662	666	K	I	K	K	53.05	99.0	702	727	703	746.0	RelA/SpoT family protein [Marichromatium purpuratum]
spoT	WP_407347008	K662I	662	665	K	I	K	K	51.915	100.0	702	705	705	746.0	RelA/SpoT family protein [Congregibacter variabilis]
spoT	WP_439106491	K662I	662	665	K	I	K	K	51.773	100.0	702	705	705	746.0	RelA/SpoT family protein [Congregibacter sp.]
spoT	WP_093029895	K662I	662	668	K	I	K	K	52.192	99.0	702	726	705	746.0	RelA/SpoT family protein [Thiocapsa roseopersicina]
spoT	WP_481642808	K662I	662	667	K	I	K	K	50.71	99.0	702	708	704	746.0	N/A
spoT	WP_112160305	K662I	662	666	K	I	K	K	51.778	99.0	702	707	703	746.0	bifunctional GTP diphosphokinase/guanosine-3',5'-bis pyrophosphate 3'-pyrophosphohydrolase [Nitrincola tibetensis]
spoT	WP_459819310	K662I	662	667	K	I	K	K	51.831	99.0	702	712	704	746.0	N/A
spoT	WP_279249886	K662I	662	665	K	I	K	K	51.206	100.0	702	705	705	746.0	RelA/SpoT family protein [Candidatus Marimicrobium litorale]
spoT	WP_035461481	K662I	662	665	K	I	K	K	50.845	100.0	702	703	702	746.0	MULTISPECIES: RelA/SpoT family protein [Alcanivorax]
spoT	WP_114696621	K662I	662	662	K	I	K	K	49.858	100.0	702	700	699	746.0	RelA/SpoT family protein [Motiliproteus coralliicola]
spoT	WP_232334920	K662I	662	660	K	I	K	K	51.994	100.0	702	706	700	746.0	N/A
spoT	WP_279420423	K662I	662	670	K	I	K	K	51.627	99.0	702	713	707	746.0	RelA/SpoT family protein [Thiomicrorhabdus sp. ZW0627]
spoT	WP_246221685	K662I	662	666	K	I	K	K	53.617	99.0	702	732	703	746.0	RelA/SpoT family protein [Marichromatium bheemlicum]
spoT	WP_135280644	K662I	662	666	K	I	K	K	51.7	100.0	702	728	706	745.0	RelA/SpoT family protein [Candidatus Macondimonas diazotrophica]
spoT	WP_483447849	K662I	662	659	K	I	K	K	51.149	99.0	702	704	696	745.0	N/A
spoT	WP_410758898	K662I	662	675	K	I	K	K	52.235	100.0	702	747	715	745.0	RelA/SpoT family protein [Halochromatium sp.]
spoT	WP_029408563	K662I	662	670	K	I	K	K	52.241	99.0	702	713	707	745.0	RelA/SpoT family protein [Thiomicrorhabdus sp. Milos-T2]
spoT	WP_153240783	K662I	662	661	K	I	K	K	51.213	100.0	702	706	701	745.0	bifunctional GTP diphosphokinase/guanosine-3',5'-bis pyrophosphate 3'-pyrophosphohydrolase [Halioglobus maricola]
spoT	WP_213379118	K662I	662	672	K	I	K	K	52.609	99.0	702	766	709	745.0	RelA/SpoT family protein [Allochromatium tepidum]
spoT	WP_029911728	K662I	662	665	K	I	K	K	52.045	98.0	702	719	702	745.0	RelA/SpoT family protein [Hydrogenovibrio marinus]
spoT	WP_374236296	K662I	662	668	K	I	K	K	52.334	99.0	702	739	705	745.0	MULTISPECIES: bifunctional (p)ppGpp synthetase/guanosine-3',5'-bis(diphosphate) 3'-pyrophosphohydrolase [unclassified Thiocapsa]
spoT	WP_414979755	K662I	662	665	K	I	K	K	52.34	100.0	702	705	705	744.0	RelA/SpoT family protein [Congregibacter sp.]
spoT	WP_245952984	K662I	662	663	K	I	K	K	51.498	99.0	702	708	700	744.0	RelA/SpoT family protein [Paraperlucidibaca baekdonensis]
spoT	WP_090730113	K662I	662	664	K	I	K	K	50.855	100.0	702	702	701	744.0	RelA/SpoT family protein [Neptunomonas qingdaonensis]
spoT	WP_349384355	K662I	662	665	K	I	K	K	50.845	100.0	702	703	702	744.0	RelA/SpoT family protein [Alcanivorax sp.]
spoT	WP_176976101	K662I	662	672	K	I	K	K	52.609	99.0	702	766	709	744.0	RelA/SpoT family protein [Allochromatium humboldtianum]
spoT	WP_288367788	K662I	662	665	K	I	K	K	50.845	100.0	702	703	702	744.0	RelA/SpoT family protein [uncultured Alcanivorax sp.]
spoT	WP_340675914	K662I	662	663	K	I	K	K	51.567	99.0	702	707	700	744.0	RelA/SpoT family protein [Paraperlucidibaca sp.]
spoT	WP_275594855	K662I	662	670	K	I	K	K	51.202	99.0	702	713	707	744.0	RelA/SpoT family protein [Thiomicrorhabdus lithotrophica]
spoT	WP_296812041	K662I	662	668	K	I	K	K	52.057	99.0	702	739	705	743.0	RelA/SpoT family protein [Thiocapsa sp.]
spoT	WP_439101953	K662I	662	665	K	I	K	K	51.558	100.0	702	705	705	743.0	RelA/SpoT family protein [Congregibacter sp.]
spoT	WP_353350062	K662I	662	667	K	I	K	K	51.336	100.0	702	709	707	743.0	RelA/SpoT family protein [Oceaniserpentilla sp. 4NH20-0058]
spoT	WP_283788669	K662I	662	667	K	I	K	K	51.617	100.0	702	710	707	743.0	RelA/SpoT family protein [Bermanella sp. WJH001]
spoT	WP_068646491	K662I	662	677	K	I	K	K	52.58	99.0	702	720	714	743.0	RelA/SpoT family protein [Thiomicrospira sp. XS5]
spoT	WP_405273703	K662I	662	665	K	I	K	K	51.348	100.0	702	705	705	743.0	RelA/SpoT family protein [Congregibacter sp.]
spoT	WP_415356411	K662I	662	665	K	I	K	K	51.133	100.0	702	705	705	743.0	RelA/SpoT family protein [Halioglobus sp. Uisw_031]
spoT	WP_460049073	K662I	662	661	K	I	K	K	50.71	100.0	702	704	701	743.0	N/A
spoT	WP_200158631	K662I	662	672	K	I	K	K	52.817	99.0	702	766	709	742.0	RelA/SpoT family protein [Allochromatium vinosum]
spoT	WP_438969915	K662I	662	648	K	I	K	K	51.884	98.0	702	718	685	742.0	RelA/SpoT family protein [Methylophaga sp.]
spoT	WP_379071538	K662I	662	663	K	I	K	K	51.425	99.0	702	707	700	742.0	RelA/SpoT family protein [Paraperlucidibaca wandonensis]
spoT	WP_460186400	K662I	662	670	K	I	K	K	50.636	99.0	702	713	707	742.0	N/A
spoT	WP_127471650	K662I	662	659	K	I	K	K	52.299	98.0	702	713	696	741.0	RelA/SpoT family protein [Thiomicrorhabdus aquaedulcis]
spoT	WP_460102293	K662I	662	661	K	I	K	K	50.71	100.0	702	704	701	741.0	N/A
spoT	WP_200346548	K662I	662	675	K	I	K	K	51.536	100.0	702	789	715	741.0	RelA/SpoT family protein [Halochromatium glycolicum]
spoT	WP_296896867	K662I	662	665	K	I	K	K	52.063	99.0	702	782	702	741.0	RelA/SpoT family protein [Thiohalocapsa sp.]
spoT	WP_407328354	K662I	662	665	K	I	K	K	51.348	100.0	702	705	705	741.0	RelA/SpoT family protein [Congregibacter brevis]
spoT	WP_008293425	K662I	662	665	K	I	K	K	51.064	100.0	702	705	705	740.0	RelA/SpoT family protein [Congregibacter litoralis]
spoT	WP_152832304	K662I	662	665	K	I	K	K	51.622	98.0	702	719	702	740.0	RelA/SpoT family protein [Hydrogenovibrio sp. JE_KL2]
spoT	WP_012972147	K662I	662	672	K	I	K	K	52.676	99.0	702	766	709	740.0	RelA/SpoT family protein [Allochromatium vinosum]
spoT	WP_486045009	K662I	662	670	K	I	K	K	51.69	99.0	702	713	707	739.0	N/A
spoT	WP_472366588	K662I	662	677	K	I	K	K	52.441	99.0	702	720	714	739.0	N/A
spoT	WP_127119081	K662I	662	677	K	I	K	K	52.441	99.0	702	720	714	739.0	MULTISPECIES: RelA/SpoT family protein [Piscirickettsiaceae]
spoT	WP_446734094	K662I	662	667	K	I	K	K	51.768	100.0	702	709	707	739.0	RelA/SpoT family protein [Pseudomonas sp. HK3]
spoT	WP_243725244	K662I	662	669	K	I	K	K	50.283	99.0	702	716	706	738.0	RelA/SpoT family protein [Candidatus Thiosymbion oneisti]
spoT	WP_029939132	K662I	662	677	K	I	K	K	52.441	99.0	702	720	714	738.0	N/A
spoT	WP_472360715	K662I	662	677	K	I	K	K	52.441	99.0	702	720	714	738.0	N/A
spoT	WP_300970429	K662I	662	668	K	I	K	K	52.475	99.0	702	739	705	738.0	RelA/SpoT family protein [Thiocapsa sp.]
spoT	WP_380693354	K662I	662	667	K	I	K	K	51.206	100.0	702	707	704	738.0	MULTISPECIES: bifunctional GTP diphosphokinase/guanosine-3',5'-bis pyrophosphate 3'-pyrophosphohydrolase [Saccharospirillaceae]
spoT	WP_472362789	K662I	662	677	K	I	K	K	52.441	99.0	702	720	714	738.0	N/A
spoT	WP_341534732	K662I	662	669	K	I	K	K	50.283	99.0	702	714	706	737.0	RelA/SpoT family protein [Candidatus Thiosymbion oneisti]
spoT	WP_201244105	K662I	662	675	K	I	K	K	51.676	100.0	702	771	715	737.0	RelA/SpoT family protein [Halochromatium salexigens]
spoT	WP_462982581	K662I	662	664	K	I	K	K	51.282	99.0	702	710	701	737.0	N/A
spoT	WP_373018408	K662I	662	670	K	I	K	K	51.768	99.0	702	713	707	737.0	RelA/SpoT family protein [Thiomicrorhabdus sp.]
spoT	WP_296832876	K662I	662	668	K	I	K	K	51.348	99.0	702	713	705	737.0	RelA/SpoT family protein [Thiomicrospira sp.]
spoT	WP_044411678	K662I	662	659	K	I	K	K	51.359	98.0	702	718	699	736.0	RelA/SpoT family protein [Thiomicrospira microaerophila]
spoT	WP_331864552	K662I	662	668	K	I	K	K	51.631	99.0	702	713	705	735.0	RelA/SpoT family protein [Thiomicrospira sp.]
spoT	WP_237261882	K662I	662	670	K	I	K	K	50.778	99.0	702	713	707	735.0	RelA/SpoT family protein [Thiomicrorhabdus immobilis]
spoT	WP_256091638	K662I	662	669	K	I	K	K	50.0	99.0	702	716	706	735.0	RelA/SpoT family protein [Candidatus Thiosymbion oneisti]
spoT	WP_093449008	K662I	662	679	K	I	K	K	50.698	99.0	702	724	716	734.0	RelA/SpoT family protein [Thiomicrospira sp. ALE5]
spoT	WP_295882993	K662I	662	657	K	I	K	K	52.374	98.0	702	705	694	734.0	RelA/SpoT family protein [uncultured Thiohalocapsa sp.]
spoT	WP_293383394	K662I	662	668	K	I	K	K	50.212	100.0	702	708	707	734.0	RelA/SpoT family protein [Natronospirillum sp.]
spoT	WP_007018094	K662I	662	666	K	I	K	K	50.636	100.0	702	710	706	734.0	RelA/SpoT family protein [Bermanella marisrubri]
spoT	WP_155449879	K662I	662	670	K	I	K	K	52.051	99.0	702	767	707	733.0	RelA/SpoT family protein [Allochromatium palmeri]
spoT	WP_150093261	K662I	662	677	K	I	K	K	51.257	99.0	702	744	714	733.0	RelA/SpoT family protein [Thiohalocapsa marina]
spoT	WP_052347879	K662I	662	673	K	I	K	K	50.0	99.0	702	729	710	732.0	RelA/SpoT family protein [Imhoffiella purpurea]
spoT	WP_200386318	K662I	662	657	K	I	K	K	51.724	98.0	702	704	694	732.0	RelA/SpoT family protein [Thiocapsa imhoffii]
spoT	WP_440870586	K662I	662	668	K	I	K	K	51.064	99.0	702	782	705	731.0	RelA/SpoT family protein [Thiocystis violacea]
spoT	WP_289225184	K662I	662	660	K	I	K	K	51.783	98.0	702	718	700	731.0	RelA/SpoT family protein [Thiomicrospira sp. R3]
spoT	WP_029933563	K662I	662	667	K	I	K	K	51.136	99.0	702	713	704	731.0	RelA/SpoT family protein [Thiomicrospira pelophila]
spoT	WP_386028773	K662I	662	668	K	I	K	K	50.282	99.0	702	744	705	731.0	RelA/SpoT family protein [Thiorhodococcus fuscus]
spoT	WP_295540881	K662I	662	665	K	I	K	K	51.778	99.0	702	766	702	731.0	RelA/SpoT family protein [uncultured Thiohalocapsa sp.]
spoT	WP_068581242	K662I	662	677	K	I	K	K	51.811	99.0	702	720	714	731.0	RelA/SpoT family protein [Thiomicrospira sp. WB1]
spoT	WP_310679882	K662I	662	677	K	I	K	K	51.743	99.0	702	720	714	730.0	RelA/SpoT family protein [Hydrogenovibrio sp.]
spoT	WP_484130594	K662I	662	665	K	I	K	K	51.34	98.0	702	719	702	730.0	N/A
spoT	WP_406020525	K662I	662	582	K	I	K	K	55.485	89.0	702	621	621	730.0	RelA/SpoT family protein, partial [Succinivibrio sp.]
spoT	WP_019895261	K662I	662	677	K	I	K	K	51.883	99.0	702	720	714	729.0	RelA/SpoT family protein [Hydrogenovibrio halophilus]
spoT	WP_024852101	K662I	662	665	K	I	K	K	51.202	98.0	702	719	702	729.0	RelA/SpoT family protein [Hydrogenovibrio kuenenii]
spoT	WP_295384728	K662I	662	668	K	I	K	K	50.213	99.0	702	728	705	729.0	RelA/SpoT family protein [uncultured Thiodictyon sp.]
spoT	WP_007040814	K662I	662	668	K	I	K	K	50.071	99.0	702	744	705	729.0	RelA/SpoT family protein [Thiorhodococcus drewsii]
spoT	WP_091331824	K662I	662	669	K	I	K	K	51.826	99.0	702	736	706	728.0	RelA/SpoT family protein [Allochromatium warmingii]
spoT	WP_082674165	K662I	662	667	K	I	K	K	51.631	99.0	702	788	704	728.0	RelA/SpoT family protein [Thiohalocapsa sp. ML1]
spoT	WP_164451906	K662I	662	668	K	I	K	K	51.275	99.0	702	769	705	728.0	RelA/SpoT family protein [Thiorhodococcus minor]
spoT	WP_472363624	K662I	662	677	K	I	K	K	51.185	99.0	702	720	714	728.0	N/A
spoT	WP_166269121	K662I	662	667	K	I	K	K	52.482	99.0	702	757	704	728.0	RelA/SpoT family protein [Caldichromatium japonicum]
spoT	WP_248850799	K662I	662	670	K	I	K	K	51.127	99.0	702	718	710	728.0	RelA/SpoT family protein [Thiomicrospira microaerophila]
spoT	WP_483457866	K662I	662	659	K	I	K	K	52.424	94.0	702	673	660	728.0	N/A
spoT	WP_396587981	K662I	662	666	K	I	K	K	49.929	100.0	702	710	706	727.0	MULTISPECIES: RelA/SpoT family protein [unclassified Bermanella]
spoT	WP_296925148	K662I	662	665	K	I	K	K	51.494	99.0	702	794	702	727.0	RelA/SpoT family protein [Thiohalocapsa sp.]
spoT	WP_299127486	K662I	662	665	K	I	K	K	52.671	94.0	702	672	666	727.0	RelA/SpoT family protein, partial [uncultured Alcanivorax sp.]
spoT	WP_479885690	K662I	662	665	K	I	K	K	49.858	99.0	702	737	702	726.0	N/A
spoT	WP_278163554	K662I	662	676	K	I	K	K	50.978	99.0	702	719	713	725.0	RelA/SpoT family protein [Hydrogenovibrio sp. 3SP14C1]
spoT	WP_294946890	K662I	662	655	K	I	K	K	52.168	98.0	702	707	692	725.0	RelA/SpoT family protein [Sulfurivirga sp.]
spoT	WP_200241537	K662I	662	665	K	I	K	K	51.209	99.0	702	726	702	724.0	RelA/SpoT family protein [Thiohalocapsa halophila]
spoT	WP_462329699	K662I	662	665	K	I	K	K	51.209	99.0	702	773	702	724.0	N/A
spoT	WP_200372955	K662I	662	668	K	I	K	K	50.922	99.0	702	741	705	724.0	RelA/SpoT family protein [Thiocystis violacea]
spoT	WP_105074645	K662I	662	665	K	I	K	K	49.715	99.0	702	737	702	723.0	RelA/SpoT family protein [Chromatium okenii]
spoT	WP_185978251	K662I	662	658	K	I	K	K	50.93	98.0	702	712	695	723.0	MULTISPECIES: RelA/SpoT family protein [Thiomicrorhabdus]
spoT	WP_366949874	K662I	662	681	K	I	K	K	50.277	100.0	702	726	721	723.0	RelA/SpoT family protein [Immundisolibacter sp.]
spoT	WP_435218458	K662I	662	659	K	I	K	K	50.508	98.0	702	739	688	723.0	RelA/SpoT family protein [Luminiphilus sp. nBUS_07]
spoT	WP_135484442	K662I	662	667	K	I	K	K	50.0	100.0	702	707	704	722.0	RelA/SpoT family protein [Natronospirillum operosum]
spoT	WP_084188153	K662I	662	665	K	I	K	K	52.408	99.0	702	743	702	722.0	RelA/SpoT family protein [Sulfurivirga caldicuralii]
spoT	WP_006459696	K662I	662	679	K	I	K	K	50.069	99.0	702	725	716	721.0	RelA/SpoT family protein [Thiomicrospira aerophila]
spoT	WP_435213275	K662I	662	659	K	I	K	K	50.363	98.0	702	739	688	721.0	RelA/SpoT family protein [Luminiphilus sp. nBUS_16]
spoT	WP_013834609	K662I	662	679	K	I	K	K	50.14	99.0	702	725	716	720.0	RelA/SpoT family protein [Thiomicrospira cyclica]
spoT	WP_200154561	K662I	662	662	K	I	K	K	50.072	99.0	702	735	699	720.0	RelA/SpoT family protein [Chromatium okenii]
spoT	WP_472373443	K662I	662	677	K	I	K	K	52.162	99.0	702	720	714	719.0	N/A
spoT	WP_014779602	K662I	662	668	K	I	K	K	49.929	99.0	702	777	705	719.0	RelA/SpoT family protein [Thiocystis violascens]
spoT	WP_135796741	K662I	662	676	K	I	K	K	50.14	99.0	702	719	713	718.0	RelA/SpoT family protein [Hydrogenovibrio crunogenus]
spoT	WP_173289825	K662I	662	679	K	I	K	K	49.862	99.0	702	722	716	717.0	RelA/SpoT family protein [Thiosulfativibrio zosterae]
spoT	WP_328986746	K662I	662	669	K	I	K	K	48.515	99.0	702	768	706	716.0	RelA/SpoT family protein [Thiorhodovibrio winogradskyi]
spoT	WP_201093379	K662I	662	668	K	I	K	K	49.645	99.0	702	727	705	715.0	RelA/SpoT family protein [Thiocystis minor]
spoT	WP_081662754	K662I	662	666	K	I	K	K	51.695	99.0	702	746	703	714.0	RelA/SpoT family protein [Thermithiobacillus tepidarius]
spoT	WP_228384570	K662I	662	658	K	I	K	K	49.574	100.0	702	709	699	714.0	RelA/SpoT family protein [Rhodocyclus gracilis]
spoT	WP_319380675	K662I	662	671	K	I	K	K	50.421	99.0	702	714	708	713.0	RelA/SpoT family protein [Thiomicrorhabdus sp.]
spoT	WP_240905489	K662I	662	668	K	I	K	K	50.213	99.0	702	784	705	712.0	RelA/SpoT family protein [Thiorhodococcus mannitoliphagus]
spoT	WP_295399414	K662I	662	668	K	I	K	K	49.362	99.0	702	777	705	711.0	RelA/SpoT family protein [uncultured Thiocystis sp.]
spoT	WP_298633453	K662I	662	660	K	I	K	K	50.644	99.0	702	711	699	711.0	RelA/SpoT family protein [uncultured Umboniibacter sp.]
spoT	WP_228487925	K662I	662	658	K	I	K	K	49.432	100.0	702	709	699	711.0	RelA/SpoT family protein [Rhodocyclus gracilis]
spoT	WP_132976368	K662I	662	668	K	I	K	K	51.416	99.0	702	742	705	708.0	RelA/SpoT family protein [Thiobaca trueperi]
spoT	WP_295443731	K662I	662	668	K	I	K	K	49.364	99.0	702	728	705	708.0	RelA/SpoT family protein [uncultured Thiodictyon sp.]
