{"train_runtime":0.015,"train_steps_per_second":40045.548,"train_samples_per_second":9.9967037398e+07,"train_loss":0,"_wandb":{"runtime":8},"_timestamp":1.7469863281168563e+09,"_step":1,"_runtime":8.104616035,"eval/loss":1.5088458061218262,"train/global_step":1000,"eval/runtime":6.1978,"eval/samples_per_second":226.532,"total_flos":2.421456696822989e+16,"eval/steps_per_second":0.968,"train/epoch":71.40677966101696}