"train/epoch","ESM-2 150M  - _step","ESM-2 150M  - _step__MIN","ESM-2 150M  - _step__MAX","ESM-2 150M  - eval/loss","ESM-2 150M  - eval/loss__MIN","ESM-2 150M  - eval/loss__MAX","ESM-2 150M  - train/loss","ESM-2 150M  - train/loss__MIN","ESM-2 150M  - train/loss__MAX"
"16.131147540983605","0.5","0","1","0.12461399286985397","0.12461399286985397","0.12461399286985397","0.4104","0.4104","0.4104"
"32.26229508196721","2.5","2","3","0.08930324763059616","0.08930324763059616","0.08930324763059616","0.1047","0.1047","0.1047"
"48.39344262295082","4.5","4","5","0.07492299377918243","0.07492299377918243","0.07492299377918243","0.0797","0.0797","0.0797"
"64.52459016393442","6.5","6","7","0.0643841028213501","0.0643841028213501","0.0643841028213501","0.0674","0.0674","0.0674"
"80.65573770491804","8.5","8","9","0.057745225727558136","0.057745225727558136","0.057745225727558136","0.0607","0.0607","0.0607"
"96.78688524590164","11.333333333333334","10","13","0.05755624361336231","0.05607416853308678","0.05903831869363785","0.0574","0.0574","0.0574"