{
    "epoch": 96.78688524590164,
    "total_flos": 1.385184670349525e+18,
    "train_loss": 0.13005640157063802,
    "train_runtime": 40982.5998,
    "train_samples_per_second": 38.104,
    "train_steps_per_second": 0.073
}