{"_wandb":{"runtime":10},"train/global_step":500,"train_samples_per_second":5.1151548098e+07,"train_loss":0,"_timestamp":1.7469946835169866e+09,"train_steps_per_second":20490.672,"train/epoch":166.54237288135593,"_step":1,"train_runtime":0.0146,"eval/loss":1.5742722749710083,"_runtime":10.803399808,"eval/samples_per_second":253.101,"eval/runtime":5.5472,"eval/steps_per_second":1.983,"total_flos":4.857188746317005e+16}