WP_322838549	WP_322838549
WP_322838549	WP_238714052
WP_322838549	WP_249031411
WP_409389409	WP_409389409
WP_409389409	WP_167432869
WP_409389409	WP_033787708
WP_409389409	WP_425019922
WP_409389409	WP_287635771
WP_409389409	WP_202939990
WP_409389409	WP_161736498
WP_409389409	WP_111207589
WP_409389409	WP_111140072
WP_409389409	WP_346545144
WP_409389409	WP_191919360
WP_409389409	WP_201251841
WP_409389409	WP_279856489
WP_409389409	WP_010244475
WP_409389409	WP_350769150
WP_409389409	WP_064691365
WP_409389409	WP_457173998
WP_409389409	WP_313925924
WP_409389409	WP_325974541
WP_409389409	WP_182500070
WP_409389409	WP_058958471
WP_409389409	WP_179895633
WP_409389409	WP_434147657
WP_409389409	WP_105099134
WP_409389409	WP_135908594
WP_409389409	WP_187493416
WP_409389409	WP_313678187
WP_409389409	WP_427103515
WP_409389409	WP_157352304
WP_409389409	WP_279767743
WP_409389409	WP_031591590
WP_409389409	WP_154926304
WP_409389409	WP_476141886
WP_409389409	WP_418795907
WP_409389409	WP_094119455
WP_409389409	WP_473791932
WP_409389409	WP_485523006
WP_409389409	WP_312121542
WP_409389409	WP_191938060
WP_409389409	WP_293771029
WP_409389409	WP_315311082
WP_409389409	WP_312041164
WP_409389409	WP_285720546
WP_409389409	WP_424994204
WP_409389409	WP_154928219
WP_409389409	WP_013358013
WP_409389409	WP_419138316
WP_409389409	WP_233988059
WP_409389409	WP_422881038
WP_409389409	WP_346556165
WP_409389409	WP_337012824
WP_409389409	WP_283547880
WP_409389409	WP_046101912
WP_409389409	WP_061062577
WP_409389409	WP_323170181
WP_409389409	WP_375716885
WP_409389409	WP_191922147
WP_409389409	WP_434745877
WP_409389409	WP_003853868
WP_409389409	WP_107319793
WP_409389409	WP_031374553
WP_409389409	WP_163843682
WP_409389409	WP_292992364
WP_409389409	WP_425013776
WP_409389409	WP_436370281
WP_409389409	WP_256849230
WP_409389409	WP_260058299
WP_409389409	WP_069728528
WP_409389409	WP_437381786
WP_409389409	WP_476158374
WP_409389409	WP_337027310
WP_409389409	WP_187494698
WP_409389409	WP_061901401
WP_409389409	WP_095707125
WP_409389409	WP_009089965
WP_409389409	WP_442796945
WP_409389409	WP_313651395
WP_409389409	WP_312054447
WP_409389409	WP_346460886
WP_409389409	WP_033757842
WP_409389409	WP_307570402
WP_409389409	WP_278496262
WP_409389409	WP_264366796
WP_409389409	WP_140917255
WP_409389409	WP_150037082
WP_409389409	WP_275219365
WP_409389409	WP_421665369
WP_409389409	WP_425027132
WP_409389409	WP_150010318
WP_409389409	WP_313699328
WP_409389409	WP_140925460
WP_409389409	WP_103795968
WP_409389409	WP_434123265
WP_409389409	WP_313118602
WP_409389409	WP_081138101
WP_409389409	WP_120454069
WP_409389409	WP_048781879
WP_409389409	WP_316135081
WP_409389409	WP_239315240
WP_409389409	WP_033790335
WP_409389409	WP_427106482
WP_409389409	WP_313619153
WP_409389409	WP_312062346
WP_409389409	WP_313588267
WP_409389409	WP_316555765
WP_409389409	WP_312112334
WP_409389409	WP_096073250
WP_409389409	WP_311784443
WP_409389409	WP_033746803
WP_409389409	WP_271153057
WP_409389409	WP_277269661
WP_409389409	WP_096010529
WP_409389409	WP_105082720
WP_409389409	WP_210461655
WP_409389409	WP_013025933
WP_409389409	WP_480279212
WP_409389409	WP_110145586
WP_409389409	WP_263794040
WP_409389409	WP_110982759
WP_409389409	WP_063879769
WP_409389409	WP_022623213
WP_409389409	WP_264238415
WP_409389409	WP_430693266
WP_409389409	WP_283379061
WP_409389409	WP_029570068
WP_409389409	WP_472930856
WP_409389409	WP_342656798
WP_409389409	WP_430699845
WP_409389409	WP_210526262
WP_409389409	WP_105087562
WP_409389409	WP_072136813
WP_409389409	WP_206114837
WP_409389409	WP_279752980
WP_409389409	WP_047713457
WP_409389409	WP_110003390
WP_409389409	WP_105088167
WP_409389409	WP_247103113
WP_409389409	WP_028722826
WP_409389409	WP_476106106
WP_409389409	WP_218994486
WP_409389409	WP_283355720
WP_409389409	WP_332628200
WP_409389409	WP_243077832
WP_409389409	WP_409075694
WP_409389409	WP_185199391
WP_409389409	WP_282498867
WP_409389409	WP_367143964
WP_409389409	WP_033741827
WP_409389409	WP_058708088
WP_409389409	WP_006119337
WP_409389409	WP_164482002
WP_409389409	WP_205950301
WP_409389409	WP_058701831
WP_409389409	WP_262959117
WP_409389409	WP_172912552
WP_409389409	WP_205960172
WP_409389409	WP_205956491
WP_409389409	WP_289345885
WP_409389409	WP_289775311
WP_409389409	WP_193404322
WP_409389409	WP_205955346
WP_095848816	WP_095848816
WP_095848816	WP_438596849
WP_095848816	WP_416262476
WP_095848816	WP_462616125
WP_095848816	WP_121552548
WP_095848816	WP_114195892
WP_095848816	WP_279023200
WP_095848816	WP_061323630
WP_095848816	WP_015672512
WP_095848816	WP_212602385
WP_095848816	WP_105231312
WP_095848816	WP_399670087
WP_095848816	WP_203066527
WP_095848816	WP_484591297
WP_095848816	WP_057642978
WP_095848816	WP_212585647
WP_095848816	WP_098904548
WP_095848816	WP_019210093
WP_095848816	WP_005278299
WP_095848816	WP_145495032
WP_095848816	WP_050080744
WP_095848816	WP_338644800
WP_095848816	WP_108087694
WP_095848816	WP_049607240
WP_095848816	WP_145553325
WP_095848816	WP_145579393
WP_095848816	WP_011816400
WP_095848816	WP_087768977
WP_095848816	WP_239849422
WP_095848816	WP_145590976
WP_095848816	WP_338626430
WP_095848816	WP_145509019
WP_095848816	WP_145538190
WP_095848816	WP_219649230
WP_095848816	WP_050132490
WP_095848816	WP_019079493
WP_095848816	WP_427239123
WP_095848816	WP_050134403
WP_095848816	WP_219656079
WP_095848816	WP_342079117
WP_095848816	WP_087815688
WP_095848816	WP_050095445
WP_095848816	WP_427264108
WP_095848816	WP_128451535
WP_095848816	WP_420071552
WP_095848816	WP_005165857
WP_095848816	WP_050140606
WP_095848816	WP_427264923
WP_095848816	WP_447489404
WP_095848816	WP_159678367
WP_095848816	WP_050163358
WP_095848816	WP_005191581
WP_095848816	WP_004712146
WP_095848816	WP_083158916
WP_095848816	WP_254461670
WP_095848816	WP_174849629
WP_095848816	WP_145541315
WP_095848816	WP_263697527
WP_095848816	WP_447486524
WP_095848816	WP_145586947
WP_095848816	WP_458809047
WP_095848816	WP_420073955
WP_095848816	WP_076706626
WP_095848816	WP_407627494
WP_095848816	WP_049526834
WP_095848816	WP_004390854
WP_095848816	WP_050101311
WP_095848816	WP_050156146
WP_095848816	WP_481113138
WP_095848816	WP_145606054
WP_095848816	WP_458818854
WP_095848816	WP_411935922
WP_095848816	WP_145535939
WP_095848816	WP_038633076
WP_095848816	WP_242365004
WP_095848816	WP_004715579
WP_095848816	WP_050299907
WP_095848816	WP_049557333
WP_095848816	WP_057620580
WP_095848816	WP_439306816
WP_095848816	WP_013649945
WP_095848816	WP_099529037
WP_095848816	WP_080608247
WP_095848816	WP_049608775
WP_095848816	WP_075338693
WP_095848816	WP_408579642
WP_095848816	WP_050114502
WP_095848816	WP_145555594
WP_095848816	WP_087817887
WP_095848816	WP_271296440
WP_095848816	WP_338629078
WP_095848816	WP_432320665
WP_095848816	WP_049615794
WP_095848816	WP_016266190
WP_095848816	WP_050085450
WP_095848816	WP_392430739
WP_095848816	WP_126286954
WP_095848816	WP_002210622
WP_095848816	WP_011192446
WP_095848816	WP_038832236
WP_095848816	WP_016604913
WP_095848816	WP_016594614
WP_095848816	WP_012105105
WP_095848816	WP_016261235
WP_095848816	WP_016679553
WP_095848816	WP_025383880
WP_095848816	WP_408068235
WP_095848816	WP_038399844
WP_095848816	WP_050117545
WP_095848816	WP_038893575
WP_095848816	WP_207968040
WP_095848816	WP_038825724
WP_095848816	WP_038823909
WP_095848816	WP_123767253
WP_095848816	WP_050090658
WP_095848816	WP_458854573
WP_095848816	WP_115115389
WP_095848816	WP_016589524
WP_095848816	WP_106461609
WP_095848816	WP_016596023
WP_095848816	WP_033848486
WP_095848816	WP_145475988
WP_095848816	WP_006709699
WP_095848816	WP_252748805
WP_095848816	WP_160743914
WP_095848816	WP_040266076
WP_095848816	WP_339036529
WP_095848816	WP_061770752
WP_095848816	WP_101825621
WP_095848816	WP_101814521
WP_095848816	WP_072930721
WP_095848816	WP_042545939
WP_095848816	WP_049596013
WP_095848816	WP_145563918
WP_095848816	WP_049633410
WP_095848816	WP_145518823
WP_095848816	WP_145489703
WP_095848816	WP_050125155
WP_095848816	WP_054888184
WP_095848816	WP_004876200
WP_095848816	WP_049648509
WP_095848816	WP_049606639
WP_095848816	WP_050141654
WP_095848816	WP_227734286
WP_095848816	WP_077174760
WP_095848816	WP_223497776
WP_095848816	WP_342890065
WP_095848816	WP_039565854
WP_095848816	WP_197652931
WP_095848816	WP_074029213
WP_095848816	WP_186528817
WP_095848816	WP_459402592
WP_095848816	WP_141968496
WP_095848816	WP_338807935
WP_095848816	WP_346825244
WP_095848816	WP_447883746
WP_095848816	WP_015378045
WP_095848816	WP_427662035
WP_095848816	WP_166732663
WP_095848816	WP_024910790
WP_095848816	WP_322192960
WP_095848816	WP_253334398
WP_095848816	WP_149559237
WP_095848816	WP_308347854
WP_095848816	WP_261145146
WP_095848816	WP_442229283
WP_095848816	WP_020827133
WP_095848816	WP_265621301
WP_095848816	WP_141998214
WP_095848816	WP_085819476
WP_095848816	WP_443006868
WP_095848816	WP_241438732
WP_095848816	WP_099062866
WP_095848816	WP_308378282
WP_095848816	WP_164057220
WP_095848816	WP_414946081
WP_095848816	WP_325961773
WP_095848816	WP_421095672
WP_095848816	WP_179246893
WP_095848816	WP_262242494
WP_095848816	WP_037399137
WP_095848816	WP_484384790
WP_095848816	WP_342121528
WP_095848816	WP_099785810
WP_095848816	WP_103686635
WP_095848816	WP_074025883
WP_095848816	WP_164106203
WP_095848816	WP_187961442
WP_095848816	WP_421127907
WP_095848816	WP_343180266
WP_095848816	WP_342192505
WP_095848816	WP_041035352
WP_095848816	WP_262189863
WP_095848816	WP_021181262
WP_095848816	WP_447881167
WP_095848816	WP_473187284
WP_095848816	WP_380673521
WP_095848816	WP_260453800
WP_095848816	WP_444796154
WP_095848816	WP_025159788
WP_095848816	WP_350983740
WP_095848816	WP_234584765
WP_095848816	WP_280631536
WP_095848816	WP_211130492
WP_095848816	WP_260453041
WP_095848816	WP_261115133
WP_095848816	WP_410214059
WP_095848816	WP_317524437
WP_095848816	WP_199636031
WP_095848816	WP_369402647
WP_095848816	WP_038881773
WP_095848816	WP_166730058
WP_095848816	WP_443003109
WP_095848816	WP_333541679
WP_095848816	WP_121606978
WP_095848816	WP_413713273
WP_095848816	WP_261424791
WP_095848816	WP_281041400
WP_095848816	WP_481421943
WP_095848816	WP_182822995
WP_095848816	WP_261390831
WP_095848816	WP_439069077
WP_095848816	WP_142590322
WP_095848816	WP_197808779
WP_095848816	WP_411748623
WP_095848816	WP_112348460
WP_095848816	WP_419235715
WP_095848816	WP_262198500
WP_095848816	WP_147095803
WP_095848816	WP_073534743
WP_095848816	WP_004930691
WP_095848816	WP_442987054
WP_095848816	WP_197831333
WP_095848816	WP_333539204
WP_095848816	WP_261256648
WP_095848816	WP_119802580
WP_095848816	WP_261437028
WP_095848816	WP_429617762
WP_095848816	WP_346403090
WP_095848816	WP_413715203
WP_095848816	WP_038877308
WP_095848816	WP_309149480
WP_095848816	WP_004945205
WP_095848816	WP_434460313
WP_095848816	WP_173409219
WP_095848816	WP_122016339
WP_095848816	WP_287145553
WP_095848816	WP_333551398
WP_095848816	WP_333553542
WP_095848816	WP_411755352
WP_095848816	WP_412555888
WP_095848816	WP_342099620
WP_095848816	WP_261125566
WP_095848816	WP_261284754
WP_095848816	WP_186426985
WP_095848816	WP_418337723
WP_095848816	WP_061795100
WP_095848816	WP_197776244
WP_095848816	WP_342143885
WP_095848816	WP_442990534
WP_095848816	WP_197767366
WP_095848816	WP_013813135
WP_095848816	WP_241922182
WP_095848816	WP_206196462
WP_095848816	WP_252960523
WP_095848816	WP_337047585
WP_095848816	WP_321157474
WP_095848816	WP_148875341
WP_095848816	WP_442991626
WP_095848816	WP_060417865
WP_095848816	WP_135316793
WP_095848816	WP_006321120
WP_095848816	WP_211136046
WP_095848816	WP_089194835
WP_095848816	WP_338909870
WP_095848816	WP_197796858
WP_095848816	WP_318161126
WP_095848816	WP_448174937
WP_095848816	WP_179250433
WP_095848816	WP_202672978
WP_095848816	WP_321166047
WP_095848816	WP_440530085
WP_095848816	WP_241172817
WP_095848816	WP_333550441
WP_095848816	WP_308343770
WP_095848816	WP_033634748
WP_095848816	WP_212560034
WP_095848816	WP_115185162
WP_095848816	WP_129938210
WP_095848816	WP_308870412
WP_095848816	WP_309150118
WP_095848816	WP_197812528
WP_095848816	WP_103829575
WP_095848816	WP_412088525
WP_095848816	WP_060439819
WP_095848816	WP_094859889
WP_095848816	WP_223535609
WP_095848816	WP_409486030
WP_095848816	WP_130017375
WP_095848816	WP_063990039
WP_095848816	WP_102984582
WP_095848816	WP_421105449
WP_095848816	WP_414073997
WP_095848816	WP_046808290
WP_095848816	WP_202727408
WP_095848816	WP_261467608
WP_095848816	WP_214338471
WP_095848816	WP_228206210
WP_095848816	WP_442536681
WP_095848816	WP_234721837
WP_095848816	WP_261162810
WP_095848816	WP_415421869
WP_095848816	WP_277495921
WP_095848816	WP_446287521
WP_095848816	WP_085117037
WP_095848816	WP_261424076
WP_095848816	WP_197754327
WP_095848816	WP_333511932
WP_095848816	WP_330761663
WP_095848816	WP_261458070
WP_095848816	WP_135255389
WP_095848816	WP_321147793
WP_095848816	WP_438690874
WP_095848816	WP_042784671
WP_095848816	WP_117187763
WP_095848816	WP_333511735
WP_095848816	WP_333548573
WP_095848816	WP_044551634
WP_095848816	WP_174574322
WP_095848816	WP_260454249
WP_095848816	WP_419686623
WP_095848816	WP_033647571
WP_095848816	WP_198793154
WP_095848816	WP_047567162
WP_095848816	WP_261146796
WP_095848816	WP_094460779
WP_095848816	WP_308342559
WP_095848816	WP_193549371
WP_095848816	WP_188240269
WP_095848816	WP_318424154
WP_095848816	WP_261280020
WP_095848816	WP_440507183
WP_095848816	WP_025119214
WP_095848816	WP_442999132
WP_095848816	WP_089186055
WP_095848816	WP_261464820
WP_095848816	WP_394948867
WP_095848816	WP_440502459
WP_095848816	WP_248947248
WP_095848816	WP_286637166
WP_095848816	WP_152198267
WP_095848816	WP_169404435
WP_095848816	WP_309368642
WP_095848816	WP_045046682
WP_095848816	WP_055770543
WP_095848816	WP_332740022
WP_095848816	WP_009636003
WP_095848816	WP_369788381
WP_095848816	WP_017493823
WP_095848816	WP_269130480
WP_095848816	WP_338855483
WP_095848816	WP_317697015
WP_095848816	WP_243810271
WP_095848816	WP_076940201
WP_095848816	WP_337262375
WP_095848816	WP_156294391
WP_095848816	WP_265553507
WP_095848816	WP_042524917
WP_095848816	WP_040155054
WP_095848816	WP_234049202
WP_095848816	WP_248594011
WP_095848816	WP_038242556
WP_095848816	WP_267260592
WP_095848816	WP_209633820
WP_095848816	WP_037415810
WP_095848816	WP_153860243
WP_095848816	WP_259005591
WP_095848816	WP_473197689
WP_095848816	WP_484379980
WP_095848816	WP_023491655
WP_095848816	WP_445650729
WP_095848816	WP_012145384
WP_095848816	WP_088499704
WP_095848816	WP_005169368
WP_095848816	WP_050137857
WP_095848816	WP_481125306
WP_095848816	WP_137763310
WP_095848816	WP_049598252
WP_095848816	WP_064513656
WP_410428695	WP_410428695
WP_410428695	WP_026742481
WP_410428695	WP_094109469
WP_410428695	WP_074727936
WP_410428695	WP_085651350
WP_410428695	WP_410421447
WP_410428695	WP_112131507
WP_410428695	WP_026739446
WP_410428695	WP_410407474
WP_410428695	WP_094106935
WP_410428695	WP_112103958
WP_410428695	WP_410440608
WP_410428695	WP_304168641
WP_410428695	WP_410409864
WP_410428695	WP_085684061
WP_410428695	WP_410411021
WP_410428695	WP_410418480
WP_410428695	WP_410442484
WP_410428695	WP_410430954
WP_410428695	WP_410415121
WP_410428695	WP_410451608
WP_410428695	WP_410439761
WP_410428695	WP_410426377
WP_410428695	WP_094100514
WP_410428695	WP_410444909
WP_410428695	WP_315710816
WP_410428695	WP_021015979
WP_410428695	WP_475651853
WP_430476150	WP_430476150
WP_430476150	WP_024524613
WP_430476150	WP_416711243
WP_430476150	WP_337977291
WP_430476150	WP_035603017
WP_430476150	WP_370555667
WP_430476150	WP_370557619
WP_430476150	WP_370550371
WP_430476150	WP_068871393
WP_430476150	WP_034165152
WP_430476150	WP_370545812
WP_430476150	WP_370548887
WP_430476150	WP_456195617
WP_430476150	WP_279509477
WP_430476150	WP_070244985
WP_430476150	WP_438333694
WP_430476150	WP_456190765
WP_430476150	WP_395755048
WP_430476150	WP_370558624
WP_430476150	WP_370554414
WP_430476150	WP_073382169
WP_430476150	WP_283294678
WP_430476150	WP_005285326
WP_430476150	WP_012848405
WP_430476150	WP_116603325
WP_430476150	WP_047060003
WP_430476150	WP_015871044
WP_430476150	WP_205438287
WP_004248126	WP_004248126
WP_004248126	WP_108716977
WP_004248126	WP_273631551
WP_004248126	WP_196726817
WP_004248126	WP_286448764
WP_004248126	WP_212551750
WP_004248126	WP_185160351
WP_004248126	WP_165715147
WP_004248126	WP_159262436
WP_004248126	WP_387507116
WP_004248126	WP_369504385
WP_004248126	WP_152964616
WP_004248126	WP_049236182
WP_004248126	WP_430257706
WP_004248126	WP_348854418
WP_004248126	WP_387521070
WP_004248126	WP_058336137
WP_004248126	WP_369362076
WP_004248126	WP_135092017
WP_004248126	WP_259693887
WP_004248126	WP_283533941
WP_004248126	WP_155289876
WP_004248126	WP_460408097
WP_004248126	WP_409547266
WP_004248126	WP_368871459
WP_004248126	WP_161778815
WP_004248126	WP_060559033
WP_004248126	WP_368881827
WP_004248126	WP_368879049
WP_004248126	WP_004243046
WP_004248126	WP_277270177
WP_004248126	WP_124743586
WP_004248126	WP_168725650
WP_004248126	WP_410920233
WP_004248126	WP_113976566
WP_004248126	WP_269602296
WP_004248126	WP_326368792
WP_004248126	WP_413689442
WP_004248126	WP_476641610
WP_004248126	WP_100158177
WP_004248126	WP_151435029
WP_004248126	WP_198812929
WP_004248126	WP_023582278
WP_004248126	WP_109372365
WP_004248126	WP_088495696
WP_004248126	WP_196734323
WP_004248126	WP_161748199
WP_004248126	WP_196565964
WP_004248126	WP_109394333
WP_004248126	WP_198619564
WP_004248126	WP_325932089
WP_004248126	WP_099075313
WP_004248126	WP_072062505
WP_004248126	WP_069369237
WP_004248126	WP_109400377
WP_004248126	WP_165124067
WP_004248126	WP_161710883
WP_004248126	WP_109397359
WP_004248126	WP_194952407
WP_004248126	WP_248620632
WP_004248126	WP_249717860
WP_004248126	WP_337240493
WP_004248126	WP_260798075
WP_004248126	WP_285714372
WP_004248126	WP_196556050
WP_004248126	WP_161706602
WP_004248126	WP_075672092
WP_004248126	WP_349460423
WP_004248126	WP_109850018
WP_004248126	WP_368887702
WP_004248126	WP_311750765
WP_004248126	WP_368468289
WP_004248126	WP_349421462
WP_004248126	WP_109408755
WP_004248126	WP_166541309
WP_004248126	WP_036937101
WP_004248126	WP_349438925
WP_004248126	WP_115370258
WP_004248126	WP_072068002
WP_004248126	WP_286439938
WP_004248126	WP_087802490
WP_004248126	WP_198622324
WP_004248126	WP_103004754
WP_004248126	WP_193017257
WP_004248126	WP_066753390
WP_004248126	WP_369507944
WP_004248126	WP_247851139
WP_004248126	WP_311751804
WP_004248126	WP_349463207
WP_004248126	WP_064719827
WP_004248126	WP_129040788
WP_004248126	WP_197570600
WP_004248126	WP_149127533
WP_042843673	WP_042843673
WP_042843673	WP_333986555
WP_042843673	WP_213637182
WP_042843673	WP_115167208
WP_042843673	WP_272670037
WP_042843673	WP_206086097
WP_042843673	WP_415886586
WP_042843673	WP_369106719
WP_042843673	WP_210844850
WP_042843673	WP_369486845
WP_042843673	WP_272693886
WP_042843673	WP_279862938
WP_042843673	WP_430252655
WP_042843673	WP_285315643
WP_042843673	WP_219247790
WP_042843673	WP_318836966
WP_042843673	WP_272573170
WP_042843673	WP_004911045
WP_042843673	WP_198633363
WP_042843673	WP_449059557
WP_042843673	WP_272538131
WP_042843673	WP_210815281
WP_042843673	WP_267750841
WP_042843673	WP_125893141
WP_042843673	WP_048607257
WP_042843673	WP_272686885
WP_042843673	WP_206276069
WP_042843673	WP_210847076
WP_042843673	WP_164455610
WP_042843673	WP_196718366
WP_042843673	WP_110591755
WP_042843673	WP_462879063
WP_042843673	WP_349489072
WP_042843673	WP_369311072
WP_042843673	WP_349489243
WP_042843673	WP_369484996
WP_042843673	WP_353241587
WP_042843673	WP_164528815
WP_042843673	WP_449312054
WP_042843673	WP_004254195
WP_042843673	WP_102138621
WP_042843673	WP_419402150
WP_042843673	WP_140172199
WP_042843673	WP_369469098
WP_042843673	WP_228677000
WP_042843673	WP_210844260
WP_042843673	WP_273838510
WP_042843673	WP_154625761
WP_042843673	WP_040133195
WP_042843673	WP_458047823
WP_042843673	WP_350587016
WP_042843673	WP_318576085
WP_042843673	WP_154598918
WP_042843673	WP_350572690
WP_042843673	WP_004920164
WP_042843673	WP_272526281
WP_042843673	WP_036940356
WP_042843673	WP_196717784
WP_042843673	WP_432701498
WP_042843673	WP_206088976
WP_042843673	WP_473774719
WP_042843673	WP_171830558
WP_042843673	WP_179896241
WP_042843673	WP_154603745
WP_042843673	WP_006658706
WP_042843673	WP_006812921
WP_042843673	WP_211885682
WP_042843673	WP_154626971
WP_042843673	WP_036956550
WP_042843673	WP_115164340
WP_042843673	WP_181477197
WP_042843673	WP_225575388
WP_042843673	WP_036979408
WP_042843673	WP_132495997
WP_042843673	WP_154601023
WP_042843673	WP_224057652
WP_042843673	WP_036965781
WP_042843673	WP_154639577
WP_042843673	WP_407901586
WP_042843673	WP_270104018
WP_042843673	WP_036963747
WP_042843673	WP_323086315
WP_042843673	WP_036975684
WP_042843673	WP_154635060
WP_042843673	WP_349487837
WP_042843673	WP_283125166
WP_042843673	WP_336193183
WP_042843673	WP_140179542
WP_042843673	WP_272657937
WP_042843673	WP_369120815
WP_042843673	WP_154624947
WP_042843673	WP_008911059
WP_042843673	WP_272577989
WP_042843673	WP_250000444
WP_042843673	WP_369476155
WP_042843673	WP_421667338
WP_042843673	WP_070928114
WP_042843673	WP_369513390
WP_042843673	WP_368877393
WP_042843673	WP_369119163
WP_042843673	WP_430259531
WP_042843673	WP_068907130
WP_042843673	WP_068444109
WP_042843673	WP_434719008
WP_042843673	WP_294106115
WP_042843673	WP_008915752
WP_214177186	WP_214177186
WP_214177186	WP_153642326
WP_214177186	WP_318668099
WP_214177186	WP_105369902
WP_214177186	WP_230061228
WP_214177186	WP_369452595
WP_214177186	WP_434691288
WP_214177186	WP_274765229
WP_214177186	WP_484535142
WP_214177186	WP_434999611
WP_214177186	WP_214231669
WP_214177186	WP_107680258
WP_214177186	WP_214050926
WP_214177186	WP_214167359
WP_214177186	WP_349416584
WP_214177186	WP_108657634
WP_214177186	WP_163622936
WP_214177186	WP_064483088
WP_214177186	WP_214183307
WP_214177186	WP_262861972
WP_214177186	WP_318668978
WP_214177186	WP_486407901
WP_214177186	WP_371004556
WP_214177186	WP_024473153
WP_214177186	WP_476428356
WP_214177186	WP_484545735
WP_214177186	WP_141178214
WP_214177186	WP_446850640
WP_214177186	WP_004239222
WP_214177186	WP_283623780
WP_214177186	WP_186848665
WP_214177186	WP_262864705
WP_214177186	WP_218454103
WP_214177186	WP_341263670
WP_214177186	WP_284025443
WP_214177186	WP_392497023
WP_214177186	WP_052927652
WP_214177186	WP_025153127
WP_214177186	WP_046893610
WP_214177186	WP_435346845
WP_214177186	WP_274369554
WP_214177186	WP_166707921
WP_214177186	WP_420173566
WP_214177186	WP_214192875
WP_214177186	WP_349418062
WP_214177186	WP_152696218
WP_214177186	WP_483727690
WP_214177186	WP_182108183
WP_214177186	WP_341258921
WP_214177186	WP_126323792
WP_214177186	WP_214218625
WP_214177186	WP_341265194
WP_214177186	WP_354632747
WP_214177186	WP_214182449
WP_214177186	WP_234598714
WP_214177186	WP_214208881
WP_214177186	WP_214271390
WP_214177186	WP_349474948
WP_214177186	WP_368889289
WP_214177186	WP_337137276
WP_214177186	WP_101924088
WP_214177186	WP_072868826
WP_214177186	WP_435339419
WP_214177186	WP_186723891
WP_214177186	WP_413482628
WP_214177186	WP_413491940
WP_214177186	WP_067406336
WP_214177186	WP_067364616
WP_039044872	WP_039044872
WP_039044872	WP_435131219
WP_039044872	WP_215789647
WP_039044872	WP_152146978
WP_039044872	WP_340310190
WP_039044872	WP_152113748
WP_039044872	WP_112865786
WP_039044872	WP_106910526
WP_039044872	WP_215805596
WP_039044872	WP_207541734
WP_039044872	WP_084977449
WP_039044872	WP_152138971
WP_039044872	WP_010863937
WP_039044872	WP_047709099
WP_039044872	WP_311756499
WP_039044872	WP_219256990
WP_039044872	WP_152117839
WP_039044872	WP_152128287
WP_438634964	WP_438634964
WP_438634964	WP_438642120
WP_438634964	WP_479535809
WP_438634964	WP_438623417
WP_438634964	WP_438641372
WP_439437089	WP_439437089
WP_439437089	WP_077577265
WP_439437089	WP_077522466
WP_439437089	WP_069362601
WP_439437089	WP_077461047
WP_439437089	WP_077772752
WP_439437089	WP_074212904
WP_439437089	WP_077607940
WP_439437089	WP_077638948
WP_439437089	WP_486667725
WP_439437089	WP_077774155
WP_439437089	WP_077662970
WP_439437089	WP_475139737
WP_439437089	WP_077577951
WP_439437089	WP_077606340
WP_439437089	WP_486676197
WP_439437089	WP_025738670
WP_439437089	WP_167314239
WP_439437089	WP_487252625
WP_439437089	WP_077458903
WP_439437089	WP_269598364
WP_439437089	WP_077600424
WP_439437089	WP_269600310
WP_439437089	WP_069590143
WP_439437089	WP_116644638
WP_439437089	WP_077480185
WP_439437089	WP_152796746
WP_439437089	WP_077456760
WP_439437089	WP_269579741
WP_439437089	WP_077667140
WP_439437089	WP_077647074
WP_439437089	WP_025673753
WP_439437089	WP_269587595
WP_439437089	WP_021023936
WP_439437089	WP_046073425
WP_439437089	WP_077673992
WP_439437089	WP_077676427
WP_439437089	WP_077669351
WP_439437089	WP_077485747
WP_166915807	WP_166915807
WP_054419580	WP_054419580
WP_054419580	WP_481251768
WP_054419580	WP_049365479
WP_054419580	WP_111327993
WP_054419580	WP_418601654
WP_054419580	WP_014065398
WP_054419580	WP_111386084
WP_054419580	WP_197545554
WP_054419580	WP_126471339
WP_054419580	WP_288329035
WP_054419580	WP_049376413
WP_054419580	WP_111303999
WP_054419580	WP_308605269
WP_054419580	WP_480069198
WP_054419580	WP_197544549
WP_054419580	WP_284173654
WP_054419580	WP_295661900
WP_054419580	WP_049373435
WP_054419580	WP_197546710
WP_054419580	WP_070582428
WP_054419580	WP_197543327
WP_054419580	WP_075875467
WP_054419580	WP_294790267
WP_054419580	WP_070775880
WP_054419580	WP_111407023
WP_054419580	WP_070592066
WP_054419580	WP_197560439
WP_054419580	WP_115003713
WP_054419580	WP_302997784
WP_054419580	WP_197559420
WP_054419580	WP_197555609
WP_054419580	WP_049374518
WP_054419580	WP_308569848
WP_054419580	WP_193451911
WP_054419580	WP_288505985
WP_054419580	WP_049380835
WP_054419580	WP_049355717
WP_054419580	WP_070712941
WP_054419580	WP_480040917
WP_054419580	WP_295653217
WP_054419580	WP_295657057
WP_054419580	WP_480042547
WP_054419580	WP_075916987
WP_054419580	WP_265469513
WP_054419580	WP_149785870
WP_054419580	WP_370766191
WP_054419580	WP_197569778
WP_054419580	WP_295650492
WP_054419580	WP_065243278
WP_054419580	WP_197562432
WP_054419580	WP_049363504
WP_054419580	WP_290914849
WP_054419580	WP_111327220
WP_054419580	WP_455936163
WP_054419580	WP_308568906
WP_054419580	WP_049368751
WP_054419580	WP_115179403
WP_054419580	WP_102704409
WP_054419580	WP_178161146
WP_054419580	WP_285267548
WP_054419580	WP_294840401
WP_054419580	WP_371447674
WP_054419580	WP_295673507
WP_054419580	WP_302482037
WP_054419580	WP_070867864
WP_054419580	WP_289901776
WP_054419580	WP_295665404
WP_054419580	WP_197542049
WP_054419580	WP_111315878
WP_054419580	WP_371485642
WP_054419580	WP_481250454
WP_054419580	WP_288533739
WP_054419580	WP_204696987
WP_054419580	WP_005696133
WP_054419580	WP_193476051
WP_054419580	WP_308602389
WP_054419580	WP_065244695
WP_054419580	WP_308565955
WP_054419580	WP_005697517
WP_054419580	WP_065285255
WP_054419580	WP_314722366
WP_054419580	WP_095177151
WP_054419580	WP_295668321
WP_054419580	WP_178410578
WP_054419580	WP_485920228
WP_054419580	WP_115912804
WP_054419580	WP_049370965
WP_054419580	WP_485951727
WP_054419580	WP_049384125
WP_054419580	WP_295743527
WP_054419580	WP_197553776
WP_054419580	WP_290992821
WP_161157959	WP_161157959
WP_161157959	WP_342608497
WP_161157959	WP_068713349
WP_161157959	WP_261895764
WP_109318062	WP_109318062
WP_109318062	WP_100798927
WP_109318062	WP_481080119
WP_065236723	WP_065236723
WP_065236723	WP_065233073
WP_065236723	WP_039083418
WP_065236723	WP_039145862
WP_065236723	WP_416101748
WP_065236723	WP_065231332
WP_065236723	WP_066112773
WP_065236723	WP_302507355
WP_065236723	WP_382368559
WP_065236723	WP_066109284
WP_065236723	WP_285093428
WP_065236723	WP_416073771
WP_065236723	WP_039089898
WP_065236723	WP_039166606
WP_065236723	WP_264780301
WP_065236723	WP_039139011
WP_065236723	WP_382375739
WP_065236723	WP_335803652
WP_065236723	WP_039096786
WP_065236723	WP_094933751
WP_065236723	WP_416103626
WP_065236723	WP_458004209
WP_065236723	WP_018346637
WP_065236723	WP_271142225
WP_065236723	WP_013747230
WP_065236723	WP_039164285
WP_065236723	WP_285096775
WP_065236723	WP_039154270
WP_065236723	WP_335798180
WP_065236723	WP_021461512
WP_065236723	WP_039150646
WP_065236723	WP_039081779
WP_065236723	WP_065238482
WP_065236723	WP_039158618
WP_065236723	WP_094873402
WP_065236723	WP_039168906
WP_065236723	WP_039171518
WP_065236723	WP_065234127
WP_065236723	WP_039091086
WP_065236723	WP_335798984
WP_065236723	WP_335800800
WP_065236723	WP_039142357
WP_065236723	WP_039135930
WP_065236723	WP_039086764
WP_065236723	WP_416074342
WP_423091512	WP_423091512
WP_423091512	WP_110479206
WP_423091512	WP_330933150
WP_423091512	WP_250363043
WP_423091512	WP_423071551
WP_423091512	WP_130230351
WP_423091512	WP_423103601
WP_423091512	WP_423069880
WP_423091512	WP_423080555
WP_423091512	WP_194750654
WP_423091512	WP_423075703
WP_423091512	WP_411607545
WP_423091512	WP_423107496
WP_423091512	WP_395897742
WP_423091512	WP_423102591
WP_423091512	WP_423080406
WP_423091512	WP_423098841
WP_423091512	WP_264243705
WP_423091512	WP_410685972
WP_423091512	WP_410678633
WP_423091512	WP_416094009
WP_423091512	WP_423100028
WP_423091512	WP_250350219
WP_423091512	WP_265761899
WP_423091512	WP_103852906
WP_423091512	WP_126372579
WP_423091512	WP_423074185
WP_423091512	WP_423101576
WP_423091512	WP_265753804
WP_423091512	WP_423110586
WP_423091512	WP_264255413
WP_423091512	WP_423096302
WP_423091512	WP_423112976
WP_423091512	WP_194742921
WP_423091512	WP_103854905
WP_423091512	WP_265778171
WP_423091512	WP_423082454
WP_423091512	WP_410682116
WP_423091512	WP_416086114
WP_423091512	WP_416091327
WP_423091512	WP_423101063
WP_423091512	WP_115249548
WP_423091512	WP_035685089
WP_423091512	WP_423110263
WP_423091512	WP_423104471
WP_423091512	WP_046098886
WP_423091512	WP_423105807
WP_423091512	WP_410680424
WP_423091512	WP_423087609
WP_423091512	WP_416082439
WP_423091512	WP_416081008
WP_423091512	WP_423093548
WP_423091512	WP_017805692
WP_423091512	WP_265756817
WP_423091512	WP_411593373
WP_423091512	WP_423073692
WP_423091512	WP_423090564
WP_423091512	WP_423095011
WP_423091512	WP_423110783
WP_423091512	WP_423084484
WP_300316944	WP_300316944
WP_300316944	WP_126752783
WP_300316944	WP_053952853
WP_300316944	WP_058579440
WP_300316944	WP_100690478
WP_300316944	WP_129496177
WP_300316944	WP_303732331
WP_300316944	WP_088768552
WP_300316944	WP_289117256
WP_300316944	WP_290609313
WP_265689406	WP_265689406
WP_265689406	WP_457524337
WP_265689406	WP_047043504
WP_265689406	WP_252030249
WP_265689406	WP_289962803
WP_265689406	WP_264875893
WP_265689406	WP_394240735
WP_265689406	WP_164649702
WP_265689406	WP_290295825
WP_265689406	WP_446549756
WP_265689406	WP_070963671
WP_265689406	WP_367988642
WP_265689406	WP_171801316
WP_265689406	WP_239826207
WP_265689406	WP_004744344
WP_265689406	WP_331423101
WP_265689406	WP_367937514
WP_265689406	WP_486786420
WP_265689406	WP_427012510
WP_265689406	WP_427010895
WP_265689406	WP_069665903
WP_265689406	WP_171382098
WP_265689406	WP_425666577
WP_265689406	WP_272786722
WP_265689406	WP_171322620
WP_265689406	WP_223094253
WP_265689406	WP_101112295
WP_265689406	WP_224055368
WP_265689406	WP_022595650
WP_265689406	WP_190336001
WP_265689406	WP_022551015
WP_265689406	WP_004406549
WP_265689406	WP_104398850
WP_265689406	WP_305395447
WP_265689406	WP_022610573
WP_265689406	WP_200767026
WP_265689406	WP_428772810
WP_265689406	WP_481707650
WP_265689406	WP_161455137
WP_265689406	WP_021704046
WP_265689406	WP_161453290
WP_265689406	WP_167421134
WP_265689406	WP_053410785
WP_265689406	WP_053393786
WP_265689406	WP_282177002
WP_265689406	WP_257083533
WP_265689406	WP_075709123
WP_265689406	WP_065741439
WP_265689406	WP_176287441
WP_265689406	WP_172845569
WP_265689406	WP_093271841
WP_265689406	WP_038176919
WP_265689406	WP_045955369
WP_265689406	WP_006880965
WP_265689406	WP_391089599
WP_265689406	WP_100753180
WP_265689406	WP_117233241
WP_265689406	WP_375750297
WP_265689406	WP_275129597
WP_265689406	WP_435328160
WP_265689406	WP_161685961
WP_265689406	WP_176680145
WP_265689406	WP_239830212
WP_265689406	WP_372125575
WP_265689406	WP_261884633
WP_265689406	WP_239848776
WP_265689406	WP_243583406
WP_265689406	WP_108186041
WP_265689406	WP_004736442
WP_265689406	WP_260256812
WP_265689406	WP_243578901
WP_265689406	WP_102450267
WP_265689406	WP_114633777
WP_265689406	WP_108189383
WP_265689406	WP_145565068
WP_265689406	WP_017076459
WP_265689406	WP_102557367
WP_265689406	WP_479274550
WP_265689406	WP_104214509
WP_265689406	WP_280541093
WP_265689406	WP_479303538
WP_265689406	WP_372266936
WP_265689406	WP_479306449
WP_265689406	WP_137372472
WP_265689406	WP_017104280
WP_265689406	WP_479298379
WP_265689406	WP_479302197
WP_265689406	WP_017085853
WP_265689406	WP_256798994
WP_265689406	WP_102462441
WP_265689406	WP_280603846
WP_265689406	WP_479301300
WP_265689406	WP_231900159
WP_265689406	WP_429768139
WP_265689406	WP_372337392
WP_265689406	WP_135454582
WP_265689406	WP_060467399
WP_265689406	WP_161752218
WP_265689406	WP_102507515
WP_265689406	WP_136979171
WP_265689406	WP_017055037
WP_265689406	WP_373938462
WP_265689406	WP_105025272
WP_265689406	WP_017062103
WP_265689406	WP_248336861
WP_265689406	WP_260809197
WP_265689406	WP_086713702
WP_265689406	WP_372383986
WP_265689406	WP_102546019
WP_265689406	WP_422488762
WP_265689406	WP_102460946
WP_265689406	WP_102563748
WP_265689406	WP_371707373
WP_265689406	WP_009846346
WP_265689406	WP_102257367
WP_265689406	WP_012603610
WP_265689406	WP_428757622
WP_265689406	WP_446575717
WP_265689406	WP_372068400
WP_265689406	WP_331440419
WP_265689406	WP_261903876
WP_265689406	WP_032549444
WP_265689406	WP_408694198
WP_265689406	WP_261883120
WP_265689406	WP_152468460
WP_265689406	WP_239840593
WP_265689406	WP_255231007
WP_265689406	WP_150895166
WP_265689406	WP_479260026
WP_265689406	WP_054547284
WP_265689406	WP_076679013
WP_265689406	WP_102442063
WP_265689406	WP_146450026
WP_265689406	WP_136978342
WP_265689406	WP_261837595
WP_265689406	WP_429748569
WP_265689406	WP_372091034
WP_265689406	WP_019820987
WP_265689406	WP_372136903
WP_265689406	WP_136982376
WP_265689406	WP_171366646
WP_265689406	WP_102423566
WP_265689406	WP_060982350
WP_265689406	WP_061018455
WP_265689406	WP_102278146
WP_265689406	WP_372103110
WP_265689406	WP_171308501
WP_265689406	WP_399694242
WP_265689406	WP_102498535
WP_265689406	WP_004737437
WP_265689406	WP_373942746
WP_265689406	WP_061034216
WP_265689406	WP_248369014
WP_265689406	WP_102522258
WP_265689406	WP_290325830
WP_265689406	WP_252022813
WP_265689406	WP_132743020
WP_265689406	WP_102464236
WP_265689406	WP_372156476
WP_265689406	WP_048616259
WP_265689406	WP_050648553
WP_265689406	WP_048607325
WP_265689406	WP_048612738
WP_265689406	WP_372256811
WP_265689406	WP_132970232
WP_265689406	WP_161678035
WP_265689406	WP_372102508
WP_265689406	WP_327783670
WP_265689406	WP_132968248
WP_265689406	WP_065101189
WP_265689406	WP_102360722
WP_265689406	WP_016768417
WP_265689406	WP_371713349
WP_265689406	WP_239961530
WP_265689406	WP_371720702
WP_265689406	WP_076650506
WP_265689406	WP_239831387
WP_265689406	WP_122053527
WP_265689406	WP_304569100
WP_265689406	WP_239930953
WP_265689406	WP_102567186
WP_265689406	WP_285402179
WP_265689406	WP_046222745
WP_265689406	WP_372101103
WP_265689406	WP_135383952
WP_265689406	WP_055319754
WP_265689406	WP_171732047
WP_265689406	WP_372116430
WP_265689406	WP_479255062
WP_265689406	WP_086049111
WP_265689406	WP_372109830
WP_265689406	WP_372147965
WP_265689406	WP_239918183
WP_265689406	WP_171733802
WP_265689406	WP_280554731
WP_265689406	WP_471632570
WP_265689406	WP_137001135
WP_265689406	WP_102398105
WP_265689406	WP_372108529
WP_265689406	WP_229647100
WP_265689406	WP_123309859
WP_265689406	WP_372170173
WP_265689406	WP_213865095
WP_265689406	WP_434565997
WP_265689406	WP_171730697
WP_265689406	WP_137033569
WP_265689406	WP_299687938
WP_265689406	WP_268671398
WP_265689406	WP_265973614
WP_265689406	WP_233893193
WP_265689406	WP_063524019
WP_265689406	WP_135380547
WP_265689406	WP_017099940
WP_265689406	WP_372073684
WP_265689406	WP_050643790
WP_265689406	WP_372164182
WP_265689406	WP_137007604
WP_265689406	WP_102455593
WP_265689406	WP_102571643
WP_265689406	WP_086775874
WP_265689406	WP_481085095
WP_265689406	WP_390189304
WP_265689406	WP_456295918
WP_265689406	WP_438457591
WP_265689406	WP_464903692
WP_265689406	WP_250613110
WP_265689406	WP_237362465
WP_454453780	WP_454453780
WP_454453780	WP_075592828
WP_454453780	WP_035495014
WP_454453780	WP_279430394
WP_454453780	WP_487012472
WP_454453780	WP_164692131
WP_454453780	WP_261468455
WP_454453780	WP_075630683
WP_454453780	WP_487015752
WP_454453780	WP_160420937
WP_454453780	WP_404857579
WP_454453780	WP_279416753
WP_454453780	WP_207326807
WP_454453780	WP_035520262
WP_454453780	WP_035490613
WP_454453780	WP_279429842
WP_454453780	WP_404860961
WP_454453780	WP_487011924
WP_454453780	WP_454446524
WP_454453780	WP_162855923
WP_454453780	WP_279430851
WP_454453780	WP_457999216
WP_454453780	WP_159179896
WP_454453780	WP_021109419
WP_454453780	WP_487032473
WP_454453780	WP_160432802
WP_454453780	WP_426875994
WP_454453780	WP_042905719
WP_454453780	WP_420740523
WP_454453780	WP_157403180
WP_454453780	WP_279423833
WP_454453780	WP_261552353
WP_454453780	WP_078208165
WP_454453780	WP_330462641
WP_454453780	WP_279421725
WP_454453780	WP_160436985
WP_454453780	WP_279422787
WP_454453780	WP_404872506
WP_454453780	WP_160555720
WP_454453780	WP_279428198
WP_454453780	WP_160436742
WP_454453780	WP_404857203
WP_454453780	WP_021114792
WP_454453780	WP_160420088
WP_454453780	WP_279419331
WP_454453780	WP_373767453
WP_454453780	WP_279424983
WP_454453780	WP_279415562
WP_454453780	WP_062923853
WP_454453780	WP_160414886
WP_454453780	WP_404865834
WP_454453780	WP_279416930
WP_454453780	WP_279405819
WP_454453780	WP_160435131
WP_454453780	WP_149350836
WP_454453780	WP_279417511
WP_454453780	WP_075620887
WP_454453780	WP_279427564
WP_454453780	WP_176443747
WP_454453780	WP_454444582
WP_454453780	WP_404865552
WP_454453780	WP_279404450
WP_454453780	WP_487014235
WP_454453780	WP_164689449
WP_454453780	WP_487013520
WP_454453780	WP_454452330
WP_454453780	WP_279426740
WP_454453780	WP_012621609
WP_454453780	WP_279414832
WP_454453780	WP_160412944
WP_454453780	WP_005710869
WP_454453780	WP_279414137
WP_454453780	WP_454450175
WP_454453780	WP_454463085
WP_454453780	WP_279425919
WP_454453780	WP_160414278
WP_454453780	WP_035496414
WP_454453780	WP_487015910
WP_454453780	WP_487031068
WP_454453780	WP_160404836
WP_454453780	WP_487015599
WP_454453780	WP_373778385
WP_454453780	WP_279430641
WP_454453780	WP_196980346
WP_454453780	WP_160414660
WP_454453780	WP_338824942
WP_454453780	WP_160428927
WP_454453780	WP_261477222
WP_454453780	WP_404866499
WP_454453780	WP_021116753
WP_454453780	WP_160427596
WP_454453780	WP_487011765
WP_454453780	WP_426877717
WP_454453780	WP_487012908
WP_454453780	WP_160416681
WP_454453780	WP_487013698
WP_454453780	WP_207342861
WP_454453780	WP_160440810
WP_454453780	WP_279431047
WP_454453780	WP_487009299
WP_454453780	WP_457409911
WP_454453780	WP_373819064
WP_454453780	WP_487010148
WP_454453780	WP_404865172
WP_454453780	WP_071610152
WP_454453780	WP_160429331
WP_454453780	WP_038514169
WP_454453780	WP_416108491
WP_454453780	WP_404864871
WP_454453780	WP_487013139
WP_454453780	WP_487017717
WP_454453780	WP_279431828
WP_454453780	WP_279419150
WP_454453780	WP_279414318
WP_454453780	WP_261576987
WP_454453780	WP_279409036
WP_454453780	WP_021110589
WP_454453780	WP_203398940
WP_454453780	WP_487034693
WP_454453780	WP_279425700
WP_454453780	WP_426841397
WP_454453780	WP_426994805
WP_454453780	WP_487019996
WP_454453780	WP_279414952
WP_454453780	WP_160415970
WP_454453780	WP_261549754
WP_454453780	WP_160421751
WP_454453780	WP_279416334
WP_454453780	WP_075592208
WP_454453780	WP_487009770
WP_454453780	WP_160404964
WP_454453780	WP_279421232
WP_454453780	WP_111749098
WP_454453780	WP_454462524
WP_454453780	WP_279429547
WP_454453780	WP_420722248
WP_454453780	WP_160427225
WP_454453780	WP_426879277
WP_454453780	WP_112062991
WP_454453780	WP_279422418
WP_454453780	WP_026916483
WP_454453780	WP_279408341
WP_454453780	WP_487011000
WP_454453780	WP_261483654
WP_454453780	WP_160433997
WP_454453780	WP_404871261
WP_454453780	WP_279407040
WP_454453780	WP_487015457
WP_454453780	WP_075605684
WP_454453780	WP_044009045
WP_454453780	WP_330429262
WP_454453780	WP_279423484
WP_454453780	WP_021115833
WP_454453780	WP_279410376
WP_454453780	WP_035525139
WP_454453780	WP_279423999
WP_454453780	WP_279411549
WP_454453780	WP_157393781
WP_454453780	WP_010785769
WP_454453780	WP_124210517
WP_454453780	WP_078236847
WP_454453780	WP_123955966
WP_454453780	WP_454096905
WP_475321624	WP_475321624
WP_460883324	WP_460883324
WP_460883324	WP_463948602
WP_216782300	WP_216782300
WP_394392394	WP_394392394
WP_394392394	WP_041418062
WP_394392394	WP_220111911
WP_334472088	WP_334472088
WP_334472088	WP_026821992
WP_334472088	WP_180559914
WP_334472088	WP_280626158
WP_334472088	WP_280548305
WP_334472088	WP_479372546
WP_334472088	WP_180816698
WP_334472088	WP_406934392
WP_334472088	WP_280937120
WP_334472088	WP_290604250
WP_334472088	WP_181994800
WP_334472088	WP_474452642
WP_334472088	WP_032115003
WP_334472088	WP_406942604
WP_334472088	WP_310510838
WP_334472088	WP_063655885
WP_334472088	WP_406930630
WP_334472088	WP_339053162
WP_334472088	WP_406931622
WP_334472088	WP_406936310
WP_334472088	WP_280628618
WP_334472088	WP_406938173
WP_067566088	WP_067566088
WP_232768921	WP_232768921
WP_345014207	WP_345014207
WP_345014207	WP_409420237
WP_047976142	WP_047976142
WP_047976142	WP_135055221
WP_075609210	WP_075609210
WP_428798021	WP_428798021
WP_428798021	WP_434996687
WP_428798021	WP_099607476
WP_428798021	WP_194435882
WP_428798021	WP_095571737
WP_428798021	WP_008080426
WP_428798021	WP_339386260
WP_428798021	WP_006712555
WP_428798021	WP_427020995
WP_428798021	WP_252035060
WP_428798021	WP_039626232
WP_428798021	WP_009384973
WP_428798021	WP_126574481
WP_428798021	WP_394144555
WP_428798021	WP_038156048
WP_428798021	WP_064487777
WP_428798021	WP_331427514
WP_428798021	WP_095560475
WP_428798021	WP_039483662
WP_428798021	WP_162062676
WP_428798021	WP_239960228
WP_428798021	WP_239838238
WP_428798021	WP_171346906
WP_428798021	WP_075648040
WP_428798021	WP_206374211
WP_428798021	WP_287224867
WP_428798021	WP_065430669
WP_428798021	WP_123782457
WP_428798021	WP_114765333
WP_428798021	WP_065545156
WP_428798021	WP_039478450
WP_428798021	WP_172849455
WP_428798021	WP_454448994
WP_428798021	WP_409458152
WP_428798021	WP_038192898
WP_428798021	WP_005600147
WP_428798021	WP_408688391
WP_428798021	WP_171758953
WP_428798021	WP_269377165
WP_428798021	WP_049846800
WP_428798021	WP_138972406
WP_428798021	WP_019277761
WP_428798021	WP_331416026
WP_428798021	WP_269980294
WP_428798021	WP_268676972
WP_428798021	WP_171352351
WP_428798021	WP_134836850
WP_428798021	WP_043008734
WP_428798021	WP_334472900
WP_428798021	WP_040991531
WP_428798021	WP_426951243
WP_428798021	WP_171340648
WP_428798021	WP_350358658
WP_428798021	WP_248328439
WP_428798021	WP_239865704
WP_428798021	WP_009603463
WP_428798021	WP_420520683
WP_428798021	WP_334551032
WP_428798021	WP_159653406
WP_428798021	WP_045976753
WP_428798021	WP_406734035
WP_428798021	WP_270018991
WP_428798021	WP_005470465
WP_428798021	WP_394127242
WP_428798021	WP_239875440
WP_428798021	WP_260258867
WP_428798021	WP_006962916
WP_428798021	WP_159738976
WP_428798021	WP_390218173
WP_428798021	WP_269977579
WP_428798021	WP_426967981
WP_428798021	WP_004413385
WP_428798021	WP_277684923
WP_428798021	WP_038138899
WP_428798021	WP_182108492
WP_428798021	WP_120030003
WP_206575105	WP_206575105
WP_064593902	WP_064593902
WP_064593902	WP_036105439
WP_064593902	WP_110025119
WP_064593902	WP_058910271
WP_064593902	WP_138097736
WP_064593902	WP_175340608
WP_064593902	WP_226570516
WP_131977138	WP_131977138
WP_457914053	WP_457914053
WP_078924600	WP_078924600
WP_078924600	WP_154115673
WP_078924600	WP_238095483
WP_078924600	WP_158117371
WP_078924600	WP_238848544
WP_078924600	WP_140229325
WP_078924600	WP_158107458
WP_078924600	WP_233958989
WP_078924600	WP_044362274
WP_078924600	WP_038151022
WP_078924600	WP_202650369
WP_078924600	WP_222727529
WP_078924600	WP_020428718
WP_078924600	WP_172559733
WP_078924600	WP_055466183
WP_078924600	WP_315621984
WP_078924600	WP_222798366
WP_078924600	WP_432610477
WP_078924600	WP_252536174
WP_078924600	WP_315917225
WP_078924600	WP_323695091
WP_078924600	WP_172567100
WP_078924600	WP_428805994
WP_078924600	WP_417868414
WP_078924600	WP_020330226
WP_078924600	WP_104966822
WP_078924600	WP_238850603
WP_078924600	WP_143678880
WP_078924600	WP_202648009
WP_078924600	WP_392440356
WP_078924600	WP_032080259
WP_078924600	WP_238821136
WP_078924600	WP_158147384
WP_078924600	WP_187025899
WP_078924600	WP_217517118
WP_078924600	WP_332397638
WP_078924600	WP_332405391
WP_078924600	WP_217533777
WP_078924600	WP_186460061
WP_078924600	WP_342639280
WP_078924600	WP_342652005
WP_078924600	WP_332408235
WP_078924600	WP_004395085
WP_078924600	WP_217532192
WP_078924600	WP_186462867
WP_078924600	WP_217513751
WP_078924600	WP_332398344
WP_078924600	WP_161429851
WP_078924600	WP_072669577
WP_078924600	WP_332419938
WP_078924600	WP_170886943
WP_078924600	WP_161428182
WP_078924600	WP_099612330
WP_078924600	WP_428766765
WP_078924600	WP_238131563
WP_169209262	WP_169209262
WP_169209262	WP_265609173
WP_169209262	WP_265617469
WP_413730480	WP_413730480
WP_413730480	WP_214513108
WP_413730480	WP_213992315
WP_413730480	WP_162365147
WP_413730480	WP_331121424
WP_413730480	WP_132921417
WP_413730480	WP_410015220
WP_413730480	WP_413724561
WP_413730480	WP_413738776
WP_413730480	WP_323476683
WP_413730480	WP_136988391
WP_413730480	WP_131863432
WP_457913927	WP_457913927
WP_171754591	WP_171754591
WP_171754591	WP_271695332
WP_135710469	WP_135710469
WP_135710469	WP_293731425
WP_135710469	WP_116632072
WP_135710469	WP_273391788
WP_135710469	WP_273396021
WP_135710469	WP_273315278
WP_135710469	WP_321119809
WP_138318130	WP_138318130
WP_138318130	WP_136735329
WP_138318130	WP_394174727
WP_138318130	WP_143581100
WP_034773800	WP_034773800
WP_034773800	WP_318935628
WP_311576664	WP_311576664
WP_311576664	WP_284245950
WP_313909953	WP_313909953
WP_313909953	WP_415836087
WP_313909953	WP_433186106
WP_406703870	WP_406703870
WP_406703870	WP_308824248
WP_406703870	WP_074012510
WP_406703870	WP_438805678
WP_406703870	WP_166506653
WP_406703870	WP_011411228
WP_406703870	WP_215670901
WP_406703870	WP_345995456
WP_406703870	WP_025422046
WP_406703870	WP_066596358
WP_406703870	WP_415210127
WP_406703870	WP_406702821
WP_406703870	WP_025245756
WP_406703870	WP_438808801
WP_159932289	WP_159932289
WP_385876200	WP_385876200
WP_126766698	WP_126766698
WP_126766698	WP_126806061
WP_126766698	WP_007419046
WP_061873419	WP_061873419
WP_061873419	WP_270145289
WP_061873419	WP_347793415
WP_061873419	WP_124024744
WP_061873419	WP_064511629
WP_061873419	WP_373977737
WP_061873419	WP_064546357
WP_061873419	WP_310607728
WP_061873419	WP_064554273
WP_061873419	WP_232863632
WP_061873419	WP_232903491
WP_061873419	WP_324116236
WP_061873419	WP_314143429
WP_061873419	WP_034455431
WP_061873419	WP_367596898
WP_061873419	WP_476479327
WP_061873419	WP_309878759
WP_061873419	WP_369568123
WP_061873419	WP_139876515
WP_061873419	WP_424589104
WP_061873419	WP_120062904
WP_061873419	WP_183269379
WP_061873419	WP_134182385
WP_061873419	WP_273213136
WP_061873419	WP_151993614
WP_061873419	WP_064558780
WP_061873419	WP_034495665
WP_061873419	WP_047066985
WP_434355448	WP_434355448
WP_121144569	WP_121144569
WP_121144569	WP_392559991
WP_121463374	WP_121463374
WP_014887830	WP_014887830
WP_456051936	WP_456051936
WP_456051936	WP_458767449
WP_226810684	WP_226810684
WP_268073234	WP_268073234
WP_392562624	WP_392562624
WP_392562624	WP_392553471
WP_008488535	WP_008488535
WP_458602492	WP_458602492
WP_458602492	WP_248995678
WP_458602492	WP_248970641
WP_458602492	WP_432399764
WP_458602492	WP_445773714
WP_458602492	WP_418357101
WP_458602492	WP_041405792
WP_458602492	WP_238103351
WP_458602492	WP_188741091
WP_458602492	WP_188920459
WP_458602492	WP_188925450
WP_458602492	WP_160056509
WP_458602492	WP_424532009
WP_458602492	WP_223418070
WP_458602492	WP_456043125
WP_458602492	WP_137221407
WP_458602492	WP_350433007
WP_458602492	WP_167677957
WP_458602492	WP_261298556
WP_458602492	WP_264725977
WP_458602492	WP_188839980
WP_159564286	WP_159564286
WP_159564286	WP_029095051
WP_404402206	WP_404402206
WP_248935780	WP_248935780
WP_248935780	WP_249249048
WP_248935780	WP_432530558
WP_119911404	WP_119911404
WP_345488804	WP_345488804
WP_076573667	WP_076573667
WP_076573667	WP_412779720
WP_076573667	WP_058628274
WP_076573667	WP_368165703
WP_076573667	WP_060585055
WP_076573667	WP_367580138
WP_076573667	WP_193000927
WP_076573667	WP_136613231
WP_076573667	WP_368164923
WP_076573667	WP_043597838
WP_076573667	WP_224162592
WP_076573667	WP_302340584
WP_076573667	WP_042048623
WP_100051834	WP_100051834
WP_100051834	WP_011200271
WP_100051834	WP_443091527
WP_100051834	WP_090653660
WP_272137990	WP_272137990
WP_272137990	WP_390238007
WP_272137990	WP_275136708
WP_272137990	WP_413285939
WP_272137990	WP_195705020
WP_272137990	WP_317715533
WP_089139683	WP_089139683
WP_089139683	WP_417883404
WP_089139683	WP_394609334
WP_089139683	WP_105902354
WP_089139683	WP_086982997
WP_089139683	WP_027697125
WP_089139683	WP_287025098
WP_089139683	WP_017025175
WP_089139683	WP_144388186
WP_089139683	WP_442292824
WP_089139683	WP_192999338
WP_089139683	WP_475314352
WP_089139683	WP_417879123
WP_089139683	WP_086961022
WP_089139683	WP_089123180
WP_089139683	WP_237295247
WP_188918809	WP_188918809
WP_028108824	WP_028108824
WP_028108824	WP_136853739
WP_028108824	WP_286339803
WP_408616430	WP_408616430
WP_408616430	WP_131910909
WP_133543633	WP_133543633
WP_460862134	WP_460862134
WP_460862134	WP_335737704
WP_132500974	WP_132500974
WP_068063644	WP_068063644
WP_068063644	WP_127697590
WP_068063644	WP_296299425
WP_068063644	WP_260656695
WP_068063644	WP_306523859
WP_087019835	WP_087019835
WP_087019835	WP_413111386
WP_464972420	WP_464972420
WP_126841442	WP_126841442
WP_132022654	WP_132022654
WP_194757341	WP_194757341
WP_194757341	WP_143233765
WP_290250415	WP_290250415
WP_131256595	WP_131256595
WP_284206231	WP_284206231
WP_284206231	WP_284300646
WP_284206231	WP_193020815
WP_088328348	WP_088328348
WP_088328348	WP_062479212
WP_063890014	WP_063890014
WP_063890014	WP_119002544
WP_063890014	WP_108615292
WP_063890014	WP_079984900
WP_063890014	WP_281920841
WP_063890014	WP_260403018
WP_063890014	WP_079950240
WP_063890014	WP_255121227
WP_063890014	WP_318759247
WP_063890014	WP_117148380
WP_063890014	WP_079958367
WP_063890014	WP_135420082
WP_063890014	WP_080103546
WP_063890014	WP_476655878
WP_063890014	WP_281778208
WP_063890014	WP_080076041
WP_063890014	WP_281900944
WP_063890014	WP_110875883
WP_063890014	WP_024551692
WP_063890014	WP_024556117
WP_063890014	WP_325939428
WP_063890014	WP_048887563
WP_063890014	WP_481638727
WP_063890014	WP_202861951
WP_063890014	WP_411175772
WP_063890014	WP_032992965
WP_063890014	WP_165154374
WP_063890014	WP_105628005
WP_063890014	WP_104668997
WP_063890014	WP_373329887
WP_063890014	WP_282982114
WP_063890014	WP_166500653
WP_063890014	WP_004387669
WP_063890014	WP_041460856
WP_063890014	WP_104658163
WP_063890014	WP_110798146
WP_063890014	WP_105573314
WP_063890014	WP_319703777
WP_063890014	WP_104676997
WP_063890014	WP_054624726
WP_063890014	WP_032983347
WP_063890014	WP_283005799
WP_063890014	WP_038887553
WP_063890014	WP_336281044
WP_063890014	WP_316350894
WP_063890014	WP_419361289
WP_063890014	WP_038871634
WP_063890014	WP_395583596
WP_063890014	WP_004101389
WP_063890014	WP_064370427
WP_063890014	WP_195606962
WP_063890014	WP_154022455
WP_063890014	WP_142472242
WP_063890014	WP_312616078
WP_063890014	WP_325774180
WP_063890014	WP_075198592
WP_063890014	WP_373327940
WP_063890014	WP_161588697
WP_063890014	WP_171998241
WP_063890014	WP_038862609
WP_063890014	WP_075193075
WP_063890014	WP_161581041
WP_063890014	WP_282830645
WP_063890014	WP_283984737
WP_063890014	WP_105652152
WP_063890014	WP_044593861
WP_063890014	WP_161577861
WP_063890014	WP_015741453
WP_063890014	WP_220393712
WP_063890014	WP_284027950
WP_063890014	WP_175571529
WP_063890014	WP_282899315
WP_063890014	WP_105581370
WP_063890014	WP_426726240
WP_063890014	WP_038883495
WP_063890014	WP_335270329
WP_063890014	WP_105579508
WP_063890014	WP_161571415
WP_063890014	WP_224324642
WP_063890014	WP_049593225
WP_063890014	WP_112366248
WP_063890014	WP_105577126
WP_063890014	WP_156567477
WP_063890014	WP_485885002
WP_063890014	WP_044175108
WP_063890014	WP_105625244
WP_063890014	WP_457827590
WP_063890014	WP_108703922
WP_063890014	WP_312611771
WP_063890014	WP_105634091
WP_063890014	WP_148736215
WP_063890014	WP_105648543
WP_063890014	WP_063265668
WP_063890014	WP_163525061
WP_063890014	WP_410291759
WP_063890014	WP_105719592
WP_063890014	WP_105551845
WP_063890014	WP_284008640
WP_063890014	WP_175567553
WP_063890014	WP_110808998
WP_063890014	WP_032981332
WP_063890014	WP_097570704
WP_063890014	WP_180208627
WP_063890014	WP_105607351
WP_063890014	WP_105623843
WP_063890014	WP_097641288
WP_063890014	WP_097647679
WP_063890014	WP_110792080
WP_063890014	WP_110811910
WP_063890014	WP_135800377
WP_063890014	WP_241703412
WP_063890014	WP_085017099
WP_063890014	WP_373349166
WP_063890014	WP_004112425
WP_063890014	WP_326933298
WP_063890014	WP_032971091
WP_063890014	WP_105607869
WP_063890014	WP_319048765
WP_063890014	WP_032805444
WP_063890014	WP_084997653
WP_063890014	WP_085036933
WP_063890014	WP_325763270
WP_063890014	WP_080781322
WP_063890014	WP_146378666
WP_063890014	WP_319794248
WP_063890014	WP_370903449
WP_063890014	WP_105611053
WP_063890014	WP_038860066
WP_063890014	WP_426345965
WP_063890014	WP_032984924
WP_063890014	WP_105241991
WP_063890014	WP_075328268
WP_063890014	WP_311011633
WP_063890014	WP_001423441
WP_063890014	WP_250346733
WP_063890014	WP_097731269
WP_063890014	WP_097761299
WP_063890014	WP_134239229
WP_063890014	WP_089538208
WP_063890014	WP_001326307
WP_063890014	WP_225377152
WP_063890014	WP_096999018
WP_063890014	WP_113488399
WP_063890014	WP_204551748
WP_063890014	WP_159135345
WP_063890014	WP_096117441
WP_063890014	WP_088492132
WP_063890014	WP_052993784
WP_063890014	WP_085048100
WP_063890014	WP_336284104
WP_063890014	WP_038640964
WP_063890014	WP_204526882
WP_063890014	WP_199978530
WP_063890014	WP_124968209
WP_063890014	WP_319786895
WP_063890014	WP_419979877
WP_063890014	WP_312626622
WP_063890014	WP_094419788
WP_063890014	WP_200580226
WP_063890014	WP_187798907
WP_063890014	WP_394448181
WP_063890014	WP_200109065
WP_063890014	WP_128482868
WP_063890014	WP_429175852
WP_063890014	WP_458677963
WP_063890014	WP_076769924
WP_063890014	WP_458043200
WP_063890014	WP_319630123
WP_063890014	WP_305208321
WP_063890014	WP_258987237
WP_063890014	WP_483558901
WP_063890014	WP_139966266
WP_063890014	WP_462979996
WP_063890014	WP_342325284
WP_063890014	WP_159758836
WP_063890014	WP_277172061
WP_063890014	WP_159774540
WP_063890014	WP_023478680
WP_063890014	WP_200133615
WP_063890014	WP_437430520
WP_063890014	WP_110507929
WP_063890014	WP_437891119
WP_063890014	WP_258995329
WP_063890014	WP_433691382
WP_063890014	WP_258967526
WP_063890014	WP_443085883
WP_063890014	WP_052975458
WP_063890014	WP_409230654
WP_063890014	WP_160465327
WP_063890014	WP_096840875
WP_063890014	WP_231451947
WP_063890014	WP_001663866
WP_063890014	WP_289693886
WP_063890014	WP_142440402
WP_063890014	WP_353527156
WP_063890014	WP_269412837
WP_063890014	WP_309212705
WP_063890014	WP_465080875
WP_063890014	WP_115737693
WP_063890014	WP_001681014
WP_063890014	WP_001337939
WP_063890014	WP_273660085
WP_063890014	WP_137469020
WP_063890014	WP_001682840
WP_063890014	WP_065682936
WP_063890014	WP_445991295
WP_063890014	WP_147706808
WP_063890014	WP_486510448
WP_063890014	WP_016153252
WP_063890014	WP_286453172
WP_063890014	WP_049269474
WP_063890014	WP_181630539
WP_063890014	WP_370916164
WP_063890014	WP_222186153
WP_063890014	WP_433639039
WP_063890014	WP_396040756
WP_063890014	WP_049259800
WP_063890014	WP_286480955
WP_063890014	WP_286455374
WP_063890014	WP_325788232
WP_063890014	WP_001614507
WP_063890014	WP_264752354
WP_063890014	WP_447933312
WP_063890014	WP_004998368
WP_063890014	WP_338853103
WP_063890014	WP_003915304
WP_063890014	WP_094316603
WP_063890014	WP_410398782
WP_063890014	WP_205848708
WP_063890014	WP_116967962
WP_063890014	WP_044808717
WP_063890014	WP_134799999
WP_063890014	WP_231528443
WP_063890014	WP_461203675
WP_063890014	WP_308076810
WP_063890014	WP_447306014
WP_063890014	WP_081570128
WP_063890014	WP_133086445
WP_063890014	WP_006684311
WP_063890014	WP_311017004
WP_063890014	WP_201489910
WP_063890014	WP_169782417
WP_063890014	WP_225371159
WP_063890014	WP_038988904
WP_063890014	WP_114291302
WP_063890014	WP_001484536
WP_063890014	WP_001460827
WP_063890014	WP_032292753
WP_063890014	WP_160448892
WP_063890014	WP_218711001
WP_063890014	WP_063074346
WP_063890014	WP_192850006
WP_063890014	WP_119181350
WP_063890014	WP_285081104
WP_063890014	WP_220771416
WP_063890014	WP_043016148
WP_063890014	WP_200084019
WP_063890014	WP_226478857
WP_063890014	WP_160420521
WP_063890014	WP_410677461
WP_063890014	WP_175964810
WP_063890014	WP_089529374
WP_063890014	WP_139615403
WP_063890014	WP_414137758
WP_063890014	WP_262010055
WP_063890014	WP_096321656
WP_063890014	WP_152659661
WP_063890014	WP_113926345
WP_063890014	WP_001680391
WP_063890014	WP_119177628
WP_063890014	WP_218733873
WP_063890014	WP_140026601
WP_063890014	WP_271086764
WP_063890014	WP_001366271
WP_063890014	WP_140256037
WP_063890014	WP_001592150
WP_063890014	WP_096247909
WP_063890014	WP_486931611
WP_063890014	WP_181679899
WP_063890014	WP_319792650
WP_063890014	WP_308741343
WP_063890014	WP_125269818
WP_063890014	WP_481986271
WP_063890014	WP_447275239
WP_063890014	WP_005068394
WP_063890014	WP_105476623
WP_063890014	WP_001391746
WP_063890014	WP_112922984
WP_063890014	WP_128448741
WP_063890014	WP_192855525
WP_063890014	WP_282654204
WP_063890014	WP_001427498
WP_063890014	WP_001704495
WP_063890014	WP_162032121
WP_063890014	WP_277499301
WP_063890014	WP_146716897
WP_063890014	WP_096756822
WP_063890014	WP_341517267
WP_063890014	WP_117342889
WP_063890014	WP_137399618
WP_063890014	WP_001599360
WP_063890014	WP_426847310
WP_063890014	WP_134798233
WP_063890014	WP_119164766
WP_063890014	WP_137475916
WP_063890014	WP_316964735
WP_063890014	WP_050939467
WP_063890014	WP_086660415
WP_063890014	WP_220410894
WP_063890014	WP_089552528
WP_063890014	WP_139618376
WP_063890014	WP_414768759
WP_063890014	WP_331431295
WP_063890014	WP_054486394
WP_063890014	WP_153643877
WP_063890014	WP_019841512
WP_063890014	WP_148465768
WP_063890014	WP_032349710
WP_063890014	WP_139498834
WP_063890014	WP_052988062
WP_063890014	WP_289422044
WP_063890014	WP_247178183
WP_063890014	WP_105907838
WP_063890014	WP_226452336
WP_063890014	WP_243053433
WP_063890014	WP_202793613
WP_063890014	WP_423271004
WP_063890014	WP_474457653
WP_063890014	WP_247153410
WP_063890014	WP_137515564
WP_063890014	WP_254672571
WP_063890014	WP_097488802
WP_063890014	WP_137506757
WP_063890014	WP_045894874
WP_063890014	WP_311016568
WP_063890014	WP_131350876
WP_063890014	WP_159193901
WP_063890014	WP_261627966
WP_063890014	WP_436403923
WP_063890014	WP_160956267
WP_063890014	WP_352434363
WP_063890014	WP_134279066
WP_063890014	WP_311008941
WP_063890014	WP_001466145
WP_063890014	WP_074657198
WP_063890014	WP_416039761
WP_063890014	WP_366948843
WP_063890014	WP_225386287
WP_063890014	WP_118977504
WP_063890014	WP_089576709
WP_063890014	WP_102203548
WP_063890014	WP_001714078
WP_063890014	WP_402460260
WP_063890014	WP_033865378
WP_063890014	WP_159121808
WP_063890014	WP_289643863
WP_063890014	WP_253144465
WP_063890014	WP_196317853
WP_063890014	WP_215271449
WP_063890014	WP_226210954
WP_063890014	WP_369764533
WP_063890014	WP_180391706
WP_063890014	WP_119172132
WP_063890014	WP_001593985
WP_063890014	WP_176262646
WP_063890014	WP_112033004
WP_063890014	WP_137347850
WP_063890014	WP_413460872
WP_063890014	WP_196445778
WP_063890014	WP_001518579
WP_063890014	WP_063077576
WP_063890014	WP_187987395
WP_063890014	WP_131341021
WP_063890014	WP_262785369
WP_063890014	WP_094132683
WP_063890014	WP_387372041
WP_063890014	WP_430993336
WP_063890014	WP_285960002
WP_063890014	WP_410393885
WP_063890014	WP_057720002
WP_063890014	WP_137538174
WP_063890014	WP_097412927
WP_063890014	WP_198777397
WP_063890014	WP_262950862
WP_063890014	WP_001397166
WP_063890014	WP_005032880
WP_063890014	WP_174360916
WP_063890014	WP_063121945
WP_063890014	WP_163426876
WP_063890014	WP_137583760
WP_063890014	WP_044864065
WP_063890014	WP_426853422
WP_063890014	WP_064484550
WP_063890014	WP_116979454
WP_063890014	WP_135144798
WP_063890014	WP_148463990
WP_063890014	WP_335802968
WP_063890014	WP_368940966
WP_063890014	WP_130568304
WP_063890014	WP_021580713
WP_063890014	WP_142438391
WP_063890014	WP_285959979
WP_063890014	WP_404410094
WP_063890014	WP_432659552
WP_063890014	WP_160193224
WP_063890014	WP_088129661
WP_063890014	WP_158154947
WP_063890014	WP_368493665
WP_063890014	WP_004970853
WP_063890014	WP_178319806
WP_063890014	WP_346708209
WP_063890014	WP_187795798
WP_063890014	WP_000513603
WP_063890014	WP_122792581
WP_063890014	WP_329821587
WP_063890014	WP_439221683
WP_063890014	WP_171950428
WP_063890014	WP_373347088
WP_063890014	WP_049026611
WP_063890014	WP_052977845
WP_063890014	WP_052973597
WP_063890014	WP_059355798
WP_063890014	WP_283825587
WP_063890014	WP_089626780
WP_063890014	WP_047085249
WP_063890014	WP_073820680
WP_063890014	WP_128472628
WP_063890014	WP_462600880
WP_063890014	WP_097337272
WP_063890014	WP_348918847
WP_063890014	WP_427815150
WP_063890014	WP_032297743
WP_063890014	WP_250856869
WP_063890014	WP_285278393
WP_063890014	WP_262266697
WP_063890014	WP_480129600
WP_063890014	WP_200303093
WP_063890014	WP_305212583
WP_063890014	WP_102000497
WP_063890014	WP_480093787
WP_063890014	WP_040226445
WP_063890014	WP_082229234
WP_063890014	WP_310673393
WP_063890014	WP_445554564
WP_063890014	WP_117088480
WP_063890014	WP_142474303
WP_063890014	WP_138362670
WP_063890014	WP_416225061
WP_063890014	WP_410161815
WP_063890014	WP_217048526
WP_063890014	WP_487138232
WP_063890014	WP_142304118
WP_063890014	WP_139537982
WP_063890014	WP_109213862
WP_063890014	WP_319078733
WP_063890014	WP_407266354
WP_063890014	WP_483561815
WP_063890014	WP_117078993
WP_063890014	WP_114505628
WP_063890014	WP_484495610
WP_063890014	WP_163622101
WP_063890014	WP_334650817
WP_063890014	WP_160544617
WP_063890014	WP_270832760
WP_063890014	WP_410165861
WP_063890014	WP_095221592
WP_063890014	WP_019705470
WP_063890014	WP_411306351
WP_063890014	WP_149127979
WP_063890014	WP_102093501
WP_063890014	WP_142465726
WP_063890014	WP_110216527
WP_063890014	WP_345756041
WP_063890014	WP_163595565
WP_063890014	WP_427065351
WP_063890014	WP_165470248
WP_063890014	WP_395164629
WP_063890014	WP_221347328
WP_063890014	WP_137442166
WP_063890014	WP_243237761
WP_063890014	WP_334648524
WP_063890014	WP_316077590
WP_063890014	WP_032434376
WP_063890014	WP_274920795
WP_063890014	WP_341800925
WP_063890014	WP_125488812
WP_063890014	WP_420522899
WP_063890014	WP_480128171
WP_063890014	WP_334654124
WP_063890014	WP_113778888
WP_063890014	WP_486335594
WP_063890014	WP_426778453
WP_063890014	WP_142482439
WP_063890014	WP_322358347
WP_063890014	WP_192417617
WP_063890014	WP_480062255
WP_063890014	WP_117135155
WP_063890014	WP_191678197
WP_063890014	WP_420266487
WP_063890014	WP_069196944
WP_063890014	WP_267695295
WP_063890014	WP_243234287
WP_063890014	WP_310958634
WP_063890014	WP_135727294
WP_063890014	WP_218811671
WP_063890014	WP_117038863
WP_063890014	WP_153944198
WP_063890014	WP_159196466
WP_063890014	WP_354517474
WP_063890014	WP_475009368
WP_063890014	WP_117130937
WP_063890014	WP_023289334
WP_063890014	WP_434641725
WP_063890014	WP_474023576
WP_063890014	WP_117044812
WP_063890014	WP_429914503
WP_063890014	WP_115660510
WP_063890014	WP_407346152
WP_063890014	WP_065907336
WP_063890014	WP_152659825
WP_063890014	WP_130979966
WP_063890014	WP_192906086
WP_063890014	WP_447522091
WP_063890014	WP_117268660
WP_063890014	WP_406822448
WP_063890014	WP_186931997
WP_063890014	WP_094313631
WP_063890014	WP_117068547
WP_063890014	WP_167588561
WP_063890014	WP_195775466
WP_063890014	WP_142982820
WP_063890014	WP_281074577
WP_063890014	WP_374732407
WP_063890014	WP_226324028
WP_063890014	WP_041145185
WP_063890014	WP_250949803
WP_063890014	WP_348864568
WP_063890014	WP_043521232
WP_063890014	WP_474525252
WP_063890014	WP_147733776
WP_063890014	WP_064151908
WP_063890014	WP_187551200
WP_063890014	WP_208692711
WP_063890014	WP_102000212
WP_063890014	WP_135716682
WP_063890014	WP_136666037
WP_063890014	WP_218785454
WP_063890014	WP_325924888
WP_063890014	WP_109231346
WP_063890014	WP_117264315
WP_063890014	WP_370925392
WP_063890014	WP_117029727
WP_063890014	WP_480114815
WP_063890014	WP_153793083
WP_063890014	WP_419387588
WP_063890014	WP_211775000
WP_063890014	WP_022065862
WP_063890014	WP_434645565
WP_063890014	WP_274729118
WP_063890014	WP_136070347
WP_063890014	WP_239725469
WP_063890014	WP_109938594
WP_063890014	WP_406573333
WP_063890014	WP_326380770
WP_063890014	WP_256820027
WP_063890014	WP_449273176
WP_063890014	WP_232203240
WP_063890014	WP_141964810
WP_063890014	WP_303688129
WP_063890014	WP_285210197
WP_063890014	WP_339353709
WP_063890014	WP_182971283
WP_063890014	WP_369308187
WP_063890014	WP_228368418
WP_063890014	WP_404652353
WP_063890014	WP_316937647
WP_063890014	WP_023316755
WP_063890014	WP_237373234
WP_063890014	WP_373447926
WP_063890014	WP_073553171
WP_063890014	WP_180851733
WP_063890014	WP_260197931
WP_063890014	WP_040151502
WP_063890014	WP_094081368
WP_063890014	WP_228362468
WP_063890014	WP_020321645
WP_063890014	WP_462619395
WP_063890014	WP_283001468
WP_063890014	WP_222699356
WP_063890014	WP_458266467
WP_063890014	WP_255079442
WP_063890014	WP_476627604
WP_063890014	WP_103527390
WP_063890014	WP_447337092
WP_063890014	WP_331839958
WP_063890014	WP_064156868
WP_063890014	WP_463732625
WP_063890014	WP_186962308
WP_063890014	WP_229579162
WP_063890014	WP_421168259
WP_063890014	WP_234631485
WP_063890014	WP_141444984
WP_063890014	WP_436899908
WP_063890014	WP_371888397
WP_063890014	WP_407245968
WP_063890014	WP_420529289
WP_063890014	WP_194433267
WP_063890014	WP_479455981
WP_063890014	WP_117240561
WP_063890014	WP_487154511
WP_063890014	WP_419387912
WP_063890014	WP_064180156
WP_063890014	WP_064166623
WP_063890014	WP_254732663
WP_063890014	WP_346804712
WP_063890014	WP_117046371
WP_063890014	WP_130942250
WP_063890014	WP_434137888
WP_063890014	WP_130973450
WP_063890014	WP_040168960
WP_063890014	WP_226327838
WP_063890014	WP_289455742
WP_063890014	WP_268162950
WP_063890014	WP_124990282
WP_063890014	WP_373947530
WP_063890014	WP_087483090
WP_063890014	WP_069345382
WP_063890014	WP_340215617
WP_063890014	WP_230542734
WP_063890014	WP_369281204
WP_063890014	WP_049093147
WP_063890014	WP_135719522
WP_063890014	WP_431540559
WP_063890014	WP_072420358
WP_063890014	WP_116954423
WP_063890014	WP_141410726
WP_063890014	WP_395534066
WP_063890014	WP_040176937
WP_063890014	WP_087703999
WP_063890014	WP_181469616
WP_063890014	WP_369505291
WP_063890014	WP_271147273
WP_063890014	WP_211596642
WP_063890014	WP_274892070
WP_063890014	WP_476703131
WP_063890014	WP_411545731
WP_063890014	WP_191974668
WP_063890014	WP_265716370
WP_063890014	WP_185185505
WP_063890014	WP_076945386
WP_063890014	WP_123707647
WP_063890014	WP_373637796
WP_063890014	WP_435341152
WP_063890014	WP_473760565
WP_063890014	WP_086618141
WP_063890014	WP_480079309
WP_063890014	WP_195807554
WP_063890014	WP_116701358
WP_063890014	WP_211843568
WP_063890014	WP_185775714
WP_063890014	WP_004210738
WP_063890014	WP_394871727
WP_063890014	WP_462811676
WP_063890014	WP_317978304
WP_063890014	WP_142502063
WP_063890014	WP_414599960
WP_063890014	WP_115196838
WP_063890014	WP_324700799
WP_063890014	WP_281084082
WP_063890014	WP_265001843
WP_063890014	WP_072122582
WP_063890014	WP_128878373
WP_063890014	WP_322254049
WP_063890014	WP_260990179
WP_063890014	WP_193427610
WP_063890014	WP_117257210
WP_063890014	WP_223398036
WP_063890014	WP_117140750
WP_063890014	WP_065805057
WP_063890014	WP_203283643
WP_063890014	WP_473806535
WP_063890014	WP_211598463
WP_063890014	WP_111211630
WP_063890014	WP_454787502
WP_063890014	WP_283008488
WP_063890014	WP_410139585
WP_063890014	WP_462456246
WP_063890014	WP_244345677
WP_063890014	WP_228666196
WP_063890014	WP_110185165
WP_063890014	WP_004861033
WP_063890014	WP_310662105
WP_063890014	WP_155009479
WP_063890014	WP_331320352
WP_063890014	WP_064870171
WP_063890014	WP_045855064
WP_063890014	WP_264975187
WP_063890014	WP_284123375
WP_063890014	WP_186919470
WP_063890014	WP_064153530
WP_063890014	WP_229581618
WP_063890014	WP_369776202
WP_063890014	WP_447519871
WP_063890014	WP_285238167
WP_063890014	WP_440717892
WP_063890014	WP_117616406
WP_063890014	WP_438342884
WP_063890014	WP_132510763
WP_063890014	WP_213923757
WP_063890014	WP_165459343
WP_063890014	WP_180248332
WP_063890014	WP_232695808
WP_063890014	WP_110243538
WP_063890014	WP_323079749
WP_063890014	WP_125342895
WP_063890014	WP_486514583
WP_063890014	WP_323083092
WP_063890014	WP_064153402
WP_063890014	WP_107646713
WP_063890014	WP_135729451
WP_063890014	WP_109234062
WP_063890014	WP_105329747
WP_063890014	WP_107320662
WP_063890014	WP_087867954
WP_063890014	WP_447342481
WP_063890014	WP_104513716
WP_063890014	WP_180863785
WP_063890014	WP_414795685
WP_063890014	WP_125341888
WP_063890014	WP_340127536
WP_063890014	WP_073547015
WP_063890014	WP_131001956
WP_063890014	WP_323091922
WP_063890014	WP_224997432
WP_063890014	WP_275018029
WP_063890014	WP_270036829
WP_063890014	WP_152842466
WP_063890014	WP_208527116
WP_063890014	WP_407798687
WP_063890014	WP_101999799
WP_063890014	WP_141490166
WP_063890014	WP_411173569
WP_063890014	WP_370429837
WP_063890014	WP_160555596
WP_063890014	WP_065518547
WP_063890014	WP_242184447
WP_063890014	WP_094334481
WP_063890014	WP_373630148
WP_063890014	WP_117096398
WP_063890014	WP_126476744
WP_063890014	WP_048329914
WP_063890014	WP_220022329
WP_063890014	WP_484134387
WP_063890014	WP_222665721
WP_063890014	WP_109547469
WP_063890014	WP_186933602
WP_063890014	WP_332096966
WP_063890014	WP_128335574
WP_063890014	WP_117263829
WP_063890014	WP_135721045
WP_063890014	WP_159209633
WP_063890014	WP_117240840
WP_063890014	WP_064179410
WP_063890014	WP_020802463
WP_063890014	WP_306504688
WP_063890014	WP_114501796
WP_063890014	WP_414477393
WP_063890014	WP_101985150
WP_063890014	WP_086556241
WP_063890014	WP_290256893
WP_063890014	WP_369121986
WP_063890014	WP_438257013
WP_063890014	WP_487163232
WP_063890014	WP_318628749
WP_063890014	WP_103527756
WP_063890014	WP_136034892
WP_063890014	WP_049153074
WP_063890014	WP_134525716
WP_063890014	WP_130958544
WP_063890014	WP_060591022
WP_063890014	WP_002901763
WP_063890014	WP_243810975
WP_063890014	WP_255893324
WP_063890014	WP_040243794
WP_063890014	WP_259615654
WP_063890014	WP_196536156
WP_063890014	WP_418286333
WP_063890014	WP_115217107
WP_063890014	WP_087830411
WP_063890014	WP_474533263
WP_063890014	WP_432490688
WP_063890014	WP_201519253
WP_063890014	WP_410164706
WP_063890014	WP_473731345
WP_063890014	WP_267716499
WP_063890014	WP_331851261
WP_063890014	WP_132342525
WP_063890014	WP_286126958
WP_063890014	WP_368996077
WP_063890014	WP_211777196
WP_063890014	WP_373442807
WP_063890014	WP_334076467
WP_063890014	WP_374026572
WP_063890014	WP_284129455
WP_063890014	WP_475001078
WP_063890014	WP_263060695
WP_063890014	WP_161205809
WP_063890014	WP_465055990
WP_063890014	WP_071556720
WP_063890014	WP_323068025
WP_063890014	WP_268000618
WP_063890014	WP_423274527
WP_063890014	WP_318042373
WP_063890014	WP_309355740
WP_063890014	WP_160703664
WP_063890014	WP_131050202
WP_063890014	WP_281078318
WP_063890014	WP_251346838
WP_063890014	WP_159869334
WP_063890014	WP_004203874
WP_063890014	WP_095097060
WP_063890014	WP_087848749
WP_063890014	WP_117134206
WP_063890014	WP_373853246
WP_063890014	WP_259602137
WP_063890014	WP_421052187
WP_063890014	WP_135720131
WP_063890014	WP_103527697
WP_063890014	WP_032435399
WP_063890014	WP_200995511
WP_063890014	WP_065889043
WP_063890014	WP_205439838
WP_063890014	WP_032688111
WP_063890014	WP_255158714
WP_063890014	WP_440081239
WP_063890014	WP_368760590
WP_063890014	WP_100781363
WP_063890014	WP_457896050
WP_063890014	WP_050887669
WP_063890014	WP_325083491
WP_063890014	WP_012968444
WP_063890014	WP_454787022
WP_063890014	WP_065805816
WP_063890014	WP_115700814
WP_063890014	WP_210780356
WP_063890014	WP_135664017
WP_063890014	WP_336581409
WP_063890014	WP_343721403
WP_063890014	WP_407244149
WP_063890014	WP_218390156
WP_063890014	WP_371901411
WP_063890014	WP_096608895
WP_063890014	WP_480134003
WP_063890014	WP_085334440
WP_063890014	WP_142461576
WP_063890014	WP_025714303
WP_063890014	WP_064165659
WP_063890014	WP_218408388
WP_063890014	WP_309354322
WP_063890014	WP_097357630
WP_063890014	WP_371334249
WP_063890014	WP_411300380
WP_063890014	WP_181591646
WP_063890014	WP_480107182
WP_063890014	WP_234263774
WP_063890014	WP_110248295
WP_063890014	WP_407260991
WP_063890014	WP_411547825
WP_063890014	WP_064172388
WP_063890014	WP_232552590
WP_063890014	WP_480057278
WP_063890014	WP_100683927
WP_063890014	WP_447519803
WP_063890014	WP_048982038
WP_063890014	WP_172872003
WP_063890014	WP_486533209
WP_063890014	WP_368764729
WP_063890014	WP_096834448
WP_063890014	WP_117128375
WP_063890014	WP_241508758
WP_063890014	WP_445129607
WP_063890014	WP_136084525
WP_063890014	WP_048323904
WP_063890014	WP_004179471
WP_063890014	WP_086555652
WP_063890014	WP_264252361
WP_063890014	WP_117097286
WP_063890014	WP_420256962
WP_063890014	WP_204779811
WP_063890014	WP_447340610
WP_063890014	WP_048291530
WP_063890014	WP_458914554
WP_063890014	WP_069346773
WP_063890014	WP_284127656
WP_063890014	WP_008807785
WP_063890014	WP_436914331
WP_063890014	WP_087872805
WP_063890014	WP_265796255
WP_063890014	WP_430914200
WP_063890014	WP_256816999
WP_063890014	WP_458293943
WP_063890014	WP_213220152
WP_063890014	WP_241506355
WP_063890014	WP_110225254
WP_063890014	WP_227112575
WP_063890014	WP_226340443
WP_063890014	WP_221012827
WP_063890014	WP_125285519
WP_063890014	WP_160124524
WP_063890014	WP_447522013
WP_063890014	WP_250376273
WP_063890014	WP_368482380
WP_063890014	WP_274489819
WP_063890014	WP_277138838
WP_063890014	WP_302881666
WP_063890014	WP_309316704
WP_063890014	WP_431001669
WP_063890014	WP_276097393
WP_063890014	WP_104896955
WP_063890014	WP_088884026
WP_063890014	WP_255046615
WP_063890014	WP_087704245
WP_063890014	WP_410042024
WP_063890014	WP_371192030
WP_063890014	WP_334645403
WP_063890014	WP_480130568
WP_063890014	WP_160211706
WP_063890014	WP_461236079
WP_063890014	WP_316938892
WP_063890014	WP_232553835
WP_063890014	WP_427064122
WP_063890014	WP_116794828
WP_063890014	WP_131139950
WP_063890014	WP_279511201
WP_063890014	WP_073591391
WP_063890014	WP_257709305
WP_063890014	WP_177334830
WP_063890014	WP_404680465
WP_063890014	WP_241783135
WP_063890014	WP_323111093
WP_063890014	WP_217311703
WP_063890014	WP_104895334
WP_063890014	WP_285811254
WP_063890014	WP_104896248
WP_063890014	WP_086549646
WP_063890014	WP_372703569
WP_063890014	WP_068815111
WP_063890014	WP_048267103
WP_063890014	WP_420267646
WP_063890014	WP_380233301
WP_063890014	WP_181590170
WP_063890014	WP_080787205
WP_063890014	WP_458039417
WP_063890014	WP_480121855
WP_063890014	WP_480120116
WP_063890014	WP_135725347
WP_063890014	WP_064277449
WP_063890014	WP_095885144
WP_063890014	WP_250818987
WP_063890014	WP_269316611
WP_063890014	WP_284123188
WP_063890014	WP_186521529
WP_063890014	WP_102006179
WP_063890014	WP_335893048
WP_063890014	WP_334079862
WP_063890014	WP_163615968
WP_063890014	WP_117259954
WP_063890014	WP_475008791
WP_063890014	WP_353378061
WP_063890014	WP_110223907
WP_063890014	WP_117065105
WP_063890014	WP_125275916
WP_063890014	WP_275553016
WP_063890014	WP_087836526
WP_063890014	WP_316570600
WP_063890014	WP_274786645
WP_063890014	WP_159198760
WP_063890014	WP_423131408
WP_063890014	WP_447391915
WP_063890014	WP_434585215
WP_063890014	WP_427651689
WP_063890014	WP_285287351
WP_063890014	WP_153909047
WP_063890014	WP_104011207
WP_063890014	WP_229532845
WP_063890014	WP_136086617
WP_063890014	WP_101856736
WP_063890014	WP_171878851
WP_063890014	WP_480091987
WP_063890014	WP_447541393
WP_063890014	WP_370608394
WP_063890014	WP_135724079
WP_063890014	WP_437874203
WP_063890014	WP_250177930
WP_063890014	WP_277457522
WP_063890014	WP_117265831
WP_063890014	WP_232698908
WP_063890014	WP_420523580
WP_063890014	WP_458721814
WP_063890014	WP_286103469
WP_063890014	WP_240730422
WP_063890014	WP_447341494
WP_063890014	WP_131100102
WP_063890014	WP_073557227
WP_063890014	WP_224422252
WP_063890014	WP_264971788
WP_063890014	WP_123551331
WP_063890014	WP_275256765
WP_063890014	WP_208310626
WP_063890014	WP_070182682
WP_063890014	WP_178944412
WP_063890014	WP_160543623
WP_063890014	WP_223366719
WP_063890014	WP_160552567
WP_063890014	WP_411797309
WP_063890014	WP_261648175
WP_063890014	WP_148621440
WP_063890014	WP_048987759
WP_063890014	WP_160545351
WP_063890014	WP_447541150
WP_063890014	WP_410112566
WP_063890014	WP_305231587
WP_063890014	WP_258334823
WP_063890014	WP_099085204
WP_063890014	WP_136087416
WP_063890014	WP_332102424
WP_063890014	WP_012542049
WP_063890014	WP_180254684
WP_063890014	WP_132726450
WP_063890014	WP_265004065
WP_063890014	WP_423130814
WP_063890014	WP_203559837
WP_063890014	WP_122051392
WP_063890014	WP_305199972
WP_063890014	WP_135707868
WP_063890014	WP_406571793
WP_063890014	WP_306580661
WP_063890014	WP_064182657
WP_063890014	WP_163922397
WP_063890014	WP_462184253
WP_063890014	WP_282813169
WP_063890014	WP_123754039
WP_063890014	WP_087637624
WP_063890014	WP_250840792
WP_063890014	WP_223804264
WP_063890014	WP_265002567
WP_063890014	WP_165813029
WP_063890014	WP_064278866
WP_063890014	WP_239613454
WP_063890014	WP_200549520
WP_063890014	WP_135721411
WP_063890014	WP_151502827
WP_063890014	WP_413698194
WP_063890014	WP_438915350
WP_063890014	WP_343473232
WP_063890014	WP_447116924
WP_063890014	WP_267694899
WP_063890014	WP_171482818
WP_063890014	WP_125326822
WP_063890014	WP_400184203
WP_063890014	WP_434668678
WP_063890014	WP_150341105
WP_063890014	WP_265908075
WP_063890014	WP_110196096
WP_063890014	WP_087832807
WP_063890014	WP_102084814
WP_063890014	WP_152651296
WP_063890014	WP_117102185
WP_063890014	WP_337241455
WP_063890014	WP_264923534
WP_063890014	WP_117372876
WP_063890014	WP_319881867
WP_063890014	WP_218792909
WP_063890014	WP_222893791
WP_063890014	WP_265688933
WP_063890014	WP_430913544
WP_063890014	WP_480105104
WP_063890014	WP_462497064
WP_063890014	WP_446499345
WP_063890014	WP_117101477
WP_063890014	WP_374894773
WP_063890014	WP_192955482
WP_063890014	WP_217324971
WP_063890014	WP_480104065
WP_063890014	WP_110245831
WP_063890014	WP_130563469
WP_063890014	WP_316517875
WP_063890014	WP_232798632
WP_063890014	WP_475292798
WP_063890014	WP_329702166
WP_063890014	WP_097161091
WP_063890014	WP_054178485
WP_063890014	WP_049856171
WP_063890014	WP_120816395
WP_063890014	WP_419097273
WP_063890014	WP_283283735
WP_063890014	WP_049847628
WP_063890014	WP_312284358
WP_063890014	WP_161616564
WP_063890014	WP_038154321
WP_063890014	WP_038257868
WP_063890014	WP_072383743
WP_063890014	WP_064737150
WP_063890014	WP_045374699
WP_063890014	WP_410794861
WP_063890014	WP_349159518
WP_063890014	WP_267985318
WP_063890014	WP_087867611
WP_063890014	WP_015705739
WP_063890014	WP_395030522
WP_063890014	WP_139033279
WP_063890014	WP_096079871
WP_063890014	WP_180478707
WP_063890014	WP_114435652
WP_063890014	WP_097453058
WP_063890014	WP_097737660
WP_063890014	WP_064236980
WP_063890014	WP_063628500
WP_063890014	WP_284095477
WP_063890014	WP_257189850
WP_063890014	WP_473255045
WP_063890014	WP_105955866
WP_063890014	WP_181674596
WP_063890014	WP_473050847
WP_063890014	WP_097504823
WP_063890014	WP_272415908
WP_063890014	WP_482424766
WP_063890014	WP_187213353
WP_063890014	WP_406584343
WP_063890014	WP_414771148
WP_063890014	WP_205898086
WP_063890014	WP_099145180
WP_063890014	WP_264717374
WP_063890014	WP_433819496
WP_063890014	WP_447490038
WP_063890014	WP_175147456
WP_063890014	WP_461212578
WP_063890014	WP_149842459
WP_063890014	WP_094249227
WP_063890014	WP_258313836
WP_063890014	WP_447568113
WP_063890014	WP_407907601
WP_063890014	WP_001304419
WP_063890014	WP_088170549
WP_063890014	WP_181678784
WP_063890014	WP_206245930
WP_063890014	WP_032179017
WP_063890014	WP_373344221
WP_063890014	WP_001385318
WP_063890014	WP_063611907
WP_063890014	WP_089635203
WP_063890014	WP_097766031
WP_063890014	WP_232806482
WP_063890014	WP_089587500
WP_063890014	WP_197910568
WP_063890014	WP_135527765
WP_063890014	WP_112039181
WP_063890014	WP_336491487
WP_063890014	WP_407860731
WP_063890014	WP_115185544
WP_063890014	WP_001573409
WP_063890014	WP_433288905
WP_063890014	WP_423705385
WP_063890014	WP_409386272
WP_063890014	WP_116585611
WP_063890014	WP_096178328
WP_063890014	WP_087497953
WP_063890014	WP_096982656
WP_063890014	WP_112049928
WP_063890014	WP_032221027
WP_063890014	WP_113402806
WP_063890014	WP_137568171
WP_063890014	WP_016247142
WP_063890014	WP_027662585
WP_063890014	WP_100028632
WP_063890014	WP_096948356
WP_063890014	WP_167817622
WP_063890014	WP_204653398
WP_063890014	WP_063269393
WP_063890014	WP_220400654
WP_063890014	WP_112979004
WP_063890014	WP_012421655
WP_063890014	WP_217823505
WP_063890014	WP_001761127
WP_063890014	WP_079399463
WP_063890014	WP_032191162
WP_063890014	WP_410203555
WP_063890014	WP_104806687
WP_063890014	WP_434105751
WP_063890014	WP_016239518
WP_063890014	WP_061348823
WP_063890014	WP_061350308
WP_063890014	WP_420509885
WP_063890014	WP_310984986
WP_063890014	WP_340584467
WP_063890014	WP_097561735
WP_063890014	WP_243050989
WP_063890014	WP_128475606
WP_063890014	WP_443462592
WP_063890014	WP_001347791
WP_063890014	WP_170908221
WP_063890014	WP_059340867
WP_063890014	WP_050016524
WP_063890014	WP_115455889
WP_063890014	WP_001428676
WP_063890014	WP_136758401
WP_063890014	WP_105463404
WP_063890014	WP_239965035
WP_063890014	WP_286502523
WP_063890014	WP_112039406
WP_063890014	WP_078166360
WP_063890014	WP_069917268
WP_063890014	WP_128458764
WP_063890014	WP_370561643
WP_063890014	WP_275212093
WP_063890014	WP_032169931
WP_063890014	WP_462063882
WP_063890014	WP_065807689
WP_063890014	WP_160379793
WP_063890014	WP_105076130
WP_063890014	WP_054250542
WP_063890014	WP_061360079
WP_063890014	WP_097296041
WP_063890014	WP_135563249
WP_063890014	WP_096942927
WP_063890014	WP_001361672
WP_063890014	WP_268582918
WP_063890014	WP_001295576
WP_063890014	WP_137505405
WP_063890014	WP_097329986
WP_063890014	WP_167737002
WP_063890014	WP_122367646
WP_063890014	WP_104696594
WP_063890014	WP_431082856
WP_063890014	WP_225469297
WP_063890014	WP_126709993
WP_063890014	WP_040089153
WP_063890014	WP_311002028
WP_063890014	WP_353524410
WP_063890014	WP_282057851
WP_063890014	WP_216404963
WP_063890014	WP_137528197
WP_063890014	WP_123873082
WP_063890014	WP_097156398
WP_063890014	WP_097743229
WP_063890014	WP_021518705
WP_063890014	WP_136499942
WP_063890014	WP_012311849
WP_063890014	WP_353533309
WP_063890014	WP_115439001
WP_063890014	WP_257119995
WP_063890014	WP_001383172
WP_063890014	WP_247143598
WP_063890014	WP_330499393
WP_063890014	WP_196315974
WP_063890014	WP_088543100
WP_063890014	WP_231337759
WP_063890014	WP_125272887
WP_063890014	WP_001684861
WP_063890014	WP_113525321
WP_063890014	WP_032280486
WP_063890014	WP_262941083
WP_063890014	WP_136792849
WP_063890014	WP_105455593
WP_063890014	WP_096907971
WP_063890014	WP_033552514
WP_063890014	WP_001591966
WP_063890014	WP_426653086
WP_063890014	WP_374057141
WP_063890014	WP_241233303
WP_063890014	WP_233334912
WP_063890014	WP_222698304
WP_063890014	WP_270369158
WP_063890014	WP_136697595
WP_063890014	WP_210173332
WP_063890014	WP_473001896
WP_063890014	WP_115177131
WP_063890014	WP_080317285
WP_063890014	WP_337089143
WP_063890014	WP_001695925
WP_063890014	WP_001487192
WP_063890014	WP_078296783
WP_063890014	WP_073533593
WP_063890014	WP_421520884
WP_063890014	WP_373343002
WP_063890014	WP_085693625
WP_063890014	WP_106509868
WP_063890014	WP_368309389
WP_063890014	WP_171284283
WP_063890014	WP_124035679
WP_063890014	WP_112350513
WP_063890014	WP_005049701
WP_063890014	WP_094112740
WP_063890014	WP_192849614
WP_063890014	WP_113349994
WP_063890014	WP_049094051
WP_063890014	WP_001298100
WP_063890014	WP_254280938
WP_063890014	WP_001335024
WP_063890014	WP_389367345
WP_063890014	WP_288770467
WP_063890014	WP_302308642
WP_063890014	WP_042101137
WP_063890014	WP_276337399
WP_063890014	WP_181669845
WP_063890014	WP_181671744
WP_063890014	WP_338341039
WP_063890014	WP_105283921
WP_063890014	WP_103774691
WP_063890014	WP_436857497
WP_063890014	WP_181680599
WP_063890014	WP_437153020
WP_063890014	WP_060571295
WP_063890014	WP_350396522
WP_063890014	WP_049040400
WP_063890014	WP_269535795
WP_063890014	WP_042283444
WP_063890014	WP_181823096
WP_063890014	WP_368932706
WP_063890014	WP_199957683
WP_063890014	WP_353493427
WP_063890014	WP_342005727
WP_063890014	WP_420247789
WP_063890014	WP_352445533
WP_063890014	WP_047370484
WP_063890014	WP_023207743
WP_063890014	WP_247258414
WP_063890014	WP_088274917
WP_063890014	WP_097358914
WP_063890014	WP_097368766
WP_063890014	WP_286109601
WP_063890014	WP_080189727
WP_063890014	WP_080036105
WP_063890014	WP_119505506
WP_063890014	WP_079937382
WP_063890014	WP_121584712
WP_063890014	WP_416707592
WP_063890014	WP_204192555
WP_063890014	WP_042308078
WP_063890014	WP_454730499
WP_063890014	WP_045443510
WP_063890014	WP_137350289
WP_063890014	WP_372363552
WP_063890014	WP_106107954
WP_063890014	WP_423060403
WP_063890014	WP_200006295
WP_063890014	WP_407599373
WP_063890014	WP_196004664
WP_063890014	WP_199998818
WP_063890014	WP_447214746
WP_063890014	WP_208744249
WP_063890014	WP_336240261
WP_063890014	WP_210958958
WP_063890014	WP_286611123
WP_063890014	WP_212025606
WP_063890014	WP_407197878
WP_063890014	WP_137381719
WP_063890014	WP_149618107
WP_063890014	WP_148361912
WP_063890014	WP_417632973
WP_063890014	WP_448842765
WP_063890014	WP_447571015
WP_063890014	WP_436537488
WP_063890014	WP_115489471
WP_063890014	WP_396527306
WP_063890014	WP_149691972
WP_063890014	WP_257749251
WP_063890014	WP_048211498
WP_063890014	WP_211924318
WP_063890014	WP_148977852
WP_063890014	WP_128611638
WP_063890014	WP_192465158
WP_063890014	WP_220708630
WP_063890014	WP_213730726
WP_063890014	WP_124021161
WP_063890014	WP_326925441
WP_063890014	WP_046155113
WP_063890014	WP_142972508
WP_063890014	WP_194210844
WP_063890014	WP_149281022
WP_063890014	WP_121540120
WP_063890014	WP_286520757
WP_063890014	WP_204529194
WP_063890014	WP_101742284
WP_063890014	WP_448890375
WP_063890014	WP_252655081
WP_063890014	WP_370607315
WP_063890014	WP_149607726
WP_063890014	WP_175330318
WP_063890014	WP_332067267
WP_063890014	WP_250010644
WP_063890014	WP_325757801
WP_063890014	WP_332067798
WP_063890014	WP_213706317
WP_063890014	WP_354649407
WP_063890014	WP_407198658
WP_063890014	WP_087878850
WP_063890014	WP_354647270
WP_063890014	WP_048224009
WP_063890014	WP_413595485
WP_063890014	WP_394951840
WP_063890014	WP_319857187
WP_063890014	WP_115601976
WP_063890014	WP_003833325
WP_063890014	WP_241176380
WP_063890014	WP_335282849
WP_063890014	WP_221666617
WP_063890014	WP_275258043
WP_063890014	WP_040233192
WP_063890014	WP_436330042
WP_063890014	WP_048240953
WP_063890014	WP_267445512
WP_063890014	WP_115455073
WP_063890014	WP_162648757
WP_063890014	WP_079223964
WP_063890014	WP_394946267
WP_063890014	WP_096890262
WP_063890014	WP_138828579
WP_063890014	WP_334258673
WP_063890014	WP_352488241
WP_063890014	WP_304699028
WP_063890014	WP_192468599
WP_063890014	WP_003020611
WP_063890014	WP_191605971
WP_063890014	WP_267453870
WP_063890014	WP_286552680
WP_063890014	WP_126317895
WP_063890014	WP_373885933
WP_063890014	WP_151532657
WP_063890014	WP_337084296
WP_063890014	WP_462983646
WP_063890014	WP_271450384
WP_063890014	WP_313850968
WP_063890014	WP_220758343
WP_063890014	WP_200100501
WP_063890014	WP_323527560
WP_063890014	WP_286626466
WP_063890014	WP_003840713
WP_063890014	WP_336227625
WP_063890014	WP_265640476
WP_063890014	WP_476580300
WP_063890014	WP_286576855
WP_063890014	WP_264859744
WP_063890014	WP_115643338
WP_063890014	WP_253686520
WP_063890014	WP_462566654
WP_063890014	WP_016150334
WP_063890014	WP_410734765
WP_063890014	WP_332079860
WP_063890014	WP_271440939
WP_063890014	WP_418229397
WP_063890014	WP_137348538
WP_063890014	WP_230131586
WP_063890014	WP_199969493
WP_063890014	WP_172742905
WP_063890014	WP_407207477
WP_063890014	WP_407201544
WP_063890014	WP_313848772
WP_063890014	WP_323536231
WP_063890014	WP_407205291
WP_063890014	WP_061068007
WP_063890014	WP_218659207
WP_063890014	WP_267457723
WP_063890014	WP_275378233
WP_063890014	WP_474042608
WP_063890014	WP_309470346
WP_063890014	WP_338457356
WP_063890014	WP_317679932
WP_063890014	WP_198579226
WP_063890014	WP_367144490
WP_063890014	WP_442341155
WP_063890014	WP_123267308
WP_063890014	WP_116359990
WP_063890014	WP_420269711
WP_063890014	WP_352439117
WP_063890014	WP_369706971
WP_063890014	WP_062934600
WP_063890014	WP_021240303
WP_063890014	WP_320737019
WP_063890014	WP_220425792
WP_063890014	WP_234649576
WP_063890014	WP_316941990
WP_063890014	WP_137047942
WP_063890014	WP_458661186
WP_063890014	WP_058659591
WP_063890014	WP_248099531
WP_063890014	WP_333016739
WP_063890014	WP_063866559
WP_063890014	WP_420984756
WP_063890014	WP_439162553
WP_063890014	WP_435077131
WP_063890014	WP_112778289
WP_063890014	WP_256044392
WP_063890014	WP_013096367
WP_063890014	WP_435342520
WP_063890014	WP_463696801
WP_063890014	WP_148390602
WP_063890014	WP_479416325
WP_063890014	WP_028018800
WP_063890014	WP_130027194
WP_063890014	WP_410384770
WP_063890014	WP_237423014
WP_063890014	WP_181216005
WP_063890014	WP_058658124
WP_063890014	WP_150391106
WP_063890014	WP_248226540
WP_063890014	WP_482451277
WP_063890014	WP_202783613
WP_063890014	WP_416136611
WP_063890014	WP_236330059
WP_063890014	WP_097535810
WP_063890014	WP_262788983
WP_063890014	WP_232945616
WP_063890014	WP_014070501
WP_063890014	WP_045333127
WP_063890014	WP_219322922
WP_063890014	WP_133294573
WP_063890014	WP_003856806
WP_063890014	WP_049006900
WP_063890014	WP_063409342
WP_063890014	WP_301233964
WP_063890014	WP_370964659
WP_063890014	WP_160890453
WP_063890014	WP_209337573
WP_063890014	WP_176610160
WP_063890014	WP_259384511
WP_063890014	WP_369395891
WP_063890014	WP_171935796
WP_063890014	WP_369396685
WP_063890014	WP_317578587
WP_063890014	WP_246916665
WP_063890014	WP_108453044
WP_063890014	WP_369706222
WP_063890014	WP_395312952
WP_063890014	WP_320736601
WP_063890014	WP_070533075
WP_063890014	WP_059360019
WP_063890014	WP_047955699
WP_063890014	WP_407820448
WP_063890014	WP_251884567
WP_063890014	WP_049012134
WP_063890014	WP_045355889
WP_063890014	WP_426728944
WP_063890014	WP_315685916
WP_063890014	WP_301509199
WP_063890014	WP_250116397
WP_063890014	WP_119937723
WP_063890014	WP_016536693
WP_063890014	WP_310816003
WP_063890014	WP_217186601
WP_063890014	WP_194516253
WP_063890014	WP_063453197
WP_063890014	WP_334400484
WP_063890014	WP_348597469
WP_063890014	WP_248260792
WP_063890014	WP_328737605
WP_063890014	WP_217073083
WP_063890014	WP_464354574
WP_063890014	WP_089600608
WP_063890014	WP_220424043
WP_063890014	WP_333537619
WP_063890014	WP_062938831
WP_063890014	WP_350361331
WP_063890014	WP_446493275
WP_063890014	WP_350363912
WP_063890014	WP_332944434
WP_063890014	WP_023300259
WP_063890014	WP_058684604
WP_063890014	WP_248246692
WP_063890014	WP_227879155
WP_063890014	WP_039266524
WP_063890014	WP_023616558
WP_063890014	WP_015570386
WP_063890014	WP_325818130
WP_063890014	WP_049022533
WP_063890014	WP_279257599
WP_063890014	WP_395303939
WP_063890014	WP_325798548
WP_063890014	WP_348582555
WP_063890014	WP_171846519
WP_063890014	WP_196342203
WP_063890014	WP_333065662
WP_063890014	WP_193528032
WP_063890014	WP_010431771
WP_063890014	WP_449555968
WP_063890014	WP_123346492
WP_063890014	WP_020690940
WP_063890014	WP_128311265
WP_063890014	WP_125366061
WP_063890014	WP_248058842
WP_063890014	WP_165556688
WP_063890014	WP_248186590
WP_063890014	WP_439211063
WP_063890014	WP_149385434
WP_063890014	WP_318594282
WP_063890014	WP_148419665
WP_063890014	WP_252071355
WP_063890014	WP_134350540
WP_063890014	WP_454534922
WP_063890014	WP_102789975
WP_063890014	WP_473212922
WP_063890014	WP_108417789
WP_063890014	WP_182404832
WP_063890014	WP_276169787
WP_063890014	WP_417644266
WP_063890014	WP_182381828
WP_063890014	WP_050860939
WP_063890014	WP_206805214
WP_063890014	WP_063154364
WP_063890014	WP_041909639
WP_063890014	WP_257440583
WP_063890014	WP_153681643
WP_063890014	WP_320728151
WP_063890014	WP_045630538
WP_063890014	WP_193940668
WP_063890014	WP_241510715
WP_063890014	WP_431646867
WP_063890014	WP_182061309
WP_063890014	WP_022648322
WP_063890014	WP_223537295
WP_063890014	WP_063149430
WP_063890014	WP_108367636
WP_063890014	WP_263069893
WP_063890014	WP_194208429
WP_063890014	WP_102752589
WP_063890014	WP_259829607
WP_063890014	WP_264863105
WP_063890014	WP_100170144
WP_063890014	WP_181368172
WP_063890014	WP_047647563
WP_063890014	WP_347939898
WP_063890014	WP_342863301
WP_063890014	WP_232928226
WP_063890014	WP_320717597
WP_063890014	WP_121339605
WP_063890014	WP_349397400
WP_063890014	WP_131632423
WP_063890014	WP_368525183
WP_063890014	WP_252043492
WP_063890014	WP_262769616
WP_063890014	WP_194304823
WP_063890014	WP_221702228
WP_063890014	WP_316468095
WP_063890014	WP_433763094
WP_063890014	WP_465284904
WP_063890014	WP_437117985
WP_063890014	WP_008502813
WP_063890014	WP_257273243
WP_063890014	WP_216280214
WP_063890014	WP_083021434
WP_063890014	WP_335264199
WP_063890014	WP_414149764
WP_063890014	WP_048223614
WP_063890014	WP_088208366
WP_063890014	WP_333191670
WP_063890014	WP_063933469
WP_063890014	WP_251275161
WP_063890014	WP_101737607
WP_063890014	WP_100166143
WP_063890014	WP_063138304
WP_063890014	WP_045335024
WP_063890014	WP_336665377
WP_063890014	WP_271086507
WP_063890014	WP_265190348
WP_063890014	WP_064326313
WP_063890014	WP_284966809
WP_063890014	WP_335277705
WP_063890014	WP_048029764
WP_063890014	WP_302235355
WP_063890014	WP_337284072
WP_063890014	WP_479437587
WP_063890014	WP_481229345
WP_063890014	WP_247825486
WP_063890014	WP_279258343
WP_063890014	WP_263609535
WP_063890014	WP_017384217
WP_063890014	WP_047348265
WP_063890014	WP_459920874
WP_063890014	WP_033145741
WP_063890014	WP_032656725
WP_063890014	WP_156654653
WP_063890014	WP_125913570
WP_063890014	WP_248031229
WP_063890014	WP_325846374
WP_063890014	WP_320723951
WP_063890014	WP_479983998
WP_063890014	WP_121931743
WP_063890014	WP_252046686
WP_063890014	WP_150144036
WP_063890014	WP_446187597
WP_063890014	WP_436328179
WP_063890014	WP_337285263
WP_063890014	WP_420275037
WP_063890014	WP_454534281
WP_063890014	WP_039270612
WP_063890014	WP_174339677
WP_063890014	WP_250584053
WP_063890014	WP_373225486
WP_063890014	WP_311825755
WP_063890014	WP_473478621
WP_063890014	WP_248233191
WP_063890014	WP_172569830
WP_063890014	WP_340346038
WP_063890014	WP_014832223
WP_063890014	WP_248276164
WP_063890014	WP_337276630
WP_063890014	WP_050862660
WP_063890014	WP_111965949
WP_063890014	WP_484611759
WP_063890014	WP_151712346
WP_063890014	WP_409248481
WP_063890014	WP_080329313
WP_063890014	WP_333119795
WP_063890014	WP_059291328
WP_063890014	WP_063840802
WP_063890014	WP_288790059
WP_063890014	WP_193806721
WP_063890014	WP_182400720
WP_063890014	WP_316083775
WP_063890014	WP_241174787
WP_063890014	WP_218726581
WP_063890014	WP_289451967
WP_063890014	WP_253377298
WP_063890014	WP_279046323
WP_063890014	WP_251998180
WP_063890014	WP_171857349
WP_063890014	WP_063861433
WP_063890014	WP_309176439
WP_063890014	WP_223560736
WP_063890014	WP_332980939
WP_063890014	WP_138013899
WP_063890014	WP_164955063
WP_063890014	WP_102892121
WP_063890014	WP_023335949
WP_063890014	WP_220719523
WP_063890014	WP_475395320
WP_063890014	WP_101865793
WP_063890014	WP_165464304
WP_063890014	WP_150311709
WP_063890014	WP_395029986
WP_063890014	WP_275153127
WP_063890014	WP_479985734
WP_063890014	WP_431645052
WP_063890014	WP_205919257
WP_063890014	WP_023292242
WP_063890014	WP_474482313
WP_063890014	WP_063616027
WP_063890014	WP_171857567
WP_063890014	WP_270291793
WP_063890014	WP_334759401
WP_063890014	WP_121423980
WP_063890014	WP_320719782
WP_063890014	WP_236903263
WP_063890014	WP_305869942
WP_063890014	WP_232962357
WP_063890014	WP_063441941
WP_063890014	WP_160863287
WP_063890014	WP_336666978
WP_063890014	WP_182410653
WP_063890014	WP_448875436
WP_063890014	WP_094948495
WP_063890014	WP_199116200
WP_063890014	WP_336997952
WP_063890014	WP_333090252
WP_063890014	WP_163330854
WP_063890014	WP_333074733
WP_063890014	WP_143345209
WP_063890014	WP_168979589
WP_063890014	WP_248223935
WP_063890014	WP_423400399
WP_063890014	WP_104950791
WP_063890014	WP_426739629
WP_063890014	WP_414965577
WP_063890014	WP_185791163
WP_063890014	WP_235148077
WP_063890014	WP_439037873
WP_063890014	WP_448657158
WP_063890014	WP_148401201
WP_063890014	WP_337281955
WP_063890014	WP_182383674
WP_063890014	WP_230351154
WP_063890014	WP_129251825
WP_063890014	WP_232944036
WP_063890014	WP_422700150
WP_063890014	WP_136343423
WP_063890014	WP_431617900
WP_063890014	WP_442780021
WP_063890014	WP_222566543
WP_063890014	WP_410380792
WP_063890014	WP_279796179
WP_063890014	WP_048210325
WP_063890014	WP_426719742
WP_063890014	WP_221550261
WP_063890014	WP_126795673
WP_063890014	WP_473712665
WP_063890014	WP_193543669
WP_063890014	WP_180250506
WP_063890014	WP_169722237
WP_063890014	WP_473721047
WP_063890014	WP_126347596
WP_063890014	WP_436352673
WP_063890014	WP_193362643
WP_063890014	WP_266177901
WP_063890014	WP_284950926
WP_063890014	WP_112780108
WP_063890014	WP_410379290
WP_063890014	WP_045620487
WP_063890014	WP_236348301
WP_063890014	WP_208584176
WP_063890014	WP_284593360
WP_063890014	WP_454712965
WP_063890014	WP_196356418
WP_063890014	WP_257713587
WP_063890014	WP_212474033
WP_063890014	WP_171932031
WP_063890014	WP_343645423
WP_063890014	WP_330752415
WP_063890014	WP_103676541
WP_063890014	WP_216374711
WP_063890014	WP_130626203
WP_063890014	WP_368542028
WP_063890014	WP_316336553
WP_063890014	WP_087449702
WP_063890014	WP_020882439
WP_063890014	WP_024907119
WP_063890014	WP_192987040
WP_063890014	WP_148385514
WP_063890014	WP_333049845
WP_063890014	WP_336667838
WP_063890014	WP_129256292
WP_063890014	WP_431640318
WP_063890014	WP_182930780
WP_063890014	WP_063452273
WP_063890014	WP_086524526
WP_063890014	WP_289467884
WP_063890014	WP_154125646
WP_063890014	WP_152081288
WP_063890014	WP_123922316
WP_063890014	WP_115875434
WP_063890014	WP_116339491
WP_063890014	WP_115465410
WP_063890014	WP_126325295
WP_063890014	WP_368746433
WP_063890014	WP_006175684
WP_063890014	WP_258767247
WP_063890014	WP_263033549
WP_063890014	WP_059309865
WP_063890014	WP_126546009
WP_063890014	WP_458472080
WP_063890014	WP_431644886
WP_063890014	WP_058685781
WP_063890014	WP_060614664
WP_063890014	WP_193131931
WP_063890014	WP_253178700
WP_063890014	WP_395490904
WP_063890014	WP_348595853
WP_063890014	WP_049121934
WP_063890014	WP_063448751
WP_063890014	WP_334786748
WP_063890014	WP_159125343
WP_063890014	WP_045281238
WP_063890014	WP_275146095
WP_063890014	WP_050736888
WP_063890014	WP_420240526
WP_063890014	WP_128334044
WP_063890014	WP_370971851
WP_063890014	WP_474216337
WP_063890014	WP_237844131
WP_063890014	WP_096946858
WP_063890014	WP_427025548
WP_063890014	WP_196354281
WP_063890014	WP_103822246
WP_063890014	WP_063924442
WP_063890014	WP_210875966
WP_063890014	WP_417063802
WP_063890014	WP_100168857
WP_063890014	WP_063427618
WP_063890014	WP_192984197
WP_063890014	WP_059365098
WP_063890014	WP_248265659
WP_063890014	WP_032640977
WP_063890014	WP_248189090
WP_063890014	WP_347001725
WP_063890014	WP_301003225
WP_063890014	WP_126495489
WP_063890014	WP_348558012
WP_063890014	WP_332963577
WP_063890014	WP_325813550
WP_063890014	WP_045341511
WP_063890014	WP_039031854
WP_063890014	WP_417634432
WP_063890014	WP_316459605
WP_063890014	WP_436324770
WP_063890014	WP_279794838
WP_063890014	WP_059387022
WP_063890014	WP_445349491
WP_063890014	WP_447290886
WP_063890014	WP_429052332
WP_063890014	WP_485453858
WP_063890014	WP_348557223
WP_063890014	WP_252093082
WP_063890014	WP_047725966
WP_063890014	WP_131492695
WP_063890014	WP_213842980
WP_063890014	WP_248205256
WP_063890014	WP_181619646
WP_063890014	WP_349396999
WP_063890014	WP_028013404
WP_063890014	WP_199008638
WP_063890014	WP_442360118
WP_063890014	WP_061772789
WP_063890014	WP_248062046
WP_063890014	WP_094916983
WP_063890014	WP_023330550
WP_063890014	WP_431637068
WP_063890014	WP_320700772
WP_063890014	WP_045336485
WP_063890014	WP_240609039
WP_063890014	WP_454531858
WP_063890014	WP_334277832
WP_063890014	WP_047740450
WP_063890014	WP_032622442
WP_063890014	WP_180251174
WP_063890014	WP_063146363
WP_063890014	WP_029883572
WP_063890014	WP_153907272
WP_063890014	WP_395279944
WP_063890014	WP_395999517
WP_063890014	WP_029740526
WP_063890014	WP_063145052
WP_063890014	WP_096151321
WP_063890014	WP_023312071
WP_063890014	WP_414243545
WP_063890014	WP_057061597
WP_063890014	WP_198739761
WP_063890014	WP_443349462
WP_063890014	WP_324271226
WP_063890014	WP_196344796
WP_063890014	WP_046619715
WP_063890014	WP_058651254
WP_063890014	WP_473719638
WP_063890014	WP_431630356
WP_063890014	WP_320732702
WP_063890014	WP_424634470
WP_063890014	WP_287810245
WP_063890014	WP_274239793
WP_063890014	WP_182271653
WP_063890014	WP_334754973
WP_063890014	WP_166715514
WP_063890014	WP_048979146
WP_063890014	WP_214579758
WP_063890014	WP_447280778
WP_063890014	WP_216356674
WP_063890014	WP_271074664
WP_063890014	WP_193037741
WP_063890014	WP_139936465
WP_063890014	WP_150056721
WP_063890014	WP_194385716
WP_063890014	WP_045908888
WP_063890014	WP_262821937
WP_063890014	WP_333520382
WP_063890014	WP_406767081
WP_063890014	WP_328728096
WP_063890014	WP_423122055
WP_063890014	WP_407218691
WP_063890014	WP_335267699
WP_063890014	WP_260662149
WP_063890014	WP_218307474
WP_063890014	WP_333489070
WP_063890014	WP_039263555
WP_063890014	WP_325929876
WP_063890014	WP_368537066
WP_063890014	WP_118282816
WP_063890014	WP_421001432
WP_063890014	WP_348592798
WP_063890014	WP_106105799
WP_063890014	WP_264880408
WP_063890014	WP_447744097
WP_063890014	WP_248039343
WP_063890014	WP_437748246
WP_063890014	WP_448637651
WP_063890014	WP_331410853
WP_063890014	WP_256066930
WP_063890014	WP_325759772
WP_063890014	WP_049133975
WP_063890014	WP_251994206
WP_063890014	WP_454535227
WP_063890014	WP_116328658
WP_063890014	WP_159339437
WP_063890014	WP_182265868
WP_063890014	WP_096168797
WP_063890014	WP_417649609
WP_063890014	WP_414163530
WP_063890014	WP_289442309
WP_063890014	WP_057072862
WP_063890014	WP_046887713
WP_063890014	WP_025756584
WP_063890014	WP_262777950
WP_063890014	WP_410386386
WP_063890014	WP_045329359
WP_063890014	WP_481239809
WP_063890014	WP_431621500
WP_063890014	WP_040017644
WP_063890014	WP_257247356
WP_063890014	WP_343440406
WP_063890014	WP_249576666
WP_063890014	WP_126517012
WP_063890014	WP_149367044
WP_063890014	WP_420257013
WP_063890014	WP_045345096
WP_063890014	WP_434246647
WP_063890014	WP_038419681
WP_063890014	WP_058681320
WP_063890014	WP_248248008
WP_063890014	WP_316379286
WP_063890014	WP_126533739
WP_063890014	WP_274413938
WP_063890014	WP_114977042
WP_063890014	WP_058608669
WP_063890014	WP_414746791
WP_063890014	WP_262805130
WP_063890014	WP_447210195
WP_063890014	WP_063429647
WP_063890014	WP_196345221
WP_063890014	WP_180255678
WP_063890014	WP_047651111
WP_063890014	WP_370731950
WP_063890014	WP_439216727
WP_063890014	WP_114314733
WP_063890014	WP_447288748
WP_063890014	WP_485453666
WP_063890014	WP_481241543
WP_063890014	WP_276164762
WP_063890014	WP_049840483
WP_063890014	WP_194500492
WP_063890014	WP_097540790
WP_063890014	WP_063436118
WP_063890014	WP_023344331
WP_063890014	WP_262789642
WP_063890014	WP_167211108
WP_063890014	WP_248183319
WP_063890014	WP_370956617
WP_063890014	WP_483543663
WP_063890014	WP_164474495
WP_063890014	WP_426747750
WP_063890014	WP_301241265
WP_063890014	WP_431623428
WP_063890014	WP_045400177
WP_063890014	WP_213774213
WP_063890014	WP_151884557
WP_063890014	WP_063150498
WP_063890014	WP_103179888
WP_063890014	WP_449557670
WP_063890014	WP_410026718
WP_063890014	WP_420973063
WP_063890014	WP_354646856
WP_063890014	WP_420293389
WP_063890014	WP_058648246
WP_063890014	WP_325841270
WP_063890014	WP_126519052
WP_063890014	WP_326466734
WP_063890014	WP_335260565
WP_063890014	WP_249564690
WP_063890014	WP_137273297
WP_063890014	WP_202773156
WP_063890014	WP_460262221
WP_063890014	WP_421625550
WP_063890014	WP_125321197
WP_063890014	WP_470296464
WP_063890014	WP_446489766
WP_063890014	WP_370940908
WP_063890014	WP_063162978
WP_063890014	WP_312946882
WP_063890014	WP_032647574
WP_063890014	WP_052281646
WP_063890014	WP_416015630
WP_063890014	WP_347291911
WP_063890014	WP_108475619
WP_063890014	WP_407732677
WP_063890014	WP_368479403
WP_063890014	WP_253897103
WP_063890014	WP_271459113
WP_063890014	WP_182934709
WP_063890014	WP_416868638
WP_063890014	WP_220440561
WP_063890014	WP_368287293
WP_063890014	WP_316149574
WP_063890014	WP_395594927
WP_063890014	WP_149464605
WP_063890014	WP_415989226
WP_063890014	WP_312656652
WP_063890014	WP_062774628
WP_063890014	WP_166514056
WP_063890014	WP_061279486
WP_063890014	WP_410998915
WP_063890014	WP_415980737
WP_063890014	WP_484132157
WP_063890014	WP_415996169
WP_063890014	WP_185666031
WP_063890014	WP_333498399
WP_063890014	WP_421558872
WP_063890014	WP_234506040
WP_063890014	WP_464404767
WP_063890014	WP_065357584
WP_063890014	WP_350435422
WP_063890014	WP_315406598
WP_063890014	WP_270502941
WP_063890014	WP_163448912
WP_063890014	WP_064546022
WP_063890014	WP_433635992
WP_063890014	WP_113858675
WP_063890014	WP_349600326
WP_063890014	WP_106929035
WP_063890014	WP_455648469
WP_063890014	WP_333496377
WP_063890014	WP_035892922
WP_063890014	WP_189623247
WP_063890014	WP_123650516
WP_063890014	WP_061708999
WP_063890014	WP_449547006
WP_063890014	WP_235133379
WP_063890014	WP_059179121
WP_063890014	WP_310825293
WP_063890014	WP_202713211
WP_063890014	WP_478335939
WP_063890014	WP_446029823
WP_063890014	WP_012017586
WP_063890014	WP_449554516
WP_063890014	WP_202693321
WP_063890014	WP_462830639
WP_063890014	WP_174343256
WP_063890014	WP_407437151
WP_063890014	WP_331389969
WP_063890014	WP_252687742
WP_063890014	WP_449545351
WP_063890014	WP_131487304
WP_063890014	WP_175272997
WP_063890014	WP_325945642
WP_063890014	WP_336996003
WP_063890014	WP_480070905
WP_063890014	WP_286809123
WP_063890014	WP_040075361
WP_063890014	WP_426729120
WP_063890014	WP_279934369
WP_063890014	WP_311103085
WP_063890014	WP_024359426
WP_063890014	WP_112070477
WP_063890014	WP_181334485
WP_063890014	WP_447540148
WP_063890014	WP_142470899
WP_063890014	WP_265670408
WP_063890014	WP_220676268
WP_063890014	WP_142480765
WP_063890014	WP_154956306
WP_063890014	WP_348795247
WP_063890014	WP_154060087
WP_063890014	WP_224256177
WP_063890014	WP_447954451
WP_063890014	WP_224253396
WP_063890014	WP_224331340
WP_063890014	WP_219676135
WP_063890014	WP_224235119
WP_063890014	WP_049112416
WP_063890014	WP_148853035
WP_063890014	WP_201367770
WP_063890014	WP_154923198
WP_063890014	WP_004850155
WP_063890014	WP_161505641
WP_063890014	WP_211800658
WP_063890014	WP_420272373
WP_063890014	WP_448943825
WP_063890014	WP_340530578
WP_063890014	WP_154056685
WP_063890014	WP_312226919
WP_063890014	WP_313111549
WP_063890014	WP_103820028
WP_063890014	WP_312209529
WP_063890014	WP_144814877
WP_063890014	WP_336852564
WP_063890014	WP_268107815
WP_063890014	WP_312410107
WP_063890014	WP_312927959
WP_063890014	WP_042394310
WP_063890014	WP_312167422
WP_063890014	WP_165430816
WP_063890014	WP_312140590
WP_063890014	WP_284972733
WP_063890014	WP_312925057
WP_063890014	WP_312582351
WP_063890014	WP_043865257
WP_063890014	WP_002437344
WP_063890014	WP_312737452
WP_063890014	WP_313478221
WP_063890014	WP_313072108
WP_063890014	WP_313758865
WP_063890014	WP_313714796
WP_063890014	WP_313610214
WP_063890014	WP_313069356
WP_063890014	WP_312773540
WP_063890014	WP_220398020
WP_063890014	WP_313436941
WP_063890014	WP_313119950
WP_063890014	WP_251848894
WP_063890014	WP_313021317
WP_063890014	WP_404659646
WP_063890014	WP_330981895
WP_063890014	WP_438683633
WP_063890014	WP_318392576
WP_063890014	WP_090459711
WP_063890014	WP_321987555
WP_063890014	WP_318375099
WP_063890014	WP_218337146
WP_063890014	WP_115258321
WP_063890014	WP_318356655
WP_063890014	WP_318365409
WP_063890014	WP_318385370
WP_063890014	WP_196209027
WP_063890014	WP_473275989
WP_063890014	WP_072568619
WP_063890014	WP_213132609
WP_063890014	WP_135321999
WP_063890014	WP_318388278
WP_063890014	WP_318363660
WP_063890014	WP_088218623
WP_063890014	WP_438676058
WP_063890014	WP_110273502
WP_063890014	WP_478313978
WP_063890014	WP_102103867
WP_063890014	WP_090084575
WP_063890014	WP_193796056
WP_063890014	WP_312154106
WP_063890014	WP_271267506
WP_063890014	WP_181482505
WP_063890014	WP_335255370
WP_063890014	WP_103279445
WP_063890014	WP_191152559
WP_063890014	WP_333849312
WP_063890014	WP_282495321
WP_063890014	WP_371972533
WP_063890014	WP_285125839
WP_063890014	WP_231312180
WP_063890014	WP_142514237
WP_063890014	WP_059307714
WP_063890014	WP_391487256
WP_063890014	WP_434659117
WP_063890014	WP_285146365
WP_063890014	WP_449568525
WP_063890014	WP_404527989
WP_063890014	WP_312995842
WP_063890014	WP_271284178
WP_063890014	WP_103949329
WP_063890014	WP_279866954
WP_063890014	WP_262661416
WP_063890014	WP_106993153
WP_063890014	WP_100779969
WP_063890014	WP_335256926
WP_063890014	WP_194512352
WP_063890014	WP_202673667
WP_063890014	WP_479457692
WP_063890014	WP_032611192
WP_063890014	WP_296432513
WP_063890014	WP_107703449
WP_063890014	WP_112216482
WP_063890014	WP_337014764
WP_063890014	WP_151584969
WP_063890014	WP_429920714
WP_063890014	WP_039076930
WP_063890014	WP_142489805
WP_063890014	WP_420172354
WP_063890014	WP_229221832
WP_063890014	WP_409255162
WP_063890014	WP_077226987
WP_063890014	WP_429184011
WP_063890014	WP_312187701
WP_063890014	WP_156263959
WP_063890014	WP_449576418
WP_063890014	WP_095282218
WP_063890014	WP_001354108
WP_063890014	WP_097366103
WP_063890014	WP_011069349
WP_063890014	WP_023234051
WP_063890014	WP_220410040
WP_063890014	WP_151325451
WP_063890014	WP_368980229
WP_063890014	WP_458582410
WP_063890014	WP_337233247
WP_063890014	WP_044325484
WP_063890014	WP_114756056
WP_063890014	WP_136146207
WP_063890014	WP_034167620
WP_063890014	WP_407240213
WP_063890014	WP_130562903
WP_063890014	WP_113262355
WP_063890014	WP_004093343
WP_063890014	WP_001468644
WP_063890014	WP_001643336
WP_063890014	WP_001497537
WP_063890014	WP_137507701
WP_063890014	WP_438376706
WP_063890014	WP_139506354
WP_063890014	WP_130525818
WP_063890014	WP_222698922
WP_063890014	WP_039064846
WP_063890014	WP_447394891
WP_063890014	WP_222694071
WP_063890014	WP_119228377
WP_063890014	WP_134797136
WP_063890014	WP_426258934
WP_063890014	WP_303080275
WP_063890014	WP_128484340
WP_063890014	WP_059279416
WP_063890014	WP_349324084
WP_063890014	WP_042318669
WP_063890014	WP_414238619
WP_063890014	WP_354651774
WP_063890014	WP_437138713
WP_063890014	WP_103133502
WP_063890014	WP_079902076
WP_063890014	WP_058112688
WP_063890014	WP_218206460
WP_063890014	WP_079817679
WP_063890014	WP_350389474
WP_063890014	WP_079944770
WP_063890014	WP_080225906
WP_063890014	WP_269725886
WP_063890014	WP_483647959
WP_063890014	WP_269725396
WP_063890014	WP_079786656
WP_063890014	WP_193582231
WP_063890014	WP_222985104
WP_063890014	WP_086151646
WP_063890014	WP_079956031
WP_063890014	WP_306341828
WP_063890014	WP_311042392
WP_063890014	WP_338843128
WP_063890014	WP_286519269
WP_063890014	WP_087053392
WP_063890014	WP_064566066
WP_063890014	WP_263100684
WP_063890014	WP_071920884
WP_063890014	WP_149288736
WP_063890014	WP_043953492
WP_063890014	WP_208658727
WP_063890014	WP_007371932
WP_063890014	WP_090137459
WP_063890014	WP_090120569
WP_063890014	WP_430889945
WP_063890014	WP_200550844
WP_063890014	WP_480164295
WP_063890014	WP_071685617
WP_063890014	WP_313795555
WP_063890014	WP_426449019
WP_063890014	WP_024562448
WP_063890014	WP_482855913
WP_063890014	WP_436892791
WP_063890014	WP_031524090
WP_063890014	WP_130098630
WP_063890014	WP_264384166
WP_063890014	WP_276640913
WP_063890014	WP_106876948
WP_063890014	WP_285280285
WP_063890014	WP_117073801
WP_063890014	WP_057696432
WP_063890014	WP_347943668
WP_063890014	WP_423410939
WP_063890014	WP_010355625
WP_063890014	WP_243044052
WP_063890014	WP_021576142
WP_063890014	WP_226478762
WP_063890014	WP_261661125
WP_063890014	WP_222903777
WP_063890014	WP_097499381
WP_063890014	WP_405248900
WP_063890014	WP_097439571
WP_063890014	WP_089622992
WP_063890014	WP_441103013
WP_063890014	WP_166432044
WP_063890014	WP_096955803
WP_063890014	WP_192949776
WP_063890014	WP_097316831
WP_063890014	WP_350425269
WP_063890014	WP_047605417
WP_063890014	WP_152928090
WP_063890014	WP_248798404
WP_063890014	WP_147699178
WP_063890014	WP_001619376
WP_063890014	WP_224154170
WP_063890014	WP_348918604
WP_063890014	WP_128880474
WP_063890014	WP_115204748
WP_063890014	WP_189915256
WP_063890014	WP_226875355
WP_063890014	WP_130222777
WP_063890014	WP_150003811
WP_063890014	WP_126524036
WP_063890014	WP_080164925
WP_063890014	WP_437141873
WP_063890014	WP_183059648
WP_063890014	WP_052894846
WP_063890014	WP_076737109
WP_063890014	WP_322967232
WP_063890014	WP_438251663
WP_063890014	WP_429473155
WP_063890014	WP_054173929
WP_063890014	WP_411018137
WP_063890014	WP_023243911
WP_063890014	WP_001633920
WP_063890014	WP_350394891
WP_063890014	WP_369529310
WP_063890014	WP_000513593
WP_063890014	WP_137075834
WP_063890014	WP_061873387
WP_063890014	WP_079981228
WP_063890014	WP_373446640
WP_063890014	WP_061371578
WP_063890014	WP_265310270
WP_063890014	WP_151116648
WP_063890014	WP_079944817
WP_063890014	WP_135401126
WP_063890014	WP_078164288
WP_063890014	WP_442236156
WP_063890014	WP_410958342
WP_063890014	WP_380988203
WP_063890014	WP_080219049
WP_063890014	WP_080090075
WP_063890014	WP_064013377
WP_063890014	WP_094914137
WP_063890014	WP_080213863
WP_063890014	WP_070793984
WP_063890014	WP_422662936
WP_063890014	WP_076927388
WP_063890014	WP_070817026
WP_063890014	WP_426682910
WP_063890014	WP_066038537
WP_063890014	WP_045161401
WP_063890014	WP_410957345
WP_063890014	WP_023212465
WP_063890014	WP_219135121
WP_063890014	WP_461550957
WP_063890014	WP_001527825
WP_063890014	WP_080195340
WP_063890014	WP_079976156
WP_063890014	WP_076928222
WP_063890014	WP_248095842
WP_063890014	WP_320483568
WP_063890014	WP_015366223
WP_063890014	WP_063422089
WP_063890014	WP_117025852
WP_063890014	WP_157195288
WP_063890014	WP_108443049
WP_063890014	WP_063444951
WP_063890014	WP_478318226
WP_063890014	WP_212769663
WP_063890014	WP_257198434
WP_063890014	WP_162121612
WP_063890014	WP_014838214
WP_063890014	WP_201208392
WP_063890014	WP_014229012
WP_063890014	WP_311103221
WP_063890014	WP_367173414
WP_063890014	WP_074014671
WP_063890014	WP_442677288
WP_063890014	WP_113555054
WP_063890014	WP_001641657
WP_063890014	WP_473704259
WP_063890014	WP_053273715
WP_063890014	WP_264716559
WP_063890014	WP_150320998
WP_063890014	WP_255399614
WP_063890014	WP_106475120
WP_063890014	WP_447566729
WP_063890014	WP_106888977
WP_063890014	WP_460208702
WP_063890014	WP_481243857
WP_063890014	WP_407981177
WP_063890014	WP_022296446
WP_063890014	WP_142461072
WP_063890014	WP_024212192
WP_063890014	WP_262018964
WP_063890014	WP_152031172
WP_063890014	WP_254685061
WP_063890014	WP_228362710
WP_063890014	WP_156666342
WP_063890014	WP_447390936
WP_063890014	WP_483647610
WP_063890014	WP_024259893
WP_063890014	WP_156675230
WP_063890014	WP_338231578
WP_063890014	WP_124783278
WP_063890014	WP_025237092
WP_063890014	WP_059268211
WP_063890014	WP_348996957
WP_063890014	WP_059275760
WP_063890014	WP_079954488
WP_063890014	WP_116525600
WP_063890014	WP_094445049
WP_063890014	WP_052939996
WP_063890014	WP_046093242
WP_063890014	WP_409161954
WP_063890014	WP_038391634
WP_063890014	WP_248622704
WP_063890014	WP_200053795
WP_063890014	WP_047463544
WP_063890014	WP_114847857
WP_063890014	WP_058669225
WP_063890014	WP_198448149
WP_063890014	WP_313851745
WP_063890014	WP_200075778
WP_063890014	WP_071258408
WP_063890014	WP_447210771
WP_063890014	WP_134769375
WP_063890014	WP_370906242
WP_063890014	WP_219937029
WP_063890014	WP_049011909
WP_063890014	WP_352475139
WP_063890014	WP_317356720
WP_063890014	WP_248637779
WP_063890014	WP_286468695
WP_063890014	WP_410735004
WP_063890014	WP_012132230
WP_063890014	WP_373671403
WP_063890014	WP_196615202
WP_063890014	WP_443651874
WP_063890014	WP_348876432
WP_063890014	WP_279281475
WP_063890014	WP_097401100
WP_063890014	WP_047061015
WP_063890014	WP_065368399
WP_063890014	WP_289891751
WP_063890014	WP_016495870
WP_063890014	WP_131413344
WP_063890014	WP_322553201
WP_063890014	WP_297120801
WP_063890014	WP_473360043
WP_063890014	WP_371182499
WP_063890014	WP_276850569
WP_063890014	WP_447551143
WP_063890014	WP_112011676
WP_063890014	WP_061820475
WP_063890014	WP_183171540
WP_063890014	WP_220265816
WP_063890014	WP_165462993
WP_063890014	WP_313079610
WP_063890014	WP_312978929
WP_063890014	WP_125294365
WP_063890014	WP_416359020
WP_063890014	WP_312382981
WP_063890014	WP_474801307
WP_063890014	WP_312310960
WP_063890014	WP_254488433
WP_063890014	WP_161658838
WP_063890014	WP_313667637
WP_063890014	WP_042067134
WP_063890014	WP_109962601
WP_063890014	WP_187173632
WP_063890014	WP_103857512
WP_063890014	WP_001437686
WP_063890014	WP_053877708
WP_063890014	WP_311007621
WP_063890014	WP_227901605
WP_063890014	WP_163450069
WP_063890014	WP_053921241
WP_063890014	WP_202586373
WP_063890014	WP_220417210
WP_063890014	WP_182151873
WP_063890014	WP_045149545
WP_063890014	WP_137516456
WP_063890014	WP_001526939
WP_063890014	WP_136145658
WP_063890014	WP_001353238
WP_063890014	WP_482449863
WP_063890014	WP_121926914
WP_063890014	WP_001698309
WP_063890014	WP_137650755
WP_063890014	WP_104919812
WP_063890014	WP_000513601
WP_063890014	WP_222692696
WP_063890014	WP_440284337
WP_063890014	WP_000513595
WP_063890014	WP_016506808
WP_063890014	WP_080187487
WP_063890014	WP_335285437
WP_063890014	WP_117218716
WP_063890014	WP_000513592
WP_063890014	WP_265322084
WP_063890014	WP_079842153
WP_063890014	WP_447418566
WP_063890014	WP_079831239
WP_063890014	WP_187789244
WP_063890014	WP_079919046
WP_063890014	WP_150362398
WP_063890014	WP_079773408
WP_063890014	WP_223671740
WP_063890014	WP_276294972
WP_063890014	WP_080625249
WP_063890014	WP_057517038
WP_063890014	WP_085540010
WP_063890014	WP_311889334
WP_063890014	WP_039294073
WP_063890014	WP_255399014
WP_063890014	WP_075328792
WP_063890014	WP_001298801
WP_063890014	WP_028126135
WP_063890014	WP_052894802
WP_063890014	WP_001554983
WP_063890014	WP_373651008
WP_063890014	WP_062864251
WP_063890014	WP_098402050
WP_063890014	WP_058128075
WP_063890014	WP_001362355
WP_063890014	WP_069191794
WP_063890014	WP_096320277
WP_063890014	WP_101972917
WP_063890014	WP_219369926
WP_063890014	WP_459475326
WP_063890014	WP_346714095
WP_063890014	WP_180238098
WP_063890014	WP_346673373
WP_063890014	WP_204646080
WP_063890014	WP_148119586
WP_063890014	WP_071337709
WP_063890014	WP_447534128
WP_063890014	WP_160379198
WP_063890014	WP_059241841
WP_063890014	WP_195293729
WP_063890014	WP_209072113
WP_063890014	WP_080221066
WP_063890014	WP_075810041
WP_063890014	WP_179678659
WP_063890014	WP_218657761
WP_063890014	WP_271444760
WP_063890014	WP_111306573
WP_063890014	WP_024154617
WP_063890014	WP_086868681
WP_063890014	WP_431650576
WP_063890014	WP_249881734
WP_063890014	WP_039303632
WP_063890014	WP_331636338
WP_063890014	WP_061277535
WP_063890014	WP_008461318
WP_063890014	WP_375528918
WP_063890014	WP_045782768
WP_063890014	WP_166863571
WP_063890014	WP_227317218
WP_063890014	WP_126355978
WP_063890014	WP_312739921
WP_063890014	WP_038471906
WP_063890014	WP_176983322
WP_063890014	WP_225857789
WP_063890014	WP_137549280
WP_063890014	WP_044697417
WP_063890014	WP_101191328
WP_063890014	WP_167582759
WP_063890014	WP_001553967
WP_063890014	WP_235635882
WP_063890014	WP_063101440
WP_063890014	WP_100035334
WP_063890014	WP_230003292
WP_063890014	WP_281996681
WP_063890014	WP_340504580
WP_063890014	WP_029399852
WP_063890014	WP_302324719
WP_063890014	WP_325853464
WP_063890014	WP_112042011
WP_063890014	WP_421644911
WP_063890014	WP_099716442
WP_063890014	WP_407237162
WP_063890014	WP_088144913
WP_063890014	WP_148119488
WP_063890014	WP_001309471
WP_063890014	WP_218722669
WP_063890014	WP_215462386
WP_063890014	WP_396123545
WP_063890014	WP_062883069
WP_063890014	WP_115747162
WP_063890014	WP_436903858
WP_063890014	WP_233300805
WP_063890014	WP_012601486
WP_063890014	WP_039020811
WP_063890014	WP_266197323
WP_063890014	WP_154054944
WP_063890014	WP_005074608
WP_063890014	WP_286040451
WP_063890014	WP_085460779
WP_063890014	WP_137325881
WP_063890014	WP_024212414
WP_063890014	WP_141109152
WP_063890014	WP_000513600
WP_063890014	WP_248900062
WP_063890014	WP_181199057
WP_063890014	WP_473775881
WP_063890014	WP_407254918
WP_063890014	WP_181811662
WP_063890014	WP_182257864
WP_063890014	WP_334330573
WP_063890014	WP_420059946
WP_063890014	WP_079951547
WP_063890014	WP_060545781
WP_063890014	WP_267263067
WP_063890014	WP_070810980
WP_063890014	WP_224229030
WP_063890014	WP_070810160
WP_063890014	WP_317187132
WP_063890014	WP_000513585
WP_063890014	WP_286596188
WP_063890014	WP_432223881
WP_063890014	WP_417313063
WP_063890014	WP_148850029
WP_063890014	WP_332142002
WP_063890014	WP_001726005
WP_063890014	WP_097416271
WP_063890014	WP_170900528
WP_063890014	WP_454086554
WP_063890014	WP_179143703
WP_063890014	WP_140240041
WP_063890014	WP_077507429
WP_063890014	WP_042203615
WP_063890014	WP_220424713
WP_063890014	WP_201489722
WP_063890014	WP_289464768
WP_063890014	WP_024262109
WP_063890014	WP_203758921
WP_063890014	WP_154735936
WP_063890014	WP_461416116
WP_063890014	WP_331332859
WP_063890014	WP_063100160
WP_063890014	WP_170877827
WP_063890014	WP_112901885
WP_063890014	WP_126723186
WP_063890014	WP_130259730
WP_063890014	WP_396017558
WP_063890014	WP_192943815
WP_063890014	WP_232166077
WP_063890014	WP_286633407
WP_063890014	WP_152404374
WP_063890014	WP_371896636
WP_063890014	WP_047657007
WP_063890014	WP_061585946
WP_063890014	WP_254521646
WP_063890014	WP_198900946
WP_063890014	WP_058818844
WP_063890014	WP_407190747
WP_063890014	WP_070828402
WP_063890014	WP_110313906
WP_063890014	WP_108629114
WP_063890014	WP_455309095
WP_063890014	WP_262832619
WP_063890014	WP_425747600
WP_063890014	WP_089643733
WP_063890014	WP_338386711
WP_063890014	WP_001698223
WP_063890014	WP_263766718
WP_063890014	WP_265935175
WP_063890014	WP_196606116
WP_063890014	WP_424700727
WP_063890014	WP_427810417
WP_063890014	WP_064226380
WP_063890014	WP_136158911
WP_063890014	WP_416044178
WP_063890014	WP_097423819
WP_063890014	WP_047663626
WP_063890014	WP_438897407
WP_063890014	WP_366961900
WP_063890014	WP_001703146
WP_063890014	WP_097767572
WP_063890014	WP_097737416
WP_063890014	WP_095501507
WP_063890014	WP_204619009
WP_063890014	WP_311014755
WP_063890014	WP_309312435
WP_063890014	WP_116750500
WP_063890014	WP_000513589
WP_063890014	WP_080193364
WP_063890014	WP_054079289
WP_063890014	WP_109740282
WP_063890014	WP_043000535
WP_063890014	WP_086512587
WP_063890014	WP_200040434
WP_063890014	WP_058588133
WP_063890014	WP_395242242
WP_063890014	WP_200016455
WP_063890014	WP_200119014
WP_063890014	WP_352489859
WP_063890014	WP_447208806
WP_063890014	WP_266167459
WP_063890014	WP_012905972
WP_063890014	WP_044257728
WP_063890014	WP_407153653
WP_063890014	WP_200105862
WP_063890014	WP_116545528
WP_063890014	WP_171859090
WP_063890014	WP_032749439
WP_063890014	WP_281163769
WP_063890014	WP_484081941
WP_063890014	WP_077167861
WP_063890014	WP_279967804
WP_063890014	WP_129541869
WP_063890014	WP_447514428
WP_063890014	WP_272854357
WP_063890014	WP_194178961
WP_063890014	WP_001390153
WP_063890014	WP_045177202
WP_063890014	WP_097432349
WP_063890014	WP_089633091
WP_063890014	WP_343121342
WP_063890014	WP_089631514
WP_063890014	WP_024246437
WP_063890014	WP_021537199
WP_063890014	WP_033808261
WP_063890014	WP_001691736
WP_063890014	WP_239612500
WP_063890014	WP_098728897
WP_063890014	WP_447564200
WP_063890014	WP_052945803
WP_063890014	WP_302347522
WP_063890014	WP_461861132
WP_063890014	WP_404998961
WP_063890014	WP_204628519
WP_063890014	WP_262930693
WP_063890014	WP_010340715
WP_063890014	WP_061077672
WP_063890014	WP_285922853
WP_063890014	WP_258441651
WP_063890014	WP_326976442
WP_063890014	WP_149508568
WP_063890014	WP_131064518
WP_063890014	WP_196010489
WP_063890014	WP_085429251
WP_063890014	WP_249895028
WP_063890014	WP_371354900
WP_063890014	WP_261913803
WP_063890014	WP_437152138
WP_063890014	WP_202038516
WP_063890014	WP_176203580
WP_063890014	WP_043084341
WP_063890014	WP_053518447
WP_063890014	WP_297198091
WP_063890014	WP_048286686
WP_063890014	WP_347485029
WP_063890014	WP_481811354
WP_063890014	WP_250552561
WP_063890014	WP_160333669
WP_063890014	WP_089581943
WP_063890014	WP_166488420
WP_063890014	WP_284345531
WP_063890014	WP_203739528
WP_063890014	WP_231366968
WP_063890014	WP_032253403
WP_063890014	WP_128456570
WP_063890014	WP_032359226
WP_063890014	WP_463478928
WP_063890014	WP_116987052
WP_063890014	WP_192854409
WP_063890014	WP_244051948
WP_063890014	WP_053919506
WP_063890014	WP_215260982
WP_063890014	WP_160456044
WP_063890014	WP_447219541
WP_063890014	WP_016235984
WP_063890014	WP_206783239
WP_063890014	WP_242818372
WP_063890014	WP_277204169
WP_063890014	WP_248787134
WP_063890014	WP_337451994
WP_063890014	WP_069907111
WP_063890014	WP_224171678
WP_063890014	WP_079798031
WP_063890014	WP_079789294
WP_063890014	WP_094299714
WP_063890014	WP_000513590
WP_063890014	WP_149457628
WP_063890014	WP_079788155
WP_063890014	WP_020976736
WP_063890014	WP_269701133
WP_063890014	WP_371356673
WP_063890014	WP_155107962
WP_063890014	WP_448846443
WP_063890014	WP_337086678
WP_063890014	WP_325081304
WP_063890014	WP_047365954
WP_063890014	WP_340224588
WP_063890014	WP_126506896
WP_063890014	WP_408604136
WP_063890014	WP_097438257
WP_063890014	WP_137533932
WP_063890014	WP_446188638
WP_063890014	WP_407979716
WP_063890014	WP_097680496
WP_063890014	WP_369511418
WP_063890014	WP_250304337
WP_063890014	WP_157702382
WP_063890014	WP_171880468
WP_063890014	WP_187224980
WP_063890014	WP_187226248
WP_063890014	WP_096886024
WP_063890014	WP_001421248
WP_063890014	WP_227910464
WP_063890014	WP_236936462
WP_063890014	WP_338756180
WP_063890014	WP_027663457
WP_063890014	WP_243046681
WP_063890014	WP_112886542
WP_063890014	WP_113240210
WP_063890014	WP_366948134
WP_063890014	WP_053002813
WP_063890014	WP_222691237
WP_063890014	WP_080183578
WP_063890014	WP_050959221
WP_063890014	WP_478383944
WP_063890014	WP_079843607
WP_063890014	WP_050955573
WP_063890014	WP_079960881
WP_063890014	WP_109255836
WP_063890014	WP_057109216
WP_063890014	WP_259363824
WP_063890014	WP_006810845
WP_063890014	WP_435953975
WP_063890014	WP_455427982
WP_063890014	WP_455547125
WP_063890014	WP_271124741
WP_063890014	WP_435930112
WP_063890014	WP_202303574
WP_063890014	WP_271126982
WP_063890014	WP_167606262
WP_063890014	WP_271132777
WP_063890014	WP_191641545
WP_063890014	WP_421516011
WP_063890014	WP_302313090
WP_063890014	WP_032257049
WP_063890014	WP_236459775
WP_063890014	WP_113411750
WP_063890014	WP_115735524
WP_063890014	WP_349398136
WP_063890014	WP_095157902
WP_063890014	WP_088540382
WP_063890014	WP_087757968
WP_063890014	WP_240078808
WP_063890014	WP_001382110
WP_063890014	WP_136858844
WP_063890014	WP_001360019
WP_063890014	WP_230146779
WP_063890014	WP_454770421
WP_063890014	WP_171935419
WP_063890014	WP_343119737
WP_063890014	WP_134812201
WP_063890014	WP_033550377
WP_063890014	WP_174349305
WP_063890014	WP_054170815
WP_063890014	WP_070810223
WP_063890014	WP_117345340
WP_063890014	WP_269699995
WP_063890014	WP_052869816
WP_063890014	WP_162383543
WP_063890014	WP_079805886
WP_063890014	WP_079819002
WP_063890014	WP_137363864
WP_063890014	WP_407251071
WP_063890014	WP_045508058
WP_063890014	WP_481985540
WP_063890014	WP_103814051
WP_063890014	WP_163388228
WP_063890014	WP_047086937
WP_063890014	WP_373335972
WP_063890014	WP_474951761
WP_063890014	WP_438415388
WP_063890014	WP_187193804
WP_063890014	WP_462822171
WP_063890014	WP_063105276
WP_063890014	WP_395525703
WP_063890014	WP_024237790
WP_063890014	WP_332188114
WP_063890014	WP_249859788
WP_063890014	WP_112921228
WP_063890014	WP_237441488
WP_063890014	WP_100029972
WP_063890014	WP_438380882
WP_063890014	WP_064527215
WP_063890014	WP_325901789
WP_063890014	WP_059228683
WP_063890014	WP_220766472
WP_063890014	WP_000513596
WP_063890014	WP_086126117
WP_063890014	WP_000513594
WP_063890014	WP_000513586
WP_063890014	WP_062600413
WP_063890014	WP_149516614
WP_063890014	WP_414438211
WP_063890014	WP_482834123
WP_063890014	WP_448848550
WP_063890014	WP_460419867
WP_063890014	WP_108684181
WP_063890014	WP_454518662
WP_063890014	WP_287654485
WP_063890014	WP_047353322
WP_063890014	WP_121268148
WP_063890014	WP_080211292
WP_063890014	WP_126492244
WP_063890014	WP_115207242
WP_063890014	WP_284570736
WP_063890014	WP_076751418
WP_063890014	WP_310563366
WP_063890014	WP_105272672
WP_063890014	WP_040038412
WP_063890014	WP_227899072
WP_063890014	WP_332382293
WP_063890014	WP_113472624
WP_063890014	WP_311237079
WP_063890014	WP_069905730
WP_063890014	WP_369775429
WP_063890014	WP_073506986
WP_063890014	WP_395765647
WP_063890014	WP_174592121
WP_063890014	WP_032206808
WP_063890014	WP_423709150
WP_063890014	WP_235246749
WP_063890014	WP_279435967
WP_063890014	WP_021550866
WP_063890014	WP_105263579
WP_063890014	WP_192950382
WP_063890014	WP_484341499
WP_063890014	WP_371063775
WP_063890014	WP_015606150
WP_063890014	WP_011264301
WP_063890014	WP_016505322
WP_063890014	WP_119503765
WP_063890014	WP_103283777
WP_063890014	WP_080206825
WP_063890014	WP_139778859
WP_063890014	WP_269542849
WP_063890014	WP_160539349
WP_063890014	WP_021552277
WP_063890014	WP_203148526
WP_063890014	WP_407109662
WP_063890014	WP_287167498
WP_063890014	WP_267812607
WP_063890014	WP_106404615
WP_063890014	WP_459516600
WP_063890014	WP_052913447
WP_063890014	WP_325883021
WP_063890014	WP_280948387
WP_063890014	WP_146755864
WP_063890014	WP_196064690
WP_063890014	WP_241461511
WP_063890014	WP_424701080
WP_063890014	WP_241224313
WP_063890014	WP_001506205
WP_063890014	WP_005091745
WP_063890014	WP_097432199
WP_063890014	WP_324700906
WP_063890014	WP_024262211
WP_063890014	WP_128613966
WP_063890014	WP_261630464
WP_063890014	WP_241328699
WP_063890014	WP_186184159
WP_063890014	WP_420899960
WP_063890014	WP_408508150
WP_063890014	WP_447330113
WP_063890014	WP_061873277
WP_063890014	WP_183062664
WP_063890014	WP_149410460
WP_063890014	WP_053529013
WP_063890014	WP_063390492
WP_063890014	WP_200057293
WP_063890014	WP_395202241
WP_063890014	WP_312453838
WP_063890014	WP_079970671
WP_063890014	WP_426367246
WP_063890014	WP_394780559
WP_063890014	WP_322277592
WP_063890014	WP_060659251
WP_063890014	WP_414738378
WP_063890014	WP_108957935
WP_063890014	WP_134778619
WP_063890014	WP_023155299
WP_063890014	WP_201473818
WP_063890014	WP_421647791
WP_063890014	WP_414028607
WP_063890014	WP_089527054
WP_063890014	WP_101918789
WP_063890014	WP_053909235
WP_063890014	WP_181200097
WP_063890014	WP_063078917
WP_063890014	WP_147692244
WP_063890014	WP_188155234
WP_063890014	WP_089518763
WP_063890014	WP_257160795
WP_063890014	WP_219371404
WP_063890014	WP_115799430
WP_063890014	WP_001560478
WP_063890014	WP_275284808
WP_063890014	WP_366949120
WP_063890014	WP_138183146
WP_063890014	WP_130208855
WP_063890014	WP_331328556
WP_063890014	WP_223666187
WP_063890014	WP_411006410
WP_063890014	WP_232795772
WP_063890014	WP_447398208
WP_063890014	WP_168156116
WP_063890014	WP_100521864
WP_063890014	WP_282873685
WP_063890014	WP_079952778
WP_063890014	WP_335246456
WP_063890014	WP_221925368
WP_063890014	WP_195440158
WP_063890014	WP_105890149
WP_063890014	WP_013366501
WP_063890014	WP_293493357
WP_063890014	WP_062741074
WP_063890014	WP_113642433
WP_063890014	WP_106486535
WP_063890014	WP_254670933
WP_063890014	WP_001481542
WP_063890014	WP_416503181
WP_063890014	WP_021570479
WP_063890014	WP_419756846
WP_063890014	WP_001538694
WP_063890014	WP_239931908
WP_063890014	WP_106482636
WP_063890014	WP_028131801
WP_063890014	WP_435392190
WP_063890014	WP_251287180
WP_063890014	WP_421640081
WP_063890014	WP_115245290
WP_063890014	WP_262243586
WP_063890014	WP_097444033
WP_063890014	WP_023145287
WP_063890014	WP_407230237
WP_063890014	WP_192951673
WP_063890014	WP_181479248
WP_063890014	WP_119037720
WP_063890014	WP_322499889
WP_063890014	WP_053216291
WP_063890014	WP_339495839
WP_063890014	WP_088730513
WP_063890014	WP_136150474
WP_063890014	WP_206163455
WP_063890014	WP_150329495
WP_063890014	WP_252716711
WP_063890014	WP_221694603
WP_063890014	WP_445298018
WP_063890014	WP_242898438
WP_063890014	WP_248786064
WP_063890014	WP_001482712
WP_063890014	WP_001718167
WP_063890014	WP_137595444
WP_063890014	WP_053266738
WP_063890014	WP_069914431
WP_063890014	WP_137539952
WP_063890014	WP_097470280
WP_063890014	WP_021572102
WP_063890014	WP_001394200
WP_063890014	WP_087902984
WP_063890014	WP_059412130
WP_063890014	WP_136146511
WP_063890014	WP_202789540
WP_063890014	WP_070825171
WP_063890014	WP_311230540
WP_063890014	WP_076928071
WP_063890014	WP_109551013
WP_063890014	WP_115763372
WP_063890014	WP_113649834
WP_063890014	WP_181474769
WP_063890014	WP_080205889
WP_063890014	WP_447350061
WP_063890014	WP_096812937
WP_063890014	WP_353318867
WP_063890014	WP_079951011
WP_063890014	WP_079974460
WP_063890014	WP_023246917
WP_063890014	WP_079780024
WP_063890014	WP_318049944
WP_063890014	WP_249575149
WP_063890014	WP_396502663
WP_063890014	WP_000513607
WP_063890014	WP_143551226
WP_063890014	WP_320741671
WP_063890014	WP_395035078
WP_063890014	WP_031935302
WP_063890014	WP_136768144
WP_063890014	WP_262009906
WP_063890014	WP_148119703
WP_063890014	WP_123163264
WP_063890014	WP_053882325
WP_063890014	WP_327741066
WP_063890014	WP_464289218
WP_063890014	WP_001454855
WP_063890014	WP_086185962
WP_063890014	WP_123912282
WP_063890014	WP_464359077
WP_063890014	WP_220412840
WP_063890014	WP_187227285
WP_063890014	WP_456290716
WP_063890014	WP_003985132
WP_063890014	WP_052978357
WP_063890014	WP_005154109
WP_063890014	WP_332262991
WP_063890014	WP_137502456
WP_063890014	WP_133458668
WP_063890014	WP_159386368
WP_063890014	WP_180491737
WP_063890014	WP_000513598
WP_063890014	WP_486572282
WP_063890014	WP_117380620
WP_063890014	WP_000513591
WP_063890014	WP_079839069
WP_063890014	WP_161662020
WP_063890014	WP_053868759
WP_063890014	WP_183063259
WP_063890014	WP_122030950
WP_063890014	WP_061429992
WP_063890014	WP_039056062
WP_063890014	WP_154680204
WP_063890014	WP_057518225
WP_063890014	WP_367170931
WP_063890014	WP_066009294
WP_063890014	WP_072643338
WP_063890014	WP_264353673
WP_063890014	WP_256548006
WP_063890014	WP_096970935
WP_063890014	WP_085334235
WP_063890014	WP_429872273
WP_063890014	WP_112877440
WP_063890014	WP_416259211
WP_063890014	WP_136682147
WP_063890014	WP_072646801
WP_063890014	WP_127976814
WP_063890014	WP_206053140
WP_063890014	WP_187180086
WP_063890014	WP_458583020
WP_063890014	WP_016234290
WP_063890014	WP_247171124
WP_063890014	WP_243194805
WP_063890014	WP_112032765
WP_063890014	WP_053900860
WP_063890014	WP_427798805
WP_063890014	WP_142440923
WP_063890014	WP_088542522
WP_063890014	WP_113864426
WP_063890014	WP_100679007
WP_063890014	WP_021518134
WP_063890014	WP_439023289
WP_063890014	WP_115761048
WP_063890014	WP_169750412
WP_063890014	WP_149451194
WP_063890014	WP_340494168
WP_063890014	WP_181673256
WP_063890014	WP_181588754
WP_063890014	WP_046481020
WP_063890014	WP_127201174
WP_063890014	WP_080166612
WP_063890014	WP_070811038
WP_063890014	WP_372432892
WP_063890014	WP_061104365
WP_063890014	WP_098065248
WP_063890014	WP_080223534
WP_063890014	WP_194523803
WP_063890014	WP_119176830
WP_063890014	WP_305865306
WP_063890014	WP_119186902
WP_063890014	WP_099373806
WP_063890014	WP_286629601
WP_063890014	WP_057109924
WP_063890014	WP_096841399
WP_063890014	WP_240759377
WP_063890014	WP_202255766
WP_063890014	WP_069914131
WP_063890014	WP_414226237
WP_063890014	WP_004991834
WP_063890014	WP_185198969
WP_063890014	WP_097498751
WP_063890014	WP_247201421
WP_063890014	WP_332831117
WP_063890014	WP_064237241
WP_063890014	WP_311041163
WP_063890014	WP_097764383
WP_063890014	WP_001559015
WP_063890014	WP_431697653
WP_063890014	WP_442897870
WP_063890014	WP_473003672
WP_063890014	WP_458584222
WP_063890014	WP_125112108
WP_063890014	WP_002462101
WP_063890014	WP_255126227
WP_063890014	WP_375093564
WP_063890014	WP_222688576
WP_063890014	WP_238470884
WP_063890014	WP_138163648
WP_063890014	WP_154023540
WP_063890014	WP_342716855
WP_063890014	WP_079807972
WP_063890014	WP_275055860
WP_063890014	WP_110497940
WP_063890014	WP_284488168
WP_063890014	WP_255923306
WP_063890014	WP_471727126
WP_063890014	WP_221684260
WP_063890014	WP_094762083
WP_063890014	WP_163433315
WP_063890014	WP_350422321
WP_063890014	WP_103857084
WP_063890014	WP_032204508
WP_063890014	WP_268602035
WP_063890014	WP_247145821
WP_063890014	WP_217609374
WP_063890014	WP_332977571
WP_063890014	WP_261628841
WP_063890014	WP_074463929
WP_063890014	WP_446848106
WP_063890014	WP_315747506
WP_063890014	WP_204678087
WP_063890014	WP_135115804
WP_063890014	WP_332139435
WP_063890014	WP_210179557
WP_063890014	WP_167579782
WP_063890014	WP_001661269
WP_063890014	WP_001678703
WP_063890014	WP_059239922
WP_063890014	WP_262933146
WP_063890014	WP_079903507
WP_063890014	WP_149493905
WP_063890014	WP_070810742
WP_063890014	WP_312640148
WP_063890014	WP_168993621
WP_063890014	WP_079786580
WP_063890014	WP_079956294
WP_063890014	WP_070801284
WP_063890014	WP_198802329
WP_063890014	WP_047071578
WP_063890014	WP_032642185
WP_063890014	WP_200518740
WP_063890014	WP_480148069
WP_063890014	WP_426814956
WP_063890014	WP_080154630
WP_063890014	WP_087895482
WP_063890014	WP_121351260
WP_063890014	WP_206343457
WP_063890014	WP_338297467
WP_063890014	WP_316945485
WP_063890014	WP_001372673
WP_063890014	WP_186180494
WP_063890014	WP_332999888
WP_063890014	WP_106508295
WP_063890014	WP_025759091
WP_063890014	WP_137471433
WP_063890014	WP_097485546
WP_063890014	WP_001484824
WP_063890014	WP_238004604
WP_063890014	WP_305873351
WP_063890014	WP_407904566
WP_063890014	WP_059337755
WP_063890014	WP_264096411
WP_063890014	WP_001607265
WP_063890014	WP_005023339
WP_063890014	WP_472648825
WP_063890014	WP_011378684
WP_063890014	WP_010332637
WP_063890014	WP_308065925
WP_063890014	WP_046080869
WP_063890014	WP_416859591
WP_063890014	WP_052934848
WP_063890014	WP_169023683
WP_063890014	WP_058814275
WP_063890014	WP_247258909
WP_063890014	WP_076927348
WP_063890014	WP_371359306
WP_063890014	WP_275375211
WP_063890014	WP_474750673
WP_063890014	WP_157276168
WP_063890014	WP_086538053
WP_063890014	WP_163334499
WP_063890014	WP_333155866
WP_063890014	WP_017457189
WP_063890014	WP_160270043
WP_063890014	WP_484138792
WP_063890014	WP_334408750
WP_063890014	WP_447564826
WP_063890014	WP_097507272
WP_063890014	WP_439230711
WP_063890014	WP_247165343
WP_063890014	WP_426203289
WP_063890014	WP_458583291
WP_063890014	WP_111990485
WP_063890014	WP_411961687
WP_063890014	WP_052906616
WP_063890014	WP_115424090
WP_063890014	WP_001707026
WP_063890014	WP_001705049
WP_063890014	WP_247155361
WP_063890014	WP_161412543
WP_063890014	WP_218075839
WP_063890014	WP_152066611
WP_063890014	WP_001373327
WP_063890014	WP_149917038
WP_063890014	WP_255401172
WP_063890014	WP_313842564
WP_063890014	WP_119175098
WP_063890014	WP_130236464
WP_063890014	WP_141106124
WP_063890014	WP_443462492
WP_063890014	WP_262035598
WP_063890014	WP_171923390
WP_063890014	WP_224939449
WP_063890014	WP_023206147
WP_063890014	WP_085375818
WP_063890014	WP_198870399
WP_063890014	WP_099825796
WP_063890014	WP_070811941
WP_063890014	WP_149420616
WP_063890014	WP_038395914
WP_063890014	WP_045393156
WP_063890014	WP_313768984
WP_063890014	WP_411325044
WP_063890014	WP_214575943
WP_063890014	WP_316552426
WP_063890014	WP_080204709
WP_063890014	WP_042944939
WP_063890014	WP_236118841
WP_063890014	WP_032352450
WP_063890014	WP_218794167
WP_063890014	WP_032342674
WP_063890014	WP_080106450
WP_063890014	WP_337453176
WP_063890014	WP_136761015
WP_063890014	WP_096879969
WP_063890014	WP_227168627
WP_063890014	WP_320266429
WP_063890014	WP_094317408
WP_063890014	WP_046640933
WP_063890014	WP_247182134
WP_063890014	WP_097714040
WP_063890014	WP_247083413
WP_063890014	WP_148500470
WP_063890014	WP_001359511
WP_063890014	WP_121851388
WP_063890014	WP_060707480
WP_063890014	WP_289245588
WP_063890014	WP_097711832
WP_063890014	WP_238023918
WP_063890014	WP_446423502
WP_063890014	WP_260232434
WP_063890014	WP_169769151
WP_063890014	WP_218684166
WP_063890014	WP_233399111
WP_063890014	WP_192962928
WP_063890014	WP_256877886
WP_063890014	WP_052975063
WP_063890014	WP_061378882
WP_063890014	WP_080102613
WP_063890014	WP_023138314
WP_063890014	WP_416456041
WP_063890014	WP_371068153
WP_063890014	WP_187789545
WP_063890014	WP_100250228
WP_063890014	WP_231279411
WP_063890014	WP_108631423
WP_063890014	WP_286630967
WP_063890014	WP_410750894
WP_063890014	WP_261627589
WP_063890014	WP_473329523
WP_063890014	WP_479977817
WP_063890014	WP_221256081
WP_063890014	WP_125357703
WP_063890014	WP_349402903
WP_063890014	WP_270031340
WP_063890014	WP_339354582
WP_063890014	WP_462610167
WP_063890014	WP_069904852
WP_063890014	WP_001541847
WP_063890014	WP_289703131
WP_063890014	WP_057777575
WP_063890014	WP_096967778
WP_063890014	WP_001583462
WP_063890014	WP_202851475
WP_063890014	WP_137512136
WP_063890014	WP_115199201
WP_063890014	WP_161418317
WP_063890014	WP_464290898
WP_063890014	WP_155061021
WP_063890014	WP_094308111
WP_063890014	WP_225568209
WP_063890014	WP_049595195
WP_063890014	WP_021516023
WP_063890014	WP_193802880
WP_063890014	WP_021523431
WP_063890014	WP_237984063
WP_063890014	WP_097335995
WP_063890014	WP_481243715
WP_063890014	WP_283726749
WP_063890014	WP_077543233
WP_063890014	WP_010350249
WP_063890014	WP_119179414
WP_063890014	WP_125317346
WP_063890014	WP_192958487
WP_063890014	WP_052932109
WP_063890014	WP_079969291
WP_063890014	WP_050951797
WP_063890014	WP_350369394
WP_063890014	WP_438796587
WP_063890014	WP_203436751
WP_063890014	WP_079970992
WP_063890014	WP_221922400
WP_063890014	WP_325950591
WP_063890014	WP_045360425
WP_063890014	WP_014884091
WP_063890014	WP_248236784
WP_063890014	WP_045135520
WP_063890014	WP_430916037
WP_063890014	WP_436874347
WP_063890014	WP_420060658
WP_063890014	WP_061496199
WP_063890014	WP_089566857
WP_063890014	WP_236429410
WP_063890014	WP_064562387
WP_063890014	WP_447489792
WP_063890014	WP_323621904
WP_063890014	WP_001355506
WP_063890014	WP_105285789
WP_063890014	WP_282992823
WP_063890014	WP_282983516
WP_063890014	WP_241075381
WP_063890014	WP_277890106
WP_063890014	WP_134215468
WP_063890014	WP_121868792
WP_063890014	WP_311040219
WP_063890014	WP_001646990
WP_063890014	WP_045893060
WP_063890014	WP_284161482
WP_063890014	WP_407903662
WP_063890014	WP_192954591
WP_063890014	WP_282871951
WP_063890014	WP_447470699
WP_063890014	WP_024232160
WP_063890014	WP_094281469
WP_063890014	WP_001485714
WP_063890014	WP_139555671
WP_063890014	WP_172695238
WP_063890014	WP_059258507
WP_063890014	WP_269718103
WP_063890014	WP_482517003
WP_063890014	WP_284554151
WP_063890014	WP_440090516
WP_063890014	WP_079972440
WP_063890014	WP_265273069
WP_063890014	WP_135416631
WP_063890014	WP_050947368
WP_063890014	WP_023184162
WP_063890014	WP_445439215
WP_063890014	WP_253251259
WP_063890014	WP_311379858
WP_063890014	WP_431649702
WP_063890014	WP_410334768
WP_063890014	WP_130944824
WP_063890014	WP_049127857
WP_063890014	WP_224263000
WP_063890014	WP_146313851
WP_063890014	WP_047596462
WP_063890014	WP_222669901
WP_063890014	WP_112015207
WP_063890014	WP_097492185
WP_063890014	WP_315630697
WP_063890014	WP_001437935
WP_063890014	WP_204186033
WP_063890014	WP_089518695
WP_063890014	WP_061351301
WP_063890014	WP_370988044
WP_063890014	WP_349395210
WP_063890014	WP_106494858
WP_063890014	WP_096169264
WP_063890014	WP_063091024
WP_063890014	WP_483662860
WP_063890014	WP_302305017
WP_063890014	WP_367008219
WP_063890014	WP_001516492
WP_063890014	WP_433818219
WP_063890014	WP_275342639
WP_063890014	WP_289420208
WP_063890014	WP_140039160
WP_063890014	WP_202100513
WP_063890014	WP_082242820
WP_063890014	WP_281771301
WP_063890014	WP_109267065
WP_063890014	WP_438256034
WP_063890014	WP_198081138
WP_063890014	WP_079774039
WP_063890014	WP_000513582
WP_063890014	WP_409291030
WP_063890014	WP_000513581
WP_063890014	WP_023240746
WP_063890014	WP_171803972
WP_063890014	WP_411014514
WP_063890014	WP_182157383
WP_063890014	WP_079837111
WP_063890014	WP_151219366
WP_063890014	WP_252838830
WP_063890014	WP_059305404
WP_063890014	WP_312686716
WP_063890014	WP_001669681
WP_063890014	WP_054494245
WP_063890014	WP_042049273
WP_063890014	WP_337227086
WP_063890014	WP_260864264
WP_063890014	WP_062865036
WP_063890014	WP_141416369
WP_063890014	WP_097294803
WP_063890014	WP_136731255
WP_063890014	WP_149466854
WP_063890014	WP_289266599
WP_063890014	WP_105477184
WP_063890014	WP_308733392
WP_063890014	WP_190300536
WP_063890014	WP_447540432
WP_063890014	WP_075330273
WP_063890014	WP_244345692
WP_063890014	WP_348919045
WP_063890014	WP_063116825
WP_063890014	WP_001382542
WP_063890014	WP_277176331
WP_063890014	WP_152030771
WP_063890014	WP_042029466
WP_063890014	WP_001625658
WP_063890014	WP_014639162
WP_063890014	WP_137576422
WP_063890014	WP_097178305
WP_063890014	WP_371067530
WP_063890014	WP_459202846
WP_063890014	WP_039503944
WP_063890014	WP_135421105
WP_063890014	WP_262812031
WP_063890014	WP_289465217
WP_063890014	WP_232395194
WP_063890014	WP_104731239
WP_063890014	WP_276377001
WP_063890014	WP_098027822
WP_063890014	WP_112019809
WP_063890014	WP_096838835
WP_063890014	WP_248889884
WP_063890014	WP_367745798
WP_063890014	WP_176261916
WP_063890014	WP_446913412
WP_063890014	WP_075631300
WP_063890014	WP_003955190
WP_063890014	WP_226438863
WP_063890014	WP_394599698
WP_063890014	WP_229479233
WP_063890014	WP_136160630
WP_063890014	WP_001574321
WP_063890014	WP_148485620
WP_063890014	WP_208064775
WP_063890014	WP_115194301
WP_063890014	WP_233945808
WP_063890014	WP_252392729
WP_063890014	WP_080077924
WP_063890014	WP_094964482
WP_063890014	WP_411009018
WP_063890014	WP_426468964
WP_063890014	WP_265279886
WP_063890014	WP_058115414
WP_063890014	WP_203361026
WP_063890014	WP_410680290
WP_063890014	WP_222701077
WP_063890014	WP_316423408
WP_063890014	WP_193111006
WP_063890014	WP_109843960
WP_063890014	WP_420290044
WP_063890014	WP_200913677
WP_063890014	WP_201491825
WP_063890014	WP_329481949
WP_063890014	WP_096854949
WP_063890014	WP_343284150
WP_063890014	WP_112917305
WP_063890014	WP_123135026
WP_063890014	WP_163435180
WP_063890014	WP_332254822
WP_063890014	WP_311001712
WP_063890014	WP_089589552
WP_063890014	WP_024234990
WP_063890014	WP_473723877
WP_063890014	WP_247144513
WP_063890014	WP_220675050
WP_063890014	WP_032261103
WP_063890014	WP_464288177
WP_063890014	WP_247172460
WP_063890014	WP_278280999
WP_063890014	WP_039025800
WP_063890014	WP_396125936
WP_063890014	WP_438782855
WP_063890014	WP_105279728
WP_063890014	WP_336222277
WP_063890014	WP_001649179
WP_063890014	WP_140031767
WP_063890014	WP_208211994
WP_063890014	WP_023213660
WP_063890014	WP_079971272
WP_063890014	WP_369791295
WP_063890014	WP_082326832
WP_063890014	WP_058673847
WP_063890014	WP_410772718
WP_063890014	WP_280150293
WP_063890014	WP_163374533
WP_063890014	WP_196521850
WP_063890014	WP_197347170
WP_063890014	WP_097405904
WP_063890014	WP_392527586
WP_063890014	WP_057526246
WP_123015955	WP_123015955
WP_123015955	WP_077313250
WP_024495662	WP_024495662
WP_261817173	WP_261817173
WP_261817173	WP_261835344
WP_094955790	WP_094955790
WP_094955790	WP_428660353
WP_094955790	WP_062688600
WP_094955790	WP_047877212
WP_094955790	WP_107281512
WP_094955790	WP_318924739
WP_169930201	WP_169930201
WP_169930201	WP_417656110
WP_075181891	WP_075181891
WP_099704794	WP_099704794
WP_099704794	WP_078001455
WP_099704794	WP_092874678
WP_373099949	WP_373099949
WP_373099949	WP_040976355
WP_373099949	WP_032092645
WP_239182622	WP_239182622
WP_265474547	WP_265474547
WP_265474547	WP_261920909
WP_265474547	WP_265490995
WP_179024907	WP_179024907
WP_179024907	WP_028772459
WP_304370078	WP_304370078
WP_304370078	WP_076419288
WP_304370078	WP_487111565
WP_304370078	WP_257172323
WP_304370078	WP_077285281
WP_304370078	WP_473617055
WP_304370078	WP_077340789
WP_228610836	WP_228610836
WP_228610836	WP_330128356
WP_228610836	WP_091341373
WP_228610836	WP_330088933
WP_228610836	WP_305944529
WP_101214110	WP_101214110
WP_115719005	WP_115719005
WP_115719005	WP_050659485
WP_115719005	WP_417355151
WP_115719005	WP_123421821
WP_127958355	WP_127958355
WP_012441352	WP_012441352
WP_012441352	WP_048697270
WP_012441352	WP_431021776
WP_012441352	WP_479994875
WP_012441352	WP_338556185
WP_012441352	WP_380178000
WP_012441352	WP_134824261
WP_012441352	WP_154751094
WP_012441352	WP_099336704
WP_012441352	WP_227534579
WP_012441352	WP_205064426
WP_012441352	WP_342904899
WP_012441352	WP_168393160
WP_012441352	WP_338637614
WP_012441352	WP_053142850
WP_012441352	WP_099349900
WP_012441352	WP_301251642
WP_012441352	WP_012667988
WP_012441352	WP_105595192
WP_012441352	WP_024968195
WP_012441352	WP_346567437
WP_012441352	WP_191932483
WP_012441352	WP_428943145
WP_012441352	WP_123329580
WP_012441352	WP_455863741
WP_012441352	WP_439212151
WP_012441352	WP_253453832
WP_012441352	WP_125287714
WP_012441352	WP_067430985
WP_012441352	WP_200559574
WP_012441352	WP_056238324
WP_012441352	WP_342909335
WP_012441352	WP_034897251
WP_012441352	WP_225701636
WP_012441352	WP_336140259
WP_012441352	WP_133841908
WP_012441352	WP_339507375
WP_012441352	WP_455814756
WP_012441352	WP_158784955
WP_012441352	WP_212815450
WP_012441352	WP_168404795
WP_012441352	WP_137269388
WP_012441352	WP_370734097
WP_012441352	WP_405260701
WP_012441352	WP_168394839
WP_012441352	WP_455819864
WP_012441352	WP_200543741
WP_012441352	WP_264546714
WP_012441352	WP_200642480
WP_012441352	WP_337893764
WP_012441352	WP_369894662
WP_012441352	WP_168403416
WP_012441352	WP_062743152
WP_012441352	WP_306205584
WP_012441352	WP_424690708
WP_012441352	WP_346573857
WP_012441352	WP_339457842
WP_012441352	WP_128174624
WP_012441352	WP_147198170
WP_012441352	WP_168386000
WP_012441352	WP_336795889
WP_012441352	WP_336203008
WP_012441352	WP_338506469
WP_012441352	WP_426767910
WP_012441352	WP_191149374
WP_012441352	WP_048915957
WP_012441352	WP_099754618
WP_012441352	WP_099319684
WP_012441352	WP_004157737
WP_012441352	WP_070134325
WP_012441352	WP_230048585
WP_012441352	WP_288499188
WP_209113625	WP_209113625
WP_171361937	WP_171361937
WP_171361937	WP_215985775
WP_171361937	WP_284191566
WP_171361937	WP_152430071
WP_171361937	WP_160926653
WP_171361937	WP_341663777
WP_171361937	WP_114787120
WP_171361937	WP_479677982
WP_171361937	WP_239171225
WP_171361937	WP_421587784
WP_189773231	WP_189773231
WP_101775042	WP_101775042
WP_101775042	WP_379096858
WP_150434082	WP_150434082
WP_085247968	WP_085247968
WP_085247968	WP_483564129
WP_085247968	WP_483558357
WP_085247968	WP_065587285
WP_085247968	WP_174786776
WP_085247968	WP_091347145
WP_085247968	WP_160402488
WP_085247968	WP_086326350
WP_085247968	WP_411623119
WP_085247968	WP_267350793
WP_085247968	WP_294829166
WP_085247968	WP_220215113
WP_085247968	WP_267329389
WP_085247968	WP_144091230
WP_085247968	WP_086287530
WP_085247968	WP_464321115
WP_085247968	WP_086308290
WP_085247968	WP_267380332
WP_085247968	WP_294612207
WP_085247968	WP_065602538
WP_085247968	WP_065558284
WP_085247968	WP_267345732
WP_085247968	WP_086271728
WP_085247968	WP_220219496
WP_085247968	WP_294833086
WP_085247968	WP_267340790
WP_085247968	WP_025315708
WP_085247968	WP_267354924
WP_085247968	WP_411638339
WP_085247968	WP_110454743
WP_085247968	WP_411635250
WP_085247968	WP_267359913
WP_085247968	WP_065619572
WP_085247968	WP_065739032
WP_085247968	WP_334320336
WP_085247968	WP_294965629
WP_085247968	WP_198228257
WP_085247968	WP_084390011
WP_085247968	WP_065564427
WP_085247968	WP_411596598
WP_085247968	WP_334323460
WP_085247968	WP_034913033
WP_085247968	WP_065568515
WP_085247968	WP_297223712
WP_085247968	WP_091122281
WP_085247968	WP_065576090
WP_085247968	WP_085164036
WP_085247968	WP_065626735
WP_085247968	WP_296317823
WP_085247968	WP_065607233
WP_085247968	WP_065575537
WP_085247968	WP_065590973
WP_085247968	WP_174798295
WP_085247968	WP_296300635
WP_085247968	WP_065609511
WP_085247968	WP_411591906
WP_085247968	WP_411588747
WP_085247968	WP_296207439
WP_085247968	WP_296301601
WP_085247968	WP_198191976
WP_085247968	WP_198200043
WP_085247968	WP_464319859
WP_085247968	WP_086320716
WP_085247968	WP_065613043
WP_085247968	WP_065578663
WP_085247968	WP_279084664
WP_085247968	WP_065651048
WP_085247968	WP_198195369
WP_085247968	WP_086363951
WP_085247968	WP_294883525
WP_085247968	WP_110447758
WP_085247968	WP_198220341
WP_085247968	WP_086360475
WP_085247968	WP_198215009
WP_085247968	WP_086362086
WP_085247968	WP_198198917
WP_085247968	WP_306242739
WP_085247968	WP_110453358
WP_085247968	WP_065798275
WP_085247968	WP_267334216
WP_085247968	WP_267344040
WP_085247968	WP_065634647
WP_085247968	WP_267367146
WP_085247968	WP_267371025
WP_085247968	WP_160425100
WP_085247968	WP_065582581
WP_085247968	WP_065566257
WP_085247968	WP_160412175
WP_085247968	WP_065580806
WP_085247968	WP_160409088
WP_085247968	WP_065641834
WP_085247968	WP_065589033
WP_085247968	WP_065653254
WP_085247968	WP_075539165
WP_085247968	WP_160399715
WP_085247968	WP_065556977
WP_085247968	WP_144187966
WP_085247968	WP_110423577
WP_085247968	WP_065563478
WP_085247968	WP_267330302
WP_085247968	WP_110433650
WP_085247968	WP_267342732
WP_085247968	WP_267331995
WP_085247968	WP_065734879
WP_085247968	WP_267377018
WP_085247968	WP_267336884
WP_085247968	WP_086358006
WP_085247968	WP_160432097
WP_085247968	WP_065639088
WP_085247968	WP_174797181
WP_085247968	WP_075508531
WP_095498349	WP_095498349
WP_350402415	WP_350402415
WP_350402415	WP_143872283
WP_140957080	WP_140957080
WP_120354263	WP_120354263
WP_262791624	WP_262791624
WP_035012822	WP_035012822
WP_035012822	WP_026016696
WP_111740213	WP_111740213
WP_111740213	WP_047780812
WP_111740213	WP_074821306
WP_111740213	WP_130591135
WP_111740213	WP_218465942
WP_111740213	WP_140920835
WP_111740213	WP_108899290
WP_111740213	WP_228398031
WP_111740213	WP_230609991
WP_111740213	WP_027273071
WP_111740213	WP_261830881
WP_430019276	WP_430019276
WP_430019276	WP_044471025
WP_430019276	WP_005758915
WP_421967086	WP_421967086
WP_421967086	WP_054561657
WP_421967086	WP_138600545
WP_421967086	WP_058585180
WP_421967086	WP_055020836
WP_421967086	WP_217876547
WP_421967086	WP_239964613
WP_421967086	WP_250659364
WP_421967086	WP_474311822
WP_421967086	WP_182396296
WP_421967086	WP_474325584
WP_421967086	WP_475206623
WP_421967086	WP_180311522
WP_421967086	WP_036968862
WP_421967086	WP_421419606
WP_421967086	WP_075593646
WP_421967086	WP_462147196
WP_421967086	WP_341804213
WP_421967086	WP_237118681
WP_421967086	WP_130149730
WP_421967086	WP_237115150
WP_421967086	WP_062568917
WP_421967086	WP_252948471
WP_421967086	WP_462180174
WP_421967086	WP_335991592
WP_421967086	WP_062564522
WP_421967086	WP_138558714
WP_421967086	WP_295512167
WP_421967086	WP_435558270
WP_421967086	WP_135924961
WP_421967086	WP_294086956
WP_421967086	WP_253038383
WP_421967086	WP_304636787
WP_421967086	WP_188727659
WP_421967086	WP_105174028
WP_421967086	WP_337115419
WP_421967086	WP_297330901
WP_421967086	WP_286258618
WP_421967086	WP_130051333
WP_218562964	WP_218562964
WP_218562964	WP_136484463
WP_218562964	WP_112404554
WP_218562964	WP_237291802
WP_218562964	WP_102986055
WP_218562964	WP_102952987
WP_218562964	WP_167412703
WP_218562964	WP_416919035
WP_218562964	WP_042481986
WP_218562964	WP_188232958
WP_218562964	WP_102967848
WP_218562964	WP_463597004
WP_218562964	WP_171137697
WP_218562964	WP_165311685
WP_218562964	WP_102963514
WP_218562964	WP_457510709
WP_411358829	WP_411358829
WP_411358829	WP_034732693
WP_126826245	WP_126826245
WP_182678932	WP_182678932
WP_182678932	WP_445945797
WP_319783834	WP_319783834
WP_319783834	WP_087034590
WP_319783834	WP_379558319
WP_319783834	WP_417615170
WP_319783834	WP_298721918
WP_319783834	WP_441878212
WP_319783834	WP_442021626
WP_319783834	WP_208004882
WP_319783834	WP_104485504
WP_319783834	WP_344963239
WP_319783834	WP_204794859
WP_319783834	WP_188630696
WP_319783834	WP_410455027
WP_428195762	WP_428195762
WP_428195762	WP_430519070
WP_118118074	WP_118118074
WP_118118074	WP_428812099
WP_118118074	WP_261888351
WP_118118074	WP_192889030
WP_118118074	WP_428781287
WP_118118074	WP_102290993
WP_118118074	WP_076668922
WP_118118074	WP_439146646
WP_118118074	WP_286293329
WP_118118074	WP_229633102
WP_118118074	WP_065103257
WP_118118074	WP_102286573
WP_118118074	WP_435247305
WP_118118074	WP_102434760
WP_118118074	WP_017111054
WP_118118074	WP_394248352
WP_118118074	WP_429744656
WP_118118074	WP_017051947
WP_118118074	WP_136993745
WP_118118074	WP_099165379
WP_118118074	WP_454442193
WP_118118074	WP_137357831
WP_118118074	WP_372378193
WP_118118074	WP_275863596
WP_118118074	WP_283016155
WP_118118074	WP_274023137
WP_118118074	WP_069505358
WP_118118074	WP_020840336
WP_118118074	WP_176296249
WP_118118074	WP_267407258
WP_118118074	WP_407018428
WP_118118074	WP_140156839
WP_118118074	WP_274026197
WP_118118074	WP_069494748
WP_118118074	WP_140375468
WP_118118074	WP_025612444
WP_118118074	WP_140052854
WP_118118074	WP_140265984
WP_118118074	WP_239592878
WP_118118074	WP_086484551
WP_118118074	WP_140069983
WP_118118074	WP_140217762
WP_118118074	WP_230767715
WP_118118074	WP_025630849
WP_118118074	WP_191686194
WP_118118074	WP_029805460
WP_118118074	WP_140329023
WP_118118074	WP_025550636
WP_118118074	WP_140122287
WP_118118074	WP_140184644
WP_118118074	WP_237462934
WP_118118074	WP_110176915
WP_118118074	WP_462056836
WP_118118074	WP_258476295
WP_118118074	WP_471628644
WP_118118074	WP_029859090
WP_118118074	WP_043045652
WP_118118074	WP_193304623
WP_118118074	WP_029861698
WP_118118074	WP_407551675
WP_118118074	WP_031846489
WP_118118074	WP_029823273
WP_118118074	WP_069525017
WP_118118074	WP_273991615
WP_118118074	WP_476721931
WP_118118074	WP_273980274
WP_118118074	WP_025796144
WP_118118074	WP_053302453
WP_118118074	WP_218755969
WP_118118074	WP_243195159
WP_118118074	WP_213896737
WP_118118074	WP_256894868
WP_118118074	WP_372081139
WP_118118074	WP_062851300
WP_118118074	WP_069535170
WP_118118074	WP_086585636
WP_118118074	WP_025636650
WP_118118074	WP_218750475
WP_118118074	WP_395191385
WP_118118074	WP_256956448
WP_118118074	WP_311017219
WP_118118074	WP_098416010
WP_118118074	WP_080531998
WP_118118074	WP_097371715
WP_118118074	WP_258478227
WP_118118074	WP_237301711
WP_118118074	WP_476722898
WP_118118074	WP_213965357
WP_118118074	WP_372008468
WP_118118074	WP_237311878
WP_118118074	WP_005457230
WP_118118074	WP_140344326
WP_118118074	WP_193266545
WP_118118074	WP_140299271
WP_118118074	WP_054576377
WP_118118074	WP_104978943
WP_118118074	WP_282149365
WP_118118074	WP_069534596
WP_118118074	WP_446553187
WP_118118074	WP_140373492
WP_118118074	WP_225473790
WP_118118074	WP_258652899
WP_118118074	WP_025766918
WP_118118074	WP_258677436
WP_118118074	WP_164666221
WP_118118074	WP_140278475
WP_118118074	WP_407505554
WP_118118074	WP_140133174
WP_118118074	WP_140285913
WP_118118074	WP_418110085
WP_118118074	WP_015296478
WP_118118074	WP_069523324
WP_118118074	WP_258456821
WP_118118074	WP_258646801
WP_118118074	WP_140283688
WP_118118074	WP_025499340
WP_118118074	WP_267341140
WP_118118074	WP_140347325
WP_118118074	WP_258656415
WP_118118074	WP_140078196
WP_118118074	WP_274035117
WP_118118074	WP_140153723
WP_118118074	WP_457520438
WP_118118074	WP_273980476
WP_118118074	WP_025554134
WP_118118074	WP_140377029
WP_118118074	WP_086583967
WP_118118074	WP_258487515
WP_118118074	WP_395231823
WP_118118074	WP_109168522
WP_118118074	WP_258634339
WP_118118074	WP_348224813
WP_118118074	WP_274007833
WP_118118074	WP_062855081
WP_118118074	WP_025532763
WP_118118074	WP_069537983
WP_118118074	WP_025791947
WP_118118074	WP_025613452
WP_118118074	WP_256955054
WP_118118074	WP_395238153
WP_118118074	WP_029838722
WP_118118074	WP_025503111
WP_118118074	WP_025508709
WP_118118074	WP_262639644
WP_118118074	WP_258635807
WP_118118074	WP_268853672
WP_118118074	WP_140138560
WP_118118074	WP_047008550
WP_118118074	WP_258663253
WP_118118074	WP_213906483
WP_118118074	WP_199803835
WP_118118074	WP_258500126
WP_118118074	WP_140092120
WP_118118074	WP_025534169
WP_118118074	WP_069527597
WP_118118074	WP_140089406
WP_118118074	WP_395189219
WP_118118074	WP_053811682
WP_118118074	WP_203528371
WP_118118074	WP_182019004
WP_118118074	WP_270944100
WP_118118074	WP_274037240
WP_118118074	WP_025520612
WP_118118074	WP_140203751
WP_118118074	WP_229602923
WP_118118074	WP_432577436
WP_118118074	WP_226082846
WP_118118074	WP_268979461
WP_118118074	WP_428749763
WP_118118074	WP_374095063
WP_118118074	WP_229627259
WP_118118074	WP_218766846
WP_118118074	WP_239949000
WP_118118074	WP_317587990
WP_118118074	WP_213886266
WP_118118074	WP_395239136
WP_118118074	WP_428779835
WP_118118074	WP_053303238
WP_118118074	WP_140360036
WP_118118074	WP_140120522
WP_118118074	WP_069503305
WP_118118074	WP_025557280
WP_118118074	WP_182021094
WP_118118074	WP_229622844
WP_118118074	WP_140349847
WP_118118074	WP_140291157
WP_118118074	WP_238844283
WP_118118074	WP_104974292
WP_118118074	WP_264400460
WP_118118074	WP_193258668
WP_118118074	WP_281948147
WP_118118074	WP_069488907
WP_118118074	WP_321283752
WP_118118074	WP_264902269
WP_118118074	WP_337160770
WP_118118074	WP_130546621
WP_118118074	WP_395202560
WP_118118074	WP_457833695
WP_118118074	WP_432604721
WP_118118074	WP_140332641
WP_118118074	WP_169615901
WP_118118074	WP_041154867
WP_118118074	WP_317420619
WP_118118074	WP_457884493
WP_118118074	WP_182008474
WP_118118074	WP_069515370
WP_118118074	WP_206973931
WP_118118074	WP_021453706
WP_118118074	WP_025818118
WP_118118074	WP_025545701
WP_118118074	WP_318123915
WP_118118074	WP_432598192
WP_118118074	WP_065645394
WP_118118074	WP_265538200
WP_118118074	WP_025569872
WP_118118074	WP_086584056
WP_118118074	WP_140356865
WP_118118074	WP_069501513
WP_118118074	WP_258633060
WP_118118074	WP_021707641
WP_118118074	WP_006742126
WP_118118074	WP_140297203
WP_118118074	WP_140257657
WP_118118074	WP_221093176
WP_118118074	WP_206954027
WP_118118074	WP_151514647
WP_118118074	WP_203345777
WP_118118074	WP_140311430
WP_118118074	WP_140146828
WP_118118074	WP_274003556
WP_118118074	WP_029855921
WP_118118074	WP_029851655
WP_118118074	WP_258643929
WP_118118074	WP_258586695
WP_118118074	WP_053807165
WP_118118074	WP_140276153
WP_118118074	WP_273988353
WP_118118074	WP_417877614
WP_118118074	WP_395200607
WP_118118074	WP_262659282
WP_118118074	WP_075983858
WP_118118074	WP_140079894
WP_118118074	WP_140267571
WP_118118074	WP_140119283
WP_118118074	WP_140173546
WP_118118074	WP_140390511
WP_118118074	WP_140270371
WP_118118074	WP_263838351
WP_118118074	WP_317346203
WP_118118074	WP_046874733
WP_118118074	WP_237459187
WP_118118074	WP_129147048
WP_118118074	WP_031416423
WP_118118074	WP_274021807
WP_118118074	WP_031813486
WP_118118074	WP_474793895
WP_118118074	WP_025587383
WP_118118074	WP_316680655
WP_118118074	WP_045586691
WP_118118074	WP_140352194
WP_118118074	WP_193279606
WP_118118074	WP_253664060
WP_118118074	WP_176291225
WP_118118074	WP_164359744
WP_118118074	WP_017820029
WP_118118074	WP_395236798
WP_118118074	WP_063517315
WP_118118074	WP_334227584
WP_118118074	WP_394452571
WP_118118074	WP_024699954
WP_118118074	WP_140320323
WP_118118074	WP_069543084
WP_118118074	WP_044128842
WP_118118074	WP_444495709
WP_118118074	WP_258664194
WP_118118074	WP_170891652
WP_118118074	WP_182032615
WP_118118074	WP_140112741
WP_118118074	WP_086458709
WP_118118074	WP_238966283
WP_118118074	WP_395240587
WP_118118074	WP_430469108
WP_118118074	WP_069544359
WP_118118074	WP_407529633
WP_118118074	WP_238842871
WP_118118074	WP_229607920
WP_118118074	WP_140364196
WP_118118074	WP_253643765
WP_118118074	WP_447027286
WP_118118074	WP_068865485
WP_118118074	WP_229625349
WP_118118074	WP_140382140
WP_118118074	WP_029798096
WP_118118074	WP_029795501
WP_118118074	WP_029559254
WP_118118074	WP_237315722
WP_118118074	WP_394626654
WP_118118074	WP_395228280
WP_118118074	WP_420658564
WP_118118074	WP_014231327
WP_118118074	WP_321463458
WP_118118074	WP_065299389
WP_118118074	WP_065302154
WP_025820579	WP_025820579
WP_239439156	WP_239439156
WP_067497687	WP_067497687
WP_093317751	WP_093317751
WP_419844110	WP_419844110
WP_419844110	WP_419843440
WP_419844110	WP_404811225
WP_419844110	WP_279437732
WP_419844110	WP_279458223
WP_419844110	WP_279456347
WP_419844110	WP_115590136
WP_419844110	WP_005604172
WP_419844110	WP_005611954
WP_419844110	WP_279477533
WP_419844110	WP_279476412
WP_419844110	WP_278224792
WP_419844110	WP_427838780
WP_419844110	WP_279622691
WP_419844110	WP_009874718
WP_419844110	WP_419843923
WP_419844110	WP_427835304
WP_419844110	WP_039196769
WP_419844110	WP_278225624
WP_419844110	WP_267982329
WP_419844110	WP_005600888
WP_419844110	WP_005614950
WP_419844110	WP_275217822
WP_419844110	WP_237611203
WP_419844110	WP_279454691
WP_419844110	WP_005607588
WP_419844110	WP_427834914
WP_419844110	WP_129545064
WP_419844110	WP_370427274
WP_419844110	WP_005597038
WP_419844110	WP_014991454
WP_419844110	WP_126374641
WP_419844110	WP_279469288
WP_419844110	WP_440210642
WP_419844110	WP_279623539
WP_419844110	WP_279481641
WP_419844110	WP_115586891
WP_419844110	WP_279438984
WP_419844110	WP_039709081
WP_419844110	WP_419852761
WP_419844110	WP_237610603
WP_419844110	WP_237594223
WP_419844110	WP_279443584
WP_419844110	WP_010945247
WP_419844110	WP_064081851
WP_419844110	WP_064083295
WP_419844110	WP_064088484
WP_419844110	WP_279479738
WP_419844110	WP_279446409
WP_419844110	WP_279472110
WP_419844110	WP_018651935
WP_419844110	WP_005622925
WP_419844110	WP_150539741
WP_486131853	WP_486131853
WP_486131853	WP_373604250
WP_486131853	WP_105898521
WP_486131853	WP_179224211
WP_486131853	WP_065246177
WP_486131853	WP_126513623
WP_486131853	WP_105877836
WP_486131853	WP_005693995
WP_486131853	WP_136123911
WP_486131853	WP_105898080
WP_486131853	WP_065264832
WP_486131853	WP_105896761
WP_486131853	WP_005637796
WP_486131853	WP_342119958
WP_486131853	WP_118867218
WP_486131853	WP_136124984
WP_486131853	WP_118790157
WP_486131853	WP_046942317
WP_486131853	WP_118845313
WP_486131853	WP_118781359
WP_486131853	WP_194812176
WP_486131853	WP_114893528
WP_486131853	WP_164027536
WP_486131853	WP_065249493
WP_486131853	WP_050838247
WP_486131853	WP_118870968
WP_486131853	WP_005631659
WP_486131853	WP_221252901
WP_486131853	WP_116945461
WP_486131853	WP_110437628
WP_486131853	WP_196252102
WP_486131853	WP_077464831
WP_486131853	WP_133499552
WP_486131853	WP_005659512
WP_486131853	WP_105894408
WP_486131853	WP_118861110
WP_486131853	WP_005666969
WP_486131853	WP_118806586
WP_486131853	WP_112084154
WP_486131853	WP_112111515
WP_486131853	WP_437261625
WP_486131853	WP_032823520
WP_486131853	WP_304593344
WP_486131853	WP_042599491
WP_486131853	WP_118783563
WP_486131853	WP_048951610
WP_486131853	WP_112123017
WP_486131853	WP_204704108
WP_486131853	WP_118870531
WP_486131853	WP_021035179
WP_486131853	WP_239495195
WP_486131853	WP_140536503
WP_486131853	WP_046949842
WP_486131853	WP_071162520
WP_486131853	WP_011961921
WP_486131853	WP_105877093
WP_486131853	WP_075913376
WP_486131853	WP_077582685
WP_486131853	WP_140583380
WP_486131853	WP_140529252
WP_486131853	WP_040033789
WP_486131853	WP_112119589
WP_486131853	WP_077583333
WP_486131853	WP_440078253
WP_486131853	WP_434312375
WP_486131853	WP_065245347
WP_486131853	WP_105891221
WP_486131853	WP_118799784
WP_486131853	WP_110430894
WP_486131853	WP_005691979
WP_486131853	WP_105904426
WP_486131853	WP_042594037
WP_486131853	WP_118879824
WP_486131853	WP_038439864
WP_486131853	WP_105886581
WP_486131853	WP_059366171
WP_486131853	WP_053465024
WP_486131853	WP_140518729
WP_486131853	WP_050822599
WP_486131853	WP_018355602
WP_486131853	WP_044330152
WP_486131853	WP_136429895
WP_486131853	WP_342123206
WP_486131853	WP_112081419
WP_486131853	WP_140449742
WP_486131853	WP_136429232
WP_486131853	WP_005641907
WP_486131853	WP_135093278
WP_486131853	WP_101159938
WP_486131853	WP_032828011
WP_486131853	WP_118785676
WP_486131853	WP_077551599
WP_486131853	WP_077417007
WP_486131853	WP_135968517
WP_486131853	WP_105897754
WP_486131853	WP_118812890
WP_486131853	WP_050848723
WP_486131853	WP_105899620
WP_486131853	WP_434104366
WP_486131853	WP_105882586
WP_486131853	WP_105892771
WP_486131853	WP_042601494
WP_486131853	WP_112082571
WP_486131853	WP_118855071
WP_486131853	WP_114892252
WP_486131853	WP_048941009
WP_486131853	WP_015702243
WP_486131853	WP_116938524
WP_486131853	WP_114909134
WP_486131853	WP_105888663
WP_486131853	WP_116966897
WP_486131853	WP_434118934
WP_486131853	WP_272166769
WP_486131853	WP_077477107
WP_486131853	WP_077553391
WP_486131853	WP_048953184
WP_486131853	WP_111407428
WP_486131853	WP_226691095
WP_486131853	WP_075985279
WP_486131853	WP_110426198
WP_486131853	WP_434118060
WP_486131853	WP_118873724
WP_486131853	WP_116956588
WP_486131853	WP_105880552
WP_486131853	WP_118775954
WP_486131853	WP_114892021
WP_486131853	WP_423994029
WP_486131853	WP_118795081
WP_486131853	WP_077496884
WP_486131853	WP_105197845
WP_486131853	WP_434106680
WP_486131853	WP_005656771
WP_486131853	WP_116938447
WP_486131853	WP_118879258
WP_486131853	WP_112088643
WP_486131853	WP_111689067
WP_486131853	WP_077493912
WP_486131853	WP_077664254
WP_486131853	WP_288063150
WP_486131853	WP_434321426
WP_486131853	WP_118816912
WP_486131853	WP_110431884
WP_486131853	WP_136437709
WP_486131853	WP_112072586
WP_486131853	WP_485921817
WP_486131853	WP_077587207
WP_486131853	WP_139990238
WP_486131853	WP_118788348
WP_486131853	WP_134078388
WP_486131853	WP_105892067
WP_486131853	WP_011272639
WP_486131853	WP_118809998
WP_486131853	WP_105881420
WP_486131853	WP_105879014
WP_486131853	WP_118809136
WP_486131853	WP_118776635
WP_486131853	WP_464379083
WP_486131853	WP_009500471
WP_486131853	WP_114934439
WP_486131853	WP_112130939
WP_486131853	WP_112102628
WP_486131853	WP_111696864
WP_486131853	WP_013527698
WP_486131853	WP_077421076
WP_486131853	WP_042594644
WP_486131853	WP_257793506
WP_486131853	WP_371899999
WP_486131853	WP_061724019
WP_486131853	WP_111691668
WP_486131853	WP_046953148
WP_486131853	WP_215769589
WP_486131853	WP_105882069
WP_486131853	WP_140524508
WP_486131853	WP_105887340
WP_486131853	WP_224057246
WP_486131853	WP_105900428
WP_486131853	WP_013525788
WP_486131853	WP_111738708
WP_486131853	WP_138171980
WP_486131853	WP_077435573
WP_486131853	WP_114934873
WP_486131853	WP_042610841
WP_486131853	WP_038441141
WP_486131853	WP_112095576
WP_486131853	WP_223893307
WP_486131853	WP_044345697
WP_486131853	WP_077540554
WP_486131853	WP_065250745
WP_486131853	WP_105903872
WP_486131853	WP_005687215
WP_486131853	WP_118842816
WP_486131853	WP_179227962
WP_486131853	WP_011962037
WP_486131853	WP_114890384
WP_486131853	WP_050847131
WP_486131853	WP_105873352
WP_486131853	WP_112066967
WP_486131853	WP_118803059
WP_486131853	WP_046939159
WP_486131853	WP_412763680
WP_486131853	WP_118795706
WP_486131853	WP_197541680
WP_486131853	WP_077478828
WP_486131853	WP_077428162
WP_486131853	WP_204713991
WP_486131853	WP_077423355
WP_486131853	WP_118858662
WP_486131853	WP_048955149
WP_486131853	WP_006996046
WP_486131853	WP_111695575
WP_486131853	WP_105892145
WP_486131853	WP_077544337
WP_486131853	WP_136430386
WP_486131853	WP_105875343
WP_486131853	WP_485917317
WP_486131853	WP_005644977
WP_486131853	WP_050951522
WP_486131853	WP_050949208
WP_486131853	WP_140527907
WP_486131853	WP_118807623
WP_486131853	WP_105895849
WP_486131853	WP_116946011
WP_486131853	WP_425635646
WP_486131853	WP_084997399
WP_377152179	WP_377152179
WP_013975679	WP_013975679
WP_408617988	WP_408617988
WP_279156093	WP_279156093
WP_279156093	WP_130999151
WP_279156093	WP_166713252
WP_279156093	WP_115348397
WP_279156093	WP_332500503
WP_279156093	WP_278809823
WP_279156093	WP_025796836
WP_279156093	WP_234559862
WP_279156093	WP_175319883
WP_279156093	WP_408878371
WP_279156093	WP_103009768
WP_279156093	WP_070717694
WP_279156093	WP_130954423
WP_279156093	WP_130988003
WP_279156093	WP_008813642
WP_279156093	WP_130955818
WP_279156093	WP_313882885
WP_279156093	WP_332540400
WP_279156093	WP_115456984
WP_124938295	WP_124938295
WP_341501333	WP_341501333
WP_073586620	WP_073586620
WP_073586620	WP_073603097
WP_416922013	WP_416922013
WP_416922013	WP_173244486
WP_416922013	WP_432307163
WP_416922013	WP_311905717
WP_416922013	WP_259520276
WP_416922013	WP_311899633
WP_416922013	WP_248991185
WP_416922013	WP_234236083
WP_416922013	WP_115334458
WP_416922013	WP_432334805
WP_416922013	WP_263179586
WP_416922013	WP_259482232
WP_416922013	WP_432324748
WP_416922013	WP_259578851
WP_416922013	WP_259541664
WP_416922013	WP_076499651
WP_416922013	WP_259503941
WP_416922013	WP_263199623
WP_416922013	WP_347097401
WP_416922013	WP_220774504
WP_416922013	WP_455349331
WP_416922013	WP_263256214
WP_416922013	WP_413495084
WP_416922013	WP_011919438
WP_416922013	WP_006081959
WP_416922013	WP_342901051
WP_416922013	WP_413484954
WP_416922013	WP_438675223
WP_416922013	WP_311890331
WP_416922013	WP_115014471
WP_416922013	WP_393942648
WP_416922013	WP_011789092
WP_416922013	WP_071939357
WP_416922013	WP_432329531
WP_416922013	WP_311999663
WP_416922013	WP_259510514
WP_416922013	WP_106650740
WP_416922013	WP_011847016
WP_416922013	WP_263211603
WP_416922013	WP_169562231
WP_416922013	WP_115405835
WP_416922013	WP_220777955
WP_416922013	WP_253987701
WP_416922013	WP_263138532
WP_416922013	WP_014610724
WP_416922013	WP_432394725
WP_416922013	WP_007647546
WP_416922013	WP_413473163
WP_416922013	WP_198780192
WP_416922013	WP_311990637
WP_416922013	WP_427748931
WP_416922013	WP_297897015
WP_416922013	WP_113940531
WP_416922013	WP_432356227
WP_416922013	WP_198572323
WP_416922013	WP_293628975
WP_416922013	WP_263207844
WP_416922013	WP_261762805
WP_416922013	WP_432360494
WP_416922013	WP_432312028
WP_416922013	WP_063884191
WP_416922013	WP_061783429
WP_416922013	WP_220053295
WP_416922013	WP_089068966
WP_416922013	WP_041409019
WP_416922013	WP_392448213
WP_416922013	WP_248968043
WP_416922013	WP_249555605
WP_416922013	WP_109287804
WP_416922013	WP_088211588
WP_416922013	WP_446693945
WP_416922013	WP_240130305
WP_416922013	WP_374919234
WP_416922013	WP_374909722
WP_416922013	WP_374917844
WP_416922013	WP_374924704
WP_416922013	WP_374902463
WP_416922013	WP_011072651
WP_416922013	WP_374912791
WP_416922013	WP_208659131
WP_416922013	WP_126513000
WP_416922013	WP_220057911
WP_416922013	WP_374922571
WP_416922013	WP_041412994
WP_416922013	WP_279775267
WP_416922013	WP_374896181
WP_416922013	WP_374904846
WP_416922013	WP_218678569
WP_416922013	WP_224021982
WP_416922013	WP_037419529
WP_416922013	WP_069455457
WP_416922013	WP_330148802
WP_416922013	WP_088586936
WP_416922013	WP_055648457
WP_416922013	WP_374921272
WP_416922013	WP_144345660
WP_416922013	WP_140907400
WP_416922013	WP_047540681
WP_416922013	WP_218738738
WP_416922013	WP_172589267
WP_416922013	WP_342203756
WP_416922013	WP_374927572
WP_416922013	WP_144376464
WP_416922013	WP_374908051
WP_416922013	WP_039978511
WP_416922013	WP_220052059
WP_305895065	WP_305895065
WP_095506274	WP_095506274
WP_212596047	WP_212596047
WP_212596047	WP_275483465
WP_212596047	WP_463267745
WP_212596047	WP_207570616
WP_212596047	WP_189617396
WP_212596047	WP_428584515
WP_212596047	WP_248953922
WP_212596047	WP_133038701
WP_212596047	WP_411986381
WP_153663050	WP_153663050
WP_153663050	WP_167870554
WP_153663050	WP_394131052
WP_199013292	WP_199013292
WP_199013292	WP_002443101
WP_188471734	WP_188471734
WP_188471734	WP_152325943
WP_188471734	WP_129951555
WP_188471734	WP_132965974
WP_188471734	WP_414066129
WP_188471734	WP_120506802
WP_188471734	WP_129639847
WP_188471734	WP_413528657
WP_188471734	WP_208950459
WP_188471734	WP_095921673
WP_188471734	WP_034790972
WP_188471734	WP_485612290
WP_188471734	WP_101076878
WP_188471734	WP_037034469
WP_188471734	WP_217147387
WP_188471734	WP_396130483
WP_188471734	WP_122095507
WP_188471734	WP_185689877
WP_188471734	WP_120161421
WP_188471734	WP_217175194
WP_188471734	WP_213050833
WP_188471734	WP_131693327
WP_188471734	WP_100937207
WP_188471734	WP_140471580
WP_188471734	WP_217150670
WP_188471734	WP_474084659
WP_188471734	WP_414067897
WP_188471734	WP_416121297
WP_188471734	WP_459176550
WP_188471734	WP_104921654
WP_188471734	WP_013575912
WP_188471734	WP_410149464
WP_188471734	WP_353502352
WP_188471734	WP_422794402
WP_188471734	WP_165057142
WP_188471734	WP_217216218
WP_188471734	WP_463736619
WP_188471734	WP_120130942
WP_188471734	WP_015697113
WP_188471734	WP_195812561
WP_188471734	WP_112165687
WP_233480709	WP_233480709
WP_233480709	WP_016192569
WP_233480709	WP_124232665
WP_233480709	WP_152319804
WP_233480709	WP_379888537
WP_233480709	WP_312043470
WP_233480709	WP_034933050
WP_233480709	WP_367167216
WP_233480709	WP_261666580
WP_279571928	WP_279571928
WP_279571928	WP_132688876
WP_331806136	WP_331806136
WP_331806136	WP_331795696
WP_331806136	WP_000520424
WP_331806136	WP_442289153
WP_331806136	WP_033928613
WP_331806136	WP_149560283
WP_331806136	WP_410088885
WP_331806136	WP_123013212
WP_331806136	WP_142545992
WP_331806136	WP_142578158
WP_331806136	WP_057557271
WP_331806136	WP_148513236
WP_331806136	WP_331309982
WP_331806136	WP_071193026
WP_331806136	WP_410109380
WP_331806136	WP_219659048
WP_331806136	WP_053022939
WP_331806136	WP_055064912
WP_331806136	WP_000520433
WP_331806136	WP_316997822
WP_331806136	WP_113605558
WP_331806136	WP_410107896
WP_331806136	WP_061052752
WP_331806136	WP_000520434
WP_331806136	WP_189016935
WP_331806136	WP_000520423
WP_331806136	WP_447597303
WP_331806136	WP_000520425
WP_331806136	WP_148500922
WP_331806136	WP_219221809
WP_331806136	WP_334596724
WP_331806136	WP_000520439
WP_331806136	WP_057554834
WP_331806136	WP_154138855
WP_331806136	WP_095462293
WP_331806136	WP_001961705
WP_331806136	WP_032478146
WP_331806136	WP_001897682
WP_331806136	WP_175248829
WP_331806136	WP_022578139
WP_331806136	WP_217526298
WP_331806136	WP_334226949
WP_331806136	WP_199358945
WP_331806136	WP_462053522
WP_331806136	WP_248334253
WP_331806136	WP_319781496
WP_331806136	WP_059260464
WP_331806136	WP_114732605
WP_331806136	WP_101410434
WP_331806136	WP_336940780
WP_331806136	WP_000520436
WP_331806136	WP_000520438
WP_331806136	WP_305799393
WP_331806136	WP_476001221
WP_331806136	WP_142731619
WP_331806136	WP_088131850
WP_331806136	WP_442309147
WP_331806136	WP_142576709
WP_331806136	WP_142736471
WP_331806136	WP_000520426
WP_331806136	WP_148508691
WP_331806136	WP_114776195
WP_331806136	WP_055033576
WP_331806136	WP_267845909
WP_331806136	WP_230606835
WP_331806136	WP_142610062
WP_331806136	WP_217527417
WP_331806136	WP_156846107
WP_331806136	WP_341264882
WP_331806136	WP_334429740
WP_331806136	WP_154171685
WP_331806136	WP_113600319
WP_331806136	WP_337917237
WP_331806136	WP_393955212
WP_331806136	WP_000520437
WP_331806136	WP_269291260
WP_331806136	WP_199369151
WP_331806136	WP_447626196
WP_331806136	WP_334226043
WP_331806136	WP_153723782
WP_331806136	WP_000520440
WP_331806136	WP_258463723
WP_331806136	WP_199357664
WP_331806136	WP_188371777
WP_331806136	WP_076024726
WP_331806136	WP_337227245
WP_331806136	WP_071919532
WP_331806136	WP_129154579
WP_331806136	WP_148554062
WP_331806136	WP_000520441
WP_331806136	WP_199356939
WP_331806136	WP_000520427
WP_331806136	WP_142726936
WP_331806136	WP_394855921
WP_331806136	WP_053056555
WP_331806136	WP_053037383
WP_331806136	WP_113610045
WP_331806136	WP_371846640
WP_331806136	WP_258496627
WP_331806136	WP_001886798
WP_331806136	WP_114794160
WP_331806136	WP_114729991
WP_331806136	WP_044126648
WP_331806136	WP_142735072
WP_331806136	WP_000520428
WP_331806136	WP_248356298
WP_331806136	WP_267781611
WP_331806136	WP_080372009
WP_331806136	WP_148558881
WP_331806136	WP_076008207
WP_331806136	WP_000520435
WP_331806136	WP_113603317
WP_331806136	WP_114710197
WP_331806136	WP_055031487
WP_331806136	WP_114807650
WP_331806136	WP_142547753
WP_331806136	WP_113591447
WP_331806136	WP_337919820
WP_331806136	WP_331800132
WP_331806136	WP_005523284
WP_331806136	WP_071180652
WP_331806136	WP_069730619
WP_331806136	WP_123011037
WP_331806136	WP_337028366
WP_331806136	WP_033929724
WP_331806136	WP_331803249
WP_331806136	WP_138040939
WP_331806136	WP_113597224
WP_331806136	WP_000520430
WP_331806136	WP_071181011
WP_331806136	WP_267777266
WP_331806136	WP_317006845
WP_331806136	WP_337922739
WP_331806136	WP_196982781
WP_331806136	WP_172527026
WP_331806136	WP_113611754
WP_331806136	WP_209519448
WP_331806136	WP_222101116
WP_331806136	WP_155648476
WP_331806136	WP_148534229
WP_331806136	WP_095470022
WP_331806136	WP_119091227
WP_331806136	WP_337915732
WP_331806136	WP_222101347
WP_331806136	WP_366997964
WP_331806136	WP_148538896
WP_331806136	WP_331811579
WP_331806136	WP_148546308
WP_331806136	WP_142610820
WP_331806136	WP_210942227
WP_331806136	WP_102786780
WP_331806136	WP_000520432
WP_331806136	WP_442288317
WP_331806136	WP_410353760
WP_331806136	WP_175230157
WP_331806136	WP_142735585
WP_331806136	WP_071919734
WP_331806136	WP_002032552
WP_331806136	WP_267740890
WP_331806136	WP_337220759
WP_331806136	WP_148520196
WP_331806136	WP_337920839
WP_331806136	WP_371849998
WP_331806136	WP_142565246
WP_331806136	WP_258502043
WP_331806136	WP_095471048
WP_331806136	WP_119561277
WP_331806136	WP_333779351
WP_331806136	WP_148532647
WP_331806136	WP_267763963
WP_331806136	WP_042987746
WP_331806136	WP_055051171
WP_331806136	WP_442310074
WP_331806136	WP_199370182
WP_331806136	WP_000520431
WP_331806136	WP_149158402
WP_331806136	WP_337911248
WP_331806136	WP_114719725
WP_331806136	WP_175235630
WP_331806136	WP_316985243
WP_331806136	WP_119469179
WP_331806136	WP_334585053
WP_331806136	WP_267787870
WP_331806136	WP_305848138
WP_331806136	WP_114779788
WP_331806136	WP_478202437
WP_331806136	WP_324837805
WP_331806136	WP_154113485
WP_331806136	WP_069216704
WP_331806136	WP_089071183
WP_331806136	WP_262824136
WP_331806136	WP_019829856
WP_331806136	WP_366997420
WP_331806136	WP_158106465
WP_331806136	WP_116671968
WP_331806136	WP_199367994
WP_331806136	WP_274721454
WP_331806136	WP_277207725
WP_331806136	WP_166014842
WP_331806136	WP_438708768
WP_331806136	WP_088136958
WP_427983205	WP_427983205
WP_427983205	WP_055731804
WP_023398362	WP_023398362
WP_023398362	WP_211012274
WP_023398362	WP_063373551
WP_023398362	WP_065789002
WP_023398362	WP_484582601
WP_023398362	WP_063382229
WP_023398362	WP_063379021
WP_023398362	WP_235407727
WP_023398362	WP_063360821
WP_023398362	WP_284019456
WP_023398362	WP_063355963
WP_023398362	WP_211033369
WP_023398362	WP_239426538
WP_023398362	WP_063368522
WP_023398362	WP_046003777
WP_023398362	WP_239393183
WP_023398362	WP_253046281
WP_023398362	WP_130244372
WP_023398362	WP_138551287
WP_023398362	WP_125718905
WP_023398362	WP_049864193
WP_023398362	WP_237137479
WP_023398362	WP_039609901
WP_023398362	WP_125564027
WP_023398362	WP_125782014
WP_023398362	WP_475197568
WP_023398362	WP_010381554
WP_023398362	WP_138546781
WP_023398362	WP_209052068
WP_023398362	WP_046355048
WP_023398362	WP_235411755
WP_023398362	WP_326384815
WP_023398362	WP_054016853
WP_023398362	WP_475160140
WP_023398362	WP_390445935
WP_023398362	WP_070984893
WP_023398362	WP_138630978
WP_023398362	WP_138568661
WP_023398362	WP_237124905
WP_023398362	WP_421964240
WP_023398362	WP_138559612
WP_023398362	WP_349286037
WP_023398362	WP_152086310
WP_023398362	WP_171624647
WP_023398362	WP_138482957
WP_023398362	WP_404394706
WP_023398362	WP_130254484
WP_023398362	WP_058029567
WP_023398362	WP_480361276
WP_017445700	WP_017445700
WP_105199214	WP_105199214
WP_105199214	WP_421969292
WP_105199214	WP_212546684
WP_105199214	WP_022945094
WP_105199214	WP_053910398
WP_105199214	WP_342676101
WP_105199214	WP_475127709
WP_105199214	WP_347389207
WP_105199214	WP_239447631
WP_105199214	WP_138507853
WP_105199214	WP_235418910
WP_105199214	WP_152440850
WP_105199214	WP_045978387
WP_105199214	WP_151172610
WP_105199214	WP_130147643
WP_105199214	WP_475200800
WP_386032497	WP_386032497
WP_386032497	WP_169076815
WP_386032497	WP_448211150
WP_126761127	WP_126761127
WP_126761127	WP_483433099
WP_126761127	WP_445014759
WP_126761127	WP_126754393
WP_126761127	WP_126771055
WP_126761127	WP_417688231
WP_126761127	WP_026861812
WP_126761127	WP_222443976
WP_126761127	WP_417682116
WP_126761127	WP_126833864
WP_126761127	WP_301719870
WP_126761127	WP_301898541
WP_126761127	WP_173919174
WP_222487692	WP_222487692
WP_222487692	WP_219176602
WP_222487692	WP_222524022
WP_222487692	WP_222217989
WP_222487692	WP_013346029
WP_222487692	WP_222545138
WP_222487692	WP_219286448
WP_445427772	WP_445427772
WP_445427772	WP_236129228
WP_445427772	WP_306177982
WP_445427772	WP_229584570
WP_445427772	WP_445425224
WP_445427772	WP_226752064
WP_211685310	WP_211685310
WP_211685310	WP_043994823
WP_211685310	WP_174216908
WP_211685310	WP_293143613
WP_211685310	WP_019628805
WP_211685310	WP_198551584
WP_211685310	WP_075496958
WP_211685310	WP_211688666
WP_211685310	WP_293151213
WP_211685310	WP_075471224
WP_211685310	WP_075518013
WP_211685310	WP_067044874
WP_211685310	WP_484988639
WP_211685310	WP_211672383
WP_211685310	WP_319223914
WP_211685310	WP_198437175
WP_179806624	WP_179806624
WP_179806624	WP_089368195
WP_179806624	WP_372762129
WP_179806624	WP_338411126
WP_179806624	WP_086994334
WP_179806624	WP_011328029
WP_179806624	WP_058373271
WP_179806624	WP_197108029
WP_179806624	WP_290193333
WP_179806624	WP_352298001
WP_179806624	WP_441833616
WP_179806624	WP_182677894
WP_179806624	WP_182694102
WP_179806624	WP_427564970
WP_179806624	WP_138626860
WP_179806624	WP_138578208
WP_179806624	WP_197118138
WP_179806624	WP_010389785
WP_179806624	WP_341592171
WP_179806624	WP_282114158
WP_179806624	WP_182717886
WP_179806624	WP_024034037
WP_179806624	WP_076920993
WP_179806624	WP_138683377
WP_179806624	WP_165727402
WP_179806624	WP_170071019
WP_179806624	WP_182779756
WP_179806624	WP_028835835
WP_179806624	WP_024603974
WP_179806624	WP_341616029
WP_179806624	WP_197192367
WP_179806624	WP_342877790
WP_179806624	WP_349561583
WP_179806624	WP_211015849
WP_179806624	WP_487190930
WP_179806624	WP_008466614
WP_179806624	WP_338363034
WP_179806624	WP_392343651
WP_179806624	WP_182768967
WP_179806624	WP_200220205
WP_179806624	WP_076923921
WP_179806624	WP_194441556
WP_179806624	WP_441836862
WP_179806624	WP_101164480
WP_179806624	WP_166421856
WP_179806624	WP_286247263
WP_179806624	WP_462673670
WP_179806624	WP_039489912
WP_179806624	WP_016899533
WP_179806624	WP_219421756
WP_179806624	WP_064385517
WP_179806624	WP_165721512
WP_179806624	WP_165742945
WP_179806624	WP_165735103
WP_179806624	WP_213608114
WP_179806624	WP_054982407
WP_179806624	WP_354629326
WP_179806624	WP_007375380
WP_179806624	WP_182197041
WP_179806624	WP_441836513
WP_179806624	WP_193048864
WP_179806624	WP_248530750
WP_179806624	WP_054200806
WP_179806624	WP_394190558
WP_179806624	WP_462671345
WP_179806624	WP_055014997
WP_179806624	WP_409425289
WP_179806624	WP_039036869
WP_179806624	WP_064666106
WP_179806624	WP_197110814
WP_179806624	WP_165724080
WP_179806624	WP_350314575
WP_179806624	WP_138686560
WP_179806624	WP_096041842
WP_179806624	WP_192540729
WP_179806624	WP_024599386
WP_179806624	WP_342879166
WP_179806624	WP_033039332
WP_179806624	WP_149592521
WP_179806624	WP_010555034
WP_179806624	WP_076920119
WP_179806624	WP_090492759
WP_179806624	WP_138613372
WP_179806624	WP_341607118
WP_179806624	WP_337151072
WP_179806624	WP_290187489
WP_179806624	WP_256826151
WP_179806624	WP_138562320
WP_179806624	WP_126006763
WP_179806624	WP_029773535
WP_179806624	WP_487202592
WP_179806624	WP_342875541
WP_179806624	WP_347154729
WP_179806624	WP_248474143
WP_179806624	WP_004587792
WP_179806624	WP_273588167
WP_179806624	WP_404487805
WP_179806624	WP_138586075
WP_179806624	WP_222714530
WP_179806624	WP_290173053
WP_179806624	WP_290208942
WP_179806624	WP_138765181
WP_179806624	WP_417668257
WP_179806624	WP_303429338
WP_179806624	WP_286888500
WP_179806624	WP_475606375
WP_179806624	WP_487173475
WP_179806624	WP_283710785
WP_179806624	WP_008134073
WP_179806624	WP_290173505
WP_179806624	WP_272451290
WP_179806624	WP_138615908
WP_179806624	WP_248451501
WP_179806624	WP_135475209
WP_179806624	WP_377114525
WP_179806624	WP_096739695
WP_179806624	WP_008111438
WP_179806624	WP_211000207
WP_179806624	WP_188160849
WP_179806624	WP_024590097
WP_179806624	WP_138621045
WP_179806624	WP_273586539
WP_179806624	WP_350585464
WP_179806624	WP_149602799
WP_179806624	WP_058558631
WP_179806624	WP_262976728
WP_179806624	WP_441830431
WP_179806624	WP_002959733
WP_179806624	WP_058551851
WP_179806624	WP_303546413
WP_179806624	WP_182733197
WP_179806624	WP_149981037
WP_179806624	WP_054551459
WP_179806624	WP_131690939
WP_179806624	WP_058404445
WP_179806624	WP_008131540
WP_179806624	WP_211054334
WP_179806624	WP_087533719
WP_179806624	WP_036982852
WP_179806624	WP_415635926
WP_179806624	WP_369620421
WP_179806624	WP_475222133
WP_179806624	WP_463241185
WP_179806624	WP_089347459
WP_179806624	WP_250652971
WP_179806624	WP_273046813
WP_179806624	WP_404698905
WP_179806624	WP_372859493
WP_179806624	WP_182770378
WP_179806624	WP_182672225
WP_179806624	WP_182734784
WP_179806624	WP_273611367
WP_179806624	WP_121637390
WP_179806624	WP_013464804
WP_179806624	WP_138571209
WP_179806624	WP_404340311
WP_179806624	WP_016709380
WP_179806624	WP_462879868
WP_179806624	WP_109874737
WP_179806624	WP_138530076
WP_179806624	WP_256845927
WP_179806624	WP_199529716
WP_179806624	WP_033102497
WP_179806624	WP_474700865
WP_179806624	WP_256850499
WP_179806624	WP_008166223
WP_179806624	WP_421961520
WP_179806624	WP_446889261
WP_259047144	WP_259047144
WP_259047144	WP_300001679
WP_259047144	WP_211990880
WP_047770954	WP_047770954
WP_047770954	WP_273557614
WP_047770954	WP_099132394
WP_047770954	WP_374050678
WP_047770954	WP_340615047
WP_047770954	WP_193847891
WP_047770954	WP_348987384
WP_047770954	WP_481089230
WP_047770954	WP_338882368
WP_047770954	WP_275388902
WP_047770954	WP_434465835
WP_047770954	WP_238099736
WP_047770954	WP_434460336
WP_047770954	WP_434472344
WP_047770954	WP_275346895
WP_047770954	WP_275383166
WP_047770954	WP_038208563
WP_047770954	WP_274718923
WP_047770954	WP_038254792
WP_047770954	WP_238126452
WP_047770954	WP_274725330
WP_047770954	WP_274714293
WP_047770954	WP_038197567
WP_047770954	WP_275351969
WP_047770954	WP_038243097
WP_047770954	WP_038214901
WP_047770954	WP_275357589
WP_047770954	WP_275386882
WP_047770954	WP_012988731
WP_047770954	WP_274712852
WP_047770954	WP_273577883
WP_047770954	WP_275377811
WP_047770954	WP_038183221
WP_047770954	WP_275366359
WP_047770954	WP_254850555
WP_047770954	WP_274724003
WP_047770954	WP_275361363
WP_047770954	WP_038224847
WP_047770954	WP_258086406
WP_047770954	WP_434467212
WP_047770954	WP_228858856
WP_047770954	WP_209028656
WP_047770954	WP_099135250
WP_047770954	WP_038259937
WP_047770954	WP_099125944
WP_047770954	WP_340619888
WP_047770954	WP_115826942
WP_047770954	WP_099111892
WP_047770954	WP_187649261
WP_047770954	WP_340611508
WP_047770954	WP_099123133
WP_047770954	WP_228863124
WP_047770954	WP_367964903
WP_047770954	WP_047678148
WP_047770954	WP_323865335
WP_047770954	WP_426577421
WP_047770954	WP_086953241
WP_047770954	WP_446469118
WP_047770954	WP_323852150
WP_047770954	WP_323867466
WP_047770954	WP_099138107
WP_047770954	WP_038233626
WP_047770954	WP_323868914
WP_047770954	WP_099141188
WP_047770954	WP_273550331
WP_047770954	WP_273555397
WP_047770954	WP_086110402
WP_047770954	WP_323871990
WP_047770954	WP_092518521
WP_047770954	WP_189759548
WP_047770954	WP_099118996
WP_047770954	WP_273548243
WP_047770954	WP_045958545
WP_047770954	WP_074023533
WP_047770954	WP_340616942
WP_047770954	WP_273574738
WP_047770954	WP_013184437
WP_047770954	WP_074018838
WP_047770954	WP_045970886
WP_047770954	WP_092508881
WP_047770954	WP_323857797
WP_047770954	WP_323853599
WP_047770954	WP_099114796
WP_047770954	WP_338805266
WP_047770954	WP_319929647
WP_047770954	WP_273582180
WP_047770954	WP_010845973
WP_047770954	WP_069315847
WP_047770954	WP_086112578
WP_047770954	WP_237386730
WP_047770954	WP_047964257
WP_047770954	WP_319925101
WP_047770954	WP_092552998
WP_047770954	WP_198691178
WP_047770954	WP_187654615
WP_047770954	WP_319938123
WP_306125186	WP_306125186
WP_306125186	WP_132582441
WP_306125186	WP_305973060
WP_306125186	WP_306138710
WP_306125186	WP_027671233
WP_306125186	WP_335738431
WP_306125186	WP_046559052
WP_306125186	WP_008220403
WP_306125186	WP_215397845
WP_306125186	WP_483430759
WP_306125186	WP_092795466
WP_306125186	WP_444786638
WP_306125186	WP_347785868
WP_306125186	WP_230818907
WP_306125186	WP_240222433
WP_306125186	WP_475148622
WP_306125186	WP_173500600
WP_306125186	WP_417706434
WP_306125186	WP_134056295
WP_306125186	WP_205310284
WP_306125186	WP_068234350
WP_306125186	WP_226767009
WP_306125186	WP_484318112
WP_306125186	WP_474172053
WP_306125186	WP_259241110
WP_306125186	WP_305553018
WP_306125186	WP_273023723
WP_306125186	WP_166837959
WP_306125186	WP_347598333
WP_306125186	WP_347692163
WP_306125186	WP_331161103
WP_306125186	WP_310209723
WP_431052266	WP_431052266
WP_431052266	WP_139614396
WP_431052266	WP_034613184
WP_431052266	WP_446230279
WP_431052266	WP_446833156
WP_431052266	WP_084257250
WP_431052266	WP_132966565
WP_431052266	WP_139611353
WP_415672108	WP_415672108
WP_415672108	WP_438813427
WP_415672108	WP_291973424
WP_415672108	WP_252317581
WP_415672108	WP_440864280
WP_415672108	WP_264650503
WP_415672108	WP_222160681
WP_415672108	WP_430359678
WP_415672108	WP_455870681
WP_415672108	WP_264642648
WP_415672108	WP_196907094
WP_415672108	WP_264624742
WP_415672108	WP_438815681
WP_337252367	WP_337252367
WP_337252367	WP_053908294
WP_337252367	WP_047256160
WP_395545499	WP_395545499
WP_395545499	WP_443470596
WP_395545499	WP_306763220
WP_395545499	WP_094279036
WP_395545499	WP_014292698
WP_395545499	WP_306078052
WP_395545499	WP_346352019
WP_395545499	WP_228213714
WP_395545499	WP_019935728
WP_395545499	WP_418139160
WP_395545499	WP_107851699
WP_395545499	WP_094199599
WP_395545499	WP_317075388
WP_094946859	WP_094946859
WP_250683973	WP_250683973
WP_250683973	WP_330959197
WP_250683973	WP_211645600
WP_250683973	WP_248140766
WP_250683973	WP_459780032
WP_250683973	WP_120511200
WP_250683973	WP_192015300
WP_250683973	WP_303563694
WP_250683973	WP_027253391
WP_250683973	WP_046219671
WP_250683973	WP_161456876
WP_250683973	WP_303453732
WP_250683973	WP_218383080
WP_250683973	WP_337113846
WP_250683973	WP_342393305
WP_463890018	WP_463890018
WP_324681845	WP_324681845
WP_324681845	WP_064317905
WP_324681845	WP_429945816
WP_324681845	WP_015432594
WP_324681845	WP_131928026
WP_324681845	WP_025289380
WP_324681845	WP_125134923
WP_108653006	WP_108653006
WP_306373964	WP_306373964
WP_306373964	WP_306350447
WP_306373964	WP_306348024
WP_306373964	WP_306355046
WP_306373964	WP_306347694
WP_306373964	WP_306376026
WP_306373964	WP_090923119
WP_306373964	WP_211598118
WP_306373964	WP_115315274
WP_299493548	WP_299493548
WP_299493548	WP_248940705
WP_299493548	WP_299007541
WP_299493548	WP_298772223
WP_222210347	WP_222210347
WP_222210347	WP_256696558
WP_222210347	WP_039334683
WP_222210347	WP_312663817
WP_222210347	WP_264443425
WP_222210347	WP_150016228
WP_222210347	WP_137385882
WP_222210347	WP_264251667
WP_222210347	WP_045832147
WP_222210347	WP_034821487
WP_222210347	WP_058774627
WP_222210347	WP_039384579
WP_222210347	WP_436381170
WP_222210347	WP_136546927
WP_222210347	WP_061718784
WP_222210347	WP_058959803
WP_222210347	WP_166718997
WP_222210347	WP_104085016
WP_222210347	WP_479394203
WP_222210347	WP_241797950
WP_222210347	WP_058771276
WP_222210347	WP_222182248
WP_222210347	WP_215800068
WP_222210347	WP_192234007
WP_222210347	WP_008106525
WP_222210347	WP_224931895
WP_222210347	WP_059012435
WP_222210347	WP_455843663
WP_222210347	WP_436339134
WP_222210347	WP_038646692
WP_222210347	WP_282996987
WP_222210347	WP_480309269
WP_222210347	WP_345829606
WP_222210347	WP_182058026
WP_222210347	WP_045814401
WP_222210347	WP_211726148
WP_222210347	WP_176969984
WP_222210347	WP_483817487
WP_222210347	WP_283215270
WP_222210347	WP_222986637
WP_222210347	WP_166710212
WP_222210347	WP_283227800
WP_222210347	WP_160867439
WP_222210347	WP_058969934
WP_222210347	WP_267410486
WP_222210347	WP_292971277
WP_222210347	WP_058758622
WP_222210347	WP_200570224
WP_222210347	WP_200679407
WP_222210347	WP_094110944
WP_222210347	WP_338671090
WP_222210347	WP_479398653
WP_222210347	WP_100700626
WP_222210347	WP_265298052
WP_222210347	WP_065649269
WP_222210347	WP_097097208
WP_222210347	WP_476148547
WP_222210347	WP_211728445
WP_222210347	WP_215480344
WP_222210347	WP_336767630
WP_222210347	WP_179450701
WP_222210347	WP_071668860
WP_222210347	WP_377724956
WP_222210347	WP_167138226
WP_222210347	WP_336766521
WP_222210347	WP_271459709
WP_222210347	WP_232759946
WP_222210347	WP_325967866
WP_222210347	WP_312181787
WP_222210347	WP_412158871
WP_222210347	WP_479414507
WP_222210347	WP_128600358
WP_222210347	WP_141495396
WP_222210347	WP_097117003
WP_222210347	WP_200536831
WP_222210347	WP_084934149
WP_222210347	WP_127834126
WP_222210347	WP_101764270
WP_222210347	WP_277977433
WP_222210347	WP_145888584
WP_222210347	WP_021510115
WP_222210347	WP_154156298
WP_222210347	WP_160833606
WP_222210347	WP_480363982
WP_222210347	WP_013509246
WP_222210347	WP_021183094
WP_222210347	WP_322542301
WP_222210347	WP_343553547
WP_222210347	WP_007892424
WP_222210347	WP_455853263
WP_222210347	WP_208715222
WP_222210347	WP_084875105
WP_222210347	WP_167014224
WP_222210347	WP_017346259
WP_067567297	WP_067567297
WP_121121404	WP_121121404
WP_121121404	WP_301099663
WP_233053406	WP_233053406
WP_233053406	WP_303511762
WP_233053406	WP_434339883
WP_233053406	WP_410194624
WP_233053406	WP_232800501
WP_233053406	WP_233073810
WP_239889576	WP_239889576
WP_239889576	WP_202719989
WP_239889576	WP_447165246
WP_239889576	WP_220767706
WP_239889576	WP_012276709
WP_239889576	WP_371995219
WP_239889576	WP_372035205
WP_239889576	WP_220736278
WP_239889576	WP_248975279
WP_239889576	WP_248471265
WP_239889576	WP_299807776
WP_239889576	WP_248950909
WP_239889576	WP_220762868
WP_239889576	WP_310654958
WP_239889576	WP_108946194
WP_258575798	WP_258575798
WP_258575798	WP_371243774
WP_258575798	WP_123800255
WP_424407859	WP_424407859
WP_424407859	WP_424403356
WP_424407859	WP_324638259
WP_424407859	WP_238300384
WP_424407859	WP_016534517
WP_424407859	WP_195188265
WP_424407859	WP_249991264
WP_424407859	WP_061406065
WP_424407859	WP_330454052
WP_424407859	WP_261599009
WP_424407859	WP_324637221
WP_424407859	WP_410873968
WP_424407859	WP_316733500
WP_424407859	WP_108511980
WP_424407859	WP_025248461
WP_424407859	WP_071522961
WP_424407859	WP_032851656
WP_424407859	WP_115098309
WP_424407859	WP_064964885
WP_424407859	WP_014391063
WP_424407859	WP_416100351
WP_424407859	WP_102955861
WP_424407859	WP_126417483
WP_424407859	WP_096742888
WP_424407859	WP_079157844
WP_424407859	WP_324739343
WP_424407859	WP_170376425
WP_424407859	WP_115299661
WP_424407859	WP_410824516
WP_424407859	WP_425932235
WP_424407859	WP_379056724
WP_424407859	WP_250269107
WP_424407859	WP_407351038
WP_424407859	WP_439054229
WP_424407859	WP_249984641
WP_424407859	WP_005751468
WP_424407859	WP_074864817
WP_424407859	WP_169323762
WP_424407859	WP_250249154
WP_424407859	WP_170659208
WP_424407859	WP_014668030
WP_424407859	WP_101750110
WP_424407859	WP_150332123
WP_424407859	WP_102822896
WP_424407859	WP_271343145
WP_424407859	WP_083008117
WP_424407859	WP_250193717
WP_424407859	WP_250046978
WP_424407859	WP_241952066
WP_424407859	WP_410879490
WP_424407859	WP_250028058
WP_424407859	WP_059246060
WP_424407859	WP_099861139
WP_424407859	WP_240266277
WP_424407859	WP_032853999
WP_424407859	WP_250021290
WP_424407859	WP_064972881
WP_424407859	WP_410877411
WP_424407859	WP_130525459
WP_424407859	WP_471808870
WP_424407859	WP_010906754
WP_424407859	WP_250022561
WP_424407859	WP_208933796
WP_424407859	WP_249983908
WP_424407859	WP_250064408
WP_424407859	WP_064775627
WP_424407859	WP_038641850
WP_424407859	WP_130556756
WP_424407859	WP_250262681
WP_424407859	WP_330429938
WP_424407859	WP_228403099
WP_424407859	WP_115322678
WP_424407859	WP_224046234
WP_424407859	WP_005762130
WP_424407859	WP_191134765
WP_424407859	WP_227798262
WP_424407859	WP_223668216
WP_424407859	WP_160530806
WP_424407859	WP_457161711
WP_424407859	WP_229509665
WP_424407859	WP_226690459
WP_424407859	WP_484555685
WP_424407859	WP_075271527
WP_424407859	WP_250047460
WP_424407859	WP_324694245
WP_424407859	WP_483825122
WP_424407859	WP_322912250
WP_424407859	WP_447477494
WP_424407859	WP_426098855
WP_424407859	WP_139617177
WP_424407859	WP_279896885
WP_424407859	WP_130558847
WP_424407859	WP_250011284
WP_424407859	WP_421436217
WP_424407859	WP_078819330
WP_424407859	WP_426999290
WP_424407859	WP_458032090
WP_424407859	WP_267174642
WP_424407859	WP_343298316
WP_424407859	WP_075284968
WP_424407859	WP_323998121
WP_424407859	WP_101766884
WP_424407859	WP_230294072
WP_424407859	WP_324700040
WP_424407859	WP_334054609
WP_428787669	WP_428787669
WP_026960310	WP_026960310
WP_026960310	WP_026972497
WP_187755011	WP_187755011
WP_008983002	WP_008983002
WP_008983002	WP_065956489
WP_008983002	WP_008609910
WP_008983002	WP_261256789
WP_008983002	WP_008949746
WP_372627497	WP_372627497
WP_372627497	WP_217666924
WP_372627497	WP_290614606
WP_372627497	WP_019676957
WP_372627497	WP_290617662
WP_372627497	WP_097112176
WP_372627497	WP_318968491
WP_372627497	WP_214000123
WP_345338522	WP_345338522
WP_128351138	WP_128351138
WP_128351138	WP_417665574
WP_128351138	WP_339880338
WP_128351138	WP_417659653
WP_128351138	WP_417685187
WP_128351138	WP_092855852
WP_128351138	WP_055438334
WP_128351138	WP_404408329
WP_128351138	WP_130202706
WP_128351138	WP_156265732
WP_128351138	WP_126759203
WP_128351138	WP_417663941
WP_474851379	WP_474851379
WP_474851379	WP_349586981
WP_474851379	WP_119501530
WP_474851379	WP_303574804
WP_474851379	WP_474844328
WP_474851379	WP_474881694
WP_474851379	WP_474824785
WP_100295705	WP_100295705
WP_024870611	WP_024870611
WP_024870611	WP_188026472
WP_024870611	WP_012729597
WP_024870611	WP_321406022
WP_024870611	WP_320152711
WP_105305969	WP_105305969
WP_105305969	WP_126783427
WP_105305969	WP_133539065
WP_105305969	WP_290572232
WP_105305969	WP_484117267
WP_105305969	WP_484118656
WP_074373439	WP_074373439
WP_074373439	WP_087479007
WP_074373439	WP_077333656
WP_074373439	WP_038186134
WP_074373439	WP_021019037
WP_074373439	WP_311844848
WP_074373439	WP_476486212
WP_074373439	WP_072958592
WP_074373439	WP_059120971
WP_205158397	WP_205158397
WP_205158397	WP_084885672
WP_186505120	WP_186505120
WP_372079265	WP_372079265
WP_372079265	WP_371988797
WP_372079265	WP_248007081
WP_372079265	WP_428807084
WP_372079265	WP_017033749
WP_372079265	WP_428801489
WP_372079265	WP_295898091
WP_372079265	WP_102404442
WP_207381612	WP_207381612
WP_207381612	WP_207322658
WP_207381612	WP_207325905
WP_448547795	WP_448547795
WP_046201098	WP_046201098
WP_208120136	WP_208120136
WP_208120136	WP_208117681
WP_208120136	WP_208121422
WP_102797089	WP_102797089
WP_102797089	WP_188697922
WP_102797089	WP_214344867
WP_102797089	WP_206595282
WP_102797089	WP_343844034
WP_208895680	WP_208895680
WP_208895680	WP_438705394
WP_208895680	WP_170894750
WP_208895680	WP_481062512
WP_208895680	WP_010320022
WP_208895680	WP_274675330
WP_208895680	WP_274701528
WP_208895680	WP_274684417
WP_208895680	WP_274695128
WP_208895680	WP_274672802
WP_208895680	WP_274682982
WP_208895680	WP_274678328
WP_208895680	WP_192074086
WP_208895680	WP_274696421
WP_208895680	WP_171980021
WP_208895680	WP_053309983
WP_208895680	WP_274700596
WP_208895680	WP_274679583
WP_208895680	WP_176246666
WP_208895680	WP_261915601
WP_208895680	WP_017043915
WP_208895680	WP_064625008
WP_208895680	WP_194574788
WP_208895680	WP_094131886
WP_208895680	WP_129532434
WP_208895680	WP_094165742
WP_208895680	WP_094150576
WP_208895680	WP_277435253
WP_208895680	WP_094500211
WP_208895680	WP_194662797
WP_208895680	WP_222715128
WP_208895680	WP_105976512
WP_208895680	WP_017044653
WP_208895680	WP_170889136
WP_208895680	WP_115339706
WP_208895680	WP_094143314
WP_208895680	WP_017047729
WP_208895680	WP_019281959
WP_208895680	WP_481064134
WP_208895680	WP_334202800
WP_208895680	WP_096036296
WP_208895680	WP_481064732
WP_208895680	WP_208891607
WP_208895680	WP_088721155
WP_208895680	WP_194565959
WP_208895680	WP_199871647
WP_208895680	WP_088732261
WP_208895680	WP_373433321
WP_208895680	WP_013857079
WP_208895680	WP_047690891
WP_208895680	WP_017049879
WP_140932275	WP_140932275
WP_140932275	WP_218529315
WP_140932275	WP_479637495
WP_018692543	WP_018692543
WP_100288238	WP_100288238
WP_086433980	WP_086433980
WP_026375035	WP_026375035
WP_137167238	WP_137167238
WP_137167238	WP_191022233
WP_137167238	WP_139756523
WP_445766102	WP_445766102
WP_274054079	WP_274054079
WP_274054079	WP_044841803
WP_274054079	WP_281558966
WP_274054079	WP_044832579
WP_100657433	WP_100657433
WP_303551227	WP_303551227
WP_303551227	WP_221077481
WP_303551227	WP_220718038
WP_303551227	WP_432463266
WP_303551227	WP_432453253
WP_303551227	WP_303515447
WP_303551227	WP_163134939
WP_303551227	WP_248715538
WP_303551227	WP_406608673
WP_303551227	WP_137674503
WP_303551227	WP_152782732
WP_303551227	WP_221077036
WP_303551227	WP_329773744
WP_289365355	WP_289365355
WP_029685549	WP_029685549
WP_029685549	WP_343871312
WP_029685549	WP_025903084
WP_029685549	WP_212712948
WP_029685549	WP_038020773
WP_029685549	WP_212707839
WP_029685549	WP_212711669
WP_029685549	WP_212710591
WP_029685549	WP_343877491
WP_029685549	WP_294906525
WP_029685549	WP_087488478
WP_094038640	WP_094038640
WP_094038640	WP_446836400
WP_094038640	WP_106454574
WP_094038640	WP_202085335
WP_094038640	WP_445398139
WP_094038640	WP_458734852
WP_094038640	WP_106728523
WP_094038640	WP_375058069
WP_094038640	WP_096779450
WP_094038640	WP_344955109
WP_094038640	WP_116472887
WP_071463514	WP_071463514
WP_071463514	WP_348660645
WP_071463514	WP_110572210
WP_071463514	WP_006955122
WP_071463514	WP_286681698
WP_071463514	WP_370215111
WP_071463514	WP_290613588
WP_071463514	WP_370259845
WP_377247044	WP_377247044
WP_377247044	WP_430455995
WP_377247044	WP_348734574
WP_377247044	WP_031571001
WP_377247044	WP_486368828
WP_406663191	WP_406663191
WP_300929515	WP_300929515
WP_300929515	WP_046519309
WP_300929515	WP_264346406
WP_300929515	WP_233077890
WP_300929515	WP_233006781
WP_300929515	WP_127021836
WP_300929515	WP_288740039
WP_300929515	WP_310273957
WP_300929515	WP_008898159
WP_300929515	WP_127684563
WP_300929515	WP_457906362
WP_300929515	WP_300996818
WP_237465172	WP_237465172
WP_160793573	WP_160793573
WP_160793573	WP_239872090
WP_160793573	WP_249253772
WP_160793573	WP_428636777
WP_160793573	WP_475516700
WP_160793573	WP_239884415
WP_160793573	WP_239850836
WP_160793573	WP_248977314
WP_160793573	WP_234199173
WP_160793573	WP_220042650
WP_160793573	WP_041511027
WP_160793573	WP_239879030
WP_160793573	WP_220081129
WP_160793573	WP_239897159
WP_160793573	WP_281213729
WP_160793573	WP_088904455
WP_039232450	WP_039232450
WP_039232450	WP_076026132
WP_039232450	WP_101564297
WP_039232450	WP_202265245
WP_039232450	WP_118495226
WP_039232450	WP_485165230
WP_039232450	WP_474856026
WP_039232450	WP_131095821
WP_039232450	WP_346993677
WP_039232450	WP_211070705
WP_039232450	WP_427270096
WP_039232450	WP_159117354
WP_039232450	WP_156078250
WP_039232450	WP_239220231
WP_039232450	WP_476080711
WP_039232450	WP_342324852
WP_039232450	WP_334058133
WP_039232450	WP_044056878
WP_039232450	WP_474831248
WP_039232450	WP_474376792
WP_039232450	WP_069944149
WP_039232450	WP_287149840
WP_039232450	WP_071959075
WP_039232450	WP_198815481
WP_039232450	WP_071814525
WP_039232450	WP_057792411
WP_039232450	WP_039229698
WP_039232450	WP_061094840
WP_039232450	WP_411271617
WP_039232450	WP_202942410
WP_039232450	WP_342286670
WP_039232450	WP_239244445
WP_039232450	WP_474368434
WP_039232450	WP_179983129
WP_039232450	WP_474872768
WP_039232450	WP_334036976
WP_039232450	WP_474370281
WP_039232450	WP_317349338
WP_039232450	WP_214996524
WP_039232450	WP_187447402
WP_039232450	WP_020744912
WP_039232450	WP_039223928
WP_039232450	WP_487127958
WP_039232450	WP_474807291
WP_039232450	WP_013784485
WP_039232450	WP_461850962
WP_039232450	WP_014979097
WP_039232450	WP_479382951
WP_039232450	WP_274743209
WP_039232450	WP_156086294
WP_039232450	WP_318487073
WP_039232450	WP_105931029
WP_039232450	WP_071951346
WP_039232450	WP_049589114
WP_039232450	WP_020743415
WP_039232450	WP_333969902
WP_039232450	WP_487135676
WP_039232450	WP_014976305
WP_039232450	WP_334018405
WP_039232450	WP_075176410
WP_039232450	WP_476073279
WP_039232450	WP_476054312
WP_039232450	WP_412727522
WP_039232450	WP_474808477
WP_039232450	WP_423077887
WP_039232450	WP_141153834
WP_039232450	WP_334015173
WP_039232450	WP_474377388
WP_039232450	WP_394220625
WP_039232450	WP_370137412
WP_039232450	WP_281715271
WP_039232450	WP_483952550
WP_039232450	WP_269916400
WP_039232450	WP_472996299
WP_039232450	WP_131136191
WP_039232450	WP_196897096
WP_039232450	WP_390375023
WP_039232450	WP_342312926
WP_039232450	WP_458726704
WP_039232450	WP_334047944
WP_039232450	WP_136781250
WP_039232450	WP_014949190
WP_039232450	WP_171338640
WP_039232450	WP_342317518
WP_039232450	WP_288389683
WP_039232450	WP_303464307
WP_039232450	WP_130636080
WP_039232450	WP_163109507
WP_039232450	WP_071979172
WP_039232450	WP_100972280
WP_039232450	WP_414830664
WP_039232450	WP_115592342
WP_235061946	WP_235061946
WP_314879207	WP_314879207
WP_314879207	WP_040216033
WP_314879207	WP_288320293
WP_314879207	WP_226395962
WP_314879207	WP_311418259
WP_314879207	WP_005709862
WP_314879207	WP_111313148
WP_314879207	WP_485966101
WP_314879207	WP_455012105
WP_314879207	WP_485949406
WP_314879207	WP_304109177
WP_314879207	WP_485953799
WP_314879207	WP_314344380
WP_314879207	WP_111353240
WP_314879207	WP_463676628
WP_314879207	WP_316448079
WP_314879207	WP_455483143
WP_314879207	WP_005706314
WP_314879207	WP_005817708
WP_314879207	WP_294088343
WP_314879207	WP_320862892
WP_314879207	WP_108924721
WP_314879207	WP_303817729
WP_314879207	WP_005824022
WP_125253848	WP_125253848
WP_125253848	WP_128729901
WP_125253848	WP_252095475
WP_125253848	WP_147389274
WP_125253848	WP_340070315
WP_125253848	WP_099641954
WP_125253848	WP_176031853
WP_111913811	WP_111913811
WP_303503769	WP_303503769
WP_303503769	WP_065108325
WP_303503769	WP_372000748
WP_303503769	WP_102476127
WP_303503769	WP_153913718
WP_303503769	WP_473679184
WP_303503769	WP_102528353
WP_303503769	WP_211028151
WP_303503769	WP_248983012
WP_303503769	WP_220755010
WP_303503769	WP_303446833
WP_303503769	WP_102531525
WP_303503769	WP_119968339
WP_303503769	WP_303516531
WP_303503769	WP_076536844
WP_303503769	WP_299574736
WP_303503769	WP_102440494
WP_303503769	WP_372005234
WP_110074842	WP_110074842
WP_110074842	WP_431667667
WP_110074842	WP_369743662
WP_110074842	WP_153825814
WP_110074842	WP_313932458
WP_110074842	WP_486756281
WP_173634237	WP_173634237
WP_173634237	WP_130835117
WP_173634237	WP_312240575
WP_173634237	WP_267144928
WP_173634237	WP_141175441
WP_173634237	WP_333897397
WP_173634237	WP_288015259
WP_173634237	WP_038625919
WP_173634237	WP_160621148
WP_173634237	WP_104957452
WP_173634237	WP_017799901
WP_173634237	WP_437615883
WP_173634237	WP_413653197
WP_173634237	WP_275555802
WP_173634237	WP_426981753
WP_173634237	WP_246759680
WP_173634237	WP_397214631
WP_173634237	WP_103058435
WP_173634237	WP_352410057
WP_173634237	WP_249891184
WP_173634237	WP_250650049
WP_173634237	WP_426972439
WP_173634237	WP_034915106
WP_173634237	WP_034949065
WP_173634237	WP_085071604
WP_173634237	WP_052899107
WP_173634237	WP_313852167
WP_036768081	WP_036768081
WP_036768081	WP_065822187
WP_036768081	WP_166303948
WP_036768081	WP_289993578
WP_036768081	WP_350404610
WP_036768081	WP_475847786
WP_036768081	WP_011146662
WP_036768081	WP_350386171
WP_036768081	WP_113025882
WP_036768081	WP_166286114
WP_036768081	WP_023045298
WP_036768081	WP_132354518
WP_036768081	WP_445374784
WP_036768081	WP_449591653
WP_036768081	WP_133812961
WP_036768081	WP_387628435
WP_036768081	WP_152961968
WP_036768081	WP_046976139
WP_036768081	WP_387464258
WP_036768081	WP_036846973
WP_036768081	WP_118986931
WP_036768081	WP_445493430
WP_036768081	WP_350304979
WP_036768081	WP_214052421
WP_036768081	WP_112879400
WP_036768081	WP_265377624
WP_036768081	WP_214087981
WP_036768081	WP_139656614
WP_036768081	WP_387689086
WP_036768081	WP_225815164
WP_036768081	WP_341500185
WP_036768081	WP_214039147
WP_036768081	WP_132343958
WP_036768081	WP_323836554
WP_036768081	WP_229000767
WP_036768081	WP_110090760
WP_036768081	WP_110087116
WP_036768081	WP_065388673
WP_036768081	WP_046397491
WP_036768081	WP_217471617
WP_036768081	WP_054475336
WP_036768081	WP_214068090
WP_036768081	WP_113041369
WP_036768081	WP_228901996
WP_036768081	WP_265513941
WP_036768081	WP_015834210
WP_036768081	WP_049581456
WP_036768081	WP_088374258
WP_036768081	WP_434524714
WP_241624039	WP_241624039
WP_241624039	WP_304371317
WP_241624039	WP_071430018
WP_241624039	WP_250332025
WP_241624039	WP_092673496
WP_241624039	WP_048912187
WP_241624039	WP_241610603
WP_241624039	WP_241606431
WP_241624039	WP_214212194
WP_241624039	WP_214216292
WP_241624039	WP_241648543
WP_241624039	WP_241595002
WP_241624039	WP_241607517
WP_241624039	WP_214235363
WP_241624039	WP_241583884
WP_241624039	WP_241644988
WP_241624039	WP_214219308
WP_241624039	WP_214195223
WP_241624039	WP_241578548
WP_241624039	WP_241572841
WP_241624039	WP_099822819
WP_174888858	WP_174888858
WP_174888858	WP_016856973
WP_174888858	WP_046493073
WP_174888858	WP_158379358
WP_174888858	WP_158366330
WP_174888858	WP_174888491
WP_174888858	WP_174891196
WP_174888858	WP_100103071
WP_174888858	WP_100096278
WP_174888858	WP_015874127
WP_097032324	WP_097032324
WP_148363422	WP_148363422
WP_148363422	WP_109079844
WP_148363422	WP_111305914
WP_148363422	WP_148325428
WP_148363422	WP_205766089
WP_148363422	WP_205768420
WP_148363422	WP_314886254
WP_148363422	WP_442541767
WP_148363422	WP_111294418
WP_148363422	WP_205773787
WP_148363422	WP_308665639
WP_148363422	WP_061886767
WP_148363422	WP_233115758
WP_148363422	WP_025298389
WP_148363422	WP_233143461
WP_148363422	WP_109860318
WP_148363422	WP_005544715
WP_148363422	WP_109128573
WP_148363422	WP_109858852
WP_148363422	WP_288677328
WP_148363422	WP_109103785
WP_148363422	WP_109432334
WP_148363422	WP_233117836
WP_148363422	WP_148327532
WP_148363422	WP_005576194
WP_148363422	WP_109853799
WP_148363422	WP_442538880
WP_148363422	WP_005556886
WP_148363422	WP_122254836
WP_148363422	WP_258248148
WP_148363422	WP_083015525
WP_148363422	WP_148341140
WP_148363422	WP_005538876
WP_148363422	WP_205770257
WP_148363422	WP_048750369
WP_148363422	WP_249847437
WP_148363422	WP_205768020
WP_148363422	WP_230621283
WP_148363422	WP_311352473
WP_148363422	WP_205778359
WP_148363422	WP_148333928
WP_148363422	WP_485861246
WP_148363422	WP_233118959
WP_148363422	WP_111277573
WP_148363422	WP_109422838
WP_148363422	WP_212509614
WP_148363422	WP_233113142
WP_148363422	WP_257797243
WP_148363422	WP_205775698
WP_148363422	WP_061886577
WP_148363422	WP_006718217
WP_148363422	WP_050693668
WP_148363422	WP_005703159
WP_148363422	WP_148345094
WP_148363422	WP_314817184
WP_148363422	WP_233112734
WP_148363422	WP_109077487
WP_148363422	WP_005568750
WP_148363422	WP_290522194
WP_148363422	WP_454894857
WP_148363422	WP_065295024
WP_148363422	WP_005700469
WP_148363422	WP_109427873
WP_148363422	WP_376922761
WP_148363422	WP_454905757
WP_148363422	WP_109082552
WP_148363422	WP_485861982
WP_148363422	WP_314791973
WP_148363422	WP_209362392
WP_148363422	WP_479744408
WP_148363422	WP_485862840
WP_148363422	WP_012771455
WP_148363422	WP_314867790
WP_148363422	WP_454901847
WP_148363422	WP_021616225
WP_148363422	WP_109059027
WP_148363422	WP_297929381
WP_148363422	WP_295975833
WP_148363422	WP_109064056
WP_148363422	WP_485860550
WP_101627019	WP_101627019
WP_475405756	WP_475405756
WP_475405756	WP_248262736
WP_475405756	WP_253619717
WP_475405756	WP_287797338
WP_475405756	WP_322407252
WP_475405756	WP_473790232
WP_475405756	WP_416511279
WP_475405756	WP_317496529
WP_475405756	WP_126782765
WP_475405756	WP_054486984
WP_475405756	WP_114981562
WP_475405756	WP_273025031
WP_475405756	WP_278354876
WP_475405756	WP_034820062
WP_475405756	WP_417440387
WP_475405756	WP_273023415
WP_475405756	WP_011234261
WP_475405756	WP_110012640
WP_475405756	WP_404398718
WP_475405756	WP_287816612
WP_475405756	WP_439222186
WP_475405756	WP_317504576
WP_158161526	WP_158161526
WP_158161526	WP_005506017
WP_158161526	WP_067417144
WP_158161526	WP_275874183
WP_158161526	WP_129493997
WP_158161526	WP_371733185
WP_158161526	WP_078753014
WP_158161526	WP_158174609
WP_158161526	WP_154124347
WP_158161526	WP_274143339
WP_158161526	WP_115659628
WP_158161526	WP_062662311
WP_158161526	WP_218360155
WP_158161526	WP_046306525
WP_158161526	WP_002540185
WP_158161526	WP_325894087
WP_158161526	WP_371975596
WP_158161526	WP_428822271
WP_158161526	WP_016961327
WP_158161526	WP_017011370
WP_158161526	WP_274166877
WP_158161526	WP_102317171
WP_158161526	WP_137071389
WP_158161526	WP_407330656
WP_158161526	WP_028025214
WP_158161526	WP_129120779
WP_158161526	WP_068904206
WP_306101676	WP_306101676
WP_317480969	WP_317480969
WP_317480969	WP_317478205
WP_317480969	WP_012073135
WP_317480969	WP_317485902
WP_317480969	WP_317477390
WP_317480969	WP_317543555
WP_317480969	WP_202937572
WP_317480969	WP_317482001
WP_317480969	WP_317480164
WP_317480969	WP_317483765
WP_380818082	WP_380818082
WP_261602239	WP_261602239
WP_261602239	WP_428430462
WP_261602239	WP_255389971
WP_261602239	WP_337733116
WP_216989813	WP_216989813
WP_216989813	WP_061475589
WP_216989813	WP_076360303
WP_216989813	WP_448049633
WP_216989813	WP_108540973
WP_216989813	WP_216950341
WP_216989813	WP_429109557
WP_216989813	WP_236316809
WP_216989813	WP_024944133
WP_216989813	WP_273761877
WP_216989813	WP_408809507
WP_216989813	WP_482297184
WP_216989813	WP_429058209
WP_216989813	WP_429033785
WP_216989813	WP_317103705
WP_216989813	WP_104014156
WP_216989813	WP_411664659
WP_216989813	WP_139398962
WP_216989813	WP_362816478
WP_216989813	WP_485831172
WP_216989813	WP_429010630
WP_216989813	WP_404834225
WP_216989813	WP_429163682
WP_216989813	WP_224211266
WP_216989813	WP_408831491
WP_216989813	WP_107683628
WP_216989813	WP_201937000
WP_216989813	WP_439994507
WP_216989813	WP_323930948
WP_216989813	WP_456513384
WP_216989813	WP_408754718
WP_216989813	WP_139398746
WP_216989813	WP_408782498
WP_216989813	WP_421271658
WP_216989813	WP_060390017
WP_216989813	WP_042015614
WP_216989813	WP_429175692
WP_216989813	WP_071915087
WP_216989813	WP_306642954
WP_216989813	WP_479310548
WP_216989813	WP_215269933
WP_216989813	WP_335868786
WP_216989813	WP_194760665
WP_216989813	WP_421190821
WP_216989813	WP_101613851
WP_216989813	WP_323971434
WP_216989813	WP_254201656
WP_216989813	WP_335827699
WP_216989813	WP_338455401
WP_216989813	WP_330144162
WP_216989813	WP_408860640
WP_216989813	WP_236360759
WP_216989813	WP_448051516
WP_216989813	WP_362774133
WP_216989813	WP_374874346
WP_216989813	WP_042648448
WP_216989813	WP_374813433
WP_216989813	WP_033136942
WP_216989813	WP_050719450
WP_216989813	WP_205642197
WP_216989813	WP_404838012
WP_216989813	WP_448053829
WP_216989813	WP_226008861
WP_216989813	WP_482308957
WP_216989813	WP_429035392
WP_216989813	WP_416032320
WP_216989813	WP_204477559
WP_216989813	WP_421255847
WP_216989813	WP_421294153
WP_216989813	WP_113740424
WP_216989813	WP_421257856
WP_216989813	WP_164536300
WP_216989813	WP_275918952
WP_216989813	WP_139473702
WP_216989813	WP_421254014
WP_216989813	WP_408853933
WP_216989813	WP_290020415
WP_216989813	WP_065401247
WP_216989813	WP_102665280
WP_216989813	WP_371157124
WP_216989813	WP_268028241
WP_216989813	WP_438407029
WP_216989813	WP_245133799
WP_216989813	WP_448048131
WP_216989813	WP_201994495
WP_216989813	WP_005353832
WP_216989813	WP_254231879
WP_216989813	WP_010673895
WP_216989813	WP_252450394
WP_216989813	WP_045789265
WP_216989813	WP_324035850
WP_216989813	WP_213319589
WP_216989813	WP_042082558
WP_216989813	WP_429179594
WP_216989813	WP_201991964
WP_216989813	WP_408805713
WP_216989813	WP_447832359
WP_216989813	WP_421169920
WP_216989813	WP_411625097
WP_216989813	WP_408778999
WP_216989813	WP_108536466
WP_216989813	WP_042867454
WP_216989813	WP_482300217
WP_216989813	WP_421197849
WP_216989813	WP_064340882
WP_216989813	WP_236563670
WP_216989813	WP_158109561
WP_216989813	WP_124928803
WP_216989813	WP_324050056
WP_216989813	WP_429134286
WP_216989813	WP_429117910
WP_216989813	WP_100861030
WP_216989813	WP_378008551
WP_216989813	WP_368153916
WP_216989813	WP_103252330
WP_216989813	WP_368175708
WP_216989813	WP_252601538
WP_216989813	WP_041208968
WP_216989813	WP_054544344
WP_216989813	WP_408836971
WP_216989813	WP_270795878
WP_216989813	WP_408778781
WP_216989813	WP_421260613
WP_216989813	WP_236347431
WP_216989813	WP_368199565
WP_216989813	WP_421312640
WP_216989813	WP_157162147
WP_216989813	WP_484651525
WP_216989813	WP_129503509
WP_216989813	WP_257703740
WP_216989813	WP_429078829
WP_216989813	WP_284488568
WP_216989813	WP_271771874
WP_216989813	WP_456498285
WP_216989813	WP_458754696
WP_216989813	WP_202046422
WP_216989813	WP_265422763
WP_216989813	WP_386915546
WP_216989813	WP_376885797
WP_216989813	WP_411604217
WP_216989813	WP_302245716
WP_216989813	WP_411685660
WP_216989813	WP_203117179
WP_216989813	WP_236342557
WP_216989813	WP_167567760
WP_216989813	WP_236297034
WP_216989813	WP_323943546
WP_216989813	WP_134696953
WP_216989813	WP_421283336
WP_216989813	WP_421260913
WP_216989813	WP_421213254
WP_216989813	WP_274181456
WP_216989813	WP_408849228
WP_216989813	WP_323931874
WP_216989813	WP_226044555
WP_216989813	WP_257685198
WP_216989813	WP_201907203
WP_216989813	WP_270820907
WP_216989813	WP_259230464
WP_216989813	WP_325782142
WP_216989813	WP_219276697
WP_216989813	WP_378004565
WP_216989813	WP_201981290
WP_216989813	WP_318162848
WP_216989813	WP_438415124
WP_216989813	WP_447976310
WP_216989813	WP_236284708
WP_216989813	WP_374879136
WP_216989813	WP_421337372
WP_216989813	WP_319904759
WP_216989813	WP_139410707
WP_216989813	WP_374840895
WP_216989813	WP_167574360
WP_216989813	WP_069652860
WP_216989813	WP_267519514
WP_216989813	WP_236325657
WP_216989813	WP_106842764
WP_216989813	WP_323967148
WP_216989813	WP_247625799
WP_216989813	WP_429158850
WP_216989813	WP_479751042
WP_216989813	WP_244776725
WP_216989813	WP_421319818
WP_216989813	WP_005303279
WP_216989813	WP_094697669
WP_216989813	WP_059112089
WP_216989813	WP_368162017
WP_216989813	WP_392418058
WP_216989813	WP_408781551
WP_216989813	WP_310597121
WP_216989813	WP_421250502
WP_216989813	WP_438833426
WP_216989813	WP_408786800
WP_216989813	WP_202042903
WP_216989813	WP_448054739
WP_216989813	WP_323583655
WP_216989813	WP_168966819
WP_216989813	WP_108612108
WP_216989813	WP_290436166
WP_216989813	WP_279501330
WP_216989813	WP_407962649
WP_216989813	WP_139708729
WP_216989813	WP_430642892
WP_216989813	WP_139697353
WP_216989813	WP_005312182
WP_216989813	WP_408762130
WP_216989813	WP_429139971
WP_216989813	WP_438417648
WP_216989813	WP_210556261
WP_216989813	WP_206818508
WP_216989813	WP_139736721
WP_216989813	WP_421239832
WP_216989813	WP_043121319
WP_216989813	WP_335874752
WP_216989813	WP_439981652
WP_216989813	WP_319894805
WP_216989813	WP_362805044
WP_216989813	WP_281704947
WP_216989813	WP_282788979
WP_216989813	WP_043128999
WP_216989813	WP_125595692
WP_216989813	WP_262108893
WP_216989813	WP_303806347
WP_216989813	WP_324040981
WP_216989813	WP_368228731
WP_216989813	WP_319901320
WP_216989813	WP_019446731
WP_216989813	WP_269383109
WP_216989813	WP_304520637
WP_216989813	WP_103243540
WP_216989813	WP_069554049
WP_216989813	WP_421316200
WP_216989813	WP_336578969
WP_216989813	WP_219143785
WP_216989813	WP_429235177
WP_216989813	WP_427242672
WP_216989813	WP_111588236
WP_216989813	WP_407957619
WP_216989813	WP_411651093
WP_216989813	WP_336290672
WP_216989813	WP_182969503
WP_216989813	WP_139744784
WP_216989813	WP_043135968
WP_216989813	WP_100294485
WP_216989813	WP_324012272
WP_216989813	WP_411240002
WP_216989813	WP_288729680
WP_216989813	WP_171280985
WP_216989813	WP_134996647
WP_216989813	WP_044800504
WP_216989813	WP_429062733
WP_216989813	WP_421328995
WP_216989813	WP_421306500
WP_216989813	WP_421322946
WP_216989813	WP_010633259
WP_216989813	WP_335857258
WP_216989813	WP_025326222
WP_216989813	WP_043556342
WP_216989813	WP_395948790
WP_216989813	WP_448007248
WP_216989813	WP_043160059
WP_216989813	WP_429014424
WP_216989813	WP_339331287
WP_216989813	WP_445985831
WP_216989813	WP_270905909
WP_216989813	WP_139493518
WP_216989813	WP_324059003
WP_216989813	WP_227274139
WP_216989813	WP_429112111
WP_216989813	WP_185226707
WP_216989813	WP_411631666
WP_216989813	WP_346196867
WP_216989813	WP_429019482
WP_216989813	WP_024941857
WP_216989813	WP_408123643
WP_216989813	WP_182926021
WP_216989813	WP_408128570
WP_216989813	WP_429091820
WP_216989813	WP_474630996
WP_216989813	WP_319885245
WP_216989813	WP_267511641
WP_216989813	WP_216975517
WP_216989813	WP_323900651
WP_216989813	WP_319916480
WP_216989813	WP_323922976
WP_216989813	WP_201907312
WP_216989813	WP_427224423
WP_216989813	WP_099992024
WP_216989813	WP_234663220
WP_216989813	WP_336987815
WP_216989813	WP_011706893
WP_216989813	WP_448026612
WP_216989813	WP_005334892
WP_216989813	WP_421354623
WP_216989813	WP_179902303
WP_216989813	WP_482316332
WP_216989813	WP_421332934
WP_216989813	WP_255912155
WP_216989813	WP_043762019
WP_216989813	WP_266134272
WP_216989813	WP_216982220
WP_216989813	WP_201970595
WP_216989813	WP_236765364
WP_216989813	WP_126881345
WP_216989813	WP_485830126
WP_216989813	WP_042642291
WP_216989813	WP_124240355
WP_216989813	WP_421334283
WP_216989813	WP_219312055
WP_216989813	WP_323948343
WP_216989813	WP_440006341
WP_216989813	WP_408790012
WP_216989813	WP_201976892
WP_216989813	WP_368210780
WP_216989813	WP_323935841
WP_216989813	WP_113068820
WP_216989813	WP_201903972
WP_216989813	WP_482319514
WP_216989813	WP_421292671
WP_216989813	WP_042013731
WP_216989813	WP_265463357
WP_216989813	WP_216973213
WP_216989813	WP_213343785
WP_216989813	WP_331377960
WP_216989813	WP_411591180
WP_216989813	WP_421226864
WP_216989813	WP_287867691
WP_216989813	WP_124253199
WP_216989813	WP_421250023
WP_216989813	WP_139442170
WP_216989813	WP_335819765
WP_216989813	WP_167824770
WP_216989813	WP_479749530
WP_216989813	WP_109112766
WP_216989813	WP_270666686
WP_216989813	WP_408842056
WP_216989813	WP_099359576
WP_216989813	WP_163156189
WP_216989813	WP_438368108
WP_216989813	WP_208201530
WP_216989813	WP_042658666
WP_216989813	WP_427254102
WP_216989813	WP_275201470
WP_216989813	WP_422839896
WP_216989813	WP_226032129
WP_216989813	WP_318163917
WP_216989813	WP_376888442
WP_216989813	WP_150389486
WP_216989813	WP_042054514
WP_216989813	WP_429210115
WP_216989813	WP_257725213
WP_216989813	WP_368195273
WP_216989813	WP_427258632
WP_216989813	WP_236767421
WP_216989813	WP_234579195
WP_216989813	WP_215801707
WP_216989813	WP_042051062
WP_216989813	WP_421196193
WP_216989813	WP_270806658
WP_216989813	WP_411614284
WP_216989813	WP_279451378
WP_216989813	WP_274437768
WP_216989813	WP_322863636
WP_216989813	WP_098983103
WP_216989813	WP_342012793
WP_216989813	WP_064339651
WP_216989813	WP_323896767
WP_216989813	WP_017409144
WP_216989813	WP_323879266
WP_216989813	WP_040098544
WP_216989813	WP_201989938
WP_216989813	WP_266135867
WP_216989813	WP_210548161
WP_216989813	WP_275906398
WP_216989813	WP_421247883
WP_216989813	WP_279485446
WP_216989813	WP_408135915
WP_216989813	WP_290043545
WP_216989813	WP_041205259
WP_216989813	WP_474628159
WP_216989813	WP_485863110
WP_216989813	WP_263685879
WP_216989813	WP_005347733
WP_216989813	WP_439998380
WP_216989813	WP_324015230
WP_216989813	WP_270828431
WP_216989813	WP_201957960
WP_216989813	WP_042072215
WP_216989813	WP_151286926
WP_216989813	WP_447772333
WP_216989813	WP_201943391
WP_216989813	WP_102988223
WP_216989813	WP_429144606
WP_216989813	WP_268015423
WP_216989813	WP_278167616
WP_216989813	WP_446679508
WP_216989813	WP_218290662
WP_216989813	WP_255936552
WP_216989813	WP_201891831
WP_216989813	WP_429109452
WP_216989813	WP_440986765
WP_216989813	WP_342010401
WP_216989813	WP_323928250
WP_216989813	WP_045527759
WP_216989813	WP_421223835
WP_216989813	WP_204383820
WP_216989813	WP_319861530
WP_216989813	WP_438413232
WP_216989813	WP_100653220
WP_216989813	WP_236269260
WP_216989813	WP_332500590
WP_216989813	WP_429640078
WP_216989813	WP_408867840
WP_216989813	WP_131731389
WP_216989813	WP_404296278
WP_216989813	WP_324053041
WP_216989813	WP_314927743
WP_216989813	WP_219271045
WP_216989813	WP_421165023
WP_216989813	WP_378013659
WP_216989813	WP_408812865
WP_216989813	WP_029299451
WP_216989813	WP_202009321
WP_216989813	WP_029304161
WP_216989813	WP_279461753
WP_216989813	WP_235462410
WP_216989813	WP_076491344
WP_216989813	WP_265436202
WP_216989813	WP_124241768
WP_216989813	WP_043851335
WP_216989813	WP_017411764
WP_216989813	WP_404840217
WP_216989813	WP_421167880
WP_216989813	WP_058406111
WP_216989813	WP_408856856
WP_216989813	WP_309506911
WP_216989813	WP_290434942
WP_216989813	WP_279968327
WP_216989813	WP_445982548
WP_216989813	WP_128313689
WP_216989813	WP_368180523
WP_216989813	WP_042024775
WP_216989813	WP_265433651
WP_216989813	WP_021139069
WP_216989813	WP_319906416
WP_216989813	WP_265452191
WP_216989813	WP_461601893
WP_216989813	WP_438366721
WP_216989813	WP_264304137
WP_216989813	WP_307765590
WP_216989813	WP_042007188
WP_216989813	WP_016351565
WP_216989813	WP_041216392
WP_216989813	WP_439978912
WP_216989813	WP_201902556
WP_216989813	WP_429017718
WP_216989813	WP_429131562
WP_216989813	WP_319883283
WP_216989813	WP_104452510
WP_216989813	WP_482310183
WP_216989813	WP_042078125
WP_216989813	WP_279486724
WP_216989813	WP_252420838
WP_216989813	WP_265431357
WP_216989813	WP_478236368
WP_216989813	WP_171268704
WP_216989813	WP_362790868
WP_216989813	WP_042037482
WP_216989813	WP_042467105
WP_216989813	WP_421245202
WP_216989813	WP_429099812
WP_216989813	WP_058055691
WP_216989813	WP_479314385
WP_216989813	WP_447192653
WP_216989813	WP_335865656
WP_216989813	WP_408843998
WP_216989813	WP_421252663
WP_216989813	WP_042061362
WP_216989813	WP_323062376
WP_216989813	WP_411649688
WP_216989813	WP_275931169
WP_216989813	WP_279987658
WP_216989813	WP_158196911
WP_216989813	WP_150995615
WP_216989813	WP_227342154
WP_216989813	WP_201987399
WP_216989813	WP_236283374
WP_216989813	WP_447202865
WP_216989813	WP_194495966
WP_216989813	WP_431361369
WP_216989813	WP_350235931
WP_216989813	WP_342057754
WP_216989813	WP_461854807
WP_216989813	WP_252995849
WP_216989813	WP_411601946
WP_216989813	WP_447966040
WP_216989813	WP_335818284
WP_216989813	WP_323916060
WP_216989813	WP_265775383
WP_216989813	WP_216953103
WP_216989813	WP_101150158
WP_216989813	WP_408858955
WP_216989813	WP_127008733
WP_216989813	WP_182935400
WP_216989813	WP_201911363
WP_216989813	WP_335847539
WP_216989813	WP_427210860
WP_216989813	WP_337072400
WP_216989813	WP_274278767
WP_216989813	WP_323946066
WP_216989813	WP_223950121
WP_216989813	WP_139463463
WP_216989813	WP_202015438
WP_216989813	WP_421310103
WP_216989813	WP_474401369
WP_216989813	WP_203130212
WP_216989813	WP_456691828
WP_216989813	WP_042029403
WP_216989813	WP_042652626
WP_216989813	WP_265457931
WP_216989813	WP_408793324
WP_216989813	WP_421214871
WP_216989813	WP_209296941
WP_216989813	WP_429140776
WP_216989813	WP_182788182
WP_216989813	WP_033115350
WP_216989813	WP_201887807
WP_216989813	WP_447836859
WP_216989813	WP_482314833
WP_216989813	WP_268032383
WP_216989813	WP_139476460
WP_216989813	WP_407161324
WP_216989813	WP_259241185
WP_216989813	WP_319896869
WP_216989813	WP_206874882
WP_216989813	WP_077096086
WP_216989813	WP_267528201
WP_216989813	WP_456494209
WP_216989813	WP_429038795
WP_216989813	WP_421190832
WP_216989813	WP_103471045
WP_216989813	WP_408827236
WP_216989813	WP_064335738
WP_216989813	WP_429200651
WP_216989813	WP_376868053
WP_216989813	WP_219596726
WP_216989813	WP_263677877
WP_216989813	WP_421205502
WP_216989813	WP_101529849
WP_216989813	WP_323956395
WP_216989813	WP_429075515
WP_216989813	WP_021229836
WP_216989813	WP_374995866
WP_216989813	WP_216961428
WP_216989813	WP_411584593
WP_216989813	WP_159144160
WP_216989813	WP_483695890
WP_216989813	WP_479758268
WP_216989813	WP_275059160
WP_216989813	WP_411647751
WP_216989813	WP_139396403
WP_216989813	WP_096119843
WP_216989813	WP_182932740
WP_216989813	WP_427234717
WP_216989813	WP_408816724
WP_216989813	WP_108571959
WP_216989813	WP_317842212
WP_216989813	WP_476003644
WP_216989813	WP_456500595
WP_216989813	WP_438548698
WP_216989813	WP_033131079
WP_216989813	WP_241343030
WP_216989813	WP_421188034
WP_216989813	WP_434663473
WP_216989813	WP_457981095
WP_216989813	WP_349918897
WP_216989813	WP_392443244
WP_216989813	WP_408788633
WP_216989813	WP_041999769
WP_216989813	WP_408772249
WP_216989813	WP_479317978
WP_216989813	WP_438540317
WP_216989813	WP_111874877
WP_216989813	WP_427260508
WP_216989813	WP_287975804
WP_216989813	WP_456689955
WP_216989813	WP_098968811
WP_216989813	WP_042020602
WP_216989813	WP_101318291
WP_216989813	WP_408746968
WP_216989813	WP_408796392
WP_216989813	WP_148610489
WP_216989813	WP_068977103
WP_216989813	WP_005899117
WP_216989813	WP_042041488
WP_216989813	WP_436467468
WP_038498484	WP_038498484
WP_102483703	WP_102483703
WP_102483703	WP_065209733
WP_102483703	WP_023404807
WP_102483703	WP_261824025
WP_102483703	WP_261874437
WP_102483703	WP_065599408
WP_102483703	WP_021713044
WP_102483703	WP_459681499
WP_102483703	WP_119010232
WP_102483703	WP_152821158
WP_102483703	WP_017030334
WP_102483703	WP_141268369
WP_102483703	WP_141344075
WP_102483703	WP_102455287
WP_102483703	WP_102334131
WP_102483703	WP_017030849
WP_102483703	WP_102450945
WP_102483703	WP_068697716
WP_102483703	WP_102550331
WP_102483703	WP_102481025
WP_305456605	WP_305456605
WP_305456605	WP_107290431
WP_305456605	WP_238030413
WP_305456605	WP_318488855
WP_305456605	WP_318462505
WP_305456605	WP_318514693
WP_305456605	WP_107292031
WP_305456605	WP_318474766
WP_305456605	WP_318409922
WP_305456605	WP_318513742
WP_305456605	WP_318438359
WP_305456605	WP_318471680
WP_305456605	WP_005370813
WP_305456605	WP_305374139
WP_305456605	WP_107279355
WP_305456605	WP_107205679
WP_305456605	WP_006647016
WP_305456605	WP_318482882
WP_305456605	WP_318497504
WP_305456605	WP_434137340
WP_305456605	WP_107287029
WP_305456605	WP_105060534
WP_305456605	WP_305370335
WP_305456605	WP_008986675
WP_305456605	WP_305423892
WP_305456605	WP_161119617
WP_305456605	WP_045127195
WP_305456605	WP_305811305
WP_305456605	WP_060987956
WP_305456605	WP_305421037
WP_305456605	WP_045149582
WP_305456605	WP_318465902
WP_305456605	WP_318432288
WP_305456605	WP_107245493
WP_305456605	WP_318480082
WP_305456605	WP_318455947
WP_305456605	WP_305837904
WP_305456605	WP_464690007
WP_305456605	WP_318468026
WP_305456605	WP_047875145
WP_305456605	WP_160648150
WP_305456605	WP_428465240
WP_305456605	WP_428477096
WP_305456605	WP_107272240
WP_305456605	WP_265694909
WP_305456605	WP_299014370
WP_305456605	WP_075766567
WP_305456605	WP_068328761
WP_305456605	WP_446509709
WP_305456605	WP_036798385
WP_305456605	WP_446519420
WP_305456605	WP_107304653
WP_305456605	WP_232600030
WP_305456605	WP_256382997
WP_305456605	WP_107275391
WP_305456605	WP_232574851
WP_305456605	WP_221942658
WP_305456605	WP_232568068
WP_305456605	WP_327768756
WP_305456605	WP_394165400
WP_305456605	WP_065194451
WP_305456605	WP_107211598
WP_305456605	WP_087819464
WP_305456605	WP_036795343
WP_305456605	WP_327765900
WP_305456605	WP_045041611
WP_305456605	WP_045026640
WP_305456605	WP_232602383
WP_305456605	WP_327770604
WP_305456605	WP_065192738
WP_305456605	WP_232610255
WP_305456605	WP_045035653
WP_305456605	WP_107198744
WP_305456605	WP_152652865
WP_305456605	WP_232613282
WP_305456605	WP_080173130
WP_305456605	WP_101767081
WP_305456605	WP_105026682
WP_305456605	WP_087843909
WP_305456605	WP_107239282
WP_305456605	WP_413516648
WP_305456605	WP_327761608
WP_305456605	WP_065189931
WP_305456605	WP_080156753
WP_305456605	WP_232573069
WP_305456605	WP_065173851
WP_305456605	WP_232606133
WP_305456605	WP_107189234
WP_305456605	WP_297475097
WP_305456605	WP_107299188
WP_305456605	WP_064602781
WP_305456605	WP_428652876
WP_305456605	WP_255041323
WP_305456605	WP_475254074
WP_305456605	WP_107349490
WP_305456605	WP_317522181
WP_305456605	WP_222550165
WP_305456605	WP_281025278
WP_305456605	WP_428452223
WP_305456605	WP_044623863
WP_305456605	WP_428461906
WP_305456605	WP_039468103
WP_305456605	WP_475242041
WP_305456605	WP_107255581
WP_305456605	WP_107242834
WP_305456605	WP_428439418
WP_305456605	WP_428472757
WP_305456605	WP_011219142
WP_305456605	WP_428436128
WP_305456605	WP_335668885
WP_305456605	WP_006233149
WP_305456605	WP_428449224
WP_305456605	WP_217393022
WP_305456605	WP_047883328
WP_305456605	WP_446031260
WP_305456605	WP_264954294
WP_305456605	WP_044175323
WP_305456605	WP_138976530
WP_305456605	WP_109375150
WP_305456605	WP_284668937
WP_305456605	WP_106142039
WP_305456605	WP_106224625
WP_305456605	WP_036764082
WP_305456605	WP_482626762
WP_305456605	WP_237030998
WP_305456605	WP_086957864
WP_305456605	WP_447247342
WP_305456605	WP_237032960
WP_305456605	WP_115060066
WP_305456605	WP_239972033
WP_305456605	WP_237041632
WP_305456605	WP_284660072
WP_305456605	WP_432519596
WP_305456605	WP_331434487
WP_305456605	WP_158136003
WP_305456605	WP_446531237
WP_305456605	WP_483580262
WP_155689435	WP_155689435
WP_155689435	WP_063651334
WP_155689435	WP_233946588
WP_155689435	WP_146861635
WP_155689435	WP_005418793
WP_155689435	WP_011261684
WP_155689435	WP_155694134
WP_155689435	WP_155665644
WP_155689435	WP_063662441
WP_155689435	WP_463324439
WP_155689435	WP_063643776
WP_155689435	WP_133415370
WP_155689435	WP_155683224
WP_155689435	WP_135353423
WP_155689435	WP_065603446
WP_155689435	WP_155685760
WP_155689435	WP_155649895
WP_155689435	WP_233941026
WP_155689435	WP_012533245
WP_155689435	WP_155657107
WP_155689435	WP_155672642
WP_155689435	WP_065591660
WP_155689435	WP_300174780
WP_155689435	WP_122035256
WP_155689435	WP_486314818
WP_155689435	WP_182699971
WP_155689435	WP_428200773
WP_155689435	WP_151652863
WP_155689435	WP_486307172
WP_155689435	WP_017020611
WP_155689435	WP_274443289
WP_155689435	WP_428193196
WP_155689435	WP_130048618
WP_155689435	WP_274420693
WP_155689435	WP_105054491
WP_155689435	WP_486309157
WP_155689435	WP_446713195
WP_155689435	WP_060990672
WP_155689435	WP_375322204
WP_155689435	WP_130043393
WP_155689435	WP_012549908
WP_155689435	WP_486305521
WP_155689435	WP_446703683
WP_155689435	WP_446710321
WP_155689435	WP_486318962
WP_448552623	WP_448552623
WP_448552623	WP_116007509
WP_448552623	WP_116014035
WP_448552623	WP_115999807
WP_377336041	WP_377336041
WP_377336041	WP_337840329
WP_377336041	WP_419569710
WP_377336041	WP_337881408
WP_193243179	WP_193243179
WP_193243179	WP_130252650
WP_193243179	WP_446302885
WP_193243179	WP_095430189
WP_193243179	WP_080538554
WP_193243179	WP_434078890
WP_193243179	WP_045595170
WP_193243179	WP_243301300
WP_193243179	WP_130198802
WP_193243179	WP_080540955
WP_193243179	WP_017790186
WP_193243179	WP_039444195
WP_193243179	WP_193187062
WP_193243179	WP_045568957
WP_193243179	WP_130200469
WP_193243179	WP_238834469
WP_193243179	WP_347367136
WP_193243179	WP_188011908
WP_193243179	WP_196388193
WP_193243179	WP_332160550
WP_193243179	WP_436322570
WP_193243179	WP_017421991
WP_193243179	WP_130350316
WP_193243179	WP_060531150
WP_193243179	WP_225463695
WP_193243179	WP_446321860
WP_193243179	WP_080526657
WP_193243179	WP_158133307
WP_193243179	WP_061896562
WP_193243179	WP_238818305
WP_193243179	WP_438045709
WP_193243179	WP_130349851
WP_193243179	WP_446292614
WP_193243179	WP_131069717
WP_193243179	WP_193257742
WP_193243179	WP_103189440
WP_193243179	WP_118893491
WP_193243179	WP_011080010
WP_193243179	WP_225464543
WP_193243179	WP_373042854
WP_193243179	WP_237286519
WP_193243179	WP_446320256
WP_193243179	WP_193244848
WP_193243179	WP_103163756
WP_193243179	WP_240114127
WP_193243179	WP_225456707
WP_193243179	WP_176298540
WP_193243179	WP_310948577
WP_193243179	WP_193153938
WP_193243179	WP_039446508
WP_193243179	WP_158105072
WP_193243179	WP_080536449
WP_193243179	WP_047109379
WP_193243179	WP_128824647
WP_193243179	WP_198106702
WP_193243179	WP_039464588
WP_193243179	WP_157401597
WP_193243179	WP_085761214
WP_193243179	WP_206638447
WP_193243179	WP_046027573
WP_193243179	WP_193264712
WP_193243179	WP_238813508
WP_193243179	WP_130242427
WP_193243179	WP_039433148
WP_193243179	WP_101958838
WP_193243179	WP_225449657
WP_193243179	WP_072603524
WP_193243179	WP_446318767
WP_193243179	WP_045620526
WP_193243179	WP_011150808
WP_193243179	WP_168834422
WP_193243179	WP_310956089
WP_193243179	WP_182289459
WP_193243179	WP_130309354
WP_193243179	WP_238826484
WP_193243179	WP_185891604
WP_193243179	WP_061893847
WP_193243179	WP_206636777
WP_193243179	WP_045621564
WP_193243179	WP_353975499
WP_193243179	WP_391856402
WP_193243179	WP_224657155
WP_193243179	WP_058667092
WP_193243179	WP_108676880
WP_193243179	WP_202933098
WP_193243179	WP_045628896
WP_193243179	WP_080609048
WP_193243179	WP_039425451
WP_193243179	WP_038939790
WP_193243179	WP_457874372
WP_193243179	WP_103185104
WP_193243179	WP_045590468
WP_193243179	WP_172564538
WP_193243179	WP_188047825
WP_193243179	WP_337837286
WP_193243179	WP_013571404
WP_193243179	WP_284159089
WP_193243179	WP_395198461
WP_193243179	WP_438047777
WP_193243179	WP_061058768
WP_193243179	WP_193254324
WP_193243179	WP_114321635
WP_193243179	WP_459656153
WP_193243179	WP_069686945
WP_193243179	WP_039841572
WP_193243179	WP_428748586
WP_193243179	WP_182025708
WP_193243179	WP_255983953
WP_193243179	WP_486784359
WP_193243179	WP_418111106
WP_193243179	WP_285384236
WP_193243179	WP_446599914
WP_193243179	WP_446468164
WP_193243179	WP_446606120
WP_193243179	WP_143692279
WP_193243179	WP_038885822
WP_193243179	WP_101960908
WP_193243179	WP_010447216
WP_193243179	WP_411062673
WP_193243179	WP_446035671
WP_193243179	WP_440889245
WP_193243179	WP_248873829
WP_193243179	WP_446608528
WP_193243179	WP_045422306
WP_193243179	WP_446636624
WP_193243179	WP_458762536
WP_193243179	WP_038898164
WP_193243179	WP_009842753
WP_193243179	WP_021708677
WP_193243179	WP_446631150
WP_193243179	WP_446628509
WP_193243179	WP_447475087
WP_193243179	WP_211916301
WP_193243179	WP_331406968
WP_193243179	WP_104034431
WP_193243179	WP_446556776
WP_193243179	WP_394610940
WP_193243179	WP_394632156
WP_193243179	WP_446613416
WP_193243179	WP_050919428
WP_193243179	WP_282249483
WP_193243179	WP_434145837
WP_193243179	WP_005450368
WP_193243179	WP_213866954
WP_193243179	WP_050922701
WP_193243179	WP_138955754
WP_193243179	WP_038863258
WP_193243179	WP_258492122
WP_193243179	WP_038889185
WP_193243179	WP_038866755
WP_193243179	WP_330472214
WP_193243179	WP_199436504
WP_193243179	WP_274886069
WP_193243179	WP_472827681
WP_193243179	WP_446639115
WP_193243179	WP_446605065
WP_193243179	WP_039980762
WP_193243179	WP_240304566
WP_193243179	WP_212581690
WP_193243179	WP_255957822
WP_193243179	WP_020195007
WP_193243179	WP_408676781
WP_193243179	WP_050909458
WP_193243179	WP_104041082
WP_193243179	WP_458739221
WP_193243179	WP_171357755
WP_193243179	WP_012127429
WP_193243179	WP_354404046
WP_193243179	WP_239969055
WP_193243179	WP_221067822
WP_193243179	WP_331420111
WP_193243179	WP_009707099
WP_193243179	WP_162092673
WP_193243179	WP_446626140
WP_193243179	WP_486776665
WP_193243179	WP_081233796
WP_193243179	WP_258456320
WP_193243179	WP_182053080
WP_193243179	WP_138953799
WP_193243179	WP_010645814
WP_193243179	WP_045417635
WP_193243179	WP_331444524
WP_193243179	WP_446649421
WP_193243179	WP_045492721
WP_193243179	WP_099078613
WP_193243179	WP_171370064
WP_193243179	WP_425669544
WP_193243179	WP_458769591
WP_193243179	WP_005426314
WP_193243179	WP_051117042
WP_193243179	WP_221071297
WP_193243179	WP_061010136
WP_193243179	WP_222325732
WP_240590194	WP_240590194
WP_240590194	WP_220077739
WP_240590194	WP_214505303
WP_240590194	WP_220067336
WP_240590194	WP_338592661
WP_240590194	WP_203326624
WP_240590194	WP_011759437
WP_240590194	WP_126166440
WP_240590194	WP_372872441
WP_439328399	WP_439328399
WP_439328399	WP_439241624
WP_439328399	WP_386694114
WP_439328399	WP_132302426
WP_439328399	WP_153985801
WP_439328399	WP_439258701
WP_439328399	WP_439238344
WP_439328399	WP_439258233
WP_439328399	WP_386696877
WP_439328399	WP_439293858
WP_439328399	WP_386693001
WP_439328399	WP_439287609
WP_439328399	WP_386686510
WP_439328399	WP_455648075
WP_037443114	WP_037443114
WP_037443114	WP_207353658
WP_037443114	WP_417761120
WP_037443114	WP_238896184
WP_428795257	WP_428795257
WP_428795257	WP_428753676
WP_428795257	WP_265675059
WP_428795257	WP_449212168
WP_428795257	WP_102471397
WP_428795257	WP_372060853
WP_428795257	WP_250617037
WP_428795257	WP_063604380
WP_428795257	WP_237484103
WP_428795257	WP_038229594
WP_428795257	WP_240206148
WP_428795257	WP_096992557
WP_428795257	WP_479290721
WP_428795257	WP_353496607
WP_428795257	WP_446567620
WP_428795257	WP_171391686
WP_428795257	WP_236109428
WP_428795257	WP_394151633
WP_428795257	WP_239913188
WP_428795257	WP_338164835
WP_428795257	WP_112477850
WP_428795257	WP_234495541
WP_428795257	WP_222303261
WP_428795257	WP_270033650
WP_428795257	WP_446647846
WP_428795257	WP_103880534
WP_428795257	WP_244358178
WP_039104346	WP_039104346
WP_039104346	WP_276921539
WP_039104346	WP_276886865
WP_039104346	WP_276902236
WP_039104346	WP_110443301
WP_159934053	WP_159934053
WP_132994457	WP_132994457
WP_132994457	WP_249960897
WP_132994457	WP_078219225
WP_132994457	WP_012340540
WP_132994457	WP_249962548
WP_132994457	WP_136121293
WP_132994457	WP_075293899
WP_132994457	WP_406812628
WP_132994457	WP_075321079
WP_132994457	WP_249963060
WP_221050854	WP_221050854
WP_221050854	WP_412522477
WP_221050854	WP_101059857
WP_221050854	WP_221051888
WP_221050854	WP_342188958
WP_221050854	WP_345861931
WP_221050854	WP_144165764
WP_221050854	WP_234594276
WP_221050854	WP_412522710
WP_221050854	WP_208145204
WP_221050854	WP_096142282
WP_221050854	WP_345874957
WP_221050854	WP_475617242
WP_221050854	WP_345883777
WP_221050854	WP_208224035
WP_221050854	WP_039035873
WP_221050854	WP_424527059
WP_221050854	WP_345871851
WP_221050854	WP_447017766
WP_221050854	WP_345887932
WP_221050854	WP_071237563
WP_221050854	WP_123116539
WP_221050854	WP_454290304
WP_221050854	WP_339087592
WP_221050854	WP_432517351
WP_221050854	WP_219013107
WP_221050854	WP_335901113
WP_221050854	WP_462884494
WP_221050854	WP_475624837
WP_221050854	WP_475616417
WP_221050854	WP_208183799
WP_221050854	WP_101095994
WP_221050854	WP_345870235
WP_221050854	WP_109247393
WP_221050854	WP_156019325
WP_221050854	WP_101056193
WP_221050854	WP_107352966
WP_221050854	WP_264920090
WP_221050854	WP_208161169
WP_221050854	WP_447078196
WP_221050854	WP_335923674
WP_221050854	WP_432513207
WP_221050854	WP_208156431
WP_221050854	WP_144132345
WP_221050854	WP_234521524
WP_221050854	WP_335908751
WP_221050854	WP_226683851
WP_221050854	WP_045282656
WP_221050854	WP_342197494
WP_221050854	WP_144226122
WP_221050854	WP_100142360
WP_221050854	WP_412495113
WP_221050854	WP_475628135
WP_221050854	WP_345881720
WP_221050854	WP_335899982
WP_221050854	WP_093983169
WP_221050854	WP_208169848
WP_221050854	WP_208168050
WP_221050854	WP_107110244
WP_221050854	WP_273643060
WP_221050854	WP_221059983
WP_221050854	WP_208129281
WP_221050854	WP_025011036
WP_221050854	WP_412486852
WP_372768808	WP_372768808
WP_367680450	WP_367680450
WP_273640493	WP_273640493
WP_273640493	WP_070175032
WP_273640493	WP_123323321
WP_273640493	WP_255053240
WP_273640493	WP_105935847
WP_273640493	WP_475074404
WP_273640493	WP_370240741
WP_273640493	WP_370256221
WP_273640493	WP_073324745
WP_273640493	WP_296043738
WP_225088064	WP_225088064
WP_225088064	WP_263059606
WP_225088064	WP_350239116
WP_225088064	WP_264495635
WP_225088064	WP_411569682
WP_225088064	WP_334512983
WP_225088064	WP_102117633
WP_225088064	WP_205537877
WP_225088064	WP_205567079
WP_225088064	WP_400275875
WP_225088064	WP_205595124
WP_225088064	WP_349908336
WP_225088064	WP_039549548
WP_225088064	WP_268197315
WP_225088064	WP_048256980
WP_225088064	WP_400374901
WP_225088064	WP_039276197
WP_225088064	WP_119874231
WP_225088064	WP_349895030
WP_225088064	WP_014915357
WP_225088064	WP_040035700
WP_225088064	WP_445499625
WP_225088064	WP_203450462
WP_225088064	WP_411559310
WP_225088064	WP_233989297
WP_225088064	WP_400361680
WP_225088064	WP_205559031
WP_225088064	WP_039517280
WP_225088064	WP_336862764
WP_225088064	WP_180784301
WP_225088064	WP_010275225
WP_225088064	WP_400337161
WP_225088064	WP_039496180
WP_225088064	WP_225582758
WP_225088064	WP_100016920
WP_225088064	WP_483279638
WP_225088064	WP_193398602
WP_225088064	WP_205568288
WP_225088064	WP_205604874
WP_225088064	WP_125232708
WP_225088064	WP_119880092
WP_225088064	WP_103860717
WP_225088064	WP_409160170
WP_225088064	WP_130637800
WP_225088064	WP_005968653
WP_225088064	WP_180783813
WP_225088064	WP_205542392
WP_225088064	WP_234256903
WP_225088064	WP_107170394
WP_225088064	WP_211045423
WP_225088064	WP_219681219
WP_225088064	WP_349889351
WP_225088064	WP_252616803
WP_225088064	WP_233980777
WP_225088064	WP_113867268
WP_225088064	WP_249246598
WP_225088064	WP_136167702
WP_225088064	WP_009112799
WP_225088064	WP_264088736
WP_225088064	WP_249232308
WP_225088064	WP_025919080
WP_225088064	WP_033071499
WP_225088064	WP_014699936
WP_225088064	WP_015730472
WP_225088064	WP_180741029
WP_225088064	WP_258884957
WP_225088064	WP_048260152
WP_225088064	WP_341613050
WP_225088064	WP_336870100
WP_225088064	WP_336859073
WP_225088064	WP_039480851
WP_225088064	WP_400350192
WP_225088064	WP_319847723
WP_225088064	WP_130623693
WP_225088064	WP_277516696
WP_225088064	WP_400409124
WP_225088064	WP_039310266
WP_225088064	WP_233986621
WP_225088064	WP_271878556
WP_225088064	WP_409308820
WP_225088064	WP_109054023
WP_225088064	WP_137713682
WP_225088064	WP_172287675
WP_225088064	WP_327616735
WP_225088064	WP_136155996
WP_225088064	WP_390226038
WP_225088064	WP_390216477
WP_225088064	WP_095834109
WP_225088064	WP_390255012
WP_225088064	WP_327613507
WP_225088064	WP_121588903
WP_225088064	WP_048638915
WP_225088064	WP_121574008
WP_225088064	WP_208230973
WP_225088064	WP_211025597
WP_225088064	WP_319602492
WP_225088064	WP_349916264
WP_225088064	WP_349871914
WP_225088064	WP_011093844
WP_225088064	WP_039291757
WP_225088064	WP_211026952
WP_225088064	WP_109225186
WP_225088064	WP_095699439
WP_225088064	WP_119888852
WP_225088064	WP_261845653
WP_225088064	WP_116166740
WP_225088064	WP_039358543
WP_225088064	WP_181844991
WP_225088064	WP_205534547
WP_225088064	WP_039489493
WP_225088064	WP_039531544
WP_225088064	WP_010295184
WP_225088064	WP_335472018
WP_225088064	WP_103162025
WP_225088064	WP_400352627
WP_225088064	WP_349926132
WP_225088064	WP_205550510
WP_225088064	WP_323663856
WP_225088064	WP_182099697
WP_225088064	WP_349922733
WP_225088064	WP_180776823
WP_225088064	WP_181828514
WP_225088064	WP_224717509
WP_225088064	WP_336841531
WP_225088064	WP_336855401
WP_225088064	WP_205554518
WP_225088064	WP_224552565
WP_225088064	WP_161509289
WP_225088064	WP_323641544
WP_225088064	WP_349856694
WP_225088064	WP_224651763
WP_225088064	WP_336710483
WP_225088064	WP_342411723
WP_225088064	WP_015840249
WP_225088064	WP_261849821
WP_225088064	WP_256711742
WP_225088064	WP_194430172
WP_225088064	WP_240585315
WP_225088064	WP_342098546
WP_225088064	WP_039473052
WP_225088064	WP_275070463
WP_225088064	WP_129707899
WP_225088064	WP_336827850
WP_225088064	WP_225180997
WP_225088064	WP_039344991
WP_225088064	WP_161528989
WP_225088064	WP_039299944
WP_225088064	WP_323639082
WP_225088064	WP_137739688
WP_225088064	WP_132455404
WP_225088064	WP_233967974
WP_225088064	WP_174876834
WP_225088064	WP_275209260
WP_125259555	WP_125259555
WP_125259555	WP_220177812
WP_125259555	WP_077245282
WP_125259555	WP_168362520
WP_125259555	WP_019845082
WP_125259555	WP_226054480
WP_125259555	WP_038913983
WP_125259555	WP_038911200
WP_125259555	WP_012884779
WP_125259555	WP_171852742
WP_125259555	WP_242753394
WP_125259555	WP_210176762
WP_125259555	WP_023639723
WP_125259555	WP_210175662
WP_125259555	WP_171850863
WP_125259555	WP_342700795
WP_125259555	WP_374069461
WP_125259555	WP_248587616
WP_125259555	WP_038904398
WP_125259555	WP_013317897
WP_125259555	WP_216282872
WP_125259555	WP_038922768
WP_125259555	WP_210193742
WP_125259555	WP_038908015
WP_125259555	WP_210183022
WP_125259555	WP_038658773
WP_125259555	WP_033568758
WP_125259555	WP_192991276
WP_125259555	WP_049853975
WP_125259555	WP_039693966
WP_125259555	WP_024105897
WP_125259555	WP_024108762
WP_125259555	WP_038919025
WP_125259555	WP_022633521
WP_125259555	WP_209126844
WP_125259555	WP_107759349
WP_125259555	WP_057083369
WP_125259555	WP_042859807
WP_125259555	WP_336678789
WP_125259555	WP_102801741
WP_125259555	WP_038925913
WP_125259555	WP_226052313
WP_125259555	WP_040000940
WP_125259555	WP_236306326
WP_125259555	WP_012769871
WP_125259555	WP_289431618
WP_125259555	WP_027712113
WP_125259555	WP_192456923
WP_125259555	WP_012765531
WP_125259555	WP_016941328
WP_125259555	WP_226092556
WP_125259555	WP_042870498
WP_125259555	WP_168639893
WP_125259555	WP_035341963
WP_125259555	WP_253001194
WP_125259555	WP_168365724
WP_072549608	WP_072549608
WP_072549608	WP_342220925
WP_392565076	WP_392565076
WP_339058261	WP_339058261
WP_339058261	WP_176487883
WP_339058261	WP_006704667
WP_077464574	WP_077464574
WP_086939569	WP_086939569
