{
    "epoch": 19.8135593220339,
    "eval_loss": 2.404397487640381,
    "eval_runtime": 2.6301,
    "eval_samples_per_second": 533.813,
    "eval_steps_per_second": 4.182,
    "total_flos": 5823154277056512.0,
    "train_loss": 2.475778659184774,
    "train_runtime": 568.8128,
    "train_samples_per_second": 263.32,
    "train_steps_per_second": 0.105
}