{"train/epoch":96.78688524590164,"_step":13,"train/grad_norm":7912.56640625,"_wandb":{"runtime":41008},"_runtime":41008.123874994,"train_runtime":40982.5998,"train/global_step":3000,"train_samples_per_second":38.104,"train/loss":0.0574,"_timestamp":1.744267715493426e+09,"eval/runtime":22.7778,"train_loss":0.13005640157063802,"eval/steps_per_second":1.361,"train/learning_rate":0,"eval/loss":0.05903831869363785,"eval/samples_per_second":85.697,"train_steps_per_second":0.073,"total_flos":1.385184670349525e+18}