{"train/global_step":23400,"train/epoch":99.57630736392743,"eval/loss":0.019546927884221077,"eval/samples_per_second":55.792,"_wandb":{"runtime":34616},"eval/runtime":25.1648,"train_loss":0.035078561978462416,"train_steps_per_second":0.677,"_timestamp":1.7427072283891497e+09,"train_runtime":34587.9585,"train_samples_per_second":21.652,"train/loss":0.0169,"train/learning_rate":3.225499551910538e-07,"_step":93,"_runtime":34616.268060912,"train/grad_norm":0.03902145102620125,"eval/steps_per_second":6.994,"total_flos":6.834449826153492e+17}