{"train_steps_per_second":2.109,"total_flos":3.5026232020015104e+16,"_step":46,"train/grad_norm":0.16964201629161835,"train/learning_rate":3.516475713972067e-07,"eval/samples_per_second":327.034,"train_runtime":5547.2193,"eval/steps_per_second":20.498,"_runtime":5550.19003341,"train/loss":0.0237,"eval/runtime":4.2931,"train_loss":0.103310134716523,"train/epoch":99.15351812366738,"_timestamp":1.7426708606324346e+09,"train_samples_per_second":135.005,"_wandb":{"runtime":5551},"train/global_step":11700,"eval/loss":0.02373356744647026}