{
    "epoch": 96.78688524590164,
    "eval_loss": 0.05903831869363785,
    "eval_runtime": 22.7778,
    "eval_samples_per_second": 85.697,
    "eval_steps_per_second": 1.361
}