{"_timestamp":1.7469947209859924e+09,"train_runtime":0.0138,"_runtime":16.44726879,"total_flos":4.857188746317005e+16,"_wandb":{"runtime":16},"train_samples_per_second":5.4384055293e+07,"eval/samples_per_second":248.536,"train_steps_per_second":21785.574,"_step":1,"train/global_step":500,"eval/runtime":5.6491,"eval/steps_per_second":1.947,"train/epoch":166.54237288135593,"eval/loss":1.5742722749710083,"train_loss":0}