{"train/grad_norm":16205.41796875,"eval/loss":2.404397487640381,"eval/runtime":2.6301,"_wandb":{"runtime":573},"_step":1020,"eval/steps_per_second":4.182,"step":59,"train_samples_per_second":263.32,"train/epoch":19.8135593220339,"train_steps_per_second":0.105,"eval/samples_per_second":533.813,"train_runtime":568.8128,"loss/train":0.15139663219451904,"train/global_step":60,"train/learning_rate":2.4e-05,"train/loss":2.4067,"total_flos":5.823154277056512e+15,"train_loss":2.475778659184774,"_timestamp":1.7470171668992136e+09,"_runtime":573.636035561}