gene	accession	mutation	query_pos	subject_pos	wt	alt	query_residue	subject_residue	pident	qcovs	qlen	slen	bitscore	stitle
yeiB	WP_001508737	L143I	143	143	L	I	L	L	99.74	100.0	385	385	761.0	DUF418 domain-containing protein YeiB [Escherichia coli]
yeiB	WP_096989596	L143I	143	143	L	I	L	L	99.74	100.0	385	385	761.0	DUF418 domain-containing protein YeiB [Escherichia coli]
yeiB	WP_064186592	L143I	143	143	L	I	L	L	99.74	100.0	385	385	761.0	DUF418 domain-containing protein YeiB [Escherichia coli]
yeiB	WP_206970280	L143I	143	143	L	I	L	L	99.74	100.0	385	385	760.0	DUF418 domain-containing protein YeiB [Escherichia coli]
yeiB	WP_247154616	L143I	143	143	L	I	L	L	99.74	100.0	385	385	760.0	DUF418 domain-containing protein YeiB [Escherichia coli]
yeiB	WP_239638006	L143I	143	143	L	I	L	L	99.74	100.0	385	385	760.0	DUF418 domain-containing protein YeiB [Shigella flexneri]
yeiB	WP_211068718	L143I	143	143	L	I	L	L	99.74	100.0	385	385	760.0	DUF418 domain-containing protein YeiB [Escherichia coli]
yeiB	WP_209192204	L143I	143	143	L	I	L	L	99.74	100.0	385	385	760.0	DUF418 domain-containing protein YeiB [Escherichia coli]
yeiB	WP_338383987	L143I	143	143	L	I	L	L	99.74	100.0	385	385	760.0	DUF418 domain-containing protein YeiB [Escherichia coli]
yeiB	WP_063118778	L143I	143	143	L	I	L	L	99.74	100.0	385	385	760.0	DUF418 domain-containing protein YeiB [Escherichia coli]
yeiB	WP_311215825	L143I	143	143	L	I	L	L	99.74	100.0	385	385	760.0	DUF418 domain-containing protein YeiB [Escherichia coli]
yeiB	WP_286616404	L143I	143	143	L	I	L	L	99.74	100.0	385	397	760.0	DUF418 domain-containing protein YeiB [Escherichia coli]
yeiB	WP_277686150	L143I	143	143	L	I	L	L	99.74	100.0	385	385	759.0	DUF418 domain-containing protein YeiB [Escherichia coli]
yeiB	WP_411931578	L143I	143	143	L	I	L	L	99.74	100.0	385	385	759.0	DUF418 domain-containing protein YeiB [Escherichia coli]
yeiB	WP_338384890	L143I	143	143	L	I	L	L	99.74	100.0	385	385	759.0	DUF418 domain-containing protein YeiB [Escherichia coli]
yeiB	WP_219388001	L143I	143	143	L	I	L	L	99.74	100.0	385	385	759.0	DUF418 domain-containing protein YeiB [Escherichia coli]
yeiB	WP_112045337	L143I	143	143	L	I	L	L	99.74	100.0	385	385	759.0	DUF418 domain-containing protein YeiB [Escherichia coli]
yeiB	WP_113417008	L143I	143	143	L	I	L	L	99.74	100.0	385	385	759.0	DUF418 domain-containing protein YeiB [Escherichia coli]
yeiB	WP_235637485	L143I	143	143	L	I	L	L	99.74	100.0	385	385	759.0	DUF418 domain-containing protein YeiB [Escherichia coli]
yeiB	WP_005759483	L143I	143	143	L	I	L	L	99.74	100.0	385	385	759.0	DUF418 domain-containing protein YeiB [Escherichia coli]
yeiB	WP_000440922	L143I	143	143	L	I	L	L	99.481	100.0	385	385	759.0	MULTISPECIES: DUF418 domain-containing protein YeiB [Enterobacteriaceae]
yeiB	WP_147723508	L143I	143	143	L	I	L	L	99.74	100.0	385	385	759.0	DUF418 domain-containing protein YeiB [Escherichia coli]
yeiB	WP_175984725	L143I	143	143	L	I	L	L	99.74	100.0	385	385	759.0	DUF418 domain-containing protein YeiB [Escherichia coli]
yeiB	WP_096293135	L143I	143	143	L	I	L	L	99.74	100.0	385	385	759.0	DUF418 domain-containing protein YeiB [Escherichia coli]
yeiB	WP_126722311	L143I	143	143	L	I	L	L	99.74	100.0	385	385	759.0	DUF418 domain-containing protein YeiB [Escherichia coli]
yeiB	WP_113398248	L143I	143	143	L	I	L	L	99.74	100.0	385	385	759.0	DUF418 domain-containing protein YeiB [Escherichia coli]
yeiB	WP_032291960	L143I	143	143	L	I	L	L	99.74	100.0	385	385	759.0	MULTISPECIES: DUF418 domain-containing protein YeiB [Escherichia]
yeiB	WP_063120901	L143I	143	143	L	I	L	L	99.74	100.0	385	385	759.0	DUF418 domain-containing protein YeiB [Escherichia coli]
yeiB	WP_416850598	L143I	143	143	L	I	L	L	99.74	100.0	385	385	759.0	DUF418 domain-containing protein YeiB [Escherichia coli]
yeiB	WP_001551362	L143I	143	143	L	I	L	L	99.481	100.0	385	385	759.0	MULTISPECIES: DUF418 domain-containing protein YeiB [Enterobacteriaceae]
yeiB	WP_097454108	L143I	143	143	L	I	L	L	99.74	100.0	385	385	759.0	DUF418 domain-containing protein YeiB [Escherichia coli]
yeiB	WP_236936518	L143I	143	143	L	I	L	L	99.74	100.0	385	385	759.0	DUF418 domain-containing protein YeiB [Escherichia coli]
yeiB	WP_239911338	L143I	143	143	L	I	L	L	99.74	100.0	385	385	759.0	DUF418 domain-containing protein YeiB [Escherichia coli]
yeiB	WP_094907417	L143I	143	143	L	I	L	L	99.74	100.0	385	385	759.0	DUF418 domain-containing protein YeiB [Escherichia coli]
yeiB	WP_172614154	L143I	143	143	L	I	L	L	99.74	100.0	385	385	759.0	DUF418 domain-containing protein YeiB [Escherichia coli]
yeiB	WP_139619124	L143I	143	143	L	I	L	L	99.481	100.0	385	385	759.0	DUF418 domain-containing protein YeiB [Escherichia coli]
yeiB	WP_180395124	L143I	143	143	L	I	L	L	99.74	100.0	385	385	759.0	DUF418 domain-containing protein YeiB [Escherichia coli]
yeiB	WP_471723746	L143I	143	143	L	I	L	L	99.74	100.0	385	385	759.0	N/A
yeiB	WP_112021782	L143I	143	143	L	I	L	L	99.74	100.0	385	385	759.0	DUF418 domain-containing protein YeiB [Escherichia coli]
yeiB	WP_334611808	L143I	143	143	L	I	L	L	99.74	100.0	385	385	759.0	DUF418 domain-containing protein YeiB [Escherichia coli]
yeiB	WP_414671576	L143I	143	143	L	I	L	L	99.74	100.0	385	385	759.0	DUF418 domain-containing protein YeiB [Escherichia coli]
yeiB	WP_268605961	L143I	143	143	L	I	L	L	99.74	100.0	385	385	759.0	DUF418 domain-containing protein YeiB [Escherichia coli]
yeiB	WP_122224579	L143I	143	143	L	I	L	L	99.74	100.0	385	385	759.0	DUF418 domain-containing protein YeiB [Escherichia coli]
yeiB	WP_443463043	L143I	143	143	L	I	L	L	99.74	100.0	385	385	759.0	DUF418 domain-containing protein YeiB [Escherichia coli]
yeiB	WP_072662939	L143I	143	143	L	I	L	L	99.74	100.0	385	385	759.0	DUF418 domain-containing protein YeiB [Escherichia coli]
yeiB	WP_061357142	L143I	143	143	L	I	L	L	99.74	100.0	385	385	759.0	DUF418 domain-containing protein YeiB [Escherichia coli]
yeiB	WP_000440907	L143I	143	143	L	I	L	L	99.74	100.0	385	385	759.0	MULTISPECIES: DUF418 domain-containing protein YeiB [Escherichia]
yeiB	WP_205853445	L143I	143	143	L	I	L	L	99.74	100.0	385	385	759.0	DUF418 domain-containing protein YeiB [Escherichia coli]
yeiB	WP_414137823	L143I	143	143	L	I	L	L	99.481	100.0	385	385	759.0	DUF418 domain-containing protein YeiB [Escherichia coli]
yeiB	WP_097307583	L143I	143	143	L	I	L	L	99.74	100.0	385	385	759.0	DUF418 domain-containing protein YeiB [Escherichia coli]
yeiB	WP_021559372	L143I	143	143	L	I	L	L	99.74	100.0	385	385	759.0	DUF418 domain-containing protein YeiB [Escherichia coli]
yeiB	WP_077482441	L143I	143	143	L	I	L	L	99.74	100.0	385	385	759.0	DUF418 domain-containing protein YeiB [Escherichia coli]
yeiB	WP_000440928	L143I	143	143	L	I	L	L	99.74	100.0	385	385	759.0	DUF418 domain-containing protein YeiB [Escherichia coli]
yeiB	WP_044316869	L143I	143	143	L	I	L	L	99.74	100.0	385	385	759.0	DUF418 domain-containing protein YeiB [Escherichia coli]
yeiB	WP_113446528	L143I	143	143	L	I	L	L	99.74	100.0	385	385	759.0	DUF418 domain-containing protein YeiB [Escherichia coli]
yeiB	WP_443462553	L143I	143	143	L	I	L	L	99.74	100.0	385	385	759.0	DUF418 domain-containing protein YeiB [Escherichia coli]
yeiB	WP_130562139	L143I	143	143	L	I	L	L	99.74	100.0	385	385	759.0	DUF418 domain-containing protein YeiB [Escherichia coli]
yeiB	WP_072643308	L143I	143	143	L	I	L	L	99.74	100.0	385	385	759.0	DUF418 domain-containing protein YeiB [Escherichia coli]
yeiB	WP_180485412	L143I	143	143	L	I	L	L	99.74	100.0	385	385	759.0	DUF418 domain-containing protein YeiB [Escherichia coli]
yeiB	WP_264120181	L143I	143	143	L	I	L	L	99.74	100.0	385	385	759.0	DUF418 domain-containing protein YeiB [Escherichia coli]
yeiB	WP_473048173	L143I	143	143	L	I	L	L	99.74	100.0	385	385	759.0	N/A
yeiB	WP_001618722	L143I	143	143	L	I	L	L	99.74	100.0	385	385	759.0	DUF418 domain-containing protein YeiB [Escherichia coli]
yeiB	WP_223647931	L143I	143	143	L	I	L	L	99.74	100.0	385	385	759.0	DUF418 domain-containing protein YeiB [Escherichia coli]
yeiB	WP_224504805	L143I	143	143	L	I	L	L	99.74	100.0	385	385	759.0	DUF418 domain-containing protein YeiB [Escherichia coli]
yeiB	WP_112920543	L143I	143	143	L	I	L	L	99.74	100.0	385	385	759.0	DUF418 domain-containing protein YeiB [Escherichia coli]
yeiB	WP_072617306	L143I	143	143	L	I	L	L	99.221	100.0	385	385	759.0	MULTISPECIES: DUF418 domain-containing protein YeiB [Enterobacteriaceae]
yeiB	WP_130053436	L143I	143	143	L	I	L	L	99.74	100.0	385	385	759.0	DUF418 domain-containing protein YeiB [Escherichia coli]
yeiB	WP_253172901	L143I	143	143	L	I	L	L	99.74	100.0	385	385	759.0	DUF418 domain-containing protein YeiB [Escherichia coli]
yeiB	WP_098717154	L143I	143	143	L	I	L	L	99.74	100.0	385	385	759.0	DUF418 domain-containing protein YeiB [Escherichia coli]
yeiB	WP_160467120	L143I	143	143	L	I	L	L	99.481	100.0	385	385	759.0	DUF418 domain-containing protein YeiB [Escherichia coli]
yeiB	WP_096194743	L143I	143	143	L	I	L	L	99.74	100.0	385	385	759.0	DUF418 domain-containing protein YeiB [Escherichia coli]
yeiB	WP_106719672	L143I	143	143	L	I	L	L	99.74	100.0	385	385	759.0	DUF418 domain-containing protein YeiB [Escherichia coli]
yeiB	WP_405073597	L143I	143	143	L	I	L	L	99.74	100.0	385	385	759.0	DUF418 domain-containing protein YeiB [Escherichia coli]
yeiB	WP_180465087	L143I	143	143	L	I	L	L	99.74	100.0	385	385	759.0	DUF418 domain-containing protein YeiB [Escherichia coli]
yeiB	WP_088545143	L143I	143	143	L	I	L	L	99.74	100.0	385	385	759.0	DUF418 domain-containing protein YeiB [Escherichia coli]
yeiB	WP_060616513	L143I	143	143	L	I	L	L	99.481	100.0	385	385	759.0	DUF418 domain-containing protein YeiB [Escherichia coli]
yeiB	WP_353524210	L143I	143	143	L	I	L	L	99.74	100.0	385	385	759.0	DUF418 domain-containing protein YeiB [Escherichia coli]
yeiB	WP_182410973	L143I	143	143	L	I	L	L	99.74	100.0	385	385	758.0	DUF418 domain-containing protein YeiB [Escherichia coli]
yeiB	WP_061353055	L143I	143	143	L	I	L	L	99.74	100.0	385	385	758.0	DUF418 domain-containing protein YeiB [Escherichia coli]
yeiB	WP_029392851	L143I	143	143	L	I	L	L	99.74	100.0	385	385	758.0	DUF418 domain-containing protein YeiB [Escherichia coli]
yeiB	WP_001530610	L143I	143	143	L	I	L	L	99.74	100.0	385	385	758.0	DUF418 domain-containing protein YeiB [Escherichia coli]
yeiB	WP_047600985	L143I	143	143	L	I	L	L	99.74	100.0	385	385	758.0	DUF418 domain-containing protein YeiB [Escherichia coli]
yeiB	WP_104768297	L143I	143	143	L	I	L	L	99.74	100.0	385	385	758.0	DUF418 domain-containing protein YeiB [Escherichia coli]
yeiB	WP_089521380	L143I	143	143	L	I	L	L	99.481	100.0	385	385	758.0	DUF418 domain-containing protein YeiB [Escherichia coli]
yeiB	WP_095140228	L143I	143	143	L	I	L	L	99.74	100.0	385	385	758.0	DUF418 domain-containing protein YeiB [Escherichia coli]
yeiB	WP_094171585	L143I	143	143	L	I	L	L	99.221	100.0	385	385	758.0	DUF418 domain-containing protein YeiB [Escherichia coli]
yeiB	WP_175055515	L143I	143	143	L	I	L	L	99.481	100.0	385	385	758.0	DUF418 domain-containing protein YeiB [Escherichia coli]
yeiB	WP_075320782	L143I	143	143	L	I	L	L	99.74	100.0	385	385	758.0	DUF418 domain-containing protein YeiB [Escherichia coli]
yeiB	WP_338894081	L143I	143	143	L	I	L	L	99.221	100.0	385	385	758.0	DUF418 domain-containing protein YeiB [Escherichia coli]
yeiB	WP_416044465	L143I	143	143	L	I	L	L	99.74	100.0	385	385	758.0	DUF418 domain-containing protein YeiB [Escherichia coli]
yeiB	WP_104774428	L143I	143	143	L	I	L	L	99.74	100.0	385	385	758.0	DUF418 domain-containing protein YeiB [Escherichia coli]
yeiB	WP_042038175	L143I	143	143	L	I	L	L	99.481	100.0	385	385	758.0	DUF418 domain-containing protein YeiB [Escherichia coli]
yeiB	WP_001468969	L143I	143	143	L	I	L	L	99.74	100.0	385	385	758.0	DUF418 domain-containing protein YeiB [Escherichia coli]
yeiB	WP_187765877	L143I	143	143	L	I	L	L	99.74	100.0	385	385	758.0	DUF418 domain-containing protein YeiB [Escherichia coli]
yeiB	WP_160191226	L143I	143	143	L	I	L	L	99.74	100.0	385	385	758.0	DUF418 domain-containing protein YeiB [Escherichia coli]
yeiB	WP_135424097	L143I	143	143	L	I	L	L	99.481	100.0	385	385	758.0	DUF418 domain-containing protein YeiB [Escherichia coli]
yeiB	WP_322265779	L143I	143	143	L	I	L	L	99.74	100.0	385	385	758.0	DUF418 domain-containing protein YeiB [Escherichia coli]
yeiB	WP_471723861	L143I	143	143	L	I	L	L	99.481	100.0	385	385	758.0	N/A
yeiB	WP_250275551	L143I	143	143	L	I	L	L	99.74	100.0	385	385	758.0	DUF418 domain-containing protein YeiB [Escherichia coli]
yeiB	WP_373446753	L143I	143	143	L	I	L	L	99.221	100.0	385	385	758.0	DUF418 domain-containing protein YeiB [Escherichia coli]
yeiB	WP_231822344	L143I	143	143	L	I	L	L	99.481	100.0	385	385	758.0	DUF418 domain-containing protein YeiB [Escherichia coli]
yeiB	WP_372604718	L143I	143	143	L	I	L	L	99.481	100.0	385	385	758.0	DUF418 domain-containing protein YeiB [Escherichia coli]
yeiB	WP_282649922	L143I	143	143	L	I	L	L	99.221	100.0	385	385	758.0	DUF418 domain-containing protein YeiB [Escherichia coli]
yeiB	WP_187200908	L143I	143	143	L	I	L	L	99.74	100.0	385	385	758.0	DUF418 domain-containing protein YeiB [Escherichia coli]
yeiB	WP_481985836	L143I	143	143	L	I	L	L	99.74	100.0	385	385	758.0	N/A
yeiB	WP_076486609	L143I	143	143	L	I	L	L	99.221	100.0	385	385	758.0	MULTISPECIES: DUF418 domain-containing protein YeiB [Escherichia]
yeiB	WP_133286517	L143I	143	143	L	I	L	L	99.74	100.0	385	385	758.0	DUF418 domain-containing protein YeiB [Escherichia coli]
yeiB	WP_000440943	L143I	143	143	L	I	L	L	99.221	100.0	385	385	758.0	DUF418 domain-containing protein YeiB [Escherichia coli]
yeiB	WP_247148977	L143I	143	143	L	I	L	L	99.74	100.0	385	385	758.0	DUF418 domain-containing protein YeiB [Escherichia coli]
yeiB	WP_170896522	L143I	143	143	L	I	L	L	99.221	100.0	385	385	758.0	DUF418 domain-containing protein YeiB [Escherichia coli]
yeiB	WP_332965384	L143I	143	143	L	I	L	L	99.481	100.0	385	385	758.0	DUF418 domain-containing protein YeiB [Escherichia coli]
yeiB	WP_338300964	L143I	143	143	L	I	L	L	99.221	100.0	385	385	758.0	DUF418 domain-containing protein YeiB [Escherichia coli]
yeiB	WP_228594550	L143I	143	143	L	I	L	L	99.481	100.0	385	385	758.0	DUF418 domain-containing protein YeiB [Escherichia coli]
yeiB	WP_032352349	L143I	143	143	L	I	L	L	99.221	100.0	385	385	758.0	DUF418 domain-containing protein YeiB [Escherichia coli]
yeiB	WP_001641943	L143I	143	143	L	I	L	L	99.74	100.0	385	385	758.0	DUF418 domain-containing protein YeiB [Escherichia coli]
yeiB	WP_247862107	L143I	143	143	L	I	L	L	99.74	100.0	385	385	758.0	DUF418 domain-containing protein YeiB [Escherichia coli]
yeiB	WP_113401752	L143I	143	143	L	I	L	L	99.74	100.0	385	385	758.0	DUF418 domain-containing protein YeiB [Escherichia coli]
yeiB	WP_096176715	L143I	143	143	L	I	L	L	99.74	100.0	385	385	758.0	DUF418 domain-containing protein YeiB [Escherichia coli]
yeiB	WP_096169820	L143I	143	143	L	I	L	L	99.74	100.0	385	385	758.0	DUF418 domain-containing protein YeiB [Escherichia coli]
yeiB	WP_089558498	L143I	143	143	L	I	L	L	99.221	100.0	385	385	758.0	DUF418 domain-containing protein YeiB [Escherichia coli]
yeiB	WP_046608204	L143I	143	143	L	I	L	L	99.74	100.0	385	385	758.0	DUF418 domain-containing protein YeiB [Escherichia coli]
yeiB	WP_126716411	L143I	143	143	L	I	L	L	99.221	100.0	385	385	758.0	DUF418 domain-containing protein YeiB [Escherichia coli]
yeiB	WP_072657459	L143I	143	143	L	I	L	L	99.221	100.0	385	385	758.0	DUF418 domain-containing protein YeiB [Escherichia coli]
yeiB	WP_087902672	L143I	143	143	L	I	L	L	99.74	100.0	385	385	758.0	DUF418 domain-containing protein YeiB [Escherichia coli]
yeiB	WP_072666594	L143I	143	143	L	I	L	L	99.74	100.0	385	385	758.0	DUF418 domain-containing protein YeiB [Escherichia coli]
yeiB	WP_110991426	L143I	143	143	L	I	L	L	99.221	100.0	385	385	758.0	DUF418 domain-containing protein YeiB [Escherichia coli]
yeiB	WP_000440894	L143I	143	143	L	I	L	L	99.481	100.0	385	385	758.0	MULTISPECIES: DUF418 domain-containing protein YeiB [Enterobacteriaceae]
yeiB	WP_097472743	L143I	143	143	L	I	L	L	99.74	100.0	385	385	758.0	DUF418 domain-containing protein YeiB [Escherichia coli]
yeiB	WP_200997215	L143I	143	143	L	I	L	L	99.221	100.0	385	385	758.0	DUF418 domain-containing protein YeiB [Escherichia coli]
yeiB	WP_434311992	L143I	143	143	L	I	L	L	99.221	100.0	385	385	758.0	DUF418 domain-containing protein YeiB [Escherichia coli]
yeiB	WP_162676477	L143I	143	143	L	I	L	L	99.74	100.0	385	385	757.0	DUF418 domain-containing protein YeiB [Escherichia coli]
yeiB	WP_001723698	L143I	143	143	L	I	L	L	99.74	100.0	385	385	757.0	DUF418 domain-containing protein YeiB [Escherichia coli]
yeiB	WP_220411234	L143I	143	143	L	I	L	L	99.481	100.0	385	385	757.0	DUF418 domain-containing protein YeiB [Escherichia coli]
yeiB	WP_000440905	L143I	143	143	L	I	L	L	99.481	100.0	385	385	757.0	MULTISPECIES: DUF418 domain-containing protein YeiB [Enterobacteriaceae]
yeiB	WP_112871442	L143I	143	143	L	I	L	L	99.74	100.0	385	385	757.0	DUF418 domain-containing protein YeiB [Escherichia coli]
yeiB	WP_032288234	L143I	143	143	L	I	L	L	99.481	100.0	385	385	757.0	MULTISPECIES: DUF418 domain-containing protein YeiB [Escherichia]
yeiB	WP_024044416	L143I	143	143	L	I	L	L	99.481	100.0	385	385	757.0	DUF418 domain-containing protein YeiB [Escherichia coli]
yeiB	WP_420514739	L143I	143	143	L	I	L	L	99.481	100.0	385	385	757.0	DUF418 domain-containing protein YeiB [Escherichia coli]
yeiB	WP_248787466	L143I	143	143	L	I	L	L	99.221	100.0	385	385	757.0	DUF418 domain-containing protein YeiB [Escherichia coli]
yeiB	WP_000440927	L143I	143	143	L	I	L	L	99.74	100.0	385	385	757.0	MULTISPECIES: DUF418 domain-containing protein YeiB [Enterobacteriaceae]
yeiB	WP_106475212	L143I	143	143	L	I	L	L	99.221	100.0	385	385	757.0	DUF418 domain-containing protein YeiB [Escherichia coli]
yeiB	WP_000440913	L143I	143	143	L	I	L	L	99.221	100.0	385	385	757.0	MULTISPECIES: DUF418 domain-containing protein YeiB [Enterobacteriaceae]
yeiB	WP_115776200	L143I	143	143	L	I	L	L	99.481	100.0	385	385	757.0	DUF418 domain-containing protein YeiB [Escherichia coli]
yeiB	WP_277108257	L143I	143	143	L	I	L	L	99.221	100.0	385	385	757.0	DUF418 domain-containing protein YeiB [Escherichia coli]
yeiB	WP_304407794	L143I	143	143	L	I	L	L	99.481	100.0	385	385	757.0	MULTISPECIES: DUF418 domain-containing protein YeiB [Escherichia]
yeiB	WP_032234947	L143I	143	143	L	I	L	L	99.481	100.0	385	385	757.0	DUF418 domain-containing protein YeiB [Escherichia coli]
yeiB	WP_096777958	L143I	143	143	L	I	L	L	99.481	100.0	385	385	757.0	DUF418 domain-containing protein YeiB [Escherichia coli]
yeiB	WP_113449328	L143I	143	143	L	I	L	L	99.481	100.0	385	385	757.0	DUF418 domain-containing protein YeiB [Escherichia coli]
yeiB	WP_473718940	L143I	143	143	L	I	L	L	99.481	100.0	385	385	757.0	N/A
yeiB	WP_136698233	L143I	143	143	L	I	L	L	99.221	100.0	385	385	757.0	DUF418 domain-containing protein YeiB [Escherichia coli]
yeiB	WP_096260343	L143I	143	143	L	I	L	L	99.481	100.0	385	385	757.0	DUF418 domain-containing protein YeiB [Escherichia coli]
yeiB	WP_094322027	L143I	143	143	L	I	L	L	99.221	100.0	385	385	757.0	MULTISPECIES: DUF418 domain-containing protein YeiB [Enterobacteriaceae]
yeiB	WP_032283838	L143I	143	143	L	I	L	L	99.221	100.0	385	385	757.0	DUF418 domain-containing protein YeiB [Escherichia coli]
yeiB	WP_324701053	L143I	143	143	L	I	L	L	98.961	100.0	385	385	757.0	DUF418 domain-containing protein YeiB [Escherichia coli]
yeiB	WP_181027712	L143I	143	143	L	I	L	L	99.481	100.0	385	385	757.0	DUF418 domain-containing protein YeiB [Escherichia coli]
yeiB	WP_001559456	L143I	143	143	L	I	L	L	99.481	100.0	385	385	757.0	DUF418 domain-containing protein YeiB [Escherichia coli]
yeiB	WP_097731766	L143I	143	143	L	I	L	L	99.221	100.0	385	385	757.0	DUF418 domain-containing protein YeiB [Escherichia coli]
yeiB	WP_115186361	L143I	143	143	L	I	L	L	99.221	100.0	385	385	757.0	DUF418 domain-containing protein YeiB [Escherichia coli]
yeiB	WP_448068569	L143I	143	143	L	I	L	L	99.221	100.0	385	385	757.0	DUF418 domain-containing protein YeiB [Escherichia coli]
yeiB	WP_266242863	L143I	143	143	L	I	L	L	99.481	100.0	385	385	757.0	DUF418 domain-containing protein YeiB [Escherichia coli]
yeiB	WP_219370598	L143I	143	143	L	I	L	L	99.74	100.0	385	385	757.0	DUF418 domain-containing protein YeiB [Escherichia coli]
yeiB	WP_000440873	L143I	143	143	L	I	L	L	99.481	100.0	385	385	757.0	MULTISPECIES: DUF418 domain-containing protein YeiB [Enterobacteriaceae]
yeiB	WP_310994826	L143I	143	143	L	I	L	L	99.221	100.0	385	385	757.0	DUF418 domain-containing protein YeiB [Escherichia coli]
yeiB	WP_089703379	L143I	143	143	L	I	L	L	99.481	100.0	385	385	757.0	DUF418 domain-containing protein YeiB [Escherichia coli]
yeiB	WP_152925091	L143I	143	143	L	I	L	L	99.221	100.0	385	385	757.0	DUF418 domain-containing protein YeiB [Escherichia coli]
yeiB	WP_369774931	L143I	143	143	L	I	L	L	99.221	100.0	385	385	757.0	DUF418 domain-containing protein YeiB [Escherichia coli]
yeiB	WP_268556969	L143I	143	143	L	I	L	L	99.481	100.0	385	385	757.0	DUF418 domain-containing protein YeiB [Escherichia coli]
yeiB	WP_193125338	L143I	143	143	L	I	L	L	99.221	100.0	385	385	757.0	DUF418 domain-containing protein YeiB [Escherichia coli]
yeiB	WP_182116877	L143I	143	143	L	I	L	L	99.74	100.0	385	385	757.0	DUF418 domain-containing protein YeiB [Escherichia coli]
yeiB	WP_348829552	L143I	143	143	L	I	L	L	99.74	100.0	385	385	757.0	DUF418 domain-containing protein YeiB [Escherichia coli]
yeiB	WP_258315327	L143I	143	143	L	I	L	L	99.74	100.0	385	385	757.0	DUF418 domain-containing protein YeiB [Escherichia coli]
yeiB	WP_338390135	L143I	143	143	L	I	L	L	99.74	100.0	385	385	757.0	DUF418 domain-containing protein YeiB [Escherichia coli]
yeiB	WP_049589655	L143I	143	143	L	I	L	L	99.221	100.0	385	385	757.0	DUF418 domain-containing protein YeiB [Escherichia coli]
yeiB	WP_106708465	L143I	143	143	L	I	L	L	99.481	100.0	385	385	757.0	DUF418 domain-containing protein YeiB [Escherichia coli]
yeiB	WP_032181659	L143I	143	143	L	I	L	L	99.481	100.0	385	385	757.0	DUF418 domain-containing protein YeiB [Escherichia coli]
yeiB	WP_464350886	L143I	143	143	L	I	L	L	99.221	100.0	385	385	757.0	N/A
yeiB	WP_454078056	L143I	143	143	L	I	L	L	99.221	100.0	385	385	757.0	DUF418 domain-containing protein YeiB [Escherichia coli]
yeiB	WP_455467012	L143I	143	143	L	I	L	L	99.221	100.0	385	385	756.0	DUF418 domain-containing protein YeiB [Escherichia coli]
yeiB	WP_096210945	L143I	143	143	L	I	L	L	99.481	100.0	385	385	756.0	DUF418 domain-containing protein YeiB [Escherichia coli]
yeiB	WP_085008204	L143I	143	143	L	I	L	L	99.481	100.0	385	385	756.0	DUF418 domain-containing protein YeiB [Escherichia coli]
yeiB	WP_160393209	L143I	143	143	L	I	L	L	99.481	100.0	385	385	756.0	DUF418 domain-containing protein YeiB [Escherichia coli]
yeiB	WP_408585360	L143I	143	143	L	I	L	L	98.961	100.0	385	385	756.0	DUF418 domain-containing protein YeiB [Escherichia coli]
yeiB	WP_146368090	L143I	143	143	L	I	L	L	99.221	100.0	385	385	756.0	DUF418 domain-containing protein YeiB [Escherichia coli]
yeiB	WP_227264568	L143I	143	143	L	I	L	L	99.74	100.0	385	385	756.0	MULTISPECIES: DUF418 domain-containing protein YeiB [Enterobacteriaceae]
yeiB	WP_424703414	L143I	143	143	L	I	L	L	98.961	100.0	385	385	756.0	DUF418 domain-containing protein YeiB [Escherichia coli]
yeiB	WP_315965629	L143I	143	143	L	I	L	L	99.221	100.0	385	385	756.0	DUF418 domain-containing protein YeiB [Escherichia coli]
yeiB	WP_094308665	L143I	143	143	L	I	L	L	99.221	100.0	385	385	756.0	DUF418 domain-containing protein YeiB [Escherichia coli]
yeiB	WP_112043814	L143I	143	143	L	I	L	L	99.481	100.0	385	385	756.0	DUF418 domain-containing protein YeiB [Escherichia coli]
yeiB	WP_137480638	L143I	143	143	L	I	L	L	98.961	100.0	385	385	756.0	DUF418 domain-containing protein YeiB [Escherichia coli]
yeiB	WP_136691719	L143I	143	143	L	I	L	L	98.961	100.0	385	385	756.0	DUF418 domain-containing protein YeiB [Escherichia coli]
yeiB	WP_164475610	L143I	143	143	L	I	L	L	99.221	100.0	385	385	756.0	DUF418 domain-containing protein YeiB [Escherichia coli]
yeiB	WP_243187341	L143I	143	143	L	I	L	L	99.221	100.0	385	385	756.0	DUF418 domain-containing protein YeiB [Escherichia coli]
yeiB	WP_407992648	L143I	143	143	L	I	L	L	99.221	100.0	385	385	756.0	DUF418 domain-containing protein YeiB [Escherichia coli]
yeiB	WP_265747854	L143I	143	143	L	I	L	L	99.221	100.0	385	385	756.0	DUF418 domain-containing protein YeiB [Escherichia coli]
yeiB	WP_112935520	L143I	143	143	L	I	L	L	99.221	100.0	385	385	756.0	DUF418 domain-containing protein YeiB [Escherichia coli]
yeiB	WP_348918808	L143I	143	143	L	I	L	L	99.481	100.0	385	385	756.0	DUF418 domain-containing protein YeiB [Escherichia coli]
yeiB	WP_420979120	L143I	143	143	L	I	L	L	99.221	100.0	385	385	756.0	DUF418 domain-containing protein YeiB [Escherichia coli]
yeiB	WP_419772148	L143I	143	143	L	I	L	L	99.74	100.0	385	385	756.0	DUF418 domain-containing protein YeiB [Escherichia coli]
yeiB	WP_061093143	L143I	143	143	L	I	L	L	99.481	100.0	385	385	756.0	DUF418 domain-containing protein YeiB [Escherichia coli]
yeiB	WP_343484297	L143I	143	143	L	I	L	L	99.221	100.0	385	385	756.0	DUF418 domain-containing protein YeiB [Escherichia coli]
yeiB	WP_334287023	L143I	143	143	L	I	L	L	99.221	100.0	385	385	756.0	DUF418 domain-containing protein YeiB [Escherichia coli]
yeiB	WP_047645211	L143I	143	143	L	I	L	L	99.221	100.0	385	385	756.0	DUF418 domain-containing protein YeiB [Escherichia coli]
yeiB	WP_170890968	L143I	143	143	L	I	L	L	99.221	100.0	385	385	756.0	DUF418 domain-containing protein YeiB [Escherichia coli]
yeiB	WP_274757557	L143I	143	143	L	I	L	L	99.481	100.0	385	385	756.0	DUF418 domain-containing protein YeiB [Escherichia coli]
yeiB	WP_273662919	L143I	143	143	L	I	L	L	99.221	100.0	385	385	756.0	DUF418 domain-containing protein YeiB [Escherichia coli]
yeiB	WP_096961750	L143I	143	143	L	I	L	L	99.481	100.0	385	385	756.0	DUF418 domain-containing protein YeiB [Escherichia coli]
yeiB	WP_097435904	L143I	143	143	L	I	L	L	99.221	100.0	385	385	756.0	DUF418 domain-containing protein YeiB [Escherichia coli]
yeiB	WP_096097528	L143I	143	143	L	I	L	L	99.481	100.0	385	385	756.0	DUF418 domain-containing protein YeiB [Escherichia coli]
yeiB	WP_286506996	L143I	143	143	L	I	L	L	99.221	100.0	385	385	756.0	DUF418 domain-containing protein YeiB [Escherichia coli]
yeiB	WP_089667008	L143I	143	143	L	I	L	L	99.481	100.0	385	385	756.0	DUF418 domain-containing protein YeiB [Escherichia coli]
yeiB	WP_128484145	L143I	143	143	L	I	L	L	99.221	100.0	385	385	756.0	DUF418 domain-containing protein YeiB [Escherichia coli]
yeiB	WP_247175114	L143I	143	143	L	I	L	L	99.481	100.0	385	385	756.0	DUF418 domain-containing protein YeiB [Escherichia coli]
yeiB	WP_096945778	L143I	143	143	L	I	L	L	99.221	100.0	385	385	756.0	DUF418 domain-containing protein YeiB [Escherichia coli]
yeiB	WP_000440878	L143I	143	143	L	I	L	L	99.221	100.0	385	385	756.0	DUF418 domain-containing protein YeiB [Escherichia coli]
yeiB	WP_000440915	L143I	143	143	L	I	L	L	98.961	100.0	385	385	756.0	DUF418 domain-containing protein YeiB [Escherichia coli]
yeiB	WP_236281152	L143I	143	143	L	I	L	L	98.961	100.0	385	385	756.0	DUF418 domain-containing protein YeiB [Escherichia coli]
yeiB	WP_137491199	L143I	143	143	L	I	L	L	99.481	100.0	385	385	756.0	DUF418 domain-containing protein YeiB [Escherichia coli]
yeiB	WP_213789527	L143I	143	143	L	I	L	L	99.481	100.0	385	385	756.0	DUF418 domain-containing protein YeiB [Escherichia coli]
yeiB	WP_254521276	L143I	143	143	L	I	L	L	99.221	100.0	385	385	756.0	DUF418 domain-containing protein YeiB [Escherichia coli]
yeiB	WP_274473166	L143I	143	143	L	I	L	L	99.221	100.0	385	385	756.0	DUF418 domain-containing protein YeiB [Escherichia coli]
yeiB	WP_032141904	L143I	143	143	L	I	L	L	99.221	100.0	385	385	756.0	DUF418 domain-containing protein YeiB [Escherichia coli]
yeiB	WP_096306902	L143I	143	143	L	I	L	L	98.961	100.0	385	385	756.0	DUF418 domain-containing protein YeiB [Escherichia coli]
yeiB	WP_149448983	L143I	143	143	L	I	L	L	99.481	100.0	385	385	756.0	DUF418 domain-containing protein YeiB [Escherichia coli]
yeiB	WP_318838365	L143I	143	143	L	I	L	L	99.481	100.0	385	385	756.0	DUF418 domain-containing protein YeiB [Escherichia coli]
yeiB	WP_097742611	L143I	143	143	L	I	L	L	99.481	100.0	385	385	756.0	DUF418 domain-containing protein YeiB [Escherichia coli]
yeiB	WP_044722907	L143I	143	143	L	I	L	L	99.221	100.0	385	385	756.0	DUF418 domain-containing protein YeiB [Escherichia coli]
yeiB	WP_063116348	L143I	143	143	L	I	L	L	99.221	100.0	385	385	756.0	DUF418 domain-containing protein YeiB [Escherichia coli]
yeiB	WP_235256243	L143I	143	143	L	I	L	L	99.221	100.0	385	385	756.0	DUF418 domain-containing protein YeiB [Escherichia coli]
yeiB	WP_285255910	L143I	143	143	L	I	L	L	99.221	100.0	385	385	756.0	DUF418 domain-containing protein YeiB [Escherichia coli]
yeiB	WP_263308180	L143I	143	143	L	I	L	L	99.481	100.0	385	385	756.0	DUF418 domain-containing protein YeiB [Escherichia coli]
yeiB	WP_334361753	L143I	143	143	L	I	L	L	99.221	100.0	385	385	756.0	DUF418 domain-containing protein YeiB [Escherichia coli]
yeiB	WP_235239385	L143I	143	143	L	I	L	L	99.481	100.0	385	385	756.0	DUF418 domain-containing protein YeiB [Escherichia coli]
yeiB	WP_130570375	L143I	143	143	L	I	L	L	99.221	100.0	385	385	756.0	DUF418 domain-containing protein YeiB [Escherichia coli]
yeiB	WP_000440892	L143I	143	143	L	I	L	L	99.221	100.0	385	385	756.0	DUF418 domain-containing protein YeiB [Escherichia coli]
yeiB	WP_174623842	L143I	143	143	L	I	L	L	99.221	100.0	385	385	756.0	DUF418 domain-containing protein YeiB [Escherichia coli]
yeiB	WP_101151591	L143I	143	143	L	I	L	L	99.221	100.0	385	385	756.0	DUF418 domain-containing protein YeiB [Escherichia coli]
yeiB	WP_073507300	L143I	143	143	L	I	L	L	99.221	100.0	385	385	756.0	DUF418 domain-containing protein YeiB [Escherichia coli]
yeiB	WP_097513621	L143I	143	143	L	I	L	L	99.221	100.0	385	385	756.0	DUF418 domain-containing protein YeiB [Escherichia coli]
yeiB	WP_097730068	L143I	143	143	L	I	L	L	99.481	100.0	385	385	756.0	DUF418 domain-containing protein YeiB [Escherichia coli]
yeiB	WP_073446200	L143I	143	143	L	I	L	L	99.221	100.0	385	385	756.0	DUF418 domain-containing protein YeiB [Escherichia coli]
yeiB	WP_025693419	L143I	143	143	L	I	L	L	99.481	100.0	385	385	756.0	DUF418 domain-containing protein YeiB [Escherichia coli]
yeiB	WP_147699414	L143I	143	143	L	I	L	L	99.221	100.0	385	385	756.0	DUF418 domain-containing protein YeiB [Escherichia coli]
yeiB	WP_112046517	L143I	143	143	L	I	L	L	99.221	100.0	385	385	756.0	MULTISPECIES: DUF418 domain-containing protein YeiB [Enterobacteriaceae]
yeiB	WP_166431543	L143I	143	143	L	I	L	L	99.221	100.0	385	385	756.0	DUF418 domain-containing protein YeiB [Escherichia coli]
yeiB	WP_268632831	L143I	143	143	L	I	L	L	99.221	100.0	385	385	756.0	DUF418 domain-containing protein YeiB [Escherichia coli]
yeiB	WP_053276185	L143I	143	143	L	I	L	L	99.221	100.0	385	385	756.0	DUF418 domain-containing protein YeiB [Escherichia coli]
yeiB	WP_338893737	L143I	143	143	L	I	L	L	99.481	100.0	385	385	756.0	DUF418 domain-containing protein YeiB [Escherichia coli]
yeiB	WP_210648001	L143I	143	143	L	I	L	L	99.221	100.0	385	385	756.0	DUF418 domain-containing protein YeiB [Escherichia coli]
yeiB	WP_177309540	L143I	143	143	L	I	L	L	99.221	100.0	385	385	756.0	DUF418 domain-containing protein YeiB [Escherichia coli]
yeiB	WP_063069948	L143I	143	143	L	I	L	L	99.221	100.0	385	385	756.0	DUF418 domain-containing protein YeiB [Escherichia coli]
yeiB	WP_096849763	L143I	143	143	L	I	L	L	99.221	100.0	385	385	756.0	DUF418 domain-containing protein YeiB [Escherichia coli]
yeiB	WP_063073683	L143I	143	143	L	I	L	L	99.221	100.0	385	385	756.0	DUF418 domain-containing protein YeiB [Escherichia coli]
yeiB	WP_104457579	L143I	143	143	L	I	L	L	99.221	100.0	385	385	756.0	DUF418 domain-containing protein YeiB [Escherichia coli]
yeiB	WP_350425258	L143I	143	143	L	I	L	L	99.221	100.0	385	385	756.0	DUF418 domain-containing protein YeiB [Escherichia coli]
yeiB	WP_370558378	L143I	143	143	L	I	L	L	99.481	100.0	385	385	756.0	DUF418 domain-containing protein YeiB [Escherichia coli]
yeiB	WP_332850773	L143I	143	143	L	I	L	L	99.221	100.0	385	385	756.0	DUF418 domain-containing protein YeiB [Escherichia coli]
yeiB	WP_264114669	L143I	143	143	L	I	L	L	99.221	100.0	385	385	756.0	DUF418 domain-containing protein YeiB [Escherichia coli]
yeiB	WP_065227252	L143I	143	143	L	I	L	L	99.221	100.0	385	385	756.0	DUF418 domain-containing protein YeiB [Escherichia coli]
yeiB	WP_267604679	L143I	143	143	L	I	L	L	99.221	100.0	385	385	756.0	DUF418 domain-containing protein YeiB [Escherichia coli]
yeiB	WP_186213208	L143I	143	143	L	I	L	L	99.481	100.0	385	385	756.0	DUF418 domain-containing protein YeiB [Escherichia coli]
yeiB	WP_158137918	L143I	143	143	L	I	L	L	99.481	100.0	385	385	756.0	DUF418 domain-containing protein YeiB [Escherichia coli]
yeiB	WP_332970845	L143I	143	143	L	I	L	L	99.481	100.0	385	385	756.0	DUF418 domain-containing protein YeiB [Escherichia coli]
yeiB	WP_474257257	L143I	143	143	L	I	L	L	99.221	100.0	385	385	756.0	N/A
yeiB	WP_032179562	L143I	143	143	L	I	L	L	99.481	100.0	385	385	755.0	DUF418 domain-containing protein YeiB [Escherichia coli]
yeiB	WP_094337903	L143I	143	143	L	I	L	L	99.221	100.0	385	385	755.0	DUF418 domain-containing protein YeiB [Escherichia coli]
yeiB	WP_289689008	L143I	143	143	L	I	L	L	99.221	100.0	385	385	755.0	DUF418 domain-containing protein YeiB [Escherichia coli]
yeiB	WP_032209937	L143I	143	143	L	I	L	L	99.221	100.0	385	385	755.0	DUF418 domain-containing protein YeiB [Escherichia coli]
yeiB	WP_089637660	L143I	143	143	L	I	L	L	99.481	100.0	385	385	755.0	DUF418 domain-containing protein YeiB [Escherichia coli]
yeiB	WP_074463955	L143I	143	143	L	I	L	L	99.221	100.0	385	385	755.0	DUF418 domain-containing protein YeiB [Escherichia coli]
yeiB	WP_097430733	L143I	143	143	L	I	L	L	99.221	100.0	385	385	755.0	DUF418 domain-containing protein YeiB [Escherichia coli]
yeiB	WP_340577270	L143I	143	143	L	I	L	L	99.221	100.0	385	385	755.0	DUF418 domain-containing protein YeiB [Escherichia coli]
yeiB	WP_175202607	L143I	143	143	L	I	L	L	99.221	100.0	385	385	755.0	DUF418 domain-containing protein YeiB [Escherichia coli]
yeiB	WP_119170247	L143I	143	143	L	I	L	L	99.221	100.0	385	385	755.0	DUF418 domain-containing protein YeiB [Shigella dysenteriae]
yeiB	WP_074464942	L143I	143	143	L	I	L	L	99.221	100.0	385	385	755.0	DUF418 domain-containing protein YeiB [Escherichia coli]
yeiB	WP_096959751	L143I	143	143	L	I	L	L	99.221	100.0	385	385	755.0	DUF418 domain-containing protein YeiB [Escherichia coli]
yeiB	WP_112919805	L143I	143	143	L	I	L	L	99.221	100.0	385	385	755.0	DUF418 domain-containing protein YeiB [Escherichia coli]
yeiB	WP_326395728	L143I	143	143	L	I	L	L	99.481	100.0	385	385	755.0	DUF418 domain-containing protein YeiB [Escherichia coli]
yeiB	WP_097487604	L143I	143	143	L	I	L	L	98.961	100.0	385	385	755.0	DUF418 domain-containing protein YeiB [Escherichia coli]
yeiB	WP_225856131	L143I	143	143	L	I	L	L	99.481	100.0	385	385	755.0	DUF418 domain-containing protein YeiB [Escherichia coli]
yeiB	WP_282318581	L143I	143	143	L	I	L	L	99.221	100.0	385	385	755.0	DUF418 domain-containing protein YeiB [Escherichia coli]
yeiB	WP_213831468	L143I	143	143	L	I	L	L	99.481	100.0	385	385	755.0	DUF418 domain-containing protein YeiB [Escherichia coli]
yeiB	WP_135122220	L143I	143	143	L	I	L	L	99.221	100.0	385	385	755.0	DUF418 domain-containing protein YeiB [Escherichia coli]
yeiB	WP_225383566	L143I	143	143	L	I	L	L	99.221	100.0	385	385	755.0	DUF418 domain-containing protein YeiB [Escherichia coli]
yeiB	WP_414022689	L143I	143	143	L	I	L	L	99.221	100.0	385	385	755.0	DUF418 domain-containing protein YeiB [Escherichia coli]
yeiB	WP_021570365	L143I	143	143	L	I	L	L	99.221	100.0	385	385	755.0	DUF418 domain-containing protein YeiB [Escherichia coli]
yeiB	WP_366989094	L143I	143	143	L	I	L	L	98.961	100.0	385	385	755.0	DUF418 domain-containing protein YeiB [Escherichia coli]
yeiB	WP_052935770	L143I	143	143	L	I	L	L	99.481	100.0	385	385	755.0	DUF418 domain-containing protein YeiB [Escherichia coli]
yeiB	WP_462601154	L143I	143	143	L	I	L	L	99.221	100.0	385	385	755.0	N/A
yeiB	WP_097448473	L143I	143	143	L	I	L	L	98.961	100.0	385	385	755.0	DUF418 domain-containing protein YeiB [Escherichia coli]
yeiB	WP_053921461	L143I	143	143	L	I	L	L	98.961	100.0	385	385	755.0	DUF418 domain-containing protein YeiB [Escherichia coli]
yeiB	WP_033801501	L143I	143	143	L	I	L	L	99.481	100.0	385	385	755.0	DUF418 domain-containing protein YeiB [Escherichia coli]
yeiB	WP_480004599	L143I	143	143	L	I	L	L	98.961	100.0	385	385	755.0	N/A
yeiB	WP_105907090	L143I	143	143	L	I	L	L	99.221	100.0	385	385	755.0	DUF418 domain-containing protein YeiB [Escherichia coli]
yeiB	WP_063103705	L143I	143	143	L	I	L	L	99.221	100.0	385	385	755.0	DUF418 domain-containing protein YeiB [Escherichia coli]
yeiB	WP_032179185	L143I	143	143	L	I	L	L	99.74	100.0	385	385	755.0	DUF418 domain-containing protein YeiB [Escherichia coli]
yeiB	WP_085452538	L143I	143	143	L	I	L	L	99.481	100.0	385	385	755.0	DUF418 domain-containing protein YeiB [Escherichia coli]
yeiB	WP_406584879	L143I	143	143	L	I	L	L	99.221	100.0	385	385	755.0	DUF418 domain-containing protein YeiB [Escherichia coli]
yeiB	WP_021579345	L143I	143	143	L	I	L	L	99.481	100.0	385	385	755.0	DUF418 domain-containing protein YeiB [Escherichia coli]
yeiB	WP_250790812	L143I	143	143	L	I	L	L	98.961	100.0	385	385	755.0	DUF418 domain-containing protein YeiB [Escherichia coli]
yeiB	WP_134710014	L143I	143	143	L	I	L	L	98.961	100.0	385	385	755.0	DUF418 domain-containing protein YeiB [Escherichia coli]
yeiB	WP_097759657	L143I	143	143	L	I	L	L	99.481	100.0	385	385	755.0	DUF418 domain-containing protein YeiB [Escherichia coli]
yeiB	WP_074523109	L143I	143	143	L	I	L	L	99.221	100.0	385	385	755.0	DUF418 domain-containing protein YeiB [Escherichia coli]
yeiB	WP_207382168	L143I	143	143	L	I	L	L	99.481	100.0	385	385	755.0	DUF418 domain-containing protein YeiB [Escherichia coli]
yeiB	WP_032281211	L143I	143	143	L	I	L	L	99.221	100.0	385	385	755.0	DUF418 domain-containing protein YeiB [Escherichia coli]
yeiB	WP_202790825	L143I	143	143	L	I	L	L	99.481	100.0	385	385	755.0	DUF418 domain-containing protein YeiB [Escherichia coli]
yeiB	WP_032358671	L143I	143	143	L	I	L	L	99.221	100.0	385	385	755.0	DUF418 domain-containing protein YeiB [Escherichia coli]
yeiB	WP_340543731	L143I	143	143	L	I	L	L	98.961	100.0	385	385	755.0	DUF418 domain-containing protein YeiB [Escherichia coli]
yeiB	WP_088129391	L143I	143	143	L	I	L	L	99.221	100.0	385	385	755.0	DUF418 domain-containing protein YeiB [Escherichia coli]
yeiB	WP_096930807	L143I	143	143	L	I	L	L	99.221	100.0	385	385	755.0	DUF418 domain-containing protein YeiB [Escherichia coli]
yeiB	WP_176264508	L143I	143	143	L	I	L	L	99.481	100.0	385	385	755.0	DUF418 domain-containing protein YeiB [Escherichia coli]
yeiB	WP_032178628	L143I	143	143	L	I	L	L	99.221	100.0	385	385	755.0	DUF418 domain-containing protein YeiB [Escherichia coli]
yeiB	WP_032251467	L143I	143	143	L	I	L	L	98.961	100.0	385	385	755.0	DUF418 domain-containing protein YeiB [Escherichia coli]
yeiB	WP_242425948	L143I	143	143	L	I	L	L	99.481	100.0	385	385	755.0	DUF418 domain-containing protein YeiB [Escherichia coli]
yeiB	WP_032296511	L143I	143	143	L	I	L	L	98.961	100.0	385	385	755.0	DUF418 domain-containing protein YeiB [Escherichia coli]
yeiB	WP_097402273	L143I	143	143	L	I	L	L	98.701	100.0	385	385	755.0	DUF418 domain-containing protein YeiB [Escherichia coli]
yeiB	WP_048972042	L143I	143	143	L	I	L	L	99.221	100.0	385	385	755.0	DUF418 domain-containing protein YeiB [Escherichia coli]
yeiB	WP_061356407	L143I	143	143	L	I	L	L	99.221	100.0	385	385	755.0	DUF418 domain-containing protein YeiB [Escherichia coli]
yeiB	WP_407808757	L143I	143	143	L	I	L	L	99.221	100.0	385	385	755.0	DUF418 domain-containing protein YeiB [Escherichia coli]
yeiB	WP_439664956	L143I	143	143	L	I	L	L	98.961	100.0	385	385	755.0	DUF418 domain-containing protein YeiB [Escherichia coli]
yeiB	WP_257866006	L143I	143	143	L	I	L	L	99.481	100.0	385	385	755.0	DUF418 domain-containing protein YeiB [Escherichia coli]
yeiB	WP_045174145	L143I	143	143	L	I	L	L	99.481	100.0	385	385	755.0	MULTISPECIES: DUF418 domain-containing protein YeiB [Enterobacteriaceae]
yeiB	WP_387321666	L143I	143	143	L	I	L	L	98.961	100.0	385	385	755.0	DUF418 domain-containing protein YeiB [Escherichia coli]
yeiB	WP_395003851	L143I	143	143	L	I	L	L	99.221	100.0	385	385	755.0	DUF418 domain-containing protein YeiB [Escherichia coli]
yeiB	WP_223345746	L143I	143	143	L	I	L	L	99.221	100.0	385	385	755.0	DUF418 domain-containing protein YeiB [Escherichia coli]
yeiB	WP_053901212	L143I	143	143	L	I	L	L	99.221	100.0	385	385	754.0	DUF418 domain-containing protein YeiB [Escherichia coli]
yeiB	WP_340518674	L143I	143	143	L	I	L	L	98.961	100.0	385	385	754.0	DUF418 domain-containing protein YeiB [Escherichia coli]
yeiB	WP_096859098	L143I	143	143	L	I	L	L	99.479	100.0	385	385	754.0	DUF418 domain-containing protein YeiB [Escherichia coli]
yeiB	WP_271711249	L143I	143	143	L	I	L	L	98.961	100.0	385	385	754.0	DUF418 domain-containing protein YeiB [Escherichia coli]
yeiB	WP_247834262	L143I	143	143	L	I	L	L	98.961	100.0	385	385	754.0	DUF418 domain-containing protein YeiB [Escherichia coli]
yeiB	WP_078267916	L143I	143	143	L	I	L	L	99.221	100.0	385	385	754.0	DUF418 domain-containing protein YeiB [Escherichia coli]
yeiB	WP_443432922	L143I	143	143	L	I	L	L	99.481	100.0	385	385	754.0	DUF418 domain-containing protein YeiB [Escherichia coli]
yeiB	WP_248890484	L143I	143	143	L	I	L	L	98.961	100.0	385	385	754.0	DUF418 domain-containing protein YeiB [Escherichia coli]
yeiB	WP_266184631	L143I	143	143	L	I	L	L	99.221	100.0	385	385	754.0	DUF418 domain-containing protein YeiB [Escherichia coli]
yeiB	WP_038988643	L143I	143	143	L	I	L	L	99.221	100.0	385	385	754.0	DUF418 domain-containing protein YeiB [Escherichia coli]
yeiB	WP_089646889	L143I	143	143	L	I	L	L	98.961	100.0	385	385	754.0	DUF418 domain-containing protein YeiB [Escherichia coli]
yeiB	WP_000440896	L143I	143	143	L	I	L	L	99.221	100.0	385	385	754.0	DUF418 domain-containing protein YeiB [Escherichia coli]
yeiB	WP_032258596	L143I	143	143	L	I	L	L	99.221	100.0	385	385	754.0	DUF418 domain-containing protein YeiB [Escherichia coli]
yeiB	WP_304478940	L143I	143	143	L	I	L	L	99.481	100.0	385	385	754.0	DUF418 domain-containing protein YeiB [Escherichia coli]
yeiB	WP_270343013	L143I	143	143	L	I	L	L	99.221	100.0	385	385	754.0	DUF418 domain-containing protein YeiB [Escherichia coli]
yeiB	WP_137565210	L143I	143	143	L	I	L	L	98.961	100.0	385	385	754.0	DUF418 domain-containing protein YeiB [Escherichia coli]
yeiB	WP_032171583	L143I	143	143	L	I	L	L	98.961	100.0	385	385	754.0	DUF418 domain-containing protein YeiB [Escherichia coli]
yeiB	WP_460217054	L143I	143	143	L	I	L	L	99.221	100.0	385	385	754.0	N/A
yeiB	WP_000440895	L143I	143	143	L	I	L	L	99.221	100.0	385	385	754.0	MULTISPECIES: DUF418 domain-containing protein YeiB [Enterobacteriaceae]
yeiB	WP_096990041	L143I	143	143	L	I	L	L	99.221	100.0	385	385	754.0	DUF418 domain-containing protein YeiB [Escherichia coli]
yeiB	WP_407907564	L143I	143	143	L	I	L	L	98.961	100.0	385	385	754.0	DUF418 domain-containing protein YeiB [Escherichia coli]
yeiB	WP_069916529	L143I	143	143	L	I	L	L	99.221	100.0	385	385	754.0	DUF418 domain-containing protein YeiB [Escherichia coli]
yeiB	WP_097346694	L143I	143	143	L	I	L	L	99.221	100.0	385	385	754.0	DUF418 domain-containing protein YeiB [Escherichia coli]
yeiB	WP_407237076	L143I	143	143	L	I	L	L	99.221	100.0	385	385	754.0	DUF418 domain-containing protein YeiB [Escherichia coli]
yeiB	WP_167580404	L143I	143	143	L	I	L	L	99.481	100.0	385	385	754.0	DUF418 domain-containing protein YeiB [Escherichia coli]
yeiB	WP_180437999	L143I	143	143	L	I	L	L	99.481	100.0	385	385	754.0	DUF418 domain-containing protein YeiB [Escherichia coli]
yeiB	WP_440235490	L143I	143	143	L	I	L	L	98.961	100.0	385	385	754.0	DUF418 domain-containing protein YeiB [Escherichia coli]
yeiB	WP_113001992	L143I	143	143	L	I	L	L	98.961	100.0	385	385	754.0	DUF418 domain-containing protein YeiB [Escherichia coli]
yeiB	WP_197344608	L143I	143	143	L	I	L	L	99.221	100.0	385	385	754.0	DUF418 domain-containing protein YeiB [Escherichia coli]
yeiB	WP_421005702	L143I	143	143	L	I	L	L	99.481	100.0	385	385	754.0	DUF418 domain-containing protein YeiB [Escherichia coli]
yeiB	WP_134892503	L143I	143	143	L	I	L	L	99.221	100.0	385	385	754.0	DUF418 domain-containing protein YeiB [Escherichia coli]
yeiB	WP_206355755	L143I	143	143	L	I	L	L	99.221	100.0	385	385	754.0	DUF418 domain-containing protein YeiB [Escherichia coli]
yeiB	WP_054630833	L143I	143	143	L	I	L	L	98.961	100.0	385	385	754.0	DUF418 domain-containing protein YeiB [Escherichia coli]
yeiB	WP_137553777	L143I	143	143	L	I	L	L	98.961	100.0	385	385	754.0	DUF418 domain-containing protein YeiB [Escherichia coli]
yeiB	WP_069904741	L143I	143	143	L	I	L	L	99.481	100.0	385	385	754.0	DUF418 domain-containing protein YeiB [Escherichia coli]
yeiB	WP_179151175	L143I	143	143	L	I	L	L	98.701	100.0	385	385	754.0	DUF418 domain-containing protein YeiB [Escherichia coli]
yeiB	WP_115209489	L143I	143	143	L	I	L	L	99.481	100.0	385	385	754.0	DUF418 domain-containing protein YeiB [Escherichia coli]
yeiB	WP_113708225	L143I	143	143	L	I	L	L	98.961	100.0	385	385	754.0	DUF418 domain-containing protein YeiB [Escherichia coli]
yeiB	WP_176258213	L143I	143	143	L	I	L	L	98.961	100.0	385	385	754.0	DUF418 domain-containing protein YeiB [Escherichia coli]
yeiB	WP_137556384	L143I	143	143	L	I	L	L	99.221	100.0	385	385	754.0	DUF418 domain-containing protein YeiB [Escherichia coli]
yeiB	WP_065898475	L143I	143	143	L	I	L	L	98.961	100.0	385	385	754.0	DUF418 domain-containing protein YeiB [Escherichia coli]
yeiB	WP_071549973	L143I	143	143	L	I	L	L	98.961	100.0	385	385	754.0	DUF418 domain-containing protein YeiB [Escherichia coli]
yeiB	WP_000440902	L143I	143	143	L	I	L	L	99.221	100.0	385	385	754.0	DUF418 domain-containing protein YeiB [Escherichia coli]
yeiB	WP_086217293	L143I	143	143	L	I	L	L	98.961	100.0	385	385	754.0	DUF418 domain-containing protein YeiB [Escherichia coli]
yeiB	WP_096308249	L143I	143	143	L	I	L	L	99.221	100.0	385	385	754.0	DUF418 domain-containing protein YeiB [Escherichia coli]
yeiB	WP_317569490	L143I	143	143	L	I	L	L	99.221	100.0	385	385	754.0	DUF418 domain-containing protein YeiB [Escherichia coli]
yeiB	WP_000440906	L143I	143	143	L	I	L	L	99.221	100.0	385	385	754.0	MULTISPECIES: DUF418 domain-containing protein YeiB [Enterobacteriaceae]
yeiB	WP_196615894	L143I	143	143	L	I	L	L	98.961	100.0	385	385	754.0	DUF418 domain-containing protein YeiB [Escherichia coli]
yeiB	WP_148900104	L143I	143	143	L	I	L	L	98.701	100.0	385	385	754.0	DUF418 domain-containing protein YeiB [Escherichia coli]
yeiB	WP_000440879	L143I	143	143	L	I	L	L	98.961	100.0	385	385	754.0	MULTISPECIES: DUF418 domain-containing protein YeiB [Enterobacteriaceae]
yeiB	WP_182623240	L143I	143	143	L	I	L	L	98.961	100.0	385	385	754.0	DUF418 domain-containing protein YeiB [Escherichia coli]
yeiB	WP_100620281	L143I	143	143	L	I	L	L	98.961	100.0	385	385	754.0	DUF418 domain-containing protein YeiB [Escherichia coli]
yeiB	WP_089618331	L143I	143	143	L	I	L	L	98.961	100.0	385	385	754.0	DUF418 domain-containing protein YeiB [Escherichia coli]
yeiB	WP_460201174	L143I	143	143	L	I	L	L	99.481	100.0	385	385	754.0	N/A
yeiB	WP_042014903	L143I	143	143	L	I	L	L	98.961	100.0	385	385	754.0	DUF418 domain-containing protein YeiB [Escherichia coli]
yeiB	WP_096851529	L143I	143	143	L	I	L	L	99.221	100.0	385	385	754.0	DUF418 domain-containing protein YeiB [Escherichia coli]
yeiB	WP_126772542	L143I	143	143	L	I	L	L	98.961	100.0	385	385	754.0	DUF418 domain-containing protein YeiB [Escherichia coli]
yeiB	WP_180487839	L143I	143	143	L	I	L	L	98.961	100.0	385	385	754.0	DUF418 domain-containing protein YeiB [Escherichia coli]
yeiB	WP_257244188	L143I	143	143	L	I	L	L	99.221	100.0	385	385	754.0	DUF418 domain-containing protein YeiB [Escherichia coli]
yeiB	WP_174611475	L143I	143	143	L	I	L	L	98.961	100.0	385	385	754.0	DUF418 domain-containing protein YeiB [Escherichia coli]
yeiB	WP_330202047	L143I	143	143	L	I	L	L	98.961	100.0	385	385	754.0	DUF418 domain-containing protein YeiB [Escherichia coli]
yeiB	WP_182110895	L143I	143	143	L	I	L	L	98.701	100.0	385	385	754.0	DUF418 domain-containing protein YeiB [Escherichia coli]
yeiB	WP_155018458	L143I	143	143	L	I	L	L	99.481	100.0	385	385	754.0	DUF418 domain-containing protein YeiB [Escherichia coli]
yeiB	WP_170969521	L143I	143	143	L	I	L	L	98.961	100.0	385	385	754.0	DUF418 domain-containing protein YeiB [Escherichia coli]
yeiB	WP_059327978	L143I	143	143	L	I	L	L	98.961	100.0	385	385	754.0	DUF418 domain-containing protein YeiB [Escherichia coli]
yeiB	WP_024226439	L143I	143	143	L	I	L	L	99.221	100.0	385	385	754.0	DUF418 domain-containing protein YeiB [Escherichia coli]
yeiB	WP_022645880	L143I	143	143	L	I	L	L	98.961	100.0	385	385	754.0	DUF418 domain-containing protein YeiB [Escherichia coli]
yeiB	WP_112047894	L143I	143	143	L	I	L	L	99.221	100.0	385	385	754.0	DUF418 domain-containing protein YeiB [Escherichia coli]
yeiB	WP_096835876	L143I	143	143	L	I	L	L	99.221	100.0	385	385	754.0	DUF418 domain-containing protein YeiB [Escherichia coli]
yeiB	WP_000440884	L143I	143	143	L	I	L	L	99.221	100.0	385	385	754.0	DUF418 domain-containing protein YeiB [Escherichia coli]
yeiB	WP_175284188	L143I	143	143	L	I	L	L	98.961	100.0	385	385	754.0	DUF418 domain-containing protein YeiB [Escherichia coli]
yeiB	WP_097759860	L143I	143	143	L	I	L	L	99.221	100.0	385	385	754.0	DUF418 domain-containing protein YeiB [Escherichia coli]
yeiB	WP_001561660	L143I	143	143	L	I	L	L	99.221	100.0	385	385	754.0	DUF418 domain-containing protein YeiB [Escherichia coli]
yeiB	WP_052929036	L143I	143	143	L	I	L	L	98.961	100.0	385	385	754.0	DUF418 domain-containing protein YeiB [Escherichia coli]
yeiB	WP_338388255	L143I	143	143	L	I	L	L	98.961	100.0	385	385	754.0	DUF418 domain-containing protein YeiB [Escherichia coli]
yeiB	WP_032228521	L143I	143	143	L	I	L	L	99.221	100.0	385	385	754.0	DUF418 domain-containing protein YeiB [Escherichia coli]
yeiB	WP_000440904	L143I	143	143	L	I	L	L	98.961	100.0	385	385	754.0	DUF418 domain-containing protein YeiB [Escherichia coli]
yeiB	WP_327744309	L143I	143	143	L	I	L	L	99.221	100.0	385	385	754.0	DUF418 domain-containing protein YeiB [Escherichia coli]
yeiB	WP_137659809	L143I	143	143	L	I	L	L	99.221	100.0	385	385	754.0	DUF418 domain-containing protein YeiB [Escherichia coli]
yeiB	WP_000440881	L143I	143	143	L	I	L	L	98.961	100.0	385	385	754.0	DUF418 domain-containing protein YeiB [Escherichia coli]
yeiB	WP_234694522	L143I	143	143	L	I	L	L	98.961	100.0	385	385	753.0	DUF418 domain-containing protein YeiB [Escherichia coli]
yeiB	WP_087895725	L143I	143	143	L	I	L	L	98.961	100.0	385	385	753.0	DUF418 domain-containing protein YeiB [Escherichia coli]
yeiB	WP_341768522	L143I	143	143	L	I	L	L	98.961	100.0	385	385	753.0	DUF418 domain-containing protein YeiB [Escherichia coli]
yeiB	WP_097477017	L143I	143	143	L	I	L	L	98.961	100.0	385	385	753.0	DUF418 domain-containing protein YeiB [Escherichia coli]
yeiB	WP_247169164	L143I	143	143	L	I	L	L	98.961	100.0	385	385	753.0	DUF418 domain-containing protein YeiB [Escherichia coli]
yeiB	WP_239352954	L143I	143	143	L	I	L	L	98.961	100.0	385	385	753.0	DUF418 domain-containing protein YeiB [Escherichia coli]
yeiB	WP_103743224	L143I	143	143	L	I	L	L	98.701	100.0	385	385	753.0	DUF418 domain-containing protein YeiB [Escherichia coli]
yeiB	WP_258133607	L143I	143	143	L	I	L	L	98.961	100.0	385	385	753.0	DUF418 domain-containing protein YeiB [Escherichia coli]
yeiB	WP_247145313	L143I	143	143	L	I	L	L	98.961	100.0	385	385	753.0	DUF418 domain-containing protein YeiB [Escherichia coli]
yeiB	WP_000440911	L143I	143	143	L	I	L	L	99.221	100.0	385	385	753.0	MULTISPECIES: DUF418 domain-containing protein YeiB [Shigella]
yeiB	WP_205859920	L143I	143	143	L	I	L	L	99.221	100.0	385	385	753.0	DUF418 domain-containing protein YeiB [Escherichia coli]
yeiB	WP_169781159	L143I	143	143	L	I	L	L	98.701	100.0	385	385	753.0	DUF418 domain-containing protein YeiB [Escherichia coli]
yeiB	WP_227478342	L143I	143	143	L	I	L	L	98.961	100.0	385	385	753.0	DUF418 domain-containing protein YeiB [Escherichia coli]
yeiB	WP_021517207	L143I	143	143	L	I	L	L	98.961	100.0	385	385	753.0	MULTISPECIES: DUF418 domain-containing protein YeiB [Enterobacteriaceae]
yeiB	WP_318838079	L143I	143	143	L	I	L	L	98.961	100.0	385	385	753.0	DUF418 domain-containing protein YeiB [Escherichia coli]
yeiB	WP_001497686	L143I	143	143	L	I	L	L	98.961	100.0	385	385	753.0	DUF418 domain-containing protein YeiB [Escherichia coli]
yeiB	WP_447094613	L143I	143	143	L	I	L	L	98.701	100.0	385	385	753.0	DUF418 domain-containing protein YeiB [Escherichia coli]
yeiB	WP_324668987	L143I	143	143	L	I	L	L	98.961	100.0	385	385	753.0	DUF418 domain-containing protein YeiB [Escherichia coli]
yeiB	WP_464288497	L143I	143	143	L	I	L	L	98.961	100.0	385	385	753.0	N/A
yeiB	WP_437591083	L143I	143	143	L	I	L	L	98.961	100.0	385	385	753.0	DUF418 domain-containing protein YeiB [Escherichia coli]
yeiB	WP_348968906	L143I	143	143	L	I	L	L	99.481	100.0	385	385	753.0	DUF418 domain-containing protein YeiB [Escherichia coli]
yeiB	WP_421515895	L143I	143	143	L	I	L	L	98.961	100.0	385	385	753.0	DUF418 domain-containing protein YeiB [Escherichia coli]
yeiB	WP_074512641	L143I	143	143	L	I	L	L	98.961	100.0	385	385	753.0	DUF418 domain-containing protein YeiB [Escherichia coli]
yeiB	WP_001494300	L143I	143	143	L	I	L	L	98.961	100.0	385	385	753.0	DUF418 domain-containing protein YeiB [Escherichia coli]
yeiB	WP_115423328	L143I	143	143	L	I	L	L	98.961	100.0	385	385	753.0	DUF418 domain-containing protein YeiB [Escherichia coli]
yeiB	WP_069914883	L143I	143	143	L	I	L	L	98.961	100.0	385	385	753.0	DUF418 domain-containing protein YeiB [Escherichia coli]
yeiB	WP_447323624	L143I	143	143	L	I	L	L	98.961	100.0	385	385	753.0	DUF418 domain-containing protein YeiB [Escherichia coli]
yeiB	WP_258314197	L143I	143	143	L	I	L	L	98.961	100.0	385	385	753.0	DUF418 domain-containing protein YeiB [Escherichia coli]
yeiB	WP_074484656	L143I	143	143	L	I	L	L	98.961	100.0	385	385	753.0	DUF418 domain-containing protein YeiB [Escherichia coli]
yeiB	WP_136747286	L143I	143	143	L	I	L	L	98.961	100.0	385	385	753.0	DUF418 domain-containing protein YeiB [Escherichia coli]
yeiB	WP_001600168	L143I	143	143	L	I	L	L	98.961	100.0	385	385	753.0	DUF418 domain-containing protein YeiB [Escherichia coli]
yeiB	WP_236530545	L143I	143	143	L	I	L	L	98.961	100.0	385	385	753.0	DUF418 domain-containing protein YeiB [Escherichia coli]
yeiB	WP_075319398	L143I	143	143	L	I	L	L	98.961	100.0	385	385	753.0	MULTISPECIES: DUF418 domain-containing protein YeiB [Shigella]
yeiB	WP_000440921	L143I	143	143	L	I	L	L	98.961	100.0	385	385	753.0	MULTISPECIES: DUF418 domain-containing protein YeiB [Enterobacteriaceae]
yeiB	WP_380111322	L143I	143	143	L	I	L	L	98.961	100.0	385	385	753.0	DUF418 domain-containing protein YeiB [Escherichia coli]
yeiB	WP_000440872	L143I	143	143	L	I	L	L	98.961	100.0	385	385	753.0	MULTISPECIES: DUF418 domain-containing protein YeiB [Shigella]
yeiB	WP_410995095	L143I	143	143	L	I	L	L	98.961	100.0	385	385	753.0	DUF418 domain-containing protein YeiB [Escherichia coli]
yeiB	WP_062872477	L143I	143	143	L	I	L	L	98.961	100.0	385	385	753.0	DUF418 domain-containing protein YeiB [Escherichia coli]
yeiB	WP_000440901	L143I	143	143	L	I	L	L	98.961	100.0	385	385	753.0	DUF418 domain-containing protein YeiB [Shigella boydii]
yeiB	WP_064225534	L143I	143	143	L	I	L	L	98.961	100.0	385	385	753.0	DUF418 domain-containing protein YeiB [Escherichia coli]
yeiB	WP_089576607	L143I	143	143	L	I	L	L	98.961	100.0	385	385	753.0	DUF418 domain-containing protein YeiB [Escherichia coli]
yeiB	WP_000440910	L143I	143	143	L	I	L	L	98.961	100.0	385	385	753.0	MULTISPECIES: DUF418 domain-containing protein YeiB [Shigella]
yeiB	WP_001543475	L143I	143	143	L	I	L	L	98.961	100.0	385	385	753.0	DUF418 domain-containing protein YeiB [Escherichia coli]
yeiB	WP_052894883	L143I	143	143	L	I	L	L	98.961	100.0	385	385	753.0	DUF418 domain-containing protein YeiB [Escherichia coli]
yeiB	WP_136697531	L143I	143	143	L	I	L	L	98.961	100.0	385	385	753.0	DUF418 domain-containing protein YeiB [Escherichia coli]
yeiB	WP_191651014	L143I	143	143	L	I	L	L	98.701	100.0	385	385	753.0	DUF418 domain-containing protein YeiB [Escherichia coli]
yeiB	WP_094317263	L143I	143	143	L	I	L	L	98.961	100.0	385	385	753.0	MULTISPECIES: DUF418 domain-containing protein YeiB [Enterobacteriaceae]
yeiB	WP_135941382	L143I	143	143	L	I	L	L	98.961	100.0	385	385	753.0	DUF418 domain-containing protein YeiB [Escherichia coli]
yeiB	WP_348905364	L143I	143	143	L	I	L	L	98.961	100.0	385	385	753.0	DUF418 domain-containing protein YeiB [Escherichia coli]
yeiB	WP_274763969	L143I	143	143	L	I	L	L	99.481	100.0	385	385	753.0	DUF418 domain-containing protein YeiB [Escherichia coli]
yeiB	WP_001475468	L143I	143	143	L	I	L	L	98.961	100.0	385	385	753.0	DUF418 domain-containing protein YeiB [Escherichia coli]
yeiB	WP_062870069	L143I	143	143	L	I	L	L	98.961	100.0	385	385	753.0	DUF418 domain-containing protein YeiB [Escherichia coli]
yeiB	WP_033816030	L143I	143	143	L	I	L	L	98.961	100.0	385	385	753.0	DUF418 domain-containing protein YeiB [Escherichia coli]
yeiB	WP_315680668	L143I	143	143	L	I	L	L	98.961	100.0	385	385	753.0	DUF418 domain-containing protein YeiB [Escherichia coli]
yeiB	WP_000440934	L143I	143	143	L	I	L	L	98.961	100.0	385	385	753.0	MULTISPECIES: DUF418 domain-containing protein YeiB [Enterobacteriaceae]
yeiB	WP_158179584	L143I	143	143	L	I	L	L	98.961	100.0	385	385	753.0	DUF418 domain-containing protein YeiB [Escherichia coli]
yeiB	WP_435940947	L143I	143	143	L	I	L	L	98.961	100.0	385	385	753.0	DUF418 domain-containing protein YeiB [Escherichia coli]
yeiB	WP_284996696	L143I	143	143	L	I	L	L	98.961	100.0	385	385	753.0	DUF418 domain-containing protein YeiB [Escherichia coli]
yeiB	WP_097333791	L143I	143	143	L	I	L	L	98.961	100.0	385	385	753.0	DUF418 domain-containing protein YeiB [Escherichia coli]
yeiB	WP_222902230	L143I	143	143	L	I	L	L	98.961	100.0	385	385	753.0	DUF418 domain-containing protein YeiB [Escherichia coli]
yeiB	WP_097519073	L143I	143	143	L	I	L	L	98.961	100.0	385	385	753.0	DUF418 domain-containing protein YeiB [Escherichia coli]
yeiB	WP_225383274	L143I	143	143	L	I	L	L	98.961	100.0	385	385	753.0	DUF418 domain-containing protein YeiB [Escherichia coli]
yeiB	WP_323630022	L143I	143	143	L	I	L	L	99.221	100.0	385	385	753.0	DUF418 domain-containing protein YeiB [Escherichia coli]
yeiB	WP_482515939	L143I	143	143	L	I	L	L	98.961	100.0	385	385	753.0	N/A
yeiB	WP_085454061	L143I	143	143	L	I	L	L	98.961	100.0	385	385	753.0	DUF418 domain-containing protein YeiB [Escherichia coli]
yeiB	WP_088563364	L143I	143	143	L	I	L	L	98.961	100.0	385	385	753.0	DUF418 domain-containing protein YeiB [Escherichia coli]
yeiB	WP_016244847	L143I	143	143	L	I	L	L	98.961	100.0	385	385	753.0	DUF418 domain-containing protein YeiB [Escherichia coli]
yeiB	WP_170886694	L143I	143	143	L	I	L	L	98.961	100.0	385	385	753.0	DUF418 domain-containing protein YeiB [Escherichia coli]
yeiB	WP_148245873	L143I	143	143	L	I	L	L	99.221	100.0	385	385	753.0	MULTISPECIES: DUF418 domain-containing protein YeiB [Escherichia]
yeiB	WP_000440912	L143I	143	143	L	I	L	L	98.961	100.0	385	385	753.0	DUF418 domain-containing protein YeiB [Shigella boydii]
yeiB	WP_326380441	L143I	143	143	L	I	L	L	99.221	100.0	385	385	753.0	DUF418 domain-containing protein YeiB [Escherichia coli]
yeiB	WP_000440897	L143I	143	143	L	I	L	L	98.961	100.0	385	385	753.0	MULTISPECIES: DUF418 domain-containing protein YeiB [Enterobacteriaceae]
yeiB	WP_074523654	L143I	143	143	L	I	L	L	98.701	100.0	385	385	753.0	DUF418 domain-containing protein YeiB [Escherichia coli]
yeiB	WP_062895941	L143I	143	143	L	I	L	L	98.961	100.0	385	385	753.0	DUF418 domain-containing protein YeiB [Escherichia coli]
yeiB	WP_473000512	L143I	143	143	L	I	L	L	98.701	100.0	385	385	753.0	N/A
yeiB	WP_139947049	L143I	143	143	L	I	L	L	98.961	100.0	385	385	753.0	DUF418 domain-containing protein YeiB [Escherichia coli]
yeiB	WP_089513614	L143I	143	143	L	I	L	L	98.961	100.0	385	385	753.0	DUF418 domain-containing protein YeiB [Escherichia coli]
yeiB	WP_235398937	L143I	143	143	L	I	L	L	98.961	100.0	385	385	753.0	DUF418 domain-containing protein YeiB [Escherichia coli]
yeiB	WP_096249588	L143I	143	143	L	I	L	L	99.221	100.0	385	385	753.0	DUF418 domain-containing protein YeiB [Escherichia coli]
yeiB	WP_276334150	L143I	143	143	L	I	L	L	98.961	100.0	385	385	753.0	DUF418 domain-containing protein YeiB [Escherichia coli]
yeiB	WP_109550103	L143I	143	143	L	I	L	L	98.961	100.0	385	385	753.0	DUF418 domain-containing protein YeiB [Escherichia coli]
yeiB	WP_141222502	L143I	143	143	L	I	L	L	98.961	100.0	385	385	753.0	DUF418 domain-containing protein YeiB [Escherichia coli]
yeiB	WP_326388284	L143I	143	143	L	I	L	L	98.961	100.0	385	385	753.0	DUF418 domain-containing protein YeiB [Escherichia coli]
yeiB	WP_032197993	L143I	143	143	L	I	L	L	98.701	100.0	385	385	753.0	DUF418 domain-containing protein YeiB [Escherichia coli]
yeiB	WP_137415326	L143I	143	143	L	I	L	L	98.961	100.0	385	385	753.0	DUF418 domain-containing protein YeiB [Escherichia coli]
yeiB	WP_063105069	L143I	143	143	L	I	L	L	98.961	100.0	385	385	753.0	DUF418 domain-containing protein YeiB [Escherichia coli]
yeiB	WP_112872560	L143I	143	143	L	I	L	L	98.961	100.0	385	385	753.0	DUF418 domain-containing protein YeiB [Escherichia coli]
yeiB	WP_123178491	L143I	143	143	L	I	L	L	98.961	100.0	385	385	753.0	DUF418 domain-containing protein YeiB [Escherichia coli]
yeiB	WP_001610464	L143I	143	143	L	I	L	L	98.961	100.0	385	385	753.0	DUF418 domain-containing protein YeiB [Escherichia coli]
yeiB	WP_063090547	L143I	143	143	L	I	L	L	98.701	100.0	385	385	753.0	DUF418 domain-containing protein YeiB [Escherichia coli]
yeiB	WP_000440893	L143I	143	143	L	I	L	L	98.961	100.0	385	385	753.0	MULTISPECIES: DUF418 domain-containing protein YeiB [Enterobacteriaceae]
yeiB	WP_225402477	L143I	143	143	L	I	L	L	98.961	100.0	385	385	753.0	DUF418 domain-containing protein YeiB [Escherichia coli]
yeiB	WP_134810347	L143I	143	143	L	I	L	L	98.961	100.0	385	385	753.0	DUF418 domain-containing protein YeiB [Shigella boydii]
yeiB	WP_000440869	L143I	143	143	L	I	L	L	98.961	100.0	385	385	753.0	DUF418 domain-containing protein YeiB [Escherichia coli]
yeiB	WP_097769458	L143I	143	143	L	I	L	L	98.701	100.0	385	385	753.0	DUF418 domain-containing protein YeiB [Escherichia coli]
yeiB	WP_266105534	L143I	143	143	L	I	L	L	98.961	100.0	385	385	753.0	DUF418 domain-containing protein YeiB [Escherichia coli]
yeiB	WP_407221251	L143I	143	143	L	I	L	L	98.961	100.0	385	385	753.0	DUF418 domain-containing protein YeiB [Escherichia coli]
yeiB	WP_202794168	L143I	143	143	L	I	L	L	98.701	100.0	385	385	753.0	DUF418 domain-containing protein YeiB [Escherichia coli]
yeiB	WP_102218807	L143I	143	143	L	I	L	L	98.961	100.0	385	385	753.0	DUF418 domain-containing protein YeiB [Escherichia coli]
yeiB	WP_105076495	L143I	143	143	L	I	L	L	98.701	100.0	385	385	753.0	DUF418 domain-containing protein YeiB [Escherichia coli]
yeiB	WP_053265231	L143I	143	143	L	I	L	L	98.961	100.0	385	385	753.0	DUF418 domain-containing protein YeiB [Escherichia coli]
yeiB	WP_264831528	L143I	143	143	L	I	L	L	98.961	100.0	385	385	753.0	DUF418 domain-containing protein YeiB [Escherichia coli]
yeiB	WP_217290938	L143I	143	143	L	I	L	L	98.701	100.0	385	385	753.0	DUF418 domain-containing protein YeiB [Escherichia coli]
yeiB	WP_097310322	L143I	143	143	L	I	L	L	98.701	100.0	385	385	753.0	DUF418 domain-containing protein YeiB [Escherichia coli]
yeiB	WP_000440880	L143I	143	143	L	I	L	L	98.961	100.0	385	385	753.0	MULTISPECIES: DUF418 domain-containing protein YeiB [Enterobacteriaceae]
yeiB	WP_203396642	L143I	143	143	L	I	L	L	98.961	100.0	385	385	753.0	DUF418 domain-containing protein YeiB [Escherichia coli]
yeiB	WP_223374879	L143I	143	143	L	I	L	L	98.701	100.0	385	385	753.0	DUF418 domain-containing protein YeiB [Escherichia coli]
yeiB	WP_097511990	L143I	143	143	L	I	L	L	98.961	100.0	385	385	753.0	DUF418 domain-containing protein YeiB [Escherichia coli]
yeiB	WP_206355220	L143I	143	143	L	I	L	L	98.961	100.0	385	385	753.0	DUF418 domain-containing protein YeiB [Escherichia coli]
yeiB	WP_396013529	L143I	143	143	L	I	L	L	99.221	100.0	385	385	753.0	DUF418 domain-containing protein YeiB [Escherichia coli]
yeiB	WP_089632110	L143I	143	143	L	I	L	L	98.701	100.0	385	385	753.0	DUF418 domain-containing protein YeiB [Escherichia coli]
yeiB	WP_266226471	L143I	143	143	L	I	L	L	98.961	100.0	385	385	753.0	DUF418 domain-containing protein YeiB [Escherichia coli]
yeiB	WP_073714863	L143I	143	143	L	I	L	L	98.961	100.0	385	385	753.0	DUF418 domain-containing protein YeiB [Shigella boydii]
yeiB	WP_194849195	L143I	143	143	L	I	L	L	98.961	100.0	385	385	753.0	DUF418 domain-containing protein YeiB [Escherichia coli]
yeiB	WP_231361700	L143I	143	143	L	I	L	L	98.701	100.0	385	385	753.0	DUF418 domain-containing protein YeiB [Escherichia coli]
yeiB	WP_040234816	L143I	143	143	L	I	L	L	99.221	100.0	385	385	753.0	MULTISPECIES: DUF418 domain-containing protein YeiB [Escherichia]
yeiB	WP_284570767	L143I	143	143	L	I	L	L	98.961	100.0	385	385	753.0	DUF418 domain-containing protein YeiB [Escherichia coli]
yeiB	WP_226169013	L143I	143	143	L	I	L	L	98.961	100.0	385	385	753.0	DUF418 domain-containing protein YeiB [Escherichia coli]
yeiB	WP_137420602	L143I	143	143	L	I	L	L	98.701	100.0	385	385	752.0	DUF418 domain-containing protein YeiB [Escherichia coli]
yeiB	WP_001665552	L143I	143	143	L	I	L	L	98.961	100.0	385	385	752.0	DUF418 domain-containing protein YeiB [Escherichia coli]
yeiB	WP_178890004	L143I	143	143	L	I	L	L	98.961	100.0	385	385	752.0	DUF418 domain-containing protein YeiB [Escherichia coli]
yeiB	WP_249563173	L143I	143	143	L	I	L	L	98.182	100.0	385	385	752.0	DUF418 domain-containing protein YeiB [Escherichia coli]
yeiB	WP_201514418	L143I	143	143	L	I	L	L	98.442	100.0	385	385	752.0	DUF418 domain-containing protein YeiB [Escherichia coli]
yeiB	WP_096986568	L143I	143	143	L	I	L	L	99.221	100.0	385	385	752.0	DUF418 domain-containing protein YeiB [Escherichia coli]
yeiB	WP_000440914	L143I	143	143	L	I	L	L	98.701	100.0	385	385	752.0	DUF418 domain-containing protein YeiB [Escherichia coli]
yeiB	WP_072662333	L143I	143	143	L	I	L	L	98.701	100.0	385	385	752.0	DUF418 domain-containing protein YeiB [Escherichia coli]
yeiB	WP_137465266	L143I	143	143	L	I	L	L	98.961	100.0	385	385	752.0	DUF418 domain-containing protein YeiB [Escherichia coli]
yeiB	WP_160465360	L143I	143	143	L	I	L	L	98.961	100.0	385	385	752.0	DUF418 domain-containing protein YeiB [Escherichia coli]
yeiB	WP_423709180	L143I	143	143	L	I	L	L	99.219	100.0	385	385	752.0	DUF418 domain-containing protein YeiB [Escherichia coli]
yeiB	WP_097345281	L143I	143	143	L	I	L	L	98.701	100.0	385	385	752.0	DUF418 domain-containing protein YeiB [Escherichia coli]
yeiB	WP_407986148	L143I	143	143	L	I	L	L	98.961	100.0	385	385	752.0	DUF418 domain-containing protein YeiB [Escherichia coli]
yeiB	WP_097439240	L143I	143	143	L	I	L	L	98.701	100.0	385	385	752.0	N/A
yeiB	WP_044697758	L143I	143	143	L	I	L	L	98.961	100.0	385	385	752.0	DUF418 domain-containing protein YeiB [Escherichia coli]
yeiB	WP_032175508	L143I	143	143	L	I	L	L	98.961	100.0	385	385	752.0	DUF418 domain-containing protein YeiB [Escherichia coli]
yeiB	WP_284564314	L143I	143	143	L	I	L	L	98.701	100.0	385	385	752.0	DUF418 domain-containing protein YeiB [Escherichia coli]
yeiB	WP_233336066	L143I	143	143	L	I	L	L	98.961	100.0	385	385	752.0	DUF418 domain-containing protein YeiB [Escherichia coli]
yeiB	WP_103809334	L143I	143	143	L	I	L	L	98.961	100.0	385	385	752.0	DUF418 domain-containing protein YeiB [Escherichia coli]
yeiB	WP_001625503	L143I	143	143	L	I	L	L	98.961	100.0	385	385	752.0	MULTISPECIES: DUF418 domain-containing protein YeiB [Enterobacteriaceae]
yeiB	WP_000440920	L143I	143	143	L	I	L	L	98.442	100.0	385	385	752.0	MULTISPECIES: DUF418 domain-containing protein YeiB [Enterobacteriaceae]
yeiB	WP_242813372	L143I	143	143	L	I	L	L	98.701	100.0	385	385	752.0	DUF418 domain-containing protein YeiB [Escherichia coli]
yeiB	WP_475695670	L143I	143	143	L	I	L	L	98.961	100.0	385	385	752.0	N/A
yeiB	WP_180389879	L143I	143	143	L	I	L	L	98.961	100.0	385	385	752.0	DUF418 domain-containing protein YeiB [Escherichia coli]
yeiB	WP_338315780	L143I	143	143	L	I	L	L	98.701	100.0	385	385	752.0	DUF418 domain-containing protein YeiB [Escherichia coli]
yeiB	WP_162943310	L143I	143	143	L	I	L	L	99.221	100.0	385	385	752.0	DUF418 domain-containing protein YeiB [Shigella flexneri]
yeiB	WP_449262269	L143I	143	143	L	I	L	L	98.961	100.0	385	385	752.0	DUF418 domain-containing protein YeiB [Escherichia coli]
yeiB	WP_139534362	L143I	143	143	L	I	L	L	98.701	100.0	385	385	752.0	DUF418 domain-containing protein YeiB [Escherichia coli]
yeiB	WP_001621052	L143I	143	143	L	I	L	L	98.961	100.0	385	385	752.0	DUF418 domain-containing protein YeiB [Escherichia coli]
yeiB	WP_089180253	L143I	143	143	L	I	L	L	98.701	100.0	385	385	752.0	DUF418 domain-containing protein YeiB [Escherichia coli]
yeiB	WP_218684092	L143I	143	143	L	I	L	L	98.701	100.0	385	385	752.0	DUF418 domain-containing protein YeiB [Escherichia coli]
yeiB	WP_349420445	L143I	143	143	L	I	L	L	98.961	100.0	385	385	752.0	DUF418 domain-containing protein YeiB [Escherichia coli]
yeiB	WP_247121996	L143I	143	143	L	I	L	L	98.701	100.0	385	385	752.0	DUF418 domain-containing protein YeiB [Escherichia coli]
yeiB	WP_001708083	L143I	143	143	L	I	L	L	98.961	100.0	385	385	752.0	DUF418 domain-containing protein YeiB [Escherichia coli]
yeiB	WP_062883414	L143I	143	143	L	I	L	L	98.961	100.0	385	385	752.0	DUF418 domain-containing protein YeiB [Escherichia coli]
yeiB	WP_096971607	L143I	143	143	L	I	L	L	98.961	100.0	385	385	752.0	DUF418 domain-containing protein YeiB [Escherichia coli]
yeiB	WP_016243096	L143I	143	143	L	I	L	L	98.701	100.0	385	385	752.0	DUF418 domain-containing protein YeiB [Escherichia coli]
yeiB	WP_089563483	L143I	143	143	L	I	L	L	98.701	100.0	385	385	752.0	DUF418 domain-containing protein YeiB [Escherichia coli]
yeiB	WP_097342945	L143I	143	143	L	I	L	L	98.701	100.0	385	385	752.0	DUF418 domain-containing protein YeiB [Escherichia coli]
yeiB	WP_315689012	L143I	143	143	L	I	L	L	98.701	100.0	385	385	752.0	DUF418 domain-containing protein YeiB [Escherichia coli]
yeiB	WP_302315906	L143I	143	143	L	I	L	L	98.961	100.0	385	385	752.0	DUF418 domain-containing protein YeiB [Escherichia coli]
yeiB	WP_000440898	L143I	143	143	L	I	L	L	98.701	100.0	385	385	752.0	DUF418 domain-containing protein YeiB [Escherichia coli]
yeiB	WP_222700218	L143I	143	143	L	I	L	L	98.961	100.0	385	385	752.0	DUF418 domain-containing protein YeiB [Escherichia coli]
yeiB	WP_224083303	L143I	143	143	L	I	L	L	98.701	100.0	385	385	752.0	DUF418 domain-containing protein YeiB [Escherichia coli]
yeiB	WP_343494973	L143I	143	143	L	I	L	L	98.701	100.0	385	385	752.0	N/A
yeiB	WP_024704820	L143I	143	143	L	I	L	L	98.701	100.0	385	385	752.0	DUF418 domain-containing protein YeiB [Escherichia coli]
yeiB	WP_115448853	L143I	143	143	L	I	L	L	98.961	100.0	385	385	752.0	DUF418 domain-containing protein YeiB [Escherichia coli]
yeiB	WP_102353735	L143I	143	143	L	I	L	L	98.961	100.0	385	385	752.0	DUF418 domain-containing protein YeiB [Escherichia coli]
yeiB	WP_220410291	L143I	143	143	L	I	L	L	98.961	100.0	385	385	752.0	DUF418 domain-containing protein YeiB [Escherichia coli]
yeiB	WP_032215453	L143I	143	143	L	I	L	L	98.701	100.0	385	385	752.0	DUF418 domain-containing protein YeiB [Escherichia coli]
yeiB	WP_152935782	L143I	143	143	L	I	L	L	98.961	100.0	385	385	752.0	DUF418 domain-containing protein YeiB [Escherichia coli]
yeiB	WP_096261181	L143I	143	143	L	I	L	L	98.701	100.0	385	385	752.0	DUF418 domain-containing protein YeiB [Escherichia coli]
yeiB	WP_114211874	L143I	143	143	L	I	L	L	98.961	100.0	385	385	752.0	DUF418 domain-containing protein YeiB [Escherichia coli]
yeiB	WP_213199048	L143I	143	143	L	I	L	L	98.701	100.0	385	385	752.0	DUF418 domain-containing protein YeiB [Escherichia coli]
yeiB	WP_089590328	L143I	143	143	L	I	L	L	98.961	100.0	385	385	752.0	DUF418 domain-containing protein YeiB [Escherichia coli]
yeiB	WP_137439292	L143I	143	143	L	I	L	L	98.701	100.0	385	385	752.0	DUF418 domain-containing protein YeiB [Escherichia coli]
yeiB	WP_160456228	L143I	143	143	L	I	L	L	98.701	100.0	385	385	752.0	DUF418 domain-containing protein YeiB [Escherichia coli]
yeiB	WP_001520852	L143I	143	143	L	I	L	L	98.701	100.0	385	385	752.0	DUF418 domain-containing protein YeiB [Escherichia coli]
yeiB	WP_482517026	L143I	143	143	L	I	L	L	98.961	100.0	385	385	752.0	N/A
yeiB	WP_001679107	L143I	143	143	L	I	L	L	98.701	100.0	385	385	752.0	DUF418 domain-containing protein YeiB [Escherichia coli]
yeiB	WP_021539251	L143I	143	143	L	I	L	L	98.701	100.0	385	385	752.0	MULTISPECIES: DUF418 domain-containing protein YeiB [Escherichia]
yeiB	WP_459246059	L143I	143	143	L	I	L	L	98.961	100.0	385	385	752.0	DUF418 domain-containing protein YeiB [Escherichia coli]
yeiB	WP_233336415	L143I	143	143	L	I	L	L	98.701	100.0	385	385	752.0	DUF418 domain-containing protein YeiB [Escherichia coli]
yeiB	WP_167820977	L143I	143	143	L	I	L	L	98.701	100.0	385	385	752.0	DUF418 domain-containing protein YeiB [Escherichia coli]
yeiB	WP_064055981	L143I	143	143	L	I	L	L	98.701	100.0	385	385	752.0	DUF418 domain-containing protein YeiB [Escherichia coli]
yeiB	WP_219394999	L143I	143	143	L	I	L	L	98.961	100.0	385	385	752.0	DUF418 domain-containing protein YeiB [Escherichia coli]
yeiB	WP_476701522	L143I	143	143	L	I	L	L	98.961	100.0	385	385	752.0	N/A
yeiB	WP_238924392	L143I	143	143	L	I	L	L	98.961	100.0	385	385	752.0	DUF418 domain-containing protein YeiB [Escherichia coli]
yeiB	WP_239593917	L143I	143	143	L	I	L	L	98.701	100.0	385	385	752.0	DUF418 domain-containing protein YeiB [Shigella dysenteriae]
yeiB	WP_438443908	L143I	143	143	L	I	L	L	98.701	100.0	385	385	752.0	DUF418 domain-containing protein YeiB [Escherichia coli]
yeiB	WP_039064661	L143I	143	143	L	I	L	L	98.961	100.0	385	385	752.0	DUF418 domain-containing protein YeiB [Shigella boydii]
yeiB	WP_409033115	L143I	143	143	L	I	L	L	98.701	100.0	385	385	752.0	DUF418 domain-containing protein YeiB [Escherichia coli]
yeiB	WP_232192651	L143I	143	143	L	I	L	L	98.701	100.0	385	385	752.0	DUF418 domain-containing protein YeiB [Escherichia coli]
yeiB	WP_137489352	L143I	143	143	L	I	L	L	98.701	100.0	385	385	752.0	DUF418 domain-containing protein YeiB [Escherichia coli]
yeiB	WP_171869465	L143I	143	143	L	I	L	L	98.701	100.0	385	385	752.0	DUF418 domain-containing protein YeiB [Escherichia coli]
yeiB	WP_085458891	L143I	143	143	L	I	L	L	98.442	100.0	385	385	751.0	DUF418 domain-containing protein YeiB [Escherichia coli]
yeiB	WP_109551045	L143I	143	143	L	I	L	L	98.442	100.0	385	385	751.0	DUF418 domain-containing protein YeiB [Escherichia coli]
yeiB	WP_032267262	L143I	143	143	L	I	L	L	98.701	100.0	385	385	751.0	DUF418 domain-containing protein YeiB [Escherichia coli]
yeiB	WP_430993320	L143I	143	143	L	I	L	L	98.961	100.0	385	385	751.0	DUF418 domain-containing protein YeiB [Escherichia coli]
yeiB	WP_395531589	L143I	143	143	L	I	L	L	98.961	100.0	385	385	751.0	DUF418 domain-containing protein YeiB [Escherichia coli]
yeiB	WP_154305625	L143I	143	143	L	I	L	L	98.701	100.0	385	385	751.0	DUF418 domain-containing protein YeiB [Escherichia coli]
yeiB	WP_038431087	L143I	143	143	L	I	L	L	98.961	100.0	385	385	751.0	DUF418 domain-containing protein YeiB [Escherichia coli]
yeiB	WP_096001912	L143I	143	143	L	I	L	L	98.701	100.0	385	385	751.0	DUF418 domain-containing protein YeiB [Escherichia coli]
yeiB	WP_260252425	L143I	143	143	L	I	L	L	98.961	100.0	385	385	751.0	DUF418 domain-containing protein YeiB [Escherichia coli]
yeiB	WP_308784911	L143I	143	143	L	I	L	L	98.961	100.0	385	385	751.0	DUF418 domain-containing protein YeiB [Escherichia coli]
yeiB	WP_063120246	L143I	143	143	L	I	L	L	98.701	100.0	385	385	751.0	DUF418 domain-containing protein YeiB [Escherichia coli]
yeiB	WP_464289510	L143I	143	143	L	I	L	L	98.961	100.0	385	385	751.0	N/A
yeiB	WP_000440891	L143I	143	143	L	I	L	L	98.701	100.0	385	385	751.0	MULTISPECIES: DUF418 domain-containing protein YeiB [Enterobacteriaceae]
yeiB	WP_188152521	L143I	143	143	L	I	L	L	98.701	100.0	385	385	751.0	DUF418 domain-containing protein YeiB [Escherichia coli]
yeiB	WP_309204324	L143I	143	143	L	I	L	L	98.961	100.0	385	385	751.0	DUF418 domain-containing protein YeiB [Escherichia coli]
yeiB	WP_089608308	L143I	143	143	L	I	L	L	98.961	100.0	385	385	751.0	DUF418 domain-containing protein YeiB [Escherichia coli]
yeiB	WP_196067066	L143I	143	143	L	I	L	L	98.701	100.0	385	385	751.0	DUF418 domain-containing protein YeiB [Escherichia coli]
yeiB	WP_435392082	L143I	143	143	L	I	L	L	98.442	100.0	385	385	751.0	DUF418 domain-containing protein YeiB [Escherichia coli]
yeiB	WP_308400588	L143I	143	143	L	I	L	L	98.701	100.0	385	385	751.0	DUF418 domain-containing protein YeiB [Escherichia coli]
yeiB	WP_447304061	L143I	143	143	L	I	L	L	98.701	100.0	385	385	751.0	DUF418 domain-containing protein YeiB [Escherichia coli]
yeiB	WP_169788266	L143I	143	143	L	I	L	L	98.701	100.0	385	385	751.0	DUF418 domain-containing protein YeiB [Escherichia coli]
yeiB	WP_096982312	L143I	143	143	L	I	L	L	98.701	100.0	385	385	751.0	DUF418 domain-containing protein YeiB [Escherichia coli]
yeiB	WP_141219975	L143I	143	143	L	I	L	L	98.961	100.0	385	385	751.0	DUF418 domain-containing protein YeiB [Escherichia coli]
yeiB	WP_139523453	L143I	143	143	L	I	L	L	98.701	100.0	385	385	751.0	DUF418 domain-containing protein YeiB [Escherichia coli]
yeiB	WP_039080468	L143I	143	143	L	I	L	L	98.961	100.0	385	385	751.0	DUF418 domain-containing protein YeiB [Shigella boydii]
yeiB	WP_447328742	L143I	143	143	L	I	L	L	98.961	100.0	385	385	751.0	DUF418 domain-containing protein YeiB [Escherichia coli]
yeiB	WP_097444815	L143I	143	143	L	I	L	L	98.961	100.0	385	385	751.0	DUF418 domain-containing protein YeiB [Escherichia coli]
yeiB	WP_085457629	L143I	143	143	L	I	L	L	98.701	100.0	385	385	751.0	DUF418 domain-containing protein YeiB [Escherichia coli]
yeiB	WP_096888584	L143I	143	143	L	I	L	L	98.961	100.0	385	385	751.0	DUF418 domain-containing protein YeiB [Escherichia coli]
yeiB	WP_460208609	L143I	143	143	L	I	L	L	98.701	100.0	385	385	751.0	N/A
yeiB	WP_047672450	L143I	143	143	L	I	L	L	98.961	100.0	385	385	751.0	DUF418 domain-containing protein YeiB [Escherichia coli]
yeiB	WP_447330573	L143I	143	143	L	I	L	L	98.701	100.0	385	385	751.0	DUF418 domain-containing protein YeiB [Escherichia coli]
yeiB	WP_113350278	L143I	143	143	L	I	L	L	98.701	100.0	385	385	751.0	DUF418 domain-containing protein YeiB [Escherichia coli]
yeiB	WP_176252894	L143I	143	143	L	I	L	L	98.961	100.0	385	385	751.0	DUF418 domain-containing protein YeiB [Escherichia coli]
yeiB	WP_158121253	L143I	143	143	L	I	L	L	98.961	100.0	385	385	751.0	DUF418 domain-containing protein YeiB [Escherichia coli]
yeiB	WP_052985885	L143I	143	143	L	I	L	L	98.701	100.0	385	385	751.0	DUF418 domain-containing protein YeiB [Shigella sonnei]
yeiB	WP_137582633	L143I	143	143	L	I	L	L	98.961	100.0	385	385	751.0	DUF418 domain-containing protein YeiB [Escherichia coli]
yeiB	WP_113450545	L143I	143	143	L	I	L	L	98.961	100.0	385	385	751.0	DUF418 domain-containing protein YeiB [Escherichia coli]
yeiB	WP_109554965	L143I	143	143	L	I	L	L	98.961	100.0	385	385	751.0	DUF418 domain-containing protein YeiB [Escherichia coli]
yeiB	WP_305854768	L143I	143	143	L	I	L	L	98.961	100.0	385	385	751.0	DUF418 domain-containing protein YeiB [Escherichia coli]
yeiB	WP_262928745	L143I	143	143	L	I	L	L	98.701	100.0	385	385	751.0	DUF418 domain-containing protein YeiB [Escherichia coli]
yeiB	WP_268605366	L143I	143	143	L	I	L	L	98.701	100.0	385	385	751.0	DUF418 domain-containing protein YeiB [Escherichia coli]
yeiB	WP_063625179	L143I	143	143	L	I	L	L	98.961	100.0	385	385	751.0	MULTISPECIES: DUF418 domain-containing protein YeiB [Enterobacteriaceae]
yeiB	WP_332104187	L143I	143	143	L	I	L	L	98.961	100.0	385	385	751.0	DUF418 domain-containing protein YeiB [Escherichia coli]
yeiB	WP_032294820	L143I	143	143	L	I	L	L	99.219	100.0	385	385	751.0	DUF418 domain-containing protein YeiB [Escherichia coli]
yeiB	WP_033805877	L143I	143	143	L	I	L	L	98.961	100.0	385	385	751.0	DUF418 domain-containing protein YeiB [Escherichia coli]
yeiB	WP_096946282	L143I	143	143	L	I	L	L	98.961	100.0	385	385	751.0	DUF418 domain-containing protein YeiB [Escherichia coli]
yeiB	WP_137585865	L143I	143	143	L	I	L	L	98.701	100.0	385	385	751.0	DUF418 domain-containing protein YeiB [Escherichia coli]
yeiB	WP_113813310	L143I	143	143	L	I	L	L	98.182	100.0	385	385	751.0	DUF418 domain-containing protein YeiB [Escherichia coli]
yeiB	WP_000440919	L143I	143	143	L	I	L	L	98.442	100.0	385	385	751.0	MULTISPECIES: DUF418 domain-containing protein YeiB [Enterobacteriaceae]
yeiB	WP_000440887	L143I	143	143	L	I	L	L	98.701	100.0	385	385	751.0	DUF418 domain-containing protein YeiB [Escherichia coli]
yeiB	WP_001526294	L143I	143	143	L	I	L	L	98.701	100.0	385	385	751.0	DUF418 domain-containing protein YeiB [Escherichia coli]
yeiB	WP_425675361	L143I	143	143	L	I	L	L	98.701	100.0	385	385	751.0	DUF418 domain-containing protein YeiB [Escherichia coli]
yeiB	WP_115728738	L143I	143	143	L	I	L	L	98.701	100.0	385	385	751.0	DUF418 domain-containing protein YeiB [Escherichia coli]
yeiB	WP_449402486	L143I	143	143	L	I	L	L	98.701	100.0	385	385	751.0	DUF418 domain-containing protein YeiB [Escherichia coli]
yeiB	WP_097470110	L143I	143	143	L	I	L	L	98.701	100.0	385	385	751.0	DUF418 domain-containing protein YeiB [Escherichia coli]
yeiB	WP_069914016	L143I	143	143	L	I	L	L	98.961	100.0	385	385	751.0	DUF418 domain-containing protein YeiB [Escherichia coli]
yeiB	WP_196106938	L143I	143	143	L	I	L	L	98.701	100.0	385	385	751.0	DUF418 domain-containing protein YeiB [Escherichia coli]
yeiB	WP_255072910	L143I	143	143	L	I	L	L	98.961	100.0	385	385	751.0	DUF418 domain-containing protein YeiB [Escherichia coli]
yeiB	WP_161402818	L143I	143	143	L	I	L	L	98.701	100.0	385	385	751.0	DUF418 domain-containing protein YeiB [Escherichia coli]
yeiB	WP_158145347	L143I	143	143	L	I	L	L	98.701	100.0	385	385	751.0	DUF418 domain-containing protein YeiB [Escherichia coli]
yeiB	WP_219411478	L143I	143	143	L	I	L	L	98.961	100.0	385	385	751.0	DUF418 domain-containing protein YeiB [Escherichia coli]
yeiB	WP_307897589	L143I	143	143	L	I	L	L	98.701	100.0	385	385	751.0	DUF418 domain-containing protein YeiB [Escherichia coli]
yeiB	WP_195752926	L143I	143	143	L	I	L	L	98.701	100.0	385	385	751.0	DUF418 domain-containing protein YeiB [Escherichia coli]
yeiB	WP_032173917	L143I	143	143	L	I	L	L	98.701	100.0	385	385	751.0	DUF418 domain-containing protein YeiB [Escherichia coli]
yeiB	WP_119176704	L143I	143	143	L	I	L	L	98.961	100.0	385	385	751.0	DUF418 domain-containing protein YeiB [Shigella dysenteriae]
yeiB	WP_353804471	L143I	143	143	L	I	L	L	98.701	100.0	385	385	751.0	DUF418 domain-containing protein YeiB [Shigella sonnei]
yeiB	WP_247151679	L143I	143	143	L	I	L	L	98.961	100.0	385	385	751.0	DUF418 domain-containing protein YeiB [Escherichia coli]
yeiB	WP_124052691	L143I	143	143	L	I	L	L	98.182	100.0	385	385	751.0	DUF418 domain-containing protein YeiB [Escherichia coli]
yeiB	WP_073691079	L143I	143	143	L	I	L	L	98.961	100.0	385	385	751.0	DUF418 domain-containing protein YeiB [Shigella boydii]
yeiB	WP_223724114	L143I	143	143	L	I	L	L	98.961	100.0	385	385	751.0	DUF418 domain-containing protein YeiB [Escherichia coli]
yeiB	WP_273883192	L143I	143	143	L	I	L	L	98.182	100.0	385	385	751.0	DUF418 domain-containing protein YeiB [Escherichia coli]
yeiB	WP_089564052	L143I	143	143	L	I	L	L	98.701	100.0	385	385	751.0	DUF418 domain-containing protein YeiB [Escherichia coli]
yeiB	WP_097510976	L143I	143	143	L	I	L	L	98.182	100.0	385	385	751.0	DUF418 domain-containing protein YeiB [Escherichia coli]
yeiB	WP_024218800	L143I	143	143	L	I	L	L	98.961	100.0	385	385	751.0	DUF418 domain-containing protein YeiB [Escherichia coli]
yeiB	WP_115424771	L143I	143	143	L	I	L	L	98.442	100.0	385	385	751.0	DUF418 domain-containing protein YeiB [Escherichia coli]
yeiB	WP_407822331	L143I	143	143	L	I	L	L	98.701	100.0	385	385	751.0	DUF418 domain-containing protein YeiB [Escherichia coli]
yeiB	WP_137562984	L143I	143	143	L	I	L	L	98.701	100.0	385	385	751.0	DUF418 domain-containing protein YeiB [Escherichia coli]
yeiB	WP_096984075	L143I	143	143	L	I	L	L	98.961	100.0	385	385	751.0	DUF418 domain-containing protein YeiB [Escherichia coli]
yeiB	WP_474296433	L143I	143	143	L	I	L	L	98.961	100.0	385	385	751.0	N/A
yeiB	WP_096322430	L143I	143	143	L	I	L	L	98.701	100.0	385	385	751.0	DUF418 domain-containing protein YeiB [Escherichia coli]
yeiB	WP_032259865	L143I	143	143	L	I	L	L	98.701	100.0	385	385	751.0	DUF418 domain-containing protein YeiB [Escherichia coli]
yeiB	WP_311032987	L143I	143	143	L	I	L	L	98.961	100.0	385	385	751.0	DUF418 domain-containing protein YeiB [Escherichia coli]
yeiB	WP_096985829	L143I	143	143	L	I	L	L	98.701	100.0	385	385	751.0	DUF418 domain-containing protein YeiB [Escherichia coli]
yeiB	WP_003921755	L143I	143	143	L	I	L	L	98.961	100.0	385	385	751.0	DUF418 domain-containing protein YeiB [Escherichia coli]
yeiB	WP_075843017	L143I	143	143	L	I	L	L	98.701	100.0	385	385	751.0	DUF418 domain-containing protein YeiB [Escherichia coli]
yeiB	WP_032241338	L143I	143	143	L	I	L	L	98.701	100.0	385	385	751.0	DUF418 domain-containing protein YeiB [Escherichia coli]
yeiB	WP_332131090	L143I	143	143	L	I	L	L	98.961	100.0	385	385	751.0	DUF418 domain-containing protein YeiB [Escherichia coli]
yeiB	WP_261635376	L143I	143	143	L	I	L	L	98.961	100.0	385	385	751.0	DUF418 domain-containing protein YeiB [Escherichia coli]
yeiB	WP_105955775	L143I	143	143	L	I	L	L	98.701	100.0	385	385	751.0	DUF418 domain-containing protein YeiB [Escherichia coli]
yeiB	WP_039080333	L143I	143	143	L	I	L	L	98.961	100.0	385	385	751.0	MULTISPECIES: DUF418 domain-containing protein YeiB [Shigella]
yeiB	WP_160437912	L143I	143	143	L	I	L	L	98.701	100.0	385	385	751.0	DUF418 domain-containing protein YeiB [Escherichia coli]
yeiB	WP_097479929	L143I	143	143	L	I	L	L	98.442	100.0	385	385	751.0	DUF418 domain-containing protein YeiB [Escherichia coli]
yeiB	WP_193112226	L143I	143	143	L	I	L	L	98.701	100.0	385	385	751.0	DUF418 domain-containing protein YeiB [Escherichia coli]
yeiB	WP_473418382	L143I	143	143	L	I	L	L	98.961	100.0	385	385	751.0	N/A
yeiB	WP_136766582	L143I	143	143	L	I	L	L	98.701	100.0	385	385	751.0	DUF418 domain-containing protein YeiB [Escherichia coli]
yeiB	WP_032209452	L143I	143	143	L	I	L	L	98.701	100.0	385	385	751.0	DUF418 domain-containing protein YeiB [Escherichia coli]
yeiB	WP_202785930	L143I	143	143	L	I	L	L	98.701	100.0	385	385	751.0	DUF418 domain-containing protein YeiB [Escherichia coli]
yeiB	WP_137471852	L143I	143	143	L	I	L	L	98.701	100.0	385	385	751.0	DUF418 domain-containing protein YeiB [Escherichia coli]
yeiB	WP_264689439	L143I	143	143	L	I	L	L	98.961	100.0	385	385	751.0	DUF418 domain-containing protein YeiB [Escherichia coli]
yeiB	WP_001711995	L143I	143	143	L	I	L	L	98.961	100.0	385	385	751.0	DUF418 domain-containing protein YeiB [Escherichia coli]
yeiB	WP_094316568	L143I	143	143	L	I	L	L	98.701	100.0	385	385	751.0	DUF418 domain-containing protein YeiB [Shigella sonnei]
yeiB	WP_308733317	L143I	143	143	L	I	L	L	98.961	100.0	385	385	751.0	DUF418 domain-containing protein YeiB [Escherichia coli]
yeiB	WP_316418689	L143I	143	143	L	I	L	L	98.701	100.0	385	385	751.0	DUF418 domain-containing protein YeiB [Escherichia coli]
yeiB	WP_106907377	L143I	143	143	L	I	L	L	98.701	100.0	385	385	751.0	DUF418 domain-containing protein YeiB [Escherichia coli]
yeiB	WP_442671199	L143I	143	143	L	I	L	L	98.701	100.0	385	385	751.0	DUF418 domain-containing protein YeiB [Escherichia coli]
yeiB	WP_044782663	L143I	143	143	L	I	L	L	98.701	100.0	385	385	751.0	DUF418 domain-containing protein YeiB [Escherichia coli]
yeiB	WP_247205722	L143I	143	143	L	I	L	L	98.961	100.0	385	385	751.0	DUF418 domain-containing protein YeiB [Escherichia coli]
yeiB	WP_052892283	L143I	143	143	L	I	L	L	98.701	100.0	385	385	751.0	DUF418 domain-containing protein YeiB [Escherichia coli]
yeiB	WP_052903504	L143I	143	143	L	I	L	L	98.701	100.0	385	385	751.0	DUF418 domain-containing protein YeiB [Escherichia coli]
yeiB	WP_249573437	L143I	143	143	L	I	L	L	98.701	100.0	385	385	751.0	DUF418 domain-containing protein YeiB [Escherichia coli]
yeiB	WP_268648456	L143I	143	143	L	I	L	L	98.442	100.0	385	385	751.0	DUF418 domain-containing protein YeiB [Escherichia coli]
yeiB	WP_200931947	L143I	143	143	L	I	L	L	98.182	100.0	385	385	751.0	DUF418 domain-containing protein YeiB [Escherichia coli]
yeiB	WP_218066176	L143I	143	143	L	I	L	L	98.701	100.0	385	385	751.0	DUF418 domain-containing protein YeiB [Escherichia coli]
yeiB	WP_309186080	L143I	143	143	L	I	L	L	98.701	100.0	385	385	751.0	DUF418 domain-containing protein YeiB [Escherichia coli]
yeiB	WP_222699113	L143I	143	143	L	I	L	L	98.442	100.0	385	385	751.0	DUF418 domain-containing protein YeiB [Escherichia coli]
yeiB	WP_001766141	L143I	143	143	L	I	L	L	98.701	100.0	385	385	751.0	DUF418 domain-containing protein YeiB [Escherichia coli]
yeiB	WP_100017144	L143I	143	143	L	I	L	L	98.701	100.0	385	385	751.0	DUF418 domain-containing protein YeiB [Escherichia coli]
yeiB	WP_032224454	L143I	143	143	L	I	L	L	98.442	100.0	385	385	751.0	DUF418 domain-containing protein YeiB [Escherichia coli]
yeiB	WP_196325989	L143I	143	143	L	I	L	L	98.701	100.0	385	385	751.0	DUF418 domain-containing protein YeiB [Escherichia coli]
yeiB	WP_097603769	L143I	143	143	L	I	L	L	98.701	100.0	385	385	751.0	DUF418 domain-containing protein YeiB [Escherichia coli]
yeiB	WP_334286118	L143I	143	143	L	I	L	L	98.701	100.0	385	385	751.0	DUF418 domain-containing protein YeiB [Escherichia coli]
yeiB	WP_438387199	L143I	143	143	L	I	L	L	98.701	100.0	385	385	751.0	DUF418 domain-containing protein YeiB [Escherichia coli]
yeiB	WP_074525948	L143I	143	143	L	I	L	L	98.701	100.0	385	385	751.0	DUF418 domain-containing protein YeiB [Escherichia coli]
yeiB	WP_267660243	L143I	143	143	L	I	L	L	98.701	100.0	385	385	751.0	DUF418 domain-containing protein YeiB [Escherichia coli]
yeiB	WP_454543138	L143I	143	143	L	I	L	L	98.701	100.0	385	385	750.0	DUF418 domain-containing protein YeiB [Escherichia coli]
yeiB	WP_096978012	L143I	143	143	L	I	L	L	98.442	100.0	385	385	750.0	DUF418 domain-containing protein YeiB [Escherichia coli]
yeiB	WP_000440868	L143I	143	143	L	I	L	L	98.701	100.0	385	385	750.0	DUF418 domain-containing protein YeiB [Escherichia coli]
yeiB	WP_089644130	L143I	143	143	L	I	L	L	98.701	100.0	385	385	750.0	DUF418 domain-containing protein YeiB [Escherichia coli]
yeiB	WP_217609327	L143I	143	143	L	I	L	L	98.701	100.0	385	385	750.0	DUF418 domain-containing protein YeiB [Escherichia coli]
yeiB	WP_052988108	L143I	143	143	L	I	L	L	98.701	100.0	385	385	750.0	DUF418 domain-containing protein YeiB [Shigella sonnei]
yeiB	WP_000440903	L143I	143	143	L	I	L	L	98.701	100.0	385	385	750.0	DUF418 domain-containing protein YeiB [Escherichia coli]
yeiB	WP_277563349	L143I	143	143	L	I	L	L	98.701	100.0	385	385	750.0	DUF418 domain-containing protein YeiB [Escherichia coli]
yeiB	WP_407985069	L143I	143	143	L	I	L	L	98.701	100.0	385	385	750.0	DUF418 domain-containing protein YeiB [Escherichia coli]
yeiB	WP_096998057	L143I	143	143	L	I	L	L	98.182	100.0	385	385	750.0	DUF418 domain-containing protein YeiB [Escherichia coli]
yeiB	WP_260913578	L143I	143	143	L	I	L	L	98.182	100.0	385	385	750.0	DUF418 domain-containing protein YeiB [Escherichia coli]
yeiB	WP_161620299	L143I	143	143	L	I	L	L	98.701	100.0	385	385	750.0	DUF418 domain-containing protein YeiB [Escherichia coli]
yeiB	WP_302784932	L143I	143	143	L	I	L	L	98.701	100.0	385	385	750.0	DUF418 domain-containing protein YeiB [Escherichia coli]
yeiB	WP_032249177	L143I	143	143	L	I	L	L	98.961	100.0	385	385	750.0	DUF418 domain-containing protein YeiB [Escherichia coli]
yeiB	WP_280078672	L143I	143	143	L	I	L	L	98.701	100.0	385	385	750.0	DUF418 domain-containing protein YeiB [Escherichia coli]
yeiB	WP_062875542	L143I	143	143	L	I	L	L	98.701	100.0	385	385	750.0	MULTISPECIES: DUF418 domain-containing protein YeiB [Escherichia]
yeiB	WP_112042004	L143I	143	143	L	I	L	L	98.442	100.0	385	385	750.0	DUF418 domain-containing protein YeiB [Escherichia coli]
yeiB	WP_259429203	L143I	143	143	L	I	L	L	98.182	100.0	385	385	750.0	DUF418 domain-containing protein YeiB [Escherichia coli]
yeiB	WP_000440876	L143I	143	143	L	I	L	L	98.701	100.0	385	385	750.0	DUF418 domain-containing protein YeiB [Escherichia coli]
yeiB	WP_063086625	L143I	143	143	L	I	L	L	98.701	100.0	385	385	750.0	DUF418 domain-containing protein YeiB [Escherichia coli]
yeiB	WP_240766882	L143I	143	143	L	I	L	L	98.701	100.0	385	385	750.0	DUF418 domain-containing protein YeiB [Escherichia coli]
yeiB	WP_000440877	L143I	143	143	L	I	L	L	98.701	100.0	385	385	750.0	DUF418 domain-containing protein YeiB [Escherichia coli]
yeiB	WP_247150524	L143I	143	143	L	I	L	L	98.701	100.0	385	385	750.0	DUF418 domain-containing protein YeiB [Escherichia coli]
yeiB	WP_023144037	L143I	143	143	L	I	L	L	98.701	100.0	385	385	750.0	DUF418 domain-containing protein YeiB [Escherichia coli]
yeiB	WP_032287576	L143I	143	143	L	I	L	L	98.701	100.0	385	385	750.0	DUF418 domain-containing protein YeiB [Escherichia coli]
yeiB	WP_484613398	L143I	143	143	L	I	L	L	98.701	100.0	385	385	750.0	N/A
yeiB	WP_282987683	L143I	143	143	L	I	L	L	98.182	100.0	385	385	750.0	DUF418 domain-containing protein YeiB [Escherichia coli]
yeiB	WP_115200322	L143I	143	143	L	I	L	L	98.701	100.0	385	385	750.0	DUF418 domain-containing protein YeiB [Escherichia coli]
yeiB	WP_213279010	L143I	143	143	L	I	L	L	98.701	100.0	385	385	750.0	DUF418 domain-containing protein YeiB [Escherichia coli]
yeiB	WP_160513474	L143I	143	143	L	I	L	L	98.701	100.0	385	385	750.0	DUF418 domain-containing protein YeiB [Escherichia coli]
yeiB	WP_171460623	L143I	143	143	L	I	L	L	98.442	100.0	385	385	750.0	DUF418 domain-containing protein YeiB [Escherichia coli]
yeiB	WP_413932484	L143I	143	143	L	I	L	L	98.442	100.0	385	385	750.0	DUF418 domain-containing protein YeiB [Escherichia coli]
yeiB	WP_438898693	L143I	143	143	L	I	L	L	98.701	100.0	385	385	750.0	DUF418 domain-containing protein YeiB [Escherichia coli]
yeiB	WP_215261751	L143I	143	143	L	I	L	L	98.442	100.0	385	385	750.0	DUF418 domain-containing protein YeiB [Escherichia coli]
yeiB	WP_231369466	L143I	143	143	L	I	L	L	98.182	100.0	385	385	750.0	DUF418 domain-containing protein YeiB [Escherichia coli]
yeiB	WP_446848269	L143I	143	143	L	I	L	L	98.442	100.0	385	385	750.0	DUF418 domain-containing protein YeiB [Escherichia coli]
yeiB	WP_238873250	L143I	143	143	L	I	L	L	98.701	100.0	385	385	750.0	DUF418 domain-containing protein YeiB [Escherichia coli]
yeiB	WP_069354229	L143I	143	143	L	I	L	L	98.701	100.0	385	385	750.0	DUF418 domain-containing protein YeiB [Escherichia coli]
yeiB	WP_115438965	L143I	143	143	L	I	L	L	98.961	100.0	385	385	750.0	DUF418 domain-containing protein YeiB [Escherichia coli]
yeiB	WP_480941511	L143I	143	143	L	I	L	L	98.701	100.0	385	385	750.0	N/A
yeiB	WP_115202809	L143I	143	143	L	I	L	L	98.182	100.0	385	385	750.0	DUF418 domain-containing protein YeiB [Escherichia coli]
yeiB	WP_113328670	L143I	143	143	L	I	L	L	98.442	100.0	385	385	750.0	DUF418 domain-containing protein YeiB [Escherichia coli]
yeiB	WP_042097430	L143I	143	143	L	I	L	L	98.442	100.0	385	385	750.0	DUF418 domain-containing protein YeiB [Escherichia coli]
yeiB	WP_421168074	L143I	143	143	L	I	L	L	98.182	100.0	385	385	750.0	DUF418 domain-containing protein YeiB [Escherichia coli]
yeiB	WP_130057198	L143I	143	143	L	I	L	L	98.442	100.0	385	385	750.0	DUF418 domain-containing protein YeiB [Escherichia coli]
yeiB	WP_137511288	L143I	143	143	L	I	L	L	98.961	100.0	385	385	750.0	DUF418 domain-containing protein YeiB [Escherichia coli]
yeiB	WP_137579108	L143I	143	143	L	I	L	L	98.701	100.0	385	385	750.0	DUF418 domain-containing protein YeiB [Escherichia coli]
yeiB	WP_042003097	L143I	143	143	L	I	L	L	98.442	100.0	385	385	750.0	DUF418 domain-containing protein YeiB [Escherichia coli]
yeiB	WP_000440918	L143I	143	143	L	I	L	L	98.182	100.0	385	385	750.0	MULTISPECIES: DUF418 domain-containing protein YeiB [Enterobacteriaceae]
yeiB	WP_061348972	L143I	143	143	L	I	L	L	98.182	100.0	385	385	750.0	DUF418 domain-containing protein YeiB [Escherichia coli]
yeiB	WP_187200611	L143I	143	143	L	I	L	L	98.182	100.0	385	385	750.0	DUF418 domain-containing protein YeiB [Escherichia coli]
yeiB	WP_171872857	L143I	143	143	L	I	L	L	98.442	100.0	385	385	750.0	DUF418 domain-containing protein YeiB [Escherichia coli]
yeiB	WP_100209809	L143I	143	143	L	I	L	L	98.182	100.0	385	385	750.0	MULTISPECIES: DUF418 domain-containing protein YeiB [Escherichia]
yeiB	WP_394746158	L143I	143	143	L	I	L	L	98.442	100.0	385	385	750.0	DUF418 domain-containing protein YeiB [Shigella flexneri]
yeiB	WP_277967458	L143I	143	143	L	I	L	L	98.701	100.0	385	385	750.0	DUF418 domain-containing protein YeiB [Escherichia coli]
yeiB	WP_410225655	L143I	143	143	L	I	L	L	98.182	100.0	385	385	750.0	DUF418 domain-containing protein YeiB [Escherichia sp. WS2659_1]
yeiB	WP_354019571	L143I	143	143	L	I	L	L	98.701	100.0	385	385	750.0	DUF418 domain-containing protein YeiB [Escherichia coli]
yeiB	WP_024216744	L143I	143	143	L	I	L	L	98.701	100.0	385	385	750.0	DUF418 domain-containing protein YeiB [Escherichia coli]
yeiB	WP_410232308	L143I	143	143	L	I	L	L	98.442	100.0	385	385	750.0	DUF418 domain-containing protein YeiB [Escherichia sp. WS338]
yeiB	WP_130055697	L143I	143	143	L	I	L	L	98.182	100.0	385	385	750.0	DUF418 domain-containing protein YeiB [Escherichia coli]
yeiB	WP_115176947	L143I	143	143	L	I	L	L	98.182	100.0	385	385	750.0	DUF418 domain-containing protein YeiB [Escherichia coli]
yeiB	WP_097480869	L143I	143	143	L	I	L	L	98.182	100.0	385	385	750.0	DUF418 domain-containing protein YeiB [Escherichia coli]
yeiB	WP_105287796	L143I	143	143	L	I	L	L	98.182	100.0	385	385	749.0	MULTISPECIES: DUF418 domain-containing protein YeiB [Escherichia]
yeiB	WP_033871194	L143I	143	143	L	I	L	L	98.442	100.0	385	385	749.0	DUF418 domain-containing protein YeiB [Escherichia coli]
yeiB	WP_097737578	L143I	143	143	L	I	L	L	98.182	100.0	385	385	749.0	DUF418 domain-containing protein YeiB [Escherichia coli]
yeiB	WP_094770919	L143I	143	143	L	I	L	L	98.182	100.0	385	385	749.0	DUF418 domain-containing protein YeiB [Escherichia coli]
yeiB	WP_481245970	L143I	143	143	L	I	L	L	98.701	100.0	385	385	749.0	N/A
yeiB	WP_267320627	L143I	143	143	L	I	L	L	98.442	100.0	385	385	749.0	DUF418 domain-containing protein YeiB [Escherichia coli]
yeiB	WP_218076781	L143I	143	143	L	I	L	L	98.442	100.0	385	385	749.0	DUF418 domain-containing protein YeiB [Escherichia coli]
yeiB	WP_052998654	L143I	143	143	L	I	L	L	98.701	100.0	385	385	749.0	DUF418 domain-containing protein YeiB [Shigella sonnei]
yeiB	WP_044865481	L143I	143	143	L	I	L	L	98.701	100.0	385	385	749.0	DUF418 domain-containing protein YeiB [Escherichia coli]
yeiB	WP_052920577	L143I	143	143	L	I	L	L	98.701	100.0	385	385	749.0	DUF418 domain-containing protein YeiB [Escherichia coli]
yeiB	WP_136828682	L143I	143	143	L	I	L	L	98.442	100.0	385	385	749.0	DUF418 domain-containing protein YeiB [Escherichia coli]
yeiB	WP_001425812	L143I	143	143	L	I	L	L	98.182	100.0	385	385	749.0	DUF418 domain-containing protein YeiB [Escherichia coli]
yeiB	WP_053286917	L143I	143	143	L	I	L	L	98.182	100.0	385	385	749.0	MULTISPECIES: DUF418 domain-containing protein YeiB [Escherichia]
yeiB	WP_252332584	L143I	143	143	L	I	L	L	98.701	100.0	385	385	749.0	DUF418 domain-containing protein YeiB [Escherichia coli]
yeiB	WP_447326397	L143I	143	143	L	I	L	L	98.182	100.0	385	385	749.0	DUF418 domain-containing protein YeiB [Escherichia coli]
yeiB	WP_205941369	L143I	143	143	L	I	L	L	98.701	100.0	385	385	749.0	DUF418 domain-containing protein YeiB [Escherichia coli]
yeiB	WP_281986266	L143I	143	143	L	I	L	L	98.442	100.0	385	385	749.0	DUF418 domain-containing protein YeiB [Escherichia coli]
yeiB	WP_319790245	L143I	143	143	L	I	L	L	98.701	100.0	385	385	749.0	DUF418 domain-containing protein YeiB [Escherichia coli]
yeiB	WP_052975140	L143I	143	143	L	I	L	L	98.701	100.0	385	385	749.0	DUF418 domain-containing protein YeiB [Shigella sonnei]
yeiB	WP_434413068	L143I	143	143	L	I	L	L	98.956	99.0	385	390	749.0	DUF418 domain-containing protein YeiB [Shigella sonnei]
yeiB	WP_135258117	L143I	143	143	L	I	L	L	98.701	100.0	385	385	749.0	DUF418 domain-containing protein YeiB [Escherichia coli]
yeiB	WP_338389790	L143I	143	143	L	I	L	L	98.701	100.0	385	385	749.0	DUF418 domain-containing protein YeiB [Escherichia coli]
yeiB	WP_274515750	L143I	143	143	L	I	L	L	98.701	100.0	385	385	749.0	N/A
yeiB	WP_336417479	L143I	143	143	L	I	L	L	98.182	100.0	385	385	749.0	DUF418 domain-containing protein YeiB [Escherichia coli]
yeiB	WP_083576002	L143I	143	143	L	I	L	L	98.182	100.0	385	385	749.0	DUF418 domain-containing protein YeiB [Escherichia coli]
yeiB	WP_097467590	L143I	143	143	L	I	L	L	98.442	100.0	385	385	749.0	DUF418 domain-containing protein YeiB [Escherichia coli]
yeiB	WP_048239486	L143I	143	143	L	I	L	L	98.701	100.0	385	385	749.0	DUF418 domain-containing protein YeiB [Escherichia coli]
yeiB	WP_126851145	L143I	143	143	L	I	L	L	98.182	100.0	385	385	749.0	MULTISPECIES: DUF418 domain-containing protein YeiB [Enterobacteriaceae]
yeiB	WP_024222728	L143I	143	143	L	I	L	L	98.701	100.0	385	385	749.0	DUF418 domain-containing protein YeiB [Escherichia coli]
yeiB	WP_064559282	L143I	143	143	L	I	L	L	98.701	100.0	385	385	749.0	DUF418 domain-containing protein YeiB [Escherichia coli]
yeiB	WP_130564189	L143I	143	143	L	I	L	L	98.701	100.0	385	385	749.0	DUF418 domain-containing protein YeiB [Escherichia coli]
yeiB	WP_032251912	L143I	143	143	L	I	L	L	98.442	100.0	385	385	749.0	DUF418 domain-containing protein YeiB [Escherichia coli]
yeiB	WP_000440933	L143I	143	143	L	I	L	L	98.961	100.0	385	385	749.0	MULTISPECIES: DUF418 domain-containing protein YeiB [Escherichia]
yeiB	WP_053291846	L143I	143	143	L	I	L	L	98.442	100.0	385	385	749.0	DUF418 domain-containing protein YeiB [Escherichia coli]
yeiB	WP_414225320	L143I	143	143	L	I	L	L	98.701	100.0	385	385	749.0	DUF418 domain-containing protein YeiB [Escherichia coli]
yeiB	WP_021539961	L143I	143	143	L	I	L	L	98.182	100.0	385	385	749.0	DUF418 domain-containing protein YeiB [Escherichia coli]
yeiB	WP_220401315	L143I	143	143	L	I	L	L	98.182	100.0	385	385	749.0	DUF418 domain-containing protein YeiB [Escherichia coli]
yeiB	WP_024017469	L143I	143	143	L	I	L	L	98.701	100.0	385	385	749.0	DUF418 domain-containing protein YeiB [Escherichia coli]
yeiB	WP_255864151	L143I	143	143	L	I	L	L	98.182	100.0	385	385	749.0	DUF418 domain-containing protein YeiB [Escherichia coli]
yeiB	WP_000440900	L143I	143	143	L	I	L	L	98.182	100.0	385	385	749.0	MULTISPECIES: DUF418 domain-containing protein YeiB [Enterobacteriaceae]
yeiB	WP_247166522	L143I	143	143	L	I	L	L	98.182	100.0	385	385	749.0	DUF418 domain-containing protein YeiB [Escherichia coli]
yeiB	WP_106486365	L143I	143	143	L	I	L	L	98.442	100.0	385	385	749.0	DUF418 domain-containing protein YeiB [Escherichia coli]
yeiB	WP_227472291	L143I	143	143	L	I	L	L	97.922	100.0	385	385	749.0	DUF418 domain-containing protein YeiB [Escherichia coli]
yeiB	WP_049036224	L143I	143	143	L	I	L	L	98.701	100.0	385	385	749.0	DUF418 domain-containing protein YeiB [Escherichia coli]
yeiB	WP_063611722	L143I	143	143	L	I	L	L	98.701	100.0	385	385	749.0	DUF418 domain-containing protein YeiB [Escherichia coli]
yeiB	WP_000440874	L143I	143	143	L	I	L	L	98.961	100.0	385	385	749.0	MULTISPECIES: DUF418 domain-containing protein YeiB [Shigella]
yeiB	WP_374068441	L143I	143	143	L	I	L	L	98.182	100.0	385	385	749.0	DUF418 domain-containing protein YeiB [Escherichia coli]
yeiB	WP_073544177	L143I	143	143	L	I	L	L	98.182	100.0	385	385	749.0	DUF418 domain-containing protein YeiB [Escherichia coli]
yeiB	WP_337455748	L143I	143	143	L	I	L	L	98.182	100.0	385	385	749.0	DUF418 domain-containing protein YeiB [Escherichia coli]
yeiB	WP_354666665	L143I	143	143	L	I	L	L	98.701	100.0	385	385	749.0	DUF418 domain-containing protein YeiB [Escherichia coli]
yeiB	WP_215715088	L143I	143	143	L	I	L	L	98.182	100.0	385	385	749.0	DUF418 domain-containing protein YeiB [Escherichia coli]
yeiB	WP_204084350	L143I	143	143	L	I	L	L	98.442	100.0	385	385	749.0	DUF418 domain-containing protein YeiB [Escherichia coli]
yeiB	WP_113456840	L143I	143	143	L	I	L	L	98.182	100.0	385	385	749.0	DUF418 domain-containing protein YeiB [Escherichia coli]
yeiB	WP_332152963	L143I	143	143	L	I	L	L	98.182	100.0	385	385	749.0	DUF418 domain-containing protein YeiB [Escherichia coli]
yeiB	WP_208484543	L143I	143	143	L	I	L	L	98.182	100.0	385	385	749.0	DUF418 domain-containing protein YeiB [Escherichia coli]
yeiB	WP_349399871	L143I	143	143	L	I	L	L	98.701	100.0	385	385	749.0	DUF418 domain-containing protein YeiB [Escherichia coli]
yeiB	WP_095092142	L143I	143	143	L	I	L	L	98.182	100.0	385	385	749.0	DUF418 domain-containing protein YeiB [Escherichia coli]
yeiB	WP_075330455	L143I	143	143	L	I	L	L	98.442	100.0	385	385	749.0	DUF418 domain-containing protein YeiB [Shigella boydii]
yeiB	WP_100039692	L143I	143	143	L	I	L	L	98.701	100.0	385	385	749.0	DUF418 domain-containing protein YeiB [Escherichia coli]
yeiB	WP_277108044	L143I	143	143	L	I	L	L	98.182	100.0	385	385	749.0	DUF418 domain-containing protein YeiB [Escherichia coli]
yeiB	WP_021553728	L143I	143	143	L	I	L	L	98.182	100.0	385	385	749.0	DUF418 domain-containing protein YeiB [Escherichia coli]
yeiB	WP_097759308	L143I	143	143	L	I	L	L	98.182	100.0	385	385	749.0	DUF418 domain-containing protein YeiB [Escherichia coli]
yeiB	WP_193328209	L143I	143	143	L	I	L	L	98.442	100.0	385	385	749.0	DUF418 domain-containing protein YeiB [Escherichia coli]
yeiB	WP_174270395	L143I	143	143	L	I	L	L	98.442	100.0	385	385	749.0	DUF418 domain-containing protein YeiB [Shigella flexneri]
yeiB	WP_021556983	L143I	143	143	L	I	L	L	98.442	100.0	385	385	749.0	MULTISPECIES: DUF418 domain-containing protein YeiB [Escherichia]
yeiB	WP_094029715	L143I	143	143	L	I	L	L	98.182	100.0	385	385	749.0	MULTISPECIES: DUF418 domain-containing protein YeiB [Escherichia]
yeiB	WP_112915171	L143I	143	143	L	I	L	L	98.182	100.0	385	385	749.0	DUF418 domain-containing protein YeiB [Escherichia coli]
yeiB	WP_032177489	L143I	143	143	L	I	L	L	98.182	100.0	385	385	749.0	DUF418 domain-containing protein YeiB [Escherichia coli]
yeiB	WP_311016664	L143I	143	143	L	I	L	L	98.961	100.0	385	385	749.0	DUF418 domain-containing protein YeiB [Shigella boydii]
yeiB	WP_434916163	L143I	143	143	L	I	L	L	98.182	100.0	385	385	749.0	DUF418 domain-containing protein YeiB [Escherichia coli]
yeiB	WP_001739488	L143I	143	143	L	I	L	L	98.442	100.0	385	385	749.0	DUF418 domain-containing protein YeiB [Escherichia coli]
yeiB	WP_021569482	L143I	143	143	L	I	L	L	98.701	100.0	385	385	749.0	DUF418 domain-containing protein YeiB [Escherichia coli]
yeiB	WP_024250200	L143I	143	143	L	I	L	L	98.182	100.0	385	385	749.0	MULTISPECIES: DUF418 domain-containing protein YeiB [Enterobacteriaceae]
yeiB	WP_096846557	L143I	143	143	L	I	L	L	98.442	100.0	385	385	749.0	DUF418 domain-containing protein YeiB [Escherichia coli]
yeiB	WP_000440899	L143I	143	143	L	I	L	L	98.701	100.0	385	385	749.0	MULTISPECIES: DUF418 domain-containing protein YeiB [Escherichia]
yeiB	WP_032261012	L143I	143	143	L	I	L	L	98.701	100.0	385	385	749.0	DUF418 domain-containing protein YeiB [Escherichia coli]
yeiB	WP_021523185	L143I	143	143	L	I	L	L	98.701	100.0	385	385	749.0	DUF418 domain-containing protein YeiB [Escherichia coli]
yeiB	WP_441012551	L143I	143	143	L	I	L	L	98.961	100.0	385	385	749.0	DUF418 domain-containing protein YeiB [Escherichia coli]
yeiB	WP_096187456	L143I	143	143	L	I	L	L	98.182	100.0	385	385	749.0	DUF418 domain-containing protein YeiB [Escherichia coli]
yeiB	WP_136148018	L143I	143	143	L	I	L	L	98.442	100.0	385	385	749.0	DUF418 domain-containing protein YeiB [Escherichia coli]
yeiB	WP_001602954	L143I	143	143	L	I	L	L	98.701	100.0	385	385	749.0	DUF418 domain-containing protein YeiB [Escherichia coli]
yeiB	WP_072646266	L143I	143	143	L	I	L	L	98.182	100.0	385	385	749.0	DUF418 domain-containing protein YeiB [Escherichia coli]
yeiB	WP_088551621	L143I	143	143	L	I	L	L	98.442	100.0	385	385	749.0	DUF418 domain-containing protein YeiB [Escherichia coli]
yeiB	WP_001504437	L143I	143	143	L	I	L	L	98.442	100.0	385	385	749.0	DUF418 domain-containing protein YeiB [Escherichia coli]
yeiB	WP_309212319	L143I	143	143	L	I	L	L	98.182	100.0	385	385	749.0	DUF418 domain-containing protein YeiB [Escherichia coli]
yeiB	WP_096179438	L143I	143	143	L	I	L	L	98.442	100.0	385	385	748.0	DUF418 domain-containing protein YeiB [Escherichia coli]
yeiB	WP_213855517	L143I	143	143	L	I	L	L	98.182	100.0	385	385	748.0	DUF418 domain-containing protein YeiB [Escherichia coli]
yeiB	WP_318069318	L143I	143	143	L	I	L	L	98.182	100.0	385	385	748.0	DUF418 domain-containing protein YeiB [Escherichia coli]
yeiB	WP_249768803	L143I	143	143	L	I	L	L	98.182	100.0	385	385	748.0	DUF418 domain-containing protein YeiB [Escherichia coli]
yeiB	WP_202791325	L143I	143	143	L	I	L	L	98.182	100.0	385	385	748.0	DUF418 domain-containing protein YeiB [Escherichia coli]
yeiB	WP_165469855	L143I	143	143	L	I	L	L	98.182	100.0	385	385	748.0	DUF418 domain-containing protein YeiB [Escherichia coli]
yeiB	WP_142436102	L143I	143	143	L	I	L	L	98.182	100.0	385	385	748.0	DUF418 domain-containing protein YeiB [Escherichia coli]
yeiB	WP_116836462	L143I	143	143	L	I	L	L	98.182	100.0	385	385	748.0	DUF418 domain-containing protein YeiB [Escherichia coli]
yeiB	WP_137459860	L143I	143	143	L	I	L	L	98.442	100.0	385	385	748.0	DUF418 domain-containing protein YeiB [Escherichia coli]
yeiB	WP_213847505	L143I	143	143	L	I	L	L	98.182	100.0	385	385	748.0	DUF418 domain-containing protein YeiB [Escherichia coli]
yeiB	WP_176261887	L143I	143	143	L	I	L	L	98.442	100.0	385	385	748.0	DUF418 domain-containing protein YeiB [Escherichia coli]
yeiB	WP_228244595	L143I	143	143	L	I	L	L	98.182	100.0	385	385	748.0	DUF418 domain-containing protein YeiB [Escherichia coli]
yeiB	WP_171854800	L143I	143	143	L	I	L	L	98.182	100.0	385	385	748.0	DUF418 domain-containing protein YeiB [Escherichia coli]
yeiB	WP_366949041	L143I	143	143	L	I	L	L	98.701	100.0	385	385	748.0	DUF418 domain-containing protein YeiB [Escherichia coli]
yeiB	WP_000440917	L143I	143	143	L	I	L	L	98.442	100.0	385	385	748.0	DUF418 domain-containing protein YeiB [Escherichia coli]
yeiB	WP_260225073	L143I	143	143	L	I	L	L	98.182	100.0	385	385	748.0	DUF418 domain-containing protein YeiB [Escherichia coli]
yeiB	WP_226148820	L143I	143	143	L	I	L	L	98.442	100.0	385	385	748.0	DUF418 domain-containing protein YeiB [Escherichia coli]
yeiB	WP_322267480	L143I	143	143	L	I	L	L	98.701	100.0	385	385	748.0	DUF418 domain-containing protein YeiB [Escherichia coli]
yeiB	WP_192959562	L143I	143	143	L	I	L	L	98.701	100.0	385	385	748.0	DUF418 domain-containing protein YeiB [Escherichia coli]
yeiB	WP_407984470	L143I	143	143	L	I	L	L	98.961	100.0	385	381	748.0	DUF418 domain-containing protein YeiB [Escherichia coli]
yeiB	WP_112004792	L143I	143	143	L	I	L	L	98.442	100.0	385	385	748.0	DUF418 domain-containing protein YeiB [Escherichia coli]
yeiB	WP_447354860	L143I	143	143	L	I	L	L	98.182	100.0	385	385	748.0	DUF418 domain-containing protein YeiB [Escherichia coli]
yeiB	WP_135560649	L143I	143	143	L	I	L	L	98.182	100.0	385	385	748.0	DUF418 domain-containing protein YeiB [Escherichia coli]
yeiB	WP_264717085	L143I	143	143	L	I	L	L	98.442	100.0	385	385	748.0	DUF418 domain-containing protein YeiB [Escherichia coli]
yeiB	WP_000440890	L143I	143	143	L	I	L	L	98.182	100.0	385	385	748.0	MULTISPECIES: DUF418 domain-containing protein YeiB [Escherichia]
yeiB	WP_059341938	L143I	143	143	L	I	L	L	98.442	100.0	385	385	748.0	DUF418 domain-containing protein YeiB [Escherichia coli]
yeiB	WP_196084809	L143I	143	143	L	I	L	L	98.442	100.0	385	385	748.0	DUF418 domain-containing protein YeiB [Escherichia coli]
yeiB	WP_139493055	L143I	143	143	L	I	L	L	98.182	100.0	385	385	748.0	DUF418 domain-containing protein YeiB [Escherichia coli]
yeiB	WP_001458096	L143I	143	143	L	I	L	L	98.182	100.0	385	385	748.0	DUF418 domain-containing protein YeiB [Escherichia coli]
yeiB	WP_096314964	L143I	143	143	L	I	L	L	98.701	100.0	385	385	748.0	DUF418 domain-containing protein YeiB [Escherichia coli]
yeiB	WP_447322708	L143I	143	143	L	I	L	L	98.701	100.0	385	385	748.0	DUF418 domain-containing protein YeiB [Escherichia coli]
yeiB	WP_021576269	L143I	143	143	L	I	L	L	98.182	100.0	385	385	748.0	DUF418 domain-containing protein YeiB [Escherichia coli]
yeiB	WP_302300065	L143I	143	143	L	I	L	L	97.922	100.0	385	385	748.0	DUF418 domain-containing protein YeiB [Escherichia coli]
yeiB	WP_096122103	L143I	143	143	L	I	L	L	98.182	100.0	385	385	748.0	DUF418 domain-containing protein YeiB [Escherichia coli]
yeiB	WP_227473585	L143I	143	143	L	I	L	L	98.442	100.0	385	385	748.0	DUF418 domain-containing protein YeiB [Escherichia coli]
yeiB	WP_410225299	L143I	143	143	L	I	L	L	98.182	100.0	385	385	748.0	DUF418 domain-containing protein YeiB [Escherichia sp. WS3286]
yeiB	WP_096950442	L143I	143	143	L	I	L	L	98.182	100.0	385	385	748.0	DUF418 domain-containing protein YeiB [Escherichia coli]
yeiB	WP_053883018	L143I	143	143	L	I	L	L	98.442	100.0	385	385	748.0	DUF418 domain-containing protein YeiB [Escherichia coli]
yeiB	WP_063625027	L143I	143	143	L	I	L	L	98.701	100.0	385	385	748.0	DUF418 domain-containing protein YeiB [Escherichia coli]
yeiB	WP_001410521	L143I	143	143	L	I	L	L	97.922	100.0	385	385	748.0	DUF418 domain-containing protein YeiB [Escherichia coli]
yeiB	WP_436932871	L143I	143	143	L	I	L	L	98.182	100.0	385	385	748.0	DUF418 domain-containing protein YeiB [Escherichia coli]
yeiB	WP_322882458	L143I	143	143	L	I	L	L	97.922	100.0	385	385	748.0	DUF418 domain-containing protein YeiB [Escherichia coli]
yeiB	WP_229982286	L143I	143	143	L	I	L	L	98.442	100.0	385	385	748.0	DUF418 domain-containing protein YeiB [Escherichia coli]
yeiB	WP_063611498	L143I	143	143	L	I	L	L	97.922	100.0	385	385	748.0	DUF418 domain-containing protein YeiB [Escherichia coli]
yeiB	WP_405072855	L143I	143	143	L	I	L	L	98.182	100.0	385	385	748.0	DUF418 domain-containing protein YeiB [Escherichia coli]
yeiB	WP_097336311	L143I	143	143	L	I	L	L	98.442	100.0	385	385	748.0	DUF418 domain-containing protein YeiB [Escherichia coli]
yeiB	WP_324628017	L143I	143	143	L	I	L	L	98.182	100.0	385	385	748.0	DUF418 domain-containing protein YeiB [Escherichia coli]
yeiB	WP_032294254	L143I	143	143	L	I	L	L	97.922	100.0	385	385	748.0	DUF418 domain-containing protein YeiB [Escherichia coli]
yeiB	WP_022296310	L143I	143	143	L	I	L	L	97.922	100.0	385	385	748.0	DUF418 domain-containing protein YeiB [Escherichia coli]
yeiB	WP_264821180	L143I	143	143	L	I	L	L	98.442	100.0	385	385	748.0	DUF418 domain-containing protein YeiB [Escherichia coli]
yeiB	WP_089620784	L143I	143	143	L	I	L	L	98.182	100.0	385	385	748.0	DUF418 domain-containing protein YeiB [Escherichia coli]
yeiB	WP_137505725	L143I	143	143	L	I	L	L	98.442	100.0	385	385	748.0	DUF418 domain-containing protein YeiB [Escherichia coli]
yeiB	WP_097736006	L143I	143	143	L	I	L	L	98.442	100.0	385	385	748.0	DUF418 domain-containing protein YeiB [Escherichia coli]
yeiB	WP_021552063	L143I	143	143	L	I	L	L	98.695	99.0	385	383	748.0	MULTISPECIES: DUF418 domain-containing protein YeiB [Escherichia]
yeiB	WP_039020527	L143I	143	143	L	I	L	L	97.922	100.0	385	385	748.0	MULTISPECIES: DUF418 domain-containing protein YeiB [Escherichia]
yeiB	WP_222902909	L143I	143	143	L	I	L	L	98.442	100.0	385	385	748.0	DUF418 domain-containing protein YeiB [Escherichia coli]
yeiB	WP_063081206	L143I	143	143	L	I	L	L	98.182	100.0	385	385	747.0	DUF418 domain-containing protein YeiB [Escherichia coli]
yeiB	WP_061344111	L143I	143	143	L	I	L	L	98.182	100.0	385	385	747.0	DUF418 domain-containing protein YeiB [Escherichia coli]
yeiB	WP_270382118	L143I	143	143	L	I	L	L	97.922	100.0	385	385	747.0	DUF418 domain-containing protein YeiB [Escherichia coli]
yeiB	WP_366959163	L143I	143	143	L	I	L	L	98.701	100.0	385	385	747.0	DUF418 domain-containing protein YeiB [Escherichia coli]
yeiB	WP_410403573	L143I	143	143	L	I	L	L	97.922	100.0	385	385	747.0	DUF418 domain-containing protein YeiB [Escherichia coli]
yeiB	WP_130076221	L143I	143	143	L	I	L	L	98.182	100.0	385	385	747.0	DUF418 domain-containing protein YeiB [Escherichia coli]
yeiB	WP_021567454	L143I	143	143	L	I	L	L	98.182	100.0	385	385	747.0	DUF418 domain-containing protein YeiB [Escherichia coli]
yeiB	WP_407231463	L143I	143	143	L	I	L	L	97.922	100.0	385	385	747.0	DUF418 domain-containing protein YeiB [Escherichia coli]
yeiB	WP_160177402	L143I	143	143	L	I	L	L	98.701	100.0	385	385	747.0	DUF418 domain-containing protein YeiB [Escherichia coli]
yeiB	WP_454078940	L143I	143	143	L	I	L	L	97.922	100.0	385	385	747.0	DUF418 domain-containing protein YeiB [Escherichia coli]
yeiB	WP_280087889	L143I	143	143	L	I	L	L	97.922	100.0	385	385	747.0	DUF418 domain-containing protein YeiB [Escherichia coli]
yeiB	WP_105278017	L143I	143	143	L	I	L	L	97.662	100.0	385	385	747.0	DUF418 domain-containing protein YeiB [Escherichia sp. MOD1-EC4550]
yeiB	WP_039076584	L143I	143	143	L	I	L	L	98.701	100.0	385	385	747.0	DUF418 domain-containing protein YeiB [Shigella boydii]
yeiB	WP_413177691	L143I	143	143	L	I	L	L	97.922	100.0	385	385	747.0	DUF418 domain-containing protein YeiB [Escherichia coli]
yeiB	WP_032190180	L143I	143	143	L	I	L	L	97.922	100.0	385	385	747.0	DUF418 domain-containing protein YeiB [Escherichia coli]
yeiB	WP_308072519	L143I	143	143	L	I	L	L	98.182	100.0	385	385	747.0	DUF418 domain-containing protein YeiB [Escherichia coli]
yeiB	WP_462124408	L143I	143	143	L	I	L	L	97.922	100.0	385	385	747.0	N/A
yeiB	WP_119160049	L143I	143	143	L	I	L	L	97.922	100.0	385	385	747.0	DUF418 domain-containing protein YeiB [Escherichia coli]
yeiB	WP_176316559	L143I	143	143	L	I	L	L	97.922	100.0	385	385	747.0	DUF418 domain-containing protein YeiB [Escherichia coli]
yeiB	WP_241325330	L143I	143	143	L	I	L	L	97.922	100.0	385	385	747.0	DUF418 domain-containing protein YeiB [Escherichia coli]
yeiB	WP_247172249	L143I	143	143	L	I	L	L	98.442	100.0	385	385	747.0	DUF418 domain-containing protein YeiB [Escherichia coli]
yeiB	WP_039061562	L143I	143	143	L	I	L	L	98.442	100.0	385	385	747.0	DUF418 domain-containing protein YeiB [Shigella boydii]
yeiB	WP_221054871	L143I	143	143	L	I	L	L	97.922	100.0	385	385	747.0	DUF418 domain-containing protein YeiB [Escherichia coli]
yeiB	WP_135113287	L143I	143	143	L	I	L	L	98.442	100.0	385	385	747.0	DUF418 domain-containing protein YeiB [Escherichia coli]
yeiB	WP_139482896	L143I	143	143	L	I	L	L	97.922	100.0	385	385	747.0	DUF418 domain-containing protein YeiB [Escherichia coli]
yeiB	WP_097415812	L143I	143	143	L	I	L	L	97.922	100.0	385	385	747.0	DUF418 domain-containing protein YeiB [Escherichia coli]
yeiB	WP_000440925	L143I	143	143	L	I	L	L	97.662	100.0	385	385	747.0	MULTISPECIES: DUF418 domain-containing protein YeiB [Escherichia]
yeiB	WP_109963202	L143I	143	143	L	I	L	L	97.662	100.0	385	385	747.0	DUF418 domain-containing protein YeiB [Escherichia coli]
yeiB	WP_021516288	L143I	143	143	L	I	L	L	97.922	100.0	385	385	747.0	DUF418 domain-containing protein YeiB [Escherichia coli]
yeiB	WP_412728222	L143I	143	143	L	I	L	L	98.442	100.0	385	385	746.0	DUF418 domain-containing protein YeiB [Escherichia coli]
yeiB	WP_001525055	L143I	143	143	L	I	L	L	97.922	100.0	385	385	746.0	DUF418 domain-containing protein YeiB [Escherichia coli]
yeiB	WP_373361131	L143I	143	143	L	I	L	L	98.182	100.0	385	385	746.0	DUF418 domain-containing protein YeiB [Escherichia coli]
yeiB	WP_435955160	L143I	143	143	L	I	L	L	97.922	100.0	385	385	746.0	DUF418 domain-containing protein YeiB [Escherichia coli]
yeiB	WP_137496099	L143I	143	143	L	I	L	L	97.922	100.0	385	385	746.0	DUF418 domain-containing protein YeiB [Escherichia coli]
yeiB	WP_021513720	L143I	143	143	L	I	L	L	97.922	100.0	385	385	746.0	DUF418 domain-containing protein YeiB [Escherichia coli]
yeiB	WP_410293126	L143I	143	143	L	I	L	L	97.922	100.0	385	385	746.0	DUF418 domain-containing protein YeiB [Escherichia coli]
yeiB	WP_033554844	L143I	143	143	L	I	L	L	97.922	100.0	385	385	746.0	DUF418 domain-containing protein YeiB [Escherichia coli]
yeiB	WP_054495728	L143I	143	143	L	I	L	L	98.442	100.0	385	385	746.0	DUF418 domain-containing protein YeiB [Escherichia coli]
yeiB	WP_400247669	L143I	143	143	L	I	L	L	97.922	100.0	385	385	746.0	DUF418 domain-containing protein YeiB [Escherichia coli]
yeiB	WP_222695253	L143I	143	143	L	I	L	L	98.442	100.0	385	385	746.0	DUF418 domain-containing protein YeiB [Escherichia coli]
yeiB	WP_097714236	L143I	143	143	L	I	L	L	98.182	100.0	385	385	746.0	DUF418 domain-containing protein YeiB [Escherichia coli]
yeiB	WP_075861985	L143I	143	143	L	I	L	L	98.701	100.0	385	385	746.0	MULTISPECIES: DUF418 domain-containing protein YeiB [Enterobacteriaceae]
yeiB	WP_047624507	L143I	143	143	L	I	L	L	97.922	100.0	385	385	746.0	DUF418 domain-containing protein YeiB [Escherichia coli]
yeiB	WP_000440888	L143I	143	143	L	I	L	L	97.922	100.0	385	385	746.0	DUF418 domain-containing protein YeiB [Escherichia coli]
yeiB	WP_097495476	L143I	143	143	L	I	L	L	97.922	100.0	385	385	746.0	DUF418 domain-containing protein YeiB [Escherichia coli]
yeiB	WP_215462577	L143I	143	143	L	I	L	L	97.922	100.0	385	385	746.0	DUF418 domain-containing protein YeiB [Escherichia coli]
yeiB	WP_044068806	L143I	143	143	L	I	L	L	97.662	100.0	385	385	746.0	DUF418 domain-containing protein YeiB [Escherichia coli]
yeiB	WP_042091505	L143I	143	143	L	I	L	L	97.922	100.0	385	385	746.0	DUF418 domain-containing protein YeiB [Escherichia coli]
yeiB	WP_096939026	L143I	143	143	L	I	L	L	97.922	100.0	385	385	746.0	DUF418 domain-containing protein YeiB [Escherichia coli]
yeiB	WP_424257173	L143I	143	143	L	I	L	L	97.922	100.0	385	385	746.0	DUF418 domain-containing protein YeiB [Escherichia coli]
yeiB	WP_089698905	L143I	143	143	L	I	L	L	97.922	100.0	385	385	746.0	DUF418 domain-containing protein YeiB [Escherichia coli]
yeiB	WP_168249563	L143I	143	143	L	I	L	L	97.922	100.0	385	385	746.0	DUF418 domain-containing protein YeiB [Escherichia coli]
yeiB	WP_311022199	L143I	143	143	L	I	L	L	97.922	100.0	385	385	746.0	DUF418 domain-containing protein YeiB [Escherichia coli]
yeiB	WP_089558722	L143I	143	143	L	I	L	L	98.182	100.0	385	385	746.0	DUF418 domain-containing protein YeiB [Escherichia coli]
yeiB	WP_109746011	L143I	143	143	L	I	L	L	97.922	100.0	385	385	746.0	DUF418 domain-containing protein YeiB [Escherichia coli]
yeiB	WP_001578656	L143I	143	143	L	I	L	L	98.433	99.0	385	383	746.0	DUF418 domain-containing protein YeiB [Escherichia coli]
yeiB	WP_135121977	L143I	143	143	L	I	L	L	97.922	100.0	385	385	746.0	DUF418 domain-containing protein YeiB [Escherichia coli]
yeiB	WP_054575724	L143I	143	143	L	I	L	L	97.922	100.0	385	385	746.0	DUF418 domain-containing protein YeiB [Escherichia coli]
yeiB	WP_158114515	L143I	143	143	L	I	L	L	97.922	100.0	385	385	746.0	DUF418 domain-containing protein YeiB [Escherichia coli]
yeiB	WP_001461228	L143I	143	143	L	I	L	L	97.922	100.0	385	385	746.0	DUF418 domain-containing protein YeiB [Escherichia coli]
yeiB	WP_000440924	L143I	143	143	L	I	L	L	97.662	100.0	385	385	746.0	MULTISPECIES: DUF418 domain-containing protein YeiB [Escherichia]
yeiB	WP_052895353	L143I	143	143	L	I	L	L	97.922	100.0	385	385	746.0	DUF418 domain-containing protein YeiB [Escherichia coli]
yeiB	WP_000440944	L143I	143	143	L	I	L	L	97.662	100.0	385	385	746.0	DUF418 domain-containing protein YeiB [Escherichia coli]
yeiB	WP_033803914	L143I	143	143	L	I	L	L	98.442	100.0	385	385	746.0	DUF418 domain-containing protein YeiB [Escherichia coli]
yeiB	WP_137485670	L143I	143	143	L	I	L	L	98.442	100.0	385	385	746.0	DUF418 domain-containing protein YeiB [Escherichia coli]
yeiB	WP_460199775	L143I	143	143	L	I	L	L	98.182	100.0	385	385	746.0	N/A
yeiB	WP_103556539	L143I	143	143	L	I	L	L	97.922	100.0	385	385	746.0	DUF418 domain-containing protein YeiB [Escherichia coli]
yeiB	WP_218790449	L143I	143	143	L	I	L	L	97.922	100.0	385	385	746.0	DUF418 domain-containing protein YeiB [Escherichia coli]
yeiB	WP_240747377	L143I	143	143	L	I	L	L	97.922	100.0	385	385	746.0	DUF418 domain-containing protein YeiB [Escherichia coli]
yeiB	WP_128456444	L143I	143	143	L	I	L	L	98.182	100.0	385	385	746.0	DUF418 domain-containing protein YeiB [Escherichia coli]
yeiB	WP_282517550	L143I	143	143	L	I	L	L	97.922	100.0	385	385	746.0	DUF418 domain-containing protein YeiB [Escherichia coli]
yeiB	WP_222678962	L143I	143	143	L	I	L	L	98.442	100.0	385	385	746.0	DUF418 domain-containing protein YeiB [Escherichia coli]
yeiB	WP_000440908	L143I	143	143	L	I	L	L	97.662	100.0	385	385	746.0	DUF418 domain-containing protein YeiB [Escherichia coli]
yeiB	WP_279281602	L143I	143	143	L	I	L	L	97.403	100.0	385	385	746.0	DUF418 domain-containing protein YeiB [Escherichia coli]
yeiB	WP_246977269	L143I	143	143	L	I	L	L	97.922	100.0	385	385	746.0	DUF418 domain-containing protein YeiB [Escherichia coli]
yeiB	WP_061089151	L143I	143	143	L	I	L	L	97.922	100.0	385	385	746.0	DUF418 domain-containing protein YeiB [Escherichia coli]
yeiB	WP_373964625	L143I	143	143	L	I	L	L	98.182	100.0	385	385	745.0	DUF418 domain-containing protein YeiB [Escherichia coli]
yeiB	WP_033545457	L143I	143	143	L	I	L	L	97.662	100.0	385	385	745.0	DUF418 domain-containing protein YeiB [Escherichia coli]
yeiB	WP_050016680	L143I	143	143	L	I	L	L	98.442	100.0	385	385	745.0	DUF418 domain-containing protein YeiB [Escherichia coli]
yeiB	WP_097477117	L143I	143	143	L	I	L	L	97.922	100.0	385	385	745.0	DUF418 domain-containing protein YeiB [Escherichia coli]
yeiB	WP_367613343	L143I	143	143	L	I	L	L	97.922	100.0	385	385	745.0	DUF418 domain-containing protein YeiB [Escherichia coli]
yeiB	WP_316420928	L143I	143	143	L	I	L	L	97.662	100.0	385	385	745.0	DUF418 domain-containing protein YeiB [Escherichia coli]
yeiB	WP_137506917	L143I	143	143	L	I	L	L	97.662	100.0	385	385	745.0	DUF418 domain-containing protein YeiB [Escherichia coli]
yeiB	WP_137543160	L143I	143	143	L	I	L	L	97.922	100.0	385	385	745.0	DUF418 domain-containing protein YeiB [Escherichia coli]
yeiB	WP_097292502	L143I	143	143	L	I	L	L	97.922	100.0	385	385	745.0	DUF418 domain-containing protein YeiB [Escherichia coli]
yeiB	WP_174144202	L143I	143	143	L	I	L	L	97.662	100.0	385	385	745.0	DUF418 domain-containing protein YeiB [Escherichia coli]
yeiB	WP_119152847	L143I	143	143	L	I	L	L	97.922	100.0	385	385	745.0	DUF418 domain-containing protein YeiB [Escherichia coli]
yeiB	WP_062892672	L143I	143	143	L	I	L	L	98.182	100.0	385	385	745.0	DUF418 domain-containing protein YeiB [Escherichia coli]
yeiB	WP_074517469	L143I	143	143	L	I	L	L	97.403	100.0	385	385	745.0	DUF418 domain-containing protein YeiB [Escherichia coli]
yeiB	WP_244345443	L143I	143	143	L	I	L	L	97.662	100.0	385	385	745.0	DUF418 domain-containing protein YeiB [Escherichia coli]
yeiB	WP_001531829	L143I	143	143	L	I	L	L	97.922	100.0	385	385	745.0	DUF418 domain-containing protein YeiB [Escherichia coli]
yeiB	WP_113842085	L143I	143	143	L	I	L	L	97.922	100.0	385	385	745.0	DUF418 domain-containing protein YeiB [Escherichia coli]
yeiB	WP_000440945	L143I	143	143	L	I	L	L	97.403	100.0	385	385	745.0	MULTISPECIES: DUF418 domain-containing protein YeiB [Enterobacteriaceae]
yeiB	WP_021565828	L143I	143	143	L	I	L	L	97.922	100.0	385	385	745.0	DUF418 domain-containing protein YeiB [Escherichia coli]
yeiB	WP_115763041	L143I	143	143	L	I	L	L	97.922	100.0	385	385	745.0	DUF418 domain-containing protein YeiB [Escherichia coli]
yeiB	WP_139509188	L143I	143	143	L	I	L	L	97.922	100.0	385	385	745.0	DUF418 domain-containing protein YeiB [Escherichia coli]
yeiB	WP_053811545	L143I	143	143	L	I	L	L	97.922	100.0	385	385	745.0	DUF418 domain-containing protein YeiB [Escherichia coli]
yeiB	WP_152071507	L143I	143	143	L	I	L	L	97.403	100.0	385	385	745.0	DUF418 domain-containing protein YeiB [Escherichia coli]
yeiB	WP_136787941	L143I	143	143	L	I	L	L	97.922	100.0	385	385	744.0	DUF418 domain-containing protein YeiB [Escherichia coli]
yeiB	WP_088541312	L143I	143	143	L	I	L	L	97.662	100.0	385	385	744.0	DUF418 domain-containing protein YeiB [Escherichia coli]
yeiB	WP_179149957	L143I	143	143	L	I	L	L	97.922	100.0	385	385	744.0	DUF418 domain-containing protein YeiB [Escherichia coli]
yeiB	WP_024242003	L143I	143	143	L	I	L	L	97.922	100.0	385	385	744.0	DUF418 domain-containing protein YeiB [Escherichia coli]
yeiB	WP_074500742	L143I	143	143	L	I	L	L	97.403	100.0	385	385	744.0	DUF418 domain-containing protein YeiB [Escherichia coli]
yeiB	WP_000440889	L143I	143	143	L	I	L	L	97.662	100.0	385	385	744.0	DUF418 domain-containing protein YeiB [Escherichia coli]
yeiB	WP_001510094	L143I	143	143	L	I	L	L	97.662	100.0	385	385	744.0	DUF418 domain-containing protein YeiB [Escherichia coli]
yeiB	WP_421647718	L143I	143	143	L	I	L	L	97.922	100.0	385	385	744.0	DUF418 domain-containing protein YeiB [Escherichia coli]
yeiB	WP_098030033	L143I	143	143	L	I	L	L	97.922	100.0	385	385	744.0	DUF418 domain-containing protein YeiB [Escherichia coli]
yeiB	WP_261633121	L143I	143	143	L	I	L	L	98.182	100.0	385	385	744.0	DUF418 domain-containing protein YeiB [Escherichia coli]
yeiB	WP_001607731	L143I	143	143	L	I	L	L	97.662	100.0	385	385	744.0	DUF418 domain-containing protein YeiB [Escherichia coli]
yeiB	WP_021541137	L143I	143	143	L	I	L	L	97.403	100.0	385	385	744.0	DUF418 domain-containing protein YeiB [Escherichia coli]
yeiB	WP_096883818	L143I	143	143	L	I	L	L	97.662	100.0	385	385	744.0	DUF418 domain-containing protein YeiB [Escherichia coli]
yeiB	WP_032296325	L143I	143	143	L	I	L	L	97.922	100.0	385	385	744.0	DUF418 domain-containing protein YeiB [Escherichia coli]
yeiB	WP_089575282	L143I	143	143	L	I	L	L	97.922	100.0	385	385	744.0	DUF418 domain-containing protein YeiB [Escherichia coli]
yeiB	WP_199397374	L143I	143	143	L	I	L	L	97.403	100.0	385	385	744.0	DUF418 domain-containing protein YeiB [Escherichia coli]
yeiB	WP_021522152	L143I	143	143	L	I	L	L	97.403	100.0	385	385	744.0	DUF418 domain-containing protein YeiB [Escherichia coli]
yeiB	WP_262035217	L143I	143	143	L	I	L	L	97.922	100.0	385	385	744.0	DUF418 domain-containing protein YeiB [Escherichia coli]
yeiB	WP_087890396	L143I	143	143	L	I	L	L	97.403	100.0	385	385	744.0	DUF418 domain-containing protein YeiB [Escherichia coli]
yeiB	WP_069912977	L143I	143	143	L	I	L	L	97.922	100.0	385	385	744.0	DUF418 domain-containing protein YeiB [Escherichia coli]
yeiB	WP_032184607	L143I	143	143	L	I	L	L	97.403	100.0	385	385	744.0	MULTISPECIES: DUF418 domain-containing protein YeiB [Escherichia]
yeiB	WP_001764728	L143I	143	143	L	I	L	L	97.662	100.0	385	385	743.0	DUF418 domain-containing protein YeiB [Escherichia coli]
yeiB	WP_372570221	L143I	143	143	L	I	L	L	97.403	100.0	385	385	743.0	DUF418 domain-containing protein YeiB [Escherichia coli]
yeiB	WP_218071688	L143I	143	143	L	I	L	L	98.182	100.0	385	385	743.0	DUF418 domain-containing protein YeiB [Escherichia coli]
yeiB	WP_000440886	L143I	143	143	L	I	L	L	97.662	100.0	385	385	743.0	MULTISPECIES: DUF418 domain-containing protein YeiB [Escherichia]
yeiB	WP_001538987	L143I	143	143	L	I	L	L	97.403	100.0	385	385	743.0	MULTISPECIES: DUF418 domain-containing protein YeiB [Enterobacteriaceae]
yeiB	WP_243046471	L143I	143	143	L	I	L	L	97.403	100.0	385	385	743.0	DUF418 domain-containing protein YeiB [Escherichia coli]
yeiB	WP_115241249	L143I	143	143	L	I	L	L	97.403	100.0	385	385	743.0	DUF418 domain-containing protein YeiB [Escherichia coli]
yeiB	WP_148496671	L143I	143	143	L	I	L	L	97.403	100.0	385	385	743.0	DUF418 domain-containing protein YeiB [Escherichia coli]
yeiB	WP_001688727	L143I	143	143	L	I	L	L	97.403	100.0	385	385	743.0	DUF418 domain-containing protein YeiB [Escherichia coli]
yeiB	WP_406541148	L143I	143	143	L	I	L	L	97.143	100.0	385	385	743.0	DUF418 domain-containing protein YeiB [Escherichia coli]
yeiB	WP_097481885	L143I	143	143	L	I	L	L	98.182	100.0	385	385	743.0	DUF418 domain-containing protein YeiB [Escherichia coli]
yeiB	WP_218073493	L143I	143	143	L	I	L	L	97.922	100.0	385	385	743.0	DUF418 domain-containing protein YeiB [Escherichia coli]
yeiB	WP_000440885	L143I	143	143	L	I	L	L	97.662	100.0	385	385	743.0	DUF418 domain-containing protein YeiB [Escherichia coli]
yeiB	WP_105271585	L143I	143	143	L	I	L	L	97.403	100.0	385	385	743.0	MULTISPECIES: DUF418 domain-containing protein YeiB [Escherichia]
yeiB	WP_061309345	L143I	143	143	L	I	L	L	97.143	100.0	385	385	743.0	DUF418 domain-containing protein YeiB [Escherichia coli]
yeiB	WP_033553135	L143I	143	143	L	I	L	L	97.143	100.0	385	385	743.0	DUF418 domain-containing protein YeiB [Escherichia coli]
yeiB	WP_097423010	L143I	143	143	L	I	L	L	97.403	100.0	385	385	743.0	DUF418 domain-containing protein YeiB [Escherichia coli]
yeiB	WP_001592343	L143I	143	143	L	I	L	L	97.403	100.0	385	385	743.0	DUF418 domain-containing protein YeiB [Escherichia coli]
yeiB	WP_218662932	L143I	143	143	L	I	L	L	98.182	100.0	385	385	743.0	DUF418 domain-containing protein YeiB [Escherichia coli]
yeiB	WP_097483825	L143I	143	143	L	I	L	L	97.143	100.0	385	385	743.0	DUF418 domain-containing protein YeiB [Escherichia coli]
yeiB	WP_262019429	L143I	143	143	L	I	L	L	97.922	100.0	385	385	743.0	DUF418 domain-containing protein YeiB [Escherichia coli]
yeiB	WP_101984897	L143I	143	143	L	I	L	L	97.143	100.0	385	385	743.0	DUF418 domain-containing protein YeiB [Escherichia coli]
yeiB	WP_053898520	L143I	143	143	L	I	L	L	97.662	100.0	385	385	743.0	DUF418 domain-containing protein YeiB [Escherichia coli]
yeiB	WP_062865479	L143I	143	143	L	I	L	L	97.403	100.0	385	385	743.0	DUF418 domain-containing protein YeiB [Escherichia coli]
yeiB	WP_096842381	L143I	143	143	L	I	L	L	97.143	100.0	385	385	743.0	DUF418 domain-containing protein YeiB [Escherichia coli]
yeiB	WP_097425322	L143I	143	143	L	I	L	L	97.403	100.0	385	385	743.0	DUF418 domain-containing protein YeiB [Escherichia coli]
yeiB	WP_107200209	L143I	143	143	L	I	L	L	97.662	100.0	385	385	743.0	DUF418 domain-containing protein YeiB [Escherichia coli]
yeiB	WP_244756167	L143I	143	143	L	I	L	L	97.143	100.0	385	385	743.0	DUF418 domain-containing protein YeiB [Escherichia coli]
yeiB	WP_024236421	L143I	143	144	L	I	L	L	98.187	100.0	385	386	742.0	DUF418 domain-containing protein YeiB [Escherichia coli]
yeiB	WP_032343738	L143I	143	143	L	I	L	L	97.403	100.0	385	385	742.0	DUF418 domain-containing protein YeiB [Escherichia coli]
yeiB	WP_096843156	L143I	143	143	L	I	L	L	97.403	100.0	385	385	742.0	DUF418 domain-containing protein YeiB [Escherichia coli]
yeiB	WP_113355119	L143I	143	143	L	I	L	L	97.403	100.0	385	385	742.0	DUF418 domain-containing protein YeiB [Escherichia coli]
yeiB	WP_000440909	L143I	143	143	L	I	L	L	97.403	100.0	385	385	742.0	DUF418 domain-containing protein YeiB [Escherichia coli]
yeiB	WP_225104060	L143I	143	143	L	I	L	L	97.143	100.0	385	385	742.0	DUF418 domain-containing protein YeiB [Escherichia coli]
yeiB	WP_023908539	L143I	143	143	L	I	L	L	97.922	100.0	385	384	742.0	DUF418 domain-containing protein YeiB [Escherichia coli]
yeiB	WP_097745970	L143I	143	143	L	I	L	L	97.143	100.0	385	385	742.0	DUF418 domain-containing protein YeiB [Escherichia coli]
yeiB	WP_366995805	L143I	143	143	L	I	L	L	97.143	100.0	385	385	742.0	DUF418 domain-containing protein YeiB [Escherichia coli]
yeiB	WP_089579013	L143I	143	143	L	I	L	L	97.143	100.0	385	385	742.0	DUF418 domain-containing protein YeiB [Escherichia coli]
yeiB	WP_327643431	L143I	143	143	L	I	L	L	97.143	100.0	385	385	742.0	DUF418 domain-containing protein YeiB [Escherichia coli]
yeiB	WP_049094542	L143I	143	143	L	I	L	L	97.143	100.0	385	385	742.0	DUF418 domain-containing protein YeiB [Escherichia coli]
yeiB	WP_174246320	L143I	143	143	L	I	L	L	97.143	100.0	385	385	742.0	DUF418 domain-containing protein YeiB [Escherichia coli]
yeiB	WP_139615327	L143I	143	143	L	I	L	L	97.143	100.0	385	385	742.0	DUF418 domain-containing protein YeiB [Escherichia coli]
yeiB	WP_262203586	L143I	143	143	L	I	L	L	97.143	100.0	385	385	742.0	DUF418 domain-containing protein YeiB [Escherichia coli]
yeiB	WP_200146305	L143I	143	143	L	I	L	L	97.143	100.0	385	385	742.0	DUF418 domain-containing protein YeiB [Escherichia coli]
yeiB	WP_105453635	L143I	143	143	L	I	L	L	97.143	100.0	385	385	741.0	DUF418 domain-containing protein YeiB [Escherichia coli]
yeiB	WP_096880307	L143I	143	143	L	I	L	L	97.403	100.0	385	385	741.0	DUF418 domain-containing protein YeiB [Escherichia coli]
yeiB	WP_354666676	L143I	143	143	L	I	L	L	97.389	99.0	385	383	741.0	DUF418 domain-containing protein YeiB [Escherichia coli]
yeiB	WP_097433979	L143I	143	143	L	I	L	L	97.403	100.0	385	385	741.0	DUF418 domain-containing protein YeiB [Escherichia coli]
yeiB	WP_409221079	L143I	143	143	L	I	L	L	97.143	100.0	385	385	741.0	DUF418 domain-containing protein YeiB [Escherichia coli]
yeiB	WP_032298388	L143I	143	143	L	I	L	L	97.403	100.0	385	385	741.0	DUF418 domain-containing protein YeiB [Escherichia coli]
yeiB	WP_097475832	L143I	143	143	L	I	L	L	96.883	100.0	385	385	741.0	DUF418 domain-containing protein YeiB [Escherichia coli]
yeiB	WP_243051648	L143I	143	143	L	I	L	L	97.143	100.0	385	385	741.0	DUF418 domain-containing protein YeiB [Escherichia coli]
yeiB	WP_021548165	L143I	143	143	L	I	L	L	97.143	100.0	385	385	741.0	DUF418 domain-containing protein YeiB [Escherichia coli]
yeiB	WP_044720706	L143I	143	143	L	I	L	L	97.403	100.0	385	385	741.0	DUF418 domain-containing protein YeiB [Escherichia coli]
yeiB	WP_242816447	L143I	143	143	L	I	L	L	97.403	100.0	385	385	741.0	DUF418 domain-containing protein YeiB [Escherichia coli]
yeiB	WP_149844486	L143I	143	143	L	I	L	L	97.143	100.0	385	385	740.0	DUF418 domain-containing protein YeiB [Escherichia coli]
yeiB	WP_113495819	L143I	143	143	L	I	L	L	97.143	100.0	385	385	740.0	DUF418 domain-containing protein YeiB [Escherichia coli]
yeiB	WP_152079714	L143I	143	143	L	I	L	L	97.403	100.0	385	385	740.0	DUF418 domain-containing protein YeiB [Escherichia coli]
yeiB	WP_105454915	L143I	143	143	L	I	L	L	97.143	100.0	385	385	740.0	DUF418 domain-containing protein YeiB [Escherichia coli]
yeiB	WP_000440932	L143I	143	143	L	I	L	L	97.143	100.0	385	385	740.0	MULTISPECIES: DUF418 domain-containing protein YeiB [Escherichia]
yeiB	WP_000440923	L143I	143	143	L	I	L	L	96.883	100.0	385	385	740.0	MULTISPECIES: DUF418 domain-containing protein YeiB [Escherichia]
yeiB	WP_033553498	L143I	143	143	L	I	L	L	97.403	100.0	385	385	740.0	DUF418 domain-containing protein YeiB [Escherichia coli]
yeiB	WP_311007893	L143I	143	143	L	I	L	L	96.684	100.0	385	392	740.0	DUF418 domain-containing protein YeiB [Shigella boydii]
yeiB	WP_115444852	L143I	143	143	L	I	L	L	97.143	100.0	385	385	740.0	DUF418 domain-containing protein YeiB [Escherichia coli]
yeiB	WP_032340879	L143I	143	143	L	I	L	L	97.662	100.0	385	385	740.0	DUF418 domain-containing protein YeiB [Escherichia coli]
yeiB	WP_429933287	L143I	143	143	L	I	L	L	97.143	100.0	385	385	740.0	DUF418 domain-containing protein YeiB [Escherichia coli]
yeiB	WP_059319841	L143I	143	143	L	I	L	L	96.883	100.0	385	385	739.0	DUF418 domain-containing protein YeiB [Escherichia coli]
yeiB	WP_052894044	L143I	143	143	L	I	L	L	97.403	100.0	385	385	739.0	DUF418 domain-containing protein YeiB [Escherichia coli]
yeiB	WP_032182622	L143I	143	143	L	I	L	L	97.403	100.0	385	385	739.0	DUF418 domain-containing protein YeiB [Escherichia coli]
yeiB	WP_322470889	L143I	143	143	L	I	L	L	97.403	100.0	385	385	739.0	DUF418 domain-containing protein YeiB [Escherichia coli]
yeiB	WP_192951640	L143I	143	143	L	I	L	L	96.883	100.0	385	385	739.0	DUF418 domain-containing protein YeiB [Escherichia coli]
yeiB	WP_042092378	L143I	143	143	L	I	L	L	96.883	100.0	385	385	739.0	DUF418 domain-containing protein YeiB [Escherichia coli]
yeiB	WP_121378042	L143I	143	143	L	I	L	L	96.883	100.0	385	385	739.0	DUF418 domain-containing protein YeiB [Escherichia coli]
yeiB	WP_071342943	L143I	143	143	L	I	L	L	97.403	100.0	385	385	739.0	DUF418 domain-containing protein YeiB [Escherichia coli]
yeiB	WP_032355963	L143I	143	143	L	I	L	L	96.883	100.0	385	385	739.0	DUF418 domain-containing protein YeiB [Escherichia coli]
yeiB	WP_237999856	L143I	143	143	L	I	L	L	96.883	100.0	385	385	739.0	DUF418 domain-containing protein YeiB [Escherichia coli]
yeiB	WP_000440882	L143I	143	143	L	I	L	L	97.143	100.0	385	385	739.0	MULTISPECIES: DUF418 domain-containing protein YeiB [Enterobacteriaceae]
yeiB	WP_282656529	L143I	143	143	L	I	L	L	96.883	100.0	385	385	739.0	DUF418 domain-containing protein YeiB [Escherichia coli]
yeiB	WP_113519438	L143I	143	143	L	I	L	L	96.883	100.0	385	385	739.0	DUF418 domain-containing protein YeiB [Escherichia coli]
yeiB	WP_272471259	L143I	143	143	L	I	L	L	96.883	100.0	385	385	739.0	DUF418 domain-containing protein YeiB [Escherichia coli]
yeiB	WP_100733652	L143I	143	143	L	I	L	L	96.623	100.0	385	385	738.0	MULTISPECIES: DUF418 domain-containing protein YeiB [Escherichia]
yeiB	WP_179312055	L143I	143	143	L	I	L	L	96.883	100.0	385	385	738.0	DUF418 domain-containing protein YeiB [Escherichia coli]
yeiB	WP_105275024	L143I	143	143	L	I	L	L	96.364	100.0	385	385	738.0	DUF418 domain-containing protein YeiB [Escherichia sp. MOD1-EC7003]
yeiB	WP_112886476	L143I	143	143	L	I	L	L	96.623	100.0	385	385	738.0	DUF418 domain-containing protein YeiB [Escherichia coli]
yeiB	WP_334288435	L143I	143	143	L	I	L	L	96.883	100.0	385	385	738.0	DUF418 domain-containing protein YeiB [Escherichia coli]
yeiB	WP_153275166	L143I	143	143	L	I	L	L	96.883	100.0	385	385	738.0	DUF418 domain-containing protein YeiB [Escherichia coli]
yeiB	WP_094252132	L143I	143	143	L	I	L	L	96.883	100.0	385	385	738.0	DUF418 domain-containing protein YeiB [Escherichia coli]
yeiB	WP_454768091	L143I	143	143	L	I	L	L	96.883	100.0	385	385	738.0	DUF418 domain-containing protein YeiB [Escherichia coli]
yeiB	WP_175964634	L143I	143	143	L	I	L	L	96.883	100.0	385	385	738.0	DUF418 domain-containing protein YeiB [Escherichia coli]
yeiB	WP_064244809	L143I	143	143	L	I	L	L	96.883	100.0	385	385	738.0	DUF418 domain-containing protein YeiB [Escherichia coli]
yeiB	WP_016158621	L143I	143	143	L	I	L	L	96.623	100.0	385	385	737.0	MULTISPECIES: DUF418 domain-containing protein YeiB [Escherichia]
yeiB	WP_021544042	L143I	143	143	L	I	L	L	96.883	100.0	385	385	737.0	DUF418 domain-containing protein YeiB [Escherichia coli]
yeiB	WP_000440941	L143I	143	143	L	I	L	L	96.364	100.0	385	385	737.0	MULTISPECIES: DUF418 domain-containing protein YeiB [Escherichia]
yeiB	WP_000440930	L143I	143	143	L	I	L	L	96.364	100.0	385	385	737.0	MULTISPECIES: DUF418 domain-containing protein YeiB [Escherichia]
yeiB	WP_032292804	L143I	143	143	L	I	L	L	96.623	100.0	385	385	737.0	DUF418 domain-containing protein YeiB [Escherichia coli]
yeiB	WP_001516708	L143I	143	143	L	I	L	L	96.104	100.0	385	385	737.0	MULTISPECIES: DUF418 domain-containing protein YeiB [Escherichia]
yeiB	WP_000440931	L143I	143	143	L	I	L	L	96.883	100.0	385	385	737.0	DUF418 domain-containing protein YeiB [Escherichia coli]
yeiB	WP_228192586	L143I	143	143	L	I	L	L	96.364	100.0	385	385	736.0	DUF418 domain-containing protein YeiB [Escherichia coli]
yeiB	WP_032225692	L143I	143	143	L	I	L	L	96.104	100.0	385	385	736.0	MULTISPECIES: DUF418 domain-containing protein YeiB [Escherichia]
yeiB	WP_137598268	L143I	143	143	L	I	L	L	96.104	100.0	385	385	736.0	DUF418 domain-containing protein YeiB [Escherichia coli]
yeiB	WP_105289954	L143I	143	143	L	I	L	L	96.104	100.0	385	385	736.0	DUF418 domain-containing protein YeiB [Escherichia sp. MOD1-EC6842]
yeiB	WP_105269524	L143I	143	143	L	I	L	L	96.104	100.0	385	385	736.0	MULTISPECIES: DUF418 domain-containing protein YeiB [Escherichia]
yeiB	WP_000440929	L143I	143	143	L	I	L	L	96.104	100.0	385	385	736.0	MULTISPECIES: DUF418 domain-containing protein YeiB [Escherichia]
yeiB	WP_021551060	L143I	143	143	L	I	L	L	96.364	100.0	385	385	736.0	DUF418 domain-containing protein YeiB [Escherichia coli]
yeiB	WP_176242217	L143I	143	143	L	I	L	L	96.104	100.0	385	385	735.0	DUF418 domain-containing protein YeiB [Escherichia sp. 93.0816]
yeiB	WP_275363310	L143I	143	143	L	I	L	L	96.104	100.0	385	385	735.0	DUF418 domain-containing protein YeiB [Escherichia marmotae]
yeiB	WP_225762451	L143I	143	143	L	I	L	L	96.104	100.0	385	385	735.0	DUF418 domain-containing protein YeiB [Escherichia sp. Marseille-Q3837]
yeiB	WP_181478292	L143I	143	143	L	I	L	L	95.844	100.0	385	385	735.0	DUF418 domain-containing protein YeiB [Escherichia marmotae]
yeiB	WP_187229242	L143I	143	143	L	I	L	L	96.104	100.0	385	385	735.0	DUF418 domain-containing protein YeiB [Escherichia marmotae]
yeiB	WP_105263642	L143I	143	143	L	I	L	L	96.104	100.0	385	385	735.0	MULTISPECIES: DUF418 domain-containing protein YeiB [unclassified Escherichia]
yeiB	WP_454974940	L143I	143	143	L	I	L	L	96.104	100.0	385	385	734.0	DUF418 domain-containing protein YeiB [Escherichia sp.]
yeiB	WP_233073929	L143I	143	143	L	I	L	L	95.844	100.0	385	385	734.0	DUF418 domain-containing protein YeiB [Escherichia coli]
yeiB	WP_222691592	L143I	143	143	L	I	L	L	96.104	100.0	385	385	734.0	DUF418 domain-containing protein YeiB [Escherichia marmotae]
yeiB	WP_000440935	L143I	143	143	L	I	L	L	96.364	100.0	385	385	734.0	MULTISPECIES: DUF418 domain-containing protein YeiB [Escherichia]
yeiB	WP_137325604	L143I	143	143	L	I	L	L	95.844	100.0	385	385	734.0	DUF418 domain-containing protein YeiB [Escherichia sp. MR]
yeiB	WP_220400612	L143I	143	143	L	I	L	L	96.623	100.0	385	385	734.0	DUF418 domain-containing protein YeiB [Escherichia coli]
yeiB	WP_435625960	L143I	143	143	L	I	L	L	95.844	100.0	385	385	734.0	DUF418 domain-containing protein YeiB [Escherichia ruysiae]
yeiB	WP_176258069	L143I	143	143	L	I	L	L	95.844	100.0	385	385	734.0	DUF418 domain-containing protein YeiB [Escherichia sp. 14.0982]
yeiB	WP_258291574	L143I	143	143	L	I	L	L	95.584	100.0	385	385	733.0	DUF418 domain-containing protein YeiB [Escherichia marmotae]
yeiB	WP_096885247	L143I	143	143	L	I	L	L	96.623	100.0	385	385	733.0	DUF418 domain-containing protein YeiB [Escherichia coli]
yeiB	WP_333950473	L143I	143	143	L	I	L	L	95.844	100.0	385	385	733.0	DUF418 domain-containing protein YeiB [Escherichia marmotae]
yeiB	WP_032357121	L143I	143	143	L	I	L	L	96.104	100.0	385	385	733.0	DUF418 domain-containing protein YeiB [Escherichia coli]
yeiB	WP_146713490	L143I	143	143	L	I	L	L	98.408	98.0	385	377	733.0	DUF418 domain-containing protein YeiB, partial [Escherichia coli]
yeiB	WP_000440936	L143I	143	143	L	I	L	L	95.844	100.0	385	385	731.0	MULTISPECIES: DUF418 domain-containing protein YeiB [Escherichia]
yeiB	WP_097727963	L143I	143	143	L	I	L	L	98.91	95.0	385	367	716.0	DUF418 domain-containing protein YeiB [Escherichia coli]
yeiB	WP_387343586	L143I	143	143	L	I	L	L	94.545	100.0	385	368	709.0	DUF418 domain-containing protein YeiB [Escherichia coli]
yeiB	WP_050946947	L143I	143	118	L	I	L	L	99.167	94.0	385	360	709.0	DUF418 domain-containing protein YeiB, partial [Escherichia coli]
yeiB	WP_077137280	L143I	143	143	L	I	L	L	99.169	94.0	385	361	708.0	DUF418 domain-containing protein YeiB, partial [Shigella sonnei]
yeiB	WP_389309740	L143I	143	115	L	I	L	L	99.44	93.0	385	357	706.0	DUF418 domain-containing protein YeiB, partial [Escherichia coli]
yeiB	WP_044316971	L143I	143	115	L	I	L	L	99.72	93.0	385	357	706.0	DUF418 domain-containing protein YeiB, partial [Escherichia coli]
yeiB	WP_095574061	L143I	143	143	L	I	L	L	94.805	100.0	385	385	702.0	DUF418 domain-containing protein YeiB [Escherichia albertii]
yeiB	WP_438425602	L143I	143	143	L	I	L	L	99.427	91.0	385	349	686.0	DUF418 domain-containing protein YeiB, partial [Escherichia coli]
yeiB	WP_021501187	L143I	143	143	L	I	L	L	92.838	98.0	385	384	681.0	DUF418 domain-containing protein YeiB, partial [Escherichia coli]
yeiB	WP_095575860	L143I	143	143	L	I	L	L	94.805	100.0	385	385	681.0	DUF418 domain-containing protein YeiB [Escherichia albertii]
yeiB	WP_003564344	L143I	143	143	L	I	L	L	99.422	90.0	385	346	681.0	DUF418 domain-containing protein YeiB, partial [Escherichia coli]
yeiB	WP_059225367	L143I	143	143	L	I	L	L	94.545	100.0	385	385	680.0	DUF418 domain-containing protein YeiB [Escherichia albertii]
yeiB	WP_125317514	L143I	143	143	L	I	L	L	94.545	100.0	385	385	680.0	DUF418 domain-containing protein YeiB [Escherichia albertii]
yeiB	WP_256879031	L143I	143	143	L	I	L	L	94.545	100.0	385	385	680.0	DUF418 domain-containing protein YeiB [Escherichia albertii]
yeiB	WP_269695136	L143I	143	143	L	I	L	L	94.545	100.0	385	385	680.0	DUF418 domain-containing protein YeiB [Escherichia albertii]
yeiB	WP_000440940	L143I	143	143	L	I	L	L	94.286	100.0	385	385	679.0	DUF418 domain-containing protein YeiB [Escherichia albertii]
yeiB	WP_262932825	L143I	143	143	L	I	L	L	94.545	100.0	385	385	679.0	DUF418 domain-containing protein YeiB [Escherichia albertii]
yeiB	WP_273821721	L143I	143	143	L	I	L	L	94.545	100.0	385	385	679.0	DUF418 domain-containing protein YeiB [Escherichia albertii]
yeiB	WP_059242200	L143I	143	143	L	I	L	L	94.545	100.0	385	385	679.0	DUF418 domain-containing protein YeiB [Escherichia albertii]
yeiB	WP_059273643	L143I	143	143	L	I	L	L	94.545	100.0	385	385	679.0	DUF418 domain-containing protein YeiB [Escherichia albertii]
yeiB	WP_113640508	L143I	143	143	L	I	L	L	94.026	100.0	385	385	678.0	DUF418 domain-containing protein YeiB [Escherichia albertii]
yeiB	WP_059258345	L143I	143	143	L	I	L	L	94.286	100.0	385	385	678.0	DUF418 domain-containing protein YeiB [Escherichia albertii]
yeiB	WP_105175343	L143I	143	143	L	I	L	L	94.286	100.0	385	385	678.0	DUF418 domain-containing protein YeiB [Escherichia albertii]
yeiB	WP_340441131	L143I	143	143	L	I	L	L	94.545	100.0	385	385	678.0	DUF418 domain-containing protein YeiB [Escherichia albertii]
yeiB	WP_252857620	L143I	143	143	L	I	L	L	98.847	90.0	385	347	678.0	DUF418 domain-containing protein YeiB, partial [Shigella sonnei]
yeiB	WP_105197456	L143I	143	143	L	I	L	L	94.286	100.0	385	385	678.0	DUF418 domain-containing protein YeiB [Escherichia albertii]
yeiB	WP_161525749	L143I	143	143	L	I	L	L	94.286	100.0	385	385	678.0	DUF418 domain-containing protein YeiB [Escherichia albertii]
yeiB	WP_042014610	L143I	143	143	L	I	L	L	98.559	90.0	385	347	677.0	DUF418 domain-containing protein YeiB, partial [Escherichia coli]
yeiB	WP_044710595	L143I	143	143	L	I	L	L	94.545	100.0	385	385	677.0	DUF418 domain-containing protein YeiB [Escherichia albertii]
yeiB	WP_059218243	L143I	143	143	L	I	L	L	94.286	100.0	385	385	677.0	DUF418 domain-containing protein YeiB [Escherichia albertii]
yeiB	WP_059234731	L143I	143	143	L	I	L	L	94.545	100.0	385	385	677.0	DUF418 domain-containing protein YeiB [Escherichia albertii]
yeiB	WP_273822811	L143I	143	143	L	I	L	L	94.286	100.0	385	385	677.0	DUF418 domain-containing protein YeiB [Escherichia albertii]
yeiB	WP_059267400	L143I	143	143	L	I	L	L	94.545	100.0	385	385	677.0	DUF418 domain-containing protein YeiB [Escherichia albertii]
yeiB	WP_137650131	L143I	143	143	L	I	L	L	94.545	100.0	385	385	677.0	DUF418 domain-containing protein YeiB [Escherichia albertii]
yeiB	WP_208631164	L143I	143	143	L	I	L	L	94.286	100.0	385	385	677.0	DUF418 domain-containing protein YeiB [Escherichia albertii]
yeiB	WP_105233319	L143I	143	143	L	I	L	L	94.286	100.0	385	385	677.0	DUF418 domain-containing protein YeiB [Escherichia albertii]
yeiB	WP_103053719	L143I	143	143	L	I	L	L	94.545	100.0	385	385	677.0	DUF418 domain-containing protein YeiB [Escherichia albertii]
yeiB	WP_273809331	L143I	143	143	L	I	L	L	94.545	100.0	385	385	676.0	DUF418 domain-containing protein YeiB [Escherichia albertii]
yeiB	WP_085456409	L143I	143	143	L	I	L	L	94.286	100.0	385	385	676.0	DUF418 domain-containing protein YeiB [Escherichia albertii]
yeiB	WP_161537852	L143I	143	143	L	I	L	L	94.026	100.0	385	385	676.0	DUF418 domain-containing protein YeiB [Escherichia albertii]
yeiB	WP_059238887	L143I	143	143	L	I	L	L	94.026	100.0	385	385	676.0	DUF418 domain-containing protein YeiB [Escherichia albertii]
yeiB	WP_025238718	L143I	143	143	L	I	L	L	94.286	100.0	385	385	676.0	DUF418 domain-containing protein YeiB [Escherichia albertii]
yeiB	WP_262929989	L143I	143	143	L	I	L	L	94.286	100.0	385	385	676.0	DUF418 domain-containing protein YeiB [Escherichia albertii]
yeiB	WP_059275208	L143I	143	143	L	I	L	L	94.286	100.0	385	385	676.0	DUF418 domain-containing protein YeiB [Escherichia albertii]
yeiB	WP_256877407	L143I	143	143	L	I	L	L	94.286	100.0	385	385	676.0	DUF418 domain-containing protein YeiB [Escherichia albertii]
yeiB	WP_414132902	L143I	143	143	L	I	L	L	94.286	100.0	385	385	676.0	DUF418 domain-containing protein YeiB [Escherichia albertii]
yeiB	WP_059214341	L143I	143	143	L	I	L	L	94.026	100.0	385	385	675.0	DUF418 domain-containing protein YeiB [Escherichia albertii]
yeiB	WP_054410618	L143I	143	143	L	I	L	L	94.286	100.0	385	385	675.0	DUF418 domain-containing protein YeiB [Escherichia albertii]
yeiB	WP_204620087	L143I	143	143	L	I	L	L	94.026	100.0	385	385	675.0	DUF418 domain-containing protein YeiB [Escherichia albertii]
yeiB	WP_000440939	L143I	143	143	L	I	L	L	94.286	100.0	385	385	675.0	DUF418 domain-containing protein YeiB [Escherichia albertii]
yeiB	WP_274545989	L143I	143	143	L	I	L	L	94.026	100.0	385	385	675.0	DUF418 domain-containing protein YeiB [Escherichia albertii]
yeiB	WP_000440938	L143I	143	143	L	I	L	L	94.026	100.0	385	385	675.0	DUF418 domain-containing protein YeiB [Escherichia albertii]
yeiB	WP_149454599	L143I	143	143	L	I	L	L	93.766	100.0	385	385	675.0	DUF418 domain-containing protein YeiB [Escherichia albertii]
yeiB	WP_137654113	L143I	143	143	L	I	L	L	94.026	100.0	385	385	674.0	DUF418 domain-containing protein YeiB [Escherichia albertii]
yeiB	WP_059219491	L143I	143	143	L	I	L	L	94.286	100.0	385	385	674.0	DUF418 domain-containing protein YeiB [Escherichia albertii]
yeiB	WP_131109848	L143I	143	143	L	I	L	L	94.286	100.0	385	385	674.0	DUF418 domain-containing protein YeiB [Escherichia albertii]
yeiB	WP_207610675	L143I	143	143	L	I	L	L	94.026	100.0	385	385	674.0	DUF418 domain-containing protein YeiB [Escherichia albertii]
yeiB	WP_112024324	L143I	143	143	L	I	L	L	90.909	100.0	385	354	674.0	DUF418 domain-containing protein YeiB [Escherichia coli]
yeiB	WP_125059029	L143I	143	143	L	I	L	L	94.026	100.0	385	385	674.0	DUF418 domain-containing protein YeiB [Escherichia albertii]
yeiB	WP_274545352	L143I	143	143	L	I	L	L	93.766	100.0	385	385	673.0	DUF418 domain-containing protein YeiB [Escherichia albertii]
yeiB	WP_273823760	L143I	143	143	L	I	L	L	94.026	100.0	385	385	672.0	DUF418 domain-containing protein YeiB [Escherichia albertii]
yeiB	WP_137650857	L143I	143	143	L	I	L	L	94.026	100.0	385	385	672.0	DUF418 domain-containing protein YeiB [Escherichia albertii]
yeiB	WP_340502181	L143I	143	143	L	I	L	L	93.766	100.0	385	385	672.0	DUF418 domain-containing protein YeiB [Escherichia albertii]
yeiB	WP_432276532	L143I	143	143	L	I	L	L	98.246	89.0	385	373	664.0	DUF418 domain-containing protein YeiB [Escherichia coli]
yeiB	WP_181811775	L143I	143	143	L	I	L	L	87.532	100.0	385	385	652.0	DUF418 domain-containing protein YeiB [Escherichia fergusonii]
yeiB	WP_473777332	L143I	143	143	L	I	L	L	87.792	100.0	385	385	652.0	N/A
yeiB	WP_000440942	L143I	143	143	L	I	L	L	87.532	100.0	385	385	652.0	DUF418 domain-containing protein YeiB [Escherichia fergusonii]
yeiB	WP_000440946	L143I	143	143	L	I	L	L	87.273	100.0	385	385	652.0	DUF418 domain-containing protein YeiB [Escherichia fergusonii]
yeiB	WP_332679726	L143I	143	143	L	I	L	L	94.766	94.0	385	363	652.0	DUF418 domain-containing protein YeiB, partial [Escherichia coli]
yeiB	WP_222701702	L143I	143	143	L	I	L	L	87.273	100.0	385	385	652.0	DUF418 domain-containing protein YeiB [Escherichia fergusonii]
yeiB	WP_181199172	L143I	143	143	L	I	L	L	87.273	100.0	385	385	652.0	DUF418 domain-containing protein YeiB [Escherichia fergusonii]
yeiB	WP_181588586	L143I	143	143	L	I	L	L	87.532	100.0	385	385	651.0	DUF418 domain-containing protein YeiB [Escherichia fergusonii]
yeiB	WP_104919420	L143I	143	143	L	I	L	L	87.273	100.0	385	385	651.0	MULTISPECIES: DUF418 domain-containing protein YeiB [Escherichia]
yeiB	WP_181673121	L143I	143	143	L	I	L	L	87.273	100.0	385	385	651.0	DUF418 domain-containing protein YeiB [Escherichia fergusonii]
yeiB	WP_181669020	L143I	143	143	L	I	L	L	87.013	100.0	385	385	650.0	DUF418 domain-containing protein YeiB [Escherichia fergusonii]
yeiB	WP_046080761	L143I	143	143	L	I	L	L	87.273	100.0	385	385	650.0	DUF418 domain-containing protein YeiB [Escherichia fergusonii]
yeiB	WP_253174788	L143I	143	143	L	I	L	L	87.013	100.0	385	385	650.0	DUF418 domain-containing protein YeiB [Escherichia fergusonii]
yeiB	WP_223666313	L143I	143	143	L	I	L	L	87.273	100.0	385	385	649.0	DUF418 domain-containing protein YeiB [Escherichia fergusonii]
yeiB	WP_333000720	L143I	143	143	L	I	L	L	87.273	100.0	385	385	649.0	DUF418 domain-containing protein YeiB [Escherichia fergusonii]
yeiB	WP_375090127	L143I	143	143	L	I	L	L	87.013	100.0	385	385	649.0	DUF418 domain-containing protein YeiB [Escherichia fergusonii]
yeiB	WP_222700535	L143I	143	143	L	I	L	L	87.273	100.0	385	385	649.0	DUF418 domain-containing protein YeiB [Escherichia fergusonii]
yeiB	WP_253168813	L143I	143	143	L	I	L	L	87.013	100.0	385	385	649.0	DUF418 domain-containing protein YeiB [Escherichia fergusonii]
yeiB	WP_370975868	L143I	143	143	L	I	L	L	87.273	100.0	385	385	649.0	DUF418 domain-containing protein YeiB [Escherichia fergusonii]
yeiB	WP_125399967	L143I	143	143	L	I	L	L	87.013	100.0	385	385	647.0	DUF418 domain-containing protein YeiB [Escherichia fergusonii]
yeiB	WP_255121606	L143I	143	143	L	I	L	L	87.013	100.0	385	385	647.0	DUF418 domain-containing protein YeiB [Escherichia fergusonii]
yeiB	WP_046076218	L143I	143	143	L	I	L	L	87.013	100.0	385	385	646.0	DUF418 domain-containing protein YeiB [Escherichia fergusonii]
yeiB	WP_486509446	L143I	143	143	L	I	L	L	99.074	84.0	385	324	635.0	N/A
yeiB	WP_217188425	L143I	143	143	L	I	L	L	81.299	100.0	385	385	635.0	DUF418 domain-containing protein YeiB [Enterobacter soli]
yeiB	WP_274416105	L143I	143	143	L	I	L	L	81.299	100.0	385	385	634.0	DUF418 domain-containing protein YeiB [Enterobacter soli]
yeiB	WP_335042972	L143I	143	143	L	I	L	L	87.273	100.0	385	385	633.0	DUF418 domain-containing protein YeiB [Escherichia fergusonii]
yeiB	WP_417930598	L143I	143	143	L	I	L	L	99.379	84.0	385	322	630.0	DUF418 domain-containing protein YeiB, partial [Enterobacter quasiroggenkampii]
yeiB	WP_349333715	L143I	143	143	L	I	L	L	80.0	100.0	385	385	629.0	DUF418 domain-containing protein YeiB [Enterobacter hormaechei]
yeiB	WP_479416554	L143I	143	143	L	I	L	L	79.74	100.0	385	385	628.0	N/A
yeiB	WP_048247085	L143I	143	143	L	I	L	L	79.74	100.0	385	385	628.0	MULTISPECIES: DUF418 domain-containing protein YeiB [Enterobacter]
yeiB	WP_310821856	L143I	143	143	L	I	L	L	79.74	100.0	385	385	627.0	DUF418 domain-containing protein YeiB [Enterobacter hormaechei]
yeiB	WP_032659578	L143I	143	143	L	I	L	L	79.74	100.0	385	385	627.0	MULTISPECIES: DUF418 domain-containing protein YeiB [Enterobacter]
yeiB	WP_023295057	L143I	143	143	L	I	L	L	79.74	100.0	385	385	627.0	MULTISPECIES: DUF418 domain-containing protein YeiB [Enterobacter cloacae complex]
yeiB	WP_032609695	L143I	143	143	L	I	L	L	79.74	100.0	385	385	627.0	MULTISPECIES: DUF418 domain-containing protein YeiB [Enterobacter]
yeiB	WP_375601579	L143I	143	143	L	I	L	L	79.481	100.0	385	385	627.0	DUF418 domain-containing protein YeiB [Enterobacter hormaechei]
yeiB	WP_040117879	L143I	143	143	L	I	L	L	79.74	100.0	385	385	627.0	DUF418 domain-containing protein YeiB [Enterobacter hormaechei]
yeiB	WP_045343783	L143I	143	143	L	I	L	L	79.481	100.0	385	385	627.0	MULTISPECIES: DUF418 domain-containing protein YeiB [Enterobacter]
yeiB	WP_418250548	L143I	143	143	L	I	L	L	79.481	100.0	385	385	627.0	DUF418 domain-containing protein YeiB [Enterobacter hormaechei]
yeiB	WP_023304116	L143I	143	143	L	I	L	L	79.481	100.0	385	385	627.0	MULTISPECIES: DUF418 domain-containing protein YeiB [Enterobacter]
yeiB	WP_420256812	L143I	143	143	L	I	L	L	79.74	100.0	385	385	627.0	DUF418 domain-containing protein YeiB [Enterobacter intestinihominis]
yeiB	WP_407205736	L143I	143	143	L	I	L	L	79.74	100.0	385	385	627.0	DUF418 domain-containing protein YeiB [Enterobacter hormaechei]
yeiB	WP_213761099	L143I	143	143	L	I	L	L	79.481	100.0	385	385	627.0	DUF418 domain-containing protein YeiB [Enterobacter hormaechei]
yeiB	WP_176609886	L143I	143	143	L	I	L	L	80.26	100.0	385	385	627.0	MULTISPECIES: DUF418 domain-containing protein YeiB [Enterobacter cloacae complex]
yeiB	WP_032669481	L143I	143	143	L	I	L	L	79.74	100.0	385	385	627.0	DUF418 domain-containing protein YeiB [Enterobacter hormaechei]
yeiB	WP_045330731	L143I	143	143	L	I	L	L	79.481	100.0	385	385	627.0	MULTISPECIES: DUF418 domain-containing protein YeiB [Enterobacter cloacae complex]
yeiB	WP_252067133	L143I	143	143	L	I	L	L	79.481	100.0	385	385	627.0	DUF418 domain-containing protein YeiB [Enterobacter hormaechei]
yeiB	WP_242172123	L143I	143	143	L	I	L	L	80.26	100.0	385	385	627.0	MULTISPECIES: DUF418 domain-containing protein YeiB [Enterobacter]
yeiB	WP_164691793	L143I	143	143	L	I	L	L	79.481	100.0	385	385	627.0	DUF418 domain-containing protein YeiB [Enterobacter hormaechei]
yeiB	WP_045347850	L143I	143	143	L	I	L	L	79.74	100.0	385	385	627.0	MULTISPECIES: DUF418 domain-containing protein YeiB [Enterobacter]
yeiB	WP_303751653	L143I	143	143	L	I	L	L	79.481	100.0	385	385	627.0	DUF418 domain-containing protein YeiB [Enterobacter hormaechei]
yeiB	WP_433644696	L143I	143	143	L	I	L	L	79.221	100.0	385	385	627.0	DUF418 domain-containing protein YeiB [Enterobacter hormaechei]
yeiB	WP_410034469	L143I	143	143	L	I	L	L	79.481	100.0	385	385	627.0	DUF418 domain-containing protein YeiB [Enterobacter hormaechei]
yeiB	WP_337057085	L143I	143	143	L	I	L	L	79.74	100.0	385	385	626.0	DUF418 domain-containing protein YeiB [Enterobacter hormaechei]
yeiB	WP_015572318	L143I	143	143	L	I	L	L	79.481	100.0	385	385	626.0	MULTISPECIES: DUF418 domain-containing protein YeiB [Enterobacter]
yeiB	WP_099543917	L143I	143	143	L	I	L	L	79.481	100.0	385	385	626.0	DUF418 domain-containing protein YeiB [Enterobacter hormaechei]
yeiB	WP_045141694	L143I	143	143	L	I	L	L	79.481	100.0	385	385	626.0	MULTISPECIES: DUF418 domain-containing protein YeiB [Enterobacter cloacae complex]
yeiB	WP_160863036	L143I	143	143	L	I	L	L	79.481	100.0	385	385	626.0	DUF418 domain-containing protein YeiB [Enterobacter hormaechei]
yeiB	WP_032654284	L143I	143	143	L	I	L	L	79.481	100.0	385	385	626.0	MULTISPECIES: DUF418 domain-containing protein YeiB [Enterobacter cloacae complex]
yeiB	WP_048229752	L143I	143	143	L	I	L	L	79.221	100.0	385	385	626.0	MULTISPECIES: DUF418 domain-containing protein YeiB [Enterobacter cloacae complex]
yeiB	WP_354016745	L143I	143	143	L	I	L	L	79.481	100.0	385	385	626.0	DUF418 domain-containing protein YeiB [Enterobacter hormaechei]
yeiB	WP_193035497	L143I	143	143	L	I	L	L	79.481	100.0	385	385	626.0	MULTISPECIES: DUF418 domain-containing protein YeiB [Enterobacter]
yeiB	WP_003859326	L143I	143	143	L	I	L	L	79.481	100.0	385	385	626.0	MULTISPECIES: DUF418 domain-containing protein YeiB [Enterobacter]
yeiB	WP_214586877	L143I	143	143	L	I	L	L	79.481	100.0	385	385	626.0	DUF418 domain-containing protein YeiB [Enterobacter hormaechei]
yeiB	WP_017383383	L143I	143	143	L	I	L	L	79.481	100.0	385	385	626.0	MULTISPECIES: DUF418 domain-containing protein YeiB [Enterobacter]
yeiB	WP_148384247	L143I	143	143	L	I	L	L	79.221	100.0	385	385	626.0	DUF418 domain-containing protein YeiB [Enterobacter hormaechei]
yeiB	WP_039270353	L143I	143	143	L	I	L	L	79.221	100.0	385	385	626.0	MULTISPECIES: DUF418 domain-containing protein YeiB [Enterobacter]
yeiB	WP_439190687	L143I	143	143	L	I	L	L	79.221	100.0	385	385	626.0	DUF418 domain-containing protein YeiB [Enterobacter hormaechei]
yeiB	WP_023324967	L143I	143	143	L	I	L	L	79.481	100.0	385	385	626.0	MULTISPECIES: DUF418 domain-containing protein YeiB [Enterobacter cloacae complex]
yeiB	WP_058689085	L143I	143	143	L	I	L	L	79.481	100.0	385	385	626.0	MULTISPECIES: DUF418 domain-containing protein YeiB [Enterobacter cloacae complex]
yeiB	WP_449261816	L143I	143	143	L	I	L	L	99.373	83.0	385	319	626.0	DUF418 domain-containing protein YeiB, partial [Escherichia coli]
yeiB	WP_222656897	L143I	143	143	L	I	L	L	79.481	100.0	385	385	626.0	DUF418 domain-containing protein YeiB [Enterobacter hormaechei]
yeiB	WP_174402075	L143I	143	143	L	I	L	L	79.481	100.0	385	385	626.0	MULTISPECIES: DUF418 domain-containing protein YeiB [Enterobacter cloacae complex]
yeiB	WP_058652847	L143I	143	143	L	I	L	L	79.481	100.0	385	385	626.0	MULTISPECIES: DUF418 domain-containing protein YeiB [Enterobacter cloacae complex]
yeiB	WP_273902430	L143I	143	143	L	I	L	L	79.481	100.0	385	385	625.0	DUF418 domain-containing protein YeiB [Enterobacter hormaechei]
yeiB	WP_476587868	L143I	143	143	L	I	L	L	79.221	100.0	385	385	625.0	N/A
yeiB	WP_045340319	L143I	143	143	L	I	L	L	79.481	100.0	385	385	625.0	MULTISPECIES: DUF418 domain-containing protein YeiB [Enterobacter]
yeiB	WP_102750712	L143I	143	143	L	I	L	L	79.481	100.0	385	385	625.0	DUF418 domain-containing protein YeiB [Enterobacter quasihormaechei]
yeiB	WP_336219293	L143I	143	143	L	I	L	L	83.896	100.0	385	385	625.0	DUF418 domain-containing protein YeiB [Citrobacter amalonaticus]
yeiB	WP_059371044	L143I	143	143	L	I	L	L	79.221	100.0	385	385	625.0	DUF418 domain-containing protein YeiB [Enterobacter hormaechei]
yeiB	WP_063450319	L143I	143	143	L	I	L	L	79.481	100.0	385	385	625.0	MULTISPECIES: DUF418 domain-containing protein YeiB [Enterobacter]
yeiB	WP_023314543	L143I	143	143	L	I	L	L	79.481	100.0	385	385	625.0	MULTISPECIES: DUF418 domain-containing protein YeiB [Enterobacter]
yeiB	WP_107533387	L143I	143	143	L	I	L	L	79.481	100.0	385	385	625.0	MULTISPECIES: DUF418 domain-containing protein YeiB [Enterobacter]
yeiB	WP_326467373	L143I	143	143	L	I	L	L	79.221	100.0	385	385	625.0	DUF418 domain-containing protein YeiB [Enterobacter wuhouensis]
yeiB	WP_126814820	L143I	143	143	L	I	L	L	79.481	100.0	385	385	625.0	DUF418 domain-containing protein YeiB [Enterobacter hormaechei]
yeiB	WP_049012561	L143I	143	143	L	I	L	L	79.221	100.0	385	385	625.0	DUF418 domain-containing protein YeiB [Enterobacter hormaechei]
yeiB	WP_236315528	L143I	143	143	L	I	L	L	79.221	100.0	385	385	625.0	DUF418 domain-containing protein YeiB [Enterobacter hormaechei]
yeiB	WP_215771860	L143I	143	143	L	I	L	L	79.221	100.0	385	385	625.0	DUF418 domain-containing protein YeiB [Enterobacter hormaechei]
yeiB	WP_148419850	L143I	143	143	L	I	L	L	80.0	100.0	385	385	625.0	DUF418 domain-containing protein YeiB [Enterobacter pasteurii]
yeiB	WP_301239433	L143I	143	143	L	I	L	L	79.221	100.0	385	385	625.0	DUF418 domain-containing protein YeiB [Enterobacter hormaechei]
yeiB	WP_163293259	L143I	143	143	L	I	L	L	79.481	100.0	385	385	625.0	DUF418 domain-containing protein YeiB [Enterobacter hormaechei]
yeiB	WP_190268989	L143I	143	143	L	I	L	L	79.221	100.0	385	385	625.0	DUF418 domain-containing protein YeiB [Enterobacter hormaechei]
yeiB	WP_196359325	L143I	143	143	L	I	L	L	79.221	100.0	385	385	625.0	DUF418 domain-containing protein YeiB [Enterobacter hormaechei]
yeiB	WP_047062568	L143I	143	143	L	I	L	L	79.221	100.0	385	385	625.0	MULTISPECIES: DUF418 domain-containing protein YeiB [Enterobacter]
yeiB	WP_267589969	L143I	143	143	L	I	L	L	80.0	100.0	385	385	625.0	DUF418 domain-containing protein YeiB [Enterobacter cloacae complex sp. 2022EL-00788]
yeiB	WP_319858488	L143I	143	143	L	I	L	L	79.481	100.0	385	385	625.0	DUF418 domain-containing protein YeiB [Enterobacter hormaechei]
yeiB	WP_350360015	L143I	143	143	L	I	L	L	78.961	100.0	385	385	625.0	DUF418 domain-containing protein YeiB [Enterobacter hormaechei]
yeiB	WP_217202332	L143I	143	143	L	I	L	L	79.221	100.0	385	385	625.0	MULTISPECIES: DUF418 domain-containing protein YeiB [Enterobacter]
yeiB	WP_165465807	L143I	143	143	L	I	L	L	79.221	100.0	385	385	625.0	DUF418 domain-containing protein YeiB [Enterobacter cloacae]
yeiB	WP_150317584	L143I	143	143	L	I	L	L	79.221	100.0	385	385	625.0	DUF418 domain-containing protein YeiB [Enterobacter hormaechei]
yeiB	WP_333115537	L143I	143	143	L	I	L	L	79.481	100.0	385	385	625.0	DUF418 domain-containing protein YeiB [Enterobacter quasihormaechei]
yeiB	WP_229226912	L143I	143	143	L	I	L	L	79.221	100.0	385	385	625.0	DUF418 domain-containing protein YeiB [Enterobacter hormaechei]
yeiB	WP_059385241	L143I	143	143	L	I	L	L	80.519	100.0	385	385	625.0	DUF418 domain-containing protein YeiB [Enterobacter sichuanensis]
yeiB	WP_126765552	L143I	143	143	L	I	L	L	79.221	100.0	385	385	625.0	DUF418 domain-containing protein YeiB [Enterobacter hormaechei]
yeiB	WP_112791540	L143I	143	143	L	I	L	L	79.481	100.0	385	385	624.0	DUF418 domain-containing protein YeiB [Enterobacter quasihormaechei]
yeiB	WP_192459951	L143I	143	143	L	I	L	L	79.221	100.0	385	385	624.0	DUF418 domain-containing protein YeiB [Enterobacter hormaechei]
yeiB	WP_208283901	L143I	143	143	L	I	L	L	80.519	100.0	385	385	624.0	DUF418 domain-containing protein YeiB [Enterobacter sichuanensis]
yeiB	WP_058663023	L143I	143	143	L	I	L	L	78.961	100.0	385	385	624.0	MULTISPECIES: DUF418 domain-containing protein YeiB [Enterobacter cloacae complex]
yeiB	WP_064489657	L143I	143	143	L	I	L	L	79.221	100.0	385	385	624.0	DUF418 domain-containing protein YeiB [Enterobacter hormaechei]
yeiB	WP_316361636	L143I	143	143	L	I	L	L	79.427	100.0	385	394	624.0	DUF418 domain-containing protein YeiB, partial [Enterobacter hormaechei]
yeiB	WP_063946225	L143I	143	143	L	I	L	L	79.221	100.0	385	385	624.0	DUF418 domain-containing protein YeiB [Enterobacter hormaechei]
yeiB	WP_302615571	L143I	143	143	L	I	L	L	79.221	100.0	385	385	624.0	DUF418 domain-containing protein YeiB [uncultured Enterobacter sp.]
yeiB	WP_059444778	L143I	143	143	L	I	L	L	79.221	100.0	385	385	624.0	DUF418 domain-containing protein YeiB [Enterobacter hormaechei]
yeiB	WP_251994145	L143I	143	143	L	I	L	L	79.221	100.0	385	385	624.0	N/A
yeiB	WP_279748923	L143I	143	143	L	I	L	L	79.221	100.0	385	385	624.0	DUF418 domain-containing protein YeiB [Enterobacter sp. GD03975]
yeiB	WP_225285109	L143I	143	143	L	I	L	L	80.519	100.0	385	385	624.0	DUF418 domain-containing protein YeiB [Enterobacter sp. K16B]
yeiB	WP_045343054	L143I	143	143	L	I	L	L	79.481	100.0	385	385	624.0	MULTISPECIES: DUF418 domain-containing protein YeiB [Enterobacter cloacae complex]
yeiB	WP_047053376	L143I	143	143	L	I	L	L	79.221	100.0	385	385	624.0	MULTISPECIES: DUF418 domain-containing protein YeiB [Enterobacter]
yeiB	WP_436438597	L143I	143	143	L	I	L	L	80.26	100.0	385	385	624.0	DUF418 domain-containing protein YeiB [Enterobacter sichuanensis]
yeiB	WP_400454324	L143I	143	143	L	I	L	L	80.519	100.0	385	385	624.0	DUF418 domain-containing protein YeiB [Enterobacter asburiae]
yeiB	WP_025756262	L143I	143	143	L	I	L	L	80.519	100.0	385	385	624.0	MULTISPECIES: DUF418 domain-containing protein YeiB [Enterobacter]
yeiB	WP_196348297	L143I	143	143	L	I	L	L	78.961	100.0	385	385	624.0	DUF418 domain-containing protein YeiB [Enterobacter hormaechei]
yeiB	WP_290319261	L143I	143	143	L	I	L	L	79.221	100.0	385	385	624.0	DUF418 domain-containing protein YeiB [Enterobacter hormaechei]
yeiB	WP_447629049	L143I	143	143	L	I	L	L	79.221	100.0	385	385	624.0	DUF418 domain-containing protein YeiB [Enterobacter hormaechei]
yeiB	WP_316377612	L143I	143	143	L	I	L	L	79.221	100.0	385	385	624.0	DUF418 domain-containing protein YeiB [Enterobacter hormaechei]
yeiB	WP_423400524	L143I	143	143	L	I	L	L	79.221	100.0	385	385	624.0	DUF418 domain-containing protein YeiB [Enterobacter hormaechei]
yeiB	WP_090278886	L143I	143	143	L	I	L	L	79.221	100.0	385	385	624.0	DUF418 domain-containing protein YeiB [Enterobacter hormaechei]
yeiB	WP_368745064	L143I	143	143	L	I	L	L	79.221	100.0	385	385	624.0	DUF418 domain-containing protein YeiB [Enterobacter hormaechei]
yeiB	WP_086598527	L143I	143	143	L	I	L	L	78.961	100.0	385	385	624.0	DUF418 domain-containing protein YeiB [Enterobacter hormaechei]
yeiB	WP_045337657	L143I	143	143	L	I	L	L	79.221	100.0	385	385	624.0	MULTISPECIES: DUF418 domain-containing protein YeiB [Enterobacter]
yeiB	WP_323307843	L143I	143	143	L	I	L	L	80.26	100.0	385	385	624.0	DUF418 domain-containing protein YeiB [Enterobacter sichuanensis]
yeiB	WP_271040360	L143I	143	143	L	I	L	L	79.221	100.0	385	385	624.0	MULTISPECIES: DUF418 domain-containing protein YeiB [Enterobacter cloacae complex]
yeiB	WP_193033360	L143I	143	143	L	I	L	L	79.221	100.0	385	385	624.0	DUF418 domain-containing protein YeiB [Enterobacter cloacae complex sp. P15RS]
yeiB	WP_234979288	L143I	143	143	L	I	L	L	79.221	100.0	385	385	624.0	DUF418 domain-containing protein YeiB [Enterobacter hormaechei]
yeiB	WP_247824636	L143I	143	143	L	I	L	L	80.26	100.0	385	385	624.0	DUF418 domain-containing protein YeiB [Enterobacter asburiae]
yeiB	WP_149121269	L143I	143	143	L	I	L	L	79.221	100.0	385	385	624.0	DUF418 domain-containing protein YeiB [Enterobacter sp. LU1]
yeiB	WP_414190360	L143I	143	143	L	I	L	L	79.221	100.0	385	385	623.0	DUF418 domain-containing protein YeiB [Enterobacter hormaechei]
yeiB	WP_328763675	L143I	143	143	L	I	L	L	78.961	100.0	385	385	623.0	DUF418 domain-containing protein YeiB [Enterobacter hormaechei]
yeiB	WP_023306607	L143I	143	143	L	I	L	L	79.481	100.0	385	385	623.0	MULTISPECIES: DUF418 domain-containing protein YeiB [Enterobacter]
yeiB	WP_094919125	L143I	143	143	L	I	L	L	80.26	100.0	385	385	623.0	DUF418 domain-containing protein YeiB [Enterobacter sichuanensis]
yeiB	WP_057059758	L143I	143	143	L	I	L	L	79.74	100.0	385	385	623.0	DUF418 domain-containing protein YeiB [Enterobacter hormaechei]
yeiB	WP_484826953	L143I	143	143	L	I	L	L	79.74	100.0	385	385	623.0	N/A
yeiB	WP_048973476	L143I	143	143	L	I	L	L	79.221	100.0	385	385	623.0	DUF418 domain-containing protein YeiB [Enterobacter hormaechei]
yeiB	WP_252088259	L143I	143	143	L	I	L	L	80.26	100.0	385	385	623.0	DUF418 domain-containing protein YeiB [Enterobacter sichuanensis]
yeiB	WP_370971528	L143I	143	143	L	I	L	L	78.701	100.0	385	385	623.0	DUF418 domain-containing protein YeiB [Enterobacter wuhouensis]
yeiB	WP_047959103	L143I	143	143	L	I	L	L	80.26	100.0	385	385	623.0	MULTISPECIES: DUF418 domain-containing protein YeiB [Enterobacter]
yeiB	WP_370966711	L143I	143	143	L	I	L	L	78.961	100.0	385	385	623.0	DUF418 domain-containing protein YeiB [Enterobacter wuhouensis]
yeiB	WP_319878905	L143I	143	143	L	I	L	L	79.221	100.0	385	385	623.0	DUF418 domain-containing protein YeiB [Enterobacter hormaechei]
yeiB	WP_205922630	L143I	143	143	L	I	L	L	79.481	100.0	385	385	623.0	MULTISPECIES: DUF418 domain-containing protein YeiB [Enterobacter]
yeiB	WP_047746485	L143I	143	143	L	I	L	L	79.221	100.0	385	385	623.0	DUF418 domain-containing protein YeiB [Enterobacter hormaechei]
yeiB	WP_415342846	L143I	143	143	L	I	L	L	79.221	100.0	385	385	623.0	MULTISPECIES: DUF418 domain-containing protein YeiB [Enterobacter]
yeiB	WP_155031487	L143I	143	143	L	I	L	L	80.26	100.0	385	385	623.0	DUF418 domain-containing protein YeiB [Enterobacter sichuanensis]
yeiB	WP_063138636	L143I	143	143	L	I	L	L	78.961	100.0	385	385	623.0	MULTISPECIES: DUF418 domain-containing protein YeiB [Enterobacter cloacae complex]
yeiB	WP_185846641	L143I	143	143	L	I	L	L	79.221	100.0	385	385	623.0	DUF418 domain-containing protein YeiB [Enterobacter cloacae]
yeiB	WP_263609879	L143I	143	143	L	I	L	L	78.961	100.0	385	385	623.0	DUF418 domain-containing protein YeiB [Enterobacter wuhouensis]
yeiB	WP_032648910	L143I	143	143	L	I	L	L	79.221	100.0	385	385	623.0	MULTISPECIES: DUF418 domain-containing protein YeiB [Enterobacter]
yeiB	WP_241512506	L143I	143	143	L	I	L	L	79.221	100.0	385	385	623.0	DUF418 domain-containing protein YeiB [Enterobacter hormaechei]
yeiB	WP_265186909	L143I	143	143	L	I	L	L	78.961	100.0	385	385	623.0	DUF418 domain-containing protein YeiB [Enterobacter hormaechei]
yeiB	WP_047353476	L143I	143	143	L	I	L	L	79.221	100.0	385	385	622.0	DUF418 domain-containing protein YeiB [Enterobacter hormaechei]
yeiB	WP_202773430	L143I	143	143	L	I	L	L	80.519	100.0	385	385	622.0	DUF418 domain-containing protein YeiB [Enterobacter asburiae]
yeiB	WP_439196406	L143I	143	143	L	I	L	L	79.221	100.0	385	385	622.0	DUF418 domain-containing protein YeiB [Enterobacter hormaechei]
yeiB	WP_317457807	L143I	143	143	L	I	L	L	78.961	100.0	385	385	622.0	DUF418 domain-containing protein YeiB [Enterobacter hormaechei]
yeiB	WP_128339153	L143I	143	143	L	I	L	L	80.26	100.0	385	385	622.0	MULTISPECIES: DUF418 domain-containing protein YeiB [Enterobacter cloacae complex]
yeiB	WP_193527684	L143I	143	143	L	I	L	L	78.961	100.0	385	385	622.0	DUF418 domain-containing protein YeiB [Enterobacter cloacae complex sp. P24RS]
yeiB	WP_045285163	L143I	143	143	L	I	L	L	80.26	100.0	385	385	622.0	DUF418 domain-containing protein YeiB [Enterobacter sichuanensis]
yeiB	WP_342698459	L143I	143	143	L	I	L	L	78.961	100.0	385	385	622.0	DUF418 domain-containing protein YeiB [Enterobacter quasihormaechei]
yeiB	WP_458670335	L143I	143	143	L	I	L	L	78.961	100.0	385	385	622.0	DUF418 domain-containing protein YeiB [Enterobacter wuhouensis]
yeiB	WP_045349080	L143I	143	143	L	I	L	L	79.221	100.0	385	385	622.0	DUF418 domain-containing protein YeiB [Enterobacter hormaechei]
yeiB	WP_131636579	L143I	143	143	L	I	L	L	79.221	100.0	385	385	622.0	DUF418 domain-containing protein YeiB [Enterobacter quasihormaechei]
yeiB	WP_169722591	L143I	143	143	L	I	L	L	79.221	100.0	385	385	622.0	DUF418 domain-containing protein YeiB [Enterobacter hormaechei]
yeiB	WP_449506499	L143I	143	143	L	I	L	L	79.221	100.0	385	385	622.0	DUF418 domain-containing protein YeiB [Enterobacter hormaechei]
yeiB	WP_254308327	L143I	143	143	L	I	L	L	79.221	100.0	385	385	622.0	DUF418 domain-containing protein YeiB [Enterobacter hormaechei]
yeiB	WP_032658966	L143I	143	143	L	I	L	L	80.519	100.0	385	385	622.0	MULTISPECIES: DUF418 domain-containing protein YeiB [Enterobacter]
yeiB	WP_252060933	L143I	143	143	L	I	L	L	78.961	100.0	385	385	622.0	DUF418 domain-containing protein YeiB [Enterobacter hormaechei]
yeiB	WP_333120936	L143I	143	143	L	I	L	L	78.961	100.0	385	385	622.0	DUF418 domain-containing protein YeiB [Enterobacter wuhouensis]
yeiB	WP_271074991	L143I	143	143	L	I	L	L	79.221	100.0	385	385	622.0	MULTISPECIES: DUF418 domain-containing protein YeiB [Enterobacter cloacae complex]
yeiB	WP_045333656	L143I	143	143	L	I	L	L	78.961	100.0	385	385	621.0	DUF418 domain-containing protein YeiB [Enterobacter hormaechei]
yeiB	WP_275151070	L143I	143	143	L	I	L	L	79.221	100.0	385	385	621.0	DUF418 domain-containing protein YeiB [Enterobacter hormaechei]
yeiB	WP_432224055	L143I	143	143	L	I	L	L	78.701	100.0	385	385	621.0	DUF418 domain-containing protein YeiB [Enterobacter wuhouensis]
yeiB	WP_006811303	L143I	143	143	L	I	L	L	79.221	100.0	385	385	621.0	MULTISPECIES: DUF418 domain-containing protein YeiB [Enterobacter cloacae complex]
yeiB	WP_429863377	L143I	143	143	L	I	L	L	79.221	100.0	385	385	621.0	DUF418 domain-containing protein YeiB [Enterobacter hormaechei]
yeiB	WP_131634977	L143I	143	143	L	I	L	L	78.701	100.0	385	385	621.0	DUF418 domain-containing protein YeiB [Enterobacter wuhouensis]
yeiB	WP_193939425	L143I	143	143	L	I	L	L	80.0	100.0	385	385	621.0	DUF418 domain-containing protein YeiB [Enterobacter asburiae]
yeiB	WP_439184158	L143I	143	143	L	I	L	L	78.961	100.0	385	385	621.0	DUF418 domain-containing protein YeiB [Enterobacter hormaechei]
yeiB	WP_287810172	L143I	143	143	L	I	L	L	80.0	100.0	385	385	621.0	DUF418 domain-containing protein YeiB [Enterobacter sp.]
yeiB	WP_063150357	L143I	143	143	L	I	L	L	79.221	100.0	385	385	621.0	MULTISPECIES: DUF418 domain-containing protein YeiB [Enterobacter]
yeiB	WP_474079219	L143I	143	143	L	I	L	L	79.221	100.0	385	385	621.0	N/A
yeiB	WP_411306502	L143I	143	143	L	I	L	L	78.961	100.0	385	385	620.0	DUF418 domain-containing protein YeiB [Enterobacter hormaechei]
yeiB	WP_425968136	L143I	143	143	L	I	L	L	79.221	100.0	385	385	620.0	DUF418 domain-containing protein YeiB [Enterobacter hormaechei]
yeiB	WP_371897290	L143I	143	143	L	I	L	L	79.481	100.0	385	385	620.0	DUF418 domain-containing protein YeiB [Enterobacter sp. SAT-E-asb]
yeiB	WP_213748615	L143I	143	143	L	I	L	L	78.961	100.0	385	385	620.0	DUF418 domain-containing protein YeiB [Enterobacter hormaechei]
yeiB	WP_126503303	L143I	143	143	L	I	L	L	79.221	100.0	385	385	620.0	MULTISPECIES: DUF418 domain-containing protein YeiB [Enterobacter cloacae complex]
yeiB	WP_448854035	L143I	143	143	L	I	L	L	78.961	100.0	385	385	620.0	DUF418 domain-containing protein YeiB [Enterobacter hormaechei]
yeiB	WP_063146225	L143I	143	143	L	I	L	L	78.961	100.0	385	385	620.0	DUF418 domain-containing protein YeiB [Enterobacter hormaechei]
yeiB	WP_155024753	L143I	143	143	L	I	L	L	79.221	100.0	385	385	620.0	MULTISPECIES: DUF418 domain-containing protein YeiB [Enterobacter]
yeiB	WP_045620890	L143I	143	143	L	I	L	L	78.961	100.0	385	385	620.0	MULTISPECIES: DUF418 domain-containing protein YeiB [Enterobacter]
yeiB	WP_336196142	L143I	143	143	L	I	L	L	79.221	100.0	385	385	620.0	DUF418 domain-containing protein YeiB [Enterobacter hormaechei]
yeiB	WP_196094980	L143I	143	143	L	I	L	L	79.481	100.0	385	385	620.0	DUF418 domain-containing protein YeiB [Enterobacter roggenkampii]
yeiB	WP_046619122	L143I	143	143	L	I	L	L	79.221	100.0	385	385	620.0	MULTISPECIES: DUF418 domain-containing protein YeiB [Enterobacter cloacae complex]
yeiB	WP_063841545	L143I	143	143	L	I	L	L	78.961	100.0	385	385	620.0	DUF418 domain-containing protein YeiB [Enterobacter hormaechei]
yeiB	WP_333051062	L143I	143	143	L	I	L	L	80.0	100.0	385	385	620.0	DUF418 domain-containing protein YeiB [Enterobacter cloacae]
yeiB	WP_287655473	L143I	143	143	L	I	L	L	79.221	100.0	385	385	620.0	DUF418 domain-containing protein YeiB [Enterobacter sp.]
yeiB	WP_126490488	L143I	143	143	L	I	L	L	78.961	100.0	385	385	620.0	DUF418 domain-containing protein YeiB [Enterobacter hormaechei]
yeiB	WP_447723686	L143I	143	143	L	I	L	L	80.0	100.0	385	385	620.0	DUF418 domain-containing protein YeiB [Enterobacter asburiae]
yeiB	WP_251843400	L143I	143	143	L	I	L	L	78.961	100.0	385	385	619.0	DUF418 domain-containing protein YeiB [Enterobacter hormaechei]
yeiB	WP_022648696	L143I	143	143	L	I	L	L	78.961	100.0	385	385	619.0	MULTISPECIES: DUF418 domain-containing protein YeiB [Enterobacter]
yeiB	WP_143346733	L143I	143	143	L	I	L	L	80.0	100.0	385	385	619.0	DUF418 domain-containing protein YeiB [Enterobacter asburiae]
yeiB	WP_063853855	L143I	143	143	L	I	L	L	78.961	100.0	385	385	619.0	MULTISPECIES: DUF418 domain-containing protein YeiB [Enterobacter]
yeiB	WP_248226806	L143I	143	143	L	I	L	L	79.221	100.0	385	385	619.0	DUF418 domain-containing protein YeiB [Enterobacter asburiae]
yeiB	WP_417648080	L143I	143	143	L	I	L	L	78.961	100.0	385	385	619.0	DUF418 domain-containing protein YeiB [Enterobacter hormaechei]
yeiB	WP_320684211	L143I	143	143	L	I	L	L	78.961	100.0	385	385	619.0	DUF418 domain-containing protein YeiB [Enterobacter hormaechei]
yeiB	WP_479985683	L143I	143	143	L	I	L	L	78.701	100.0	385	385	619.0	N/A
yeiB	WP_395029032	L143I	143	143	L	I	L	L	78.701	100.0	385	385	619.0	DUF418 domain-containing protein YeiB [Enterobacter hormaechei]
yeiB	WP_265460577	L143I	143	143	L	I	L	L	78.961	100.0	385	385	619.0	DUF418 domain-containing protein YeiB [Enterobacter hormaechei]
yeiB	WP_155023477	L143I	143	143	L	I	L	L	80.8	97.0	385	375	619.0	DUF418 domain-containing protein YeiB [Enterobacter hormaechei]
yeiB	WP_206227865	L143I	143	143	L	I	L	L	78.701	100.0	385	385	619.0	DUF418 domain-containing protein YeiB [Enterobacter hormaechei]
yeiB	WP_193131844	L143I	143	143	L	I	L	L	78.701	100.0	385	385	619.0	MULTISPECIES: DUF418 domain-containing protein YeiB [Enterobacter cloacae complex]
yeiB	WP_199160162	L143I	143	143	L	I	L	L	78.701	100.0	385	385	619.0	MULTISPECIES: DUF418 domain-containing protein YeiB [Enterobacter cloacae complex]
yeiB	WP_395036555	L143I	143	143	L	I	L	L	78.961	100.0	385	385	618.0	DUF418 domain-containing protein YeiB [Enterobacter hormaechei]
yeiB	WP_437748424	L143I	143	143	L	I	L	L	78.961	100.0	385	385	618.0	DUF418 domain-containing protein YeiB [Enterobacter mori]
yeiB	WP_032623909	L143I	143	143	L	I	L	L	78.701	100.0	385	385	618.0	MULTISPECIES: DUF418 domain-containing protein YeiB [Enterobacter cloacae complex]
yeiB	WP_319854312	L143I	143	143	L	I	L	L	78.961	100.0	385	385	618.0	DUF418 domain-containing protein YeiB [Enterobacter hormaechei]
yeiB	WP_063199043	L143I	143	143	L	I	L	L	78.701	100.0	385	385	618.0	DUF418 domain-containing protein YeiB [Enterobacter hormaechei]
yeiB	WP_421767518	L143I	143	143	L	I	L	L	78.961	100.0	385	385	618.0	DUF418 domain-containing protein YeiB [Enterobacter cloacae complex sp. IR5428]
yeiB	WP_150312657	L143I	143	143	L	I	L	L	78.961	100.0	385	385	618.0	DUF418 domain-containing protein YeiB [Enterobacter hormaechei]
yeiB	WP_213328185	L143I	143	143	L	I	L	L	79.74	100.0	385	385	618.0	DUF418 domain-containing protein YeiB [Enterobacter sp. 120016]
yeiB	WP_023300585	L143I	143	143	L	I	L	L	78.961	100.0	385	385	618.0	DUF418 domain-containing protein YeiB [Enterobacter hormaechei]
yeiB	WP_280005763	L143I	143	143	L	I	L	L	78.701	100.0	385	385	618.0	DUF418 domain-containing protein YeiB [Enterobacter hormaechei]
yeiB	WP_063163786	L143I	143	143	L	I	L	L	78.701	100.0	385	385	618.0	MULTISPECIES: DUF418 domain-containing protein YeiB [Enterobacter cloacae complex]
yeiB	WP_157507196	L143I	143	143	L	I	L	L	78.961	100.0	385	385	618.0	DUF418 domain-containing protein YeiB [Enterobacter hormaechei]
yeiB	WP_154051446	L143I	143	143	L	I	L	L	78.701	100.0	385	385	618.0	DUF418 domain-containing protein YeiB [Enterobacter hormaechei]
yeiB	WP_302215877	L143I	143	143	L	I	L	L	78.961	100.0	385	385	618.0	DUF418 domain-containing protein YeiB [Enterobacter hormaechei]
yeiB	WP_199126653	L143I	143	143	L	I	L	L	78.961	100.0	385	385	618.0	DUF418 domain-containing protein YeiB [Enterobacter hormaechei]
yeiB	WP_395314436	L143I	143	143	L	I	L	L	79.221	100.0	385	385	618.0	DUF418 domain-containing protein YeiB [Enterobacter sp. ECC-249]
yeiB	WP_410022628	L143I	143	143	L	I	L	L	78.961	100.0	385	385	618.0	DUF418 domain-containing protein YeiB [Enterobacter hormaechei]
yeiB	WP_471725256	L143I	143	143	L	I	L	L	79.74	100.0	385	385	617.0	N/A
yeiB	WP_196366432	L143I	143	143	L	I	L	L	79.221	100.0	385	385	617.0	DUF418 domain-containing protein YeiB [Enterobacter asburiae]
yeiB	WP_423397587	L143I	143	143	L	I	L	L	78.961	100.0	385	385	617.0	DUF418 domain-containing protein YeiB [Enterobacter hormaechei]
yeiB	WP_250116314	L143I	143	143	L	I	L	L	78.701	100.0	385	385	617.0	DUF418 domain-containing protein YeiB [Enterobacter hormaechei]
yeiB	WP_407597680	L143I	143	143	L	I	L	L	79.481	100.0	385	385	617.0	DUF418 domain-containing protein YeiB [Enterobacter asburiae]
yeiB	WP_058677663	L143I	143	143	L	I	L	L	78.961	100.0	385	385	617.0	MULTISPECIES: DUF418 domain-containing protein YeiB [Enterobacter cloacae complex]
yeiB	WP_320678404	L143I	143	143	L	I	L	L	78.701	100.0	385	385	617.0	DUF418 domain-containing protein YeiB [Enterobacter hormaechei]
yeiB	WP_223561051	L143I	143	143	L	I	L	L	78.961	100.0	385	385	617.0	MULTISPECIES: DUF418 domain-containing protein YeiB [unclassified Enterobacter]
yeiB	WP_038416420	L143I	143	143	L	I	L	L	78.442	100.0	385	385	617.0	MULTISPECIES: DUF418 domain-containing protein YeiB [Enterobacter]
yeiB	WP_311392056	L143I	143	143	L	I	L	L	79.481	100.0	385	385	617.0	DUF418 domain-containing protein YeiB [Enterobacter asburiae]
yeiB	WP_257260674	L143I	143	143	L	I	L	L	79.481	100.0	385	385	617.0	DUF418 domain-containing protein YeiB [Enterobacter asburiae]
yeiB	WP_484611939	L143I	143	143	L	I	L	L	79.481	100.0	385	385	617.0	N/A
yeiB	WP_481241390	L143I	143	143	L	I	L	L	78.961	100.0	385	385	617.0	N/A
yeiB	WP_199008822	L143I	143	143	L	I	L	L	78.701	100.0	385	385	617.0	DUF418 domain-containing protein YeiB [Enterobacter hormaechei]
yeiB	WP_193543145	L143I	143	143	L	I	L	L	78.701	100.0	385	385	616.0	MULTISPECIES: DUF418 domain-containing protein YeiB [unclassified Enterobacter cloacae complex]
yeiB	WP_219984846	L143I	143	143	L	I	L	L	78.701	100.0	385	385	616.0	DUF418 domain-containing protein YeiB [Enterobacter hormaechei]
yeiB	WP_407601391	L143I	143	143	L	I	L	L	79.481	100.0	385	385	615.0	DUF418 domain-containing protein YeiB [Enterobacter asburiae]
yeiB	WP_483543835	L143I	143	143	L	I	L	L	78.906	100.0	385	385	615.0	N/A
yeiB	WP_324286614	L143I	143	143	L	I	L	L	78.442	100.0	385	385	615.0	DUF418 domain-containing protein YeiB [Enterobacter hormaechei]
yeiB	WP_260659113	L143I	143	143	L	I	L	L	78.646	100.0	385	385	615.0	DUF418 domain-containing protein YeiB [Enterobacter mori]
yeiB	WP_180243342	L143I	143	143	L	I	L	L	78.442	100.0	385	385	615.0	DUF418 domain-containing protein YeiB [Enterobacter hormaechei]
yeiB	WP_260662345	L143I	143	143	L	I	L	L	78.646	100.0	385	385	615.0	DUF418 domain-containing protein YeiB [Enterobacter mori]
yeiB	WP_211449667	L143I	143	143	L	I	L	L	78.646	100.0	385	385	615.0	DUF418 domain-containing protein YeiB [Enterobacter mori]
yeiB	WP_475683624	L143I	143	143	L	I	L	L	78.646	100.0	385	385	615.0	N/A
yeiB	WP_332986004	L143I	143	143	L	I	L	L	79.221	100.0	385	385	615.0	MULTISPECIES: DUF418 domain-containing protein YeiB [Enterobacter]
yeiB	WP_237844455	L143I	143	143	L	I	L	L	78.646	100.0	385	385	615.0	DUF418 domain-containing protein YeiB [Enterobacter mori]
yeiB	WP_410975645	L143I	143	143	L	I	L	L	78.385	100.0	385	385	615.0	DUF418 domain-containing protein YeiB [Enterobacter mori]
yeiB	WP_281959647	L143I	143	143	L	I	L	L	78.646	100.0	385	385	614.0	DUF418 domain-containing protein YeiB [Enterobacter mori]
yeiB	WP_262182520	L143I	143	143	L	I	L	L	78.646	100.0	385	385	614.0	DUF418 domain-containing protein YeiB [Enterobacter mori]
yeiB	WP_238459310	L143I	143	143	L	I	L	L	78.646	100.0	385	385	614.0	DUF418 domain-containing protein YeiB [Enterobacter mori]
yeiB	WP_333065305	L143I	143	143	L	I	L	L	78.646	100.0	385	385	614.0	DUF418 domain-containing protein YeiB [Enterobacter mori]
yeiB	WP_010433536	L143I	143	143	L	I	L	L	78.646	100.0	385	385	614.0	MULTISPECIES: DUF418 domain-containing protein YeiB [Enterobacter]
yeiB	WP_182400976	L143I	143	143	L	I	L	L	78.646	100.0	385	385	614.0	DUF418 domain-containing protein YeiB [Enterobacter sp. RHBSTW-01064]
yeiB	WP_481977649	L143I	143	143	L	I	L	L	78.385	100.0	385	385	614.0	N/A
yeiB	WP_473212683	L143I	143	143	L	I	L	L	78.385	100.0	385	385	614.0	N/A
yeiB	WP_462825148	L143I	143	143	L	I	L	L	78.442	100.0	385	385	614.0	N/A
yeiB	WP_440668440	L143I	143	143	L	I	L	L	78.646	100.0	385	385	613.0	MULTISPECIES: DUF418 domain-containing protein YeiB [Enterobacter]
yeiB	WP_221552756	L143I	143	143	L	I	L	L	78.385	100.0	385	385	613.0	DUF418 domain-containing protein YeiB [Enterobacter sp. RIT637]
yeiB	WP_475684932	L143I	143	143	L	I	L	L	78.385	100.0	385	385	613.0	N/A
yeiB	WP_464356608	L143I	143	143	L	I	L	L	78.385	100.0	385	385	613.0	N/A
yeiB	WP_148752250	L143I	143	143	L	I	L	L	78.182	100.0	385	385	613.0	DUF418 domain-containing protein YeiB [Enterobacter hormaechei]
yeiB	WP_475682371	L143I	143	143	L	I	L	L	78.385	100.0	385	385	613.0	N/A
yeiB	WP_120157820	L143I	143	143	L	I	L	L	78.385	100.0	385	385	613.0	MULTISPECIES: DUF418 domain-containing protein YeiB [Enterobacter]
yeiB	WP_458592075	L143I	143	143	L	I	L	L	78.646	100.0	385	385	613.0	DUF418 domain-containing protein YeiB [Enterobacter mori]
yeiB	WP_218400716	L143I	143	143	L	I	L	L	78.385	100.0	385	385	613.0	DUF418 domain-containing protein YeiB [Enterobacter mori]
yeiB	WP_220119625	L143I	143	143	L	I	L	L	78.385	100.0	385	385	612.0	DUF418 domain-containing protein YeiB [Enterobacter mori]
yeiB	WP_325827581	L143I	143	143	L	I	L	L	78.385	100.0	385	385	612.0	DUF418 domain-containing protein YeiB [Enterobacter mori]
yeiB	WP_456157273	L143I	143	143	L	I	L	L	78.646	100.0	385	385	612.0	DUF418 domain-containing protein YeiB [Enterobacter mori]
yeiB	WP_214593758	L143I	143	143	L	I	L	L	78.385	100.0	385	385	612.0	DUF418 domain-containing protein YeiB [Enterobacter mori]
yeiB	WP_411777398	L143I	143	143	L	I	L	L	78.385	100.0	385	385	612.0	DUF418 domain-containing protein YeiB [Enterobacter mori]
yeiB	WP_063137692	L143I	143	143	L	I	L	L	79.841	98.0	385	378	612.0	DUF418 domain-containing protein YeiB [Enterobacter hormaechei]
yeiB	WP_431642364	L143I	143	143	L	I	L	L	78.125	100.0	385	385	611.0	DUF418 domain-containing protein YeiB [Enterobacter mori]
yeiB	WP_323344058	L143I	143	143	L	I	L	L	78.385	100.0	385	385	611.0	DUF418 domain-containing protein YeiB [Enterobacter mori]
yeiB	WP_148400417	L143I	143	143	L	I	L	L	78.125	100.0	385	385	611.0	DUF418 domain-containing protein YeiB [Enterobacter mori]
yeiB	WP_297121949	L143I	143	143	L	I	L	L	80.779	100.0	385	385	611.0	DUF418 domain-containing protein YeiB [uncultured Enterobacter sp.]
yeiB	WP_395300514	L143I	143	143	L	I	L	L	80.779	100.0	385	385	611.0	DUF418 domain-containing protein YeiB [Enterobacter sp. ECC-175]
yeiB	WP_473359783	L143I	143	143	L	I	L	L	80.779	100.0	385	385	610.0	N/A
yeiB	WP_296228770	L143I	143	143	L	I	L	L	78.385	100.0	385	385	610.0	DUF418 domain-containing protein YeiB [uncultured Enterobacter sp.]
yeiB	WP_253179571	L143I	143	143	L	I	L	L	77.865	100.0	385	385	610.0	DUF418 domain-containing protein YeiB [Enterobacter mori]
yeiB	WP_126817488	L143I	143	143	L	I	L	L	78.125	100.0	385	385	610.0	DUF418 domain-containing protein YeiB [Enterobacter mori]
yeiB	WP_448668841	L143I	143	143	L	I	L	L	78.385	100.0	385	385	610.0	DUF418 domain-containing protein YeiB [Enterobacter mori]
yeiB	WP_341495031	L143I	143	143	L	I	L	L	78.125	100.0	385	385	610.0	DUF418 domain-containing protein YeiB [Enterobacter mori]
yeiB	WP_212473516	L143I	143	143	L	I	L	L	77.865	100.0	385	385	610.0	DUF418 domain-containing protein YeiB [Enterobacter mori]
yeiB	WP_312959639	L143I	143	143	L	I	L	L	78.125	100.0	385	385	610.0	DUF418 domain-containing protein YeiB [Enterobacter mori]
yeiB	WP_316383458	L143I	143	143	L	I	L	L	78.125	100.0	385	385	610.0	DUF418 domain-containing protein YeiB [Enterobacter mori]
yeiB	WP_049084334	L143I	143	74	L	I	L	L	97.152	82.0	385	316	610.0	DUF418 domain-containing protein YeiB, partial [Escherichia coli]
yeiB	WP_447288429	L143I	143	143	L	I	L	L	78.125	100.0	385	385	610.0	DUF418 domain-containing protein YeiB [Enterobacter mori]
yeiB	WP_447206554	L143I	143	143	L	I	L	L	80.0	100.0	385	385	609.0	DUF418 domain-containing protein YeiB [Enterobacter huaxiensis]
yeiB	WP_369604337	L143I	143	143	L	I	L	L	81.039	100.0	385	385	608.0	DUF418 domain-containing protein YeiB [Enterobacter asburiae]
yeiB	WP_447852654	L143I	143	143	L	I	L	L	77.865	100.0	385	385	608.0	DUF418 domain-containing protein YeiB [Enterobacter mori]
yeiB	WP_126796652	L143I	143	143	L	I	L	L	81.039	100.0	385	385	608.0	DUF418 domain-containing protein YeiB [Enterobacter asburiae]
yeiB	WP_023619761	L143I	143	143	L	I	L	L	80.519	100.0	385	385	608.0	DUF418 domain-containing protein YeiB [Enterobacter cloacae]
yeiB	WP_029740404	L143I	143	143	L	I	L	L	81.039	100.0	385	385	607.0	DUF418 domain-containing protein YeiB [Enterobacter asburiae]
yeiB	WP_112012552	L143I	143	143	L	I	L	L	80.26	100.0	385	385	607.0	DUF418 domain-containing protein YeiB [Enterobacter sp. RIT418]
yeiB	WP_059347046	L143I	143	143	L	I	L	L	81.039	100.0	385	385	607.0	DUF418 domain-containing protein YeiB [Enterobacter asburiae]
yeiB	WP_199028991	L143I	143	143	L	I	L	L	80.779	100.0	385	385	607.0	DUF418 domain-containing protein YeiB [Enterobacter asburiae]
yeiB	WP_063440853	L143I	143	143	L	I	L	L	81.039	100.0	385	385	607.0	DUF418 domain-containing protein YeiB [Enterobacter asburiae]
yeiB	WP_202761024	L143I	143	143	L	I	L	L	80.779	100.0	385	385	607.0	DUF418 domain-containing protein YeiB [Enterobacter asburiae]
yeiB	WP_348574052	L143I	143	143	L	I	L	L	80.779	100.0	385	385	606.0	DUF418 domain-containing protein YeiB [Enterobacter asburiae]
yeiB	WP_080328611	L143I	143	143	L	I	L	L	80.519	100.0	385	385	606.0	DUF418 domain-containing protein YeiB [Enterobacter chuandaensis]
yeiB	WP_429054299	L143I	143	143	L	I	L	L	80.519	100.0	385	385	606.0	MULTISPECIES: DUF418 domain-containing protein YeiB [Enterobacter]
yeiB	WP_248100103	L143I	143	143	L	I	L	L	80.26	100.0	385	385	606.0	DUF418 domain-containing protein YeiB [Enterobacter chengduensis]
yeiB	WP_121931938	L143I	143	143	L	I	L	L	80.779	100.0	385	385	606.0	MULTISPECIES: DUF418 domain-containing protein YeiB [Enterobacter]
yeiB	WP_108416597	L143I	143	143	L	I	L	L	78.646	100.0	385	385	606.0	DUF418 domain-containing protein YeiB [Enterobacter mori]
yeiB	WP_434924265	L143I	143	143	L	I	L	L	80.779	100.0	385	385	606.0	DUF418 domain-containing protein YeiB [Enterobacter asburiae]
yeiB	WP_139354944	L143I	143	67	L	I	L	L	98.706	80.0	385	309	606.0	DUF418 domain-containing protein YeiB, partial [Escherichia coli]
yeiB	WP_447629755	L143I	143	143	L	I	L	L	79.74	100.0	385	385	606.0	DUF418 domain-containing protein YeiB [Enterobacter hormaechei]
yeiB	WP_266178725	L143I	143	143	L	I	L	L	80.779	100.0	385	385	605.0	DUF418 domain-containing protein YeiB [Enterobacter nematophilus]
yeiB	WP_192544452	L143I	143	143	L	I	L	L	80.26	100.0	385	385	605.0	DUF418 domain-containing protein YeiB [Enterobacter cloacae]
yeiB	WP_256063075	L143I	143	143	L	I	L	L	80.519	100.0	385	385	605.0	DUF418 domain-containing protein YeiB [Enterobacter asburiae]
yeiB	WP_202770698	L143I	143	143	L	I	L	L	80.779	100.0	385	385	605.0	DUF418 domain-containing protein YeiB [Enterobacter asburiae]
yeiB	WP_331411884	L143I	143	143	L	I	L	L	79.481	100.0	385	385	605.0	DUF418 domain-containing protein YeiB [Enterobacter cloacae complex sp. CARB60]
yeiB	WP_182381265	L143I	143	143	L	I	L	L	80.0	100.0	385	385	605.0	MULTISPECIES: DUF418 domain-containing protein YeiB [Enterobacter]
yeiB	WP_063426925	L143I	143	143	L	I	L	L	80.26	100.0	385	385	605.0	DUF418 domain-containing protein YeiB [Enterobacter cloacae]
yeiB	WP_312972496	L143I	143	143	L	I	L	L	78.701	100.0	385	385	605.0	DUF418 domain-containing protein YeiB [Atlantibacter sp.]
yeiB	WP_334399507	L143I	143	143	L	I	L	L	80.0	100.0	385	385	605.0	DUF418 domain-containing protein YeiB [Enterobacter sp. UNJFSC 003]
yeiB	WP_047361064	L143I	143	143	L	I	L	L	80.26	100.0	385	385	605.0	DUF418 domain-containing protein YeiB [Enterobacter cloacae]
yeiB	WP_032646559	L143I	143	143	L	I	L	L	78.442	100.0	385	385	605.0	MULTISPECIES: DUF418 domain-containing protein YeiB [unclassified Enterobacter]
yeiB	WP_096927557	L143I	143	143	L	I	L	L	80.26	100.0	385	385	605.0	DUF418 domain-containing protein YeiB [Enterobacter cloacae]
yeiB	WP_194515702	L143I	143	143	L	I	L	L	80.0	100.0	385	385	605.0	DUF418 domain-containing protein YeiB [Enterobacter cloacae]
yeiB	WP_315620861	L143I	143	143	L	I	L	L	80.0	100.0	385	385	605.0	DUF418 domain-containing protein YeiB [Enterobacter cloacae]
yeiB	WP_181531295	L143I	143	143	L	I	L	L	80.0	100.0	385	385	604.0	DUF418 domain-containing protein YeiB [Enterobacter roggenkampii]
yeiB	WP_270783672	L143I	143	143	L	I	L	L	80.0	100.0	385	385	604.0	DUF418 domain-containing protein YeiB [Enterobacter cloacae]
yeiB	WP_049008203	L143I	143	143	L	I	L	L	80.519	100.0	385	385	604.0	MULTISPECIES: DUF418 domain-containing protein YeiB [Enterobacter]
yeiB	WP_395995920	L143I	143	143	L	I	L	L	80.0	100.0	385	385	604.0	DUF418 domain-containing protein YeiB [Enterobacter roggenkampii]
yeiB	WP_167211606	L143I	143	143	L	I	L	L	79.74	100.0	385	385	604.0	DUF418 domain-containing protein YeiB [Enterobacter sp. Acro-832]
yeiB	WP_133549622	L143I	143	143	L	I	L	L	80.779	100.0	385	385	604.0	DUF418 domain-containing protein YeiB [Enterobacter sp. AG326]
yeiB	WP_028016309	L143I	143	143	L	I	L	L	80.519	100.0	385	385	604.0	MULTISPECIES: DUF418 domain-containing protein YeiB [Enterobacter]
yeiB	WP_248766579	L143I	143	143	L	I	L	L	79.481	100.0	385	385	604.0	MULTISPECIES: DUF418 domain-containing protein YeiB [Enterobacter cloacae complex]
yeiB	WP_262788300	L143I	143	143	L	I	L	L	80.0	100.0	385	385	604.0	DUF418 domain-containing protein YeiB [Enterobacter cloacae]
yeiB	WP_023336348	L143I	143	143	L	I	L	L	80.26	100.0	385	385	604.0	DUF418 domain-containing protein YeiB [Enterobacter sp. MGH 24]
yeiB	WP_417313458	L143I	143	143	L	I	L	L	80.26	100.0	385	385	604.0	DUF418 domain-containing protein YeiB [Enterobacter sp.]
yeiB	WP_421002892	L143I	143	143	L	I	L	L	80.0	100.0	385	385	604.0	DUF418 domain-containing protein YeiB [Enterobacter chengduensis]
yeiB	WP_367071168	L143I	143	143	L	I	L	L	80.0	100.0	385	385	603.0	DUF418 domain-containing protein YeiB [Enterobacter roggenkampii]
yeiB	WP_262822342	L143I	143	143	L	I	L	L	79.74	100.0	385	385	603.0	DUF418 domain-containing protein YeiB [Enterobacter quasiroggenkampii]
yeiB	WP_069720469	L143I	143	143	L	I	L	L	80.0	100.0	385	385	603.0	MULTISPECIES: DUF418 domain-containing protein YeiB [Enterobacter]
yeiB	WP_014832693	L143I	143	143	L	I	L	L	80.0	100.0	385	385	603.0	MULTISPECIES: DUF418 domain-containing protein YeiB [Enterobacter]
yeiB	WP_118282954	L143I	143	143	L	I	L	L	79.74	100.0	385	385	603.0	DUF418 domain-containing protein YeiB [Enterobacter cloacae]
yeiB	WP_395999645	L143I	143	143	L	I	L	L	79.74	100.0	385	385	603.0	DUF418 domain-containing protein YeiB [Enterobacter cloacae]
yeiB	WP_063143780	L143I	143	143	L	I	L	L	79.221	100.0	385	385	603.0	DUF418 domain-containing protein YeiB [Enterobacter cloacae]
yeiB	WP_083020977	L143I	143	143	L	I	L	L	80.0	100.0	385	385	603.0	DUF418 domain-containing protein YeiB [Enterobacter cloacae]
yeiB	WP_095427710	L143I	143	143	L	I	L	L	79.481	100.0	385	385	603.0	DUF418 domain-containing protein YeiB [Enterobacter cloacae]
yeiB	WP_205923565	L143I	143	143	L	I	L	L	79.221	100.0	385	385	603.0	DUF418 domain-containing protein YeiB [Enterobacter hormaechei]
yeiB	WP_251999441	L143I	143	143	L	I	L	L	79.481	100.0	385	385	603.0	DUF418 domain-containing protein YeiB [Enterobacter cloacae]
yeiB	WP_153907703	L143I	143	143	L	I	L	L	79.74	100.0	385	385	603.0	DUF418 domain-containing protein YeiB [Enterobacter cloacae]
yeiB	WP_059311494	L143I	143	143	L	I	L	L	80.519	100.0	385	385	603.0	MULTISPECIES: DUF418 domain-containing protein YeiB [Enterobacter cloacae complex]
yeiB	WP_320386789	L143I	143	143	L	I	L	L	80.519	100.0	385	385	603.0	DUF418 domain-containing protein YeiB [Enterobacter chinensis]
yeiB	WP_058680888	L143I	143	143	L	I	L	L	79.481	100.0	385	385	603.0	MULTISPECIES: DUF418 domain-containing protein YeiB [Enterobacter cloacae complex]
yeiB	WP_395998704	L143I	143	143	L	I	L	L	79.221	100.0	385	385	603.0	DUF418 domain-containing protein YeiB [Enterobacter cloacae]
yeiB	WP_335276526	L143I	143	143	L	I	L	L	79.481	100.0	385	385	603.0	DUF418 domain-containing protein YeiB [Enterobacter cloacae]
yeiB	WP_196372628	L143I	143	143	L	I	L	L	79.74	100.0	385	385	603.0	DUF418 domain-containing protein YeiB [Enterobacter cloacae]
yeiB	WP_248062545	L143I	143	143	L	I	L	L	80.0	100.0	385	385	603.0	DUF418 domain-containing protein YeiB [Enterobacter cloacae]
yeiB	WP_269772633	L143I	143	143	L	I	L	L	78.182	100.0	385	385	603.0	DUF418 domain-containing protein YeiB [Atlantibacter hermannii]
yeiB	WP_343645618	L143I	143	143	L	I	L	L	79.948	100.0	385	385	603.0	DUF418 domain-containing protein YeiB [Enterobacter sp.]
yeiB	WP_193139708	L143I	143	143	L	I	L	L	80.26	100.0	385	385	603.0	MULTISPECIES: DUF418 domain-containing protein YeiB [Enterobacter]
yeiB	WP_182930974	L143I	143	143	L	I	L	L	80.26	100.0	385	385	603.0	DUF418 domain-containing protein YeiB [Enterobacter asburiae]
yeiB	WP_203121951	L143I	143	143	L	I	L	L	78.442	100.0	385	385	603.0	DUF418 domain-containing protein YeiB [Atlantibacter hermannii]
yeiB	WP_462072329	L143I	143	143	L	I	L	L	80.519	100.0	385	385	603.0	N/A
yeiB	WP_257830780	L143I	143	143	L	I	L	L	80.519	100.0	385	385	603.0	MULTISPECIES: DUF418 domain-containing protein YeiB [Enterobacter]
yeiB	WP_222168752	L143I	143	143	L	I	L	L	79.221	100.0	385	385	603.0	MULTISPECIES: DUF418 domain-containing protein YeiB [Enterobacter cloacae complex]
yeiB	WP_108090797	L143I	143	143	L	I	L	L	80.519	100.0	385	385	603.0	DUF418 domain-containing protein YeiB [Enterobacter cloacae]
yeiB	WP_047174131	L143I	143	143	L	I	L	L	80.0	100.0	385	385	603.0	DUF418 domain-containing protein YeiB [Enterobacter asburiae]
yeiB	WP_045328025	L143I	143	143	L	I	L	L	79.74	100.0	385	385	603.0	MULTISPECIES: DUF418 domain-containing protein YeiB [Enterobacter]
yeiB	WP_447551895	L143I	143	143	L	I	L	L	80.0	100.0	385	385	603.0	DUF418 domain-containing protein YeiB [Enterobacter sp. 186315]
yeiB	WP_213729955	L143I	143	143	L	I	L	L	80.519	100.0	385	385	602.0	DUF418 domain-containing protein YeiB [Enterobacter asburiae]
yeiB	WP_481229428	L143I	143	143	L	I	L	L	79.481	100.0	385	385	602.0	N/A
yeiB	WP_262820235	L143I	143	143	L	I	L	L	79.221	100.0	385	385	602.0	DUF418 domain-containing protein YeiB [Enterobacter cloacae]
yeiB	WP_334751855	L143I	143	143	L	I	L	L	79.74	100.0	385	385	602.0	DUF418 domain-containing protein YeiB [Enterobacter cloacae]
yeiB	WP_128347439	L143I	143	143	L	I	L	L	80.26	100.0	385	385	602.0	MULTISPECIES: DUF418 domain-containing protein YeiB [Enterobacter]
yeiB	WP_183169221	L143I	143	143	L	I	L	L	78.182	100.0	385	385	602.0	MULTISPECIES: DUF418 domain-containing protein YeiB [unclassified Atlantibacter]
yeiB	WP_023616710	L143I	143	143	L	I	L	L	79.74	100.0	385	385	602.0	DUF418 domain-containing protein YeiB [Enterobacter roggenkampii]
yeiB	WP_334762646	L143I	143	143	L	I	L	L	79.74	100.0	385	385	602.0	DUF418 domain-containing protein YeiB [Enterobacter quasiroggenkampii]
yeiB	WP_013097956	L143I	143	143	L	I	L	L	79.481	100.0	385	385	602.0	MULTISPECIES: DUF418 domain-containing protein YeiB [Enterobacter cloacae complex]
yeiB	WP_020690129	L143I	143	143	L	I	L	L	79.221	100.0	385	385	602.0	MULTISPECIES: DUF418 domain-containing protein YeiB [Enterobacter]
yeiB	WP_336668712	L143I	143	143	L	I	L	L	80.519	100.0	385	385	602.0	DUF418 domain-containing protein YeiB [Enterobacter asburiae]
yeiB	WP_193148034	L143I	143	143	L	I	L	L	79.74	100.0	385	385	602.0	DUF418 domain-containing protein YeiB [Enterobacter roggenkampii]
yeiB	WP_262750716	L143I	143	143	L	I	L	L	79.74	100.0	385	385	602.0	DUF418 domain-containing protein YeiB [Enterobacter quasiroggenkampii]
yeiB	WP_248078953	L143I	143	143	L	I	L	L	79.481	100.0	385	385	602.0	MULTISPECIES: DUF418 domain-containing protein YeiB [Enterobacter cloacae complex]
yeiB	WP_059359342	L143I	143	143	L	I	L	L	79.74	100.0	385	385	602.0	MULTISPECIES: DUF418 domain-containing protein YeiB [Enterobacteriaceae]
yeiB	WP_248059864	L143I	143	143	L	I	L	L	79.74	100.0	385	385	602.0	DUF418 domain-containing protein YeiB [Enterobacter cloacae]
yeiB	WP_126324866	L143I	143	143	L	I	L	L	79.74	100.0	385	385	602.0	DUF418 domain-containing protein YeiB [Enterobacter roggenkampii]
yeiB	WP_039263161	L143I	143	143	L	I	L	L	80.26	100.0	385	385	602.0	MULTISPECIES: DUF418 domain-containing protein YeiB [Enterobacter]
yeiB	WP_063622100	L143I	143	143	L	I	L	L	79.74	100.0	385	385	602.0	MULTISPECIES: DUF418 domain-containing protein YeiB [Enterobacter]
yeiB	WP_129324305	L143I	143	143	L	I	L	L	80.26	100.0	385	385	602.0	MULTISPECIES: DUF418 domain-containing protein YeiB [Enterobacter]
yeiB	WP_044597901	L143I	143	143	L	I	L	L	79.74	100.0	385	385	602.0	DUF418 domain-containing protein YeiB [Enterobacter roggenkampii]
yeiB	WP_248192249	L143I	143	143	L	I	L	L	79.481	100.0	385	385	602.0	DUF418 domain-containing protein YeiB [Enterobacter kobei]
yeiB	WP_431615857	L143I	143	143	L	I	L	L	79.74	100.0	385	385	602.0	DUF418 domain-containing protein YeiB [Enterobacter roggenkampii]
yeiB	WP_095452806	L143I	143	143	L	I	L	L	79.221	100.0	385	385	602.0	DUF418 domain-containing protein YeiB [Enterobacter cloacae]
yeiB	WP_114977710	L143I	143	143	L	I	L	L	80.0	100.0	385	385	602.0	MULTISPECIES: DUF418 domain-containing protein YeiB [Enterobacterales]
yeiB	WP_473719893	L143I	143	143	L	I	L	L	79.74	100.0	385	385	602.0	N/A
yeiB	WP_219983886	L143I	143	143	L	I	L	L	79.74	100.0	385	385	602.0	DUF418 domain-containing protein YeiB [Enterobacter roggenkampii]
yeiB	WP_032675203	L143I	143	143	L	I	L	L	79.74	100.0	385	385	602.0	MULTISPECIES: DUF418 domain-containing protein YeiB [Enterobacter]
yeiB	WP_048979994	L143I	143	143	L	I	L	L	80.26	100.0	385	385	602.0	MULTISPECIES: DUF418 domain-containing protein YeiB [Enterobacter]
yeiB	WP_316371099	L143I	143	143	L	I	L	L	79.221	100.0	385	385	602.0	DUF418 domain-containing protein YeiB [Enterobacter cloacae]
yeiB	WP_064672840	L143I	143	143	L	I	L	L	80.0	100.0	385	385	601.0	MULTISPECIES: DUF418 domain-containing protein YeiB [Enterobacter]
yeiB	WP_320731566	L143I	143	143	L	I	L	L	79.74	100.0	385	385	601.0	DUF418 domain-containing protein YeiB [Enterobacter roggenkampii]
yeiB	WP_252008210	L143I	143	143	L	I	L	L	80.779	100.0	385	385	601.0	DUF418 domain-containing protein YeiB [Enterobacter bugandensis]
yeiB	WP_346395922	L143I	143	143	L	I	L	L	79.481	100.0	385	385	601.0	DUF418 domain-containing protein YeiB [Enterobacter cloacae]
yeiB	WP_368525149	L143I	143	143	L	I	L	L	80.26	100.0	385	385	601.0	DUF418 domain-containing protein YeiB [Enterobacter asburiae]
yeiB	WP_214554234	L143I	143	143	L	I	L	L	79.221	100.0	385	385	601.0	DUF418 domain-containing protein YeiB [Enterobacter cloacae]
yeiB	WP_134347855	L143I	143	143	L	I	L	L	80.26	100.0	385	385	601.0	DUF418 domain-containing protein YeiB [Lelliottia nimipressuralis]
yeiB	WP_248244068	L143I	143	143	L	I	L	L	79.481	100.0	385	385	601.0	DUF418 domain-containing protein YeiB [Enterobacter roggenkampii]
yeiB	WP_125364584	L143I	143	143	L	I	L	L	79.481	100.0	385	385	601.0	DUF418 domain-containing protein YeiB [Enterobacter cloacae]
yeiB	WP_320737590	L143I	143	143	L	I	L	L	79.74	100.0	385	385	601.0	DUF418 domain-containing protein YeiB [Enterobacter roggenkampii]
yeiB	WP_248058450	L143I	143	143	L	I	L	L	79.221	100.0	385	385	601.0	DUF418 domain-containing protein YeiB [Enterobacter cloacae]
yeiB	WP_233002581	L143I	143	143	L	I	L	L	80.26	100.0	385	385	601.0	MULTISPECIES: DUF418 domain-containing protein YeiB [Enterobacter cloacae complex]
yeiB	WP_232943822	L143I	143	143	L	I	L	L	79.74	100.0	385	385	601.0	DUF418 domain-containing protein YeiB [Enterobacter cloacae]
yeiB	WP_094943269	L143I	143	143	L	I	L	L	79.74	100.0	385	385	601.0	DUF418 domain-containing protein YeiB [Enterobacter roggenkampii]
yeiB	WP_165556553	L143I	143	143	L	I	L	L	79.481	100.0	385	385	601.0	DUF418 domain-containing protein YeiB [Enterobacter roggenkampii]
yeiB	WP_248248921	L143I	143	143	L	I	L	L	79.481	100.0	385	385	601.0	DUF418 domain-containing protein YeiB [Enterobacter roggenkampii]
yeiB	WP_309176357	L143I	143	143	L	I	L	L	79.74	100.0	385	385	601.0	DUF418 domain-containing protein YeiB [Enterobacter roggenkampii]
yeiB	WP_248089418	L143I	143	143	L	I	L	L	79.221	100.0	385	385	601.0	DUF418 domain-containing protein YeiB [Enterobacter cloacae]
yeiB	WP_423946648	L143I	143	143	L	I	L	L	79.481	100.0	385	385	601.0	DUF418 domain-containing protein YeiB [Enterobacter cloacae]
yeiB	WP_023344548	L143I	143	143	L	I	L	L	79.74	100.0	385	385	601.0	MULTISPECIES: DUF418 domain-containing protein YeiB [Enterobacter]
yeiB	WP_094934144	L143I	143	143	L	I	L	L	80.0	100.0	385	385	601.0	MULTISPECIES: DUF418 domain-containing protein YeiB [Enterobacter cloacae complex]
yeiB	WP_348554340	L143I	143	143	L	I	L	L	79.74	100.0	385	385	601.0	DUF418 domain-containing protein YeiB [Enterobacter roggenkampii]
yeiB	WP_316463139	L143I	143	143	L	I	L	L	79.74	100.0	385	385	601.0	DUF418 domain-containing protein YeiB [Enterobacter sp.]
yeiB	WP_110915284	L143I	143	143	L	I	L	L	79.74	100.0	385	385	601.0	DUF418 domain-containing protein YeiB [Enterobacter roggenkampii]
yeiB	WP_021241506	L143I	143	143	L	I	L	L	79.74	100.0	385	385	601.0	DUF418 domain-containing protein YeiB [Enterobacter roggenkampii]
yeiB	WP_325820204	L143I	143	143	L	I	L	L	79.481	100.0	385	385	601.0	DUF418 domain-containing protein YeiB [Enterobacter roggenkampii]
yeiB	WP_038984033	L143I	143	143	L	I	L	L	79.481	100.0	385	385	601.0	DUF418 domain-containing protein YeiB [Enterobacter cloacae]
yeiB	WP_055321901	L143I	143	143	L	I	L	L	79.481	100.0	385	385	601.0	MULTISPECIES: DUF418 domain-containing protein YeiB [Enterobacter]
yeiB	WP_062934674	L143I	143	143	L	I	L	L	79.221	100.0	385	385	601.0	DUF418 domain-containing protein YeiB [Enterobacter cloacae]
yeiB	WP_249456430	L143I	143	143	L	I	L	L	79.74	100.0	385	385	601.0	DUF418 domain-containing protein YeiB [Enterobacter roggenkampii]
yeiB	WP_447855973	L143I	143	143	L	I	L	L	80.26	100.0	385	385	601.0	DUF418 domain-containing protein YeiB [Enterobacter sp. WI-ESBL-E8]
yeiB	WP_049120775	L143I	143	143	L	I	L	L	79.481	100.0	385	385	601.0	MULTISPECIES: DUF418 domain-containing protein YeiB [Enterobacter]
yeiB	WP_333111778	L143I	143	143	L	I	L	L	80.519	100.0	385	385	601.0	DUF418 domain-containing protein YeiB [Enterobacter bugandensis]
yeiB	WP_353797712	L143I	143	143	L	I	L	L	79.221	100.0	385	385	601.0	DUF418 domain-containing protein YeiB [Enterobacter cloacae]
yeiB	WP_220421257	L143I	143	143	L	I	L	L	79.481	100.0	385	385	601.0	DUF418 domain-containing protein YeiB [Enterobacter roggenkampii]
yeiB	WP_032663189	L143I	143	143	L	I	L	L	79.481	100.0	385	385	600.0	MULTISPECIES: DUF418 domain-containing protein YeiB [Enterobacter]
yeiB	WP_048975790	L143I	143	143	L	I	L	L	79.74	100.0	385	385	600.0	DUF418 domain-containing protein YeiB [Enterobacter asburiae]
yeiB	WP_248201091	L143I	143	143	L	I	L	L	79.481	100.0	385	385	600.0	DUF418 domain-containing protein YeiB [Enterobacter asburiae]
yeiB	WP_368278423	L143I	143	143	L	I	L	L	79.74	100.0	385	385	600.0	DUF418 domain-containing protein YeiB [Enterobacter cloacae]
yeiB	WP_214576687	L143I	143	143	L	I	L	L	80.0	100.0	385	385	600.0	DUF418 domain-containing protein YeiB [Enterobacter dykesii]
yeiB	WP_211944400	L143I	143	143	L	I	L	L	78.961	100.0	385	385	600.0	DUF418 domain-containing protein YeiB [Enterobacter cloacae]
yeiB	WP_192983131	L143I	143	143	L	I	L	L	80.0	100.0	385	385	600.0	MULTISPECIES: DUF418 domain-containing protein YeiB [Enterobacter]
yeiB	WP_126303467	L143I	143	143	L	I	L	L	79.74	100.0	385	385	600.0	DUF418 domain-containing protein YeiB [Enterobacter asburiae]
yeiB	WP_331395169	L143I	143	143	L	I	L	L	80.0	100.0	385	385	600.0	DUF418 domain-containing protein YeiB [Enterobacter sp. HK169]
yeiB	WP_320713170	L143I	143	143	L	I	L	L	79.221	100.0	385	385	600.0	DUF418 domain-containing protein YeiB [Enterobacter cloacae]
yeiB	WP_168979771	L143I	143	143	L	I	L	L	79.481	100.0	385	385	600.0	DUF418 domain-containing protein YeiB [Enterobacter asburiae]
yeiB	WP_069598555	L143I	143	143	L	I	L	L	79.74	100.0	385	385	600.0	DUF418 domain-containing protein YeiB [Enterobacter roggenkampii]
yeiB	WP_316961538	L143I	143	143	L	I	L	L	80.0	100.0	385	385	600.0	DUF418 domain-containing protein YeiB [Enterobacter asburiae]
yeiB	WP_058678817	L143I	143	143	L	I	L	L	78.961	100.0	385	385	600.0	DUF418 domain-containing protein YeiB [Enterobacter cloacae]
yeiB	WP_128311470	L143I	143	143	L	I	L	L	78.961	100.0	385	385	600.0	DUF418 domain-containing protein YeiB [Enterobacter cloacae]
yeiB	WP_029883075	L143I	143	143	L	I	L	L	79.221	100.0	385	385	600.0	MULTISPECIES: DUF418 domain-containing protein YeiB [Enterobacter]
yeiB	WP_274452928	L143I	143	143	L	I	L	L	79.481	100.0	385	385	600.0	DUF418 domain-containing protein YeiB [Enterobacter roggenkampii]
yeiB	WP_348592092	L143I	143	143	L	I	L	L	78.961	100.0	385	385	600.0	DUF418 domain-containing protein YeiB [Enterobacter cloacae]
yeiB	WP_276853059	L143I	143	143	L	I	L	L	79.481	100.0	385	385	600.0	DUF418 domain-containing protein YeiB [Enterobacter oligotrophicus]
yeiB	WP_252108381	L143I	143	143	L	I	L	L	79.221	100.0	385	385	600.0	DUF418 domain-containing protein YeiB [Enterobacter cloacae]
yeiB	WP_264880781	L143I	143	143	L	I	L	L	79.481	100.0	385	385	600.0	DUF418 domain-containing protein YeiB [Enterobacter roggenkampii]
yeiB	WP_320725622	L143I	143	143	L	I	L	L	79.427	100.0	385	385	600.0	DUF418 domain-containing protein YeiB [Enterobacter cloacae]
yeiB	WP_193806163	L143I	143	143	L	I	L	L	80.0	100.0	385	385	600.0	DUF418 domain-containing protein YeiB [Enterobacter asburiae]
yeiB	WP_251109165	L143I	143	143	L	I	L	L	78.961	100.0	385	385	600.0	DUF418 domain-containing protein YeiB [Enterobacter cloacae]
yeiB	WP_262815282	L143I	143	143	L	I	L	L	79.481	100.0	385	385	600.0	DUF418 domain-containing protein YeiB [Enterobacter cloacae]
yeiB	WP_112779763	L143I	143	143	L	I	L	L	79.221	100.0	385	385	600.0	MULTISPECIES: DUF418 domain-containing protein YeiB [Enterobacter]
yeiB	WP_320733515	L143I	143	143	L	I	L	L	79.481	100.0	385	385	600.0	DUF418 domain-containing protein YeiB [Enterobacter roggenkampii]
yeiB	WP_429802067	L143I	143	143	L	I	L	L	79.221	100.0	385	385	600.0	DUF418 domain-containing protein YeiB [Enterobacter cloacae]
yeiB	WP_155020615	L143I	143	143	L	I	L	L	79.481	100.0	385	385	600.0	DUF418 domain-containing protein YeiB [Enterobacter roggenkampii]
yeiB	WP_425973234	L143I	143	143	L	I	L	L	78.961	100.0	385	385	600.0	DUF418 domain-containing protein YeiB [Enterobacter cloacae]
yeiB	WP_336209698	L143I	143	143	L	I	L	L	80.26	100.0	385	385	600.0	DUF418 domain-containing protein YeiB [Enterobacter sp. P82]
yeiB	WP_333074270	L143I	143	143	L	I	L	L	79.74	100.0	385	385	600.0	DUF418 domain-containing protein YeiB [Enterobacter roggenkampii]
yeiB	WP_045334373	L143I	143	143	L	I	L	L	79.481	100.0	385	385	600.0	MULTISPECIES: DUF418 domain-containing protein YeiB [Enterobacter]
yeiB	WP_039025032	L143I	143	143	L	I	L	L	79.481	100.0	385	385	600.0	DUF418 domain-containing protein YeiB [Enterobacter roggenkampii]
yeiB	WP_045351882	L143I	143	143	L	I	L	L	79.74	100.0	385	385	600.0	DUF418 domain-containing protein YeiB [Enterobacter roggenkampii]
yeiB	WP_476696021	L143I	143	143	L	I	L	L	78.961	100.0	385	385	600.0	N/A
yeiB	WP_208594231	L143I	143	143	L	I	L	L	80.0	100.0	385	385	600.0	MULTISPECIES: DUF418 domain-containing protein YeiB [unclassified Enterobacter]
yeiB	WP_414670582	L143I	143	143	L	I	L	L	81.039	100.0	385	385	600.0	DUF418 domain-containing protein YeiB [Enterobacter nematophilus]
yeiB	WP_458727896	L143I	143	143	L	I	L	L	79.481	100.0	385	385	600.0	DUF418 domain-containing protein YeiB [Enterobacter sp. H2G27]
yeiB	WP_039266757	L143I	143	143	L	I	L	L	79.481	100.0	385	385	600.0	DUF418 domain-containing protein YeiB [Enterobacter sp. FB]
yeiB	WP_373993998	L143I	143	143	L	I	L	L	79.481	100.0	385	385	600.0	DUF418 domain-containing protein YeiB [Enterobacter cloacae]
yeiB	WP_198885863	L143I	143	143	L	I	L	L	79.74	100.0	385	385	600.0	DUF418 domain-containing protein YeiB [Enterobacter asburiae]
yeiB	WP_392410077	L143I	143	143	L	I	L	L	78.961	100.0	385	385	600.0	MULTISPECIES: DUF418 domain-containing protein YeiB [Enterobacter]
yeiB	WP_063453099	L143I	143	143	L	I	L	L	79.74	100.0	385	385	600.0	DUF418 domain-containing protein YeiB [Enterobacter roggenkampii]
yeiB	WP_130626333	L143I	143	143	L	I	L	L	78.961	100.0	385	385	600.0	DUF418 domain-containing protein YeiB [Enterobacter sp. A8]
yeiB	WP_048224115	L143I	143	143	L	I	L	L	79.481	100.0	385	385	600.0	DUF418 domain-containing protein YeiB [Enterobacter quasiroggenkampii]
yeiB	WP_252451379	L143I	143	143	L	I	L	L	79.481	100.0	385	385	600.0	DUF418 domain-containing protein YeiB [Enterobacter roggenkampii]
yeiB	WP_090392964	L143I	143	143	L	I	L	L	79.481	100.0	385	385	600.0	DUF418 domain-containing protein YeiB [Enterobacter sp. NFIX58]
yeiB	WP_252074886	L143I	143	143	L	I	L	L	79.481	100.0	385	385	600.0	DUF418 domain-containing protein YeiB [Enterobacter roggenkampii]
yeiB	WP_420300658	L143I	143	143	L	I	L	L	79.481	100.0	385	385	600.0	DUF418 domain-containing protein YeiB [Enterobacter sp. BNK-8]
yeiB	WP_325849425	L143I	143	143	L	I	L	L	79.481	100.0	385	385	600.0	DUF418 domain-containing protein YeiB [Enterobacter vonholyi]
yeiB	WP_395313108	L143I	143	143	L	I	L	L	80.0	100.0	385	385	600.0	DUF418 domain-containing protein YeiB [Enterobacter sp. ECC-219]
yeiB	WP_063435763	L143I	143	143	L	I	L	L	79.481	100.0	385	385	600.0	DUF418 domain-containing protein YeiB [Enterobacter roggenkampii]
yeiB	WP_445350575	L143I	143	143	L	I	L	L	78.961	100.0	385	385	600.0	DUF418 domain-containing protein YeiB [Enterobacter cloacae]
yeiB	WP_249564202	L143I	143	143	L	I	L	L	79.481	100.0	385	385	600.0	DUF418 domain-containing protein YeiB [Enterobacter roggenkampii]
yeiB	WP_256066595	L143I	143	143	L	I	L	L	80.0	100.0	385	385	600.0	MULTISPECIES: DUF418 domain-containing protein YeiB [Enterobacter cloacae complex]
yeiB	WP_073396149	L143I	143	143	L	I	L	L	78.961	100.0	385	385	600.0	MULTISPECIES: DUF418 domain-containing protein YeiB [Enterobacter]
yeiB	WP_415347540	L143I	143	143	L	I	L	L	79.481	100.0	385	385	600.0	DUF418 domain-containing protein YeiB [Enterobacter roggenkampii]
yeiB	WP_288447165	L143I	143	143	L	I	L	L	79.481	100.0	385	385	599.0	DUF418 domain-containing protein YeiB [uncultured Enterobacter sp.]
yeiB	WP_058683480	L143I	143	143	L	I	L	L	78.961	100.0	385	385	599.0	DUF418 domain-containing protein YeiB [Enterobacter cloacae]
yeiB	WP_333164118	L143I	143	143	L	I	L	L	79.481	100.0	385	385	599.0	MULTISPECIES: DUF418 domain-containing protein YeiB [Enterobacter cloacae complex]
yeiB	WP_048972323	L143I	143	143	L	I	L	L	78.961	100.0	385	385	599.0	DUF418 domain-containing protein YeiB [Enterobacter cloacae]
yeiB	WP_129995359	L143I	143	143	L	I	L	L	80.0	100.0	385	385	599.0	DUF418 domain-containing protein YeiB [Enterobacter cloacae]
yeiB	WP_063428782	L143I	143	143	L	I	L	L	80.0	100.0	385	385	599.0	DUF418 domain-containing protein YeiB [Enterobacter genomosp. O]
yeiB	WP_094916094	L143I	143	143	L	I	L	L	79.221	100.0	385	385	599.0	DUF418 domain-containing protein YeiB [Enterobacter cloacae]
yeiB	WP_348570333	L143I	143	143	L	I	L	L	79.481	100.0	385	385	599.0	DUF418 domain-containing protein YeiB [Enterobacter roggenkampii]
yeiB	WP_431648229	L143I	143	143	L	I	L	L	79.481	100.0	385	385	599.0	DUF418 domain-containing protein YeiB [Enterobacter roggenkampii]
yeiB	WP_302218983	L143I	143	143	L	I	L	L	80.0	100.0	385	385	599.0	DUF418 domain-containing protein YeiB [Enterobacter nematophilus]
yeiB	WP_111986601	L143I	143	143	L	I	L	L	79.481	100.0	385	385	599.0	DUF418 domain-containing protein YeiB [Enterobacter roggenkampii]
yeiB	WP_234099073	L143I	143	143	L	I	L	L	79.481	100.0	385	385	599.0	DUF418 domain-containing protein YeiB [Enterobacter roggenkampii]
yeiB	WP_191979506	L143I	143	143	L	I	L	L	78.961	100.0	385	385	599.0	DUF418 domain-containing protein YeiB [Enterobacter cloacae]
yeiB	WP_248225927	L143I	143	143	L	I	L	L	80.779	100.0	385	385	599.0	MULTISPECIES: DUF418 domain-containing protein YeiB [Enterobacter]
yeiB	WP_161669971	L143I	143	143	L	I	L	L	78.961	100.0	385	385	599.0	DUF418 domain-containing protein YeiB [Enterobacter cloacae]
yeiB	WP_414747062	L143I	143	143	L	I	L	L	79.221	100.0	385	385	599.0	DUF418 domain-containing protein YeiB [Enterobacter sp. HK-058-C-ECC]
yeiB	WP_248244588	L143I	143	143	L	I	L	L	79.481	100.0	385	385	599.0	DUF418 domain-containing protein YeiB [Enterobacter roggenkampii]
yeiB	WP_395291858	L143I	143	143	L	I	L	L	79.74	100.0	385	385	599.0	DUF418 domain-containing protein YeiB [Enterobacter kobei]
yeiB	WP_218307676	L143I	143	143	L	I	L	L	78.385	100.0	385	385	599.0	DUF418 domain-containing protein YeiB [Enterobacter sp. ENT02]
yeiB	WP_473706341	L143I	143	143	L	I	L	L	79.221	100.0	385	385	599.0	N/A
yeiB	WP_230136396	L143I	143	143	L	I	L	L	78.961	100.0	385	385	599.0	DUF418 domain-containing protein YeiB [Enterobacter cloacae]
yeiB	WP_196354917	L143I	143	143	L	I	L	L	80.0	100.0	385	385	599.0	MULTISPECIES: DUF418 domain-containing protein YeiB [Enterobacter cloacae complex]
yeiB	WP_136195430	L143I	143	143	L	I	L	L	79.481	100.0	385	385	599.0	MULTISPECIES: DUF418 domain-containing protein YeiB [Enterobacter]
yeiB	WP_058654872	L143I	143	143	L	I	L	L	79.481	100.0	385	385	599.0	MULTISPECIES: DUF418 domain-containing protein YeiB [Enterobacter cloacae complex]
yeiB	WP_473209413	L143I	143	143	L	I	L	L	79.221	100.0	385	385	599.0	N/A
yeiB	WP_463701448	L143I	143	143	L	I	L	L	80.779	100.0	385	385	599.0	N/A
yeiB	WP_129344907	L143I	143	143	L	I	L	L	79.481	100.0	385	385	599.0	DUF418 domain-containing protein YeiB [Enterobacter roggenkampii]
yeiB	WP_047346562	L143I	143	143	L	I	L	L	80.26	100.0	385	385	599.0	DUF418 domain-containing protein YeiB [Enterobacter genomosp. O]
yeiB	WP_407223523	L143I	143	143	L	I	L	L	79.481	100.0	385	385	599.0	MULTISPECIES: DUF418 domain-containing protein YeiB [Enterobacter]
yeiB	WP_116338694	L143I	143	143	L	I	L	L	79.481	100.0	385	385	599.0	DUF418 domain-containing protein YeiB [Enterobacter cloacae]
yeiB	WP_045418498	L143I	143	143	L	I	L	L	79.481	100.0	385	385	599.0	MULTISPECIES: DUF418 domain-containing protein YeiB [Enterobacter cloacae complex]
yeiB	WP_319875005	L143I	143	143	L	I	L	L	79.481	100.0	385	385	599.0	DUF418 domain-containing protein YeiB [Enterobacter roggenkampii]
yeiB	WP_047366484	L143I	143	143	L	I	L	L	79.221	100.0	385	385	599.0	MULTISPECIES: DUF418 domain-containing protein YeiB [Enterobacter]
yeiB	WP_320736796	L143I	143	143	L	I	L	L	79.221	100.0	385	385	599.0	DUF418 domain-containing protein YeiB [Enterobacter roggenkampii]
yeiB	WP_421627368	L143I	143	143	L	I	L	L	79.74	100.0	385	385	599.0	DUF418 domain-containing protein YeiB [Enterobacter cloacae complex sp. SHL020]
yeiB	WP_368528208	L143I	143	143	L	I	L	L	78.961	100.0	385	385	598.0	DUF418 domain-containing protein YeiB [Enterobacter cloacae]
yeiB	WP_436324913	L143I	143	143	L	I	L	L	78.961	100.0	385	385	598.0	DUF418 domain-containing protein YeiB [Enterobacter cloacae]
yeiB	WP_248218074	L143I	143	143	L	I	L	L	80.779	100.0	385	385	598.0	DUF418 domain-containing protein YeiB [Enterobacter bugandensis]
yeiB	WP_219358298	L143I	143	143	L	I	L	L	80.779	100.0	385	385	598.0	MULTISPECIES: DUF418 domain-containing protein YeiB [Enterobacter]
yeiB	WP_339274711	L143I	143	143	L	I	L	L	79.481	100.0	385	385	598.0	DUF418 domain-containing protein YeiB [Enterobacter asburiae]
yeiB	WP_150319256	L143I	143	143	L	I	L	L	79.221	100.0	385	385	598.0	DUF418 domain-containing protein YeiB [Enterobacter roggenkampii]
yeiB	WP_348582809	L143I	143	143	L	I	L	L	79.481	100.0	385	385	598.0	DUF418 domain-containing protein YeiB [Enterobacter roggenkampii]
yeiB	WP_481219615	L143I	143	143	L	I	L	L	80.0	100.0	385	385	598.0	N/A
yeiB	WP_151413986	L143I	143	143	L	I	L	L	81.039	100.0	385	385	598.0	DUF418 domain-containing protein YeiB [Enterobacter sp. 168J2]
yeiB	WP_070534223	L143I	143	143	L	I	L	L	79.481	100.0	385	385	598.0	MULTISPECIES: DUF418 domain-containing protein YeiB [Enterobacter]
yeiB	WP_219368880	L143I	143	143	L	I	L	L	79.481	100.0	385	385	598.0	DUF418 domain-containing protein YeiB [Enterobacter roggenkampii]
yeiB	WP_059354467	L143I	143	143	L	I	L	L	80.519	100.0	385	385	598.0	DUF418 domain-containing protein YeiB [Enterobacter bugandensis]
yeiB	WP_133294815	L143I	143	143	L	I	L	L	79.481	100.0	385	385	598.0	DUF418 domain-containing protein YeiB [Enterobacter vonholyi]
yeiB	WP_248036539	L143I	143	143	L	I	L	L	80.779	100.0	385	385	598.0	DUF418 domain-containing protein YeiB [Enterobacter bugandensis]
yeiB	WP_063957676	L143I	143	143	L	I	L	L	80.0	100.0	385	385	598.0	DUF418 domain-containing protein YeiB [Enterobacter cloacae]
yeiB	WP_023293809	L143I	143	143	L	I	L	L	79.221	100.0	385	385	598.0	DUF418 domain-containing protein YeiB [Enterobacter roggenkampii]
yeiB	WP_236278197	L143I	143	143	L	I	L	L	80.519	100.0	385	385	598.0	DUF418 domain-containing protein YeiB [Enterobacter bugandensis]
yeiB	WP_262770789	L143I	143	143	L	I	L	L	79.74	100.0	385	385	598.0	DUF418 domain-containing protein YeiB [Enterobacter asburiae]
yeiB	WP_454532247	L143I	143	143	L	I	L	L	80.779	100.0	385	385	598.0	MULTISPECIES: DUF418 domain-containing protein YeiB [Enterobacter]
yeiB	WP_271368646	L143I	143	143	L	I	L	L	79.221	100.0	385	385	598.0	DUF418 domain-containing protein YeiB [Enterobacter sp. PI-10]
yeiB	WP_095439723	L143I	143	143	L	I	L	L	78.961	100.0	385	385	598.0	DUF418 domain-containing protein YeiB [Enterobacter cloacae]
yeiB	WP_223536660	L143I	143	143	L	I	L	L	79.74	100.0	385	385	598.0	DUF418 domain-containing protein YeiB [Enterobacter asburiae]
yeiB	WP_421140874	L143I	143	143	L	I	L	L	79.221	100.0	385	385	598.0	DUF418 domain-containing protein YeiB [Enterobacter roggenkampii]
yeiB	WP_277737778	L143I	143	143	L	I	L	L	79.481	100.0	385	385	598.0	DUF418 domain-containing protein YeiB [Enterobacter roggenkampii]
yeiB	WP_023337545	L143I	143	143	L	I	L	L	79.74	100.0	385	385	598.0	MULTISPECIES: DUF418 domain-containing protein YeiB [Enterobacter]
yeiB	WP_023325672	L143I	143	143	L	I	L	L	79.481	100.0	385	385	598.0	DUF418 domain-containing protein YeiB [Enterobacter roggenkampii]
yeiB	WP_224065853	L143I	143	143	L	I	L	L	80.779	100.0	385	385	598.0	DUF418 domain-containing protein YeiB [Enterobacter bugandensis]
yeiB	WP_086532286	L143I	143	143	L	I	L	L	78.961	100.0	385	385	598.0	MULTISPECIES: DUF418 domain-containing protein YeiB [Enterobacter]
yeiB	WP_023338540	L143I	143	143	L	I	L	L	80.0	100.0	385	385	598.0	MULTISPECIES: DUF418 domain-containing protein YeiB [Enterobacter]
yeiB	WP_028013861	L143I	143	143	L	I	L	L	80.779	100.0	385	385	598.0	MULTISPECIES: DUF418 domain-containing protein YeiB [Enterobacter]
yeiB	WP_045629867	L143I	143	143	L	I	L	L	80.779	100.0	385	385	598.0	MULTISPECIES: DUF418 domain-containing protein YeiB [Enterobacter]
yeiB	WP_473711166	L143I	143	143	L	I	L	L	80.519	100.0	385	385	598.0	N/A
yeiB	WP_320697975	L143I	143	143	L	I	L	L	78.961	100.0	385	385	598.0	DUF418 domain-containing protein YeiB [Enterobacter cloacae]
yeiB	WP_463704817	L143I	143	143	L	I	L	L	80.519	100.0	385	385	598.0	N/A
yeiB	WP_150146888	L143I	143	143	L	I	L	L	79.481	100.0	385	385	598.0	DUF418 domain-containing protein YeiB [Enterobacter roggenkampii]
yeiB	WP_333107143	L143I	143	143	L	I	L	L	79.74	100.0	385	385	598.0	DUF418 domain-containing protein YeiB [Enterobacter kobei]
yeiB	WP_318155477	L143I	143	143	L	I	L	L	79.74	100.0	385	385	598.0	DUF418 domain-containing protein YeiB [Enterobacter asburiae]
yeiB	WP_335252213	L143I	143	143	L	I	L	L	79.74	100.0	385	385	598.0	DUF418 domain-containing protein YeiB [Enterobacter kobei]
yeiB	WP_439198562	L143I	143	143	L	I	L	L	78.961	100.0	385	385	598.0	DUF418 domain-containing protein YeiB [Enterobacter cloacae]
yeiB	WP_479983985	L143I	143	143	L	I	L	L	79.481	100.0	385	385	598.0	N/A
yeiB	WP_248210461	L143I	143	143	L	I	L	L	79.481	100.0	385	385	598.0	DUF418 domain-containing protein YeiB [Enterobacter roggenkampii]
yeiB	WP_459921477	L143I	143	143	L	I	L	L	79.221	100.0	385	385	598.0	N/A
yeiB	WP_048960193	L143I	143	143	L	I	L	L	80.779	100.0	385	385	598.0	DUF418 domain-containing protein YeiB [Enterobacter bugandensis]
yeiB	WP_149366475	L143I	143	143	L	I	L	L	79.481	100.0	385	385	598.0	DUF418 domain-containing protein YeiB [Enterobacter vonholyi]
yeiB	WP_347485230	L143I	143	143	L	I	L	L	79.74	100.0	385	385	598.0	DUF418 domain-containing protein YeiB [Enterobacter sp. HNDS-6]
yeiB	WP_134211279	L143I	143	143	L	I	L	L	80.0	100.0	385	385	598.0	DUF418 domain-containing protein YeiB [Enterobacter asburiae]
yeiB	WP_252051720	L143I	143	143	L	I	L	L	80.26	100.0	385	385	598.0	DUF418 domain-containing protein YeiB [Enterobacter bugandensis]
yeiB	WP_348574565	L143I	143	143	L	I	L	L	80.0	100.0	385	385	598.0	DUF418 domain-containing protein YeiB [Enterobacter kobei]
yeiB	WP_483862983	L143I	143	143	L	I	L	L	80.519	100.0	385	385	598.0	N/A
yeiB	WP_059372064	L143I	143	143	L	I	L	L	79.74	100.0	385	385	598.0	MULTISPECIES: DUF418 domain-containing protein YeiB [Enterobacter]
yeiB	WP_334351679	L143I	143	143	L	I	L	L	80.519	100.0	385	385	598.0	DUF418 domain-containing protein YeiB [Enterobacter bugandensis]
yeiB	WP_126307605	L143I	143	143	L	I	L	L	79.481	100.0	385	385	598.0	DUF418 domain-containing protein YeiB [Enterobacter roggenkampii]
yeiB	WP_252462597	L143I	143	143	L	I	L	L	80.0	100.0	385	385	598.0	DUF418 domain-containing protein YeiB [Enterobacter kobei]
yeiB	WP_248110546	L143I	143	143	L	I	L	L	80.519	100.0	385	385	598.0	DUF418 domain-containing protein YeiB [Enterobacter bugandensis]
yeiB	WP_227879032	L143I	143	143	L	I	L	L	79.481	100.0	385	385	597.0	MULTISPECIES: DUF418 domain-containing protein YeiB [Enterobacter cloacae complex]
yeiB	WP_178327528	L143I	143	143	L	I	L	L	78.701	100.0	385	385	597.0	MULTISPECIES: DUF418 domain-containing protein YeiB [Enterobacter]
yeiB	WP_126326824	L143I	143	143	L	I	L	L	80.519	100.0	385	385	597.0	MULTISPECIES: DUF418 domain-containing protein YeiB [Enterobacter]
yeiB	WP_032652751	L143I	143	143	L	I	L	L	79.481	100.0	385	385	597.0	MULTISPECIES: DUF418 domain-containing protein YeiB [Enterobacter]
yeiB	WP_088127074	L143I	143	143	L	I	L	L	79.74	100.0	385	385	597.0	DUF418 domain-containing protein YeiB [Enterobacter kobei]
yeiB	WP_193051498	L143I	143	143	L	I	L	L	80.519	100.0	385	385	597.0	MULTISPECIES: DUF418 domain-containing protein YeiB [Enterobacter]
yeiB	WP_270292383	L143I	143	143	L	I	L	L	78.961	100.0	385	385	597.0	DUF418 domain-containing protein YeiB [Enterobacter ludwigii]
yeiB	WP_368277793	L143I	143	143	L	I	L	L	78.961	100.0	385	385	597.0	DUF418 domain-containing protein YeiB [Enterobacter cloacae]
yeiB	WP_369904600	L143I	143	143	L	I	L	L	79.221	100.0	385	385	597.0	DUF418 domain-containing protein YeiB [Enterobacter roggenkampii]
yeiB	WP_219986791	L143I	143	143	L	I	L	L	79.481	100.0	385	385	597.0	MULTISPECIES: DUF418 domain-containing protein YeiB [Enterobacter cloacae complex]
yeiB	WP_437255105	L143I	143	143	L	I	L	L	78.961	100.0	385	385	597.0	DUF418 domain-containing protein YeiB [Enterobacter ludwigii]
yeiB	WP_061097618	L143I	143	143	L	I	L	L	80.779	100.0	385	385	597.0	N/A
yeiB	WP_150057708	L143I	143	143	L	I	L	L	78.961	100.0	385	385	597.0	DUF418 domain-containing protein YeiB [Enterobacter cloacae]
yeiB	WP_008500926	L143I	143	143	L	I	L	L	79.481	100.0	385	385	597.0	DUF418 domain-containing protein YeiB [Enterobacter sp. SST3]
yeiB	WP_250128117	L143I	143	143	L	I	L	L	79.74	100.0	385	385	597.0	DUF418 domain-containing protein YeiB [Enterobacter kobei]
yeiB	WP_252015829	L143I	143	143	L	I	L	L	80.519	100.0	385	385	597.0	DUF418 domain-containing protein YeiB [Enterobacter bugandensis]
yeiB	WP_087855399	L143I	143	143	L	I	L	L	79.221	100.0	385	385	597.0	DUF418 domain-containing protein YeiB [Enterobacter roggenkampii]
yeiB	WP_177317687	L143I	143	143	L	I	L	L	80.0	100.0	385	385	597.0	DUF418 domain-containing protein YeiB [Enterobacter roggenkampii]
yeiB	WP_454528507	L143I	143	143	L	I	L	L	80.779	100.0	385	385	597.0	DUF418 domain-containing protein YeiB [Enterobacter cloacae]
yeiB	WP_204624828	L143I	143	143	L	I	L	L	79.481	100.0	385	385	597.0	DUF418 domain-containing protein YeiB [Enterobacter roggenkampii]
yeiB	WP_045259731	L143I	143	143	L	I	L	L	80.519	100.0	385	385	597.0	MULTISPECIES: DUF418 domain-containing protein YeiB [Enterobacter]
yeiB	WP_047367961	L143I	143	143	L	I	L	L	80.519	100.0	385	385	597.0	MULTISPECIES: DUF418 domain-containing protein YeiB [Enterobacter]
yeiB	WP_248070839	L143I	143	143	L	I	L	L	80.26	100.0	385	385	597.0	DUF418 domain-containing protein YeiB [Enterobacter bugandensis]
yeiB	WP_248200436	L143I	143	143	L	I	L	L	79.221	100.0	385	385	597.0	DUF418 domain-containing protein YeiB [Enterobacter roggenkampii]
yeiB	WP_280027938	L143I	143	143	L	I	L	L	80.779	100.0	385	385	597.0	DUF418 domain-containing protein YeiB [Enterobacter bugandensis]
yeiB	WP_193532348	L143I	143	143	L	I	L	L	80.779	100.0	385	385	597.0	MULTISPECIES: DUF418 domain-containing protein YeiB [Enterobacter]
yeiB	WP_279261477	L143I	143	143	L	I	L	L	78.701	100.0	385	385	597.0	DUF418 domain-containing protein YeiB [Enterobacter ludwigii]
yeiB	WP_348575150	L143I	143	143	L	I	L	L	79.74	100.0	385	385	597.0	DUF418 domain-containing protein YeiB [Enterobacter kobei]
yeiB	WP_446489289	L143I	143	143	L	I	L	L	79.74	100.0	385	385	597.0	DUF418 domain-containing protein YeiB [Enterobacter kobei]
yeiB	WP_121528072	L143I	143	143	L	I	L	L	79.74	100.0	385	385	597.0	DUF418 domain-containing protein YeiB [Enterobacter kobei]
yeiB	WP_479984294	L143I	143	143	L	I	L	L	80.0	100.0	385	385	597.0	N/A
yeiB	WP_163332488	L143I	143	143	L	I	L	L	80.519	100.0	385	385	597.0	MULTISPECIES: DUF418 domain-containing protein YeiB [Enterobacter]
yeiB	WP_439207999	L143I	143	143	L	I	L	L	79.481	100.0	385	385	597.0	DUF418 domain-containing protein YeiB [Enterobacter kobei]
yeiB	WP_088204794	L143I	143	143	L	I	L	L	80.26	100.0	385	385	597.0	DUF418 domain-containing protein YeiB [Enterobacter bugandensis]
yeiB	WP_060571610	L143I	143	143	L	I	L	L	80.519	100.0	385	385	597.0	MULTISPECIES: DUF418 domain-containing protein YeiB [Enterobacter]
yeiB	WP_274240362	L143I	143	143	L	I	L	L	78.961	100.0	385	385	597.0	MULTISPECIES: DUF418 domain-containing protein YeiB [Enterobacter]
yeiB	WP_464355456	L143I	143	143	L	I	L	L	78.701	100.0	385	385	597.0	N/A
yeiB	WP_252032345	L143I	143	143	L	I	L	L	79.221	100.0	385	385	597.0	DUF418 domain-containing protein YeiB [Enterobacter asburiae]
yeiB	WP_473718318	L143I	143	143	L	I	L	L	79.74	100.0	385	385	597.0	N/A
yeiB	WP_087529867	L143I	143	143	L	I	L	L	79.74	100.0	385	385	597.0	DUF418 domain-containing protein YeiB [Enterobacter kobei]
yeiB	WP_014170909	L143I	143	143	L	I	L	L	78.701	100.0	385	385	597.0	MULTISPECIES: DUF418 domain-containing protein YeiB [Enterobacter]
yeiB	WP_346720780	L143I	143	143	L	I	L	L	78.961	100.0	385	385	597.0	DUF418 domain-containing protein YeiB [Enterobacter cloacae]
yeiB	WP_069602245	L143I	143	143	L	I	L	L	79.74	100.0	385	385	597.0	DUF418 domain-containing protein YeiB [Enterobacter kobei]
yeiB	WP_248180842	L143I	143	143	L	I	L	L	79.74	100.0	385	385	597.0	DUF418 domain-containing protein YeiB [Enterobacter kobei]
yeiB	WP_426021376	L143I	143	143	L	I	L	L	78.442	100.0	385	385	597.0	MULTISPECIES: DUF418 domain-containing protein YeiB [Enterobacter]
yeiB	WP_200924361	L143I	143	143	L	I	L	L	79.74	100.0	385	385	597.0	DUF418 domain-containing protein YeiB [Enterobacter kobei]
yeiB	WP_248038883	L143I	143	143	L	I	L	L	80.519	100.0	385	385	597.0	DUF418 domain-containing protein YeiB [Enterobacter bugandensis]
yeiB	WP_049137316	L143I	143	143	L	I	L	L	80.26	100.0	385	385	597.0	MULTISPECIES: DUF418 domain-containing protein YeiB [Enterobacter]
yeiB	WP_438369038	L143I	143	143	L	I	L	L	78.701	100.0	385	385	597.0	DUF418 domain-containing protein YeiB [Enterobacter ludwigii]
yeiB	WP_337253536	L143I	143	143	L	I	L	L	78.701	100.0	385	385	597.0	DUF418 domain-containing protein YeiB [Enterobacter ludwigii]
yeiB	WP_139936161	L143I	143	143	L	I	L	L	78.701	100.0	385	385	597.0	DUF418 domain-containing protein YeiB [Enterobacter cloacae]
yeiB	WP_249576131	L143I	143	143	L	I	L	L	79.481	100.0	385	385	596.0	DUF418 domain-containing protein YeiB [Enterobacter vonholyi]
yeiB	WP_252068331	L143I	143	143	L	I	L	L	78.442	100.0	385	385	596.0	DUF418 domain-containing protein YeiB [Enterobacter ludwigii]
yeiB	WP_126345342	L143I	143	143	L	I	L	L	80.26	100.0	385	385	596.0	MULTISPECIES: DUF418 domain-containing protein YeiB [Enterobacter]
yeiB	WP_337280995	L143I	143	143	L	I	L	L	79.481	100.0	385	385	596.0	DUF418 domain-containing protein YeiB [Enterobacter asburiae]
yeiB	WP_069733507	L143I	143	143	L	I	L	L	80.519	100.0	385	385	596.0	MULTISPECIES: DUF418 domain-containing protein YeiB [Enterobacter]
yeiB	WP_032641779	L143I	143	143	L	I	L	L	80.26	100.0	385	385	596.0	MULTISPECIES: DUF418 domain-containing protein YeiB [Enterobacter cloacae complex]
yeiB	WP_410299932	L143I	143	143	L	I	L	L	79.481	100.0	385	385	596.0	DUF418 domain-containing protein YeiB [Enterobacter kobei]
yeiB	WP_223579967	L143I	143	143	L	I	L	L	78.961	100.0	385	385	596.0	DUF418 domain-containing protein YeiB [Enterobacter sp. JBIWA005]
yeiB	WP_348571595	L143I	143	143	L	I	L	L	78.701	100.0	385	385	596.0	MULTISPECIES: DUF418 domain-containing protein YeiB [Enterobacter]
yeiB	WP_049011393	L143I	143	143	L	I	L	L	79.481	100.0	385	385	596.0	DUF418 domain-containing protein YeiB [Enterobacter kobei]
yeiB	WP_410380972	L143I	143	143	L	I	L	L	78.701	100.0	385	385	596.0	DUF418 domain-containing protein YeiB [Enterobacter ludwigii]
yeiB	WP_207968436	L143I	143	143	L	I	L	L	78.701	100.0	385	385	596.0	DUF418 domain-containing protein YeiB [Enterobacter ludwigii]
yeiB	WP_032678573	L143I	143	143	L	I	L	L	78.701	100.0	385	385	596.0	MULTISPECIES: DUF418 domain-containing protein YeiB [Enterobacter]
yeiB	WP_431618084	L143I	143	143	L	I	L	L	79.481	100.0	385	385	596.0	DUF418 domain-containing protein YeiB [Enterobacter roggenkampii]
yeiB	WP_458659722	L143I	143	143	L	I	L	L	78.442	100.0	385	385	596.0	DUF418 domain-containing protein YeiB [Enterobacter ludwigii]
yeiB	WP_302232676	L143I	143	143	L	I	L	L	80.519	100.0	385	385	596.0	DUF418 domain-containing protein YeiB [Enterobacter bugandensis]
yeiB	WP_111965318	L143I	143	143	L	I	L	L	79.221	100.0	385	385	596.0	DUF418 domain-containing protein YeiB [Enterobacter sp. 148H3]
yeiB	WP_222566985	L143I	143	143	L	I	L	L	80.519	100.0	385	385	596.0	DUF418 domain-containing protein YeiB [Enterobacter bugandensis]
yeiB	WP_049000365	L143I	143	143	L	I	L	L	80.26	100.0	385	385	596.0	DUF418 domain-containing protein YeiB [Enterobacter bugandensis]
yeiB	WP_248214684	L143I	143	143	L	I	L	L	80.26	100.0	385	385	596.0	DUF418 domain-containing protein YeiB [Enterobacter bugandensis]
yeiB	WP_318594555	L143I	143	143	L	I	L	L	79.481	100.0	385	385	596.0	DUF418 domain-containing protein YeiB [Enterobacter kobei]
yeiB	WP_020883195	L143I	143	143	L	I	L	L	78.442	100.0	385	385	595.0	DUF418 domain-containing protein YeiB [Enterobacter ludwigii]
yeiB	WP_320727684	L143I	143	143	L	I	L	L	80.519	100.0	385	385	595.0	MULTISPECIES: DUF418 domain-containing protein YeiB [Enterobacter]
yeiB	WP_219373202	L143I	143	143	L	I	L	L	78.442	100.0	385	385	595.0	DUF418 domain-containing protein YeiB [Enterobacter sp. BIDMC 29]
yeiB	WP_163305132	L143I	143	143	L	I	L	L	78.442	100.0	385	385	595.0	DUF418 domain-containing protein YeiB [Enterobacter ludwigii]
yeiB	WP_448637212	L143I	143	143	L	I	L	L	79.221	100.0	385	385	595.0	DUF418 domain-containing protein YeiB [Enterobacter asburiae]
yeiB	WP_461718584	L143I	143	143	L	I	L	L	78.442	100.0	385	385	595.0	N/A
yeiB	WP_449506260	L143I	143	143	L	I	L	L	78.701	100.0	385	385	595.0	DUF418 domain-containing protein YeiB [Enterobacter ludwigii]
yeiB	WP_151887815	L143I	143	143	L	I	L	L	78.701	100.0	385	385	595.0	MULTISPECIES: DUF418 domain-containing protein YeiB [Enterobacter]
yeiB	WP_336223044	L143I	143	143	L	I	L	L	80.519	100.0	385	385	595.0	DUF418 domain-containing protein YeiB [Enterobacter bugandensis]
yeiB	WP_193052319	L143I	143	143	L	I	L	L	80.519	100.0	385	385	595.0	MULTISPECIES: DUF418 domain-containing protein YeiB [Enterobacter]
yeiB	WP_100169960	L143I	143	143	L	I	L	L	80.519	100.0	385	385	595.0	DUF418 domain-containing protein YeiB [Enterobacter bugandensis]
yeiB	WP_150343179	L143I	143	143	L	I	L	L	78.442	100.0	385	385	595.0	DUF418 domain-containing protein YeiB [Enterobacter ludwigii]
yeiB	WP_248094051	L143I	143	143	L	I	L	L	80.519	100.0	385	385	595.0	DUF418 domain-containing protein YeiB [Enterobacter bugandensis]
yeiB	WP_410376344	L143I	143	143	L	I	L	L	78.442	100.0	385	385	595.0	DUF418 domain-containing protein YeiB [Enterobacter ludwigii]
yeiB	WP_259364103	L143I	143	143	L	I	L	L	79.74	100.0	385	385	595.0	DUF418 domain-containing protein YeiB [Enterobacter kobei]
yeiB	WP_047355777	L143I	143	143	L	I	L	L	78.442	100.0	385	385	595.0	DUF418 domain-containing protein YeiB [Enterobacter ludwigii]
yeiB	WP_411763371	L143I	143	143	L	I	L	L	80.519	100.0	385	385	595.0	DUF418 domain-containing protein YeiB [Enterobacter bugandensis]
yeiB	WP_153852603	L143I	143	143	L	I	L	L	78.442	100.0	385	385	595.0	DUF418 domain-containing protein YeiB [Enterobacter ludwigii]
yeiB	WP_214600079	L143I	143	143	L	I	L	L	79.74	100.0	385	385	595.0	DUF418 domain-containing protein YeiB [Enterobacter kobei]
yeiB	WP_323282192	L143I	143	143	L	I	L	L	78.961	100.0	385	385	595.0	DUF418 domain-containing protein YeiB [Enterobacter cloacae]
yeiB	WP_248270268	L143I	143	143	L	I	L	L	79.74	100.0	385	385	595.0	DUF418 domain-containing protein YeiB [Enterobacter roggenkampii]
yeiB	WP_115875850	L143I	143	143	L	I	L	L	78.961	100.0	385	385	595.0	DUF418 domain-containing protein YeiB [Enterobacter sp. N18-03635]
yeiB	WP_032680592	L143I	143	143	L	I	L	L	78.442	100.0	385	385	595.0	MULTISPECIES: DUF418 domain-containing protein YeiB [Enterobacter cloacae complex]
yeiB	WP_104440144	L143I	143	143	L	I	L	L	78.442	100.0	385	385	595.0	DUF418 domain-containing protein YeiB [Enterobacter ludwigii]
yeiB	WP_324279680	L143I	143	143	L	I	L	L	78.701	100.0	385	385	595.0	DUF418 domain-containing protein YeiB [Enterobacter ludwigii]
yeiB	WP_117581202	L143I	143	143	L	I	L	L	79.481	100.0	385	385	595.0	MULTISPECIES: DUF418 domain-containing protein YeiB [Enterobacter]
yeiB	WP_410394902	L143I	143	143	L	I	L	L	78.442	100.0	385	385	595.0	DUF418 domain-containing protein YeiB [Enterobacter ludwigii]
yeiB	WP_410387936	L143I	143	143	L	I	L	L	78.442	100.0	385	385	595.0	DUF418 domain-containing protein YeiB [Enterobacter ludwigii]
yeiB	WP_232947047	L143I	143	143	L	I	L	L	78.701	100.0	385	385	595.0	DUF418 domain-containing protein YeiB [Enterobacter ludwigii]
yeiB	WP_479434890	L143I	143	143	L	I	L	L	78.442	100.0	385	385	595.0	N/A
yeiB	WP_447857143	L143I	143	143	L	I	L	L	78.442	100.0	385	385	595.0	DUF418 domain-containing protein YeiB [Enterobacter ludwigii]
yeiB	WP_447221820	L143I	143	143	L	I	L	L	79.221	100.0	385	385	595.0	DUF418 domain-containing protein YeiB [Enterobacter roggenkampii]
yeiB	WP_220425689	L143I	143	143	L	I	L	L	78.961	100.0	385	385	595.0	DUF418 domain-containing protein YeiB [Enterobacter roggenkampii]
yeiB	WP_273905947	L143I	143	143	L	I	L	L	80.26	100.0	385	385	595.0	DUF418 domain-containing protein YeiB [Enterobacter bugandensis]
yeiB	WP_447840981	L143I	143	143	L	I	L	L	78.442	100.0	385	385	595.0	DUF418 domain-containing protein YeiB [Enterobacter ludwigii]
yeiB	WP_252043749	L143I	143	143	L	I	L	L	80.519	100.0	385	385	595.0	DUF418 domain-containing protein YeiB [Enterobacter asburiae]
yeiB	WP_309949731	L143I	143	143	L	I	L	L	78.701	100.0	385	385	595.0	DUF418 domain-containing protein YeiB [Enterobacter sp. SORGH_AS_0287]
yeiB	WP_048962781	L143I	143	143	L	I	L	L	78.961	100.0	385	385	595.0	DUF418 domain-containing protein YeiB [Enterobacter roggenkampii]
yeiB	WP_219321802	L143I	143	143	L	I	L	L	78.961	100.0	385	385	595.0	DUF418 domain-containing protein YeiB [Enterobacter asburiae]
yeiB	WP_309264243	L143I	143	143	L	I	L	L	80.519	100.0	385	385	594.0	DUF418 domain-containing protein YeiB [Enterobacter bugandensis]
yeiB	WP_279258465	L143I	143	143	L	I	L	L	78.442	100.0	385	385	594.0	DUF418 domain-containing protein YeiB [Enterobacter ludwigii]
yeiB	WP_221709483	L143I	143	143	L	I	L	L	78.701	100.0	385	385	594.0	DUF418 domain-containing protein YeiB [Enterobacter ludwigii]
yeiB	WP_163347149	L143I	143	143	L	I	L	L	79.221	100.0	385	385	594.0	DUF418 domain-containing protein YeiB [Enterobacter hormaechei]
yeiB	WP_479442608	L143I	143	143	L	I	L	L	78.182	100.0	385	385	594.0	N/A
yeiB	WP_228176570	L143I	143	143	L	I	L	L	78.442	100.0	385	385	594.0	DUF418 domain-containing protein YeiB [Enterobacter ludwigii]
yeiB	WP_063155034	L143I	143	143	L	I	L	L	80.26	100.0	385	385	594.0	DUF418 domain-containing protein YeiB [Enterobacter bugandensis]
yeiB	WP_063437084	L143I	143	143	L	I	L	L	80.519	100.0	385	385	594.0	DUF418 domain-containing protein YeiB [Enterobacter bugandensis]
yeiB	WP_371005756	L143I	143	143	L	I	L	L	78.182	100.0	385	385	594.0	DUF418 domain-containing protein YeiB [Enterobacter sp. RCC_40]
yeiB	WP_449541032	L143I	143	143	L	I	L	L	78.442	100.0	385	385	594.0	DUF418 domain-containing protein YeiB [Enterobacter ludwigii]
yeiB	WP_228338527	L143I	143	143	L	I	L	L	79.221	100.0	385	385	594.0	DUF418 domain-containing protein YeiB [Enterobacter hormaechei]
yeiB	WP_333078885	L143I	143	143	L	I	L	L	80.26	100.0	385	385	594.0	DUF418 domain-containing protein YeiB [Enterobacter bugandensis]
yeiB	WP_414743406	L143I	143	143	L	I	L	L	78.442	100.0	385	385	594.0	DUF418 domain-containing protein YeiB [Enterobacter cloacae complex sp. 2024EL-00711]
yeiB	WP_050737103	L143I	143	143	L	I	L	L	78.182	100.0	385	385	594.0	MULTISPECIES: DUF418 domain-containing protein YeiB [Enterobacter]
yeiB	WP_196358259	L143I	143	143	L	I	L	L	78.442	100.0	385	385	594.0	DUF418 domain-containing protein YeiB [Enterobacter ludwigii]
yeiB	WP_155026308	L143I	143	143	L	I	L	L	80.519	100.0	385	385	594.0	DUF418 domain-containing protein YeiB [Enterobacter bugandensis]
yeiB	WP_121425319	L143I	143	143	L	I	L	L	78.961	100.0	385	385	593.0	DUF418 domain-containing protein YeiB [Enterobacter asburiae]
yeiB	WP_059306320	L143I	143	143	L	I	L	L	78.442	100.0	385	385	593.0	MULTISPECIES: DUF418 domain-containing protein YeiB [Enterobacter]
yeiB	WP_113656071	L143I	143	143	L	I	L	L	78.442	100.0	385	385	593.0	MULTISPECIES: DUF418 domain-containing protein YeiB [Enterobacter cloacae complex]
yeiB	WP_154849106	L143I	143	143	L	I	L	L	78.961	100.0	385	385	593.0	DUF418 domain-containing protein YeiB [Enterobacter hormaechei]
yeiB	WP_410384351	L143I	143	143	L	I	L	L	78.182	100.0	385	385	593.0	DUF418 domain-containing protein YeiB [Enterobacter ludwigii]
yeiB	WP_276349388	L143I	143	143	L	I	L	L	78.961	100.0	385	385	593.0	DUF418 domain-containing protein YeiB [Enterobacter hormaechei]
yeiB	WP_159514572	L143I	143	143	L	I	L	L	78.961	100.0	385	385	593.0	MULTISPECIES: DUF418 domain-containing protein YeiB [Enterobacter]
yeiB	WP_232929859	L143I	143	143	L	I	L	L	78.442	100.0	385	385	593.0	DUF418 domain-containing protein YeiB [Enterobacter ludwigii]
yeiB	WP_410378167	L143I	143	143	L	I	L	L	78.182	100.0	385	385	593.0	DUF418 domain-containing protein YeiB [Enterobacter ludwigii]
yeiB	WP_333178210	L143I	143	143	L	I	L	L	78.182	100.0	385	385	593.0	DUF418 domain-containing protein YeiB [Enterobacter ludwigii]
yeiB	WP_165715632	L143I	143	143	L	I	L	L	78.961	100.0	385	385	593.0	DUF418 domain-containing protein YeiB [Enterobacter hormaechei]
yeiB	WP_333060805	L143I	143	143	L	I	L	L	78.442	100.0	385	385	593.0	DUF418 domain-containing protein YeiB [Enterobacter ludwigii]
yeiB	WP_244047352	L143I	143	143	L	I	L	L	78.442	100.0	385	385	593.0	DUF418 domain-containing protein YeiB [Enterobacter ludwigii]
yeiB	WP_100152940	L143I	143	143	L	I	L	L	79.221	100.0	385	384	593.0	DUF418 domain-containing protein YeiB [Enterobacter kobei]
yeiB	WP_248208045	L143I	143	143	L	I	L	L	80.26	100.0	385	385	593.0	DUF418 domain-containing protein YeiB [Enterobacter asburiae]
yeiB	WP_479441988	L143I	143	143	L	I	L	L	79.221	100.0	385	385	593.0	N/A
yeiB	WP_320716783	L143I	143	143	L	I	L	L	80.0	100.0	385	385	593.0	DUF418 domain-containing protein YeiB [Enterobacter bugandensis]
yeiB	WP_279749922	L143I	143	143	L	I	L	L	78.442	100.0	385	385	593.0	DUF418 domain-containing protein YeiB [Enterobacter ludwigii]
yeiB	WP_041909013	L143I	143	143	L	I	L	L	80.26	100.0	385	385	593.0	DUF418 domain-containing protein YeiB [Enterobacter sp. BIDMC 29]
yeiB	WP_279256317	L143I	143	143	L	I	L	L	78.182	100.0	385	385	593.0	DUF418 domain-containing protein YeiB [Enterobacter ludwigii]
yeiB	WP_323633501	L143I	143	143	L	I	L	L	78.961	100.0	385	385	593.0	DUF418 domain-containing protein YeiB [Enterobacter hormaechei]
yeiB	WP_448868537	L143I	143	143	L	I	L	L	78.442	100.0	385	385	593.0	DUF418 domain-containing protein YeiB [Enterobacter ludwigii]
yeiB	WP_394245826	L143I	143	143	L	I	L	L	78.182	100.0	385	385	593.0	DUF418 domain-containing protein YeiB [Enterobacter ludwigii]
yeiB	WP_063214756	L143I	143	143	L	I	L	L	78.182	100.0	385	385	592.0	DUF418 domain-containing protein YeiB [Enterobacter ludwigii]
yeiB	WP_032642915	L143I	143	143	L	I	L	L	80.26	100.0	385	385	592.0	MULTISPECIES: DUF418 domain-containing protein YeiB [Enterobacter]
yeiB	WP_047363084	L143I	143	143	L	I	L	L	80.26	100.0	385	385	592.0	DUF418 domain-containing protein YeiB [Enterobacter bugandensis]
yeiB	WP_479981831	L143I	143	143	L	I	L	L	78.442	100.0	385	385	592.0	N/A
yeiB	WP_256027459	L143I	143	143	L	I	L	L	79.481	100.0	385	385	592.0	DUF418 domain-containing protein YeiB [Enterobacter kobei]
yeiB	WP_125915187	L143I	143	143	L	I	L	L	79.221	100.0	385	385	592.0	DUF418 domain-containing protein YeiB [Enterobacter huaxiensis]
yeiB	WP_301508427	L143I	143	143	L	I	L	L	80.0	100.0	385	385	592.0	DUF418 domain-containing protein YeiB [Enterobacter asburiae]
yeiB	WP_447615268	L143I	143	143	L	I	L	L	79.688	100.0	385	385	592.0	DUF418 domain-containing protein YeiB [Enterobacter bugandensis]
yeiB	WP_063156647	L143I	143	143	L	I	L	L	78.182	100.0	385	385	591.0	DUF418 domain-containing protein YeiB [Enterobacter ludwigii]
yeiB	WP_161177090	L143I	143	143	L	I	L	L	78.961	100.0	385	385	591.0	MULTISPECIES: DUF418 domain-containing protein YeiB [Enterobacter]
yeiB	WP_371183460	L143I	143	143	L	I	L	L	80.0	100.0	385	385	591.0	DUF418 domain-containing protein YeiB [Enterobacter sp. KBR-315C3_2022]
yeiB	WP_023330923	L143I	143	143	L	I	L	L	79.221	100.0	385	385	591.0	MULTISPECIES: DUF418 domain-containing protein YeiB [Enterobacter]
yeiB	WP_313773039	L143I	143	143	L	I	L	L	79.481	100.0	385	385	590.0	DUF418 domain-containing protein YeiB [Enterobacter huaxiensis]
yeiB	WP_218655992	L143I	143	143	L	I	L	L	79.481	100.0	385	385	590.0	DUF418 domain-containing protein YeiB [Enterobacter cloacae]
yeiB	WP_119937019	L143I	143	143	L	I	L	L	79.221	100.0	385	385	590.0	DUF418 domain-containing protein YeiB [Enterobacter huaxiensis]
yeiB	WP_420293288	L143I	143	143	L	I	L	L	79.481	100.0	385	385	590.0	DUF418 domain-containing protein YeiB [Enterobacter sp. BNK-22]
yeiB	WP_313046433	L143I	143	143	L	I	L	L	76.623	100.0	385	385	590.0	DUF418 domain-containing protein YeiB [Atlantibacter hermannii]
yeiB	WP_259389292	L143I	143	143	L	I	L	L	79.221	100.0	385	385	590.0	DUF418 domain-containing protein YeiB [Enterobacter huaxiensis]
yeiB	WP_426728127	L143I	143	143	L	I	L	L	78.701	100.0	385	385	590.0	MULTISPECIES: DUF418 domain-containing protein YeiB [unclassified Enterobacter cloacae complex]
yeiB	WP_251848345	L143I	143	143	L	I	L	L	76.364	100.0	385	385	590.0	DUF418 domain-containing protein YeiB [Atlantibacter hermannii]
yeiB	WP_002463243	L143I	143	143	L	I	L	L	76.364	100.0	385	385	589.0	DUF418 domain-containing protein YeiB [Atlantibacter hermannii]
yeiB	WP_312804666	L143I	143	143	L	I	L	L	76.364	100.0	385	385	589.0	DUF418 domain-containing protein YeiB [Atlantibacter hermannii]
yeiB	WP_312316347	L143I	143	143	L	I	L	L	76.364	100.0	385	385	589.0	DUF418 domain-containing protein YeiB [Atlantibacter hermannii]
yeiB	WP_148052581	L143I	143	143	L	I	L	L	76.364	100.0	385	385	589.0	MULTISPECIES: DUF418 domain-containing protein YeiB [Atlantibacter]
yeiB	WP_313070590	L143I	143	143	L	I	L	L	76.104	100.0	385	385	589.0	DUF418 domain-containing protein YeiB [Atlantibacter hermannii]
yeiB	WP_483944401	L143I	143	143	L	I	L	L	76.364	100.0	385	385	589.0	N/A
yeiB	WP_312581617	L143I	143	143	L	I	L	L	76.364	100.0	385	385	589.0	DUF418 domain-containing protein YeiB [Atlantibacter hermannii]
yeiB	WP_043864890	L143I	143	143	L	I	L	L	76.364	100.0	385	385	588.0	DUF418 domain-containing protein YeiB [Atlantibacter hermannii]
yeiB	WP_313714498	L143I	143	143	L	I	L	L	76.104	100.0	385	385	588.0	DUF418 domain-containing protein YeiB [Atlantibacter hermannii]
yeiB	WP_395304258	L143I	143	143	L	I	L	L	79.481	100.0	385	385	588.0	DUF418 domain-containing protein YeiB [Enterobacter sp. ECC-019]
yeiB	WP_312386200	L143I	143	143	L	I	L	L	76.104	100.0	385	385	588.0	DUF418 domain-containing protein YeiB [Atlantibacter hermannii]
yeiB	WP_220397652	L143I	143	143	L	I	L	L	76.104	100.0	385	385	588.0	DUF418 domain-containing protein YeiB [Atlantibacter hermannii]
yeiB	WP_463727115	L143I	143	143	L	I	L	L	78.961	100.0	385	385	588.0	N/A
yeiB	WP_284556263	L143I	143	143	L	I	L	L	76.104	100.0	385	385	588.0	DUF418 domain-containing protein YeiB [Atlantibacter hermannii]
yeiB	WP_313438649	L143I	143	143	L	I	L	L	76.104	100.0	385	385	588.0	DUF418 domain-containing protein YeiB [Atlantibacter hermannii]
yeiB	WP_024908166	L143I	143	143	L	I	L	L	78.961	100.0	385	385	588.0	DUF418 domain-containing protein YeiB [Enterobacter pseudoroggenkampii]
yeiB	WP_312296404	L143I	143	143	L	I	L	L	76.104	100.0	385	385	588.0	DUF418 domain-containing protein YeiB [Atlantibacter hermannii]
yeiB	WP_148242273	L143I	143	143	L	I	L	L	79.481	100.0	385	385	587.0	DUF418 domain-containing protein YeiB [Enterobacter asburiae]
yeiB	WP_148768825	L143I	143	143	L	I	L	L	78.961	100.0	385	385	587.0	DUF418 domain-containing protein YeiB [Enterobacter sp. C6]
yeiB	WP_312724954	L143I	143	143	L	I	L	L	76.104	100.0	385	385	587.0	DUF418 domain-containing protein YeiB [Atlantibacter hermannii]
yeiB	WP_431624774	L143I	143	143	L	I	L	L	80.519	100.0	385	385	587.0	DUF418 domain-containing protein YeiB [Enterobacter chuandaensis]
yeiB	WP_219366284	L143I	143	143	L	I	L	L	80.519	100.0	385	385	587.0	DUF418 domain-containing protein YeiB [Enterobacter chuandaensis]
yeiB	WP_048992530	L143I	143	143	L	I	L	L	78.961	100.0	385	385	587.0	MULTISPECIES: DUF418 domain-containing protein YeiB [Enterobacter]
yeiB	WP_061714755	L143I	143	143	L	I	L	L	78.961	100.0	385	385	587.0	MULTISPECIES: DUF418 domain-containing protein YeiB [Enterobacter]
yeiB	WP_325759509	L143I	143	143	L	I	L	L	81.039	100.0	385	385	587.0	DUF418 domain-containing protein YeiB [Enterobacter asburiae]
yeiB	WP_473713326	L143I	143	143	L	I	L	L	78.701	100.0	385	385	586.0	N/A
yeiB	WP_290093424	L143I	143	143	L	I	L	L	78.701	100.0	385	385	586.0	DUF418 domain-containing protein YeiB [Enterobacter pseudoroggenkampii]
yeiB	WP_312773628	L143I	143	143	L	I	L	L	76.104	100.0	385	385	586.0	DUF418 domain-containing protein YeiB [Atlantibacter hermannii]
yeiB	WP_014884566	L143I	143	143	L	I	L	L	80.533	97.0	385	375	586.0	DUF418 domain-containing protein YeiB [Enterobacter kobei]
yeiB	WP_335245209	L143I	143	143	L	I	L	L	79.221	100.0	385	385	586.0	DUF418 domain-containing protein YeiB [Enterobacter asburiae]
yeiB	WP_319874527	L143I	143	143	L	I	L	L	80.533	97.0	385	375	586.0	DUF418 domain-containing protein YeiB [Enterobacter kobei]
yeiB	WP_205915770	L143I	143	143	L	I	L	L	80.779	100.0	385	385	585.0	DUF418 domain-containing protein YeiB [Enterobacter asburiae]
yeiB	WP_473721585	L143I	143	143	L	I	L	L	78.701	100.0	385	385	585.0	N/A
yeiB	WP_420278513	L143I	143	143	L	I	L	L	78.701	100.0	385	385	585.0	DUF418 domain-containing protein YeiB [Enterobacter sp. BNK-34]
yeiB	WP_047647259	L143I	143	143	L	I	L	L	80.779	100.0	385	385	585.0	DUF418 domain-containing protein YeiB [Enterobacter asburiae]
yeiB	WP_370883458	L143I	143	143	L	I	L	L	78.701	100.0	385	385	585.0	DUF418 domain-containing protein YeiB [Enterobacter cloacae complex sp. 2015409]
yeiB	WP_246946447	L143I	143	143	L	I	L	L	80.779	100.0	385	385	585.0	MULTISPECIES: DUF418 domain-containing protein YeiB [Enterobacter]
yeiB	WP_334140860	L143I	143	143	L	I	L	L	75.844	100.0	385	385	585.0	DUF418 domain-containing protein YeiB [Atlantibacter hermannii]
yeiB	WP_368743360	L143I	143	143	L	I	L	L	80.779	100.0	385	385	585.0	DUF418 domain-containing protein YeiB [Enterobacter asburiae]
yeiB	WP_370732963	L143I	143	143	L	I	L	L	79.481	100.0	385	385	585.0	DUF418 domain-containing protein YeiB [Enterobacter sp. KB-221C9]
yeiB	WP_320717266	L143I	143	143	L	I	L	L	80.519	100.0	385	385	584.0	DUF418 domain-containing protein YeiB [Enterobacter asburiae]
yeiB	WP_248233438	L143I	143	143	L	I	L	L	80.519	100.0	385	385	584.0	DUF418 domain-containing protein YeiB [Enterobacter asburiae]
yeiB	WP_333016544	L143I	143	143	L	I	L	L	80.519	100.0	385	385	584.0	DUF418 domain-containing protein YeiB [Enterobacter chuandaensis]
yeiB	WP_338234305	L143I	143	143	L	I	L	L	80.519	100.0	385	385	583.0	DUF418 domain-containing protein YeiB [Enterobacter asburiae]
yeiB	WP_087823030	L143I	143	143	L	I	L	L	80.519	100.0	385	385	583.0	DUF418 domain-containing protein YeiB [Enterobacter asburiae]
yeiB	WP_224979186	L143I	143	143	L	I	L	L	80.519	100.0	385	385	583.0	MULTISPECIES: DUF418 domain-containing protein YeiB [Enterobacter]
yeiB	WP_194400538	L143I	143	143	L	I	L	L	80.519	100.0	385	385	583.0	MULTISPECIES: DUF418 domain-containing protein YeiB [Enterobacter]
yeiB	WP_165459903	L143I	143	143	L	I	L	L	78.182	100.0	385	385	583.0	DUF418 domain-containing protein YeiB [Atlantibacter sp.]
yeiB	WP_059444958	L143I	143	143	L	I	L	L	80.519	100.0	385	385	583.0	DUF418 domain-containing protein YeiB [Enterobacter asburiae]
yeiB	WP_320741249	L143I	143	143	L	I	L	L	80.519	100.0	385	385	582.0	MULTISPECIES: DUF418 domain-containing protein YeiB [Enterobacter]
yeiB	WP_320720910	L143I	143	143	L	I	L	L	80.519	100.0	385	385	582.0	DUF418 domain-containing protein YeiB [Enterobacter sp. 296B2]
yeiB	WP_262129548	L143I	143	143	L	I	L	L	80.26	100.0	385	385	582.0	DUF418 domain-containing protein YeiB [Enterobacter asburiae]
yeiB	WP_346806112	L143I	143	143	L	I	L	L	80.26	100.0	385	385	582.0	DUF418 domain-containing protein YeiB [Enterobacter chuandaensis]
yeiB	WP_047744322	L143I	143	143	L	I	L	L	80.26	100.0	385	385	582.0	DUF418 domain-containing protein YeiB [Enterobacter asburiae]
yeiB	WP_102890472	L143I	143	143	L	I	L	L	77.922	100.0	385	385	582.0	DUF418 domain-containing protein YeiB [Enterobacter cancerogenus]
yeiB	WP_248161827	L143I	143	143	L	I	L	L	80.519	100.0	385	385	582.0	DUF418 domain-containing protein YeiB [Enterobacter asburiae]
yeiB	WP_332951796	L143I	143	143	L	I	L	L	80.0	100.0	385	385	582.0	DUF418 domain-containing protein YeiB [Enterobacter asburiae]
yeiB	WP_126330792	L143I	143	143	L	I	L	L	80.26	100.0	385	385	582.0	MULTISPECIES: DUF418 domain-containing protein YeiB [Enterobacter]
yeiB	WP_047652517	L143I	143	143	L	I	L	L	80.26	100.0	385	385	582.0	DUF418 domain-containing protein YeiB [Enterobacter sp. UCD-UG_FMILLET]
yeiB	WP_373225730	L143I	143	143	L	I	L	L	80.26	100.0	385	385	581.0	MULTISPECIES: DUF418 domain-containing protein YeiB [Enterobacter cloacae complex]
yeiB	WP_316379373	L143I	143	143	L	I	L	L	80.26	100.0	385	385	581.0	DUF418 domain-containing protein YeiB [Enterobacter chuandaensis]
yeiB	WP_237425188	L143I	143	143	L	I	L	L	80.26	100.0	385	385	581.0	DUF418 domain-containing protein YeiB [Enterobacter cloacae complex sp. ECC445]
yeiB	WP_474483275	L143I	143	143	L	I	L	L	80.0	100.0	385	385	581.0	N/A
yeiB	WP_414235280	L143I	143	143	L	I	L	L	80.0	100.0	385	385	581.0	DUF418 domain-containing protein YeiB [Enterobacter chuandaensis]
yeiB	WP_045354217	L143I	143	143	L	I	L	L	80.0	100.0	385	385	581.0	DUF418 domain-containing protein YeiB [Enterobacter asburiae]
yeiB	WP_218726978	L143I	143	143	L	I	L	L	80.0	100.0	385	385	581.0	DUF418 domain-containing protein YeiB [Enterobacter chuandaensis]
yeiB	WP_045402848	L143I	143	143	L	I	L	L	80.26	100.0	385	385	580.0	MULTISPECIES: DUF418 domain-containing protein YeiB [Enterobacter]
yeiB	WP_126786727	L143I	143	143	L	I	L	L	80.0	100.0	385	385	580.0	MULTISPECIES: DUF418 domain-containing protein YeiB [Enterobacter cloacae complex]
yeiB	WP_023312470	L143I	143	143	L	I	L	L	80.0	100.0	385	385	580.0	MULTISPECIES: DUF418 domain-containing protein YeiB [Enterobacter]
yeiB	WP_454543563	L143I	143	143	L	I	L	L	80.0	100.0	385	385	580.0	DUF418 domain-containing protein YeiB [Enterobacter sp. UPMP2060]
yeiB	WP_234650020	L143I	143	143	L	I	L	L	79.74	100.0	385	385	580.0	DUF418 domain-containing protein YeiB [Enterobacter asburiae]
yeiB	WP_033146030	L143I	143	143	L	I	L	L	80.0	100.0	385	385	580.0	MULTISPECIES: DUF418 domain-containing protein YeiB [Enterobacter]
yeiB	WP_063408473	L143I	143	143	L	I	L	L	80.0	100.0	385	385	580.0	MULTISPECIES: DUF418 domain-containing protein YeiB [Enterobacter cloacae complex]
yeiB	WP_312073360	L143I	143	143	L	I	L	L	77.922	100.0	385	385	580.0	DUF418 domain-containing protein YeiB [Atlantibacter sp.]
yeiB	WP_312312254	L143I	143	143	L	I	L	L	77.922	100.0	385	385	579.0	DUF418 domain-containing protein YeiB [Atlantibacter sp.]
yeiB	WP_420298018	L143I	143	143	L	I	L	L	80.0	100.0	385	385	579.0	DUF418 domain-containing protein YeiB [Enterobacter sp. BNK-29]
yeiB	WP_302223724	L143I	143	143	L	I	L	L	80.26	100.0	385	385	579.0	DUF418 domain-containing protein YeiB [Enterobacter asburiae]
yeiB	WP_088208088	L143I	143	143	L	I	L	L	78.442	100.0	385	385	579.0	DUF418 domain-containing protein YeiB [Enterobacter cancerogenus]
yeiB	WP_109845326	L143I	143	143	L	I	L	L	79.74	100.0	385	385	579.0	DUF418 domain-containing protein YeiB [Enterobacter sp. CGMCC 5087]
yeiB	WP_252002029	L143I	143	143	L	I	L	L	80.0	100.0	385	385	579.0	DUF418 domain-containing protein YeiB [Enterobacter chuandaensis]
yeiB	WP_202560892	L143I	143	143	L	I	L	L	78.701	100.0	385	385	579.0	DUF418 domain-containing protein YeiB [Enterobacter cancerogenus]
yeiB	WP_217071578	L143I	143	143	L	I	L	L	79.74	100.0	385	385	579.0	DUF418 domain-containing protein YeiB [Enterobacter asburiae]
yeiB	WP_333486390	L143I	143	143	L	I	L	L	80.0	100.0	385	385	579.0	DUF418 domain-containing protein YeiB [Enterobacter asburiae]
yeiB	WP_241174661	L143I	143	143	L	I	L	L	79.74	100.0	385	385	579.0	DUF418 domain-containing protein YeiB [Enterobacter asburiae]
yeiB	WP_313827086	L143I	143	143	L	I	L	L	79.221	100.0	385	385	578.0	DUF418 domain-containing protein YeiB [Enterobacter cancerogenus]
yeiB	WP_248196234	L143I	143	143	L	I	L	L	79.74	100.0	385	385	578.0	DUF418 domain-containing protein YeiB [Enterobacter asburiae]
yeiB	WP_101737280	L143I	143	143	L	I	L	L	78.961	100.0	385	385	578.0	DUF418 domain-containing protein YeiB [Enterobacter cancerogenus]
yeiB	WP_006176421	L143I	143	143	L	I	L	L	78.701	100.0	385	385	578.0	MULTISPECIES: DUF418 domain-containing protein YeiB [Enterobacter]
yeiB	WP_474212142	L143I	143	143	L	I	L	L	78.701	100.0	385	385	578.0	N/A
yeiB	WP_448160195	L143I	143	143	L	I	L	L	79.74	100.0	385	385	578.0	DUF418 domain-containing protein YeiB [Enterobacter asburiae]
yeiB	WP_333032734	L143I	143	143	L	I	L	L	80.0	100.0	385	385	578.0	DUF418 domain-containing protein YeiB [Enterobacter asburiae]
yeiB	WP_337278491	L143I	143	143	L	I	L	L	78.701	100.0	385	385	578.0	DUF418 domain-containing protein YeiB [Enterobacter cancerogenus]
yeiB	WP_474209952	L143I	143	143	L	I	L	L	78.701	100.0	385	385	578.0	N/A
yeiB	WP_181593517	L143I	143	143	L	I	L	L	79.74	100.0	385	385	578.0	DUF418 domain-containing protein YeiB [Enterobacter asburiae]
yeiB	WP_217479026	L143I	143	143	L	I	L	L	79.74	100.0	385	385	578.0	DUF418 domain-containing protein YeiB [Enterobacter chuandaensis]
yeiB	WP_119915488	L143I	143	143	L	I	L	L	79.74	100.0	385	385	578.0	DUF418 domain-containing protein YeiB [Enterobacter chuandaensis]
yeiB	WP_404599939	L143I	143	143	L	I	L	L	78.701	100.0	385	385	578.0	DUF418 domain-containing protein YeiB [Enterobacter cancerogenus]
yeiB	WP_348561505	L143I	143	143	L	I	L	L	79.74	100.0	385	385	577.0	DUF418 domain-containing protein YeiB [Enterobacter asburiae]
yeiB	WP_153688095	L143I	143	143	L	I	L	L	78.701	100.0	385	385	577.0	DUF418 domain-containing protein YeiB [Enterobacter cancerogenus]
yeiB	WP_369398509	L143I	143	143	L	I	L	L	80.0	100.0	385	385	577.0	DUF418 domain-containing protein YeiB [Enterobacter asburiae]
yeiB	WP_319876324	L143I	143	143	L	I	L	L	79.481	100.0	385	385	577.0	DUF418 domain-containing protein YeiB [Enterobacter asburiae]
yeiB	WP_474213498	L143I	143	143	L	I	L	L	78.442	100.0	385	385	576.0	N/A
yeiB	WP_400444746	L143I	143	143	L	I	L	L	78.701	100.0	385	385	576.0	DUF418 domain-containing protein YeiB [Enterobacter cancerogenus]
yeiB	WP_236347962	L143I	143	143	L	I	L	L	78.701	100.0	385	385	575.0	DUF418 domain-containing protein YeiB [Enterobacter cancerogenus]
yeiB	WP_152081630	L143I	143	143	L	I	L	L	79.481	100.0	385	385	575.0	MULTISPECIES: DUF418 domain-containing protein YeiB [Enterobacter]
yeiB	WP_220710390	L143I	143	143	L	I	L	L	78.701	100.0	385	385	575.0	DUF418 domain-containing protein YeiB [Enterobacter cancerogenus]
yeiB	WP_454541161	L143I	143	143	L	I	L	L	78.701	100.0	385	385	575.0	DUF418 domain-containing protein YeiB [Enterobacter sp. UPMP2052]
yeiB	WP_161660407	L143I	143	143	L	I	L	L	77.403	100.0	385	385	575.0	N/A
yeiB	WP_153681813	L143I	143	143	L	I	L	L	78.442	100.0	385	385	575.0	DUF418 domain-containing protein YeiB [Enterobacter cancerogenus]
yeiB	WP_448891286	L143I	143	143	L	I	L	L	78.442	100.0	385	385	575.0	DUF418 domain-containing protein YeiB [Enterobacter cancerogenus]
yeiB	WP_368777662	L143I	143	143	L	I	L	L	77.403	100.0	385	385	575.0	DUF418 domain-containing protein YeiB [Atlantibacter hermannii]
yeiB	WP_316287704	L143I	143	143	L	I	L	L	76.104	100.0	385	385	574.0	DUF418 domain-containing protein YeiB [Atlantibacter hermannii]
yeiB	WP_457842573	L143I	143	143	L	I	L	L	79.221	100.0	385	385	573.0	DUF418 domain-containing protein YeiB [Enterobacter oligotrophicus]
yeiB	WP_337285094	L143I	143	143	L	I	L	L	78.182	100.0	385	385	573.0	DUF418 domain-containing protein YeiB [Enterobacter cancerogenus]
yeiB	WP_474797952	L143I	143	143	L	I	L	L	78.442	100.0	385	385	573.0	N/A
yeiB	WP_282483826	L143I	143	143	L	I	L	L	78.182	100.0	385	385	572.0	DUF418 domain-containing protein YeiB [Enterobacter sp. V87_3]
yeiB	WP_252067570	L143I	143	143	L	I	L	L	81.096	95.0	385	365	572.0	DUF418 domain-containing protein YeiB [Enterobacter kobei]
yeiB	WP_213770326	L143I	143	143	L	I	L	L	80.802	91.0	385	349	571.0	DUF418 domain-containing protein YeiB, partial [Enterobacter hormaechei]
yeiB	WP_253383592	L143I	143	143	L	I	L	L	78.385	100.0	385	385	571.0	DUF418 domain-containing protein YeiB [unidentified bacterial endosymbiont]
yeiB	WP_104950510	L143I	143	143	L	I	L	L	79.221	100.0	385	385	569.0	DUF418 domain-containing protein YeiB [Enterobacter sp. SGAir0187]
yeiB	WP_267215077	L143I	143	143	L	I	L	L	79.221	100.0	385	385	568.0	DUF418 domain-containing protein YeiB [Enterobacter pseudoroggenkampii]
yeiB	WP_061709738	L143I	143	143	L	I	L	L	79.481	100.0	385	385	566.0	DUF418 domain-containing protein YeiB [Pseudenterobacter timonensis]
yeiB	WP_369496426	L143I	143	143	L	I	L	L	79.221	100.0	385	385	565.0	DUF418 domain-containing protein YeiB [Pseudenterobacter timonensis]
yeiB	WP_312978430	L143I	143	143	L	I	L	L	77.662	100.0	385	385	564.0	DUF418 domain-containing protein YeiB [Atlantibacter sp.]
yeiB	WP_310823848	L143I	143	143	L	I	L	L	78.961	100.0	385	385	563.0	DUF418 domain-containing protein YeiB [Pseudenterobacter timonensis]
yeiB	WP_312816066	L143I	143	143	L	I	L	L	77.922	100.0	385	385	554.0	DUF418 domain-containing protein YeiB [Atlantibacter subterraneus]
yeiB	WP_333891701	L143I	143	143	L	I	L	L	77.922	100.0	385	385	553.0	DUF418 domain-containing protein YeiB [Atlantibacter subterraneus]
yeiB	WP_144130371	L143I	143	143	L	I	L	L	77.662	100.0	385	385	553.0	DUF418 domain-containing protein YeiB [Atlantibacter subterraneus]
yeiB	WP_313083151	L143I	143	143	L	I	L	L	77.922	100.0	385	385	553.0	DUF418 domain-containing protein YeiB [Atlantibacter sp.]
yeiB	WP_125291633	L143I	143	143	L	I	L	L	77.662	100.0	385	385	552.0	DUF418 domain-containing protein YeiB [Atlantibacter subterraneus]
yeiB	WP_318068541	L143I	143	143	L	I	L	L	77.403	100.0	385	385	552.0	DUF418 domain-containing protein YeiB [Atlantibacter subterraneus]
yeiB	WP_254486494	L143I	143	143	L	I	L	L	77.403	100.0	385	385	549.0	DUF418 domain-containing protein YeiB [Atlantibacter subterraneus]
yeiB	WP_036114739	L143I	143	143	L	I	L	L	71.169	100.0	385	385	541.0	MULTISPECIES: DUF418 domain-containing protein YeiB [Mangrovibacter]
yeiB	WP_478347737	L143I	143	143	L	I	L	L	70.909	100.0	385	385	538.0	N/A
yeiB	WP_064595031	L143I	143	143	L	I	L	L	70.909	100.0	385	385	538.0	DUF418 domain-containing protein YeiB [Mangrovibacter phragmitis]
yeiB	WP_226571083	L143I	143	143	L	I	L	L	70.649	100.0	385	385	527.0	DUF418 domain-containing protein YeiB [Mangrovibacter yixingensis]
yeiB	WP_002439869	L143I	143	143	L	I	L	L	73.475	98.0	385	384	500.0	DUF418 domain-containing protein YeiB [Shimwellia blattae]
yeiB	WP_413737963	L143I	143	144	L	I	L	L	60.574	99.0	385	386	454.0	MULTISPECIES: DUF418 domain-containing protein YeiB [unclassified Sodalis (in: enterobacteria)]
yeiB	WP_150434319	L143I	143	155	L	I	L	L	61.6	97.0	385	390	440.0	DUF418 domain-containing protein YeiB [Affinibrenneria salicis]
yeiB	WP_323476468	L143I	143	144	L	I	L	L	59.151	98.0	385	381	439.0	DUF418 domain-containing protein YeiB [Acerihabitans sp. TG2]
yeiB	WP_081250239	L143I	143	162	L	I	L	L	60.218	95.0	385	399	425.0	DUF418 domain-containing protein YeiB [Hafnia alvei]
yeiB	WP_246236224	L143I	143	149	L	I	L	L	58.594	99.0	385	391	421.0	DUF418 domain-containing protein YeiB [Acerihabitans arboris]
yeiB	WP_033581201	L143I	143	150	L	I	L	L	56.51	100.0	385	394	421.0	DUF418 domain-containing protein YeiB [Dickeya zeae]
yeiB	WP_152426575	L143I	143	138	L	I	L	L	56.992	98.0	385	382	420.0	DUF418 domain-containing protein YeiB [Dickeya zeae]
yeiB	WP_033581694	L143I	143	150	L	I	L	L	56.51	100.0	385	394	420.0	DUF418 domain-containing protein YeiB [Dickeya zeae]
yeiB	WP_038914082	L143I	143	150	L	I	L	L	56.51	100.0	385	394	420.0	DUF418 domain-containing protein YeiB [Dickeya zeae]
yeiB	WP_102801659	L143I	143	150	L	I	L	L	56.51	100.0	385	394	419.0	DUF418 domain-containing protein YeiB [Dickeya zeae]
yeiB	WP_220178381	L143I	143	150	L	I	L	L	55.729	100.0	385	394	419.0	DUF418 domain-containing protein YeiB [Dickeya zeae]
yeiB	WP_219953160	L143I	143	150	L	I	L	L	55.99	100.0	385	394	417.0	DUF418 domain-containing protein YeiB [Dickeya zeae]
yeiB	WP_459581947	L143I	143	138	L	I	L	L	56.464	98.0	385	381	417.0	N/A
yeiB	WP_410014319	L143I	143	144	L	I	L	L	59.474	98.0	385	386	416.0	MULTISPECIES: DUF418 domain-containing protein YeiB [unclassified Sodalis (in: enterobacteria)]
yeiB	WP_041164442	L143I	143	150	L	I	L	L	55.729	100.0	385	394	416.0	DUF418 domain-containing protein YeiB [Dickeya parazeae]
yeiB	WP_236614461	L143I	143	138	L	I	L	L	57.256	98.0	385	382	416.0	DUF418 domain-containing protein YeiB [Dickeya poaceiphila]
yeiB	WP_226510784	L143I	143	150	L	I	L	L	55.729	100.0	385	394	416.0	DUF418 domain-containing protein YeiB [Dickeya zeae]
yeiB	WP_246867215	L143I	143	138	L	I	L	L	57.256	98.0	385	382	415.0	DUF418 domain-containing protein YeiB [Dickeya sp. CFBP 2040]
yeiB	WP_240946981	L143I	143	138	L	I	L	L	56.464	98.0	385	382	415.0	DUF418 domain-containing protein YeiB [Dickeya zeae]
yeiB	WP_413723269	L143I	143	144	L	I	L	L	59.211	98.0	385	386	414.0	MULTISPECIES: DUF418 domain-containing protein YeiB [unclassified Sodalis (in: enterobacteria)]
yeiB	WP_168364064	L143I	143	150	L	I	L	L	55.99	100.0	385	394	415.0	DUF418 domain-containing protein YeiB [Dickeya zeae]
yeiB	WP_459607884	L143I	143	138	L	I	L	L	55.937	98.0	385	381	414.0	N/A
yeiB	WP_413739495	L143I	143	144	L	I	L	L	58.947	98.0	385	386	414.0	DUF418 domain-containing protein YeiB [Sodalis sp. RH14]
yeiB	WP_123252493	L143I	143	138	L	I	L	L	57.52	98.0	385	382	413.0	DUF418 domain-containing protein YeiB [Dickeya undicola]
yeiB	WP_210182706	L143I	143	150	L	I	L	L	55.469	100.0	385	394	413.0	DUF418 domain-containing protein YeiB [Dickeya parazeae]
yeiB	WP_123250813	L143I	143	138	L	I	L	L	57.256	98.0	385	382	412.0	DUF418 domain-containing protein YeiB [Dickeya undicola]
yeiB	WP_057083181	L143I	143	150	L	I	L	L	56.25	100.0	385	394	412.0	DUF418 domain-containing protein YeiB [Dickeya solani]
yeiB	WP_331119506	L143I	143	144	L	I	L	L	58.486	99.0	385	384	412.0	DUF418 domain-containing protein YeiB [Acerihabitans sp.]
yeiB	WP_022633295	L143I	143	138	L	I	L	L	56.728	98.0	385	382	412.0	DUF418 domain-containing protein YeiB [Dickeya solani]
yeiB	WP_246871382	L143I	143	138	L	I	L	L	55.673	98.0	385	381	411.0	DUF418 domain-containing protein YeiB [Dickeya zeae]
yeiB	WP_253001382	L143I	143	138	L	I	L	L	55.409	98.0	385	381	411.0	DUF418 domain-containing protein YeiB [Dickeya oryzae]
yeiB	WP_130934138	L143I	143	162	L	I	L	L	61.308	95.0	385	399	410.0	DUF418 domain-containing protein YeiB [Hafnia alvei]
yeiB	WP_038659448	L143I	143	150	L	I	L	L	56.25	100.0	385	394	410.0	DUF418 domain-containing protein YeiB [Dickeya fangzhongdai]
yeiB	WP_438900721	L143I	143	138	L	I	L	L	56.992	98.0	385	382	410.0	DUF418 domain-containing protein YeiB [Dickeya undicola]
yeiB	WP_130971587	L143I	143	162	L	I	L	L	61.308	95.0	385	399	410.0	DUF418 domain-containing protein YeiB [Hafnia alvei]
yeiB	WP_103009251	L143I	143	162	L	I	L	L	61.035	95.0	385	399	410.0	DUF418 domain-containing protein YeiB [Hafnia alvei]
yeiB	WP_149226138	L143I	143	162	L	I	L	L	61.035	95.0	385	399	410.0	DUF418 domain-containing protein YeiB [Hafnia alvei]
yeiB	WP_188726066	L143I	143	138	L	I	L	L	56.464	98.0	385	382	409.0	DUF418 domain-containing protein YeiB [Dickeya fangzhongdai]
yeiB	WP_248587731	L143I	143	138	L	I	L	L	55.409	98.0	385	382	409.0	DUF418 domain-containing protein YeiB [Dickeya zeae]
yeiB	WP_051125469	L143I	143	150	L	I	L	L	57.294	98.0	385	395	409.0	DUF418 domain-containing protein YeiB [Dickeya dianthicola]
yeiB	WP_202438274	L143I	143	138	L	I	L	L	56.464	98.0	385	382	408.0	DUF418 domain-containing protein YeiB [Dickeya fangzhongdai]
yeiB	WP_197724542	L143I	143	138	L	I	L	L	56.499	98.0	385	382	408.0	DUF418 domain-containing protein YeiB [Dickeya fangzhongdai]
yeiB	WP_024108706	L143I	143	138	L	I	L	L	57.796	97.0	385	383	408.0	DUF418 domain-containing protein YeiB [Dickeya dianthicola]
yeiB	WP_406619471	L143I	143	150	L	I	L	L	55.99	100.0	385	394	408.0	DUF418 domain-containing protein YeiB [Dickeya fangzhongdai]
yeiB	WP_174213738	L143I	143	138	L	I	L	L	56.464	98.0	385	382	407.0	MULTISPECIES: DUF418 domain-containing protein YeiB [Dickeya]
yeiB	WP_326490694	L143I	143	162	L	I	L	L	60.763	95.0	385	399	408.0	DUF418 domain-containing protein YeiB [Hafnia alvei]
yeiB	WP_033581523	L143I	143	150	L	I	L	L	55.614	99.0	385	393	408.0	DUF418 domain-containing protein YeiB [Dickeya zeae]
yeiB	WP_038926470	L143I	143	150	L	I	L	L	55.469	100.0	385	393	407.0	DUF418 domain-containing protein YeiB [Dickeya oryzae]
yeiB	WP_130997839	L143I	143	162	L	I	L	L	61.035	95.0	385	399	408.0	DUF418 domain-containing protein YeiB [Hafnia alvei]
yeiB	WP_445463688	L143I	143	162	L	I	L	L	60.763	95.0	385	399	408.0	DUF418 domain-containing protein YeiB [Hafnia alvei]
yeiB	WP_130986506	L143I	143	162	L	I	L	L	60.763	95.0	385	399	408.0	DUF418 domain-containing protein YeiB [Hafnia alvei]
yeiB	WP_225622290	L143I	143	149	L	I	L	L	53.906	100.0	385	391	407.0	DUF418 domain-containing protein YeiB [Musicola keenii]
yeiB	WP_445612231	L143I	143	162	L	I	L	L	60.49	95.0	385	399	407.0	DUF418 domain-containing protein YeiB [Hafnia alvei]
yeiB	WP_282806793	L143I	143	162	L	I	L	L	61.035	95.0	385	399	407.0	DUF418 domain-containing protein YeiB [Hafnia alvei]
yeiB	WP_276217723	L143I	143	138	L	I	L	L	56.201	98.0	385	382	406.0	DUF418 domain-containing protein YeiB [Dickeya fangzhongdai]
yeiB	WP_193747066	L143I	143	138	L	I	L	L	56.464	98.0	385	382	406.0	DUF418 domain-containing protein YeiB [Dickeya sp. NCPPB 3274]
yeiB	WP_332542074	L143I	143	162	L	I	L	L	60.763	95.0	385	399	407.0	DUF418 domain-containing protein YeiB [Hafnia sp.]
yeiB	WP_336676309	L143I	143	138	L	I	L	L	57.527	97.0	385	383	406.0	DUF418 domain-containing protein YeiB [Dickeya dianthicola]
yeiB	WP_336680574	L143I	143	138	L	I	L	L	56.349	98.0	385	382	406.0	DUF418 domain-containing protein YeiB [Dickeya chrysanthemi]
yeiB	WP_279204105	L143I	143	162	L	I	L	L	61.035	95.0	385	399	407.0	DUF418 domain-containing protein YeiB [Obesumbacterium proteus]
yeiB	WP_027712277	L143I	143	138	L	I	L	L	56.349	98.0	385	382	406.0	DUF418 domain-containing protein YeiB [Dickeya chrysanthemi]
yeiB	WP_080950874	L143I	143	162	L	I	L	L	61.035	95.0	385	399	406.0	DUF418 domain-containing protein YeiB [Obesumbacterium proteus]
yeiB	WP_046830397	L143I	143	150	L	I	L	L	57.029	98.0	385	395	406.0	DUF418 domain-containing protein YeiB [Dickeya dianthicola]
yeiB	WP_152486905	L143I	143	138	L	I	L	L	56.349	98.0	385	382	405.0	DUF418 domain-containing protein YeiB [Dickeya chrysanthemi]
yeiB	WP_115103226	L143I	143	162	L	I	L	L	60.49	95.0	385	399	406.0	DUF418 domain-containing protein YeiB [Hafnia alvei]
yeiB	WP_303314430	L143I	143	138	L	I	L	L	56.464	98.0	385	382	405.0	DUF418 domain-containing protein YeiB [Dickeya fangzhongdai]
yeiB	WP_080737045	L143I	143	162	L	I	L	L	60.763	95.0	385	399	406.0	DUF418 domain-containing protein YeiB [Hafnia alvei]
yeiB	WP_350313782	L143I	143	138	L	I	L	L	56.201	98.0	385	382	405.0	DUF418 domain-containing protein YeiB [Dickeya fangzhongdai]
yeiB	WP_441681783	L143I	143	162	L	I	L	L	60.218	95.0	385	399	406.0	DUF418 domain-containing protein YeiB [Hafnia alvei]
yeiB	WP_130984992	L143I	143	162	L	I	L	L	60.763	95.0	385	399	406.0	DUF418 domain-containing protein YeiB [Obesumbacterium proteus]
yeiB	WP_024105652	L143I	143	138	L	I	L	L	57.527	97.0	385	383	405.0	DUF418 domain-containing protein YeiB [Dickeya dianthicola]
yeiB	WP_279155967	L143I	143	162	L	I	L	L	61.308	95.0	385	399	405.0	DUF418 domain-containing protein YeiB [Obesumbacterium proteus]
yeiB	WP_072309324	L143I	143	145	L	I	L	L	61.035	95.0	385	382	405.0	DUF418 domain-containing protein YeiB [Hafnia alvei]
yeiB	WP_226053418	L143I	143	138	L	I	L	L	56.349	98.0	385	382	404.0	DUF418 domain-containing protein YeiB [Dickeya chrysanthemi]
yeiB	WP_161128624	L143I	143	150	L	I	L	L	57.029	98.0	385	395	405.0	DUF418 domain-containing protein YeiB [Dickeya dianthicola]
yeiB	WP_046449866	L143I	143	145	L	I	L	L	60.763	95.0	385	382	404.0	DUF418 domain-containing protein YeiB [Hafnia alvei]
yeiB	WP_043492085	L143I	143	145	L	I	L	L	60.763	95.0	385	382	404.0	MULTISPECIES: DUF418 domain-containing protein YeiB [Hafnia]
yeiB	WP_096386904	L143I	143	162	L	I	L	L	60.763	95.0	385	399	405.0	MULTISPECIES: DUF418 domain-containing protein YeiB [Hafnia]
yeiB	WP_474513611	L143I	143	162	L	I	L	L	60.763	95.0	385	399	405.0	N/A
yeiB	WP_313883799	L143I	143	162	L	I	L	L	60.763	95.0	385	399	404.0	DUF418 domain-containing protein YeiB [Hafnia alvei]
yeiB	WP_336700354	L143I	143	138	L	I	L	L	56.085	98.0	385	382	403.0	DUF418 domain-containing protein YeiB [Dickeya chrysanthemi]
yeiB	WP_111329217	L143I	143	162	L	I	L	L	60.763	95.0	385	399	404.0	DUF418 domain-containing protein YeiB [Hafnia alvei]
yeiB	WP_015853996	L143I	143	149	L	I	L	L	53.403	99.0	385	391	403.0	DUF418 domain-containing protein YeiB [Musicola paradisiaca]
yeiB	WP_109105108	L143I	143	150	L	I	L	L	56.764	98.0	385	395	403.0	DUF418 domain-containing protein YeiB [Dickeya dianthicola]
yeiB	WP_242754725	L143I	143	150	L	I	L	L	56.764	98.0	385	395	402.0	DUF418 domain-containing protein YeiB [Dickeya dianthicola]
yeiB	WP_130994203	L143I	143	162	L	I	L	L	60.49	95.0	385	399	402.0	DUF418 domain-containing protein YeiB [Hafnia alvei]
yeiB	WP_083961152	L143I	143	138	L	I	L	L	56.085	98.0	385	381	402.0	DUF418 domain-containing protein YeiB [Dickeya aquatica]
yeiB	WP_033575658	L143I	143	150	L	I	L	L	55.497	99.0	385	394	402.0	DUF418 domain-containing protein YeiB [Dickeya chrysanthemi]
yeiB	WP_289431877	L143I	143	138	L	I	L	L	55.82	98.0	385	382	402.0	DUF418 domain-containing protein YeiB [Dickeya chrysanthemi]
yeiB	WP_080939091	L143I	143	162	L	I	L	L	60.49	95.0	385	399	402.0	DUF418 domain-containing protein YeiB [Hafnia alvei]
yeiB	WP_035346047	L143I	143	150	L	I	L	L	55.614	99.0	385	393	402.0	MULTISPECIES: DUF418 domain-containing protein YeiB [unclassified Dickeya]
yeiB	WP_004096101	L143I	143	162	L	I	L	L	60.108	96.0	385	401	402.0	DUF418 domain-containing protein YeiB [Hafnia alvei]
yeiB	WP_130955994	L143I	143	162	L	I	L	L	60.218	95.0	385	399	402.0	DUF418 domain-containing protein YeiB [Hafnia alvei]
yeiB	WP_483098018	L143I	143	162	L	I	L	L	60.49	95.0	385	399	402.0	N/A
yeiB	WP_080764370	L143I	143	162	L	I	L	L	60.218	95.0	385	399	402.0	DUF418 domain-containing protein YeiB [Hafnia alvei]
yeiB	WP_038927256	L143I	143	150	L	I	L	L	55.497	99.0	385	394	401.0	DUF418 domain-containing protein YeiB [Dickeya chrysanthemi]
yeiB	WP_234424360	L143I	143	150	L	I	L	L	55.497	99.0	385	394	401.0	DUF418 domain-containing protein YeiB [Dickeya sp. ws52]
yeiB	WP_407336648	L143I	143	138	L	I	L	L	56.201	98.0	385	406	401.0	DUF418 domain-containing protein YeiB [Dickeya ananatis]
yeiB	WP_456195963	L143I	143	155	L	I	L	L	60.0	96.0	385	389	400.0	DUF418 domain-containing protein YeiB [Edwardsiella tarda]
yeiB	WP_407339885	L143I	143	138	L	I	L	L	56.201	98.0	385	381	400.0	DUF418 domain-containing protein YeiB [Dickeya ananatis]
yeiB	WP_367300287	L143I	143	145	L	I	L	L	60.763	95.0	385	382	400.0	DUF418 domain-containing protein YeiB [Hafnia alvei]
yeiB	WP_408877783	L143I	143	162	L	I	L	L	59.409	97.0	385	403	400.0	DUF418 domain-containing protein YeiB [Hafnia paralvei]
yeiB	WP_458926990	L143I	143	162	L	I	L	L	59.677	97.0	385	401	400.0	DUF418 domain-containing protein YeiB [Hafnia paralvei]
yeiB	WP_282107340	L143I	143	162	L	I	L	L	59.409	97.0	385	403	400.0	DUF418 domain-containing protein YeiB [Hafnia paralvei]
yeiB	WP_226102603	L143I	143	138	L	I	L	L	55.937	98.0	385	382	399.0	MULTISPECIES: DUF418 domain-containing protein YeiB [Dickeya]
yeiB	WP_008812886	L143I	143	162	L	I	L	L	59.409	97.0	385	403	400.0	MULTISPECIES: DUF418 domain-containing protein YeiB [Hafnia]
yeiB	WP_396464166	L143I	143	155	L	I	L	L	60.0	96.0	385	389	399.0	DUF418 domain-containing protein YeiB [Edwardsiella sp. A.80236]
yeiB	WP_226093581	L143I	143	138	L	I	L	L	55.937	98.0	385	381	399.0	DUF418 domain-containing protein YeiB [Dickeya oryzae]
yeiB	WP_370545958	L143I	143	155	L	I	L	L	60.0	96.0	385	389	399.0	DUF418 domain-containing protein YeiB [Edwardsiella tarda]
yeiB	WP_370549023	L143I	143	155	L	I	L	L	60.0	96.0	385	389	399.0	DUF418 domain-containing protein YeiB [Edwardsiella tarda]
yeiB	WP_193744468	L143I	143	138	L	I	L	L	55.937	98.0	385	381	399.0	DUF418 domain-containing protein YeiB [Dickeya oryzae]
yeiB	WP_224452419	L143I	143	162	L	I	L	L	59.14	97.0	385	403	400.0	DUF418 domain-containing protein YeiB [Hafnia paralvei]
yeiB	WP_256385889	L143I	143	162	L	I	L	L	59.569	96.0	385	401	399.0	DUF418 domain-containing protein YeiB [Hafnia sp. HMSC23F03]
yeiB	WP_438333876	L143I	143	155	L	I	L	L	59.73	96.0	385	389	399.0	DUF418 domain-containing protein YeiB [Edwardsiella tarda]
yeiB	WP_456176910	L143I	143	155	L	I	L	L	59.786	97.0	385	389	399.0	DUF418 domain-containing protein YeiB [Edwardsiella tarda]
yeiB	WP_407321320	L143I	143	138	L	I	L	L	56.201	98.0	385	382	398.0	DUF418 domain-containing protein YeiB [Dickeya ananatis]
yeiB	WP_342700615	L143I	143	138	L	I	L	L	56.201	98.0	385	381	398.0	MULTISPECIES: DUF418 domain-containing protein YeiB [Dickeya]
yeiB	WP_336191326	L143I	143	162	L	I	L	L	59.838	96.0	385	401	399.0	DUF418 domain-containing protein YeiB [Hafnia paralvei]
yeiB	WP_226860721	L143I	143	150	L	I	L	L	56.499	98.0	385	395	398.0	DUF418 domain-containing protein YeiB [Dickeya dianthicola]
yeiB	WP_125259727	L143I	143	138	L	I	L	L	56.533	97.0	385	378	397.0	DUF418 domain-containing protein YeiB [Dickeya lacustris]
yeiB	WP_288144859	L143I	143	162	L	I	L	L	59.14	97.0	385	403	398.0	DUF418 domain-containing protein YeiB [Hafnia paralvei]
yeiB	WP_423732467	L143I	143	162	L	I	L	L	59.299	96.0	385	401	398.0	DUF418 domain-containing protein YeiB [Hafnia paralvei]
yeiB	WP_227660212	L143I	143	162	L	I	L	L	59.569	96.0	385	401	398.0	DUF418 domain-containing protein YeiB [Hafnia paralvei]
yeiB	WP_332538721	L143I	143	162	L	I	L	L	59.14	97.0	385	403	398.0	DUF418 domain-containing protein YeiB [Hafnia sp.]
yeiB	WP_226228635	L143I	143	162	L	I	L	L	59.14	97.0	385	403	397.0	DUF418 domain-containing protein YeiB [Hafnia paralvei]
yeiB	WP_255999796	L143I	143	162	L	I	L	L	58.871	97.0	385	403	397.0	DUF418 domain-containing protein YeiB [Hafnia paralvei]
yeiB	WP_115348713	L143I	143	162	L	I	L	L	61.351	96.0	385	399	397.0	DUF418 domain-containing protein YeiB [Hafnia alvei]
yeiB	WP_278426750	L143I	143	162	L	I	L	L	59.14	97.0	385	403	397.0	DUF418 domain-containing protein YeiB [Hafnia paralvei]
yeiB	WP_205438452	L143I	143	155	L	I	L	L	59.73	96.0	385	389	396.0	DUF418 domain-containing protein YeiB [Edwardsiella tarda]
yeiB	WP_210194456	L143I	143	138	L	I	L	L	55.937	98.0	385	381	396.0	DUF418 domain-containing protein YeiB [Dickeya oryzae]
yeiB	WP_370553523	L143I	143	155	L	I	L	L	59.73	96.0	385	389	396.0	DUF418 domain-containing protein YeiB [Edwardsiella tarda]
yeiB	WP_370558720	L143I	143	155	L	I	L	L	59.73	96.0	385	389	395.0	DUF418 domain-containing protein YeiB [Edwardsiella tarda]
yeiB	WP_370557671	L143I	143	155	L	I	L	L	59.73	96.0	385	389	395.0	DUF418 domain-containing protein YeiB [Edwardsiella tarda]
yeiB	WP_302528124	L143I	143	155	L	I	L	L	59.73	96.0	385	389	395.0	DUF418 domain-containing protein YeiB [Edwardsiella tarda]
yeiB	WP_082790877	L143I	143	162	L	I	L	L	61.035	95.0	385	399	395.0	DUF418 domain-containing protein YeiB [Obesumbacterium proteus]
yeiB	WP_426762465	L143I	143	162	L	I	L	L	58.871	97.0	385	403	395.0	DUF418 domain-containing protein YeiB [Hafnia paralvei]
yeiB	WP_080954927	L143I	143	155	L	I	L	L	59.459	96.0	385	389	395.0	DUF418 domain-containing protein YeiB [Edwardsiella tarda]
yeiB	WP_226054314	L143I	143	150	L	I	L	L	55.99	100.0	385	394	395.0	DUF418 domain-containing protein YeiB [Dickeya dadantii]
yeiB	WP_038922582	L143I	143	150	L	I	L	L	55.99	100.0	385	394	394.0	DUF418 domain-containing protein YeiB [Dickeya dadantii]
yeiB	WP_077999270	L143I	143	155	L	I	L	L	59.459	96.0	385	389	394.0	DUF418 domain-containing protein YeiB [Edwardsiella tarda]
yeiB	WP_098143339	L143I	143	155	L	I	L	L	59.459	96.0	385	389	394.0	DUF418 domain-containing protein YeiB [Edwardsiella tarda]
yeiB	WP_370557071	L143I	143	155	L	I	L	L	59.459	96.0	385	389	394.0	DUF418 domain-containing protein YeiB [Edwardsiella tarda]
yeiB	WP_420299392	L143I	143	155	L	I	L	L	59.459	96.0	385	389	394.0	DUF418 domain-containing protein YeiB [Edwardsiella tarda]
yeiB	WP_370546880	L143I	143	155	L	I	L	L	59.459	96.0	385	389	394.0	DUF418 domain-containing protein YeiB [Edwardsiella tarda]
yeiB	WP_370547746	L143I	143	155	L	I	L	L	59.459	96.0	385	389	394.0	DUF418 domain-containing protein YeiB [Edwardsiella tarda]
yeiB	WP_448623265	L143I	143	138	L	I	L	L	56.201	98.0	385	382	393.0	DUF418 domain-containing protein YeiB [Dickeya fangzhongdai]
yeiB	WP_263065458	L143I	143	150	L	I	L	L	55.99	100.0	385	394	394.0	DUF418 domain-containing protein YeiB [Dickeya dadantii]
yeiB	WP_005292741	L143I	143	155	L	I	L	L	59.459	96.0	385	389	394.0	DUF418 domain-containing protein YeiB [Edwardsiella tarda]
yeiB	WP_370555776	L143I	143	155	L	I	L	L	59.459	96.0	385	389	393.0	DUF418 domain-containing protein YeiB [Edwardsiella tarda]
yeiB	WP_081306983	L143I	143	155	L	I	L	L	59.459	96.0	385	389	393.0	DUF418 domain-containing protein YeiB [Edwardsiella tarda]
yeiB	WP_370555338	L143I	143	155	L	I	L	L	59.459	96.0	385	389	393.0	DUF418 domain-containing protein YeiB [Edwardsiella tarda]
yeiB	WP_166492945	L143I	143	162	L	I	L	L	61.035	95.0	385	399	394.0	DUF418 domain-containing protein YeiB [Hafnia alvei]
yeiB	WP_193745943	L143I	143	138	L	I	L	L	56.201	98.0	385	382	393.0	MULTISPECIES: DUF418 domain-containing protein YeiB [Dickeya]
yeiB	WP_216282684	L143I	143	150	L	I	L	L	55.729	100.0	385	394	393.0	DUF418 domain-containing protein YeiB [Dickeya dadantii]
yeiB	WP_038901054	L143I	143	150	L	I	L	L	55.469	100.0	385	394	393.0	DUF418 domain-containing protein YeiB [Dickeya dadantii]
yeiB	WP_326490407	L143I	143	162	L	I	L	L	60.763	95.0	385	399	393.0	DUF418 domain-containing protein YeiB [Obesumbacterium proteus]
yeiB	WP_237560107	L143I	143	150	L	I	L	L	55.729	100.0	385	394	392.0	DUF418 domain-containing protein YeiB [Dickeya dadantii]
yeiB	WP_097364023	L143I	143	155	L	I	L	L	59.459	96.0	385	389	392.0	DUF418 domain-containing protein YeiB [Edwardsiella tarda]
yeiB	WP_253937739	L143I	143	150	L	I	L	L	55.469	100.0	385	394	392.0	DUF418 domain-containing protein YeiB [Dickeya dadantii]
yeiB	WP_284602517	L143I	143	150	L	I	L	L	55.469	100.0	385	394	392.0	DUF418 domain-containing protein YeiB [Dickeya dadantii]
yeiB	WP_136990550	L143I	143	144	L	I	L	L	59.682	98.0	385	386	390.0	DUF418 domain-containing protein YeiB [Martelella alba]
yeiB	WP_456172696	L143I	143	155	L	I	L	L	59.189	96.0	385	389	390.0	DUF418 domain-containing protein YeiB [Edwardsiella tarda]
yeiB	WP_224062935	L143I	143	150	L	I	L	L	55.469	100.0	385	394	390.0	DUF418 domain-containing protein YeiB [Dickeya dadantii]
yeiB	WP_033568351	L143I	143	150	L	I	L	L	56.25	100.0	385	394	390.0	DUF418 domain-containing protein YeiB [Dickeya undicola]
yeiB	WP_253940860	L143I	143	150	L	I	L	L	55.469	100.0	385	394	390.0	DUF418 domain-containing protein YeiB [Dickeya dadantii]
yeiB	WP_033111818	L143I	143	150	L	I	L	L	55.208	100.0	385	394	389.0	DUF418 domain-containing protein YeiB [Dickeya dadantii]
yeiB	WP_374069171	L143I	143	150	L	I	L	L	55.208	100.0	385	394	389.0	DUF418 domain-containing protein YeiB [Dickeya dadantii]
yeiB	WP_336684906	L143I	143	150	L	I	L	L	55.208	100.0	385	394	388.0	DUF418 domain-containing protein YeiB [Dickeya dadantii]
yeiB	WP_283318096	L143I	143	155	L	I	L	L	57.527	97.0	385	390	384.0	DUF418 domain-containing protein YeiB [Edwardsiella anguillarum]
yeiB	WP_045424809	L143I	143	155	L	I	L	L	58.197	95.0	385	390	382.0	MULTISPECIES: DUF418 domain-containing protein YeiB [Edwardsiella]
yeiB	WP_283294539	L143I	143	155	L	I	L	L	58.197	95.0	385	390	382.0	DUF418 domain-containing protein YeiB [Edwardsiella anguillarum]
yeiB	WP_024522901	L143I	143	155	L	I	L	L	60.27	96.0	385	390	379.0	DUF418 domain-containing protein YeiB [Edwardsiella hoshinae]
yeiB	WP_392405244	L143I	143	155	L	I	L	L	58.108	96.0	385	390	379.0	DUF418 domain-containing protein YeiB [Edwardsiella piscicida]
yeiB	WP_038911091	L143I	143	150	L	I	L	L	55.469	100.0	385	394	375.0	DUF418 domain-containing protein YeiB [Dickeya dadantii]
yeiB	WP_015461206	L143I	143	155	L	I	L	L	58.108	96.0	385	390	375.0	DUF418 domain-containing protein YeiB [Edwardsiella piscicida]
yeiB	WP_392440255	L143I	143	155	L	I	L	L	58.108	96.0	385	390	374.0	DUF418 domain-containing protein YeiB [Edwardsiella piscicida]
yeiB	WP_225857617	L143I	143	155	L	I	L	L	58.108	96.0	385	390	374.0	DUF418 domain-containing protein YeiB [Edwardsiella piscicida]
yeiB	WP_280977037	L143I	143	155	L	I	L	L	58.108	96.0	385	390	374.0	DUF418 domain-containing protein YeiB [Edwardsiella piscicida]
yeiB	WP_012848019	L143I	143	155	L	I	L	L	57.838	96.0	385	390	373.0	DUF418 domain-containing protein YeiB [Edwardsiella piscicida]
yeiB	WP_129985665	L143I	143	155	L	I	L	L	57.838	96.0	385	390	372.0	DUF418 domain-containing protein YeiB [Edwardsiella piscicida]
yeiB	WP_392454505	L143I	143	155	L	I	L	L	57.838	96.0	385	390	372.0	DUF418 domain-containing protein YeiB [Edwardsiella piscicida]
yeiB	WP_218465492	L143I	143	145	L	I	L	L	51.081	96.0	385	381	361.0	MULTISPECIES: DUF418 domain-containing protein YeiB [Limnobaculum]
yeiB	WP_130593661	L143I	143	145	L	I	L	L	50.674	96.0	385	380	359.0	DUF418 domain-containing protein YeiB [Limnobaculum zhutongyuii]
yeiB	WP_034164996	L143I	143	155	L	I	L	L	57.951	96.0	385	390	358.0	MULTISPECIES: DUF418 domain-containing protein YeiB [Edwardsiella]
yeiB	WP_140917960	L143I	143	161	L	I	L	L	49.865	96.0	385	396	357.0	DUF418 domain-containing protein YeiB [Limnobaculum xujianqingii]
yeiB	WP_228397651	L143I	143	161	L	I	L	L	50.135	96.0	385	396	357.0	DUF418 domain-containing protein YeiB [Limnobaculum xujianqingii]
yeiB	WP_015835027	L143I	143	145	L	I	L	L	48.787	96.0	385	381	354.0	MULTISPECIES: DUF418 domain-containing protein YeiB [Photorhabdus]
yeiB	WP_132352227	L143I	143	145	L	I	L	L	50.404	96.0	385	381	352.0	DUF418 domain-containing protein YeiB [Photorhabdus khanii]
yeiB	WP_230610443	L143I	143	161	L	I	L	L	49.326	96.0	385	396	352.0	DUF418 domain-containing protein YeiB [Limnobaculum eriocheiris]
yeiB	WP_329958615	L143I	143	161	L	I	L	L	48.787	96.0	385	396	351.0	DUF418 domain-containing protein YeiB [Limnobaculum parvum]
yeiB	WP_434525356	L143I	143	145	L	I	L	L	49.326	96.0	385	381	350.0	DUF418 domain-containing protein YeiB [Photorhabdus asymbiotica]
yeiB	WP_166285602	L143I	143	145	L	I	L	L	49.596	96.0	385	381	350.0	DUF418 domain-containing protein YeiB [Photorhabdus stackebrandtii]
yeiB	WP_046975606	L143I	143	145	L	I	L	L	50.404	96.0	385	381	349.0	MULTISPECIES: DUF418 domain-containing protein YeiB [Photorhabdus]
yeiB	WP_228940267	L143I	143	145	L	I	L	L	50.404	96.0	385	381	349.0	DUF418 domain-containing protein YeiB [Photorhabdus thracensis]
yeiB	WP_036774317	L143I	143	145	L	I	L	L	49.057	96.0	385	381	348.0	DUF418 domain-containing protein YeiB [Photorhabdus australis]
yeiB	WP_065823810	L143I	143	145	L	I	L	L	48.787	96.0	385	381	348.0	DUF418 domain-containing protein YeiB [Photorhabdus australis]
yeiB	WP_262978849	L143I	143	145	L	I	L	L	50.404	96.0	385	381	348.0	DUF418 domain-containing protein YeiB [Photorhabdus temperata]
yeiB	WP_471805515	L143I	143	145	L	I	L	L	50.404	96.0	385	381	348.0	N/A
yeiB	WP_036837432	L143I	143	145	L	I	L	L	50.135	96.0	385	381	348.0	DUF418 domain-containing protein YeiB [Photorhabdus temperata]
yeiB	WP_036850842	L143I	143	145	L	I	L	L	50.135	96.0	385	381	347.0	MULTISPECIES: DUF418 domain-containing protein YeiB [Photorhabdus]
yeiB	WP_214089222	L143I	143	145	L	I	L	L	49.731	96.0	385	382	347.0	DUF418 domain-containing protein YeiB [Photorhabdus noenieputensis]
yeiB	WP_023046116	L143I	143	145	L	I	L	L	50.135	96.0	385	381	347.0	DUF418 domain-containing protein YeiB [Photorhabdus temperata]
yeiB	WP_132344309	L143I	143	145	L	I	L	L	50.0	96.0	385	382	345.0	DUF418 domain-containing protein YeiB [Photorhabdus luminescens]
yeiB	WP_214067909	L143I	143	145	L	I	L	L	49.731	96.0	385	382	345.0	DUF418 domain-containing protein YeiB [Photorhabdus hainanensis]
yeiB	WP_065391326	L143I	143	145	L	I	L	L	49.462	96.0	385	382	345.0	DUF418 domain-containing protein YeiB [Photorhabdus namnaonensis]
yeiB	WP_049583450	L143I	143	145	L	I	L	L	49.731	96.0	385	382	343.0	MULTISPECIES: DUF418 domain-containing protein YeiB [Photorhabdus]
yeiB	WP_105398901	L143I	143	145	L	I	L	L	49.462	96.0	385	382	343.0	DUF418 domain-containing protein YeiB [Photorhabdus akhurstii]
yeiB	WP_350304522	L143I	143	145	L	I	L	L	48.787	96.0	385	381	343.0	DUF418 domain-containing protein YeiB [Photorhabdus viridis]
yeiB	WP_265514590	L143I	143	145	L	I	L	L	48.925	96.0	385	382	343.0	DUF418 domain-containing protein YeiB [Photorhabdus luminescens]
yeiB	WP_166303113	L143I	143	145	L	I	L	L	49.731	96.0	385	382	342.0	DUF418 domain-containing protein YeiB [Photorhabdus cinerea]
yeiB	WP_088372371	L143I	143	145	L	I	L	L	49.731	96.0	385	382	342.0	DUF418 domain-containing protein YeiB [Photorhabdus luminescens]
yeiB	WP_105396651	L143I	143	145	L	I	L	L	49.462	96.0	385	382	341.0	DUF418 domain-containing protein YeiB [Photorhabdus hindustanensis]
yeiB	WP_036814614	L143I	143	145	L	I	L	L	49.462	96.0	385	382	340.0	DUF418 domain-containing protein YeiB [Photorhabdus akhurstii]
yeiB	WP_265380795	L143I	143	145	L	I	L	L	49.077	98.0	385	382	340.0	DUF418 domain-containing protein YeiB [Photorhabdus aballayi]
yeiB	WP_217471243	L143I	143	145	L	I	L	L	49.194	96.0	385	382	339.0	DUF418 domain-containing protein YeiB [Photorhabdus akhurstii]
yeiB	WP_341498330	L143I	143	145	L	I	L	L	48.813	98.0	385	382	338.0	DUF418 domain-containing protein YeiB [Photorhabdus sp. P32]
yeiB	WP_118985334	L143I	143	145	L	I	L	L	48.656	96.0	385	382	338.0	DUF418 domain-containing protein YeiB [Photorhabdus sp. CRCIA-P01]
yeiB	WP_387463536	L143I	143	145	L	I	L	L	49.326	96.0	385	381	337.0	DUF418 domain-containing protein YeiB [Photorhabdus sp. RM323S]
yeiB	WP_323836228	L143I	143	145	L	I	L	L	49.194	96.0	385	382	337.0	DUF418 domain-containing protein YeiB [Photorhabdus africana]
yeiB	WP_112876124	L143I	143	145	L	I	L	L	48.925	96.0	385	382	337.0	MULTISPECIES: DUF418 domain-containing protein YeiB [Photorhabdus]
yeiB	WP_229000284	L143I	143	145	L	I	L	L	49.194	96.0	385	382	337.0	DUF418 domain-containing protein YeiB [Photorhabdus aegyptia]
yeiB	WP_225814498	L143I	143	145	L	I	L	L	48.925	96.0	385	382	337.0	DUF418 domain-containing protein YeiB [Photorhabdus antumapuensis]
yeiB	WP_445494191	L143I	143	145	L	I	L	L	47.978	96.0	385	381	337.0	DUF418 domain-containing protein YeiB [Photorhabdus sp. SF281]
yeiB	WP_261830807	L143I	143	150	L	I	L	L	48.787	96.0	385	388	337.0	DUF418 domain-containing protein YeiB [Leminorella grimontii]
yeiB	WP_449591806	L143I	143	145	L	I	L	L	49.057	96.0	385	381	336.0	DUF418 domain-containing protein YeiB [Photorhabdus tasmaniensis]
yeiB	WP_112894846	L143I	143	145	L	I	L	L	48.285	98.0	385	382	336.0	DUF418 domain-containing protein YeiB [Photorhabdus bodei]
yeiB	WP_027272946	L143I	143	150	L	I	L	L	48.787	96.0	385	388	336.0	DUF418 domain-containing protein YeiB [Leminorella grimontii]
yeiB	WP_479535515	L143I	143	147	L	I	L	L	48.698	98.0	385	386	336.0	N/A
yeiB	WP_475848378	L143I	143	145	L	I	L	L	49.194	96.0	385	382	335.0	N/A
yeiB	WP_350387705	L143I	143	145	L	I	L	L	48.925	96.0	385	382	335.0	MULTISPECIES: DUF418 domain-containing protein YeiB [Photorhabdus]
yeiB	WP_041380013	L143I	143	145	L	I	L	L	48.656	96.0	385	382	334.0	MULTISPECIES: DUF418 domain-containing protein YeiB [Photorhabdus]
yeiB	WP_154604362	L143I	143	151	L	I	L	L	49.454	95.0	385	393	334.0	DUF418 domain-containing protein YeiB [Providencia sp. wls1914]
yeiB	WP_350404272	L143I	143	145	L	I	L	L	48.118	96.0	385	382	333.0	DUF418 domain-containing protein YeiB [Photorhabdus laumondii]
yeiB	WP_211884986	L143I	143	151	L	I	L	L	49.454	95.0	385	393	333.0	MULTISPECIES: DUF418 domain-containing protein YeiB [unclassified Providencia]
yeiB	WP_113042181	L143I	143	145	L	I	L	L	48.118	96.0	385	382	332.0	MULTISPECIES: DUF418 domain-containing protein YeiB [Photorhabdus]
yeiB	WP_228901345	L143I	143	145	L	I	L	L	48.118	96.0	385	382	332.0	DUF418 domain-containing protein YeiB [Photorhabdus bodei]
yeiB	WP_387492400	L143I	143	145	L	I	L	L	48.118	96.0	385	382	332.0	DUF418 domain-containing protein YeiB [Photorhabdus sp. RM96S]
yeiB	WP_165577914	L143I	143	145	L	I	L	L	48.387	96.0	385	382	332.0	DUF418 domain-containing protein YeiB [Photorhabdus sp. RW14-46]
yeiB	WP_154610032	L143I	143	151	L	I	L	L	49.454	95.0	385	393	332.0	MULTISPECIES: DUF418 domain-containing protein YeiB [unclassified Providencia]
yeiB	WP_445374306	L143I	143	145	L	I	L	L	48.248	96.0	385	381	332.0	DUF418 domain-containing protein YeiB [Photorhabdus tasmaniensis]
yeiB	WP_036949712	L143I	143	151	L	I	L	L	49.454	95.0	385	393	332.0	DUF418 domain-containing protein YeiB [Providencia alcalifaciens]
yeiB	WP_132494368	L143I	143	151	L	I	L	L	49.18	95.0	385	393	332.0	MULTISPECIES: DUF418 domain-containing protein YeiB [Providencia]
yeiB	WP_154633932	L143I	143	151	L	I	L	L	49.454	95.0	385	393	332.0	DUF418 domain-containing protein YeiB [Providencia sp. wls1922]
yeiB	WP_154599906	L143I	143	151	L	I	L	L	49.454	95.0	385	393	332.0	MULTISPECIES: DUF418 domain-containing protein YeiB [unclassified Providencia]
yeiB	WP_271867061	L143I	143	145	L	I	L	L	48.118	96.0	385	382	331.0	DUF418 domain-containing protein YeiB [Photorhabdus bodei]
yeiB	WP_108479411	L143I	143	151	L	I	L	L	49.18	95.0	385	393	330.0	MULTISPECIES: DUF418 domain-containing protein YeiB [Providencia]
yeiB	WP_338882806	L143I	143	141	L	I	L	L	46.032	98.0	385	377	330.0	DUF418 domain-containing protein YeiB [Xenorhabdus sp. TH1]
yeiB	WP_133815050	L143I	143	145	L	I	L	L	47.978	96.0	385	381	330.0	DUF418 domain-containing protein YeiB [Photorhabdus tasmaniensis]
yeiB	WP_438642284	L143I	143	146	L	I	L	L	52.0	97.0	385	386	330.0	DUF418 domain-containing protein YeiB [Plesiomonas sp.]
yeiB	WP_273550492	L143I	143	141	L	I	L	L	45.889	98.0	385	377	329.0	DUF418 domain-containing protein YeiB [Xenorhabdus sp. IM139775]
yeiB	WP_455430675	L143I	143	145	L	I	L	L	47.989	97.0	385	382	329.0	DUF418 domain-containing protein YeiB [Providencia vermicola]
yeiB	WP_048606507	L143I	143	148	L	I	L	L	46.917	97.0	385	380	328.0	MULTISPECIES: DUF418 domain-containing protein YeiB [Providencia]
yeiB	WP_340610587	L143I	143	153	L	I	L	L	47.733	97.0	385	389	328.0	DUF418 domain-containing protein YeiB [Xenorhabdus bharatensis]
yeiB	WP_214055020	L143I	143	145	L	I	L	L	49.462	96.0	385	382	328.0	DUF418 domain-containing protein YeiB [Photorhabdus caribbeanensis]
yeiB	WP_432652733	L143I	143	145	L	I	L	L	47.989	97.0	385	382	328.0	DUF418 domain-containing protein YeiB [Providencia vermicola]
yeiB	WP_054475283	L143I	143	144	L	I	L	L	49.462	96.0	385	381	328.0	DUF418 domain-containing protein YeiB [Photorhabdus heterorhabditis]
yeiB	WP_188093336	L143I	143	144	L	I	L	L	49.462	96.0	385	381	328.0	DUF418 domain-containing protein YeiB [Photorhabdus heterorhabditis]
yeiB	WP_340614780	L143I	143	149	L	I	L	L	45.767	98.0	385	385	327.0	DUF418 domain-containing protein YeiB [Xenorhabdus thailandensis]
yeiB	WP_422645998	L143I	143	135	L	I	L	L	47.814	95.0	385	367	327.0	DUF418 domain-containing protein YeiB [Xenorhabdus innexi]
yeiB	WP_036777912	L143I	143	145	L	I	L	L	49.462	96.0	385	382	327.0	DUF418 domain-containing protein YeiB [Photorhabdus aegyptia]
yeiB	WP_166686724	L143I	143	148	L	I	L	L	46.649	97.0	385	380	327.0	MULTISPECIES: DUF418 domain-containing protein YeiB [Providencia]
yeiB	WP_446469516	L143I	143	151	L	I	L	L	47.453	97.0	385	387	327.0	DUF418 domain-containing protein YeiB [Xenorhabdus stockiae]
yeiB	WP_166685360	L143I	143	148	L	I	L	L	46.649	97.0	385	380	327.0	MULTISPECIES: DUF418 domain-containing protein YeiB [Providencia]
yeiB	WP_042846579	L143I	143	148	L	I	L	L	46.649	97.0	385	380	327.0	MULTISPECIES: DUF418 domain-containing protein YeiB [Providencia]
yeiB	WP_430251643	L143I	143	145	L	I	L	L	47.721	97.0	385	382	327.0	DUF418 domain-containing protein YeiB [Providencia vermicola]
yeiB	WP_172909269	L143I	143	144	L	I	L	L	49.462	96.0	385	381	327.0	DUF418 domain-containing protein YeiB [Photorhabdus heterorhabditis]
yeiB	WP_206227328	L143I	143	148	L	I	L	L	46.649	97.0	385	380	326.0	MULTISPECIES: DUF418 domain-containing protein YeiB [Providencia]
yeiB	WP_111740598	L143I	143	150	L	I	L	L	46.9	96.0	385	386	326.0	DUF418 domain-containing protein YeiB [Leminorella richardii]
yeiB	WP_099121215	L143I	143	151	L	I	L	L	47.453	97.0	385	387	325.0	DUF418 domain-containing protein YeiB [Xenorhabdus sp. KK7.4]
yeiB	WP_008915125	L143I	143	151	L	I	L	L	46.739	96.0	385	387	325.0	DUF418 domain-containing protein YeiB [Providencia sneebia]
yeiB	WP_228863471	L143I	143	151	L	I	L	L	47.453	97.0	385	387	325.0	DUF418 domain-containing protein YeiB [Xenorhabdus sp. PB30.3]
yeiB	WP_129466762	L143I	143	148	L	I	L	L	46.381	97.0	385	380	325.0	MULTISPECIES: DUF418 domain-containing protein YeiB [Providencia]
yeiB	WP_438635953	L143I	143	147	L	I	L	L	49.219	98.0	385	386	325.0	DUF418 domain-containing protein YeiB [Plesiomonas sp.]
yeiB	WP_131680501	L143I	143	148	L	I	L	L	46.381	97.0	385	380	325.0	MULTISPECIES: DUF418 domain-containing protein YeiB [Providencia]
yeiB	WP_140180675	L143I	143	151	L	I	L	L	45.699	97.0	385	386	325.0	MULTISPECIES: DUF418 domain-containing protein YeiB [Providencia]
yeiB	WP_181478164	L143I	143	151	L	I	L	L	50.0	95.0	385	393	325.0	DUF418 domain-containing protein YeiB [Providencia rettgeri]
yeiB	WP_272692617	L143I	143	148	L	I	L	L	46.381	97.0	385	380	324.0	DUF418 domain-containing protein YeiB [Providencia sp. PROV164]
yeiB	WP_125893356	L143I	143	148	L	I	L	L	44.947	98.0	385	381	324.0	DUF418 domain-containing protein YeiB [Providencia rettgeri]
yeiB	WP_210846877	L143I	143	148	L	I	L	L	46.113	97.0	385	380	324.0	DUF418 domain-containing protein YeiB [Providencia rettgeri]
yeiB	WP_272679406	L143I	143	148	L	I	L	L	44.947	98.0	385	381	324.0	DUF418 domain-containing protein YeiB [Providencia sp. PROV032]
yeiB	WP_349492973	L143I	143	151	L	I	L	L	45.43	97.0	385	386	324.0	DUF418 domain-containing protein YeiB [Providencia manganoxydans]
yeiB	WP_319068798	L143I	143	151	L	I	L	L	45.43	97.0	385	386	324.0	MULTISPECIES: DUF418 domain-containing protein YeiB [Providencia]
yeiB	WP_224050891	L143I	143	151	L	I	L	L	49.185	95.0	385	392	324.0	DUF418 domain-containing protein YeiB [Providencia alcalifaciens]
yeiB	WP_433587531	L143I	143	151	L	I	L	L	49.185	95.0	385	392	324.0	DUF418 domain-containing protein YeiB [Providencia alcalifaciens]
yeiB	WP_071547849	L143I	143	148	L	I	L	L	46.381	97.0	385	380	323.0	MULTISPECIES: DUF418 domain-containing protein YeiB [Providencia]
yeiB	WP_232036552	L143I	143	158	L	I	L	L	47.439	96.0	385	393	324.0	DUF418 domain-containing protein YeiB [Pragia fontium]
yeiB	WP_225574813	L143I	143	151	L	I	L	L	50.546	95.0	385	393	324.0	DUF418 domain-containing protein YeiB [Providencia alcalifaciens]
yeiB	WP_369476070	L143I	143	151	L	I	L	L	45.43	97.0	385	386	323.0	DUF418 domain-containing protein YeiB [Providencia manganoxydans]
yeiB	WP_438624019	L143I	143	147	L	I	L	L	48.958	98.0	385	386	323.0	DUF418 domain-containing protein YeiB [Plesiomonas sp.]
yeiB	WP_349490780	L143I	143	148	L	I	L	L	44.681	98.0	385	381	323.0	DUF418 domain-containing protein YeiB [Providencia huaxiensis]
yeiB	WP_369509561	L143I	143	151	L	I	L	L	45.43	97.0	385	386	323.0	DUF418 domain-containing protein YeiB [Providencia manganoxydans]
yeiB	WP_318706972	L143I	143	151	L	I	L	L	45.43	97.0	385	386	323.0	MULTISPECIES: DUF418 domain-containing protein YeiB [Providencia]
yeiB	WP_036965432	L143I	143	151	L	I	L	L	48.361	95.0	385	392	323.0	MULTISPECIES: DUF418 domain-containing protein YeiB [Providencia]
yeiB	WP_438641317	L143I	143	147	L	I	L	L	49.333	97.0	385	386	323.0	DUF418 domain-containing protein YeiB [Plesiomonas sp.]
yeiB	WP_036961986	L143I	143	151	L	I	L	L	48.361	95.0	385	392	323.0	DUF418 domain-containing protein YeiB [Providencia alcalifaciens]
yeiB	WP_181480694	L143I	143	151	L	I	L	L	48.525	96.0	385	392	323.0	MULTISPECIES: DUF418 domain-containing protein YeiB [Providencia]
yeiB	WP_438646312	L143I	143	147	L	I	L	L	48.958	98.0	385	386	323.0	DUF418 domain-containing protein YeiB [Plesiomonas sp.]
yeiB	WP_369462751	L143I	143	148	L	I	L	L	44.681	98.0	385	381	323.0	DUF418 domain-containing protein YeiB [Providencia huaxiensis]
yeiB	WP_311756155	L143I	143	146	L	I	L	L	49.198	96.0	385	389	323.0	DUF418 domain-containing protein YeiB [Plesiomonas shigelloides]
yeiB	WP_258554844	L143I	143	158	L	I	L	L	47.17	96.0	385	393	323.0	DUF418 domain-containing protein YeiB [Pragia fontium]
yeiB	WP_369487706	L143I	143	151	L	I	L	L	45.161	97.0	385	386	323.0	DUF418 domain-containing protein YeiB [Providencia manganoxydans]
yeiB	WP_261821723	L143I	143	158	L	I	L	L	47.17	96.0	385	393	323.0	DUF418 domain-containing protein YeiB [Pragia fontium]
yeiB	WP_419210809	L143I	143	151	L	I	L	L	45.43	97.0	385	386	323.0	DUF418 domain-containing protein YeiB [Providencia manganoxydans]
yeiB	WP_471871999	L143I	143	151	L	I	L	L	48.361	95.0	385	392	323.0	N/A
yeiB	WP_369471357	L143I	143	148	L	I	L	L	44.681	98.0	385	381	322.0	DUF418 domain-containing protein YeiB [Providencia huaxiensis]
yeiB	WP_154630529	L143I	143	151	L	I	L	L	48.361	95.0	385	392	323.0	DUF418 domain-containing protein YeiB [Providencia alcalifaciens]
yeiB	WP_154631934	L143I	143	151	L	I	L	L	48.525	96.0	385	392	323.0	DUF418 domain-containing protein YeiB [Providencia alcalifaciens]
yeiB	WP_179897193	L143I	143	151	L	I	L	L	48.525	96.0	385	392	322.0	DUF418 domain-containing protein YeiB [Providencia alcalifaciens]
yeiB	WP_272689378	L143I	143	151	L	I	L	L	48.913	95.0	385	392	322.0	DUF418 domain-containing protein YeiB [Providencia sp. PROV033]
yeiB	WP_070925101	L143I	143	151	L	I	L	L	45.161	97.0	385	386	322.0	MULTISPECIES: DUF418 domain-containing protein YeiB [Providencia]
yeiB	WP_140186376	L143I	143	151	L	I	L	L	45.161	97.0	385	386	322.0	DUF418 domain-containing protein YeiB [Providencia stuartii]
yeiB	WP_438872272	L143I	143	152	L	I	L	L	45.43	97.0	385	387	322.0	DUF418 domain-containing protein YeiB [Providencia manganoxydans]
yeiB	WP_036974563	L143I	143	151	L	I	L	L	48.257	96.0	385	392	322.0	DUF418 domain-containing protein YeiB [Providencia alcalifaciens]
yeiB	WP_272581076	L143I	143	151	L	I	L	L	45.161	97.0	385	386	322.0	DUF418 domain-containing protein YeiB [Providencia sp. PROV266]
yeiB	WP_426577780	L143I	143	151	L	I	L	L	46.917	97.0	385	387	322.0	DUF418 domain-containing protein YeiB [Xenorhabdus stockiae]
yeiB	WP_423140204	L143I	143	151	L	I	L	L	48.087	95.0	385	392	322.0	DUF418 domain-containing protein YeiB [Providencia alcalifaciens]
yeiB	WP_483728193	L143I	143	146	L	I	L	L	49.198	96.0	385	389	322.0	N/A
yeiB	WP_228858669	L143I	143	156	L	I	L	L	46.917	97.0	385	392	322.0	DUF418 domain-containing protein YeiB [Xenorhabdus sp. PB61.4]
yeiB	WP_006660150	L143I	143	151	L	I	L	L	48.087	95.0	385	392	322.0	DUF418 domain-containing protein YeiB [Providencia alcalifaciens]
yeiB	WP_036979618	L143I	143	151	L	I	L	L	48.087	95.0	385	392	322.0	DUF418 domain-containing protein YeiB [Providencia alcalifaciens]
yeiB	WP_435134448	L143I	143	146	L	I	L	L	49.198	96.0	385	389	322.0	DUF418 domain-containing protein YeiB [Plesiomonas shigelloides]
yeiB	WP_369427529	L143I	143	151	L	I	L	L	45.161	97.0	385	386	321.0	MULTISPECIES: DUF418 domain-containing protein YeiB [Providencia]
yeiB	WP_152138026	L143I	143	146	L	I	L	L	48.93	96.0	385	389	321.0	DUF418 domain-containing protein YeiB [Plesiomonas shigelloides]
yeiB	WP_219257166	L143I	143	146	L	I	L	L	48.663	96.0	385	389	321.0	DUF418 domain-containing protein YeiB [Plesiomonas shigelloides]
yeiB	WP_112860077	L143I	143	151	L	I	L	L	47.709	96.0	385	392	321.0	DUF418 domain-containing protein YeiB [Providencia alcalifaciens]
yeiB	WP_213913455	L143I	143	148	L	I	L	L	44.415	98.0	385	381	320.0	MULTISPECIES: DUF418 domain-containing protein YeiB [Providencia]
yeiB	WP_154600798	L143I	143	151	L	I	L	L	47.814	95.0	385	392	321.0	DUF418 domain-containing protein YeiB [Providencia alcalifaciens]
yeiB	WP_370598862	L143I	143	146	L	I	L	L	48.93	96.0	385	389	321.0	DUF418 domain-containing protein YeiB [Plesiomonas shigelloides]
yeiB	WP_235432599	L143I	143	158	L	I	L	L	47.17	96.0	385	393	321.0	DUF418 domain-containing protein YeiB [Pragia fontium]
yeiB	WP_099109163	L143I	143	151	L	I	L	L	46.917	97.0	385	387	321.0	DUF418 domain-containing protein YeiB [Xenorhabdus sp. KJ12.1]
yeiB	WP_430236378	L143I	143	151	L	I	L	L	48.257	96.0	385	392	321.0	DUF418 domain-containing protein YeiB [Providencia alcalifaciens]
yeiB	WP_207542025	L143I	143	146	L	I	L	L	48.93	96.0	385	389	321.0	DUF418 domain-containing protein YeiB [Plesiomonas shigelloides]
yeiB	WP_010861746	L143I	143	146	L	I	L	L	48.93	96.0	385	389	320.0	MULTISPECIES: DUF418 domain-containing protein YeiB [Plesiomonas]
yeiB	WP_272674146	L143I	143	148	L	I	L	L	45.553	96.0	385	381	320.0	MULTISPECIES: DUF418 domain-containing protein YeiB [unclassified Providencia]
yeiB	WP_407091450	L143I	143	146	L	I	L	L	48.93	96.0	385	389	320.0	DUF418 domain-containing protein YeiB [Plesiomonas shigelloides]
yeiB	WP_099134585	L143I	143	151	L	I	L	L	46.631	96.0	385	387	320.0	DUF418 domain-containing protein YeiB [Xenorhabdus budapestensis]
yeiB	WP_339389304	L143I	143	135	L	I	L	L	47.283	96.0	385	371	319.0	DUF418 domain-containing protein YeiB [Xenorhabdus sp. PB61.4]
yeiB	WP_347811045	L143I	143	146	L	I	L	L	48.663	96.0	385	389	320.0	DUF418 domain-containing protein YeiB [Plesiomonas shigelloides]
yeiB	WP_272521286	L143I	143	151	L	I	L	L	49.18	95.0	385	393	320.0	DUF418 domain-containing protein YeiB [Providencia sp. PROV202]
yeiB	WP_416776134	L143I	143	151	L	I	L	L	46.631	96.0	385	387	320.0	DUF418 domain-containing protein YeiB [Xenorhabdus budapestensis]
yeiB	WP_286270229	L143I	143	151	L	I	L	L	48.907	95.0	385	393	320.0	DUF418 domain-containing protein YeiB [Providencia zhijiangensis]
yeiB	WP_434467927	L143I	143	147	L	I	L	L	46.277	98.0	385	383	319.0	DUF418 domain-containing protein YeiB [Xenorhabdus bovienii]
yeiB	WP_039045302	L143I	143	146	L	I	L	L	48.93	96.0	385	389	319.0	DUF418 domain-containing protein YeiB [Plesiomonas shigelloides]
yeiB	WP_230432125	L143I	143	146	L	I	L	L	48.93	96.0	385	389	319.0	DUF418 domain-containing protein YeiB [Plesiomonas shigelloides]
yeiB	WP_038253251	L143I	143	147	L	I	L	L	46.277	98.0	385	383	319.0	DUF418 domain-containing protein YeiB [Xenorhabdus bovienii]
yeiB	WP_275391002	L143I	143	147	L	I	L	L	46.011	98.0	385	383	319.0	DUF418 domain-containing protein YeiB [Xenorhabdus bovienii]
yeiB	WP_439653082	L143I	143	151	L	I	L	L	45.161	97.0	385	386	319.0	DUF418 domain-containing protein YeiB [Providencia manganoxydans]
yeiB	WP_275383104	L143I	143	147	L	I	L	L	46.011	98.0	385	383	318.0	DUF418 domain-containing protein YeiB [Xenorhabdus bovienii]
yeiB	WP_473742950	L143I	143	148	L	I	L	L	44.149	98.0	385	381	318.0	N/A
yeiB	WP_340621244	L143I	143	136	L	I	L	L	45.924	96.0	385	372	318.0	DUF418 domain-containing protein YeiB [Xenorhabdus siamensis]
yeiB	WP_294103214	L143I	143	152	L	I	L	L	43.194	99.0	385	391	318.0	MULTISPECIES: DUF418 domain-containing protein YeiB [unclassified Providencia]
yeiB	WP_154628635	L143I	143	151	L	I	L	L	49.18	95.0	385	393	318.0	DUF418 domain-containing protein YeiB [Providencia sp. wls1943]
yeiB	WP_099124675	L143I	143	151	L	I	L	L	46.649	97.0	385	387	318.0	DUF418 domain-containing protein YeiB [Xenorhabdus stockiae]
yeiB	WP_038187973	L143I	143	147	L	I	L	L	46.011	98.0	385	383	318.0	DUF418 domain-containing protein YeiB [Xenorhabdus bovienii]
yeiB	WP_434465300	L143I	143	147	L	I	L	L	46.277	98.0	385	383	318.0	DUF418 domain-containing protein YeiB [Xenorhabdus bovienii]
yeiB	WP_275381105	L143I	143	147	L	I	L	L	46.011	98.0	385	383	317.0	DUF418 domain-containing protein YeiB [Xenorhabdus bovienii]
yeiB	WP_008912006	L143I	143	151	L	I	L	L	45.355	95.0	385	388	318.0	DUF418 domain-containing protein YeiB [Providencia burhodogranariea]
yeiB	WP_323084881	L143I	143	151	L	I	L	L	48.634	95.0	385	393	318.0	DUF418 domain-containing protein YeiB [Providencia alcalifaciens]
yeiB	WP_275373297	L143I	143	147	L	I	L	L	46.011	98.0	385	383	317.0	DUF418 domain-containing protein YeiB [Xenorhabdus bovienii]
yeiB	WP_349422621	L143I	143	148	L	I	L	L	47.721	97.0	385	383	317.0	DUF418 domain-containing protein YeiB [Providencia vermicola]
yeiB	WP_371007381	L143I	143	148	L	I	L	L	47.721	97.0	385	383	317.0	DUF418 domain-containing protein YeiB [Providencia vermicola]
yeiB	WP_274724389	L143I	143	141	L	I	L	L	46.011	98.0	385	377	317.0	DUF418 domain-containing protein YeiB [Xenorhabdus bovienii]
yeiB	WP_275367249	L143I	143	147	L	I	L	L	46.011	98.0	385	383	317.0	DUF418 domain-containing protein YeiB [Xenorhabdus bovienii]
yeiB	WP_274711791	L143I	143	147	L	I	L	L	46.011	98.0	385	383	317.0	DUF418 domain-containing protein YeiB [Xenorhabdus bovienii]
yeiB	WP_206085372	L143I	143	148	L	I	L	L	47.721	97.0	385	383	317.0	MULTISPECIES: DUF418 domain-containing protein YeiB [Providencia]
yeiB	WP_275387489	L143I	143	141	L	I	L	L	46.011	98.0	385	377	317.0	DUF418 domain-containing protein YeiB [Xenorhabdus bovienii]
yeiB	WP_274727417	L143I	143	147	L	I	L	L	46.011	98.0	385	383	317.0	DUF418 domain-containing protein YeiB [Xenorhabdus bovienii]
yeiB	WP_369308292	L143I	143	148	L	I	L	L	47.043	97.0	385	383	317.0	DUF418 domain-containing protein YeiB [Providencia rettgeri]
yeiB	WP_115827378	L143I	143	151	L	I	L	L	46.9	96.0	385	387	317.0	DUF418 domain-containing protein YeiB [Xenorhabdus cabanillasii]
yeiB	WP_038264401	L143I	143	151	L	I	L	L	46.631	96.0	385	387	317.0	DUF418 domain-containing protein YeiB [Xenorhabdus cabanillasii]
yeiB	WP_254852845	L143I	143	147	L	I	L	L	46.277	98.0	385	383	317.0	DUF418 domain-containing protein YeiB [Xenorhabdus bovienii]
yeiB	WP_275350347	L143I	143	147	L	I	L	L	46.011	98.0	385	383	316.0	DUF418 domain-containing protein YeiB [Xenorhabdus bovienii]
yeiB	WP_248467844	L143I	143	148	L	I	L	L	43.883	98.0	385	381	316.0	DUF418 domain-containing protein YeiB [Providencia rettgeri]
yeiB	WP_272680625	L143I	143	148	L	I	L	L	47.721	97.0	385	379	316.0	DUF418 domain-containing protein YeiB [Providencia sp. PROV129]
yeiB	WP_038248263	L143I	143	147	L	I	L	L	46.011	98.0	385	383	316.0	DUF418 domain-containing protein YeiB [Xenorhabdus bovienii]
yeiB	WP_275378001	L143I	143	147	L	I	L	L	45.745	98.0	385	383	316.0	DUF418 domain-containing protein YeiB [Xenorhabdus bovienii]
yeiB	WP_273578456	L143I	143	147	L	I	L	L	45.745	98.0	385	383	316.0	DUF418 domain-containing protein YeiB [Xenorhabdus aichiensis]
yeiB	WP_441833025	L143I	143	152	L	I	L	L	42.932	99.0	385	391	316.0	DUF418 domain-containing protein YeiB [Providencia sp.]
yeiB	WP_238097547	L143I	143	147	L	I	L	L	45.479	98.0	385	383	315.0	DUF418 domain-containing protein YeiB [Xenorhabdus bovienii]
yeiB	WP_012987506	L143I	143	141	L	I	L	L	46.011	98.0	385	377	315.0	DUF418 domain-containing protein YeiB [Xenorhabdus bovienii]
yeiB	WP_258086337	L143I	143	147	L	I	L	L	45.213	98.0	385	383	315.0	DUF418 domain-containing protein YeiB [Xenorhabdus bovienii]
yeiB	WP_038198381	L143I	143	147	L	I	L	L	46.011	98.0	385	383	315.0	DUF418 domain-containing protein YeiB [Xenorhabdus bovienii]
yeiB	WP_430224862	L143I	143	148	L	I	L	L	47.453	97.0	385	383	315.0	DUF418 domain-containing protein YeiB [Providencia sp. SP181]
yeiB	WP_224060515	L143I	143	151	L	I	L	L	49.454	95.0	385	393	315.0	DUF418 domain-containing protein YeiB [Providencia alcalifaciens]
yeiB	WP_038218550	L143I	143	147	L	I	L	L	45.213	98.0	385	383	315.0	DUF418 domain-containing protein YeiB [Xenorhabdus bovienii]
yeiB	WP_441829699	L143I	143	152	L	I	L	L	42.67	99.0	385	391	315.0	DUF418 domain-containing protein YeiB [Providencia sp.]
yeiB	WP_275353821	L143I	143	147	L	I	L	L	45.745	98.0	385	383	314.0	DUF418 domain-containing protein YeiB [Xenorhabdus bovienii]
yeiB	WP_196245666	L143I	143	141	L	I	L	L	45.213	98.0	385	377	313.0	DUF418 domain-containing protein YeiB [Xenorhabdus bovienii]
yeiB	WP_272690484	L143I	143	152	L	I	L	L	44.809	95.0	385	390	313.0	DUF418 domain-containing protein YeiB [Providencia sp. PROV152]
yeiB	WP_434473020	L143I	143	147	L	I	L	L	44.947	98.0	385	383	313.0	DUF418 domain-containing protein YeiB [Xenorhabdus bovienii]
yeiB	WP_280937308	L143I	143	149	L	I	L	L	44.149	98.0	385	381	313.0	DUF418 domain-containing protein YeiB [Arsenophonus apicola]
yeiB	WP_249999189	L143I	143	152	L	I	L	L	44.809	95.0	385	390	313.0	MULTISPECIES: DUF418 domain-containing protein YeiB [Providencia]
yeiB	WP_323865444	L143I	143	136	L	I	L	L	46.196	96.0	385	372	311.0	DUF418 domain-containing protein YeiB [Xenorhabdus cabanillasii]
yeiB	WP_321157873	L143I	143	152	L	I	L	L	44.536	95.0	385	390	312.0	DUF418 domain-containing protein YeiB [Providencia stuartii]
yeiB	WP_368877590	L143I	143	152	L	I	L	L	44.536	95.0	385	390	312.0	DUF418 domain-containing protein YeiB [Providencia vermicola]
yeiB	WP_272657970	L143I	143	152	L	I	L	L	44.536	95.0	385	390	312.0	MULTISPECIES: DUF418 domain-containing protein YeiB, partial [Providencia]
yeiB	WP_247046896	L143I	143	152	L	I	L	L	44.536	95.0	385	390	312.0	DUF418 domain-containing protein YeiB [Providencia stuartii]
yeiB	WP_251464541	L143I	143	152	L	I	L	L	44.809	95.0	385	390	312.0	MULTISPECIES: DUF418 domain-containing protein YeiB [Providencia]
yeiB	WP_242425209	L143I	143	141	L	I	L	L	45.213	98.0	385	377	311.0	DUF418 domain-containing protein YeiB [Xenorhabdus bovienii]
yeiB	WP_159567462	L143I	143	161	L	I	L	L	51.213	96.0	385	396	311.0	DUF418 domain-containing protein YeiB [Budvicia diplopodorum]
yeiB	WP_231571453	L143I	143	136	L	I	L	L	45.699	97.0	385	372	310.0	MULTISPECIES: DUF418 domain-containing protein YeiB [Xenorhabdus]
yeiB	WP_038223795	L143I	143	147	L	I	L	L	44.947	98.0	385	383	310.0	DUF418 domain-containing protein YeiB [Xenorhabdus bovienii]
yeiB	WP_339384680	L143I	143	147	L	I	L	L	44.947	98.0	385	383	310.0	DUF418 domain-containing protein YeiB [Xenorhabdus bovienii]
yeiB	WP_310509104	L143I	143	149	L	I	L	L	43.2	97.0	385	382	310.0	DUF418 domain-containing protein YeiB [Arsenophonus sp.]
yeiB	WP_406937650	L143I	143	149	L	I	L	L	43.883	98.0	385	381	310.0	DUF418 domain-containing protein YeiB [Arsenophonus apicola]
yeiB	WP_231131857	L143I	143	152	L	I	L	L	44.262	95.0	385	390	310.0	DUF418 domain-containing protein YeiB [Providencia stuartii]
yeiB	WP_238125531	L143I	143	141	L	I	L	L	44.947	98.0	385	377	310.0	DUF418 domain-containing protein YeiB [Xenorhabdus bovienii]
yeiB	WP_272687499	L143I	143	152	L	I	L	L	44.262	95.0	385	390	310.0	DUF418 domain-containing protein YeiB [Providencia sp. PROV149]
yeiB	WP_338114362	L143I	143	136	L	I	L	L	45.699	97.0	385	372	309.0	DUF418 domain-containing protein YeiB [Xenorhabdus indica]
yeiB	WP_038203918	L143I	143	147	L	I	L	L	44.681	98.0	385	383	309.0	DUF418 domain-containing protein YeiB [Xenorhabdus bovienii]
yeiB	WP_163862707	L143I	143	152	L	I	L	L	43.989	95.0	385	390	309.0	DUF418 domain-containing protein YeiB [Providencia vermicola]
yeiB	WP_154622695	L143I	143	152	L	I	L	L	43.989	95.0	385	390	309.0	MULTISPECIES: DUF418 domain-containing protein YeiB [unclassified Providencia]
yeiB	WP_369495980	L143I	143	152	L	I	L	L	43.989	95.0	385	390	309.0	DUF418 domain-containing protein YeiB [Providencia vermicola]
yeiB	WP_406935978	L143I	143	149	L	I	L	L	43.617	98.0	385	381	308.0	DUF418 domain-containing protein YeiB [Arsenophonus apicola]
yeiB	WP_405127778	L143I	143	122	L	I	L	L	45.48	92.0	385	354	306.0	MULTISPECIES: DUF418 domain-containing protein YeiB [Providencia]
yeiB	WP_154625226	L143I	143	152	L	I	L	L	45.109	96.0	385	385	306.0	DUF418 domain-containing protein YeiB [Providencia stuartii]
yeiB	WP_353243301	L143I	143	148	L	I	L	L	47.453	97.0	385	385	305.0	DUF418 domain-containing protein YeiB [Providencia sp.]
yeiB	WP_273839128	L143I	143	148	L	I	L	L	47.185	97.0	385	385	305.0	DUF418 domain-containing protein YeiB [Providencia rettgeri]
yeiB	WP_456254162	L143I	143	122	L	I	L	L	45.198	92.0	385	354	303.0	DUF418 domain-containing protein YeiB [Providencia sp. PROV170]
yeiB	WP_275075064	L143I	143	148	L	I	L	L	46.917	97.0	385	385	304.0	DUF418 domain-containing protein YeiB [Providencia rettgeri]
yeiB	WP_432701659	L143I	143	152	L	I	L	L	44.837	96.0	385	385	304.0	DUF418 domain-containing protein YeiB [Providencia stuartii]
yeiB	WP_273804431	L143I	143	148	L	I	L	L	47.185	97.0	385	385	304.0	DUF418 domain-containing protein YeiB [Providencia rettgeri]
yeiB	WP_014657796	L143I	143	152	L	I	L	L	44.837	96.0	385	385	304.0	MULTISPECIES: DUF418 domain-containing protein YeiB [Providencia]
yeiB	WP_053908993	L143I	143	148	L	I	L	L	44.624	97.0	385	378	303.0	DUF418 domain-containing protein YeiB [Moellerella wisconsensis]
yeiB	WP_219244235	L143I	143	148	L	I	L	L	46.917	97.0	385	385	302.0	MULTISPECIES: DUF418 domain-containing protein YeiB [unclassified Providencia]
yeiB	WP_337265563	L143I	143	148	L	I	L	L	44.624	97.0	385	378	302.0	DUF418 domain-containing protein YeiB [Moellerella wisconsensis]
yeiB	WP_273827243	L143I	143	148	L	I	L	L	46.649	97.0	385	385	302.0	DUF418 domain-containing protein YeiB [Providencia rettgeri]
yeiB	WP_430261666	L143I	143	147	L	I	L	L	43.666	96.0	385	379	301.0	DUF418 domain-containing protein YeiB [Providencia sp. Me31A]
yeiB	WP_368884501	L143I	143	155	L	I	L	L	43.902	95.0	385	393	298.0	DUF418 domain-containing protein YeiB [Providencia vermicola]
yeiB	WP_334468390	L143I	143	149	L	I	L	L	42.308	95.0	385	374	295.0	DUF418 domain-containing protein YeiB [Arsenophonus sp. PmNCSU2021_1]
yeiB	WP_241540939	L143I	143	148	L	I	L	L	44.355	97.0	385	378	286.0	DUF418 domain-containing protein YeiB [Moellerella wisconsensis]
yeiB	WP_445575881	L143I	143	78	L	I	L	L	46.129	81.0	385	310	266.0	DUF418 domain-containing protein YeiB, partial [Providencia huashanensis]
yeiB	WP_290097066	L143I	143	148	L	I	L	L	44.892	97.0	385	378	262.0	DUF418 domain-containing protein YeiB [Moellerella wisconsensis]
yeiB	WP_047255679	L143I	143	148	L	I	L	L	44.624	97.0	385	378	261.0	DUF418 domain-containing protein YeiB [Moellerella wisconsensis]
yeiB	WP_241542585	L143I	143	148	L	I	L	L	44.355	97.0	385	378	261.0	DUF418 domain-containing protein YeiB [Moellerella wisconsensis]
