{"_wandb":{"runtime":559},"_timestamp":1.7421743765434332e+09,"_runtime":548.894959925,"_step":0,"train/loss":0.8819,"train/learning_rate":0.0002,"train/epoch":2.67,"train/global_step":500}