"train/epoch","ESM-2 8M Transfer Learning - _step","ESM-2 8M Transfer Learning - _step__MIN","ESM-2 8M Transfer Learning - _step__MAX","ESM-2 8M Transfer Learning - eval/loss","ESM-2 8M Transfer Learning - eval/loss__MIN","ESM-2 8M Transfer Learning - eval/loss__MAX","ESM-2 8M Transfer Learning - train/loss","ESM-2 8M Transfer Learning - train/loss__MIN","ESM-2 8M Transfer Learning - train/loss__MAX"
"500","0.5","0","1","2.369720458984375","2.369720458984375","2.369720458984375","2.139","2.139","2.139"
"1000","2.5","2","3","2.963996410369873","2.963996410369873","2.963996410369873","1.6202","1.6202","1.6202"
"1500","4.5","4","5","3.3224825859069824","3.3224825859069824","3.3224825859069824","1.0821","1.0821","1.0821"
"2000","6.5","6","7","3.7356529235839844","3.7356529235839844","3.7356529235839844","0.7144","0.7144","0.7144"
"2500","8.5","8","9","4.115699291229248","4.115699291229248","4.115699291229248","0.4713","0.4713","0.4713"
"3000","10.5","10","11","4.417626857757568","4.417626857757568","4.417626857757568","0.3222","0.3222","0.3222"
"3500","12.5","12","13","4.477331161499023","4.477331161499023","4.477331161499023","0.2345","0.2345","0.2345"