{"train/loss":0.0174,"eval/steps_per_second":10.961,"train_loss":0.02936067839972993,"train/global_step":23400,"train_steps_per_second":1.139,"eval/runtime":16.057,"train/learning_rate":3.2095950801618315e-07,"eval/loss":0.024392277002334595,"eval/samples_per_second":87.438,"_wandb":{"runtime":20562},"train/grad_norm":0.05794581025838852,"_timestamp":1.7428641577819118e+09,"train_samples_per_second":36.457,"_runtime":20562.723193299,"train/epoch":99.57630736392743,"_step":93,"train_runtime":20541.7912,"total_flos":6.941796923998863e+17}