{"train/total_flos":2.494007385391104e+17,"train/global_step":18700,"train/train_runtime":20765.2309,"train/epoch":99.73,"train/train_samples_per_second":57.789,"eval/loss":0.02905486524105072,"train/learning_rate":1.2980705715011088e-07,"_runtime":20777.945248509,"eval/samples_per_second":143.353,"train/train_loss":0.06014732113496505,"_timestamp":1.7421982199916408e+09,"_step":75,"eval/runtime":10.4637,"_wandb":{"runtime":20778},"train/loss":0.027,"eval/steps_per_second":8.983,"train/train_steps_per_second":0.901}