{"train/learning_rate":0,"train/loss":0.0606,"eval/loss":0.06415735930204391,"train_samples_per_second":52.735,"total_flos":1.4069414405540413e+18,"train/epoch":96.78688524590164,"train_runtime":29612.0481,"eval/samples_per_second":100.637,"_timestamp":1.7446821612947185e+09,"train/global_step":3000,"eval/runtime":19.3965,"_runtime":29638.867202318,"eval/steps_per_second":1.598,"train/grad_norm":13128.482421875,"train_loss":0.14523493194580078,"_step":13,"train_steps_per_second":0.101,"_wandb":{"runtime":29638}}