{
    "epoch": 96.78688524590164,
    "total_flos": 1.4069414405540413e+18,
    "train_loss": 0.14523493194580078,
    "train_runtime": 29612.0481,
    "train_samples_per_second": 52.735,
    "train_steps_per_second": 0.101
}