{"eval/steps_per_second":4.132,"train/learning_rate":0.0002,"_step":3,"train/loss":1.4964,"train_steps_per_second":0.12,"train/global_step":600,"train/grad_norm":26785.15234375,"_timestamp":1.746991464732386e+09,"train_loss":1.2829736296335856,"eval/samples_per_second":527.403,"total_flos":5.828507534308147e+16,"_wandb":{"runtime":5009},"train_runtime":5004.5773,"train_samples_per_second":299.286,"eval/loss":0.19775612652301788,"eval/runtime":2.6621,"train/epoch":199.8135593220339,"_runtime":5009.161097956}