{"train/learning_rate":0.0004,"_wandb":{"runtime":2699},"train_loss":0.6300084631783621,"train_samples_per_second":278.057,"train/loss":0.1547,"eval/samples_per_second":527.789,"train_runtime":2693.3354,"train_steps_per_second":0.52,"eval/steps_per_second":4.135,"_timestamp":1.7469862217600899e+09,"train/grad_norm":18688.291015625,"train/global_step":1400,"train/epoch":99.94915254237289,"eval/runtime":2.6602,"_runtime":2699.177654123,"_step":5,"total_flos":3.389801453007667e+16,"eval/loss":0.04610106348991394}