{
    "epoch": 99.73,
    "eval_loss": 0.02905486524105072,
    "eval_runtime": 10.4637,
    "eval_samples_per_second": 143.353,
    "eval_steps_per_second": 8.983,
    "train_loss": 0.06014732113496505,
    "train_runtime": 20765.2309,
    "train_samples_per_second": 57.789,
    "train_steps_per_second": 0.901
}