{"eval/loss":1.090873122215271,"train/epoch":99.8135593220339,"train/loss":1.11,"train/grad_norm":40062.73828125,"train_runtime":2824.3588,"eval/steps_per_second":4.121,"train/learning_rate":0.00012,"train_loss":2.0665663488705954,"_runtime":2829.092795316,"train/global_step":300,"eval/samples_per_second":525.957,"train_samples_per_second":265.158,"total_flos":2.913956363973427e+16,"_wandb":{"runtime":2829},"_timestamp":1.7470201191598668e+09,"loss/train":0.07206454873085022,"step":299,"eval/runtime":2.6694,"_step":5100,"train_steps_per_second":0.106}