{"train_runtime":0.0152,"_wandb":{"runtime":7},"eval/loss":1.5050348043441772,"train_loss":0,"_runtime":7.41916566,"train/global_step":1000,"total_flos":2.421456696822989e+16,"train_samples_per_second":9.8341137272e+07,"eval/samples_per_second":243.132,"_step":1,"eval/runtime":5.7746,"train_steps_per_second":39394.233,"eval/steps_per_second":1.905,"_timestamp":1.746986391532089e+09,"train/epoch":71.40677966101696}