{"eval/samples_per_second":27.973,"eval/steps_per_second":0.877,"total_flos":3.509243304902394e+18,"_step":23,"train/global_step":5800,"train/loss":0.0162,"_runtime":53918.818977833,"train_loss":0.03189287654284773,"eval/loss":0.023865757510066032,"_timestamp":1.7437527095520616e+09,"train/grad_norm":1550.2117919921875,"eval/runtime":50.1913,"train/learning_rate":3.842943919353914e-06,"train_steps_per_second":0.108,"train_runtime":53855.0853,"train/epoch":99.9872340425532,"train_samples_per_second":13.906,"_wandb":{"runtime":53918}}